X,Y,Theta,FmPi_x,FmPi_y,Xi_x,Xi_y
0,0,5.11476583814549,0,0,0,0
0.0279906801788438,-0.0500931643670793,5.26114217773301,0.0521623893108323,-0.085317554708191,-0.0241717091319885,0.0352243903411117
0.0180415293156998,-0.125792985102926,5.02717838107641,0.0309616227298864,-0.0950861604963214,-0.0409107735930304,0.019386339760475
0.0258022214359287,-0.14459023136849,5.15713707398536,0.0430230493242846,-0.090271907185127,-0.0352623572040557,0.0714746609195624
0.0445337836863968,-0.18813768755547,5.0990018943249,0.0377053493704366,-0.0926191482839986,-0.0189737871199684,0.0490716920970191
0.10663401894401,-0.237110526545461,5.04559079113212,0.032707041078543,-0.0944999971634206,0.0293931941790699,0.0455271581734298
0.147069281877143,-0.270208426851993,5.33455771074211,0.0582798875652533,-0.0812616435065243,-0.0178446246321195,0.0481637431999916
0.176377177738296,-0.356724794298088,5.48135080827327,0.0695389548777849,-0.0718632990789136,-0.0402310590166325,-0.0146530683671811
0.201038390941478,-0.477199717460231,5.42410021086113,0.0653130547957186,-0.0757245328361387,-0.040651841592537,-0.0447503903260039
0.206033649423859,-0.575757654814275,5.29278065059993,0.0548351512254671,-0.0836247941108387,-0.0498398927430854,-0.0149331432432056
0.232899942408594,-0.701546720495205,5.32891731931906,0.0578206154623417,-0.0815890705153332,-0.0309543224776073,-0.0441999951655963
0.226206432960233,-0.801221016993682,5.13292801290651,0.0408252578431241,-0.0912869011525884,-0.0475187672914844,-0.00838739534588953
0.208023033760717,-0.778279863226205,4.92973843841236,0.0215642202387657,-0.0976472447409245,-0.0397476194382817,0.120588398508402
0.240449753749678,-0.821536967686861,4.68747170070504,-0.0024914701357685,-0.0999689580648042,0.0349181901247288,0.0567118536041483
0.262378336751667,-0.874301660599228,4.5068412764363,-0.0204103364911903,-0.0978949343138673,0.0423389194931801,0.0451302414015007
0.225391251017951,-0.957507195896583,4.63887858129152,-0.00734442113231805,-0.0997299327094487,-0.0296426646013984,0.016524397412093
0.221226042173838,-0.958794266406977,4.70840440732633,-0.000398456251464369,-0.0999992061599274,-0.00376675259264836,0.0987121356495341
0.230053285696335,-1.01777475954538,4.80110841616243,0.00886030944162037,-0.0996067011631182,-3.30659191239979e-05,0.0406262080247195
0.183309192305945,-1.07954793733371,4.84656917300946,0.0133777917650894,-0.0991011336337275,-0.0601218851554791,0.0373279558453931
0.131587715174081,-1.18508640210284,4.74750384334908,0.00351076469912476,-0.0999383536547775,-0.0552322418309885,-0.00560011111435388
0.0827004116392229,-1.26747491766515,4.5379393421972,-0.0173566155369661,-0.0984822212234368,-0.0315306879978922,0.0160937056611327
0.0611729348842187,-1.36292940169283,4.29448921904919,-0.0405841850456983,-0.0913943320134051,0.0190567082906941,-0.00406015201427945
-0.0242604617104889,-1.36561422169993,4.34907267609212,-0.0355376009107738,-0.0934723430834307,-0.0498957956839338,0.0907875230763293
-0.147327063204734,-1.44963470396735,4.46056544249824,-0.0249170395440055,-0.0968459660510569,-0.0981495619502395,0.012825483783636
-0.226349719400945,-1.56711070959086,4.38644923262169,-0.0320199197381267,-0.0947350238294366,-0.0470027364580839,-0.0227409817940719
-0.238495422159205,-1.70612354642283,4.35176942174203,-0.0352854008592997,-0.0935678389522732,0.023139698101039,-0.0454449978796981
-0.257934535581341,-1.80234889602863,4.25079283367354,-0.0445377772085471,-0.0895342750086346,0.0250986637864112,-0.00669107459716767
-0.266541537806032,-1.9068662526634,4.13661867915854,-0.0544481060133263,-0.0838773136882768,0.0458411037886358,-0.020640042946493
-0.233291837214164,-2.07961462095739,4.34315941930617,-0.0360897023438271,-0.0932605671478249,0.0693394029356948,-0.0794878011461612
-0.183279013397277,-2.14519770284933,4.72128922347946,0.000890012559077274,-0.0999960393097881,0.0491228112578099,0.0344129574178442
-0.137458278570504,-2.19784365021839,4.99829255662188,0.028202446386689,-0.0959407213742211,0.0176182884400832,0.043294774005161
-0.126290470303708,-2.23866412629133,5.07530021852045,0.035499735513549,-0.093486730494055,-0.024331927246753,0.0526662544211152
-0.114369383287119,-2.38526703443574,4.92832262874419,0.0214259487588594,-0.0976776776944596,-0.00950486174227011,-0.048925230449947
-0.143668246942246,-2.56988519848344,4.68004222137724,-0.00323411184977857,-0.0999476889204704,-0.026064751805348,-0.0846704751272273
-0.200716920801817,-2.69353817746423,4.39989873499141,-0.0307429232394652,-0.0951570946944701,-0.0263057506201064,-0.0284958842863243
-0.235971409056208,-2.86352340709964,4.33479227763127,-0.0368687543212087,-0.0929553384954428,0.00161426606681769,-0.0770298911399615
-0.303558464155533,-2.90386550803247,4.34236521921945,-0.0361637585046995,-0.093231875293881,-0.0314232965946253,0.0528897743610499
-0.374494897510076,-2.96946073080934,4.36097608244198,-0.0344224702527222,-0.0938887295776253,-0.0365139631018204,0.0282935068007504
-0.436122856309782,-3.09997004122017,4.32536947379905,-0.0377430045172389,-0.092603809910887,-0.0238849542824677,-0.037905500499944
-0.540717895354327,-3.16520099989351,4.13969333787213,-0.0541899549431613,-0.0840443263002218,-0.0504050841013837,0.0188133676268841
-0.601549724781624,-3.30666821506746,4.2769975566468,-0.0421765339536641,-0.0906705022797129,-0.0186552954736322,-0.0507967128942359
-0.742803500624372,-3.36844108097437,3.90648022080909,-0.0721460216737386,-0.0692455887161951,-0.0691077541690098,0.00747272280928485
-0.883085347894488,-3.4418520566724,3.87406218596829,-0.0743525275607423,-0.0668707831966178,-0.065929319709374,-0.00654019250141363
-1.00780348024964,-3.47562871728012,3.67451789225222,-0.0861324575422371,-0.0508055091277976,-0.038585674812914,0.0170288485200792
-1.12420233334732,-3.52618929938481,3.48381002095676,-0.0942012885110397,-0.0335576704027538,-0.0221975645866399,-0.017002911701935
-1.26510460564822,-3.61382104891205,3.34399933430745,-0.0979585606328833,-0.0201027460495756,-0.0429437116680156,-0.0675290034776658
-1.36961290865944,-3.70810349516738,3.27880904688268,-0.0990600592535704,-0.0136786205693089,-0.00544824375765074,-0.0806038256860168
-1.44365849485622,-3.77703631328007,3.26041459933735,-0.0992948974380411,-0.011854254205512,0.0252493112412645,-0.0570785639071771
-1.58814325101602,-3.81875285224149,3.29718831785237,-0.0987919396790576,-0.0154968595027978,-0.0456928164807433,-0.0262196794586219
-1.75475481091553,-3.89867728256704,3.27881898933887,-0.0990599232495885,-0.0136796054689321,-0.067551636649925,-0.0662448248566201
-1.76698880215865,-3.92462499882938,3.34851511800744,-0.0978667824898822,-0.0205448992472119,0.0856327912467616,-0.00540281701512912
-1.84236392735923,-3.90508289508867,3.19463808007715,-0.0998593421232098,-0.00530205532975073,0.024484216922635,0.0248441590704644
-1.92516672430269,-3.93973191128978,3.16268096508668,-0.0999777649799529,-0.00210867484769567,0.0171749680364889,-0.0325403413534232
-2.06727742348441,-3.99340799855603,2.95759589102982,-0.0983120297993241,0.0182960322675934,-0.0437986693824014,-0.0719721195338436
-2.13235274881386,-4.1118773764154,3.12798396607434,-0.0999907403241115,0.00136082674727364,0.03491541499467,-0.119830204606644
-2.21943273128899,-4.15202822296929,3.24358178299064,-0.0994803615390851,-0.0101812409878618,0.0124003790639536,-0.0299696055660274
-2.29239737982587,-4.18499814230923,2.91446599424856,-0.097431743185742,0.0225178911043554,0.0244670946488638,-0.0554878104442954
-2.35560759251671,-4.15682097868435,2.87036728850452,-0.096344332949767,0.0267912207348683,0.0331341202589194,0.00138594289001562
-2.39060918586991,-4.1498983664026,3.11915481427353,-0.0999748282244422,0.00224359566171554,0.064973234871243,0.00467901662003822
-2.51210921104013,-4.13979923599839,2.9467017934693,-0.0981068811362932,0.0193659462384168,-0.023393144033919,-0.00926681583421121
-2.61433893845903,-4.03304936734579,2.74325777531219,-0.0921708145763584,0.0387884124492168,-0.010058912842547,0.067961456203386
-2.67990019538646,-4.01400470256022,2.63508967542874,-0.0874446334198413,0.0485122261504208,0.0218833764924151,-0.0294675613648568
-2.76675192516851,-4.00071572344138,2.6644305235894,-0.0888301818581889,0.0459260143169543,0.00197845207613845,-0.0326370351981083
-2.87413091089189,-3.88534233334581,2.37964952850995,-0.072349598265133,0.0690328590663451,-0.0350293874582513,0.0463405310292233
-2.93010526439027,-3.77845985806258,2.50289653022811,-0.0802873745029047,0.0596149100094124,0.0243130210045274,0.0472675652738127
-2.95632609898048,-3.75031451268584,2.47103577295045,-0.0783475729287405,0.0621422385835567,0.0521267383385312,-0.0339968932068104
-3.03948361388257,-3.7106284347625,2.45291367392342,-0.0772086220364784,0.0635517795441498,-0.00594889286560973,-0.0238657016208141
-3.07822609173817,-3.72303391965377,2.44818728912204,-0.076907390620823,0.063915986012078,0.0381649127652194,-0.0763214709033477
-3.12782248967484,-3.65791819692617,2.41292800333383,-0.0746064241894531,0.0665873972284801,0.0250100262527797,-0.00147167450087629
-3.19146715942037,-3.60757113320205,2.58841812616139,-0.0850860944194375,0.052539095314314,0.021441424673909,-0.00219203159019271
-3.26454849391277,-3.57316812870566,2.64583744146202,-0.087960970926317,0.0475696078783462,0.0148796364339141,-0.0131666033819592
-3.33974992440273,-3.54709051611778,2.68303555478,-0.0896692137780892,0.044265473005711,0.0144677832881352,-0.018187860417835
-3.34037115041503,-3.53735438021478,2.45520894808342,-0.077354287287444,0.0633743973403423,0.0767330612751409,-0.0536382614373337
-3.414441695411,-3.4325049334037,2.58867773537198,-0.0850997311850727,0.0525170044102705,0.0110291861890993,0.0523324424008004
-3.43424550333187,-3.39913788765256,2.73355511775699,-0.0917901312799999,0.0396808744812963,0.0719863233591344,-0.00631382873015185
-3.54277791275375,-3.36674632093452,2.61576371399565,-0.0864908169066149,0.050193013366667,-0.0220415925152628,-0.017801446648624
-3.69853501038915,-3.35071547782497,2.50224271111064,-0.080248379977231,0.0596673906839402,-0.075508717658167,-0.0436365475743928
-3.76762098203954,-3.27353271647038,2.06409002708605,-0.04735294701288,0.0880777974815185,-0.0217330246375154,-0.0108950361269329
-3.94335147010546,-3.17586251503158,2.25402474532515,-0.0631300072978233,0.0775538663032139,-0.112600480768091,0.0201163351355894
-4.03494523335995,-3.13844927980406,2.34977358856579,-0.0702551973061438,0.0711632436829211,-0.0213385659483479,-0.0337500084554021
-4.08643116204537,-3.10088173886138,2.22456206435182,-0.0608179950307038,0.0793799186220626,0.00933206634527861,-0.0418123776793799
-4.16169527842912,-2.97940851320724,2.18585534261117,-0.0577006723832315,0.0816739395800337,-0.0175634440005158,0.0397992860741098
-4.24812405052889,-2.84973782849184,2.30959497431184,-0.0673400264222644,0.0739278083095173,-0.0190887456775111,0.0557428764058761
-4.28103131764432,-2.77870856925375,2.22293239659152,-0.0606885514330557,0.0794789262946937,0.0277812843176336,-0.00844966705659816
-4.25903918059513,-2.65261536362762,2.07563144343914,-0.0483663132043877,0.0875254234323666,0.0703584502535706,0.0385677821937593
-4.30908512434587,-2.61425300803456,1.96584341765135,-0.0384851653080283,0.0922978442392548,-0.0115607784427135,-0.0539354886461969
-4.27498486107168,-2.44253368771335,1.99755082435627,-0.0413918561543181,0.0910313915311649,0.0754921194285177,0.0806879287900484
-4.31478372066674,-2.27685232746838,2.19224054027965,-0.0582209968423072,0.0813038469365875,0.0184221372472416,0.0843775133083811
-4.34250155214658,-2.15707927303139,2.0062866868836,-0.0421855043558507,0.0906663290436009,0.0144676728760079,0.0291067253933898
-4.37977162027389,-2.0326289626122,1.83119918332618,-0.0257469847534846,0.096628633313857,-0.0115230833738235,0.0278216771053354
-4.33747084122981,-1.9441763475009,1.91060814580761,-0.0333309677733392,0.094281740476577,0.0756317468174211,-0.00582912536527831
-4.38963600247418,-1.81836259768399,1.91755801881122,-0.0339854036695352,0.0940478194187337,-0.0181797575748334,0.0317659303981806
-4.36716542317185,-1.73584376870529,1.91884482894796,-0.0341063971856255,0.0940040088029035,0.0565769764879548,-0.0114851798242037
-4.32936332269246,-1.64686428592971,1.83146578315019,-0.0257727450148254,0.0966217657383718,0.0635748454942175,-0.0076422829627945
-4.34038183491661,-1.54156469033251,1.8302278814924,-0.025653117054306,0.0966535958223908,0.0146346048301531,0.00864599977480514
-4.28779453490648,-1.44197497686773,1.88269371280637,-0.030686503063639,0.0951753042008549,0.0832738030737647,0.00441440926392715
-4.2851399333965,-1.34524197298469,1.96893976454874,-0.0387707665095201,0.0921782385613019,0.0414253680195067,0.00455476532173929
-4.3146683963875,-1.23151187653683,1.67297978702363,-0.0102005728965123,0.0994783811316958,-0.0193278900944854,0.0142517153161593
-4.34869993755722,-1.04787509929102,1.6703308109845,-0.00993702156760133,0.099505053149903,-0.0240945196021235,0.084131724095915
-4.41321275920852,-0.953557043189064,1.65753963854489,-0.00866345707419458,0.099624015736787,-0.0558493645771073,-0.00530595963483528
-4.48711354548255,-0.879984557525664,1.6328129207572,-0.00619768483707988,0.0998077587297713,-0.0677031014369501,-0.0262352730663714
-4.55448730774085,-0.791896004138926,1.90499979165548,-0.0328016809659007,0.0944671886202361,-0.0345720812924014,-0.00637863523349856
-4.57953433158969,-0.673897989623166,2.02819393448363,-0.0441614726161169,0.0897204789129882,0.0191144487672777,0.0282775356027718
-4.61913171350171,-0.650092667056997,2.01772137209105,-0.0432194648048378,0.0901780342543759,0.0036220828928174,-0.0663727116882065
-4.59355068917531,-0.550388503826556,1.97846155491032,-0.0396466975576878,0.091804898413806,0.0652277218840869,0.00789926481663469
-4.5731768061856,-0.471354107304288,1.82847739865216,-0.0254838873767727,0.0966983530581983,0.045857770366486,-0.0176639565359299
-4.60032387023435,-0.428527669293464,1.69396202706151,-0.0122854536745661,0.0992424688730087,-0.0148616103741816,-0.0564160308621849
-4.5826603132332,-0.312676121934015,1.53611160395908,0.00346777687937807,0.0999398545301866,0.0141957801217734,0.0159116928292626
-4.54655245085817,-0.210519356633971,1.35355043880838,0.0215541067939706,0.0976494776243791,0.0145537555810533,0.00450728767566454
-4.41143941228465,-0.150384250770225,1.27136275916393,0.0294979025771337,0.0955503728069647,0.105615135996387,-0.0354152669432183
-4.29218800240234,-0.0322712190758794,1.28983301518871,0.0277281316054078,0.0960788775833335,0.091523278276901,0.0220341541110117
-4.09271146964302,0.116135149307562,1.00848895357735,0.0533139715928424,0.0846027211914463,0.146162561166479,0.063803647191995
-3.98141730695721,0.226632794555902,1.00237342866134,0.0538303614585246,0.0842750982511714,0.057463801227286,0.0262225469971686
-3.90543998823562,0.302137355017312,1.05025668529329,0.0497348376717285,0.0867550916186873,0.0262424810498586,-0.0112505311572771
-3.83380529761085,0.325668772302882,1.01026931613948,0.0531632636605688,0.0846975052581648,0.0184714269642061,-0.0611660879725944
-3.68825856982728,0.39257268824243,0.956777237259477,0.0576157063222127,0.0817338998518518,0.0879310214613526,-0.014829983912304
-3.62560234062218,0.520350586051566,1.08212179241189,0.0469455973235143,0.0882955881793561,0.0157106318815884,0.0394823096297799
-3.47721649449082,0.624043806931811,1.05455065651158,0.0493618564405947,0.0869678511217687,0.0990239896907617,0.0167253697584766
-3.42341235115673,0.682676240874645,1.15451523190794,0.0404361950045667,0.0914599045131398,0.0133679483295298,-0.0328274705703065
-3.41100061856787,0.772229089518463,0.942849035009368,0.0587484873190268,0.0809235147390803,-0.0463367547301694,0.00862933390473818
-3.34934833118819,0.729827280000572,0.739075452972357,0.073909165390853,0.0673604874628112,-0.0122568780111768,-0.109762296980702
-3.31120338337026,0.749635208521638,0.804715918425413,0.0693315981755314,0.0720633713784378,-0.031186650357596,-0.0522554428573718
-3.30082657723822,0.800449083885809,0.884658564102758,0.063355370692734,0.0773698714254215,-0.0529785645606927,-0.0265559960612509
-3.25844965363885,0.845862997058885,0.761330456731909,0.0723918789315416,0.0689885198041024,-0.0300149553321711,-0.0235746066310262
-3.20333615627368,0.882902192378554,0.568670467340269,0.0842617689287922,0.053851223727886,-0.0291482715636203,-0.0168120284082168
-3.1235110707081,0.900400231859433,0.524364227561932,0.0865642424130632,0.0500662754301979,-0.00673915684749141,-0.032568235949319
-3.00724651693326,0.930382129180379,0.310324926787248,0.0952234397892337,0.0305368059021598,0.0210411139856056,-0.000554908581214097
-2.91754208620004,0.975955260282078,0.400312699026926,0.0920939178237177,0.0389706338141726,-0.00238948709049669,0.00660249728752632
-2.84143307405522,0.990729222053699,0.362956508626724,0.0934851233078031,0.0355039676673586,-0.0173761111629769,-0.0207300058957373
-2.84758906205855,1.05468846383808,0.293696134657358,0.0957180414515182,0.0289492062185726,-0.101874029454847,0.0350100355658068
-2.82403363525199,1.05870679034161,0.238106808105129,0.0971786250546557,0.0235863272360627,-0.0736231982480947,-0.0195680007325337
-2.7682078222158,1.06211545452506,-0.00464865295897071,0.0999989195032291,-0.000464863621611028,-0.0441731064670437,0.00387352780506117
-2.63827324298862,1.12516218750893,-0.120958543266054,0.0992693430442447,-0.0120663802179472,0.0306652361829304,0.0751131132018147
-2.5570897801882,1.09005850873436,-0.195952361377091,0.0980862688912147,-0.019470075885839,-0.0169028060907864,-0.0156336028887237
-2.53207062439873,1.07582564167598,0.071794321358869,0.0997423894523993,0.00717326608497913,-0.0747232336629352,-0.0214061331433566
-2.50388098025719,1.06835804911317,0.20504701201113,0.0979051413335996,0.0203613187305707,-0.0697154971920524,-0.0278289112933839
-2.37536195805843,1.04287960095499,0.232810882059683,0.0973021731423541,0.023071348070179,0.0312168490564003,-0.0485497962283569
-2.26992908894757,1.01770266238954,0.147457822311415,0.0989147780765463,0.0146924020523398,0.00651809103431955,-0.0398693406177951
-2.22308136436259,1.04525178436741,0.537007719284201,0.0859243278432084,0.0511567188616787,-0.0390766032582323,-0.023607596883812
-2.14281917900589,1.06713083973897,0.534737050234204,0.0860402662114526,0.0509614814370851,-0.0057780808547577,-0.0290824260655155
-2.02685188046892,1.1779853569556,0.526395882201884,0.0864623464501428,0.050242040626705,0.0295049520868273,0.0606124765899211
-1.91681580588694,1.26220720275634,0.754358187169685,0.0728711220216353,0.0684821113525856,0.037164952560349,0.0157397344481531
-1.79711119907979,1.34661363575445,0.789665218150028,0.0704083089587368,0.071011759797734,0.0492962978484121,0.0133946732003796
-1.68342254499306,1.47255121093835,0.670825032639068,0.0783309065465861,0.0621632454074753,0.0353577475401479,0.0637743297764226
-1.59432857548501,1.51495957979947,0.563507419722161,0.0845386810428721,0.0534154603792904,0.00455528846516982,-0.0110070915181747
-1.48891662929446,1.57192217325544,0.647454757728622,0.0797621564291059,0.0603158221512303,0.0256497897614475,-0.00335322869525284
-1.39076442827024,1.57781909999931,0.628413450278065,0.0808961198412937,0.0587862041181692,0.0172560811829263,-0.0528892773743084
-1.26324996150155,1.57705809766175,0.412065208289467,0.0916295656314805,0.0400502522112683,0.0358849011372159,-0.0408112545488238
-1.19606557003222,1.63956842987914,0.788331435830238,0.0705029605330587,0.0709177873038491,-0.00331856906372992,-0.0084074550864594
-1.10869857724804,1.69123569644798,0.943156598108671,0.0587235954537612,0.0809415797781524,0.0286433973304109,-0.0292743132093079
-1.17151958153398,1.78913281440808,1.09481383716396,0.0458211947185101,0.0888842962202457,-0.108642199004443,0.00901282173985046
-1.11448267303933,1.80574337031008,0.944761722425135,0.0585935985632088,0.0810357341387954,-0.00155669006856286,-0.0644251782367958
-1.02395918658191,1.84519105847144,0.871395478698288,0.0643759314981206,0.0765228034232233,0.0261475549593047,-0.0370751152618599
-0.950717206149065,1.92195655556892,0.813736070174158,0.0686787639457251,0.0726858128033756,0.00456321648711608,0.00407968429410088
-0.904068310586628,1.97383271982773,0.74724673898626,0.0733562822663869,0.0679621648570303,-0.0267073867039495,-0.0160860005982161
-0.835367481938011,2.05967019050325,0.53488245627016,0.0860328551949055,0.0509739916723462,-0.0173320265462886,0.0348634790031719
-0.717341300356079,2.20309772571755,0.611100826237045,0.0819016893810193,0.0573769402855802,0.036124492200912,0.086050594928714
-0.565150793491572,2.30162100157416,0.783455585812003,0.0708479055934918,0.070573183809544,0.0813426012710151,0.0279500920470683
-0.415717961314336,2.37389504001268,0.659395930088674,0.0790362452782986,0.0612639529601921,0.0703965868989382,0.0110100854783342
-0.364627943641368,2.48063555574486,0.724658096738116,0.0748726106383683,0.0662879489514897,-0.0237825929654005,0.0404525667806853
-0.236003494446734,2.56219308274691,0.824775393967646,0.0678721932369521,0.07343953557319,0.0607522559576817,0.0081179914288555
-0.143655410633811,2.6303814295096,0.894775488784926,0.0625693966313723,0.078006862551868,0.0297786871815506,-0.00981851578917553
-0.0180256618287941,2.71252007586737,0.897472201415367,0.062358807284544,0.0781753103866502,0.063270941520473,0.00396333597112264
0.138593290068492,2.84222809074463,0.788238077989903,0.0705095809572722,0.0709112049906774,0.0861093709400142,0.0587968098865801
0.237087850876072,2.9032257640974,0.628870700075625,0.0808692314055239,0.0588231877058684,0.0176253294020558,0.00217448564690881
0.347462946223258,2.95647740313248,0.69473089056274,0.0768226007744068,0.0640178725845846,0.0335524945727789,-0.0107662335495136
0.440474243642205,3.06289824437638,0.484536435103773,0.088489097187559,0.0465798205120064,0.00452220023138866,0.0598410207319015
0.51331055280583,3.11296703966269,0.46082477788057,0.0895686034214623,0.0444687000161778,-0.0167322942578381,0.0056000952701315
0.594535930352475,3.19634648503179,0.399362665763489,0.0921308996562815,0.0388831239553123,-0.0109055221096365,0.0444963214137825
0.717079960059246,3.27936875749831,0.358951567885826,0.0936265644855955,0.035129281555771,0.0289174652211759,0.0478929909107544
0.739377944909963,3.36127082562099,0.278081200568281,0.0961583939844584,0.0274511068325064,-0.0738604091337413,0.0544509612901677
0.784669304801715,3.39066054088595,0.32922273870759,0.0946293923837387,0.0323307608491421,-0.0493380324919866,-0.00294104558417854
0.873811308796813,3.36429357555739,0.263875577132345,0.0965386387493546,0.0260823930731366,-0.007396634754257,-0.0524493584017004
0.968349001827104,3.3554939678207,0.174040808394598,0.0984893088945266,0.0173163516214737,-0.00395161586423542,-0.0261159593581559
1.04459627154208,3.39133737233666,0.305058545890581,0.0953829370001646,0.03003490185139,-0.0191356672851858,0.00580850266456703
1.10219061726538,3.38486010617588,0.155345991695518,0.0987958057405443,0.0154721933828607,-0.0412014600172487,-0.0219494595436417
1.20173442744036,3.40416201045017,0.0365373044755916,0.0999332586944076,0.00365291756225182,-0.000389448519427266,0.0156489867120415
1.30445728170611,3.42016147043531,-0.0425159036947999,0.0999096335101022,-0.00425030962131632,0.0028132207556445,0.0202497696064542
1.36171158651801,3.44354977218238,-0.253675043557308,0.0967996660399133,-0.0250963075881943,-0.0395453612280038,0.0484846093352645
1.43047469261475,3.44607492966618,-0.160778401930291,0.098710297070338,-0.0160086617893448,-0.0299471909735993,0.018533819273147
1.50715687201256,3.41242481286333,-0.243418337434341,0.0970519753596755,-0.0241021592141648,-0.0203697959618704,-0.00954795758868819
1.50101618198221,3.36724986276322,-0.312148364153152,0.0951675995618746,-0.0307103890178988,-0.101308289592228,-0.0144645610822167
1.60163921870852,3.35015651209898,-0.346456654729321,0.0940581818584371,-0.0339567139971637,0.0065648548678767,0.01686336333293
1.70666690547653,3.28262382228894,-0.71963397329698,0.0752047031171218,-0.0659109446834558,0.0298229836508934,-0.00162174512658411
1.75093091514292,3.20214959972918,-0.838552010699472,0.0668540361009428,-0.0743675860641842,-0.0225900264345559,-0.00610663649557279
1.79920247730324,3.11885289643364,-0.88693131255569,0.0631793649611433,-0.0775136622996659,-0.0149078028008295,-0.00578304099588187
1.80852525288012,2.9908054775969,-0.906400422688662,0.0616583646966107,-0.0787289404408553,-0.052335589119721,-0.0493184783958775
1.84052236742139,2.86897921555678,-1.231760647732,0.0332577819161903,-0.0943075815722953,-0.00126066737492514,-0.0275186804678301
1.79021364028263,2.66534989130526,-1.4286037623687,0.014171388985686,-0.098990765903777,-0.0644801161244453,-0.104638558347741
1.77057803466289,2.53350322135356,-1.44243310988325,0.0128010997956965,-0.0991772748366309,-0.0324367054154355,-0.0326693951150688
1.77919554552831,2.49360639733963,-1.40328490240544,0.0166729125511945,-0.0986002737676738,-0.00805540168577247,0.0587034497537443
1.75627013420955,2.44165298128547,-1.60752023481947,-0.00367156539927805,-0.0999325753071481,-0.0192538459194815,0.0479791592529884
1.67567294738113,2.35772124925453,-1.87723300351415,-0.0301663234539819,-0.0953414544113406,-0.0504308633744465,0.0114097223803968
1.60529592297509,2.3129913493561,-1.90185849372912,-0.032504770030917,-0.0945697622141306,-0.0378722543751207,0.0498398623157033
1.51561241593322,2.21013788478561,-2.03570077114233,-0.0448337389695533,-0.0893864410859385,-0.0448497680723171,-0.0134670234845553
1.44615855851653,2.14156877704191,-2.22281731875877,-0.0606794047686425,-0.0794859096753837,-0.00877445264804411,0.0109168019316833
1.36600861253332,2.04770893771983,-2.19057199603185,-0.0580852567943532,-0.0814008780243435,-0.0220646891888602,-0.0124589612977366
1.26617331270133,1.86240897823392,-1.97174714530499,-0.0390293927990766,-0.0920690311545385,-0.0608059070329111,-0.0932309283313651
1.17018973476015,1.72475543599045,-1.93634512991384,-0.0357461890730923,-0.0933927725616428,-0.0602373888680835,-0.0442607696818303
1.11717848138481,1.62066140201401,-2.08395966891307,-0.0490935589210203,-0.0871195871917924,-0.00391769445432405,-0.0169744467846507
1.10012013206224,1.53744944664982,-1.98054201029661,-0.0398376076140367,-0.0917222166085733,0.0227792582914645,0.00851026124438731
1.1077539441889,1.49757854914294,-1.86141815731646,-0.0286548035070305,-0.095806587643927,0.0362886156336896,0.0559356901370431
1.0871238449479,1.3898864275073,-2.01634953009248,-0.0430957141604623,-0.0902372396574703,0.0224656149194632,-0.017454881978162
1.041282985795,1.30098684213423,-2.17262923990991,-0.0566154292543016,-0.0824299288508195,0.010774570101407,-0.00646965652225645
0.955760461484455,1.205855195591,-2.26023614599786,-0.0636105045163684,-0.0771602469875069,-0.0219120197941791,-0.0179713995557226
0.925344515675262,1.06631938091607,-2.23342648495198,-0.0615192533401733,-0.0788376906591484,0.0311033075309808,-0.0606981240157751
0.84685054728969,1.05818450597771,-2.31526183994557,-0.0677578818817296,-0.073545016438244,-0.0107360865038431,0.0654101414998837
0.78832280374759,0.959230428482167,-2.33446309947249,-0.0691574616689019,-0.0722305025284635,0.0106297181268023,-0.0267235749670837
0.747381487787932,0.891947055155037,-2.40726114971139,-0.0742278872524399,-0.0670091094854951,0.0332865712927816,-0.000274263841634814
0.622733159436635,0.849111524760099,-2.41681976367802,-0.0748650007410334,-0.0662965433793125,-0.0497833276102636,0.0234610129843742
0.525619093381475,0.810397880233728,-2.3733296727317,-0.0719118786185217,-0.0694887164477442,-0.025202187436638,0.0307750719213732
0.376928550409847,0.769949315706384,-2.50728207765708,-0.0805480455968123,-0.0592622337626068,-0.0681424973748156,0.0188136692352625
0.193881563840732,0.683349126574833,-2.58084288134478,-0.0846856604236812,-0.0531821296922656,-0.0983613261454334,-0.0334180594392856
0.0624025655152928,0.569026556997614,-2.50935959818643,-0.0806709901891972,-0.0590947657740891,-0.0508080081362423,-0.05522780380313
-0.0832502954732474,0.503400758653914,-2.73714907832358,-0.091932149665736,-0.0393507288094733,-0.0537207113228042,-0.0262750695342268
-0.271059333986691,0.422902276755153,-2.73020408402338,-0.0916566442050892,-0.039988242935414,-0.0961523943083549,-0.0405102389633463
-0.369729384245329,0.418234352328953,-3.06487854774331,-0.0997058915776572,-0.00766388835412305,0.00103584131901979,0.00299596392792312
-0.43487710221894,0.454439587947613,-3.03719505071493,-0.0994555517840008,-0.0104208070388012,0.0343078338103894,0.0466260426574605
-0.539456244899545,0.389993740710923,-2.75956580691545,-0.0927910929644983,-0.0372801967062115,-0.0117880497161063,-0.0271656505304776
-0.742940482824035,0.327451363667075,-2.59504388768658,-0.0854323357252959,-0.0519741860207577,-0.118051902199194,-0.0105681910230905
-0.8625690227234,0.266592221773692,-2.72537874272645,-0.0914626209730071,-0.0404300502689279,-0.0281659189263582,-0.0204290916244549
-0.966507469749697,0.164076049755581,-2.46807742743206,-0.0781633921426606,-0.0623737455084482,-0.0257750548836361,-0.0401424265096635
-1.10751062613894,0.0661844926415579,-2.57883129385739,-0.0845785086496518,-0.0533523745919596,-0.0564246477395959,-0.0445391825220631
-1.26994961815725,0.0243252391053858,-2.43432654471138,-0.0760141082272488,-0.0649758058850839,-0.0864248837910582,0.0231165523489117
-1.51529162759866,-0.0484839701897176,-2.4117744895115,-0.0745295650879606,-0.0666734124505371,-0.170812444353449,-0.00613579684456622
-1.60151912909523,-0.074652940311815,-2.44774988352539,-0.0768794260546158,-0.0639496196197668,-0.00934807544194904,0.0377806494976694
-1.68762154820277,-0.0598942591421854,-2.59674820408266,-0.0855207920624385,-0.0518285068761695,-0.000581627045104449,0.0665871880457992
-1.80480493895267,-0.101588321939239,-2.80261093060969,-0.0943093758946522,-0.0332526934001021,-0.0228740148552442,-0.0084413693969515
-1.88127119635749,-0.123803613354225,-3.13084486374067,-0.0999942243062665,-0.00107475829285188,0.0235279669014454,-0.0211405331221337
-2.04514427833381,-0.0543811264414517,-3.40520060720879,-0.0965456155537803,0.026056556129728,-0.0673274664225447,0.043365930783045
-2.1338691883633,-0.0412365099701413,-3.37722758847301,-0.0972366305177933,0.0233460421816237,0.00851172048830073,-0.0102014257103133
-2.19916856628178,0.0014862560904419,-3.43240324577255,-0.0958011770088075,0.0286728876070606,0.0305017990903333,0.0140498784535226
-2.33505876004258,0.0977605137671096,-3.34894886489238,-0.0978578619979619,0.020587346725303,-0.0380323317628408,0.0756869109513648
-2.48740657655232,0.132055146967606,-3.29707528447043,-0.098793690710383,0.0154856926167729,-0.0535541257993537,0.018808940583723
-2.59649135429681,0.142410485246763,-3.13319594209725,-0.0999964747825177,-0.000839661282486226,-0.00908830296197416,0.011194999561644
-2.80969266290309,0.0912311708054882,-3.24143296550955,-0.0995020094798163,0.00996745250696248,-0.11369929912646,-0.0611467669482376
-2.91448922555703,0.0601720351373563,-3.34095866169868,-0.0980192335610764,0.0198047936646447,-0.00677732909286544,-0.0508639293327766
-3.08118615402994,0.0956492623237264,-3.30283658728951,-0.098702833833719,0.0160546128322438,-0.0679940946391973,0.0194226143541263
-3.18922535957766,0.123828299793458,-3.312314223848,-0.098546243338979,0.0169893473616479,-0.00949296220874052,0.0111896901080833
-3.32079041948373,0.0818121121382003,-3.43394762677288,-0.0957567809152875,0.0288208068718007,-0.0358082789907805,-0.0708369945270581
-3.41870726049289,0.119531581729253,-3.57249936580589,-0.0908587394234942,0.0417694801305162,-0.00705810158566123,-0.00405001053946341
-3.528027660342,0.136366222006597,-3.27832555168672,-0.0990666612221293,0.0136307239096043,-0.0102537386269796,0.0032039163677397
-3.61086009807233,0.110783185320479,-3.317103245068,-0.0984637512416553,0.0174610907855561,0.0156313135113235,-0.043044127471674
-3.69296326835477,0.090088789504224,-3.28064507084064,-0.0990347780277141,0.0138604740539925,0.0169316077452735,-0.0345548698702478
-3.83371112278628,0.102217013609248,-3.56924287058628,-0.0909942795282639,0.0414733781253972,-0.0497535749032521,-0.0293451540203732
-3.96077842318936,0.151178670897133,-3.58681041831915,-0.0902516905451505,0.0430654426860144,-0.0368156098579271,0.0058962146018704
-4.11122435936773,0.263920996287031,-3.77515037849498,-0.080592638399482,0.05920157629498,-0.0698532977788837,0.0535407490949185
-4.25537597955442,0.322079747438184,-3.8948981350444,-0.0729431731408257,0.0684053615745691,-0.0712084470458687,-0.0102466104234167
-4.36158909110012,0.433373239745486,-3.95538865318203,-0.0686744078039328,0.072689928551204,-0.0375387037417638,0.0386035637560981
-4.51568226779443,0.478199600648054,-3.7442856010908,-0.0823812071558618,0.0566863008807506,-0.0717119695384529,-0.0118599399781823
-4.64221095975162,0.530671499277613,-3.86464366971619,-0.0749790439830351,0.0661675370811857,-0.0515496479741511,-0.0136956384516267
-4.70530754941736,0.55865849694822,-3.96254674966287,-0.0681523313515734,0.0731796401422237,0.00505574168583722,-0.045192642471617
-4.73399151259509,0.641056732930648,-4.08818162333172,-0.0584454285007519,0.0811426637926282,0.02976146532302,0.00125557218979977
-4.78132845458836,0.683448485253575,-4.28041614265131,-0.0418663231946465,0.0908141562872298,-0.00547061879862976,-0.0484224039643026
-4.87316529663048,0.738735682314913,-4.17939409807924,-0.0508115075827087,0.0861289190526175,-0.0410253344594069,-0.0308417219912797
-4.93305795217895,0.850035374326385,-4.20184106329705,-0.0488655365209254,0.0872476895999092,-0.0110271190275468,0.0240520024115627
-4.97852663347489,1.01765310505957,-4.30026858878066,-0.0400553085734288,0.0916273553863005,-0.00541337272250564,0.0759903753468897
-5.00134886612862,1.11503852797452,-4.38035585305866,-0.0325965781876975,0.0945381567963609,0.00977434553396672,0.00284726611858077
-4.98814116996507,1.20182269758509,-4.22709533703113,-0.0466468118264066,0.0884538011983194,0.0598545079899548,-0.00166963158774663
-5.04637590020652,1.34582604949567,-3.99935657433612,-0.065413043167487,0.0756381767599437,0.00717831292603366,0.0683651751506378
-5.10121141786889,1.41089858976637,-3.94951157108881,-0.0691004240152666,0.072285070387393,0.0142649063529017,-0.00721253011669554
-5.18998849384417,1.43611304898628,-4.04157006828581,-0.0621627659788492,0.0783312870177608,-0.0266143099964335,-0.0531168277978502
-5.26129193090142,1.48481039990691,-4.11551170299984,-0.0562062430369878,0.0827094809781022,-0.0150971940202647,-0.0340121300574676
-5.31160733191604,1.57995394228661,-4.39905017955455,-0.0308236582316699,0.0951309733641846,-0.0194917427829515,1.25690155142744e-05
-5.2391282122238,1.70402566753107,-4.36890953402047,-0.0336765331128824,0.094158861067331,0.106155652805121,0.0299128641771302
-5.3292152845121,1.79337354527454,-4.17988777453972,-0.0507689815727331,0.0861539930012967,-0.0393180907155573,0.00319388474217425
-5.3951524782865,1.81794246508405,-4.18392620942484,-0.050420641233637,0.086358317130366,-0.0155165525407712,-0.0617893973208611
-5.46875166874617,1.89760428199665,-4.12952592932674,-0.0550416522703494,0.0834890203281242,-0.0185575381893162,-0.00382720341552589
-5.55653392123853,1.98866264046268,-3.96389678679086,-0.0680534740431609,0.073271581603353,-0.0197287784492022,0.0177867768626744
-5.72069019854916,2.05803379080863,-4.03994014753405,-0.0622903571404627,0.0782298626313098,-0.101865920170165,-0.00885871228535617
-5.78412444187272,2.14532522205718,-4.02896682279527,-0.0631450313260351,0.0775416340995858,-0.000289211997524852,0.00974979714896673
-5.79479257657771,2.17347341673629,-3.86114703313148,-0.0752099489785013,0.0659049586499471,0.0645418142735139,-0.0377567639708428
-5.86501738431553,2.2560071144966,-3.83343783547115,-0.0770070175859337,0.0637959186979834,0.00678220984811118,0.0187377790623328
-5.94232017230962,2.40894693220735,-3.86802154548011,-0.0747551109314907,0.0664204290081035,-0.00254767706259407,0.0865193887026405
-5.93438365132273,2.5247865533852,-3.77511728414618,-0.0805945975929629,0.059198909101675,0.0885311185798523,0.0566407120761808
-5.98532878557144,2.73655949563553,-3.77151735209097,-0.0808071869504522,0.0589083910589542,0.0298620527017364,0.152864551191374
-6.08200228346744,2.83135938204164,-3.60858302946586,-0.0892927265790311,0.0450200952917961,-0.00738077131696735,0.0497797911143097
-6.19460304835489,2.87873344998847,-3.76700577376027,-0.0810721334824113,0.0585432248224343,-0.0315286314050423,-0.0111691568755964
-6.2907644289184,2.93924253742788,-3.76099256859275,-0.0814226980584572,0.05805466596994,-0.0147386825050531,0.00245442146947047
-6.44296023599161,3.0557475958646,-3.38504627637695,-0.0970511248460665,0.024105583712352,-0.0551446822271382,0.0923994747243653
-6.54570105951663,3.13860902465965,-3.23391293787647,-0.0995741508449996,0.00921891986608342,-0.00316667268002568,0.073642508928966
-6.57887315293307,3.18260472107701,-3.08817174274608,-0.0998573442449143,-0.00533955057590875,0.066685250828475,0.0493352469932651
-6.65783747151576,3.25658321259016,-3.04579970725804,-0.0995415363154874,-0.00956465095821581,0.0205772177327972,0.0835431424713732
-6.76803464944876,3.33500861513437,-2.86637946103977,-0.0962367283973113,-0.0271752112665595,-0.0139604495356858,0.105600613810761
-6.84394183838883,3.43874401733578,-2.7107933296583,-0.0908632244524034,-0.0417597227255182,0.0149560355123315,0.145495124926931
-6.93882132879144,3.55912492524312,-2.73124275838113,-0.0916981295185442,-0.0398930199759343,-0.00318136088406629,0.160273927883272
-7.07278554652023,3.56116735405413,-2.58461104318232,-0.0848854575939992,-0.0528626436064009,-0.0490787601347908,0.0549050724174184
-7.28414494592111,3.55976830117832,-2.66669639948533,-0.0889340163824027,-0.0457246184248106,-0.122425383018474,0.0443255655489948
-7.46355964758087,3.58468550547541,-2.66586745238491,-0.0888960825412332,-0.0457983243014661,-0.0905186191185301,0.0707155285985542
-7.5577888466193,3.57255052168872,-2.85615966775353,-0.095953982550992,-0.0281572944830275,0.00172478351256178,0.0160223106963421
-7.6708907394016,3.56232623521514,-2.81715918579872,-0.094783147303853,-0.0318771859983924,-0.0183187454784375,0.0216528995248129
-7.81416276412191,3.57569922323767,-3.04837853192073,-0.0995658708537497,-0.00930791926987076,-0.043706153866562,0.0226809072924044
-7.93513342290391,3.58210616899354,-3.09258308352186,-0.0998799271389381,-0.00489899527662787,-0.0210907316430604,0.0113059410324965
-8.03250255121547,3.60776221238706,-3.14312652293531,-0.0999998823622646,0.000153386874404769,0.0026307540507009,0.0255026565191149
-8.18257194813092,3.69786528213861,-3.42020202973611,-0.0961438815682871,0.0275018915164609,-0.0539255153471583,0.0626011782350845
-8.3499170951809,3.78456210566002,-3.42831760044906,-0.0959175243527055,0.0282812397544407,-0.071427622697275,0.0584155837669768
-8.43976753473911,3.8499801736249,-3.48670576748475,-0.0941037191842756,0.0338303123793885,0.00425327962605904,0.0315877555854865
-8.50139975610286,3.92085286927786,-3.45516816739619,-0.0951236743391352,0.0308461761037272,0.0334914529753898,0.0400265195492308
-8.52870325551678,3.9734975841935,-3.52769968060298,-0.092638211074891,0.0376584897313202,0.0653347116609702,0.0149862251843234
-8.65798539581959,4.03171010628258,-3.63474936859664,-0.0880842833120188,0.0473408812065006,-0.0411978569907969,0.0108716408825758
-8.76383698541181,4.02780319507319,-3.36870454996897,-0.0974320756058966,0.022516452720774,-0.00841951398631613,-0.0264233639301575
-8.92172415236699,4.11370656175498,-3.41104601959227,-0.0963916556838557,0.0266204566926456,-0.0614955112713225,0.059282909989137
-9.02675497298837,4.1070806731763,-3.16864064185232,-0.0999634225466152,0.00270446903603396,-0.00506739807477308,-0.00933035761470857
-9.16731847217157,4.03488999600107,-3.1144435544566,-0.0999631485844133,-0.00271457641087999,-0.040600350598782,-0.0694761007643502
-9.34959421261394,4.01201486253833,-3.10504901430952,-0.0999332355518832,-0.00365355061985334,-0.0823425048904829,-0.0192215828428881
-9.52808491121878,4.03553283952863,-3.10892526172524,-0.0999466468203831,-0.00326615819604622,-0.0785440517844633,0.0267841351863519
-9.69547346081655,3.92416555222076,-3.01520058415339,-0.0992023150030948,-0.0126055820185647,-0.0681862345946751,-0.0987617052893078
-9.87857431247966,3.81630374343286,-2.99225707830191,-0.0988870150065355,-0.0148781135597638,-0.0842138366565672,-0.0929836952281357
-10.015623595668,3.78410276211637,-3.0596852359894,-0.0996647462398924,-0.00818158645605205,-0.0373845369484975,-0.0240193948604426
-10.1337329434776,3.71100584537029,-3.20973878064411,-0.0997678951117888,0.00680933953942077,-0.0183414526977992,-0.079906256285499
-10.2338873688004,3.68070417669284,-3.23388558952819,-0.0995744029299935,0.00921619667407904,-0.000580022392747015,-0.0395178653515335
-10.3519455577727,3.71325808336491,-3.42361505755553,-0.0960494570517849,0.0278298724405509,-0.0220087319205566,0.00472403423152445
-10.5096056647227,3.71781515147212,-3.15347640717518,-0.0999929389031362,0.00118834738762845,-0.0576671680468572,0.00336872071958116
-10.6117449056902,3.70715285666533,-3.15113726499683,-0.0999954450542341,0.000954446648930576,-0.00214379591325908,-0.0116167414557254
-10.6624114797946,3.69782925954943,-3.11704547356355,-0.0999698733104552,-0.00245447148924888,0.0493032992060289,-0.00686912562664721
-10.7198500470715,3.60815591299889,-2.86768114066875,-0.0962720202759464,-0.027049918890595,0.0388334529990328,-0.062623427659949
-10.7786985504155,3.59926445521032,-2.95127725867935,-0.0981944621142072,-0.0189168604715881,0.0393459587701996,0.0100254026830192
-10.8557393775738,3.58825645978176,-2.96178739436353,-0.0983878538489924,-0.0178837975550306,0.0213470266907234,0.00687580212647443
-10.9949777257497,3.67086604633826,-2.94078932559166,-0.0979906664986567,-0.0199456581528171,-0.0412476816772664,0.102555244709321
-11.1413367368279,3.7410173975629,-2.82298663993168,-0.0949672997153543,-0.0313243034204125,-0.0513917113628035,0.101475654645047
-11.0905514917181,3.76907662103111,-2.99560599482772,-0.0989362859533958,-0.0145468663892915,0.149721531063235,0.0426060898574993
-11.1685472814793,3.75697794436841,-2.82619720744357,-0.0950673788846009,-0.0310192435757506,0.0170715891233981,0.018920566913055
-11.2411304397672,3.69661282739117,-2.82470666719389,-0.0950210378645922,-0.03116091082006,0.0224378795766422,-0.0292042061571821
-11.3200852756092,3.64969911025219,-2.824360965437,-0.0950102598052219,-0.0311937578971215,0.0160554239632011,-0.0157199592418613
-11.361379738501,3.59836237361985,-2.45228766536316,-0.0771688229525467,-0.0636001003467645,0.0358743600607396,0.0122633637144294
-11.4121155306863,3.51978059164215,-2.39601962947956,-0.0734699287523663,-0.06783929222156,0.0227341365671063,-0.0107424897561399
-11.4123465453382,3.40625997716741,-2.24863921532832,-0.0627114251364307,-0.0778927285268519,0.0624804104845627,-0.0356278859478873
-11.5395482944588,3.35713819887503,-2.22990904632684,-0.061241566604528,-0.0790535927066136,-0.0659601825160747,0.0299318144142332
-11.6621241769265,3.25826753455839,-2.29000236855346,-0.065878756185153,-0.0752329016022722,-0.0566971262826264,-0.0236377627143679
-11.713696625158,3.10385129644583,-2.24532340845716,-0.0624528036228188,-0.0781002389218473,0.0108803553913304,-0.0763159991907119
-11.761257313191,2.99421836949636,-2.36995913061848,-0.0716772559378002,-0.069730703289348,0.0241165679048057,-0.0399022236601195
-11.8264531262787,2.90398135021499,-2.5834860288383,-0.0848259326562816,-0.052958107490657,0.0196301195685886,-0.0372789117907131
-11.8612112525629,2.86005139001522,-2.6314288285459,-0.0872664520275569,-0.0488320217738535,0.0525083257433816,0.00490206157407824
-11.9327687788627,2.77883772295659,-2.59699647812015,-0.0855336570992145,-0.051807272686699,0.01397613079937,-0.0294063943719296
-11.9885394983055,2.63514366687728,-2.50116210210066,-0.0801838560161573,-0.0597540729522278,0.0244131365733895,-0.083939983127086
-12.0700545039053,2.54316734919019,-2.38634231037318,-0.0728099962993843,-0.0685470965022126,-0.00870500930037066,-0.0234292211848754
-12.104379142782,2.45649379131827,-2.35529230427379,-0.070646855172116,-0.0707744435109883,0.0363222162954027,-0.0158991143609316
-12.1300435848629,2.37017077270565,-2.23846142030706,-0.061915414566522,-0.0785269472159444,0.0362509724856492,-0.00779607139667199
-12.1517666903186,2.25003353547621,-2.07435551341356,-0.0482545975488186,-0.0875870642012938,0.0265314920930479,-0.0325501730281454
-12.1961150012464,2.11268278733236,-1.91509819484136,-0.0337539600040471,-0.0941311329159763,-0.010594350923693,-0.0432196152278742
-12.2006772318847,1.97511745603292,-1.87052240840382,-0.0295258511343941,-0.0955417401704072,0.0249636204960924,-0.0420235911290409
-12.202506112027,1.82973955909904,-1.64318621271569,-0.00723266784177822,-0.0997380996204084,0.00540378769947925,-0.0456397973134632
-12.1649464515955,1.72397011462156,-1.67860156973336,-0.0107596546025027,-0.0994194640542527,0.0483193150339174,-0.00634998042323504
-12.2041065408536,1.60038618910841,-1.60977630618204,-0.00389701088549165,-0.0999240376794211,-0.0352630783725525,-0.023659887833723
-12.1905695823981,1.51782936814011,-1.53916692927194,0.00316241240128291,-0.099949983230635,0.0103745460541664,0.0173931622623338
-12.0709826232444,1.38313369897149,-1.322240320808,0.0246004598071304,-0.096926866127394,0.0949864993465881,-0.0377688030412317
-12.038483970589,1.17549393908602,-1.33880461909967,0.0229916328922743,-0.0973210399499866,0.0095070197631566,-0.110318719935475
-12.0050504133272,0.978623659731202,-1.57858467919854,-0.000778827366566863,-0.0999969670936728,0.0342123846283791,-0.0968733122611487
-11.9944846450105,0.872355263138453,-1.56450385665437,0.000629242861536005,-0.0999980202475089,0.00993652545512758,-0.00627037634523946
-11.9960682220989,0.758715302126818,-1.52322235019514,0.00475560330663833,-0.0998868571794603,-0.00633918039503056,-0.013753103832175
-12.0074269149211,0.63304763119583,-1.66561065415129,-0.00946723315748032,-0.0995508487976969,-0.0018914596647317,-0.0261168221332911
-12.025188538974,0.486688398149828,-1.573393104315,-0.000259677460165375,-0.099999662837515,-0.0175019465927169,-0.0463595702084875
-12.0524862796184,0.341597842490702,-1.79679239876128,-0.0224077216375707,-0.0974571393537341,-0.00489001900686148,-0.0476334163053915
-12.1428300341911,0.197847617683083,-2.14910506993255,-0.0546608480499634,-0.0837388302429573,-0.0356829065226756,-0.0600113945646615
-12.2386361294954,0.066543326101983,-1.97942228714886,-0.0397348791726052,-0.0917667661909172,-0.0560712161317101,-0.039537525390183
-12.3387095989498,0.00278148980106968,-2.01482663872577,-0.0429582427266101,-0.0903027650841415,-0.0571152267277872,0.0265409287832282
-12.4135178946784,-0.153952064247092,-1.76821933729927,-0.0196143052645622,-0.0980575291805202,-0.0551939904640153,-0.058676024867642
-12.4775910997798,-0.311933210023704,-1.65123984015944,-0.00803567809734516,-0.0996766165031491,-0.0560375270040652,-0.0583045292734626
-12.522480746879,-0.426908573840782,-1.82572818967666,-0.0252179474260487,-0.0967680480717527,-0.0196716996731769,-0.0182073157453251
-12.5358381563666,-0.509374478577636,-1.90166028270992,-0.0324860246235679,-0.0945762031599754,0.0191286151360019,0.0121102984231211
-12.5698058932499,-0.599943984233305,-1.69061920125445,-0.0119536353645758,-0.099282982436925,-0.0220141015187418,0.00871347678125628
-12.5691696388403,-0.674690570796767,-1.66860954396633,-0.00976573216554567,-0.0995220100041736,0.0104019865750948,0.0247754234407113
-12.5004077863894,-0.788890142877856,-1.7994070481347,-0.0226624610016471,-0.0973982179577677,0.0914243134525767,-0.016801354123321
-12.4923157513385,-0.831870134068114,-1.55380298207275,0.00169925268619377,-0.0999855616592139,0.00639278236473917,0.0570055704689555
-12.483258808667,-0.866998877258132,-1.71765912106935,-0.0146335423886033,-0.0989235029563801,0.023690485060059,0.0637947597663627
-12.5985066119915,-0.913078660432638,-1.7748940354561,-0.0202683678913132,-0.0979244262838562,-0.0949794354331752,0.0518446431093501
-12.5946455661891,-1.02964730873197,-1.97796775689675,-0.0396013596494025,-0.0918244646808174,0.0434624054518218,-0.0247441836185184
-12.604379414486,-1.15132575099486,-1.69054742399669,-0.0119465090735678,-0.0992838401803393,0.00221266077669924,-0.0223946020825421
-12.6403600603892,-1.29865417416803,-1.70273839139512,-0.0131559574196963,-0.0991308266099458,-0.0228246884835479,-0.0481975965632319
-12.6131300948449,-1.45174598351077,-1.73710157494823,-0.0165539711445531,-0.0986203125088605,0.043783936688897,-0.0544714968338741
-12.6482157676203,-1.59535160735493,-1.70344017579189,-0.0132255226416766,-0.0991215695540305,-0.0218601501337501,-0.0444840542901277
-12.7682868646535,-1.69777747674944,-1.75936373944297,-0.0187451894812795,-0.0982273784202293,-0.101325907551939,-0.00419849097428321
-12.8271015851018,-1.80851461161771,-1.86863362429717,-0.0293453408545346,-0.0955973376728201,-0.0294693795938099,-0.0151397971954477
-12.8481135215743,-1.95696892815631,-1.82336319067014,-0.0249890207771024,-0.0968274178143853,0.00397708430460986,-0.0516268987242158
-12.8816207687286,-2.11134866287073,-1.77332644345291,-0.0201148375034448,-0.0979560784852579,-0.0133924096508351,-0.0564236562291688
-12.9194322183587,-2.15171458591819,-1.8528617110279,-0.0278340006461794,-0.0960482608277135,-0.00997744898385466,0.0556823377802538
-12.9666957263868,-2.31711935909112,-2.12617533722449,-0.0527265383479152,-0.08497006622244,0.00546303031978912,-0.0804347069504888
-13.049818955234,-2.48912328524982,-1.94626547565008,-0.0366709035347179,-0.093033568317825,-0.0464523253125191,-0.0789703578408738
-13.150146681566,-2.58259064811776,-2.05333426894653,-0.0464028827733881,-0.0885820098570765,-0.0539248435586464,-0.00488535301086068
-13.1712304363992,-2.60230265442821,-2.0842317535256,-0.0491172610026535,-0.0871062263652675,0.0280335061694537,0.0673942200548147
-13.1851426025399,-2.6452427805822,-1.98966901154319,-0.0406730855089959,-0.0913548034597958,0.0267609193683844,0.0484146773058068
-13.1835735807738,-2.69941951850494,-1.85028055628336,-0.0275859927773102,-0.0961197846569071,0.0291550145433375,0.041943046734166
-13.2814361831806,-2.74406556743872,-1.92404455007578,-0.0345947285457089,-0.0938253950529851,-0.0632678738610322,0.0491793461192042
-13.3446967264533,-2.73835138501058,-1.85839702251871,-0.0283652285617945,-0.095892720310966,-0.0348953147109503,0.101606902739111
-13.3952228136251,-2.83450153395793,-1.6682281706588,-0.0097277764181469,-0.0995257271561406,-0.0407983107536487,0.00337557820878595
-13.4404400745785,-2.86900152942527,-1.65813529288692,-0.00872279701131432,-0.0996188376377651,-0.0364944639421001,0.0651188421704294
-13.5235468698956,-2.92655280012443,-1.64502775845224,-0.00741632774605576,-0.0997246112189117,-0.0756904675709666,0.042173340519747
-13.5996186443059,-3.01107515694311,-1.81202058131632,-0.0238891612903401,-0.0971046238489399,-0.0521826131199696,0.0125822670302607
-13.6525750578493,-3.07188906863834,-1.58147566103838,-0.00106791312515383,-0.0999942976452014,-0.0518885004183227,0.039180385949973
-13.6835962532826,-3.06616947405205,-1.51359858057919,0.0057166563462525,-0.0998364654834037,-0.0367378517795118,0.105556060069695
-13.6931700989527,-3.0743749058356,-1.56328827279477,0.000750798346105879,-0.0999971814694969,-0.0103246440161655,0.0917917496859433
-13.711928506044,-3.20242737828289,-1.59005590191668,-0.0019258384480873,-0.0999814540115909,-0.0168325686432405,-0.0280710184356981
-13.7133764135247,-3.24239659704121,-1.62578590414018,-0.00549618681296577,-0.0998488454140406,0.0040482793322667,0.0598796266557228
-13.7232779526928,-3.37816523136246,-1.54882380495725,0.00219707538550685,-0.0999758613853884,-0.0120986145536617,-0.0357927729358664
-13.7606494291968,-3.44014371132527,-1.67635364088288,-0.0105361397239303,-0.0994433997795621,-0.0268353367800254,0.0374649198167526
-13.7784894709394,-3.52343049498298,-1.6895334001962,-0.0118458267719099,-0.0992959031787813,-0.00599421497070418,0.016009119521078
-13.7578519790907,-3.59362476373529,-1.49822574057165,0.00725069042836536,-0.0997367910467948,0.0133868014203546,0.0295425222944787
-13.7425120574378,-3.64695153399106,-1.39799055518249,0.0171947005268075,-0.0985106201066332,-0.00185477887390606,0.0451838498508714
-13.7005330941952,-3.70426284810932,-1.25171891230241,0.0313690676026549,-0.0949525228613756,0.010609895639905,0.0376412087431147
-13.7106412909133,-3.70540624417613,-1.085739129582,0.0466258959627449,-0.0884648281842637,-0.0567340926808142,0.0873214321174511
-13.61342944385,-3.68847592553093,-0.793751274952947,0.0701175639191101,-0.0712988585466101,0.0270942831441898,0.0882291771918106
-13.5711534146598,-3.75950830659091,-0.815480193729143,0.0685518865125354,-0.0728054864386776,-0.0262758573223811,0.00177310537869896
-13.5543324145385,-3.91505743821535,-1.11728538849602,0.0438124260994628,-0.0898914418578271,-0.026991425978165,-0.0656576897666133
-13.4967713690227,-4.0512665741137,-1.24193123076876,0.0322969152725408,-0.0946409491915541,0.0252641302433374,-0.0415681867068016
-13.5027593053232,-4.1405689930436,-1.19629073219207,0.0365812436349179,-0.0930688595295053,-0.0425691799354482,0.0037664405996074
-13.5029653213432,-4.28099682421419,-1.13081766747028,0.0425920156957459,-0.0904760752849798,-0.0427980317157894,-0.049951755885611
-13.510382488212,-4.39825151763685,-1.29413585893201,0.0273144637984638,-0.0961972976096647,-0.0347316306672241,-0.0210573958129975
-13.5036820949091,-4.55160880746033,-1.22923210400507,0.0334961361885629,-0.0942231864268941,-0.0267957428856436,-0.0591341033965792
-13.5552747924064,-4.65524557717513,-1.24352676709031,0.0321458711549651,-0.094692359605664,-0.083738568652302,-0.00894441010913527
-13.5932507215193,-4.73072483669618,-1.17103523752811,0.0389198279839658,-0.0921154003937372,-0.07689575709685,0.0166361408726863
-13.633007520491,-4.85288108381291,-1.26882332550906,0.0297404510369296,-0.0954751568321309,-0.0694972500086024,-0.0266810902845995
-13.6116950425294,-4.89518267905937,-1.01221870044328,0.0529980547650137,-0.0848009798948373,-0.0316855768034152,0.0424993846483788
-13.5641310365105,-4.97982639006406,-0.999797872456922,0.054047237929254,-0.0841361757641658,-0.00648323191035383,-0.00050753524053182
-13.5311270062935,-5.03630425572262,-0.720342108199689,0.0751580104247338,-0.0659641832284431,-0.042153980207809,0.00948631756988574
-13.5225803881065,-5.05116023784986,-0.766630822021472,0.0720251994062288,-0.0693712523347602,-0.0634785812191572,0.0545152702075227
-13.5225680639388,-5.1708431470702,-0.822158472678012,0.0680641460980794,-0.0732616681214624,-0.0680518219304038,-0.0464212410988739
-13.49667747744,-5.27035371690278,-0.979210276816389,0.0557678236028364,-0.0830057217943614,-0.0298772371040044,-0.0165048480382174
-13.492142657794,-5.41330731509544,-1.0567344185459,0.0491718218012814,-0.0870754382173471,-0.0446370021553659,-0.055878159975315
-13.4647864685296,-5.53228767757862,-1.08710710837937,0.0465048343641691,-0.0885285286264332,-0.0191486450997185,-0.030451833856748
-13.4722593853825,-5.66824883807151,-1.08500241263091,0.0466910568422023,-0.0884304540922313,-0.0541639736950645,-0.0475307064006617
-13.4835991580008,-5.70322532797424,-1.13431979496849,0.0422748963991906,-0.0906246828101357,-0.0536146690175707,0.0556481929074042
-13.4261075965215,-5.80929925391673,-1.13922610427672,0.0418297566413121,-0.090831004945055,0.0156618048380666,-0.0152429209974367
-13.4290719210461,-5.8710296880653,-1.34935879408403,0.0219632281617804,-0.0975582728870985,-0.0249275526864263,0.0358278387385357
-13.4552666413613,-5.90106437051558,-1.40309065412348,0.0166920651703,-0.0985970332228635,-0.0428867854854809,0.0685623507725809
-13.4923375863988,-5.92542437463959,-1.46654083560716,0.0104066731373623,-0.0994570316981766,-0.0474776181748378,0.0750970275741638
-13.5108713231888,-6.04520483497505,-1.31347535763621,0.0254490643873428,-0.0967075236049858,-0.0439828011773713,-0.0230729367304686
-13.5081154496088,-6.21601822910184,-1.56621907784349,0.000457723296827235,-0.0999989524414308,0.00229815028320246,-0.0708144416853661
-13.4993280495121,-6.394825144131,-1.60069423743721,-0.00298934566254441,-0.0999553090761558,0.011776745759259,-0.0788516059529993
-13.4378804041752,-6.45783273419175,-1.56558040194803,0.000521590119626844,-0.0999986397094836,0.06092605521718,0.0369910496487268
-13.4429226547329,-6.58707235705148,-1.90790721929026,-0.0330761984552959,-0.0943714209691996,0.0280339478976432,-0.0348682018905286
-13.4296949551385,-6.66697936003547,-1.69945738506093,-0.0128306383213327,-0.0991734577408046,0.0260583379157331,0.0192664547568124
-13.4213383874165,-6.80808957794614,-1.6393870938233,-0.00685369965913702,-0.0997648575450411,0.0152102673811108,-0.0413453603656268
-13.3651193464047,-6.93969803109767,-1.64325613426199,-0.00723964166624333,-0.0997375936572785,0.0634586826780432,-0.0318708594942499
-13.3340389642152,-7.00495761600512,-1.66602793955326,-0.00950877344798141,-0.0995468895923673,0.0405891556374844,0.0342873046849196
-13.3132622068232,-7.09677300820506,-1.88020895671951,-0.0304499211611704,-0.0952512587910444,0.0512266785532245,0.00343586659109879
-13.2821460001513,-7.15922318980112,-1.99813333699252,-0.0414448760646197,-0.0910072648088509,0.0725610827364442,0.0285570832127983
-13.3346352213846,-7.1698930076501,-1.94929394453601,-0.0369524842052955,-0.0929220851630945,-0.0155367370279502,0.0822522673141071
-13.3908122191703,-7.23881908331929,-1.82696632040629,-0.0253377395602549,-0.0967367507929468,-0.0308392582254609,0.0278106751237543
-13.4159692302752,-7.35289131260484,-2.04312511428175,-0.0454961328518124,-0.089051119563598,0.0203391217469582,-0.0250211097219444
-13.5016370112174,-7.41549666163232,-2.09920638389034,-0.0504160888829661,-0.086360974877226,-0.0352516920592443,0.0237556258497438
-13.6295716272585,-7.41422015407594,-2.16679812530707,-0.056133811103063,-0.0827586566532205,-0.0718008049380976,0.0840351642095989
-13.6990367010126,-7.43749929026823,-2.35106373795174,-0.0703469500264452,-0.0710725447833186,0.000881876272345483,0.0477934085910345
-13.7373738165805,-7.53849849825665,-2.17261682304512,-0.0566144057286566,-0.0824306318305947,0.018277290160809,-0.0185685761578316
-13.8340925110447,-7.68365994539607,-2.26190434528873,-0.0637391346155126,-0.077054024674027,-0.0329795598487288,-0.068107422465388
-13.9695293133955,-7.83767540677438,-2.27148855292792,-0.0644746976597932,-0.0764396059754252,-0.0709621046909419,-0.0775758554028912
-14.1221313953064,-7.9496431195658,-2.5162107126076,-0.0810739587732336,-0.0585406970306643,-0.0715281231376723,-0.0534270157607501
-14.2574182075991,-8.00687150719167,-2.37390852864915,-0.0719520905230806,-0.0694470781916592,-0.0633347217696141,0.012218690565785
-14.3738088312357,-8.12157516412504,-2.26940675928121,-0.0643154265763987,-0.0765736632550374,-0.0520751970602569,-0.0381299936783319
-14.5168033332907,-8.22734488287574,-2.46937367575553,-0.0782441783156723,-0.0622723739687615,-0.0647503237392906,-0.0434973447819326
-14.649796662463,-8.29331840566912,-2.92102276431772,-0.0975772924143346,-0.0218785741100153,-0.0354160367580096,-0.0440949486833639
-14.6795915008831,-8.40912087985253,-2.94390327957204,-0.0980523011667519,-0.0196404235164264,0.0682574627466819,-0.0961620506669857
-14.7658287831119,-8.47631973110112,-3.03104554044847,-0.0993895888046851,-0.0110322090823018,0.013152306575865,-0.0561666421662878
-14.8266035194672,-8.55603419004923,-3.0827843434347,-0.0998271289631342,-0.00587744187362008,0.0390523926078528,-0.07383701707449
-14.8885506106207,-8.62150763088659,-3.04584136193749,-0.0995419346415991,-0.00956050457913261,0.0375948434880953,-0.0559129362582234
-14.9487242998906,-8.67071972314934,-3.02022408149378,-0.0992643871358592,-0.0121070824950639,0.0390906978659897,-0.0371050097676877
-15.0244220197527,-8.78600944205677,-3.08305611822919,-0.0998287226169792,-0.00585031115943695,0.0241310027547987,-0.109439407747998
-15.1847463282388,-8.85238590513965,-3.18171256337961,-0.0999195304364904,0.00401091477736265,-0.0604047780495525,-0.0703873778602387
-15.2925577509343,-8.82540579861237,-3.15805875464743,-0.0999864436820986,0.00164653569852466,-0.0078249790133893,0.0253335708287569
-15.369286099802,-8.85932467739472,-3.15926190889069,-0.0999843902769783,0.00176683359173881,0.0232560414092839,-0.0356857123740887
-15.512286974547,-8.8888444515916,-3.18771863087668,-0.0998936385709054,0.00461096227108056,-0.0431072361741047,-0.0341307364679634
-15.5564438937694,-8.79299861966998,-3.21582897492452,-0.0997245749542695,0.00741681536714275,0.0555676557318843,0.0884290165544747
-15.6049285154221,-8.73604541096059,-3.00115601955352,-0.0990154972549209,-0.0139975463335813,0.0505308756022242,0.0709507550429725
-15.6750981273112,-8.75041072655859,-2.78599574097787,-0.0937438840714972,-0.0348149996293219,0.0235742721823646,0.0204496840313192
-15.7389498492333,-8.76375952470138,-2.75310691534036,-0.0925483704009544,-0.0378787425362531,0.0286966484788218,0.0245299443934655
-15.8330476487287,-8.76338260399204,-2.74165672379576,-0.0921085942225792,-0.038935932894182,-0.00198920527276147,0.0393128536035188
-15.8406077604337,-8.82551503505419,-2.76408013343417,-0.0929584418735817,-0.0368609289687052,0.0853983301685726,-0.0252715020934434
-15.9023972596615,-8.84744199961421,-2.49627532854111,-0.0798908951389632,-0.0601451982613341,0.0181013959111693,0.0382182337013146
-15.8785015453064,-8.87213523310897,-2.62545022226394,-0.0869729467248927,-0.0493528777072723,0.110868661079997,0.024659644212519
-15.9156438773653,-8.86514373150655,-2.5129549791435,-0.0808829365200965,-0.0588043415054198,0.0437406044611546,0.0657958431078352
-15.9069253101218,-8.93682338674497,-2.68926691200603,-0.0899433050543107,-0.0437058563113367,0.0986618722978205,-0.0279737989270861
-15.9331791125801,-9.00375246796174,-2.60153705417376,-0.0857680094377225,-0.0514183678960228,0.0595142069793773,-0.0155107133207446
-15.9602039353986,-8.99271172409908,-2.48618485626932,-0.0792799448659973,-0.0609482595489357,0.0522551220475753,0.0719890034115918
-16.0078593143431,-9.00931654532913,-2.42305460472572,-0.0752768913550237,-0.0658284864471602,0.02762151241047,0.0492236652171178
-16.0435579029707,-9.07259501122716,-2.43058972714837,-0.0757707753372279,-0.0652594024244426,0.040072186709617,0.00198093652640668
-16.1115413527053,-9.05538697672815,-2.4432451925881,-0.0765905737303659,-0.064295287662887,0.00860712399579278,0.0815033221619002
-16.1800276400393,-9.15527590837843,-2.15637738119701,-0.0552683721162632,-0.0833391087282451,-0.0132179152177279,-0.0165498229220325
-16.2370220938824,-9.27567612332465,-2.02420559290978,-0.043803286413813,-0.0898958958982526,-0.0131911674292771,-0.0305043190479681
-16.3020287788101,-9.3374678691058,-2.23659756313533,-0.0617689440916069,-0.0786422122387712,-0.00323774083609374,0.0168504664576126
-16.2966123655227,-9.45978138462851,-2.30053925957812,-0.0666678053061623,-0.0745345808042122,0.0720842185935653,-0.0477789347184974
-16.3106963803682,-9.54068538620369,-2.45139639053387,-0.0771121071411432,-0.0636688537061321,0.0630280922956494,-0.0172351478690467
-16.3405575515239,-9.51855184911097,-2.89496179255936,-0.0969740459349634,-0.0244138160680302,0.0671128747792653,0.0465473531607514
-16.3812549601205,-9.53498896187914,-2.8372422833764,-0.0954041830674641,-0.0299673464495908,0.0547067744708709,0.0135302336814225
-16.4056647993727,-9.55203978828011,-2.71884503710478,-0.0911965125746244,-0.0410267728955908,0.0667866733224463,0.0239759464946209
-16.4181332090102,-9.60219954657901,-2.62409245331187,-0.086905856771546,-0.0494709213458122,0.0744374471339917,-0.000688836953085879
-16.4159234985263,-9.66233074910788,-2.62095132432442,-0.0867500337457305,-0.0497436593458364,0.088959744229594,-0.0103875431830343
-16.481138761759,-9.66509153805938,-2.78718540160055,-0.0937852357583697,-0.0347034516114321,0.0285699725256778,0.0319426626599249
-16.5249067844424,-9.74451289409864,-2.66068605557301,-0.0886575910232503,-0.0462583133496465,0.0448895683398902,-0.0331630426896143
-16.5894618196872,-9.83126184050869,-2.61714618272111,-0.0865601245042609,-0.0500733945904095,0.022005089259479,-0.036675551819633
-16.6611855337167,-9.89753556864274,-2.48415481370872,-0.0791560540309442,-0.0611090755146095,0.00743234000140003,-0.00516465261943965
-16.7620357613145,-10.0005139852154,-2.37337693274538,-0.071915162575902,-0.0694853178137769,-0.0289350650218654,-0.0334930987588761
-16.7587431711032,-10.1378588010831,-2.39624636635571,-0.0734853085329031,-0.0678226321357705,0.0767778987442154,-0.0695221837319747
-16.867797753264,-10.1594543446903,-2.52164162343966,-0.0813906908891242,-0.0580995304334814,-0.0276638912717369,0.0365039868263061
-16.9245698118511,-10.1592073801096,-2.39268023079805,-0.073242977077774,-0.0680842588913523,0.0164709184907008,0.0683312234721
-16.9637982313,-10.2138976158919,-2.35582019470024,-0.0706842064780283,-0.0707371398529193,0.0314557870291341,0.0160469040705778
-17.0421558996,-10.3118017616267,-2.29354539811513,-0.0661448945323592,-0.0749990195089448,-0.012212773767641,-0.0229051262258521
-17.1396849208429,-10.4372222988419,-2.26974637284833,-0.064341428321838,-0.0765518164481143,-0.033187592921077,-0.0488687207670883
-17.2210746957791,-10.5143544749728,-2.31883502089144,-0.0680202384208778,-0.07330243628398,-0.0133695365153259,-0.00382973984687666
-17.3036791398,-10.5703470171558,-2.39684465325535,-0.0735258727708576,-0.0677786547025217,-0.00907857125006561,0.01178611251945
-17.3683246334243,-10.6799594277525,-2.47252978279264,-0.0784403265718248,-0.0620251172292763,0.0137948329475388,-0.0475872933673675
-17.3989843852552,-10.7735542043865,-2.38841697935789,-0.0729520520362619,-0.0683958924475625,0.0422923002054056,-0.0251988841865073
-17.4329667449575,-10.7765797132925,-2.51357501118314,-0.0809193815462571,-0.0587541801931681,0.046937021843986,0.0557286712871884
-17.532289508165,-10.7370405560622,-2.3601144427774,-0.0709873166438282,-0.0704329530525938,-0.0283354465637342,0.109972110282941
-17.5715249858901,-10.7766959986044,-1.98192034675397,-0.0399639938071434,-0.0916672198715692,0.000728516082042496,0.0520117773293841
-17.6086575978668,-10.8426904115049,-1.98135752243975,-0.0399123949399858,-0.0916896980590218,0.00277978296334602,0.0256952851585266
-17.5828739711219,-10.9355476110876,-2.04458332176455,-0.0456259394439149,-0.088984682107991,0.0714095661888066,-0.00387251747472489
-17.5941228806302,-11.0495667432301,-1.98080388810512,-0.0398616262608081,-0.0917117808781601,0.028612716752499,-0.0223073512643438
-17.6141815479564,-11.1396101940031,-1.94879066162485,-0.0369057134298224,-0.0929406709478462,0.0168470461035763,0.00289722017478844
-17.6779824395625,-11.1753649577652,-2.12550150781069,-0.0526692710521964,-0.0850055756220159,-0.011131620553912,0.0492508118599585
-17.6822361790788,-11.1960016042179,-2.21284092985763,-0.0598834159404966,-0.0800873054565921,0.0556296764242195,0.0594506590038991
-17.7459877789544,-11.2474564382033,-2.28194542617926,-0.0652704773644397,-0.0757612353688756,0.00151887748880997,0.024306401383508
-17.7124506095735,-11.3076651964027,-2.09679531004927,-0.050207719856017,-0.0864822806525112,0.0837448892369279,0.0262735224530389
-17.746908171439,-11.4453791726858,-2.26817783065082,-0.0642212744662965,-0.0766526444809611,0.0297637126008055,-0.0610613318021465
-17.8349910233508,-11.5678467550012,-2.55437214989062,-0.0832483870758669,-0.0554049280232962,-0.00483446483589667,-0.067062654292022
-17.923764066967,-11.6438945259495,-2.53342382306589,-0.0820695660452047,-0.0571365586043802,-0.00670347757098577,-0.0189112123439471
-17.9996551526137,-11.7392727617963,-2.36611494036857,-0.0714086688929368,-0.0700057283866036,-0.00448241675381933,-0.0253725074601663
-18.0746244239024,-11.8105470160832,-2.21085394881025,-0.0597241658745007,-0.0802061344947824,-0.015245105414162,0.00893188020778879
-18.0363294244492,-11.8810333497977,-2.01180505082598,-0.0426851892954248,-0.0904321547615324,0.0809801887486099,0.0199458210470923
-18.0377553447159,-11.9392798756442,-1.77703087046415,-0.0204775698009867,-0.0978808925942429,0.0190516495343278,0.0396343667477488
-18.0816223416921,-12.0334417137759,-1.65066313510822,-0.00797819275601805,-0.0996812341433824,-0.0358888042202397,0.00551939601171017
-18.0142355183422,-12.075295986987,-1.571529207437,-7.32880576500164e-05,-0.0999999731442994,0.0674601114076232,0.0581456999331217
-17.9258067920272,-12.1219750574337,-1.3510735035252,0.0217959118637261,-0.0975957900015604,0.066632814451216,0.050916719554923
-17.8953779952711,-12.2548681858867,-1.36487371155264,0.0204470369723948,-0.0978872753684028,0.00998175978372373,-0.0350058530846554
-17.8109130538811,-12.385631417751,-1.42141497713976,0.0148826400347163,-0.098886333866703,0.0695823013552928,-0.0318768979975737
-17.6970309741352,-12.4457311138162,-1.24959841858952,0.0315703431541347,-0.0948857915239694,0.0823117365917141,0.0347860954587587
-17.633462475137,-12.5388045425877,-1.28764933630775,0.0279378707444261,-0.0960180992223224,0.035630628253766,0.00294467045079649
-17.5354400800523,-12.6735233692632,-1.10480099963535,0.0449312224057908,-0.0893374795543358,0.0530911726789582,-0.0453813471211608
-17.5072873468978,-12.8096428410194,-1.44113725646871,0.0129296082219371,-0.0991606032213763,0.015223124932584,-0.0369588685347522
-17.5488089701145,-12.8846533618835,-1.59987946565105,-0.00290790391359928,-0.099957711532574,-0.0386137193030811,0.0249471906684117
-17.5795059165782,-13.0415024482968,-1.4010497523468,0.0168932571273346,-0.0985627610389936,-0.0475902035910603,-0.0582863253742576
-17.5325685581321,-13.1706867345056,-1.53141041659816,0.00393757280881645,-0.0999224475299483,0.0429997856372941,-0.0292618386788392
-17.506115250929,-13.227918648664,-1.93956529261626,-0.0360467431422588,-0.0932771800004482,0.0625000503453657,0.0360452658420382
-17.5854820876762,-13.3187109225454,-1.87204807514836,-0.0296715815704895,-0.0954965823844277,-0.0496952551767831,0.00470430850301186
-17.5736037973792,-13.3690522468826,-2.06743698845299,-0.0476474742207815,-0.0879188159632508,0.0595257645178326,0.0375774916260952
-17.5596079407872,-13.5062095193567,-2.01214696825,-0.0427161071291173,-0.0904175546657494,0.0567119637210887,-0.0467397178083859
-17.5809173432361,-13.6384571825743,-1.92634345391381,-0.0348103325006926,-0.0937456172372406,0.0135009300517916,-0.0385020459804079
-17.6487179903958,-13.7189282159608,-1.86835406919708,-0.029318614984897,-0.0956055375768965,-0.0384820321748263,0.0151345041904072
-17.6746028173137,-13.8833674421519,-1.67322696653262,-0.0102251616020497,-0.0994758567201709,-0.0156596653157981,-0.0649633694709402
-17.6033430007,-14.0468393432827,-1.73722510327927,-0.0165661534208326,-0.0986182668720021,0.0878259700345174,-0.0648536342587574
-17.5653885200881,-14.1457531757081,-1.57598184506693,-0.000518549503264955,-0.0999986555230252,0.0384730301151832,0.00108482309765018
-17.5351748421467,-14.3200813777086,-1.49966829202551,0.00710680748115929,-0.0997471467633322,0.0231068704602391,-0.0745810552371908
-17.4585321419304,-14.4185787213785,-1.36223930134833,0.0207048409588422,-0.0978330698734791,0.055937859257476,-0.00066427379645774
-17.3640892189419,-14.5430177210929,-1.20928751417557,0.0353685924698461,-0.0935364242779354,0.0590743305186028,-0.0309025754364157
-17.2463793647718,-14.6325604749174,-1.22955606393045,0.0334656098949424,-0.0942340328881213,0.0842442442752196,0.00469127906355477
-17.2307043376723,-14.7630799238131,-1.46107037334183,0.0109505906481876,-0.0993986144996792,0.00472443645124931,-0.0311208343960217
-17.2229800625633,-14.857071260308,-1.17072272454146,0.0389486133418505,-0.0921032329440559,-0.0312243382328485,-0.00188810355081667
-17.1722609608735,-14.9796486125794,-1.03425997987363,0.0511162108264251,-0.0859484321599205,-0.000397109136578866,-0.036628920111419
-17.1457681400759,-15.0768996428516,-1.11018500240651,0.0444495802720828,-0.0895780933802214,-0.017956759474536,-0.00767293689202431
-17.1513427632843,-15.1723602408371,-1.40337821615522,0.0166637117173439,-0.0986018291503827,-0.0222383349257353,0.0031412311648599
-17.1157534869112,-15.2872275547566,-1.29267935079691,0.0274545469228029,-0.0961574118477802,0.00813472945028271,-0.0187099020717343
-17.0410259878529,-15.413377668395,-1.18732518473421,0.0374141755240448,-0.0927371525865226,0.0373133235342786,-0.0334129610517889
-16.9688755110151,-15.5446444554775,-1.13142583920804,0.0425369828303914,-0.0905019618112612,0.0296134940073791,-0.0407648252712488
-16.8914647480822,-15.7265792841452,-1.10386296965052,0.0450150038605968,-0.0892952934226125,0.032395759072382,-0.0926395352451337
-16.7887091502798,-15.8207098541223,-1.05228880847823,0.0495584380693924,-0.0868559797372766,0.0531971597329506,-0.00727459023983978
-16.731527911303,-15.8975244591651,-1.2506416897471,0.0314713343817191,-0.0949186763089015,0.0257099045950435,0.0181040712661192
-16.6764449647944,-16.0154082128243,-1.17029122087182,0.0389883525975917,-0.0920864179003932,0.0160945939110102,-0.0257973357588041
-16.6329554973067,-16.1561431146454,-1.37836849875177,0.0191242473454983,-0.0981542824509873,0.0243652201422966,-0.0425806193700861
-16.5834043857752,-16.2609300969715,-1.24249737873761,0.0322433293182885,-0.094659218856234,0.0173077822131291,-0.0101277634698687
-16.559456210072,-16.3713400890116,-1.36987045774525,0.019957665882344,-0.0979882216010104,0.00399050982090454,-0.0124217704390818
-16.6082833342237,-16.4334640402403,-1.48547956025791,0.00852133014444593,-0.0996362731768373,-0.0573484542962128,0.0375123219480811
-16.6445464230243,-16.5055606048146,-1.74687153447895,-0.0175166822290191,-0.0984538767326486,-0.0187464065715475,0.0263573121583731
-16.61401567481,-16.6292552203205,-1.50824239927302,0.00625131399804992,-0.0998044140972622,0.0242794342162889,-0.0238902014085923
-16.6444821777665,-16.7770766121378,-1.56798531605422,0.000281100703867527,-0.099999604911191,-0.0307476036604175,-0.0478217869061872
-16.7280258340105,-16.8866780510815,-1.83175536800306,-0.0258007241336067,-0.0966142982905819,-0.0577429321103795,-0.012987140653118
-16.737510024418,-16.9067820943283,-1.6530324979598,-0.00821435115391557,-0.0996620511284018,-0.00126983925354796,0.0795580078816016
-16.718203433493,-16.9968632028934,-1.64329690133236,-0.00724370766972516,-0.0997372984354177,0.0265502985946631,0.00965618987039712
-16.7475241532587,-17.162793749281,-1.65447861342922,-0.00835846534840441,-0.0996500680231555,-0.0209622544172361,-0.0662804783645169
-16.7369518465601,-17.2445606056525,-1.69407576333932,-0.01229674106409,-0.0992410709293422,0.0228690477627098,0.0174742145578822
-16.7021707632892,-17.3693668339256,-1.53869286058852,0.00320979520110405,-0.0999484727985724,0.0315712880697903,-0.0248577554745502
-16.6191817624556,-17.4464606804667,-1.08111508856291,0.0470344610284006,-0.088248283132126,0.0359545398051595,0.0111544365910708
-16.6280600350047,-17.5186614637321,-0.980400131669859,0.0556690193884271,-0.0830720186364273,-0.0645472919374981,0.0108712353709561
-16.6184942136288,-17.5545147051451,-1.07719330648586,0.0473801889729995,-0.0880631460537429,-0.0378143675971547,0.0522099046408322
-16.5525695726569,-17.5850014132279,-1.11031945346076,0.0444375360012666,-0.0895840688634767,0.0214871049706469,0.0590973607806594
-16.5492131747172,-17.6232697567913,-1.23773953773265,0.0326933361858163,-0.0945047393998904,-0.0293369382461497,0.0562363958364483
-16.5392935926232,-17.7575966769996,-1.40598932623404,0.0164061949743223,-0.0986450037582468,-0.00648661288022745,-0.0356819164500787
-16.5744949682315,-17.8184407931306,-1.35349925906349,0.0215591044410927,-0.0976483743628027,-0.0567604800494608,0.0368042582318235
-16.5916020603889,-17.8444572264954,-1.30225401573192,0.0265326275629864,-0.096415868375511,-0.043639719720364,0.070399435010764
-16.5889617655023,-17.9796328789496,-1.24025122664963,0.0324558668046086,-0.0945865567084536,-0.0298155719180333,-0.0405890957458003
-16.5629353330476,-18.1074873752436,-1.32005026232068,0.0248126761469904,-0.0968727572768762,0.00121375630769083,-0.0309817390171496
-16.5772743249435,-18.2459639601851,-1.35626211259319,0.0212892343443998,-0.0977075662424831,-0.035628226240229,-0.0407690186989774
-16.5984922866103,-18.3869187693148,-1.35911807880512,0.0210100983926898,-0.0977679690160816,-0.0422280600595635,-0.0431868401135737
-16.6361224512136,-18.4966036728035,-1.30539204264416,0.0262299418337024,-0.0964986536248076,-0.0638601064369688,-0.0131862498639103
-16.6750363523581,-18.58708221467,-1.32875291266168,0.0239686974523384,-0.0970850222353493,-0.0628825985967962,0.00660648036880862
-16.5784699739273,-18.6828123656636,-1.5191323947504,0.00516409518786534,-0.0998665715887487,0.0914022832428563,0.00413642059512287
-16.5427988072487,-18.8068626647895,-1.523353389046,0.00474251420686568,-0.0998874794906633,0.0309286524717969,-0.0241628196352037
-16.4776835933818,-18.8969909892123,-1.44107066815444,0.0129362111306778,-0.099159742040722,0.0521790027362106,0.00903141761790388
-16.4634601728215,-18.9705026047744,-1.18499731559279,0.0376299539116492,-0.0926498060904995,-0.0234065333513824,0.0191381905284502
-16.3971613939624,-19.0854544343998,-1.13798829407394,0.0419421561120206,-0.0907791580742788,0.0243566227471281,-0.0241726715511867
-16.3155518043702,-19.166531475234,-1.15877600135119,0.0400461395752685,-0.09163136310848,0.0415634500169155,0.0105543222743418
-16.2505609989756,-19.2449507211274,-1.26126344584734,0.0304613750022914,-0.0952475964682037,0.0345294303923092,0.0168283505747983
-16.2084752549452,-19.352145032798,-1.4013249407025,0.0168661331638808,-0.0985674061345749,0.0252196108665581,-0.00862690553599377
-16.1936923313554,-19.5337459354873,-1.22067207072815,0.0343014527566558,-0.0939330098462884,-0.0195185291668802,-0.0876678928430339
-16.1596698135057,-19.6346664378403,-1.45552729993233,0.0115013934120135,-0.0993363878424321,0.022521124437632,-0.00158411451062346
-16.1109010063603,-19.7858991775322,-1.37117992526772,0.019829336414488,-0.0980142714983949,0.0289394707309119,-0.0532184681934864
-16.1149555432427,-19.9234874949225,-1.35424426344548,0.0214863499980372,-0.0976644088896352,-0.0255408868803706,-0.0399239085006849
-16.0971027487488,-20.097403667756,-1.5313067103037,0.00394793537439078,-0.0999220386415311,0.0139048591194955,-0.073994134191972
-16.0996605226114,-20.21685333043,-1.55427238945056,0.0016523185403904,-0.0999863482853589,-0.0042100924030033,-0.0194633143886003
-16.0570618824798,-20.310129260463,-1.41268872207329,0.015744969820765,-0.098752700850879,0.0268536703107998,0.00547677081788867
-16.0983179502746,-20.449522640574,-1.69833470503146,-0.0127192901983282,-0.0991877999395627,-0.0285367775964382,-0.0402055801714594
-16.1148468783816,-20.6038459514021,-1.53096863579991,0.00398171624176518,-0.0999206982350007,-0.020510644348718,-0.0544026125930971
-16.1363075445878,-20.6876683573161,-1.746335489356,-0.0174639039944284,-0.0984632523191946,-0.00399676221178114,0.0146408464052364
-16.1622296947461,-20.7210071632346,-1.93689576071998,-0.0357976085891172,-0.0933730754516545,0.0098754584308125,0.0600342695331305
-16.2266525731928,-20.8179972172848,-1.90771113970113,-0.0330576935101216,-0.0943779047224024,-0.0313651849366436,-0.00261214932782017
-16.2479826644603,-20.9137649494,-1.82913463252594,-0.0255474353014021,-0.0966815833006508,0.00421734403388307,0.000913851185436187
-16.2591989174222,-21.0439938509332,-1.81798524621379,-0.0244679294434305,-0.0969604065005469,0.0132516764815593,-0.0332684950325915
-16.2224808720729,-21.0820689332956,-1.51849321476796,0.00522792684209475,-0.0998632504024063,0.0314901185072523,0.0617881680400001
-16.1964999208605,-21.0988999791988,-1.43562419810581,0.0134760871559816,-0.0990878149671512,0.0125048640563514,0.082256769063914
-16.1368750738532,-21.1675744588117,-1.58083748153818,-0.0010040986011254,-0.0999949588029277,0.0606289456084661,0.0313204791900177
-16.0997252726514,-21.2595365498195,-1.50827792962546,0.00624776790809727,-0.0998046361456548,0.0309020332936538,0.00784254513783333
-16.0829365405766,-21.3826856859392,-1.48087738090588,0.00897978228395075,-0.0995960014766298,0.00780894979090641,-0.0235531346430136
-16.0488408110765,-21.4781867376594,-1.25899856802953,0.0306770208579093,-0.0951783609403072,0.00341870864215577,-0.000322690779866019
-15.9591487592539,-21.532774335081,-1.16324327311772,0.0396363991453628,-0.091809345182228,0.0500556526772311,0.0372217477606006
-15.9039820884223,-21.590919542959,-1.23933065326055,0.0325429269069326,-0.0945566386264341,0.022623743924675,0.0364114307484347
-15.856812258733,-21.6279307291683,-1.18255061801631,0.0378565271089155,-0.0925574597493468,0.00931330258044039,0.0555462735400719
-15.7291345916175,-21.7037408484575,-1.03080854654744,0.0514125510626885,-0.0857714963914379,0.0762651160527907,0.00996137710217482
-15.6764130499668,-21.8098116882304,-1.12459900549506,0.0431538286470328,-0.0902094622149059,0.00956771300369685,-0.015861377557999
-15.5377688506179,-21.8709367623614,-0.984651776579838,0.0553153245779859,-0.0833079520023873,0.0833288747708956,0.0221828778714434
-15.4489258285048,-22.0617093635552,-1.24632573503623,0.0318807047029136,-0.0947819638309189,0.0569623174101761,-0.095990637362928
-15.3723259560553,-22.2215827194849,-1.23842677177246,0.0326283815967117,-0.0945271850547734,0.0439714908527873,-0.0653461708749548
-15.2901049941875,-22.3167477846463,-1.07967367813012,0.0471616141194406,-0.0881803955176488,0.0350593477483065,-0.00698466964366506
-15.1565288162711,-22.4188110202892,-1.09759475617588,0.0455738378286526,-0.0890113773939471,0.0880023400878165,-0.013051858248964
-15.136445806823,-22.5600993543601,-1.10772203878027,0.0446700728149967,-0.0894683440927733,-0.0245870633669713,-0.0518199899781485
-15.0859847021979,-22.6286051590563,-0.987612104432877,0.0550684637086221,-0.0834713382232019,-0.00460735908347576,0.0149655335269885
-15.0575558049363,-22.7031370366511,-0.878512987958238,0.0638296537334473,-0.076979057569369,-0.0354007564718954,0.00244717997460064
-15.002465482151,-22.8262196161985,-0.913341267857152,0.0611104384981305,-0.079155001778575,-0.00602011571273509,-0.0439275777688851
-14.9465218962698,-22.8877380548642,-0.665847331645198,0.0786393648969209,-0.0617725690627233,-0.0226957790157736,0.000254130397025043
-14.8274490828738,-22.9694726982556,-0.746988998360955,0.073373796440523,-0.0679432557058071,0.0456990169554474,-0.0137913876855829
-14.7249420819486,-23.1213015650638,-0.780667896249467,0.0710443661796719,-0.0703754078789508,0.0314626347455738,-0.0814534589292775
-14.6940140714142,-23.2810754011242,-0.727556007620718,0.074680199952924,-0.0665046444618066,-0.0437521894185153,-0.0932691915985286
-14.5546651156441,-23.3695294843551,-0.546249351255852,0.0854478937281756,-0.0519486039987449,0.0539010620418836,-0.0365054792321255
-14.4503896919982,-23.5323397707474,-0.656853299766559,0.0791917612116064,-0.0610627951882643,0.0250836624342672,-0.10174749120404
-14.2971252846079,-23.6983882239424,-0.595652775242281,0.08277824361841,-0.0561049229876591,0.0704861637719811,-0.109943530207424
-14.1142223415569,-23.8305794541885,-0.516941668927417,0.086933474275163,-0.0494223739863797,0.0959694687757995,-0.0827688562596884
-13.9935704162419,-23.91399419312,-0.687028114790045,0.0773134321790789,-0.0634242319992207,0.0433384931359296,-0.0199905069322244
-13.9725216056724,-24.0114519954401,-0.794301741111365,0.0700783056890622,-0.0713374450884691,-0.0490294951195877,-0.0261203572316384
-13.9068771824425,-24.1060216987772,-0.966340192297542,0.0568314661647221,-0.0822811306045806,0.00881295706521534,-0.0122885727325903
-13.7879665320792,-24.2984805282912,-0.94242028722665,0.0587831776957676,-0.0808983190183072,0.0601274726675272,-0.111560510495637
-13.7048368324949,-24.3961139337365,-0.850586415204183,0.0659542470179633,-0.0751667300093165,0.0171754525663389,-0.0224666754359792
-13.581581926843,-24.5257610114395,-0.883304693292052,0.063460061407168,-0.0772840255563753,0.0597948442447246,-0.0523630521466598
-13.4348542666211,-24.6651393984754,-0.801560970554058,0.0695586089259503,-0.0718442755150799,0.0771690512959262,-0.0675341115208521
-13.3807002467543,-24.8570985959763,-0.833819534556025,0.0672052289729892,-0.0740503693352578,-0.0130512091061951,-0.117908828165634
-13.2839838802058,-25.0538863269611,-0.940577930906285,0.0589321213776418,-0.0807898822250094,0.0377842451708745,-0.115997848759757
-13.2284815353519,-25.2042630836587,-1.01787602588563,0.0525174624751054,-0.0850994485010091,0.00298488237875549,-0.0652773081966009
-13.1301393286583,-25.2907646604874,-0.84132879029715,0.0666472762315821,-0.0745529380434547,0.0316949304620433,-0.011948638785239
-13.10183689908,-25.4454800813298,-1.01190660105029,0.0530245185177692,-0.0847844351043206,-0.0247220889394117,-0.0699309857381247
-13.0113032562116,-25.5838978651184,-0.918808627914086,0.0606767584040202,-0.0794879298357943,0.0298568844642995,-0.05892985395279
-12.9611765191516,-25.7695021524487,-0.844948079252569,0.0663770116811443,-0.0747936649742559,-0.0162502746211599,-0.110810622356033
-12.9422154091662,-25.9044515002256,-1.03250396782355,0.0512670584210182,-0.0858585390095587,-0.0323059484355772,-0.0490908087672768
-12.9225664881641,-26.0240569570387,-1.22965906810082,0.0334559032190491,-0.0942374794855933,-0.0138069822169367,-0.0253679773275417
-12.8481690554409,-26.1732415010694,-1.31104038194867,0.0256844691783547,-0.096645269118701,0.0487129635448453,-0.0525392749119749
-12.8447494260438,-26.3502239028128,-1.45920858998476,0.0111356302488024,-0.099378054614497,-0.007716000851682,-0.0776043471288936
-12.8478000966352,-26.4470737968029,-1.80849269782923,-0.0235464395403113,-0.0971882975721587,0.0204957689488848,0.000338403581968461
-12.890703931302,-26.5799707978847,-1.6650860817119,-0.00941501022569989,-0.0995558013500467,-0.0334888244410909,-0.0333411997316873
-12.8651753497973,-26.6634652406083,-1.64996836188428,-0.007908934983601,-0.0996867531190838,0.0334375164882529,0.0161923103955104
-12.8674283326216,-26.8011660179108,-2.02771556871616,-0.0441185483591817,-0.089741593983384,0.0418655655349057,-0.0479591833191146
-12.8966765199589,-26.921130559474,-2.32935895405487,-0.0687878874276831,-0.072582549853504,0.0395397000903902,-0.047381991709762
-12.9122565076551,-27.0662644960267,-2.14449258664901,-0.0542740240110439,-0.0839900608265563,0.0386940363148685,-0.0611438757261262
-12.9759666744229,-27.0843774170442,-2.39182137433542,-0.0731844754659417,-0.0681471389771793,0.00947430869810478,0.0500342179597002
-12.9565683588188,-27.168854465867,-2.35585519433313,-0.070686682208661,-0.0707346658883165,0.0900849978127548,-0.0137423829345464
-12.9040957303044,-27.2966937112399,-2.17252677693241,-0.0566069829411787,-0.0824357294035609,0.109079611455594,-0.0454035159693444
-12.8982821408022,-27.4181883319114,-2.08552330876441,-0.0492297225077582,-0.0870427160755518,0.0550433120099534,-0.0344519045958966
-12.8952642892035,-27.5330954509119,-2.11246726294257,-0.0515568449685295,-0.0856848395977434,0.0545746965672634,-0.0292222794027377
-12.8622876714395,-27.6516216008644,-1.97561003503784,-0.0393847532334154,-0.0919175783663983,0.0723613709974293,-0.0266085715861331
-12.8718072381985,-27.7095029496237,-1.94807838993266,-0.0368395050647456,-0.0929669342647405,0.0273199383057074,0.035085585505473
-12.7159571450758,-27.7498077785116,-1.90740191462766,-0.0330285079155735,-0.0943881224777297,0.188878601038277,0.0540832935897835
-12.684855430185,-27.912160737727,-1.77442169328711,-0.0202221117961169,-0.0979339889645334,0.0513238266868869,-0.0644189702508702
-12.6150588931312,-28.0907062521423,-1.80467704925268,-0.02317543264272,-0.0972774348028501,0.0929719696966055,-0.081268079612371
-12.657834961148,-28.2402294993933,-1.89179977234271,-0.0315518908141384,-0.0948919289826732,-0.0112241772027372,-0.0546313182684139
-12.6966184769139,-28.3647113479683,-1.7974908670991,-0.0224757868922763,-0.0974414644982976,-0.0163077288736153,-0.027040384076674
-12.6787349771512,-28.4662327088222,-1.85041375786372,-0.0275987958397685,-0.0961161093063737,0.0454822956024493,-0.00540525154747629
-12.6416263042856,-28.639155135325,-1.68835252236609,-0.0117285622091389,-0.0993098224170518,0.0488372350747672,-0.0736126040858247
-12.5145323161546,-28.7006907324967,-1.37979172102264,0.0189845326632254,-0.098181401087777,0.108109455467775,0.0366458039160871
-12.4349280738129,-28.7819280042899,-1.44944106874849,0.0121057608830171,-0.099264548321358,0.067498481458647,0.0180272765281337
-12.3882399107713,-28.919260511904,-1.43630444220829,0.0134086801415129,-0.099096959069704,0.0332794829001158,-0.0382355485443417
-12.3177672634767,-29.122122348706,-1.35533066996018,0.0213802340888924,-0.0976876941600331,0.0490924132057579,-0.105174142641984
-12.2877297732612,-29.2904977615351,-1.22041395927613,0.0343256967993436,-0.0939241531196291,-0.00428820658383411,-0.0744512597094347
-12.1740534336956,-29.4127727024194,-1.13175809834603,0.0425069103791674,-0.0905160901167159,0.0711694291863606,-0.0317588507675657
-12.097765759904,-29.5013904285532,-1.12552801313986,0.0430700047569898,-0.0902495135179846,0.0332176690346089,0.00163178738411407
-11.9760232596403,-29.6164234960551,-1.10051749802339,0.0453134862661423,-0.0891441975812679,0.0764290139976065,-0.025888869920573
-11.924087847898,-29.7332540635202,-1.40917535035634,0.0160918268769902,-0.0986967735428113,0.0358435848652678,-0.0181337939223085
-11.8412562979038,-29.8481924967011,-1.4303354958294,0.0139999422004625,-0.0990151585282966,0.0688316077937779,-0.0159232746525708
-11.7684732574469,-30.0006888194692,-1.3874272724076,0.0182343174025896,-0.0983234949992199,0.0545487230542564,-0.05417282776892
-11.7155597288998,-30.1850493667103,-1.50074471733469,0.00699943303130162,-0.0997547389212178,0.0459140955158319,-0.0846058083198864
-11.6863145930072,-30.3284376503001,-1.37226510332808,0.0197229618227061,-0.0980357321436428,0.00952217406992983,-0.0453525514461321
-11.6939576422159,-30.426316276754,-1.40983721873537,0.016026499083568,-0.0987074025953697,-0.0236695482922966,0.000828776141478915
-11.6850206693948,-30.5921954528593,-1.34166853814951,0.0227128194040289,-0.0973864869205167,-0.0137758465828852,-0.0684926891848465
-11.6312453752554,-30.7815789951605,-1.48176456822503,0.00889141845199431,-0.0996039290284853,0.0448838756873779,-0.0897796132727211
-11.600778537916,-30.8792362430207,-1.43204069378506,0.0138310814825716,-0.0990388872363905,0.0166357558567909,0.0013816393762105
-11.6945130268799,-30.9728074058887,-1.51027448901427,0.00604848970456421,-0.0998169112540244,-0.0997829786684492,0.0062457483860916
-11.6610822622906,-31.0984392507135,-1.41302566270001,0.0157116951307249,-0.0987580003651307,0.0177190694585452,-0.0268738444597574
-11.6543241539497,-31.1734161931284,-1.18887522412554,0.0372703843960035,-0.0927950346030117,-0.0305122760550627,0.0178180921881852
-11.6249160904215,-31.2865151751416,-0.995956059464102,0.0543700737319927,-0.0839279159897211,-0.0249620102038492,-0.0291710660235314
-11.6408378822151,-31.3559224396394,-0.834887596468994,0.0671261002765092,-0.0741221064303223,-0.0830478920700457,0.00471484193255245
-11.531425938917,-31.4420711396406,-0.916344241933836,0.0608724628947294,-0.0793381576615552,0.0485394804033994,-0.00681054233961387
-11.4773150707111,-31.5654725294854,-1.04407611223188,0.0502700805206694,-0.0864460467832128,0.00384078768515794,-0.0369553430615865
-11.4243750373312,-31.6245964136303,-0.974786687836454,0.0561344599661382,-0.0827582165365472,-0.00319442658625557,0.0236343323916213
-11.3437921125749,-31.7715285491144,-0.974995307706865,0.0561171937363052,-0.082769925499314,0.0244657310199995,-0.064162209984767
-11.3732302767,-31.9479871357248,-1.33634815508998,0.0232306289156707,-0.0972642682601499,-0.0526687930407073,-0.079194318350289
-11.3897967928443,-32.1234972307031,-1.42667634379126,0.0143621591858126,-0.0989632678498511,-0.0309286753301834,-0.0765468271284324
-11.4290039154793,-32.2283730828044,-1.49977267653427,0.00709639538554434,-0.09974788806051,-0.046303518020447,-0.00512796404083726
-11.5168660029345,-32.2766064735422,-1.5891702869825,-0.00183729263561746,-0.0999831203542433,-0.0860247948196605,0.0517497296165157
-11.5034422180101,-32.3537771420672,-1.74059685894898,-0.0168985753232208,-0.0985618493741135,0.0303223602476577,0.0213911808490339
-11.5711994163449,-32.4462845157019,-1.85610905185741,-0.0281457547792549,-0.0959573680751304,-0.0396114435555327,0.00344999444048399
-11.5790159742093,-32.5438034220345,-1.66821457567899,-0.0097264233669966,-0.0995258593958673,0.00190986550254824,0.00200695306327736
-11.5671238155947,-32.6358209601178,-1.7187949559791,-0.014745893692978,-0.0989068178600211,0.0266380523075673,0.00688927977667131
-11.5894660934934,-32.7132945600138,-1.86674113339953,-0.0291643713206706,-0.0956527022382015,0.00682209342198836,0.0181791023421818
-11.5979437707851,-32.8372661548585,-1.82593098362405,-0.025237570881815,-0.0967629320348725,0.0167598935901767,-0.027208662809814
-11.5714821066593,-33.003703914636,-1.95420626844436,-0.0374084999021072,-0.0927394421757757,0.0638701640278342,-0.0736983176016497
-11.5329915098387,-33.0566458424218,-2.00163671103729,-0.0417634535625609,-0.09086150970861,0.0802540503832224,0.0379195819228091
-11.4702631964523,-33.1809788934569,-1.61494675978687,-0.00441360909389709,-0.0999025527940416,0.0671419224802995,-0.0244304982410641
-11.4365587846438,-33.3367808718666,-1.54027379874868,0.0030517789010044,-0.0999534223803237,0.0306526329074517,-0.0558485560294324
-11.4537326181261,-33.4442256706767,-1.56317235548346,0.000762389745450481,-0.0999970937671492,-0.017936223227724,-0.00744770504297287
-11.5115487816847,-33.6137839984711,-1.43675822418829,0.0133637103482129,-0.0991030334839911,-0.0711798739067999,-0.0704552943103436
-11.5633633488527,-33.7729979277616,-1.42925216714093,0.0141071999261357,-0.0989999338900993,-0.0659217670941171,-0.0602139954003897
-11.5845845921138,-33.9083229519126,-1.64747518967616,-0.00766037441809494,-0.0997061616138872,-0.0135608688430331,-0.0356188625371572
-11.6921052209849,-34.0014570134025,-1.45878355761178,0.0111778681320653,-0.0993733126348426,-0.118698497003188,0.0062392511449274
-11.7255939014872,-34.145998897558,-1.37422351698317,0.0195309296063637,-0.0980741698344231,-0.0530196101086884,-0.0464677143210532
-11.6748024411217,-34.2902101796548,-1.15249803716061,0.0406206050495029,-0.0913781508097658,0.0101708553160265,-0.0528331312870387
-11.5606501467058,-34.4924672334231,-0.913407129074233,0.0611052251208397,-0.0791590264147526,0.0530470692950769,-0.123098027353579
-11.5629375489397,-34.5944949834126,-0.981857831211874,0.0555478662425879,-0.0831530790524053,-0.0578352684764524,-0.0188746709370928
-11.5717156982584,-34.7159214825112,-1.12191242903593,0.0433960272376194,-0.0900932007422968,-0.0521741765563336,-0.0313332983562704
-11.540539064091,-34.8531008394959,-1.24005743285925,0.0324741964823806,-0.0945802651868969,-0.00129756231497802,-0.0425990917977419
-11.4396269843448,-34.9944949373317,-1.09968007943641,0.0453881213769024,-0.0891062199729939,0.0555239583693026,-0.0522878778628488
-11.3500395804839,-35.091400760644,-0.934228254768205,0.0594439194978107,-0.0804140562012501,0.0301434843630679,-0.0164917671110194
-11.2338751939279,-35.1422411878207,-1.06900594239725,0.0480995979497852,-0.0876722799810124,0.0680647886061464,0.03683185280424
-11.197421904806,-35.2196725372458,-1.39135085866464,0.0178483973244993,-0.0983942819118408,0.0186048917973969,0.0209629324867757
-11.2060283740008,-35.2853024521244,-1.41678656030708,0.0153401661633182,-0.0988163918693745,-0.0239466353580338,0.0331864769907444
-11.1943830936551,-35.3096210489674,-1.31520424201304,0.0252818303098113,-0.0967513775415415,-0.0136365499641129,0.0724327806985494
-11.187447473298,-35.3553878321476,-1.28482282546273,0.0282091549817894,-0.0959387490809287,-0.0212735346247431,0.0501719659007342
-11.1671461483196,-35.5047903895852,-1.1384554976377,0.041899739189847,-0.0907987436907736,-0.021598414211456,-0.0586038137468057
-11.075360811675,-35.5941892833287,-0.940099172372768,0.0589707934677935,-0.080761658711166,0.0328145431768101,-0.00863723503227387
-10.9901068081534,-35.648646374707,-0.783945292023801,0.0708133369732802,-0.0706078700054651,0.0144406665483052,0.0161507786270896
-10.8218362541751,-35.7067234328866,-0.857722737933591,0.0654161581048846,-0.0756354828026948,0.102854395873412,0.0175584246231208
-10.664842038468,-35.7215554353284,-1.04719000138579,0.0500006538313702,-0.0866021628854354,0.106993561875734,0.0717701604436711
-10.5383096742357,-35.8208464229542,-0.728017500766293,0.0746495005639033,-0.0665391017790277,0.0518828636683841,-0.032751885846761
-10.4259017749016,-35.889180215937,-0.485545965683981,0.0884420283504029,-0.0466691292105019,0.0239658709837769,-0.0216646637723299
-10.3469749202477,-35.9149761736624,-0.400208878332277,0.0920979632856559,-0.0389610723496412,-0.0131711086318114,0.0131651146241962
-10.2563478673746,-35.9601499059839,-0.616547287480367,0.0815879748840943,-0.0578221614462171,0.00903907798905457,0.0126484291247206
-10.2383152357964,-36.1103594146523,-0.583098029057915,0.0834760844459688,-0.0550612688336319,-0.0654434528678247,-0.0951482398347525
-10.2232034260527,-36.1529877480436,-0.412463844985878,0.0916135928511887,-0.0400867759354207,-0.076501783107439,-0.00254155745589202
-10.1783543345057,-36.2396618847994,-0.510053006486575,0.0872718629859011,-0.0488223507317101,-0.0424227714388939,-0.0378517860240519
-10.0994598463784,-36.363324781918,-0.466861658004221,0.0892985207301573,-0.0450086013491385,-0.0104040326028775,-0.0786542957694678
-10.0143183850487,-36.4596344030031,-0.504177516843897,0.0875572101833441,-0.0483087460498583,-0.00241574885368834,-0.048000875035263
-9.97561998238921,-36.5750390922714,-0.398976385223241,0.092145912576488,-0.0388475326815775,-0.0534475099169561,-0.0765571565866692
-9.90735769452371,-36.7187027663423,-0.282255522943244,0.0960429667705584,-0.0278522626353662,-0.0277806789050581,-0.115811411435547
-9.78184352540948,-36.7351247451532,-0.262725512021658,0.0965685713496222,-0.0259713501284188,0.0289455977646078,0.00954937131745215
-9.64175796303315,-36.8017217989452,-0.281004768562156,0.0960777279768383,-0.0277321147193765,0.044007834399489,-0.0388649390725746
-9.52557801053946,-36.8426273010114,-0.367275952727843,0.0933308942784376,-0.0359074389672545,0.0228490582152552,-0.00499806309898965
-9.45076173746592,-36.8919726125356,-0.211036357583723,0.0977814350544045,-0.0209473377473433,-0.0229651619808733,-0.0283979737768716
-9.35015682036411,-36.9560293803564,-0.0898090045398903,0.0995969881240936,-0.00896883251093267,0.00100792897771818,-0.0550879353098184
-9.24522926471906,-37.0251760154604,-0.158994003645786,0.0987387057332495,-0.0158324979116616,0.00618884991180624,-0.0533141371923387
-9.12123065807063,-37.0428420589262,-0.265815942182177,0.0964878476824489,-0.0262696640558752,0.0275107589659845,0.00860362059011166
-9.04386804365351,-37.1506047344862,-0.314906749925495,0.0950825265189175,-0.0309727808047542,-0.0177199121018036,-0.0767898947552474
-8.88451826078274,-37.218021937719,-0.298196887331519,0.0955867792063409,-0.0293797147868769,0.0637630036644363,-0.0380374884459824
-8.83495948717156,-37.2403913817022,-0.166773666957464,0.0986125474983311,-0.0166001649356082,-0.0490537738871517,-0.0057692790475441
-8.768367171004,-37.2930661975497,0.088517727708171,0.099608486332713,0.00884021778610284,-0.033016170165158,-0.0615150336336114
-8.77840494518319,-37.2982402914596,0.106625669839841,0.099432086684679,0.0106423746189689,-0.109469860863869,-0.0158164685288931
-8.66108483725931,-37.2945567295522,-0.120073527785034,0.0992799830996703,-0.0119785205985209,0.0180401248242102,0.015662082505937
-8.56441465576285,-37.2482459901768,-0.237985650188905,0.0971814820116538,-0.0235745531032638,-0.000511300515188884,0.0698852924785998
-8.46818956905774,-37.2605905082839,-0.450807079412761,0.0900095757397616,-0.043569212468762,0.00621551096534423,0.0312246943616836
-8.26479045518273,-37.3141653423536,-0.441558733461457,0.0904086638277343,-0.0427349213744887,0.112990450047278,-0.0108399126952285
-8.11314694290006,-37.3402510427532,-0.419005090020937,0.0913494173280578,-0.0406851810100968,0.060294094954614,0.0145994806105145
-7.98182017796203,-37.3847088197071,-0.161079387781021,0.0987054742185176,-0.0160383714665036,0.0326212907195148,-0.0284194054873383
-7.8892076770517,-37.3920983424938,-0.116914577342722,0.0993173272342098,-0.0116648408070102,-0.00670482632388658,0.00427531802029346
-7.71576681991299,-37.4557821727168,-0.0102419202933069,0.0999947551992825,-0.00102417412365778,0.0734461019394301,-0.06265965609935
-7.55659462158208,-37.4167409894015,0.187405634399831,0.0982490898785805,0.0186310584248618,0.060923108452331,0.0204101248904074
-7.39020892990438,-37.4908642721219,0.169946510977949,0.098559381489804,0.0169129630859669,0.0678263101878953,-0.0910362458063032
-7.25561243165021,-37.5827603809486,-0.32040440040008,0.0949108129624115,-0.0314950406066439,0.0396856852917644,-0.0604010682201039
-7.12425739719995,-37.6402693459175,-0.321528877150093,0.0948753375240864,-0.0316017456747358,0.0364796969261689,-0.0259072192941634
-6.98765983516091,-37.708649027198,-0.232182618082278,0.0973166488349598,-0.0230102120705813,0.0392809132040814,-0.0453694692099491
-6.87469565878988,-37.6967371873472,0.0401584209268674,0.099919375897506,0.00401476278911853,0.0130448004735195,0.00789707706171949
-6.77027895368211,-37.7234243134404,-0.18492551813866,0.098294994858398,-0.0183873322096358,0.00612171024937447,-0.00829979388357494
-6.62911267622025,-37.7282382638074,-0.237026429899025,0.097204050489337,-0.0234813238226984,0.0439622269725224,0.0186673734556893
-6.4924548404559,-37.8247333257984,-0.362163497970464,0.0935132489347503,-0.035429821812527,0.0431445868295981,-0.061065240178463
-6.318264691393,-37.9579287935182,-0.572716498629415,0.0840431960899106,-0.0541917077696656,0.0901469529729959,-0.0790037599501048
-6.201170171425,-38.0541165114866,-0.717780758563217,0.0753267210393467,-0.065771461116965,0.0417677989286531,-0.030416256851475
-6.13253877450592,-38.1117960813773,-0.945244608422739,0.0585544607120134,-0.0810640187180803,0.0100769362070594,0.023384448827418
-5.99995452739172,-38.185272299246,-1.04571639935019,0.0501282166204245,-0.0865283878184253,0.0824560304937774,0.013052169949666
-5.91705265708834,-38.2526269348003,-1.06226668185313,0.0486893475338093,-0.0873461357859175,0.0342125227695758,0.0199915002316864
-5.8572934917391,-38.3105088207456,-1.07486513947538,0.0475850860904406,-0.0879525984935372,0.0121740792587932,0.0300707125481896
-5.81483773939692,-38.3825117047416,-0.956365571066697,0.0576493485225959,-0.0817101744883724,-0.015193596180415,0.00970729049233654
-5.74574607287632,-38.5045596282118,-0.936491414839306,0.0592617775393685,-0.0805483812554566,0.0098298889812316,-0.0414995422147131
-5.65399091355317,-38.6233049266477,-0.784721542293866,0.0707585062658243,-0.0706628175989983,0.0209966530573282,-0.0480824808368858
-5.56352238609284,-38.685971341537,-0.877832049094962,0.0638820569631597,-0.0769355756341345,0.0265864704971652,0.0142691607448695
-5.43153479431499,-38.7225957121165,-0.863547003022317,0.0649745299710792,-0.0760151988423193,0.0670130618067759,0.0393908282627722
-5.31367458801181,-38.7812030368035,-0.801835922870363,0.0695388525469603,-0.0718633980998124,0.0483213537562139,0.0132560734128706
-5.19474762231751,-38.8589193099152,-0.892451479157475,0.0627505161985307,-0.0778612401443615,0.0561764494957708,0.000144967032657206
-5.03210624797245,-38.9044534003665,-0.866471464515677,0.0647519489197044,-0.0762048890236053,0.0978894254253544,0.0306707985722561
-4.85603216793465,-38.9741704040944,-0.969971601531329,0.056532295642349,-0.0824869659364802,0.119541784395459,0.0127699622086483
-4.78655714175601,-39.1107843209247,-1.01293779994102,0.0529370607254645,-0.0848390688406496,0.0165379654531668,-0.0517748479897122
-4.79922066982163,-39.1198907989195,-0.855220881748162,0.0656051822789048,-0.0754715844417731,-0.0782687103445241,0.0663651064469688
-4.69802574263459,-39.1502561485705,-0.959870624582451,0.0573625964523574,-0.0819117362057721,0.043832330734686,0.0515463865547519
-4.63270946720866,-39.2456593873665,-1.00239597044908,0.0538284617334715,-0.084276311662342,0.011487813692455,-0.0111269271335663
-4.57354383239951,-39.3373731844367,-1.1097927240143,0.0444847164016273,-0.089560649878542,0.0146809184075303,-0.00215314719174575
-4.50589256152737,-39.536809781454,-1.14858535859177,0.0409778265384746,-0.0912185163888489,0.0266734443336665,-0.108218080628447
-4.43735852738754,-39.6179472758719,-1.10034496169331,0.045328866204301,-0.0891363780318259,0.0232051679355245,0.00799888361399415
-4.36055501618505,-39.748762351128,-1.18843941861599,0.0373108214427463,-0.0927787831525479,0.0394926897597467,-0.0380362921035546
-4.25475543348937,-39.8839262409983,-1.11150389096943,0.0443313981242021,-0.089636639497214,0.0614681845714773,-0.0455272503731043
-4.14322239982308,-40.0152176142678,-1.01124779903856,0.053080363163286,-0.0847494840483037,0.058452670503002,-0.0465418892211886
-4.05864501482644,-40.1911274454218,-0.947220497873798,0.058394172974448,-0.0811795575414787,0.0261832120221941,-0.0947302736125755
-3.92776338095893,-40.2736302609176,-0.811561016892184,0.0688366968821276,-0.0725362610172187,0.0620449369853779,-0.00996655447857542
-3.85020649664823,-40.3818515241136,-0.83691193413311,0.0669759146677815,-0.0742578403565176,0.0105809696429247,-0.0339634228394141
-3.74165857936664,-40.4513917242042,-0.90916507044374,0.0614404715495942,-0.0788991030098791,0.0471074457319896,0.00935890291924402
-3.68604913513588,-40.531046902344,-0.641983935607021,0.0800909382836919,-0.0598785571372412,-0.0244814940529268,-0.0197766210025874
-3.7038108358024,-40.6577749603129,-1.18866469027833,0.0372899200655004,-0.0927871858691091,-0.0550516207320273,-0.0339408720997492
-3.6854720861397,-40.7472525637724,-1.0992500668671,0.0454264339739369,-0.0890866942725543,-0.0270876843112289,-0.000390909186968713
-3.69454389973558,-40.7812586998601,-1.20474678044843,0.0357929503879306,-0.0933748611914745,-0.0448647639838167,0.059368725103746
-3.66493687365021,-40.8659844912521,-1.59620137351418,-0.00254023140018442,-0.0999677309156986,0.0321472574855552,0.0152419395237251
-3.68851950144105,-40.9803876387754,-1.60039925548675,-0.00295986052088377,-0.099956186530384,-0.0206227672699542,-0.0144469609929292
-3.59436123052792,-41.1320262369438,-1.35409925111878,0.021500512315242,-0.0976612920771691,0.0726577585978916,-0.0539773060912525
-3.56540749664978,-41.2154972313664,-1.19471091791643,0.0367282294366956,-0.0930109518414119,-0.00777449555855902,0.0095399574188253
-3.47914924430596,-41.3163438229673,-1.42935703887517,0.0140968175538213,-0.0990014127922136,0.0721614347899986,-0.00184517880870061
-3.44341739340632,-41.3805586949083,-1.24553123627208,0.0319559987861178,-0.0947566047385703,0.00377585211352205,0.0305417327976176
-3.38878382903341,-41.396262948446,-1.28944708030571,0.0277652097298725,-0.0960681691751029,0.0268683546430357,0.080363915637446
-3.40372125390482,-41.4626103503385,-1.3312473966255,0.0237264461004251,-0.0971445096515682,-0.0386638709718357,0.0307971077589944
-3.36445244735562,-41.5798578459628,-1.38307306938045,0.0186622636566567,-0.0982431672698383,0.0206065428925482,-0.0190043283544492
-3.36649459827623,-41.6938172548352,-1.5273993343359,0.00433833721565304,-0.0999058498297436,-0.00638048813626746,-0.0140535590426385
-3.37489361011989,-41.7909484330949,-1.41965671449766,0.0150564850870416,-0.0988600134373028,-0.0234554969306981,0.0017288351775564
-3.34393836143217,-41.8758414003998,-1.26520021352877,0.0300861722643127,-0.0953667774357617,0.000869076423409165,0.0104738101309518
-3.32166541035782,-41.949851784783,-1.03960616776808,0.0506559860547283,-0.0862204794513645,-0.0283830349803789,0.0122100950681459
-3.23728400043624,-41.9885447052053,-1.14065480769827,0.0416999434266072,-0.0908906745393484,0.0426814664949697,0.0521977541169836
-3.15191172423276,-42.065879070803,-1.06795619388308,0.0481916052763252,-0.0876217392026138,0.0371806709271589,0.0102873736049327
-3.05001988624868,-42.1755296523152,-1.07256953250091,0.0477868651294732,-0.0878431301872693,0.0541049728546033,-0.0218074513248743
-2.99779956519928,-42.2810471392204,-0.981676551308165,0.0555629393119508,-0.0831430079743118,-0.00334261826255222,-0.0223744789309102
-3.03017731391659,-42.4045824634382,-0.958847178276487,0.0574463986595539,-0.0818529857796746,-0.0898241473768628,-0.0416823384381821
-3.01709379688835,-42.6086035629544,-0.966230084768941,0.0568405255921423,-0.0822748725335325,-0.0437570085639054,-0.121746226982686
-2.94895488137928,-42.763114135045,-0.93097579735603,0.0597051479169677,-0.080220292396706,0.00843376759210646,-0.0742902796938569
-2.86543472994721,-42.9458279909952,-0.95673962754468,0.0576187802701263,-0.0817317328837637,0.0259013711619418,-0.100982123066473
-2.83296644413897,-43.037863423147,-1.09025385796167,0.0462260274674286,-0.0886744291471929,-0.0137577416591892,-0.00336100300458941
-2.77185378926383,-43.1292247083005,-1.33273868885551,0.023581548918452,-0.0971797846808,0.037531105956687,0.00581849952728852
-2.75352743661507,-43.2231541431969,-1.31201092457174,0.0255906587433021,-0.0966701514692299,-0.00726430609454276,0.00274071657284658
-2.72689081983208,-43.282339411703,-1.38317335095995,0.0186524115828467,-0.0982450382571257,0.00798420520014398,0.0390597697510877
-2.77195518881823,-43.3348703878175,-1.6045631852659,-0.0033760442004033,-0.0999429953801512,-0.0416883247857442,0.0474120192655958
-2.81307615861989,-43.4349073676109,-1.59987388499001,-0.0029073460834476,-0.0999577277590435,-0.0382136237182098,-7.92520342995928e-05
-2.84058001867642,-43.6116426366711,-1.63001361138198,-0.0059182681243153,-0.0998247168912024,-0.0215855919322139,-0.0769105521690623
-2.8371953978005,-43.7407046454767,-1.56733939469836,0.000345692521126539,-0.0999994024816191,0.00303892835479047,-0.0290626063239463
-2.91924414235623,-43.8085581582377,-1.57249581919672,-0.000169949158372786,-0.0999998555863136,-0.0818787953973601,0.0321463428253477
-2.93379218463181,-43.9147261476301,-1.73722704031737,-0.0165663444481418,-0.0986182347825468,0.00201830217256438,-0.00754975460989638
-2.98365606074046,-43.9360396760543,-1.83097375997665,-0.0257252017493115,-0.0966344348302261,-0.0241386743593388,0.075320906406076
-3.06094629210801,-44.0227575321309,-1.97028903382118,-0.0388951044450412,-0.0921258424667549,-0.038395126922508,0.00540798639013751
-3.13795683028924,-44.1122492786433,-2.11186097914888,-0.0515048861664657,-0.0857160819273689,-0.0255056520147656,-0.00377566458503509
-3.15271778479306,-44.204249258678,-2.08192756986831,-0.0489164220488633,-0.0872191702204136,0.0341554675450455,-0.00478080981431273
-3.17421508349436,-44.3455720669563,-1.96905401942804,-0.0387812980699569,-0.0921738082104084,0.0172839993686575,-0.0491490000679251
-3.15537927314097,-44.4681008905089,-1.6629057383076,-0.00919792218386424,-0.0995760926502922,0.0280337325372484,-0.0229527309022606
-3.16430099276285,-44.6082929404262,-1.79572362455814,-0.0223035491830216,-0.0974810324824298,0.0133818295611476,-0.0427110174348657
-3.14576461616203,-44.7324209702343,-1.41149228138072,0.0158631102731486,-0.0987337922520042,0.00267326632766718,-0.0253942375561298
-3.15538593015224,-44.7993848970525,-1.19970104081754,0.0362636379922532,-0.0931930714139566,-0.0458849519824627,0.0262291445957556
-3.20408242852628,-44.840575669989,-1.15348085017317,0.0405307778101269,-0.0914180291305065,-0.0892272761841704,0.0502272561940105
-3.17952213425692,-44.8776181607933,-1.06048627822197,0.0488447816603431,-0.0872593107040929,-0.0242844873909833,0.0502168198997941
-3.15150720533797,-44.967296228636,-1.28783080947581,0.0279204455758323,-0.0960231676151489,9.44833431195669e-05,0.006345099772469
-3.12663864544772,-45.0530562735732,-1.31797980735389,0.0250131935018709,-0.0968211761488052,-0.000144633611624201,0.0110611312116182
-3.08919344706444,-45.0425020556932,-1.30454140739216,0.0263120174906127,-0.0964763066020549,0.0111331808926685,0.107030524482099
-3.05582089233398,-45.1039695422821,-1.45415945430653,0.0116372594536735,-0.0993205627874102,0.0217352952767871,0.0378530761984859
-3.02317532673569,-45.2135900764594,-1.40680497706361,0.0163257296466871,-0.0986583526697222,0.0163198359516077,-0.0109621815076126
-2.9938042159812,-45.2587247659353,-1.4771605546636,0.0093499004366711,-0.0995619373145397,0.0200212103178208,0.0544272478386736
-2.98360622020543,-45.272379160071,-1.51631975051689,0.00544496352773296,-0.0998516518250032,0.00475303224803003,0.0861972576893244
-2.92917227333831,-45.3488102726095,-1.67193817363454,-0.0100969493679387,-0.0994889522181296,0.064530896235059,0.0230578396796055
-2.89215368036891,-45.4632637673713,-1.49763144017461,0.00730996275894825,-0.0997324643456823,0.0297086302104526,-0.014721030416073
-2.8291091648719,-45.5632809590006,-1.65278435529191,-0.00818962049401678,-0.0996640863910565,0.0712341359910242,-0.000353105238310114
-2.84919316137119,-45.6680510304015,-1.7172045018,-0.0145885683472968,-0.0989301454238103,-0.00549542815199233,-0.00583992597709582
-2.7533327200452,-45.7785743101834,-1.66331444894223,-0.00923861922252167,-0.0995723250449705,0.105099060548516,-0.0109509547369235
-2.73618942306833,-45.8813089728115,-1.79081499354808,-0.0218247839879663,-0.0975893375522071,0.0389680809648323,-0.00514532507591525
-2.71200664765758,-45.9546407729985,-1.62498491878482,-0.0054162075954766,-0.0998532157483308,0.0295989830062342,0.0265214155614046
-2.68042030120272,-46.1045513360906,-1.65893109922022,-0.00880207154274764,-0.0996118644367043,0.0403884179976011,-0.0502986986554284
-2.66316372094498,-46.1989288292566,-1.66363578267167,-0.00927061469155816,-0.0995693512243636,0.0265271949492965,0.00519185805831235
-2.64997054895958,-46.2579830145023,-1.55019488700495,0.00205999825460215,-0.0999787797844675,0.0111331737308027,0.0409245945388399
-2.61696260732161,-46.464030121613,-1.53833520258903,0.00324554236587792,-0.099947318397,0.0297623992720881,-0.106099788713765
-2.60098836166588,-46.5629399349275,-1.41608845543892,0.0154091466239147,-0.098805658746464,0.000565099031814231,-0.000104154568037806
-2.51000790244622,-46.7632736682407,-1.53347202219628,0.00373156390976768,-0.0999303529003441,0.0872488953098962,-0.100403380412848
-2.43398072225503,-46.9688560689628,-1.49896867295061,0.00717659074273571,-0.0997421502942025,0.0688505894484517,-0.105840250427907
-2.42849406007379,-47.1839669515571,-1.64049742185479,-0.00696446712954947,-0.0997571861952883,0.0124511293107945,-0.115353696398935
-2.43388101132386,-47.2550327870044,-1.79432002316179,-0.0221667027445652,-0.0975122417414044,0.0167797514944903,0.0264464062940437
-2.45492364788478,-47.351315031233,-1.83395763093684,-0.0260134314833771,-0.0965572440703423,0.00497079492245955,0.000274999841798795
-2.49433507449104,-47.3818686046474,-1.90995121138878,-0.0332690236652048,-0.0943036163906986,-0.00614240294105706,0.0637500429762659
-2.57302817988223,-47.5207540182661,-2.09018983484448,-0.0496353721144786,-0.0868120373857061,-0.029057733276705,-0.052073376232971
-2.59437114255463,-47.6441061332599,-2.33811762535991,-0.0694209675048982,-0.0719772830182125,0.0480780048324978,-0.0513748319756031
-2.59340737753513,-47.7973860693738,-2.14043468708826,-0.0539327548631507,-0.0842096072480528,0.054896519882651,-0.0690703288658421
-2.62043980782502,-47.9451452371902,-2.27229027063191,-0.0645359599180294,-0.0763878909085629,0.0375035296281356,-0.0713712769078816
-2.66586426454725,-48.0544455196779,-1.97421890199453,-0.0392568455844441,-0.091972278838567,-0.00616761113778752,-0.0173280036491334
-2.71432092660511,-48.125849011603,-1.9480927196159,-0.0368408372476829,-0.0929664063567574,-0.0116158248101734,0.0215629144316702
-2.77482463255762,-48.1716664461058,-1.94701240719892,-0.0367403830060632,-0.093006151713571,-0.0237633229464467,0.0471887172107746
-2.79137033292885,-48.2488040378651,-2.1173197314239,-0.0519720193311502,-0.0854336538294047,0.0354263189599218,0.00829606207016731
-2.79637021182964,-48.3802819154567,-2.02117138729848,-0.0435303225653587,-0.0900283900631119,0.0385304436645617,-0.0414494875285421
-2.81391684946654,-48.4671476199862,-1.93985074125235,-0.0360733675171459,-0.0932668867067671,0.0185267298802443,0.00640118217730912
-2.82797062266862,-48.5875612885549,-1.79359293345569,-0.0220957967443051,-0.0975283331459856,0.00804202354223182,-0.0228853354227088
-2.75844130092679,-48.700179562308,-1.59332400227041,-0.00225257700723932,-0.0999746262650001,0.0717818987490642,-0.0126436474881446
-2.72778788877948,-48.8098743100732,-1.58007306313508,-0.000927660328477585,-0.0999956971390018,0.0315810724757952,-0.00969905062620846
-2.77184616248861,-48.9520813427843,-1.49688205745742,0.00738469848453239,-0.0997269583828392,-0.0514429721936707,-0.0424800743282434
-2.68194441790506,-49.0707369620717,-1.34858825376824,0.0220383942166006,-0.0975413203742583,0.0678633503669479,-0.0211142989131439
-2.67209916217151,-49.1621363156377,-1.28036306610702,0.0286367367653768,-0.0958119893720537,-0.0187914810318199,0.00441263580611029
-2.65984358112455,-49.2280500337525,-1.23610696937196,0.0328475779963318,-0.0944512393765953,-0.0205919969493729,0.0285375212617565
-2.65949151047554,-49.3574434144357,-1.35811329977007,0.0211083229760302,-0.0977468091609112,-0.0207562523270242,-0.0316465715222698
-2.66086808640982,-49.416789253197,-1.59477273969972,-0.00239741157572634,-0.099971257958158,0.00102083564145206,0.040625419196882
-2.6286793111885,-49.4980922030352,-1.79157962316493,-0.0218993972984548,-0.0975726211494005,0.0540881725197693,0.0162696713111519
-2.59828429111832,-49.5465633313896,-1.49832154129665,0.00724113553821566,-0.0997374852105125,0.0231538845319643,0.0512663568561127
-2.52254028111325,-49.6560394534549,-1.43264170777403,0.0137715552314576,-0.0990471820220389,0.0619724547736107,-0.0104289400432291
-2.4610568716908,-49.6636655939335,-1.5210977575363,0.00496781129732081,-0.0998765280279316,0.0565155981251322,0.09225038754927
-2.42070560366358,-49.7087070325182,-1.72874897322959,-0.0157296670824398,-0.0987551394787917,0.0560809351096574,0.0537137008940762
-2.44477607411707,-49.7782615004578,-1.8692523262778,-0.0294044814963404,-0.095579163356515,0.00533401104285813,0.0260246954169885
-2.44261671691942,-49.8489531292129,-1.72064540706505,-0.0149288905708343,-0.0988793619838036,0.0170882477684797,0.0281877332286484
-2.40162590926856,-49.9735851860477,-1.61530138785354,-0.00444903706477626,-0.0999009813224888,0.0454398447156392,-0.024731075512288
-2.43767454467413,-50.0950481732365,-1.76825365347881,-0.019617670212789,-0.0980568560347631,-0.0164309651927783,-0.0234061311539735
-2.48420382890709,-50.0991339255038,-1.9611500983079,-0.0380515597802728,-0.0924774502151109,-0.00847772445268991,0.0883916979478183
-2.51671310736997,-50.1632980291172,-1.94293586003094,-0.0363609348120368,-0.0931551524049787,0.00385165634915596,0.0289910487914948
-2.46940501299397,-50.247845703315,-1.97149924155147,-0.0390065673416042,-0.0920787038583021,0.0863146617176076,0.00753102966054442
-2.53671671737251,-50.3586637779509,-2.07640117342164,-0.0484336698122433,-0.0874881685059105,-0.0188780345663053,-0.0233299061299599
-2.52097603144821,-50.4649148778902,-2.12243510524032,-0.0524083625253374,-0.0851666809110981,0.0681490484496456,-0.0210844190282318
-2.51926342545419,-50.5476561824535,-2.10576714157562,-0.0509815932082981,-0.0860283508730908,0.0526941992023127,0.00328704630981314
-2.51609410060143,-50.7069838719487,-2.08129696043414,-0.0488614110946728,-0.0872500000334521,0.0520307359474388,-0.0720776894618167
-2.51481166881403,-50.792124780219,-2.17191589720484,-0.0565566140662626,-0.0824702940782912,0.0578390458536617,-0.00267061419197123
-2.50699620627906,-50.8391228125485,-2.25399794403151,-0.0631279287312066,-0.0775555582412228,0.0709433912661681,0.0305575259116866
-2.55502659843832,-50.9990575550412,-2.25442050547036,-0.0631606950825086,-0.0775288758895315,0.0151303029232537,-0.0824058666031791
-2.62342793684294,-51.1380691680446,-2.32399838558863,-0.0683978172316837,-0.0729502474152157,-3.52117293545007e-06,-0.0660613655881113
-2.75535253359156,-51.2689196325108,-2.49052512452315,-0.0795437290977115,-0.0606035903328334,-0.0523808676509065,-0.070246874133411
-2.79101451455233,-51.329649231434,-2.3500338988348,-0.0702737194487447,-0.0711449531227558,0.0346117384879769,0.0104153541995924
-2.90957271247049,-51.4177095118744,-2.23906441368177,-0.0619627545363063,-0.0784895983571928,-0.0565954433818554,-0.00957068208323886
-2.99793971278918,-51.5063837555857,-2.21264468786013,-0.0598676982947179,-0.0800990555555597,-0.0284993020239788,-0.00857518815575897
-3.00934642188001,-51.5905775468665,-2.26212664693222,-0.0637562622767632,-0.0770398534558353,0.0523495531859326,-0.007153937824949
-3.08344118804682,-51.7328508713168,-2.50137124592411,-0.0801963514576837,-0.059737301687268,0.00610158529087501,-0.0825360227629917
-3.13404969403971,-51.8145555046388,-2.77127093685989,-0.0932210959625077,-0.0361915358550715,0.0426125899696235,-0.0455130974669924
-3.24785369186091,-51.8544917121172,-2.90757728956777,-0.0972743135446169,-0.0231885300186012,-0.0165296842765814,-0.0167476774597359
-3.26274126539259,-51.9563589292884,-2.79098865087098,-0.0939165430301359,-0.0343465128545625,0.0790289694984496,-0.067520704316709
-3.34630328914368,-52.0105519816269,-3.00064067678346,-0.0990082705727616,-0.0140485713932351,0.0154462468216736,-0.0401444809452061
-3.44429899530344,-52.0028192066624,-3.14085237500269,-0.0999999725993819,-7.40278519494497e-05,0.00200426643961871,0.00780680281644131
-3.50137815900831,-51.9693512375646,-3.08772098272065,-0.0998549272443053,-0.00538456173095881,0.0427757635394395,0.0388525308287067
-3.6120108554196,-52.0134082579591,-2.99352528020037,-0.0989058039315745,-0.0147526929287145,-0.0117268924797194,-0.0293043274657521
-3.7322626567176,-52.0576085196544,-2.74870268443971,-0.0923806466214479,-0.0382859782401229,-0.0278711546765464,-0.00591428345515155
-3.73682487592468,-52.1072146955786,-2.68332701094361,-0.0896821114142975,-0.0442393364809366,0.0851198922072123,-0.00536683944327887
-3.82204321272844,-52.2376999938329,-2.53348125615387,-0.0820728474388441,-0.0571318450015421,-0.00314548936491388,-0.0733534532527811
-3.92187607616564,-52.3881132017855,-2.24566394515332,-0.0624793959984592,-0.0780789669223903,-0.0373534674387366,-0.0723342410301875
-3.90060957227362,-52.4835238575329,-2.24125638448606,-0.0621346524492933,-0.0783535893562352,0.083401156341306,-0.017057066391204
-3.95219596853345,-52.5955936385985,-2.23530424018164,-0.0616671826817811,-0.0787220336379329,0.010080786421951,-0.0333477474276034
-4.0481824871179,-52.6627610551806,-2.03025789696296,-0.0443465581241421,-0.0896291402532797,-0.0516399604603004,0.0224617236711007
-4.06273971108353,-52.7258624100943,-2.22226844352322,-0.060635767783176,-0.079519203123175,0.0460785438175364,0.0164178482095361
-4.12005729945927,-52.8291652227496,-2.50652673959507,-0.080503259602506,-0.0593230578558753,0.0231856712267735,-0.0439797547994853
-4.27159506435529,-52.9814157166268,-2.50867012891398,-0.0806302269930635,-0.0591503718927198,-0.0709075379029636,-0.0931001219844285
-4.34545555899877,-53.1656216814091,-2.47659989518097,-0.0786921253597766,-0.061705343418226,0.00483163071629855,-0.122500621364041
-4.4302473148145,-53.3270709892543,-2.20931705763913,-0.0596008272877978,-0.0802978292770739,-0.0251909285279335,-0.0811514785681879
-4.44508951306837,-53.4020521252966,-2.25905241321108,-0.0635191228572482,-0.0772354907503397,0.0486769246033822,0.00225435470803692
-4.45033815094094,-53.5393066710816,-2.5250922890509,-0.0815906879801722,-0.0578183330347926,0.0763420501076064,-0.0794362127501937
-4.5386472917114,-53.6753110307555,-2.31840409299388,-0.0679886440414611,-0.0733317412953183,-0.0203204967290018,-0.0626726183785911
-4.52016417729442,-53.7518367278078,-2.33794860453191,-0.0694088008533725,-0.0719890155794402,0.0878919152703483,-0.0045366814728407
-4.55853490273244,-53.9147118072119,-2.2094133751063,-0.0596085610948612,-0.0802920883038933,0.0212378356568426,-0.0825829911001836
-4.56849945335832,-54.0343361621849,-2.42629154043208,-0.0754895791952115,-0.0655844755481806,0.065525028569331,-0.0540398794248258
-4.58807609805629,-54.2834003046207,-2.29851551397836,-0.0665168298586977,-0.0746693467598925,0.0469401851607252,-0.174394795675949
-4.66690498166231,-54.3774223415802,-2.10744851284272,-0.0511261666747565,-0.0859425103260605,-0.0277027169312607,-0.00807952663337996
-4.75090974752103,-54.4584064326605,-2.08623034173792,-0.0492912522681392,-0.0870078872852264,-0.0347135135905852,0.00602379620485749
-4.79252892993049,-54.5865096556647,-2.10414238637972,-0.0508417509683783,-0.0861110698950454,0.00922256855891845,-0.0419921531090672
-4.83406045750374,-54.7709802626732,-2.14266366960736,-0.0541203224715204,-0.0840891829879363,0.0125887948982717,-0.100381424020632
-4.9684503445909,-54.9215913079882,-2.33898845198746,-0.0694836209092949,-0.0719168021072502,-0.0649062661778643,-0.0786942432076829
-5.01301919351477,-55.0985459402495,-2.39263165848709,-0.0732396699815807,-0.0680878163916948,0.0286708210577169,-0.108866815869676
-5.08599049123845,-55.230430736472,-2.3554223969127,-0.0706560618083966,-0.0707652522762976,-0.00231523591528671,-0.0611195439461403
-5.19760646060811,-55.3336779313696,-2.19699005209639,-0.0586064923028944,-0.0810264096449471,-0.0530094770667668,-0.0222207852526246
-5.22133343996958,-55.377341895393,-2.26373639197864,-0.0638801941405639,-0.0769371223569212,0.0401532147790968,0.0332731583335093
-5.23971297347837,-55.437910698944,-2.02451983174031,-0.0438315330318441,-0.0898821267665511,0.025451999523054,0.0293133232154847
-5.30436697607573,-55.6107814946645,-2.00394272315112,-0.0419728700763893,-0.090764961177486,-0.022681132520975,-0.0821058345430181
-5.26177135548893,-55.7686586163248,-1.85703171512746,-0.0282342791253608,-0.0959313581800613,0.0708298997121641,-0.0619457634801623
-5.31227984836166,-55.8360895396455,-1.90853780891772,-0.0331357015142801,-0.0943505446998402,-0.0173727913584534,0.0269196213791174
-5.33904437015205,-55.9651441222173,-1.7915971285828,-0.0219011053446047,-0.0975722377763497,-0.00486341644578214,-0.031482344795454
-5.34514757879191,-56.1115857992396,-1.57609187959829,-0.000529552805300601,-0.099998597859302,-0.00557365583455738,-0.046443079162982
-5.37278000324169,-56.2708872134901,-1.75577633076274,-0.0183926878666397,-0.0982939928634521,-0.00923973658314381,-0.0610074213871084
-5.42599060207294,-56.3904917696209,-1.85497514040071,-0.0280369295492828,-0.0959892211732575,-0.0251736692819629,-0.0236153349574977
-5.37831121968689,-56.5061620088723,-1.72208517825938,-0.0150712387053949,-0.0988577653190937,0.0627506210914435,-0.0168124739323146
-5.31202368686509,-56.6164366339609,-1.68542474420995,-0.0114377552278581,-0.0993437353603518,0.0777252880496535,-0.0109308897282938
-5.28065137955633,-56.7125075037566,-1.7656393971083,-0.0193612577073793,-0.0981078065190964,0.0507335650161389,0.00203693672343075
-5.31517532711555,-56.8434658694488,-1.68484797811624,-0.0113804552304202,-0.0993503157455899,-0.0231434923287939,-0.0316080499466178
-5.306267724499,-56.9790388388101,-1.70826225618037,-0.0137033392032975,-0.0990566428599282,0.0226109418198455,-0.0365163265013466
-5.2376050581772,-57.1824473810824,-1.94591870087387,-0.0366386396356435,-0.0930462792681655,0.105301305957445,-0.110362263004152
-5.23801435083442,-57.3949418812112,-1.70419319145261,-0.0133001589791613,-0.0991115824267226,0.0128908663219409,-0.113382917702015
-5.24463488339967,-57.5928171453476,-1.69396634634387,-0.0122858823306965,-0.0992424158077396,0.0056653497654402,-0.0986328483286885
-5.29458404600464,-57.7607131660216,-1.65038426374569,-0.00795039420456521,-0.0996834551567712,-0.0419987684003971,-0.0682125655172729
-5.25583169065513,-57.897679925646,-1.4440744515875,0.0126382988283898,-0.0991981522142642,0.0261140565211129,-0.0377686074101469
-5.26058249929008,-58.0002425694508,-1.32153098024015,0.0246692077705897,-0.0969093916396728,-0.0294200164055374,-0.00565325216508761
-5.26061213430045,-58.1780137311896,-1.45326515200961,0.0117260773956625,-0.0993101158438099,-0.0117557124060292,-0.0784610458949579
-5.23511303686784,-58.3631051667777,-1.32003060344939,0.0248145805512625,-0.0968722694689502,0.000684516881343633,-0.0882191661192024
-5.12530047540842,-58.5051283353421,-1.28838070212956,0.0278676389227127,-0.0960385063444518,0.0819449225367128,-0.0459846622199365
-5.09623559978314,-58.6814563812722,-1.47945484777183,0.00912145176254179,-0.0995831266718595,0.0199434238627392,-0.0767449192582887
-5.12500366939372,-58.8120255945163,-1.43606718825525,0.0134321909091822,-0.0990937750183092,-0.0422002605197651,-0.0314754382257565
-5.08933406519881,-59.0067510897577,-1.19063615285316,0.0371069212529471,-0.092860521187034,-0.00143731705804218,-0.101864974054367
-5.03808617189461,-59.1685626340839,-1.30758697559301,0.0260180707450426,-0.0965559940899889,0.0252298225591616,-0.0652555502362517
-4.92786707939701,-59.2941176509908,-1.11771757030016,0.0437735725634866,-0.0899103683955815,0.066445519934117,-0.035644648511246
-4.83763639411014,-59.4316866038462,-1.23195739113656,0.0332392268779646,-0.0943141229962681,0.0569914584088975,-0.0432548298591762
-4.82553113214605,-59.7113238833645,-1.34890692593443,0.0220073093942494,-0.0975483384442082,-0.00990204743015077,-0.182088941074081
-4.84680266831586,-59.8821440036301,-1.39883529765393,0.0171114782970317,-0.0985251100506374,-0.0383830144668478,-0.0722950102149813
-4.86090874244282,-60.0012768305072,-1.55350760318063,0.00172878623606638,-0.0999850553740407,-0.0158348603630278,-0.0191477715030697
-4.85061385613171,-60.1894642443148,-1.54265385676058,0.00281387553818484,-0.0999604026825403,0.00748101077292418,-0.088227011125019
-4.86916421673395,-60.3814155759923,-1.63514184693178,-0.00643011272089123,-0.0997930541189948,-0.0121202478813469,-0.0921582775585605
-4.87851296055841,-60.5559536811535,-1.54127240031316,0.00295196375200408,-0.0999564200539758,-0.0123007075764612,-0.0745816851072068
-4.79138105236267,-60.6379426292808,-1.5177473072411,0.00530241413096808,-0.0998593230719281,0.0818294940647721,0.0178703749446338
-4.77022169659523,-60.716940493758,-1.64445267996619,-0.00735897704442879,-0.0997288596989837,0.0285183328118688,0.0207309952218413
-4.75640233986407,-60.7793325294899,-1.58960195993058,-0.00188045247141621,-0.0999823179292356,0.0156998092025713,0.0375902821972467
-4.79753778148667,-60.9303652886707,-1.71818307054404,-0.0146853712950183,-0.0989158221414929,-0.0264500703275745,-0.0521169370392158
-4.84880198436303,-61.0736665661091,-1.74176860209537,-0.0170140528675748,-0.0985419809270108,-0.0342501500087922,-0.0447592965114207
-4.92248834656011,-61.2140922585787,-1.81628432519678,-0.02430297213525,-0.0970018842363037,-0.0493833900618252,-0.043423808233257
-4.94826942510833,-61.3627995864227,-1.70853786536641,-0.0137306396032071,-0.0990528623316199,-0.0120504389450105,-0.0496544655124751
-4.9987964424762,-61.4495654276976,-1.76104246115691,-0.0189100594239226,-0.0981957720708164,-0.0316169579439496,0.011429930796
-5.0583492118419,-61.6057179974798,-1.59045706005832,-0.00196594666634114,-0.0999806734009384,-0.0575868226993563,-0.0561718963812829
-5.20605452045102,-61.7331179590489,-1.91860915146616,-0.0340842416105562,-0.0940120443019575,-0.113621066998569,-0.0333879172671399
-5.2273565287183,-61.9281909620343,-1.83663612952262,-0.0262719663010813,-0.0964872208464668,0.00496995803379985,-0.0985857821389047
-5.22377673650282,-62.1331090523768,-1.69915780821066,-0.012800927673925,-0.0991772970527375,0.0163807198894101,-0.10574079328979
-5.2364428802863,-62.2974746909934,-1.59426594505544,-0.00234674637190356,-0.0999724601151035,-0.0103193974115792,-0.0643931785015042
