X,Y,Theta,FmPi_x,FmPi_y,Xi_x,Xi_y
0,0,5.53671285003355,0,0,0,0
0.0552654217533004,-0.129636007536615,5.34356180838603,0.059009202982083,-0.0807335987270438,-0.0037437812287826,-0.0489024088095717
0.0701863284742611,-0.181898582144564,5.39948694464066,0.0634296321464413,-0.0773090018417463,-0.0485087254254807,0.0250464272337978
0.106526840752697,-0.193924919617734,5.39924251431196,0.0634107335870585,-0.0773245036579679,-0.0270702213086221,0.0652981661847978
0.189560109674331,-0.233968238957832,5.59037855481525,0.076945637722006,-0.0638699368682466,0.00608763119962769,0.0238266175281487
0.264434659675499,-0.223984838044665,5.75018888869155,0.0861288409967627,-0.0508116398923944,-0.011254290995595,0.0607950408055616
0.323730913528615,-0.359139873311063,5.71937321233094,0.084522402757243,-0.0534412147330354,-0.0252261489041265,-0.0817138205333626
0.363296047252065,-0.47890214911295,5.58974662617093,0.0769052611185773,-0.0639185482648303,-0.0373401273951276,-0.055843727537057
0.480842580869872,-0.542312928323154,5.68143763577685,0.0824347545474701,-0.0566084025803446,0.035111779070337,-0.0068023766298597
0.625024356374501,-0.581652191534441,5.88651965703652,0.0922354328468646,-0.0386345043652889,0.0519463426577642,-0.000704758845997827
0.752803134652607,-0.652220312821546,5.79733111279949,0.0884276393845709,-0.0466963873642521,0.0393511388935354,-0.0238717339228525
0.890162008179794,-0.703333335247037,5.65423301197522,0.080864431450751,-0.0588297860453937,0.0564944420764359,0.00771676361990212
0.93834263626053,-0.774676952462466,5.66587552938253,0.0815438623328982,-0.0578843546723408,-0.0333632342521627,-0.0134592625430886
1.01195690953325,-0.853764173235104,5.77522289823231,0.0873737400828052,-0.0486397938312079,-0.0137594668100859,-0.0304474269414294
1.13107036155392,-0.873463713401861,5.77946756770077,0.0875794121959429,-0.0482684841217655,0.0315340398247305,0.0285689439550087
1.19279336300353,-0.979448152737269,5.68977054271766,0.082903599630782,-0.0559195240346251,-0.0211805981811718,-0.0500649153007836
1.25882214403296,-1.09914751271404,5.62011569065601,0.0788106478967261,-0.0615538932814023,-0.0127818668672995,-0.0581454666953732
1.34958463766042,-1.15006437503012,5.80233400668983,0.0886601488580325,-0.0462534107333883,0.00210234476942558,-0.0046634515826865
1.51687218394072,-1.18055919263727,6.07155819886752,0.0977690433378971,-0.021005098542792,0.0695185029424079,-0.00948971906436369
1.65480028520746,-1.22083615647156,6.00470206174692,0.0961473496367071,-0.0274897646013347,0.0417807516300327,-0.0127871992329518
1.77429836160641,-1.29490233516216,5.95329937106887,0.0946079298982145,-0.032393511701798,0.024890146500729,-0.0416726669888031
1.86158909957386,-1.31655629364914,5.94016593228684,0.0941743447138246,-0.0336332097445626,-0.00688360674636707,0.0119792512575864
1.95880245135633,-1.37450269977398,5.98402758590102,0.095558506060419,-0.0294715442333933,0.00165484572204636,-0.028474861891448
1.99739103463717,-1.42891517164965,5.74081742857252,0.0856488866365258,-0.0516165498452149,-0.047060303355687,-0.00279592203045123
2.04379034341717,-1.53794048232933,5.58405074048542,0.0765399428233887,-0.0643555526166343,-0.0301406340433847,-0.0446697580630503
2.09269721161837,-1.6273576858559,5.42314252023487,0.0652405041799007,-0.0757870478007447,-0.0163336359786978,-0.0136301557258224
2.14504764213862,-1.66510897373122,5.46448692819412,0.0683172303880157,-0.0730257217157816,-0.0159667998677676,0.0352744338404617
2.19825845268241,-1.76179838872312,5.54068167110545,0.0736778074522578,-0.0676134652937418,-0.0204669969084711,-0.0290759496981634
2.23366350661671,-1.88199654326964,5.36706206512867,0.0608899951316067,-0.0793247029170164,-0.0254849411973046,-0.0408734516295002
2.26871905299812,-1.96911331240711,5.36052531950061,0.0603701725383011,-0.0797210277636694,-0.0253146261568954,-0.00739574137380106
2.24792841846652,-2.10301521761284,5.40606863699236,0.0639370787001653,-0.0768898560753554,-0.0847277132317639,-0.0570120491303778
2.27993107061236,-2.24038818376093,5.26355274629155,0.0523679013729278,-0.0851915659311138,-0.0203652492270854,-0.052181400216972
2.27853736246518,-2.36886941319788,5.25101103867924,0.0512953631363014,-0.0858416316289187,-0.0526890712834829,-0.0426395978080338
2.29704252106821,-2.42648417632848,5.21168069809227,0.0478803842212238,-0.0877921910355812,-0.0293752256181941,0.0301774279049805
2.38001379334776,-2.44495744671524,5.45448938745054,0.0675837507685558,-0.0737050651723051,0.0153875215109903,0.0552317947855454
2.50812580651136,-2.53070940794469,5.57331355720715,0.0758445467452584,-0.0651736505729602,0.0522674664183466,-0.0205783106564886
2.6055363158534,-2.63995761462103,5.52691456384549,0.0727400129407207,-0.0686213561319199,0.0246704964013215,-0.0406268505444227
2.66091307715629,-2.73217382976216,5.52130869623852,0.0723541897662554,-0.0690280466424243,-0.0169774284633701,-0.0231881684987019
2.70920595031528,-2.84536209222502,5.53273229147173,0.0731380000739233,-0.0681970156618807,-0.0248451269149286,-0.0449912468009794
2.80013525586937,-2.84675948198537,5.81928755795266,0.0894315296908966,-0.0447437313726323,0.00149777586319305,0.043346341612278
2.77574271794928,-2.92928790420758,5.75090010734788,0.086164957396606,-0.0507503706079185,-0.110557495316697,-0.0317780516142918
2.81761255755204,-2.94589527484385,5.78641697741123,0.0879127321837742,-0.0476586982615345,-0.0460428925810132,0.0310513276252715
2.88312336190314,-3.00839518007603,5.83342387778243,0.090055084671649,-0.0434750701526994,-0.0245442803205566,-0.0190248350794827
2.94099099802698,-3.10294982479757,5.85844708909857,0.0911146639861644,-0.0412082274150244,-0.0332470278623184,-0.0533464173065193
3.01206612209538,-3.20325427213864,5.87581494350878,0.0918165848241023,-0.0396196258341549,-0.0207414607557004,-0.0606848215069107
3.08383728311044,-3.26543118986376,5.77070750440243,0.0871532222836447,-0.0490338234851986,-0.0153820612685862,-0.0131430942399277
3.16464021693388,-3.32807187435928,5.82482656192195,0.0896779922278614,-0.0442476859279627,-0.00887505840442643,-0.0183929985675525
3.26688726016752,-3.38960896182835,5.86398600647066,0.0913415141083632,-0.0407029212758948,0.0109055291252797,-0.0208341661931719
3.31555370199224,-3.43455516439128,5.72000260501441,0.0845560215234243,-0.0533880063696913,-0.0358895796987078,0.00844180380676218
3.31347013246821,-3.50459601765057,5.57803982208467,0.0761517264439093,-0.0648144625806,-0.0782352959679335,-0.00522639067869402
3.37822884680118,-3.56988089783616,5.68200513061867,0.0824668662481418,-0.0565616121694838,-0.0177081519151784,-0.00872326801610646
3.42162811215876,-3.56625502563326,5.89524718215645,0.0925690994236124,-0.0378280561475391,-0.0491698340660248,0.0414539283504365
3.46524287169733,-3.60033385923068,5.87244451736861,0.0916825285470903,-0.0399288612310941,-0.0480677690085186,0.00585002763367415
3.5091981999657,-3.60870297961082,6.1027389179379,0.0983763677893259,-0.0179468732814183,-0.0544210395209603,0.00957775290128315
3.61603681056386,-3.61585717406787,5.98487730598194,0.0955835141225808,-0.0293903356220781,0.0112550964755777,0.0222361411650227
3.70398913811621,-3.59466832666345,6.10359740173793,0.0983917386359911,-0.0178624121603665,-0.0104394110836386,0.0390512595647903
3.76899108358142,-3.56008164129991,6.07307498520917,0.0978007911065515,-0.0208567796874942,-0.0327988456413436,0.05544346505103
3.79879657415421,-3.53130475810831,6.20706619422026,0.0997104338876803,-0.00760456270475448,-0.0699049433148907,0.0363814458963546
3.88457600616766,-3.59035479169748,6.1601677623181,0.099244287940181,-0.0122707502316053,-0.013464855926734,-0.046779283357564
3.94600828728556,-3.66223883888727,6.40875133775433,0.0992126938576699,0.012523632759877,-0.0377804127397633,-0.0844076799496681
3.99001153736811,-3.68105280560506,6.36123078931758,0.0996955996939506,0.0077966275827152,-0.0556923496114018,-0.0266105943004976
4.10710213971451,-3.70868017953382,6.22042347416964,0.0998031122577762,-0.0062720637482192,0.0172874900886204,-0.021355310180546
4.16730857126951,-3.66173314302591,6.23753353391431,0.0998958138761621,-0.00456359178927925,-0.0396893823211586,0.0515106282971873
4.26396416341481,-3.60299337347451,6.32591117126674,0.0999087389112566,0.00427128659332999,-0.00325314676595823,0.0544684829580708
4.30353062120716,-3.70207544628881,6.31635547903072,0.0999449920288364,0.00331640895485434,-0.0603785342364845,-0.102398481769152
4.38663375484303,-3.77721868847317,6.26718448266794,0.099987198953868,-0.00160001417481757,-0.0168840653180045,-0.0735432280095375
4.48029354061115,-3.87593989496011,5.96439235518834,0.0949614423429596,-0.0313420559016916,-0.00130165657483183,-0.0673791505852483
4.53695216523284,-3.94089328019829,5.89624614628471,0.0926068420997546,-0.0377355640783481,-0.0359482174780672,-0.0272178211598356
4.59500958593369,-3.94920975352428,5.93739528297,0.09408079753911,-0.0338940044020325,-0.0360233768382587,0.02557753107604
4.66589771402598,-3.90769952573989,6.2214712557986,0.0998096292255089,-0.00616748845693586,-0.0289215011332189,0.0476777162413228
4.77869279895081,-3.8735666712471,6.21005607459266,0.0997327249119479,-0.00730640688969175,0.0130623600128792,0.0414392613824903
4.91980217555476,-3.78798052742036,6.33174751787957,0.0998821087557906,0.00485431256682368,0.041227267848156,0.0807318312599077
5.02681560315351,-3.73394398310579,6.51583350562528,0.0973059251850235,0.0230555182957704,0.00970750241372942,0.0309810260188087
5.11377848350788,-3.7340318526403,6.44381659748631,0.0987126510624208,0.0159941401841036,-0.0117497707080489,-0.0160820097186158
5.21398677385652,-3.73049871542049,6.42925347035938,0.0989350999909071,0.0145549300853429,0.00127319035773099,-0.0110217928655385
5.26216642252576,-3.72874206946995,6.49623422277605,0.0977390793240403,0.0211440860026856,-0.0495594306548015,-0.0193874400521424
5.26544478556433,-3.73308175494482,6.46266975237304,0.0983935861589897,0.0178522324310849,-0.0951152231204138,-0.0221919179059568
5.39262437495302,-3.72249424507417,6.5200406596251,0.0972080661919424,0.0234646940577314,0.0299715231967477,-0.0128771841870753
5.48735650835859,-3.67978140790621,6.54199935580532,0.0966694183492529,0.0255934279848777,-0.00193728494368317,0.0171194091830805
5.50863764661077,-3.63827095542986,6.50130700445611,0.0976305628892058,0.0216396208362541,-0.0763494246370311,0.0198708316400932
5.56715148660048,-3.60052418010589,6.56601518732768,0.0960269537820977,0.0279074210082351,-0.0375131137923841,0.00983935431573779
5.62346575561159,-3.59894754038462,6.41663144643468,0.0991109269464233,0.0133050426463332,-0.0427966579353212,-0.0117284029250627
5.66455653109844,-3.58393035835534,6.30436023538461,0.09997758195844,0.0021173345846639,-0.0588868064715833,0.0128998474446147
5.72110750455515,-3.64446641968493,6.18782364468279,0.0995456521370561,-0.00952171941448744,-0.0429946786803517,-0.0510143419151001
5.76211347599171,-3.61935432638948,6.32887910247417,0.0998956220165737,0.00456778961006789,-0.0588896505800067,0.0205443036853827
5.74410606137728,-3.58412429197252,6.3292819072568,0.0998937739850057,0.00460802767272614,-0.117901188599434,0.0306220067442262
5.81709569484866,-3.55606344722923,6.37950682049299,0.0995364668519264,0.00961726398906468,-0.0265468333805539,0.0184435807542307
5.87823425629019,-3.58903065645193,6.34559186612914,0.0998053342607269,0.00623660589620443,-0.0386667728191912,-0.0392038151189088
5.8758911233189,-3.60145037425492,6.25937571044985,0.0999716564942034,-0.00238073471957538,-0.102314789465501,-0.0100389830834139
5.89763387612108,-3.58827355841146,6.49853522372805,0.097690168060138,0.0213689275440297,-0.0759474152579489,-0.00819211170056533
5.9766845070932,-3.58045308049928,6.44647514471013,0.098669781091474,0.016256515597157,-0.0196191501193603,-0.00843603768497481
6.06529930125952,-3.60766931799794,6.36183455495068,0.0996908741872836,0.00785681893486108,-0.0110760800209584,-0.0350730564335275
6.1217165216574,-3.6133220488941,6.53868011228861,0.0967538364919234,0.0252724182478478,-0.0403366160940504,-0.0309251491440011
6.20486683503637,-3.63686477746994,6.37960598802878,0.0995355126421263,0.00962713472789869,-0.0163851992631565,-0.0331698633037394
6.24961035800533,-3.59711949775842,6.60767007076128,0.0947815120136958,0.03188204793293,-0.050037989044728,0.0078632317785825
6.32148867264443,-3.58949975689132,6.62980422318829,0.0940526707603886,0.0339719755510031,-0.0221743561212921,-0.0263522346838997
6.38142645355453,-3.55298249123053,6.59064668750667,0.0953104928211792,0.0302640043316139,-0.0353727119110832,0.00625326132917625
6.50757930019937,-3.49866449377657,6.67359767849964,0.0924752202422701,0.038056978875676,0.0336776264025693,0.0162610185782875
6.65008064413931,-3.49335835098695,6.61832100833584,0.0944365686580721,0.0328897324417399,0.0480647752818748,-0.0275835896521285
6.80696811992768,-3.44532383042379,6.55118301466429,0.0964303038405703,0.0264801152039658,0.0604571719477958,0.0215544053591946
6.93284568093201,-3.37631990450527,6.55600794663203,0.096301417136899,0.0269450748268579,0.0295761438674313,0.0420588510916631
7.00262824511594,-3.38352513183253,6.43136442614733,0.0989041547658528,0.0147637451228415,-0.0291215905819175,-0.0219689724500958
7.03903964603108,-3.38330977618671,6.45032962677245,0.0986063878297283,0.0166367147950911,-0.0621949869145875,-0.0164213591492763
7.09534502961058,-3.35496389264794,6.49907968084976,0.0976785191166065,0.02142211248189,-0.0413731355371096,0.00692377105688435
7.17114251073268,-3.23644037070409,6.65903674458166,0.0930195426535672,0.0367064665218704,-0.0172220615314647,0.0818170554219751
7.29956302084151,-3.12180366760104,6.67777524062519,0.0923154283723737,0.0384429666444351,0.0361050817364563,0.076193736458621
7.48235167307758,-3.08129885701648,6.72440880109641,0.0904229851827338,0.0427046104143698,0.0923656670533295,-0.00219979982981011
7.53430492030226,-3.04712121747892,6.79486891990607,0.0871921369688935,0.0489645918067099,-0.0352388897442142,-0.0147869522691507
7.56968997462484,-2.93806741162016,7.025518936304,0.0736893011464658,0.0676009385774005,-0.0383042468238843,0.0414528672813577
7.5821016018407,-2.91667812172314,6.92915632874348,0.0798515613657997,0.0601974098067676,-0.0674399341499425,-0.0388081199097521
7.66789193854248,-2.89939902970041,6.96578939569282,0.0775932651444026,0.0630815757906414,0.00819707155738225,-0.0458024837679071
7.71110977349383,-2.87492044791403,7.01601637854454,0.0743283463067624,0.0668976601631327,-0.031110511355414,-0.0424190783767575
7.811178948871,-2.81736877604793,6.93154637052223,0.079707459110448,0.0603880862600916,0.02036171626672,-0.00283641439398585
7.93371981650144,-2.68801972923341,6.68555169988857,0.0920136899252825,0.0391596841960449,0.0305271777051574,0.0901893626184775
8.05622774063206,-2.60451295202956,6.73629720496346,0.0899089176335805,0.0437765522849623,0.0325990064970463,0.0397302249188817
8.13220893052695,-2.59923621889539,6.66544951237378,0.0927822415783895,0.0373022204123209,-0.016801051683502,-0.0320254872781455
8.27735882948952,-2.51867338654252,6.67429266324873,0.0924487488915439,0.0381212385474065,0.0527011500710262,0.0424415938054606
8.31211222829168,-2.41431180833569,7.05080743417848,0.0719563959607036,0.0694426171766764,-0.0372029971585426,0.0349189610301478
8.38114436737035,-2.3767797060492,7.15819634175729,0.0640988388605882,0.0767550575318939,0.00493330021807648,-0.0392229552453974
8.45419369973526,-2.19136435648924,7.28247947134302,0.0540896111604893,0.0841089410497307,0.0189597212044263,0.101306408510232
8.57266141775818,-2.14712590242835,7.2314961395786,0.0583056254073058,0.0812431784574123,0.0601620926156101,-0.037004724396525
8.71048070811395,-2.00161113307381,7.17394034527901,0.0628825128445686,0.0777546756044462,0.0749367775112044,0.06776009375009
8.78496815668123,-1.88163073687525,7.25156915997215,0.0566631929060327,0.0823971029205137,0.0178242556612436,0.0375832932780478
8.80992581128268,-1.75169624584896,7.51589989654779,0.0331678028687968,0.0943392646402156,-0.00821014826734112,0.0355952263860716
8.82161054988056,-1.70647678804955,7.52985756116152,0.031847859043349,0.0947930054083896,-0.0201631204454698,-0.0495735476089744
8.80003858804456,-1.5871131985512,7.40869879568449,0.0430713155936856,0.0902488879323681,-0.0646432774296832,0.0291147015659807
8.85419079918881,-1.45899550259485,7.28622379343679,0.0537743017637952,0.0843108799018032,0.000377909380450347,0.0438068160545494
8.89600779584989,-1.45151844417594,7.47951046793491,0.0365780393861212,0.0930701189140068,0.00523895727495649,-0.0855930604951025
8.94978845404169,-1.37617567578958,7.52683398931045,0.032134326493236,0.0946962779671203,0.0216463316985716,-0.0193535095807552
9.01160791458241,-1.2227265387114,7.65437607609638,0.0198282735809576,0.0980144865149979,0.0419911869597605,0.0554346505631753
9.0453911373359,-1.08884183031424,7.87498893110397,-0.00210057520540028,0.0999779354848181,0.0358837979588875,0.033906772912347
9.08980267067349,-1.02151516830823,7.91314919740723,-0.00591330471684701,0.0998250110309321,0.0503248380544434,-0.0324983490249205
9.17631193051552,-0.897967437869288,7.70848459669757,0.0144984233163075,0.0989433965524792,0.0720108365257219,0.0246043338864603
9.25657760156539,-0.807503942552364,7.70936647348679,0.014411161804992,0.0989561438993575,0.0658545092448781,-0.00849264858243343
9.30207965913034,-0.7048705135997,7.67923827155894,0.0173855414022451,0.0984771189167861,0.0281165161627046,0.00415631003587741
9.33506456990675,-0.664033553674463,7.67860103840307,0.0174482907534263,0.0984660202800128,0.0155366200229849,-0.0576290603547754
9.3925350783858,-0.579209699758463,7.80944401220263,0.00445228990961996,0.0999008364057113,0.0530182185694217,-0.0150769824897111
9.38050315645298,-0.487527358485578,7.99047677543326,-0.013607169768241,0.0990698992171601,0.00157524783542029,-0.00738755794427526
9.31661961207082,-0.44052155466315,7.70095143480503,0.0152433615109611,0.0988313711826673,-0.0791269058931203,-0.0518255673602397
9.29396008358302,-0.3466309773868,7.56100228727431,0.0288805892482163,0.0957387673028842,-0.0515401177360113,-0.0018481900265338
9.33046067486349,-0.244780570452531,7.6019372935428,0.0249384227722316,0.096840461944548,0.0115621685082388,0.00500994498972118
9.41909009353751,-0.122121456722118,7.6670790926105,0.0185816276362661,0.0982584506003792,0.0700477910377562,0.0244006631300338
9.41580709005059,0.0530950050364682,7.69297761046901,0.0160309325544065,0.0987066826584506,-0.0193139360413312,0.0765097791001354
9.44133701744553,0.163143342494144,7.66944125640732,0.01834947345635,0.0983020692756501,0.00718045393858957,0.0117462681820258
9.47146546847245,0.220002306080619,7.62264192070049,0.0229281752348203,0.0973360096798783,0.00720027579210214,-0.0404770460934035
9.47866975010524,0.18650184124355,7.75344363451203,0.0100368713878997,0.0994950310957425,-0.00283258975510536,-0.132995495932811
9.44294849717065,0.231651413362038,7.95475874162494,-0.0100606611773566,0.0994926283534334,-0.0256605917572348,-0.054343056234946
9.37358108132799,0.258169596353724,8.10421250112691,-0.0247627642711012,0.0968855278442239,-0.0446046515715579,-0.0703673448525373
9.28768605188976,0.342200161716253,8.27937947226704,-0.041268319519774,0.0910874623865098,-0.0446267099184603,-0.0070568970239806
9.23888493867167,0.419051243138766,8.04067144482043,-0.0185607246448765,0.0982624012563151,-0.0302403885732159,-0.0214113198338025
9.20694885220576,0.489207365295617,8.10826993771533,-0.0251556662462251,0.0967842572720819,-0.00678042021968062,-0.0266281351152305
9.11684981493784,0.577945759523183,8.3295031029356,-0.0457802123527615,0.0889054112916422,-0.0443188249151603,-0.000167017064076846
9.03593283491105,0.640984754740466,8.35781928009817,-0.0482789851282238,0.0875736238543818,-0.0326379948985667,-0.0245346286370984
8.9038079108314,0.657656289178812,8.44060997709867,-0.0553556218994364,0.083281181092289,-0.0767693021802101,-0.0666096466539429
8.84591821594791,0.617062374326809,8.39029362601396,-0.0510969265897797,0.0859598981681497,-0.006792768293711,-0.126553813020152
8.75335026734563,0.634566187662558,8.38957519922881,-0.0510351575152917,0.0859965853821497,-0.041532791086984,-0.0684927720464014
8.71540514150265,0.661161029529774,8.21040543962144,-0.0348925038828898,0.0937150637452834,-0.00305262196009326,-0.0671202218780671
8.70921757140284,0.748461377584107,8.25658063228637,-0.0391810860362979,0.0920045786741955,0.0329935159364876,-0.00470423061986258
8.72309573554489,0.790736587914495,8.25999458830963,-0.0394949566822545,0.0918702802687944,0.0533731208243053,-0.0495950699384065
8.6729167172163,0.842805612790166,8.11048636801055,-0.0253701198411307,0.0967282638076724,-0.0248088984874568,-0.0446592389320013
8.69211655667685,0.909944886740167,8.12990186169707,-0.0272432472203339,0.0962174905144162,0.046443086680886,-0.0290782165644148
8.71544313001472,0.997721669794026,7.95051979751602,-0.00963882836144275,0.0995343809335179,0.0329654016993075,-0.0117575978796596
8.75454289459685,1.07569272732724,8.01848109118398,-0.0163758565838765,0.0986500447092869,0.0554756211660017,-0.0206789871760684
8.77267152356451,1.1680655513112,7.88612532724564,-0.00321381583219609,0.0999483435970638,0.0213424447998634,-0.00757551961310421
8.81050123469457,1.21515010669994,7.74410354744826,0.0109657123380979,0.0993969474024132,0.0268639987919619,-0.0523123920136752
8.8590532349703,1.27764729043796,7.47910202715321,0.0366160499661413,0.0930551711882636,0.0119359503095886,-0.0305579874502464
8.91353112715129,1.36250647679187,7.37614887727421,0.0459855758768119,0.0887993626738277,0.00849231630417924,-0.0039401763199145
8.9505491573206,1.44403823508444,7.45251329615168,0.0390770350721275,0.0920488203616522,-0.00205900490282263,-0.0105170620690833
9.03839574670181,1.51513393593069,7.39804094825621,0.0440307100563915,0.0897847234886313,0.0438158793248224,-0.0186890226423846
9.08517186297236,1.62643521711445,7.3349298813511,0.0496057007315949,0.0868289954734445,-0.00282958446104997,0.0244722857103159
9.09378630636885,1.75360612021132,7.56684186603998,0.0283210259306163,0.0959057844461811,-0.0197065825341214,0.0312651186506885
9.12163190410538,1.82854090716384,7.67369053827172,0.017931595850775,0.0983791536365528,0.00991400188574643,-0.0234443666840325
9.22203508168167,1.92026465989266,7.7494354191734,0.0104355872047959,0.0994540020295367,0.0899675903714974,-0.00773024930071586
9.29667490276866,1.98729622996951,7.69003756566653,0.0163210649211028,0.0986591244631795,0.0583187561658849,-0.0316275543863322
9.38412753166596,2.13374901968793,7.59754912245203,0.0253631338166205,0.0967300958492247,0.062089495080685,0.0497226938692037
9.48393022813946,2.19140799115163,7.53080946883681,0.0317576104384434,0.0948232786779706,0.0680450860350563,-0.0371643072142736
9.57702477897254,2.33504889198378,7.41753143665772,0.0422725098279485,0.0906257960673781,0.0508220410051314,0.0530151047647689
9.68693026020631,2.36294767322283,7.50730384443697,0.0339775127047468,0.0940506705473107,0.0759279685290246,-0.0661518893082584
9.76679139965641,2.45267378220137,7.76720589884353,0.00866668721705471,0.0996237347858518,0.0711944522330463,-0.00989762580731646
9.77130516982096,2.55954889745362,7.85987953598774,-0.000589786781998355,0.0999982607426338,0.00510355694654119,0.0068768545096205
9.81050549332337,2.62243501269178,7.68274934025082,0.0170396750226278,0.0985375536286711,0.0221606484797834,-0.0356514383905133
9.88689066856586,2.75001194921891,7.46345828073186,0.0380672417190135,0.092470996036088,0.0383179335234791,0.035105940491045
9.95808865363732,2.84525739416803,6.97301905891338,0.0771351827541502,0.0636408955113287,-0.00593719768269407,0.0316045494377859
10.0546469737268,2.94217094495182,7.04170360826019,0.0725855988864343,0.0687846700529825,0.0239727212030467,0.0281288807308093
10.1591278996976,3.03193244698444,6.8349218191469,0.0851615584505112,0.0524166859146987,0.0193193675202488,0.0373448161179188
10.2480269321005,3.03888118288562,6.83200908382993,0.0853138729106626,0.0521684108343671,0.00358515949225313,-0.0452196749331848
10.3405207664003,3.10529990716457,6.92531522338012,0.0800821963230313,0.059890248221889,0.0124116379767698,0.00652847605706119
10.411785881236,3.14633353125932,7.0578631396774,0.0714646422756707,0.0699485875798106,-0.000199527439895819,-0.0289149634850572
10.4735496415003,3.23011886237561,6.94037152591693,0.0791714278604434,0.061089156243466,-0.0174076675961643,0.0226961748728267
10.5052486905612,3.29805262200026,7.02687212973257,0.0735977565611106,0.0677005925319085,-0.0418987075002542,0.000233167092738462
10.5772059227051,3.31550768907373,7.05273754007419,0.0718222304092408,0.0695813712069683,0.000135001734650864,-0.0521263041334961
10.6245404750148,3.34050088324082,7.1578354886662,0.064126531986441,0.0767319222709295,-0.0167919796767655,-0.0517387281038404
10.6915333490948,3.37521419492944,7.09668145586622,0.068696200857233,0.0726693332003446,-0.00170332677715734,-0.0379560215117298
10.6758206093899,3.40877869932051,7.1470824233533,0.064947912068539,0.0760379426203611,-0.0806606517734612,-0.042473438229286
10.7391092847334,3.46782172432913,7.05194375278234,0.071877440584124,0.0695243377176347,-0.00858876524058672,-0.0104813127090149
10.8246536179281,3.57673949252378,6.86835646366156,0.0833617561172264,0.0552342069468917,0.00218257707746994,0.0536835612477584
10.8970434377824,3.71134640850652,7.05073569405462,0.07196137759749,0.0694374548372236,0.000428442256771078,0.0651694611455129
10.9787552042491,3.80981791131739,7.03437014678335,0.0730880722875673,0.0682505215312479,0.00862369417914732,0.0302209812796219
11.0467226396705,3.89867445348098,7.03914707059023,0.0727612120895547,0.0685988776530552,-0.00479377666812342,0.0202576645105399
11.0600691025719,3.92460044699851,6.93811591668752,0.0793090196051991,0.0609104211876929,-0.0659625567038284,-0.0349844276701645
11.0955063460427,3.89913349173419,6.72903659406456,0.0902243895236205,0.0431226104855679,-0.0547871460528773,-0.0685895657498867
11.1141399943449,3.91000158801275,6.76317833538349,0.0886998142187983,0.0461772991582517,-0.0700661659165769,-0.0353092028796962
11.1606288096294,3.91119333139603,6.62375093532627,0.0942565885042335,0.0334020287339495,-0.047767773219709,-0.0322102853506674
11.2360591158183,3.89973230903647,6.69343627690919,0.0917020755059599,0.0398839484993555,-0.0162717693170884,-0.0513449708589127
11.2649455283037,3.92246329658814,6.68420262085363,0.092066435685121,0.0390355148581069,-0.0631800231996942,-0.0163045273064362
11.3684142010066,3.94652449939162,6.46985888721568,0.0982627024989644,0.0185591297640817,0.00520597020396418,0.0055020730393982
11.5004271235357,3.94386048451695,6.47463853535088,0.0981728743213794,0.0190285771270119,0.0338400482076466,-0.0216925920016846
11.5505184468027,3.9750828986577,6.60368784663312,0.0949077216118869,0.0315043549123067,-0.0448163983448626,-0.000281940771560185
11.5767051320731,4.04756762042818,6.50188211998401,0.0976181014618931,0.0216957661071361,-0.0714314161914533,0.050788955663341
11.5988656411145,4.12095020362832,6.76184581238534,0.0887612677652478,0.0460590636542471,-0.0666007587238755,0.0273235195458961
11.6492050103913,4.16572931588539,6.70993668734239,0.0910315205656356,0.0413915723729875,-0.0406921512888316,0.00338753988408147
11.6767035458767,4.19815740496457,6.90493656281497,0.0812859668043307,0.0582459578055444,-0.0537874313189006,-0.0258178687263642
11.7363267382759,4.23004989107558,6.77560244333251,0.0881192715334615,0.0472757229919553,-0.0284960791342859,-0.015383236880945
11.7576921893319,4.31799372927406,6.73039801545617,0.090165597883373,0.0432454038983784,-0.0688001468274164,0.0446984343001036
11.7696912648134,4.41333935202711,6.71889022083868,0.0906572759062597,0.0422049561693447,-0.078658200424756,0.0531406665837042
11.8383058437309,4.41012526387702,6.81437492301499,0.0862205069672485,0.0506559392204967,-0.0176059280497063,-0.0538700273705881
11.954718141893,4.53207997585937,6.8397178638935,0.0849091872000212,0.0528245201495646,0.0315031109621162,0.0691301918327905
12.0463168003062,4.61118121510314,7.02236130845976,0.0739023920342271,0.0673679185638046,0.0176962663789273,0.0117333206799601
12.1305026252,4.70010326053671,7.03974399845611,0.0727202505471057,0.0686422986238527,0.0114655743466996,0.0202797468097227
12.2146319205159,4.78757287674007,6.89997416978858,0.0815740041074635,0.0578418693843442,0.00255529120848297,0.0296277468190107
12.2498662248049,4.86323003851539,6.78760204203085,0.0875456513562441,0.0483296899287691,-0.0523113470673118,0.0273274718465515
12.2892588089132,4.95390017075646,6.62747292057721,0.0941316140572596,0.0337526181943731,-0.0547390299489707,0.0569175140467002
12.3734723959774,5.03399769852514,6.46656993765212,0.0983232109680106,0.0182358488955157,-0.0141096239037499,0.0618616788731685
12.4384673417146,5.12651547269643,6.52330353589764,0.0971309864786599,0.0237817464809124,-0.0321360407414955,0.0687360276903763
12.4890565904521,5.19679181252036,6.39525750513332,0.0993726481723994,0.0111837737461258,-0.0487833994349152,0.0590925660778052
12.5272885107091,5.23135697586026,6.33415103048145,0.0998701528626151,0.00509436622141429,-0.0616382326056151,0.029470797118476
12.581994216328,5.28963957351525,6.19648799569834,0.0996244141527372,-0.00865887433353244,-0.0449187085337868,0.0669414719885251
12.6040088277667,5.28038297571838,5.96075575582713,0.0948468361687565,-0.0316871846142421,-0.0728322247300492,0.0224305868173742
12.7032988096073,5.27383608999538,5.93088503507334,0.0938581470053518,-0.03450577112197,0.00543183483525933,0.0279588853989645
12.7557557755786,5.26842586742945,5.84941459677458,0.0907387392380922,-0.0420295277332675,-0.0382817732668532,0.0366193051673457
12.8672006441652,5.23443898661271,6.03143469840512,0.0968477829710772,-0.0249099765874464,0.014597085615569,-0.00907690422930052
12.9282627257221,5.1690151498825,6.07849605673315,0.0979124195650897,-0.020326290731706,-0.0368503380082603,-0.0450975459985024
12.9895910279987,5.10442017533043,6.1460938650524,0.0990617676398492,-0.0136662427926817,-0.0377334653632442,-0.0509287317593903
13.0843540859631,5.0414097998877,6.26118125335749,0.0999757920575402,-0.00220022782172134,-0.00521273409306655,-0.0608101476210063
13.2600818010668,4.98938500269132,6.30052147247438,0.0999849732449976,0.00173352969317344,0.0757427418586354,-0.0537583268895554
13.3552640420406,4.89658713389672,6.48082283947848,0.0980533192283047,0.0196353402902054,-0.00287107825450494,-0.112433209084805
13.4646143966405,4.86410835324496,6.55335943504284,0.0963724436379977,0.0266899252011119,0.0129779109619652,-0.0591687058528736
13.6446785509164,4.88253683003344,6.43999748197188,0.0987730144899633,0.0156170294411424,0.0812911397859248,0.00281144734734307
13.7610603041349,4.86740758249166,6.27106389771676,0.0999926536615813,-0.00121211126347883,0.0163890995569278,-0.0139171362783039
13.9010084995428,4.83479412166725,6.39125478144073,0.099416617545875,0.0107859239630745,0.0405315778619535,-0.043399384787479
13.9854542352212,4.86839160046761,6.5909853207131,0.0953002389598052,0.0302962778935635,-0.0108545032813994,0.00330120090679364
14.1463184781158,4.87387875696533,6.35608824487241,0.0997343757608817,0.00728383769638354,0.0611298671337379,-0.00179668119866117
14.2470136274808,4.91744573321434,6.38868439900124,0.0994440130489466,0.0105303498859692,0.00125113631607521,0.0330366263630384
14.3573803588242,4.98501807058192,6.61434540102421,0.0945665786689864,0.0325140307996779,0.0158001526743758,0.0350583065678993
14.4913817193511,5.00562369985531,6.60042062712214,0.0950101465154247,0.0311941029542049,0.0389912140114768,-0.0105884736808131
14.5641782168827,5.03873704431034,6.60735935374978,0.0947914137328472,0.0318525961662183,-0.0219949162011828,0.00126074828881007
14.7347420173036,5.09228623513035,6.67380666598607,0.0924672647905085,0.0380763042082866,0.0780965356303618,0.0154728866117264
14.879605091891,5.19814082663122,6.7017956759359,0.0913654695173982,0.0406491202840282,0.0534976050699671,0.0652054712168431
14.9947183832175,5.31009336391299,6.8178056647005,0.0860462124591678,0.0509514408180157,0.0290670788673755,0.0610010964637526
15.0121290859998,5.48558325877071,6.83730596284633,0.0850363476223867,0.0526195741435125,-0.0676256448400829,0.122870320714206
15.081345920233,5.5804537605384,6.9605181558652,0.0779247037196652,0.0626716885858551,-0.00870786948649416,0.0321988131818383
15.1917882608818,5.71927789129702,6.78819692157396,0.087516885523676,0.0483817604912822,0.0229254551251032,0.0904423702673385
15.2788900436911,5.7215370550901,6.77363381307651,0.0882121691387156,0.0471021572313056,-0.00111038632938487,-0.0448429934382319
15.3288688824656,5.79130590465557,6.82998107991362,0.0854194951402384,0.0519952868055056,-0.0354406563657272,0.0177735627599694
15.3269487969695,5.89667060340961,6.93120851447684,0.0797278570409008,0.0603611531671297,-0.0816479425370247,0.0450035455869098
15.3423751099595,5.99111196515848,7.27039023411096,0.0551024467936306,0.0834489086648538,-0.0396761338035914,0.0109924530840114
15.3085084722399,6.03985924713118,7.2236212771693,0.0589435897895068,0.0807815153529961,-0.0928102275091298,-0.0320342333802961
15.3507864752795,6.16923175683772,7.06335356517568,0.0710795195563819,0.0703399026131962,-0.0288015165167796,0.0590326070933483
15.3921608571677,6.20877362580076,6.74119039777609,0.0896936350198222,0.0442159681216065,-0.0483192531315884,-0.00467409915856432
15.4562867507458,6.31135187904938,6.78700672308099,0.0875744074215077,0.0482775637824837,-0.0234485138434244,0.0543006894661322
15.6017743700859,6.39011068431775,6.9817165893725,0.0765787536000576,0.064309365547031,0.0689088657400259,0.0144494397213446
15.7774096270798,6.4507924431626,6.74449091743274,0.0895472110776317,0.0445117623580338,0.0860880459162274,0.0161699964868169
15.9227011796263,6.53233938753435,6.90297347197351,0.0814001522103529,0.0580862739391276,0.0638914003362188,0.0234606704326211
16.0276949704557,6.574662695171,6.81932617734277,0.085968640711489,0.0510822162226633,0.0190251501179004,-0.00875890858601491
16.1239429382205,6.55460838337711,6.88758155703689,0.0822845337889365,0.056826538686932,0.0139634339758135,-0.0768808504808184
16.2272164374096,6.58197743738396,6.98642873541109,0.0762748694113849,0.0646695005104894,0.0269986297777423,-0.0373004465036463
16.3233234114768,6.60702577436869,6.85722274723085,0.0839715387163172,0.0543026765971444,0.012135435350916,-0.0292543396124142
16.4652988169989,6.62978584659634,6.73981262772418,0.0897544693067709,0.0440923489900451,0.0522209362152557,-0.021332276762389
16.6057752096681,6.62196361411947,6.80214077678618,0.0868337712574832,0.0495973403440455,0.0536426214117711,-0.0574195728209197
16.7221606372358,6.67659962540708,6.76130320155011,0.0887862468441857,0.0460108940504673,0.0275991807234703,0.00862511723714277
16.8177922721335,6.73632851986016,6.75353546878309,0.0891409650151679,0.0453198450589211,0.00649066988255531,0.0144090493941642
16.9268650068737,6.75846205099291,6.58210136221726,0.0955656255472268,0.0294484501080658,0.0135071091929275,-0.00731491897532277
17.0414428324839,6.803371113909,6.46256719973628,0.0983954164350896,0.0178421418155249,0.0161824091751177,0.027066921100567
17.1294936489655,6.70698059758472,5.97288506711776,0.0952241936139599,-0.0305344551379434,-0.0071733771323832,-0.0658560611863304
17.2960120373844,6.74173625445641,5.99016989826721,0.0957377257426931,-0.0288840417811789,0.0707806626762901,0.0636396986528652
17.4327951994704,6.78327848131849,6.05466746555806,0.0974003224206483,-0.0226534145848646,0.03938283966533,0.0641956414469477
17.5861120905606,6.83681795218649,6.02088801238095,0.0965796838748236,-0.0259299954230452,0.0567372072153403,0.0794694662910366
17.7531167302831,6.83592987890774,6.14350210002059,0.0990260152783727,-0.0139229414308721,0.0679786244441429,0.0130348681521212
17.8276146240374,6.78021467603252,6.21498235998536,0.0997675080431119,-0.00681500835418518,-0.0252696142887883,-0.0489001945210275
17.9250856167895,6.69713540884106,6.27341850661092,0.0999952305182463,-0.000976664529291592,-0.00252423776612321,-0.0821026026621661
18.085935406304,6.61425387481853,6.21231033096728,0.0997489420079242,-0.00708156538484028,0.0611008475065176,-0.0757999686376905
18.1891719278798,6.56948175842223,6.20036429411892,0.0996572299877687,-0.0082726362886918,0.00357929158803594,-0.0364994801076095
18.2931172119313,6.4658662210696,6.17233936355998,0.0993862876066897,-0.0110619092276317,0.00455899644481161,-0.0925536281250043
18.4298979965288,6.3598206103683,6.29793999687635,0.0999891151540698,0.00147541543511271,0.0367916694434645,-0.107521026136405
18.5408885561664,6.31483387079779,6.34475743179547,0.0998105035519485,0.00615332273706494,0.0111800560855961,-0.0511400623075753
18.6839805232731,6.28938125230785,6.20730566884304,0.0997122521283462,-0.00758068436838762,0.0433797149784214,-0.0178719341215561
18.8029756287112,6.22275766403733,6.0975384861685,0.0982817064536566,-0.018458227882364,0.0207133989844195,-0.0481653603881571
18.8712114219894,6.25496033630302,6.09515057856212,0.0982373497467237,-0.0186928626684061,-0.0300015564685296,0.0508955349340967
18.9288432423442,6.31775220442667,6.17798530707612,0.0994471581414156,-0.0105006065346858,-0.0418153377865789,0.0732924746583361
19.1032485248745,6.26572065618983,6.04824246948106,0.097252764958471,-0.0232787393974073,0.0771525175718102,-0.0287528088394295
19.187889274676,6.287234121092,6.10833580999543,0.0984752731517236,-0.0173959931505342,-0.0138345233502406,0.0389094580526981
19.211527842756,6.25625640730696,6.00099670727735,0.0960448305135981,-0.027845835085596,-0.072406262433631,-0.00313187869943965
19.26890128784,6.23741942827602,6.26942177245472,0.0999905284051162,-0.00137631001800371,-0.0426170833211144,-0.0174606690129366
19.4412236076277,6.15920547336786,6.2402639302086,0.0999079019101823,-0.0042908199572343,0.0724144178775863,-0.0739231349509226
19.486409024745,6.09926567329556,6.12752635539774,0.0987909587234176,-0.0155031117685452,-0.0536055416061951,-0.0444366883037617
19.536990878998,6.08982519878586,6.08662012451756,0.0980743187968944,-0.0195301815794204,-0.0474924645439085,0.0100897070697274
19.6587001413226,6.12606828166964,6.04565434698319,0.0971921910788635,-0.023530363220522,0.0245170712458076,0.0597734461042982
19.7296420973672,6.07564508448471,6.03181518823949,0.096857253953266,-0.0248731251882939,-0.025915297908673,-0.0255500719966379
19.8059454567861,6.00684652583691,6.10074654699393,0.098340415729625,-0.0181428397480806,-0.0220370563107619,-0.0506557188997141
19.8878862230837,6.03136545247154,6.11048092976356,0.098512363043089,-0.0171847120332764,-0.0165715967454787,0.0417036386679082
20.0193045028712,6.04659629490771,5.91391003401249,0.093258917314717,-0.036093965441425,0.0381593624728154,0.0513248078775923
20.07811164207,6.03016069678453,5.83928485778198,0.0903083429889055,-0.0429465154185786,-0.0315012037900979,0.0265109172954008
20.195331461858,5.97455108636089,5.93314018018487,0.0939357237943348,-0.0342940198173741,0.023284095993682,-0.0213155906062668
20.2812969890764,5.95758723837039,5.89802750603516,0.0926739157472657,-0.0375705381924282,-0.00670838852892652,0.0206066902019224
20.3858760990039,5.95534730310615,5.71360909004434,0.0842129586371645,-0.053927521708078,0.0203661512903388,0.0516875864438462
20.4185055023341,5.91315759238362,5.82019015256434,0.0894718787073523,-0.0446629927409353,-0.0568424753771886,0.00247328201840391
20.4628958760454,5.90835057889987,6.0278552786959,0.0967579994821997,-0.0252564751341641,-0.0523676257708827,0.0204494616504078
20.5735494352281,5.85955279526775,5.8995499645615,0.0927310079078932,-0.0374294025117454,0.0179225512748498,-0.0113683811203724
20.6458520915173,5.80997570438243,5.81015546775405,0.0890192025309265,-0.0455585511266314,-0.0167165462416976,-0.00401853975868782
20.6386273079497,5.77444071896629,5.70376828240208,0.0836781992133435,-0.0547536206694316,-0.0909029827809609,0.0192186352532915
20.7259392443641,5.71255980375455,5.73543576655672,0.0853698648609223,-0.0520767335153413,0.00194207155345216,-0.00980418169640074
20.7823267010511,5.63630506050145,5.63348665106072,0.0796266131621165,-0.0604946483280187,-0.0232391564751611,-0.0157600949250793
20.8773376176788,5.56583951232844,5.67577883659092,0.0821131008149887,-0.0570739754577119,0.0128978158127593,-0.013391572715294
20.9490263792174,5.46160778274413,5.52751901538206,0.0727814779341446,-0.0685773757861995,-0.00109271639556052,-0.0356543537981158
20.9448330633953,5.43253293627787,5.44860395318406,0.0671487964656743,-0.0741015460919099,-0.0713421122878009,0.0450266996256503
21.0107622791415,5.43579874649527,5.31875650240614,0.0569886333813934,-0.0821723534123317,0.00894058236488759,0.0854381636297392
21.1354472195466,5.43918409965419,5.33056744993975,0.0579551693040562,-0.0814935479098695,0.0667297711010288,0.0848789010687847
21.1885231540044,5.39440764769022,5.45461703978116,0.0675931588412352,-0.0736964373485146,-0.0145172243834943,0.0289199853845437
21.2798619032833,5.39623383011589,5.69878575319145,0.0834043501492628,-0.055169868371958,0.00793439912969873,0.0569960507976279
21.3932431344659,5.36300397126363,5.78630310855841,0.0879073047725446,-0.047668708474501,0.0254739264100496,0.0144388496222467
21.5374622343035,5.33699862190806,5.57929924505801,0.0762332948516298,-0.0647185039696103,0.0679858049859503,0.0387131546140321
21.6449709575648,5.31011594114737,5.66840453665988,0.0816899913589095,-0.0576779447603786,0.0258187319024312,0.0307952639996908
21.7027565683948,5.25753413054351,5.60556951327067,0.0779069679457323,-0.0626937344995706,-0.0201213571157881,0.0101119238957101
21.7301405802622,5.27675761177743,5.4696993390493,0.0686969406679143,-0.0726686338310351,-0.041312928800499,0.0918921150649554
21.8131019779817,5.22059475359379,5.43869448128099,0.0664112043950444,-0.0747633060451425,0.0165501933244834,0.0186004478615026
21.8901794557602,5.18989880661277,5.18100178238327,0.0451649068279602,-0.0892195673113341,0.0319125709504795,0.0585236203303139
21.8847804372776,5.09778837901029,5.12604842897681,0.0401962807999403,-0.0915655994893953,-0.0455952992825048,-0.000544828113084317
21.9037505034531,4.96272505078264,5.3243965399554,0.0574511796805853,-0.0818496301354447,-0.0384811135050744,-0.0532136980922061
21.9093901789506,4.82835754853193,5.2258611552148,0.049120461957754,-0.0871044213404626,-0.0434807864602673,-0.0472630809102428
21.95964354513,4.79911811991512,5.38968695225695,0.0626689707823915,-0.0779268894610568,-0.0124156046030219,0.0486874608442395
22.021790622455,4.66877867621585,5.34759011703584,0.0593339431780908,-0.0804952370450518,0.00281313414694506,-0.0498442066542147
22.0370738596463,4.60493785425787,5.35044721110163,0.0595636831583618,-0.0803253860781901,-0.0442804459670472,0.0164845641202083
22.1268931885404,4.541250266944,5.75609503115075,0.086427437844755,-0.0503020674285959,0.00339189104927939,-0.0133855198852717
22.1630539113833,4.44900426787152,5.70898106174316,0.0839624795692605,-0.0543166827464778,-0.0478017567263656,-0.0379293163259994
22.2240340586417,4.35138760607719,5.73568431686252,0.0853828059118711,-0.0520555132009641,-0.024402658653385,-0.0455611485933665
22.3591385521318,4.30394795638511,5.85975967874702,0.0911686749730361,-0.0410885957859465,0.0439358185170216,-0.00635105390613533
22.4860037192933,4.23261450705069,5.990991726046,0.0957614311172492,-0.0288053521133894,0.0311037360442776,-0.0425280972210355
22.6146121921185,4.15509628217026,5.88671904142583,0.0922431341305029,-0.038616113292019,0.0363653386947234,-0.038902111588403
22.7684269878792,4.06817790692754,5.86052732159138,0.0912001894747444,-0.041018598705596,0.0626146062859565,-0.0458997765371295
22.9344874688931,3.98569997948796,6.00474314395144,0.0961484788957021,-0.0274858146330561,0.0699120021181887,-0.0549921128065263
22.9493731830759,3.85701400822495,5.89066347797819,0.0923947349591574,-0.038251966639992,-0.077509020776428,-0.0904340046230152
23.0354799403294,3.75325385144228,5.78777088465436,0.0879771770459793,-0.0475396289322962,-0.00187041979245195,-0.0562205278503733
23.1257941093659,3.63654283867507,5.77746622862659,0.0874826352637106,-0.0484436634382308,0.00283153377278356,-0.0682673493289814
23.1948610892722,3.64395908724156,5.90414371760876,0.0929019703055693,-0.0370030257322711,-0.0238349903992803,0.0444192742987666
23.3008311429642,3.61225161755472,5.70316769949153,0.0836453000350997,-0.054803866488033,0.0223247536568929,0.0230963968011899
23.4497248048869,3.56073645799844,5.85647105337777,0.0910330572213558,-0.0413881926753677,0.0578606047014065,-0.0101269668809152
23.6041199815008,3.54100534282856,6.00323208190235,0.0961068363718278,-0.0276310695160127,0.0582883402419929,0.00789995434613333
23.70978273843,3.48050090696024,5.83143937347748,0.0899686309344121,-0.0436536991306299,0.0156941259948344,-0.0168507367376904
23.7882716539406,3.41712799096966,5.85693231062027,0.0910521381402877,-0.0413461986170671,-0.0125632226297072,-0.0220267173735067
23.9043199912605,3.26326779148477,5.78358028060429,0.0877771853779127,-0.0479078879427131,0.0282711519419894,-0.105952311542183
24.0266605299719,3.14283993353567,5.63345445172,0.0796246652330455,-0.0604972122211051,0.0427158734783848,-0.0599306457279971
24.1448681369609,3.07788463822449,5.86239595097505,0.0912766787636963,-0.0408481078370711,0.0269309282253054,-0.0241071874741048
24.1875642875289,3.06927582737527,5.77717835959327,0.087468686208558,-0.0484688449722996,-0.044772535640613,0.0398600341230801
24.3150661738139,3.08075505627688,5.71062781667379,0.0840518119491856,-0.0541783435337289,0.0434500743358204,0.0656575724353399
24.3684759927872,3.0539133786927,5.80452437535924,0.0887612481157712,-0.0460591015210947,-0.0353514291424699,0.0192174239369116
24.4977944742722,3.02518309295546,5.87696718671444,0.0918621753078802,-0.0395138045207531,0.03745630617715,0.010783518783513
24.6374252325048,2.92979711972884,5.62643271402959,0.0791979102375231,-0.0610548197443022,0.0604328479951015,-0.0343311534823141
24.7370685442698,2.82913051044054,5.75657331091869,0.08645148641977,-0.0502607251819184,0.0131918253451979,-0.0504058841063872
24.8818732898386,2.72475508296489,5.77005484226922,0.0871212012038464,-0.0490906946457158,0.0576835443650185,-0.0552847328299264
25.0150128642023,2.65077669812769,5.64606846896818,0.0803814232818621,-0.0594880390598153,0.0527581510817705,-0.0144903457773937
25.1066858410668,2.56928122791063,5.6451240293868,0.0803252045827569,-0.059563927915629,0.0113477722817199,-0.0219315423014279
25.2812910184285,2.39536810829294,5.55435209525913,0.0745951990470971,-0.0665999720654893,0.100009978314646,-0.107313147552202
25.4219554718232,2.37120243550416,5.67009396980639,0.0817873177651371,-0.0575398527351652,0.0588771356295421,0.03337417994639
25.4885393201064,2.27584329838271,5.61786722188132,0.0786720467884025,-0.0617309408167687,-0.0120881985051362,-0.0336281963046841
25.5213881811325,2.22443567462398,5.56187001619896,0.0750937796370914,-0.0660372944616598,-0.0422449186110707,0.0146296707029292
25.5466672178243,2.21169185966597,5.62444541332226,0.0790764196402841,-0.0612120891399215,-0.0537973829483982,0.0484682741819173
25.7441906183783,2.15241277373591,5.82897504836449,0.0898607809512204,-0.0438752783106476,0.1076626196027,-0.0154038076194127
25.8522542846716,2.04688904378253,5.84371194545617,0.0904975853769935,-0.0425462929164667,0.0175660809163496,-0.0629774370369156
25.9385829201668,1.93761252394635,5.77132065367638,0.0871832709523151,-0.0489803763363983,-0.000854635457123054,-0.0602961434997804
26.0847711184956,1.89548542087328,5.70387906365538,0.0836842643745818,-0.0547443503576863,0.0625039339542124,0.0126172472846138
26.1705456680464,1.76642418795794,5.75259706710989,0.0862509546287045,-0.0506040791402942,-0.000476405077890707,-0.0784571537750509
26.2482452299049,1.72916160675829,5.99660012240024,0.0959214760607839,-0.0282678338455648,-0.0182219142022748,-0.00899474735408301
26.3662618597328,1.70193282180987,6.04237851027008,0.0971145880996202,-0.0238486221455476,0.0209020417282524,-0.00338016280286624
26.4367351049625,1.65116668026806,5.97276383679161,0.0952204912122687,-0.0305459989735849,-0.0247472459826146,-0.0202201425682269
26.6044377830677,1.64891468771735,6.07534353083759,0.09784785396639,-0.0206348606530799,0.0698548241388546,0.0183828681023699
26.6723638951554,1.68788104800954,6.2860067108345,0.0999996019843348,0.000282139991170582,-0.0320734898966279,0.0386842203010132
26.7563634014716,1.69098517498117,5.87414531478501,0.0917503068128344,-0.0397728701472593,-0.00775080049667598,0.0428769971188958
26.7813112805931,1.6780647192314,5.57010482378288,0.0756350317868792,-0.0654166795748437,-0.0506871526653077,0.052496223825069
26.8412289514114,1.63321925979398,5.52696767849946,0.0727436576376988,-0.0686174924745088,-0.0128259868194291,0.0237720330370956
26.8612546828876,1.64984964995659,5.42185221464108,0.0651426614462449,-0.0758711648763872,-0.0451169299700862,0.0925015550389892
26.963854646319,1.62949132074988,5.54737842376115,0.0741289426316075,-0.0671185508210647,0.0284710207998773,0.0467602216143601
27.0568564322593,1.54978424480714,5.51655773152682,0.0720254246105121,-0.0693710185140411,0.0209763613297262,-0.0103360574286968
27.1696127670144,1.45797382330931,5.74770904428337,0.0860025713348096,-0.0510250695619417,0.0267537634202824,-0.0407853519358947
27.3122663472814,1.45903077016751,5.82712387889294,0.0897794064531492,-0.0440415505735235,0.0528741738138596,0.0450984974317314
27.4073506617657,1.49402000628319,5.70644405894914,0.0838244079339941,-0.0545295207618345,0.0112599065503474,0.0895187568775124
27.4888256185837,1.48744694325378,5.66301956553487,0.081378214376109,-0.058117004611009,9.67424418403251e-05,0.0515439415815941
27.5804189278682,1.49463842896568,5.60669365032846,0.0779773950562374,-0.0626061167957531,0.0136159142282561,0.0697976025076563
27.6673346141689,1.51387922255162,5.4771909617917,0.069239413786725,-0.0721519478494564,0.0176762725140125,0.0913927414353946
27.7659364742056,1.51367210558077,5.48223618710443,0.0696025538575729,-0.0718017026017049,0.0289993061791531,0.0715945856308562
27.8043259933515,1.41753575253965,5.33064714752482,0.0579616639589599,-0.0814889287640266,-0.0195721448130737,-0.0146474242770978
27.9401593596466,1.34770094751347,5.31305915905743,0.0565195468878999,-0.0824957018249223,0.0793138194071612,0.0126608967987503
27.9378112727407,1.2793423109585,5.21269353199925,0.0479692785552441,-0.0877436511372156,-0.0503173654611262,0.019385014582239
27.9048221177962,1.16023593139298,5.12821760889029,0.0403948083347778,-0.091478191169243,-0.0733839632792563,-0.0276281883962743
27.954830718907,1.0449507926017,5.20821494579895,0.0475758312870496,-0.0879576050000578,0.00243276982374674,-0.0273275337912229
28.0106620532306,0.984206081522629,5.30871283380002,0.0561604610226741,-0.0827405741925973,-0.000329126699095239,0.0219958631135266
27.9719100179442,0.879387071582982,5.09413808330759,0.0372544231223561,-0.0928014437270265,-0.0760064584087197,-0.0120175662126203
28.0046522247261,0.801459537371701,5.04151643491617,0.0323217440186995,-0.094632472564071,0.00042046276314367,0.0167049383527906
27.997445170345,0.759268175666769,5.10238459568521,0.0380184359671236,-0.0924910726860367,-0.0452254903482361,0.0502997109811045
28.0001343333066,0.679417532153213,5.04975554425434,0.0331003254448654,-0.094362961247748,-0.0304111624832262,0.0145123177341919
27.9564908411908,0.609246899278016,4.91778553416403,0.020395539422225,-0.0978980182213944,-0.0640390315380308,0.027727385346197
27.9474454873888,0.495962893756983,5.06624172273037,0.0346514414611205,-0.0938044647373809,-0.0436967952631315,-0.0194795407836521
28.0003713203797,0.433807023351302,5.08180593075255,0.0361071777414851,-0.0932538026867795,0.0168186552494607,0.0310979322810987
28.0244608484944,0.360122560413289,5.10244239158828,0.0380237815086947,-0.0924888752217208,-0.0139342533940103,0.0188044122837078
27.9423094227453,0.32845067652602,5.20872289059216,0.0476205027551413,-0.0879334277584331,-0.12977192850424,0.0562615438711639
27.9114519983263,0.253483023362638,5.20057791139388,0.0469027151545511,-0.088318374708387,-0.0777601395735903,0.0133507215450052
27.9571954850033,0.132046967247531,5.43873162960875,0.0664139816810175,-0.0747608389283686,-0.0206704950039656,-0.0466752171867378
28.0366977488168,0.0314986948280934,5.54589934705257,0.0740295880978309,-0.0672281197570294,0.00547267571562493,-0.0333201526624085
28.1489996190958,-0.0786602229276355,5.61794060428693,0.0786765765415121,-0.0617251675065171,0.0336252937375434,-0.0484337502492118
28.3011308936449,-0.11615109024246,5.88086740951795,0.0920155888678233,-0.0391552219417502,0.0601156856812273,0.00166435462692549
28.4752633650882,-0.2071236414589,5.68992457661986,0.0829122121497407,-0.0559067534063318,0.0912202592935376,-0.0350657978101079
28.6238821923939,-0.276141565684489,5.76178905006324,0.0867124561553306,-0.0498091351813086,0.0619063711503878,-0.0192087890442807
28.6838698988738,-0.352213750633698,5.56584967781802,0.0753559903737397,-0.0657379244788946,-0.0153682838938227,-0.0103342604703143
28.7357757821354,-0.307408438355613,5.62794555320892,0.0792901856962727,-0.0609349362209446,-0.0273843024346285,0.105740248499029
28.6957438507171,-0.347099896602642,5.44437289803498,0.0668346686307848,-0.0743849922297045,-0.106866600049152,0.0346935339826755
28.734478622475,-0.386338428440713,5.75168361776184,0.0862046943885816,-0.0506828438958514,-0.0474699226306889,0.0114443120577811
28.7657354391748,-0.403310452537388,5.96366632421282,0.0949386620134545,-0.0314109925837286,-0.0636818453136314,0.0144389684870531
28.8602822191369,-0.424894179525407,5.91019339826824,0.0931241253916966,-0.0364403247794469,0.00142265457042745,0.0148565977914287
28.9189039421811,-0.498773459324834,5.75575731942474,0.0864104453185743,-0.0503312521187947,-0.0277887222743793,-0.0235480276806325
29.0242830969822,-0.574647754054088,5.70213183076546,0.0835884855571855,-0.054890482619997,0.0217906692438992,-0.0209838121092573
29.1026943080074,-0.629078971238251,5.61978990508396,0.0787905903444137,-0.0615795653864071,-0.00037937931923393,0.00714834820224386
29.1989252866609,-0.64636668012997,5.76396062417871,0.0868204158426271,-0.0496207153607573,0.00941056281092756,0.0323330064690388
29.2606880244817,-0.635985760926468,5.75002571622948,0.0861205487898151,-0.0508256930709369,-0.0243578109690124,0.0612066122744381
29.3597676508771,-0.753222348712192,5.71869076571214,0.0844859123013234,-0.0534988843118536,0.0145937140940549,-0.0637377034738699
29.3972888009088,-0.782403640746794,5.656655629967,0.0810067161097559,-0.0586337099722797,-0.0434855660780273,0.0294524179376772
29.5434250432895,-0.884269334936385,5.62126877259846,0.0788815721705956,-0.061462977245616,0.0672546702100856,-0.0404027169439747
29.6903674839237,-0.927280614780243,5.81496458543822,0.0892372687214417,-0.0451299221264253,0.0577051719127137,0.0021186422825672
29.803597827927,-1.00341553354521,5.8479244791097,0.0906760095791198,-0.0421646924192193,0.0225543344242343,-0.0339702263457435
29.9262924833938,-1.03691305682942,5.9091654067716,0.0930866158490619,-0.0365360363171648,0.0296080396177034,0.00303851303295366
30.0158837811596,-1.10467205537931,5.77723859113361,0.0874716054030862,-0.0484635765106826,0.00211969236277243,-0.0192954220392062
30.1119667922445,-1.12563907322272,5.76321144210049,0.0867832165304376,-0.0496857457288425,0.00929979455444552,0.0287187278854294
30.1925822309268,-1.17276233419311,5.7441417969925,0.0858200054780185,-0.0513315366977541,-0.00520456679576897,0.00420827572736149
30.224820615022,-1.20375112962323,5.70533441980003,0.0837638482489405,-0.0546225020163711,-0.0515254641537264,0.0236337065862526
30.3404326169379,-1.28048021064712,5.72819902854859,0.0849907670573287,-0.0526931638356143,0.030621234858546,-0.0240359171882777
30.4571457853733,-1.27565716136991,6.06887966442208,0.0977124298011194,-0.0212669006289423,0.0190007386343287,0.026089949906159
30.6050308671394,-1.23326606330718,6.08497840579467,0.0980421235796352,-0.0196911656332362,0.0498429581864928,0.0620822636959624
30.6965360176266,-1.1552288555017,6.27808751187668,0.0999987006269664,-0.000509777322309229,-0.00849355013983977,0.0785469851277909
30.7778346917621,-1.04801790595131,6.16145851405246,0.0992600437554592,-0.0121426403086115,-0.0179613696199079,0.119353589858997
30.864839449776,-1.05779045470959,6.11118722363487,0.0985244759273731,-0.0171151290744905,-0.0115197179134972,0.00734258031620971
30.9533490047579,-0.992751637851551,6.2667118186223,0.0999864315155884,-0.00164727434829705,-0.0114768765337327,0.0666860912063395
31.0418944775463,-0.948740088239778,6.30068664051862,0.0999846855574707,0.00175004399193701,-0.011439212768982,0.0422615056198354
31.0763824942604,-1.00195690089626,6.09066337910282,0.0981524824241024,-0.0191334835820941,-0.0636644657100676,-0.034083329074389
31.1694485408594,-1.0120838122593,6.22299878720601,0.0998189338086816,-0.00601501897736309,-0.00675288720960876,-0.00411189238567633
31.2287757328684,-0.974777840117861,6.35440012829376,0.0997465296138473,0.00711546414465531,-0.0404193376048709,0.0301905079967842
31.3384130140956,-0.954508415008735,6.41127917625143,0.099180719187597,0.0127743861469363,0.0104565620395856,0.00749503896219028
31.4826143007819,-0.898458132935468,6.4226253906702,0.0990293973482645,0.0138988654515235,0.045171889338024,0.0421514166217428
31.6460152330258,-0.905530573069826,6.37161351729147,0.0996092772886575,0.00883130103842867,0.0637916549552806,-0.0159037411727861
31.7853750138834,-0.917364376549176,6.51146778281702,0.0974056515659659,0.0226304892348716,0.0419541292915695,-0.0344642927142217
31.955525397848,-0.855398672916519,6.72663762119621,0.0903275797732094,0.0429060407438684,0.0798228041914317,0.0190596628887886
32.0613494558371,-0.808467801245998,6.54578985836273,0.0965717121594307,0.0259596689230826,0.00925234582969026,0.0209712027474385
32.1328326064665,-0.704635795695696,6.69130541824215,0.091786854309733,0.0396884539371824,-0.0203037036804088,0.0641435516131195
32.303449229343,-0.720199354435291,6.40933561281051,0.0992053596773695,0.0125815981212142,0.0714112631992154,-0.0281451568608095
32.4248893822164,-0.711067173579518,6.48558328415432,0.0979587355983066,0.020101893442685,0.0234814172750357,-0.0109697125869114
32.484397206894,-0.746723902162394,6.52713534774233,0.0970391464481287,0.0241537586437106,-0.0375313217705142,-0.0598104872265868
32.6317551822879,-0.743331294127141,6.66739713893888,0.0927094148558798,0.0374828547082579,0.0546485605380083,-0.0340902466730045
32.7100899868235,-0.735152809375913,6.64816636380835,0.0934130522820066,0.0356931598959676,-0.0150782477464178,-0.0275146751447403
32.8758532565613,-0.747590926017934,6.59690967187916,0.09511908180448,0.0308603350058394,0.0706441879333168,-0.0432984516478605
32.9988977154515,-0.773600269777916,6.44866289641173,0.0986339797707887,0.0164723415025201,0.0244104791194713,-0.0424816852625015
33.1506789470581,-0.83954965348123,6.45608755064913,0.0985089608435327,0.0172042039492485,0.0532722707630227,-0.0831535876525628
33.2840046583209,-0.843342170964218,6.35739323606196,0.0997247854956509,0.00741398393891073,0.0336009257671648,-0.0112065014218984
33.3791544234694,-0.803752826602246,6.35025300869377,0.0997751804609286,0.00670174335446617,-0.00462541531245586,0.0328876010075059
33.4393468992976,-0.900905777658204,6.32159494339629,0.099926244060633,0.00384001926229618,-0.0397337682323637,-0.100992970318254
33.5275949410713,-0.889892016997683,6.36312818586286,0.0996806269508958,0.00798577552128471,-0.0114325851772548,0.00302798513923641
33.6690500515646,-0.879665209098343,6.35289733822375,0.0997571100260201,0.00696555807215202,0.0416980004673031,0.00326124982718712
33.7714788697894,-0.862289187094711,6.11077809861686,0.0985174654544027,-0.0171554364689613,0.00391135277043886,0.0345314584725932
33.919604602294,-0.905121526882369,5.89460846466293,0.0925449191018018,-0.0378871739305134,0.0555808134027633,-0.00494516585714411
34.0791285826032,-0.932223229727192,5.92102073229398,0.0935132107797844,-0.0354299225183406,0.0660107695294437,0.00832821967351716
34.1661493305049,-0.987598003188942,5.64280008439207,0.0801865645083229,-0.0597504382607574,0.0068341833933333,0.00437566479900753
34.1824558139042,-0.981412984640997,5.84306422691294,0.0904700083724061,-0.0426049009516132,-0.0741635249730583,0.048789919499558
34.3200726067802,-1.01093257916903,5.83937656118635,0.0903122809508449,-0.0429382336555157,0.0473045119251398,0.0134186391274852
34.4276499336633,-1.07091885165338,5.81578255850953,0.0892741539249031,-0.0450569133540317,0.018303172958176,-0.0149293591303176
34.5164945232402,-1.10995918220871,5.77078051725668,0.0871568021507476,-0.0490274600489914,0.0016877874261213,0.00998712949365699
34.6084720392401,-1.13666007981419,5.76648126441205,0.0869452158695941,-0.04940171492357,0.00503230013038325,0.022700817318089
34.6478766889635,-1.20559865646141,5.76155839853566,0.0867009652957583,-0.0498291342166781,-0.0472963155723698,-0.0191094424305399
34.7433667391221,-1.24725395036304,5.81530050993761,0.0892524239326525,-0.0450999425958181,0.00623762622592916,0.00344464869418493
34.8711040891052,-1.29533107126522,5.73616986005575,0.0854080710463914,-0.0520140500262628,0.0423292789367127,0.00393692912408861
34.92525090606,-1.34306281167564,5.72286701161757,0.0847085993888288,-0.0531455848550273,-0.0305617824340962,0.00541384444460258
34.9816586286807,-1.40715041221555,5.86045376407436,0.0911971720017458,-0.0410253070541099,-0.0347894493810463,-0.0230622934857962
34.974642090002,-1.42495674081766,5.81659055811147,0.0893105307470861,-0.0449847651730427,-0.0963270694257492,0.0271784365709268
35.027924061228,-1.46897229483088,5.83457169879279,0.0901049269361711,-0.0433716744180724,-0.0368229557102038,-0.000643879595143559
35.1055246062064,-1.54095916805625,5.71310731636524,0.0841858886258924,-0.0539697707635381,-0.00658534364740238,-0.0180171024618265
35.1810529622206,-1.59844797094995,5.78459122802651,0.0878255728706999,-0.0478191253572604,-0.012297216856574,-0.00966967753644721
35.2650779255716,-1.6729452578248,5.72707928108899,0.084931710751149,-0.0527882989769813,-0.000906747400164054,-0.02170898789787
35.3996925491572,-1.74439959812005,5.94083454357318,0.094196811205882,-0.0335702362017817,0.0404178123797689,-0.0378841040934624
35.4806955270404,-1.84313379047618,5.95175257245213,0.0945577105003235,-0.0325398123064197,-0.0135547326171148,-0.0661943800497123
35.5501508161319,-1.95444804311146,5.89652067449241,0.092617198086706,-0.0377101394663008,-0.0231619089952617,-0.0736041131689829
35.6272560795541,-2.00335349006516,5.99793492146026,0.0959591224765411,-0.0281397728052693,-0.0188538590543217,-0.0207656741484237
35.7123557891447,-2.02654966146336,5.95966361647982,0.0948121727893666,-0.0317907516576644,-0.00971246319871177,0.00859458025946669
35.7970352306539,-2.05157432118299,5.90259466668944,0.0928445392956192,-0.0371468911617677,-0.00816509778647978,0.0121222314421319
35.8756549598458,-2.099555135173,5.75246836223063,0.0862444409224559,-0.0506151796398375,-0.00762471173055035,0.0026343656498331
35.9697035949298,-2.20776458935868,5.62795251456686,0.0792906098842534,-0.0609343842521046,0.0147580251997961,-0.0472750699335847
36.0626501133485,-2.25062043612287,5.81658294680904,0.0893101883518465,-0.0449854449411997,0.00363633006686404,0.00212959817701153
36.1563128383893,-2.31813314301945,5.63133369127868,0.0794961861738617,-0.0606659408878715,0.014166538866877,-0.00684676600870682
36.2243010511094,-2.36952498464605,5.65893077867692,0.0811399067467615,-0.0584492560528091,-0.0131516940266014,0.00705741442620944
36.2524390327828,-2.4325968040417,5.61658057551833,0.0785925558006713,-0.0618321127952003,-0.0504545741273221,-0.0012397066004517
36.3353011624293,-2.52484499950033,5.56363559532881,0.0752102566016586,-0.0659046075924337,0.00765187304489645,-0.0263435878661937
36.3894538610837,-2.60975744715066,5.33854628834507,0.0586035414976337,-0.0810285438838384,-0.00445084284328634,-0.00388390376648773
36.484431059085,-2.76398216901911,5.52210107818586,0.0724088636240711,-0.0689706928243488,0.0225683343772354,-0.085254029044102
36.5833333166954,-2.83653428330935,5.51618785464586,0.0719997609482801,-0.0693976543075523,0.0269024966621199,-0.00315445998269248
36.7095130620572,-2.90089184461443,5.46841179483353,0.0686033196727489,-0.0727570239212588,0.0575764256890503,0.00839946261617941
36.7811347675031,-2.98313745150835,5.38444097445817,0.062259307593479,-0.0782545756999587,0.00936239785241555,-0.00399103119395683
36.875035476819,-3.08689655918551,5.38648330027011,0.0624189989775394,-0.0781272587938546,0.031481710338388,-0.0256318488833049
36.9703648544323,-3.13791557149391,5.5936681723761,0.0771553286725351,-0.0636164700170726,0.0181740489407709,0.0125974577086718
37.1224428723371,-3.25166023701508,5.59399639824319,0.0771762050871353,-0.0635911422161014,0.074901812817624,-0.0501535233050736
37.1598646186123,-3.38329553306048,5.5517286255689,0.0744202195353799,-0.0667954408946139,-0.0369984732601056,-0.0648398551507867
37.1903549756747,-3.54479409460686,5.50440494345922,0.0711770754147626,-0.0702411840404274,-0.0406867183523731,-0.0912573775059475
37.2332323486509,-3.67698938475359,5.54821715093818,0.0741852107041709,-0.0670563532618481,-0.0313078377279927,-0.0651389368848814
37.2771924653774,-3.78143950161729,5.6319127251271,0.079531300478371,-0.0606198997377846,-0.03557118375187,-0.0438302171259206
37.3290242460444,-3.81038293567892,5.76590382193653,0.0869166747271208,-0.049451912545218,-0.0350848940601194,0.0205084784835947
37.3811968220946,-3.84374546700839,5.85694004508081,0.0910524579281059,-0.041345494376661,-0.0388798818778713,0.0079829630471826
37.5027164500197,-3.92527061623659,5.82195908727154,0.0895507445996027,-0.0445046530337754,0.0319688833254295,-0.0370204961944254
37.5372778683176,-4.01760585894474,5.56816329895541,0.0755078812053605,-0.0655634034799687,-0.0409464629073906,-0.0267718392281757
37.6059253925437,-4.11491573871284,5.60189094257593,0.0776758180180181,-0.0629798959607884,-0.00902829379191528,-0.0343299838073154
37.7489216638239,-4.16847598270002,5.82351542702079,0.0896199004775935,-0.0443652278072167,0.0533763708025565,-0.0091950161799601
37.8623353254561,-4.23111734102153,5.90824064574401,0.0930527889483477,-0.0366221035569267,0.0203608726838918,-0.0260192547645799
37.98847792962,-4.28770249357177,5.66747510671392,0.0816363484740065,-0.0577538449614445,0.0445062556898814,0.00116869241120332
38.1063250807951,-4.41313655364252,5.65364848032372,0.0808300297659473,-0.0588770438119653,0.0370171214090917,-0.0665570162587903
38.2073349636145,-4.53107461497846,5.49444114698194,0.0704736850301998,-0.0709468795526921,0.0305361977891976,-0.0469911817832398
38.2615620793905,-4.6187123900909,5.61915629655264,0.0787515571934147,-0.0616294754124383,-0.0245244414173698,-0.0260082997000091
38.3448630471724,-4.70833151220923,5.46704160196885,0.0685035641500076,-0.0728509553729105,0.0147974036318748,-0.0167681667454116
38.4817172430293,-4.792616196354,5.79092756682641,0.0881268059656799,-0.0472616765496888,0.0487273898911813,-0.0370230075950857
38.5953132793828,-4.83710224385015,6.00836407431159,0.0962473725916662,-0.0271374882625673,0.0173486637618405,-0.0173485592335854
38.7443929739454,-4.86259016760111,6.07161329632284,0.0977702005169748,-0.0209997116854149,0.0513094940456899,-0.0044882120655414
38.8778844156569,-4.8150926232683,6.29609212435159,0.0999916708191524,0.00129064588259659,0.0334997708922852,0.0462068984502104
38.9308495152006,-4.79960777301989,6.30009597633271,0.0999857018041834,0.00169098631719086,-0.0470206022604264,0.0137938639312212
39.0003605721768,-4.76355798409713,6.22996773786041,0.0998584279328217,-0.00531924532104435,-0.0303473709566923,0.0413690342438058
39.0540974373389,-4.67681028556666,6.36801821523711,0.0996403846311497,0.00847311929318516,-0.0459035194690536,0.0782745792372799
39.1488285517204,-4.63409129043628,6.42329465078764,0.099020073214551,0.0139651387599609,-0.00428895883305191,0.0287538563704248
39.3150866623819,-4.59666816690725,6.52367845475052,0.0971220634271916,0.0238181610466586,0.0691360472343872,0.0136049624823738
39.488506382337,-4.59160022567396,6.63881318001425,0.0937428061464258,0.0348179019441671,0.0796769138086522,-0.0297499607108813
39.6132026330255,-4.56407042492015,6.68397717736897,0.0920752336479141,0.0390147580882162,0.0326210170405602,-0.0114849573344002
39.7511706973446,-4.52927381855733,6.79189055137824,0.0873375846260529,0.0487046846995959,0.050630479693055,-0.01390807833678
39.8341766748315,-4.4224658430644,6.95291055580694,0.0783992253046345,0.0620770607522067,0.00460675218227513,0.0447309147407267
39.9182991986521,-4.32649631476249,6.76239630001149,0.0887358993729578,0.0461079186525733,-0.00461337555239161,0.0498616096493316
40.059004710276,-4.29758632116185,6.56398192238455,0.0960834984281583,0.027712115217105,0.044622013195721,0.00119787838353713
40.1400647937699,-4.32390718367771,6.49771035732656,0.0977077613340891,0.021288338946021,-0.0166476778401938,-0.0476092014618776
40.1720640627357,-4.32002609591448,6.60706854765604,0.0948006726536143,0.0318250288990013,-0.0628014036877181,-0.0279439411357731
40.2405924488299,-4.30527675645416,6.59821336036926,0.0950787687199693,0.030984314397685,-0.0265503826258626,-0.01623497493737
40.2890768624401,-4.28380769727845,6.39510184575844,0.0993743878277308,0.0111683053264028,-0.0508899742174977,0.0103007538493141
40.3624582239275,-4.25514634522537,6.44617850799524,0.0986745990296438,0.0162272458026316,-0.0252932375422723,0.0124341062504483
40.4175158525291,-4.28001998987889,6.54269832113938,0.0966515058177243,0.0256609902997994,-0.0415938772160414,-0.0505346349533198
40.466821940596,-4.34389659477009,6.57113839988695,0.095882718536037,0.0283990191052282,-0.0465766304691715,-0.092275623996434
40.5612069796997,-4.41589968867089,6.49447000621359,0.0977762299469619,0.0209716202845377,-0.00339119084331019,-0.0929747141853368
40.7255271090283,-4.44428009511738,6.46724328407092,0.0983109096357458,0.0183020503384791,0.0660092196929409,-0.0466824567849617
40.8431770191875,-4.56553083645719,6.36298617541619,0.0996817600093128,0.00797161975045042,0.0179681501498772,-0.129222361090261
40.8952706201831,-4.63293353739356,6.18800014842733,0.0995473312055772,-0.00950414908590548,-0.0474537302100349,-0.0578985518504747
41.0227105523694,-4.66290208656977,6.15046238678628,0.0991205234836211,-0.0132333602812329,0.0283194087027221,-0.0167351888949709
41.1482849426875,-4.70181333510276,6.10724453226375,0.098456230659086,-0.0175034466435857,0.0271181596590238,-0.0214078018894042
41.2624568808376,-4.76696124489041,6.03978090091849,0.0970523111216131,-0.0241008071639439,0.0171196270284706,-0.0410471026237045
41.405511674601,-4.77529698583076,6.07692670833169,0.0978803999743238,-0.0204799243374188,0.0451743937890974,0.0121441833970715
41.5061517963019,-4.76814683326264,6.0891832141825,0.098124054202704,-0.0192787444307144,0.00251606749815969,0.026428896998834
41.6473170106201,-4.81718089618032,6.11664853671042,0.0986164772520074,-0.0165768035038216,0.0425487370661454,-0.032457259413861
41.825876517529,-4.90028277488793,5.99145393163464,0.095774734882556,-0.0287610875694248,0.0827847720263668,-0.0543407911381815
41.8916429520467,-4.87552189441079,6.15180598891725,0.0991382143798691,-0.0131001698298581,-0.0333717798621014,0.0378610503069958
41.994318888756,-4.92713829642134,6.17365497707074,0.0994007547889117,-0.0109311457494011,0.00327518192035159,-0.0406852562611548
41.9813069009503,-4.92030830094848,6.1279848321735,0.0987980561568898,-0.0154578167805176,-0.111810043962579,0.0222878122533863
42.0313470793815,-4.95261406840851,5.93914684771655,0.0941400207330622,-0.033729163884962,-0.0440998423019252,0.00142339642493106
42.1639972611294,-4.97419583830721,5.95986539558475,0.0948185855686082,-0.0317716198952544,0.0378315961793183,0.0101898499965523
42.2895079523599,-5.02810506828267,6.0127380847522,0.0963651511708395,-0.0267162429959988,0.029145540059661,-0.0271929869794598
42.4000432522781,-5.0142894868436,5.87387690823423,0.0917396282091305,-0.0397974950976882,0.0187956717090888,0.0536130765367511
42.479836269764,-5.08041961403749,5.76038694131489,0.0866425331196446,-0.0499306664747356,-0.00684951563373726,-0.0161994607191467
42.5671258593956,-5.06754309362163,5.54468138726053,0.0739476520626134,-0.0673182349324956,0.0133419375689552,0.0801947553483475
42.7005997695421,-5.09304002256311,5.59615111262023,0.077313046572951,-0.0634247020458805,0.0561608635735538,0.0379277731043999
42.7751821159034,-5.15562847971629,5.42954256538611,0.0657242052566371,-0.0753679563434185,0.00885814110473271,0.0127794991902417
42.8162087444485,-5.32207328200893,5.44505972777601,0.0668857426875887,-0.0743390706501613,-0.0258591141425144,-0.0921057316424725
42.8346197202796,-5.4187867717747,5.39431969964359,0.0630293125740805,-0.0776357247434379,-0.0446183367430101,-0.0190777650223337
42.914979471076,-5.52110990614228,5.36230240127258,0.0605117479239464,-0.0796136192066959,0.0198480028724503,-0.0227095151608832
42.9792419715127,-5.62414503767591,5.35631498388091,0.0600339861591468,-0.0799744990971708,0.00422851427753268,-0.0230606324364673
43.0589688990313,-5.70817354568154,5.37207760184471,0.0612870835626907,-0.0790183104627007,0.0184398439559715,-0.00501019754292731
43.1027757596109,-5.8866423161936,5.30239963336187,0.0556369874873304,-0.0830934752151734,-0.0118301269078206,-0.0953752952968863
43.1796979014236,-5.98155595605988,5.43801676217536,0.066360520626578,-0.0748082970142318,0.0105616211861329,-0.0201053428520424
43.3169157696753,-6.0372692753574,5.43711304159891,0.0662928877398014,-0.07486823782565,0.0709249805119676,0.0191549185281219
43.4036259520086,-6.09453696358884,5.49893254582211,0.0707916238716251,-0.070629639597115,0.015918558461683,0.013361951365682
43.4056566240973,-6.20793029356644,5.40544261352565,0.0638889313204119,-0.0769298671176266,-0.0618582592317786,-0.03646346285998
43.3963601518836,-6.33061762813294,5.41649638134028,0.0647353757727596,-0.0762189682661712,-0.0740318479864795,-0.0464683663003278
43.431438375144,-6.42272150949288,5.35668116920365,0.0600632676212257,-0.0799525101711073,-0.0249850443607533,-0.0121513711888319
43.5107510213157,-6.48531306418945,5.56439471648746,0.075260264508414,-0.0658474949115269,0.00405238166321698,0.00325594021496167
43.5881059331413,-6.55483585463479,5.52125810196796,0.0723506972499834,-0.0690317072615276,0.00500421457562872,-0.000491083183812524
43.6992635997585,-6.56312744831201,5.57398105478586,0.0758880330995986,-0.0651230100062507,0.0352696335176521,0.0568314163290307
43.72925555506,-6.63740605991063,5.48583606302909,0.0698605795268731,-0.0715506773424923,-0.0398686242254152,-0.00272793425612994
43.8163890039805,-6.70442055923476,5.57270998832376,0.0758051961452349,-0.0652194161073408,0.0113282527752659,-0.00179508321678679
43.9404243101552,-6.69242192865729,5.68138529311586,0.0824317914001205,-0.0566127173572071,0.0416035147746147,0.0686113479346706
44.0915551484992,-6.6681481691006,5.72208828237315,0.0846671876874123,-0.0532115337977069,0.0664636506565758,0.0774852933543984
44.2403794862732,-6.71902786672443,5.7908287978123,0.0881221375466374,-0.0472703805168895,0.0607022002273861,-0.00360931710693979
44.3826430256347,-6.73104829380557,5.82793969127364,0.0898153062150539,-0.0439682927744084,0.0524482331464236,0.0319478656932746
44.4867383933503,-6.71371970470089,5.77283893916966,0.0872575366315709,-0.0488479508371647,0.0168378310840578,0.0661765399418361
44.6545582821002,-6.74859310604174,5.8439960523812,0.0905096694209474,-0.0425205802090095,0.0773102193288893,0.00764717886816246
44.7444865010517,-6.7417635743898,5.67259900703239,0.0819312004712418,-0.0573347921365481,0.00799701848028211,0.0641643237884859
44.872562513655,-6.79144435414592,5.77426445049271,0.0873270812577708,-0.0487235146412766,0.04074893134558,-0.000957265114842398
44.960773748528,-6.80861875376064,5.94376051658211,0.0942946334466125,-0.0332944755653093,-0.00608339857365803,0.0161200759505957
45.1131028294763,-6.9259016104957,5.9106279974519,0.0931399535321226,-0.0363998496704869,0.0591891274162009,-0.0808830070645719
45.2771010146628,-6.92478109339573,5.99223296146593,0.0957971115632445,-0.0286864674740425,0.0682010736232742,0.0298069845740065
45.4223998006427,-6.8766966998664,6.26294460136915,0.0999795163907501,-0.00202393237825312,0.0453192695891435,0.0501083259075861
45.6114513706959,-6.83596136151148,6.19394636282414,0.099602084715185,-0.00891205477929301,0.0894494853379388,0.0496473931342123
45.6497554717681,-6.84135849028973,5.9859808993133,0.095615890887949,-0.0292848324172058,-0.057311789815666,0.0238877036389591
45.6915253926046,-6.80357771955395,6.14346410016413,0.0990254861371007,-0.0139267043951856,-0.0572555653006603,0.051707475130959
45.8011845313446,-6.79221333442873,6.09936490321445,0.0983152549329814,-0.0182786938117272,0.0113438838070479,0.0296430789369477
45.9134384121208,-6.86597001897351,6.14032927280904,0.0989813418263161,-0.0142370632597448,0.0132725389498353,-0.0595196212850349
45.9742919579524,-6.94828257599212,6.04930880282034,0.0972775325582432,-0.0231750223167086,-0.0364239867266318,-0.0591375347019003
46.0667097293616,-6.98046090396307,6.03234734151527,0.0968704765533267,-0.0248215787638777,-0.00445270514408419,-0.00735674920707763
46.174066955682,-7.07503406952533,5.82159005639297,0.0895343149110859,-0.0445376969925759,0.0178229114093287,-0.0500354685696753
46.3950241940918,-7.14129697298378,5.85308751548148,0.0908924978824971,-0.0416959689739938,0.130064740527292,-0.0245669344844635
46.4949694831026,-7.15408761783641,5.83283093059288,0.0900292904214271,-0.0435284604163109,0.00991599858931635,0.0307378155636859
46.4920997997856,-7.17566946295053,6.08338318187368,0.0980105870287085,-0.0198475396532659,-0.100880270345718,-0.00173430546085362
46.5777515116854,-7.13025398621182,6.1608341538556,0.0992524430276031,-0.012204611958289,-0.0136007311277688,0.0576200886969915
46.681576265918,-7.06744345312361,6.15992957326373,0.0992413623665506,-0.0122943887863933,0.00458339186606233,0.0751049218746029
46.8513357964568,-7.02193512998561,6.09891221051595,0.0983069702281315,-0.018323198535334,0.0714525603106191,0.0638315216733345
46.9581329866753,-6.967365065463,6.1883654945159,0.0995507968655161,-0.00946777922433539,0.00724639335307325,0.0640378437469473
47.1091854708559,-6.88308405704256,6.21031075981595,0.0997345825112381,-0.00728100620168995,0.0513179016692931,0.0915620146221328
47.2536101243214,-6.80265851671494,6.02710520633527,0.0967390280816135,-0.0253290435236864,0.0476856253839167,0.105754583851307
47.3318091076325,-6.7656180441771,5.83471880701662,0.0901113062911635,-0.0433584187730609,-0.0119123229801171,0.0803988913109024
47.4335077470283,-6.71372122742313,5.80771170201673,0.0889076024046509,-0.0457759569496533,0.0127910369911835,0.0976727737036189
47.5615226266989,-6.78051894694187,5.74120769181378,0.0856690241556658,-0.051583120303215,0.0423458555149015,-0.0152145992155162
47.7258079263023,-6.80708268605304,5.80117384374465,0.0886064277095483,-0.0463562398016986,0.0756788718938699,0.0197925006905229
47.8155601654351,-6.90801271311773,5.6122094995903,0.078321532996038,-0.0621750550393848,0.0114307061368129,-0.0387549720253015
47.8996263139913,-6.99965787291489,5.52633362481222,0.0727001358441507,-0.0686636020628254,0.0113660127120098,-0.0229815577343411
47.9944967115101,-7.10808222143689,5.61534905483808,0.0785163486958839,-0.0619288542398966,0.0163540488229648,-0.0464954942820976
48.1193097493223,-7.14727243389703,5.66881533250577,0.0817136783256253,-0.057644381985552,0.0430993594865592,0.0184541695254135
48.1720522015607,-7.16459472191062,5.68817074739623,0.0828140337865775,-0.0560520812102066,-0.0300715815481959,0.0387297931966128
48.3163168263316,-7.16288061027036,5.71449976725303,0.0842609572420046,-0.0538524937645516,0.0600036675289119,0.0555666054048141
48.3425485754033,-7.19562198969926,5.7665242499176,0.0869473393469576,-0.0493979774938711,-0.0607155902752737,0.0166565980649671
48.3700090210611,-7.21522669592994,5.75988668522794,0.086617544159444,-0.049974003679781,-0.0591570985016399,0.0303692974491012
48.4242908454931,-7.23643890573937,6.00765003656781,0.0962279708665662,-0.0272062055954755,-0.0419461464345854,0.0059939957860502
48.5702386248417,-7.30128168421365,6.13941432537681,0.0989682742335984,-0.0143276200125237,0.0469795051150618,-0.0505151584617578
48.6525896490214,-7.32615164969169,6.20394044002205,0.0996861768305979,-0.0079161953550153,-0.0173351526509073,-0.0169537701230278
48.811316679749,-7.3761038440773,5.95829051520193,0.0947684315015988,-0.0319209083631211,0.063958599226024,-0.018031286022492
48.9282018421593,-7.35751665139229,6.001168634876,0.0960496165616339,-0.0278293219170556,0.0208355458486323,0.0464165146020696
49.0909943213607,-7.35695774312028,5.96192314685755,0.0948837628667393,-0.0315764397019105,0.0679087163346517,0.032135347973923
49.1169286121446,-7.41559961322278,5.98506157477316,0.0955889282214003,-0.0293727220645957,-0.0696546374375492,-0.0292691480379059
49.207003833894,-7.41224758888714,6.12126138531577,0.0986918940685554,-0.016121725874144,-0.00861667231910833,0.0194737502097839
49.2779910458572,-7.37686685315098,6.28934238675352,0.0999981045245441,0.000615704067190907,-0.0290108925613574,0.0347650316689698
49.3765367017335,-7.4007711566195,6.2834218194164,0.0999999972030981,2.36512234611394e-05,-0.00145434132677522,-0.0239279546919826
49.4970536339319,-7.37742424009083,6.32927246593156,0.0998938174864415,0.00460708454291027,0.0206231147119341,0.0187398319857639
49.6051933703016,-7.29117485552479,6.0834586681011,0.0980120849653587,-0.019840141147263,0.0101276514043484,0.106089525713304
49.6601319871418,-7.27830759650657,6.07177535823689,0.0977736024865086,-0.0209838665838829,-0.0428349856462739,0.0338511256021021
49.814708733916,-7.28798732635628,6.06041408996329,0.097528894114556,-0.0220933205469829,0.0570478526595924,0.0124135906972731
49.9019686341199,-7.29039479548505,6.28171838390845,0.0999998924068251,-0.000146692274502839,-0.0127399922029312,-0.00226077685427239
50.0414553310282,-7.24839251391033,6.46677133729331,0.0983195362805271,0.0182556507849519,0.0411671606277831,0.0237466307897698
50.1467350328959,-7.29624586454382,6.52300877024661,0.0971379923008428,0.0237531145697025,0.00814170956685654,-0.0716064652031951
50.2870405038077,-7.32064679386414,6.39524340011356,0.0993728059098639,0.0111823720918466,0.0409326650019089,-0.0355833014121649
50.4399960468983,-7.27887461440859,6.48495898792546,0.0979712660442592,0.0200407342601258,0.0549842770463856,0.0217314451954236
50.5706102413158,-7.17164363977239,6.38235656423657,0.0995086559816271,0.00990087797774427,0.0311055384358152,0.0973300966584516
50.6823555400916,-7.10393749146669,6.39098332248786,0.0994195418184603,0.0107589360351024,0.0123257569573797,0.0569472122705974
50.7583751697073,-7.15567845031166,6.22587093656363,0.099835798102837,-0.00572829967525932,-0.0238161684871241,-0.0460126591697103
50.8409676066359,-7.1204109368562,6.34671416378533,0.0997982720790173,0.00634861323774246,-0.0172058351504105,0.0289189002177161
50.9749549945266,-7.10884904684553,6.46546063794548,0.098343379490089,0.0181267677887799,0.0356440084006237,-0.00656487777810266
51.0707807729507,-7.10602177741104,6.36266615084824,0.099684306018946,0.00793971873060562,-0.00385852759487379,-0.00511244929611387
51.1827217521213,-7.11231703608806,6.29376063632718,0.099994408172786,0.00105751320288126,0.0119465709978328,-0.00735277187991024
51.3039479729867,-7.08147108990652,6.19077734487179,0.0995733421656149,-0.00922765029513843,0.0216528786997643,0.0400735964766834
51.4132336414579,-7.09890121769409,5.9577410359333,0.0947508773185041,-0.0319729768300323,0.014534791152687,0.0145428490424615
51.5565012272772,-7.13670311403799,6.03294435263058,0.0968852780474707,-0.0247637415925843,0.0463823077718296,-0.0130381547513121
51.6232375970383,-7.192984181408,6.28834398094662,0.0999986694071991,0.000515865088669859,-0.0332622996460899,-0.0567969324586877
51.6850815947337,-7.14950863031757,6.45591942291598,0.0985118519550565,0.0171876416178902,-0.0366678542596299,0.0262879094725419
51.7805708277939,-7.16265777431182,6.33012415563663,0.0998898574501858,0.00469216139764606,-0.00440062439005165,-0.0178413053918929
51.7769477541607,-7.1584622787555,6.12921181568352,0.0988169482687604,-0.0153365815894265,-0.102440021901912,0.0195320771457446
51.8440545418057,-7.20574953472895,6.06799942592446,0.0976936720041173,-0.0213529026212351,-0.0305868843591405,-0.0259343533522192
51.9050334581049,-7.24177044768537,6.0116403498076,0.0963357657621464,-0.0268220102718058,-0.0353568494629449,-0.00919890268460599
52.0039736725322,-7.27680927213878,5.85757278414422,0.091078600608926,-0.0412878736570406,0.00786161381842996,0.00624904920362157
52.1332791655918,-7.29869592490615,5.81967309607425,0.0894487734580804,-0.0447092487841723,0.0398567196015087,0.022822596016808
52.2691392854508,-7.35598640100496,5.85234042117551,0.0908613216985742,-0.0417638625990007,0.0449987981604208,-0.0155266134998111
52.3768962637296,-7.42571332326756,5.70774243607056,0.0838951371414234,-0.0544206391364689,0.0238618411373479,-0.0153062831261348
52.4924544197049,-7.50248772264993,5.46871358112774,0.0686252736210201,-0.0727363170667867,0.046932882354237,-0.00403808231557878
52.6367751233873,-7.61910625764722,5.43797973715364,0.0663577508022714,-0.0748107539626734,0.0779629528802102,-0.0418077810346209
52.7389395634386,-7.71385687894053,5.46930182742765,0.0686680486146074,-0.0726959359212185,0.0334963914366784,-0.0220546853720838
52.816039404602,-7.79296651812737,5.32470584675445,0.0574764935790853,-0.0818318561799338,0.0196233475843289,0.00272221699308606
52.9186859466104,-7.84660128539466,5.42718425599674,0.0655462816957425,-0.0755227446261215,0.0371002603126076,0.0218879773588312
53.0374200576108,-7.82777000671386,5.65967278013919,0.081183253839799,-0.0583890340387882,0.0375508571606481,0.0772203127195943
53.1476414873025,-7.87222164953818,5.60866464761503,0.0781006399982442,-0.062452302054165,0.0321207896934615,0.0180006592298365
53.2384429223488,-7.92377917807398,5.73458486576286,0.0853255218271177,-0.0521493559397435,0.00547591321915081,0.000591827403943146
53.372734588151,-7.98445685554993,5.79227575554168,0.0881904435151733,-0.0471428220686568,0.0461012222869946,-0.0135348554072874
53.4930680553964,-7.95222296294643,5.8805352471337,0.0920025779000616,-0.0391857838985403,0.0283308893453971,0.0714196765020342
53.5803432091551,-7.97458051308742,5.89664780223938,0.0926219913433466,-0.0376983649458837,-0.00534683758464677,0.0153408148048982
53.5946866397937,-7.98821138066572,5.76936183649114,0.0870871601512474,-0.0491510583486357,-0.072743729512721,0.0355201907703343
53.6570385360197,-8.07755415473063,5.83642782637813,0.0901852750361197,-0.0432043535614115,-0.0278333788100952,-0.0461384205034975
53.7353565864189,-8.16832022344015,6.04086040452232,0.0970782714758651,-0.0239960248220042,-0.018760221076622,-0.0667700438875134
53.803227896085,-8.24684250603072,6.00807739700515,0.0962395889347429,-0.0271650790845843,-0.0283682792686464,-0.0513572035059846
53.925393560648,-8.29198097238289,6.07032748585469,0.0977431180531581,-0.0211254082385735,0.0244225465097691,-0.0240130581136047
54.0326179627677,-8.3347732943784,6.06088687847174,0.0975393286819684,-0.0220472075390725,0.00968507343773373,-0.0207451144564321
54.0907500125663,-8.35814030026744,6.28057882021368,0.0999996603114772,-0.000260648401459404,-0.0418676105128561,-0.0231063574875769
54.1566729551953,-8.39624272199993,6.25933354430851,0.0999715560189328,-0.00238495013645491,-0.0340486133899185,-0.0357174715960431
54.227217379072,-8.39911207017852,6.284092410591,0.0999999588581729,9.07103287010872e-05,-0.0294555349814593,-0.0029600585072882
54.3458745831669,-8.45268748938718,6.38132238357621,0.0995188420626035,0.00979796277389229,0.0191383620322494,-0.0633733819825473
54.5033022904685,-8.5297893536438,6.31537281499359,0.0999482026892563,0.0032181950200924,0.0574795046123957,-0.0803200592767157
54.5850543439459,-8.59181999515791,6.21089036100346,0.0997387858385481,-0.00722319869948516,-0.0179867323611827,-0.0548074428146255
54.716145108116,-8.67059560031255,6.1851259011647,0.0995196027739285,-0.00979023307789342,0.0315711613962057,-0.0689853720767457
54.8355587806723,-8.69395170294129,6.03876980839321,0.0970278933711112,-0.0241989236943357,0.0223857791851203,0.000842821065590416
54.9756461357419,-8.72233372504543,6.18999795239887,0.0995661199621177,-0.00930525419798836,0.0405212351075526,-0.0190767679061532
55.1146783209804,-8.81342665083484,6.05368975532693,0.0973781273956445,-0.0227486330340446,0.0416540578428233,-0.0683442927553606
55.2565375951057,-8.84122602163714,6.15208674529793,0.099141888428846,-0.0130723356276627,0.0427173856964223,-0.0147270351746387
55.3569959213409,-8.87253171072596,6.22317789295008,0.0998200095320862,-0.00599714073656887,0.000638316703185482,-0.0253085483522508
55.419080607919,-8.86385671033152,6.14654797868376,0.0990679634525589,-0.0136212560860756,-0.0369832768745461,0.0222962564805174
55.4723023008224,-8.90792244389999,6.23650160080539,0.0998910513667158,-0.00466667513891293,-0.0466693584632985,-0.0393990584295563
55.5867408793148,-8.90952223924595,6.47118385955266,0.0982380259200092,0.018689308797802,0.01620055257243,-0.0202891041437672
55.6970122634347,-8.91221778764139,6.62035805560324,0.0943693748297015,0.0330820358238623,0.0159020092901668,-0.0357775842193007
55.7718595040921,-8.88969576905274,6.75157264980477,0.0892297478952393,0.0451447902924804,-0.014382507237851,-0.0226227717038272
55.8197355698867,-8.90420547425573,6.68923599140733,0.0918687900629304,0.0394984229099494,-0.0439927242683333,-0.054008128112941
55.8768357283255,-8.91981787308278,6.54676018727627,0.096546477283067,0.0260533630119074,-0.0394463188442822,-0.0416657618389633
55.9789953997712,-8.92989668121973,6.55712743508811,0.0962711920979017,0.0270528662446128,0.00588847934784642,-0.0371316743815573
56.0374150761323,-8.91412574398482,6.7003560102788,0.0914238959559278,0.0405175424753241,-0.0330042195948638,-0.0247466052404219
56.1055755905377,-8.96922179334347,6.79746771122524,0.0870645939206799,0.0491910203739169,-0.0189040795153023,-0.104287069732566
56.1205176493289,-8.93327561420333,6.65795241681448,0.0930592898020172,0.0366055812895271,-0.0781172310108106,-0.000659402149380872
56.1945392640564,-8.86235724565167,6.72233548576661,0.0905113308950245,0.0425170434015746,-0.0164897161675126,0.028401325150089
56.2295841489532,-8.78981656551161,6.71630522470703,0.0907660725381071,0.0419704667118092,-0.0557211876412733,0.0305702134282435
56.3137617141969,-8.71134071586262,6.65080121695475,0.0933186818985819,0.0359391653869604,-0.00914111665490347,0.0425366842620345
56.3799148862203,-8.71452970305786,6.53813752298541,0.0967675347927409,0.0252199169335601,-0.0306143627693289,-0.0284089041288007
56.4019378595047,-8.70331591692788,6.57017013802478,0.0959101712723544,0.0283061662276553,-0.0738871979879807,-0.0170923800976717
56.4565170775557,-8.62607137381178,6.81294567535564,0.086292818761756,0.0505326570660077,-0.0317136007107155,0.0267118860500879
56.5833108716599,-8.6268297740017,6.74111398546719,0.0896970134021799,0.0442091142947826,0.0370967807020046,-0.0449675144846964
56.6745011979305,-8.60068071081132,6.73272224064768,0.0900648423785148,0.0434548520574318,0.00112548389213384,-0.0173057888670545
56.780377688202,-8.57577549289729,6.55541157348672,0.0963174693296465,0.0268876384595709,0.00955902094179625,-0.00198242054554254
56.8430308649785,-8.56809504031731,6.39476122331324,0.0993781862382367,0.0111344555321913,-0.0367250094617625,-0.00345400295221432
56.8833469711886,-8.53869580615153,6.16947309935148,0.0993541730433285,-0.0113467307571978,-0.0590380668331512,0.0407459649229791
56.9432670478887,-8.55395234503721,6.00367630054275,0.0961191011251667,-0.0275883743430086,-0.0361990244251288,0.0123318354573314
57.1005091960443,-8.56483287655735,6.16462526266821,0.0992979986764055,-0.0118282483428684,0.0579441494791958,0.00094771682272321
57.2719852338467,-8.66093839908183,5.89484523490839,0.0925538870631485,-0.0378652609855253,0.0789221507393175,-0.0582402615389537
57.3538562941761,-8.72235669959764,5.79555710644772,0.0883446605950221,-0.0468531849968638,-0.00647360026568726,-0.0145651155189468
57.4030788128788,-8.85052972879715,5.80261904416773,0.0886733292117361,-0.0462281373895496,-0.0394508105090306,-0.0819448918099583
57.4829713117822,-8.87613974108547,5.71691809777921,0.0843909438521378,-0.0536485656448085,-0.00449844494874235,0.0280385533564886
57.5282926895234,-8.91607016244001,5.97783898168677,0.095374289618507,-0.0300623498709789,-0.0500529118773251,-0.00986807148355417
57.6113880568602,-8.95824130250837,6.18552595002968,0.0995235113819414,-0.00975041959141188,-0.0164281440451,-0.0324207204769542
57.7216203290915,-9.02002661223363,5.98759958226706,0.0956631684630662,-0.0291300223070121,0.0145691037681961,-0.0326552874182457
57.8405524882253,-9.07545609724458,6.08263201527528,0.0979956505699653,-0.0199211563261087,0.020936508563893,-0.0355083286848372
57.9774904893736,-9.09211399495046,6.20610906617325,0.0997031096764751,-0.0076999948597896,0.0372348914718295,-0.00895790284608822
58.0490108388966,-9.00742172532862,6.49530098803594,0.0977587691549792,0.0210528633041562,-0.0262384196320465,0.0636394063176762
58.0924491269348,-8.99254623216122,6.42728781039194,0.0989635188822773,0.0143604293263516,-0.0555252308439883,0.000515063841050267
58.197902096175,-9.04067319449046,6.4572260590691,0.0984893098729884,0.0173163460563272,0.00696365936721446,-0.0654433083855648
58.336132994587,-9.02410729091652,6.38994105443745,0.0994307015108687,0.0106553083980018,0.0388001969010911,0.00591059517593706
58.4195175434999,-9.0756979832513,6.41659501804567,0.0991114115619312,0.0133014321861032,-0.015726862649023,-0.0648921245208891
58.580397637491,-9.07675394651578,6.64970358759836,0.0933580735589224,0.0358367144332014,0.0675220204321507,-0.0368926776976757
58.6202051790729,-9.04379342143042,6.96344642589028,0.0777408502620458,0.0628996041365458,-0.0379333086801463,-0.0299390790511862
58.7020507886606,-9.01803545836729,6.96487048734863,0.0776511985630184,0.0630102480690776,0.00419441102471523,-0.0372522850059487
58.7969177635811,-8.98082142533773,7.22688865131422,0.0586793321917297,0.080973674571015,0.0361876427287966,-0.0437596415414587
58.8475227242071,-8.97182671104366,6.94717375022033,0.078754057287669,0.0616262806011408,-0.028149096661718,-0.0526315663070678
58.8945418564464,-8.91685845440977,6.98793867051019,0.0761771357501536,0.0647845968491174,-0.029158003510817,-0.00981634021522693
58.9399288702892,-8.95677247575334,7.0668751426936,0.0708313719025501,0.0705897779738869,-0.025444358059737,-0.110503799317462
59.0062285318807,-8.95719926595103,7.04735556967244,0.0721956732970472,0.0691938202239624,-0.00589601170560897,-0.0696206104216484
59.1508557541071,-9.03473644553963,6.64472712079769,0.0935352570281249,0.0353716792460099,0.0510919651983032,-0.112908858834609
59.2231145110122,-8.98959934474191,6.82348929026768,0.0857552353091197,0.0514396696828188,-0.0134964784039804,-0.00630256888509662
59.2804111163228,-9.01329979598601,6.81623521811048,0.0861261228347941,0.0508162470618007,-0.0288295175242838,-0.0745166983059105
59.4334437036783,-9.0482002313155,6.7116270235131,0.0909614248777544,0.0415453870388596,0.0620711624777694,-0.0764458223683491
59.5326978233703,-9.06969688715076,6.65536972184408,0.0931535203804618,0.0363651157117214,0.00610059931153802,-0.0578617715469805
59.6161370952413,-9.05640426788357,6.71506608352663,0.0908180101741401,0.0418579625401164,-0.00737873830309255,-0.0285653432729274
59.699560126085,-9.05461933405239,6.98644271821016,0.0762739651432966,0.0646705670403405,0.00714906570037764,-0.0628856332091576
59.7039565279872,-8.98737930497021,7.05524117436439,0.0716477991869367,0.069760969543638,-0.067251397284701,-0.00252094046145457
59.8563817290068,-9.00465980708324,6.94670060377655,0.0787832067268517,0.0615890115023302,0.0736419942927429,-0.0788695136153628
59.9602370468438,-9.0029579707135,6.87839376929598,0.0828031636005016,0.0560681379907391,0.0210521542364779,-0.0543663016210023
60.0666399352573,-8.98363779059243,6.8657380261191,0.0835060975001533,0.0550157402957998,0.0228967909133783,-0.0356955601747244
60.1598168616487,-8.94746755964636,6.7532169754762,0.0891553945611047,0.0452914519600966,0.00402153183027126,-0.00912122101402302
60.2495186519125,-8.8443181760981,6.87666041196424,0.0829002252777331,0.0559245263627784,0.00680156498601057,0.0472248571854816
60.3460301856448,-8.73963770981833,6.83145336944362,0.085342850472332,0.0521209926349949,0.0111686832600044,0.052559473644775
60.4237632828165,-8.62856433899389,6.83910974566771,0.0849412950514744,0.052772875561015,-0.00720819787972136,0.0583004952634192
60.4549628090433,-8.49790694861711,7.02940659415763,0.0734259356236454,0.0678869057903826,-0.0422264093968808,0.0627704845864003
60.496953711875,-8.41307428899202,7.15159243979085,0.0646043203327888,0.0763300844643736,-0.0226134175011291,0.00850257516071906
60.4882859202848,-8.31230792041711,7.17785256472684,0.0625778390441677,0.0780000901317572,-0.0712456306343086,0.0227662784431444
60.5572310290095,-8.25368156123554,7.24730873868463,0.0570137239639616,0.0821549467759623,0.0119313847607018,-0.0235285875943849
60.6419617178057,-8.22204661520108,7.19671456917301,0.061095556742151,0.0791664887838699,0.0236351320540653,-0.0475315427494105
60.7182986669158,-8.2172489597154,7.12580937871736,0.0665506533276616,0.0746392024452393,0.00978629578246797,-0.0698415469595597
60.7939251107193,-8.19428686474781,7.19733257335126,0.0610466198573322,0.0792042309728109,0.0145798239461256,-0.0562421360052188
60.877381205649,-8.20969717123388,7.3387244131313,0.0492758690167802,0.0870166003279898,0.0341802259129281,-0.102426906814061
60.9348003097208,-8.13574609565949,7.47800995492005,0.0367176510800016,0.0930151283349502,0.0207014529917884,-0.0190640527605659
60.9463916968859,-8.10743290252943,7.4889365881826,0.0356991372459293,0.0934107681153319,-0.0241077500808304,-0.0650975749852716
61.0995484713212,-8.06829110832645,7.04006339908412,0.0726983224448472,0.0686655220158197,0.0804584519904639,-0.0295237278128373
61.1906345009213,-8.04911867429329,6.89631577100148,0.0817850663724381,0.0575430527384141,0.00930096322769444,-0.0383706187052528
61.2619022557125,-7.9851519830053,6.60960728288535,0.0947195719149919,0.0320655998889883,-0.0234518171238423,0.0319010913989985
61.3624295848852,-8.0134735605213,6.36794470906741,0.0996410071885074,0.0084657950872796,0.000886321984191113,-0.0367873726032757
61.5111862104187,-8.04499670840465,6.36344116020712,0.0996781227260742,0.008016972608516,0.0490785028074163,-0.0395401204918637
61.5960708463029,-7.97790737585994,6.7121411907029,0.0909400515801525,0.0415921509253753,-0.00605541569593088,0.0254971816193339
61.7566915718517,-7.95245972183875,6.82499440962662,0.0856777153614318,0.0515686832335815,0.0749430101873702,-0.0261210292123906
61.8498117498446,-7.89515024606706,6.58931011256238,0.0953508577861669,0.0301365877206125,-0.00223067979327515,0.0271728880510711
62.0130115695467,-7.7879027307405,6.53322244909548,0.0968903231985283,0.0247439946347538,0.0663094965035435,0.0825035206918123
62.1366256233673,-7.70931053174986,6.78234893235133,0.0877983234351625,0.0478691383040743,0.0358157303854429,0.0307230606865629
62.2626074570459,-7.67051776010187,6.64237333442085,0.0936182552209269,0.0351514194505628,0.0323635784577077,0.00364135219742678
62.3600071622661,-7.52214847714758,6.83634368203402,0.0850869430499615,0.0525377209480255,0.0123127621701932,0.0958315620062673
62.4861915667098,-7.46075347118592,6.66843971463752,0.0926702857636273,0.0375794909024543,0.0335141186801002,0.0238155150592059
62.5717489420005,-7.3906649190073,6.85494146509466,0.084095199830666,0.0541109726898376,0.00146217546004973,0.0159775794887742
62.6507804676196,-7.2972549115115,6.7197371475183,0.0906214988935996,0.042281721089347,-0.0115899732745187,0.0511282864064606
62.7862639228935,-7.24147234284068,6.74923592251359,0.0893349952525313,0.0449361616432713,0.046148460021359,0.0108464070275449
62.9212486919703,-7.13762392766498,6.91281720937892,0.0808244316454685,0.0588847284886922,0.0541603374313885,0.0449636866870078
63.0589403513346,-7.04264495311707,6.71417785918629,0.0908551536053256,0.0417772792717846,0.0468365057589474,0.0532016952761243
63.1755000146291,-7.00661054340226,6.68283108499063,0.0921198876833326,0.0389092057643198,0.024439775611138,-0.00287479604950747
63.2743156614884,-6.96767620515609,6.58583537643501,0.0954549986429619,0.0298050873857493,0.00336064821641213,0.00912925086041438
63.3242295556785,-7.00513147344992,6.65552652477042,0.0931478170787347,0.0363797220091986,-0.0432339228886528,-0.0738349903030247
63.4088582467353,-6.92430011136347,6.62735801014927,0.0941354919635757,0.0337418012675018,-0.00950680090679135,0.0470895608189483
63.5174261286183,-6.8918079363206,6.580521903193,0.0956120189448422,0.0292974714487641,0.0129558629380998,0.00319470359410889
63.5749890329881,-6.86538485471486,6.45653989599627,0.0985011685239204,0.0172487622576876,-0.0409382641540916,0.00917431934804558
63.7144656089024,-6.86043949366715,6.54509933278584,0.0965896149494352,0.0258929775020148,0.0428869609648804,-0.0209476164542997
63.8076430076872,-6.8802174126048,6.3808869840416,0.0995230986578702,0.00975463138902974,-0.00634569987303668,-0.0295325503266795
63.8560848734214,-6.94592184141804,6.15457666243603,0.0991741301035308,-0.0128254402734541,-0.0507322643693808,-0.0528789885397933
63.9082533952042,-7.01931404174335,6.03638840410637,0.0969699908783047,-0.0244299175000963,-0.0448014690954867,-0.0489622828252108
63.9849726032758,-7.01972157946699,5.97744130833027,0.0953623270818041,-0.0301002753067644,-0.0186431190102329,0.0296927375831229
64.0288839463516,-7.10333752183324,6.02963480104218,0.0968027907186407,-0.0250842522129531,-0.0528914476428248,-0.0585316901532953
64.1746536836527,-7.17926180774889,6.06446498089779,0.0976175912920017,-0.021698061442159,0.0481521460090998,-0.0542262244734864
64.3273040406711,-7.33137813934133,5.90352951035317,0.0928792252564556,-0.0370600798131978,0.0597711317619293,-0.115056251779243
64.4074156286158,-7.3906078559719,5.93446779077258,0.0939811701015781,-0.0341692795700795,-0.0138695821568244,-0.0250604370604917
64.5186521912349,-7.47240808227015,5.98577045479551,0.0956097259382927,-0.0293049536086404,0.0156268366807915,-0.0524952726896104
64.614331921716,-7.53326058367064,5.96008997526012,0.0948257184374936,-0.0317503247670506,0.00085401204362856,-0.0291021766334429
64.6627308913626,-7.56192498168291,6.14668994136771,0.0990698961643469,-0.01360719199488,-0.050670926517741,-0.0150572060173881
64.766957553821,-7.62410692919903,6.19432556988196,0.0996054570678861,-0.00887428432593254,0.00462120539051586,-0.0533076631901879
64.9261671998786,-7.63266072307309,6.37288696396759,0.0995979503342439,0.008958140946507,0.0596116957233355,-0.017511934820563
65.043436410059,-7.63930724408687,6.30086802471155,0.099984366482396,0.0017681796045443,0.0172848436979697,-0.00841470061832217
65.1467796299519,-7.68631922685571,6.14584212801079,0.0990583242015067,-0.0136911798757152,0.00428489569143764,-0.0333208028931269
65.3429886118631,-7.73726859427874,6.04487911811267,0.097173920458518,-0.0236057023348517,0.0990350614526527,-0.027343665088178
65.4219996005846,-7.75468084263557,5.99368863366468,0.0958387681455413,-0.0285469879382255,-0.0168277794240118,0.0111347395813994
65.575577422646,-7.81897302595654,6.1156739312198,0.0986002745751373,-0.0166729077760159,0.054977547486211,-0.0476192755449549
65.7008701981031,-7.85263337051427,6.37094036019119,0.0996151995727101,0.00876424635032188,0.0256775758843635,-0.0424245909080581
65.8210614496206,-7.86141851715196,6.19508054694866,0.0996121285613247,-0.0087990819681444,0.0205791229561924,1.39353304589029e-05
65.9874870733655,-7.85442618633454,6.25728120312607,0.0999664507457478,-0.0025901207110813,0.0664591729991764,0.00958245152849679
66.1301650988234,-7.81354357494466,6.34117750945344,0.0998318923452033,0.00579597021867301,0.0428461331126545,0.0350866411712096
66.2248610156087,-7.79145399280647,6.49362141286966,0.09779399111736,0.0208886404856256,-0.00309807433200304,0.0012009416525669
66.4442377758289,-7.82824270763903,6.01659625013259,0.0964675093809868,-0.0263442523869861,0.122909250839144,-0.0104444624455757
66.5438627368275,-7.9213097993723,5.98243004396209,0.0955113021131992,-0.0296241652817627,0.00411365888546711,-0.0634429264515122
66.6562336551311,-8.00333184987656,6.06884375107819,0.0977116659725906,-0.0212704097953209,0.0146592523310146,-0.0607516407089408
66.7986372445754,-8.08420967252763,6.04346765344603,0.0971405050582986,-0.0237428363305368,0.0452630843859795,-0.0571349863205231
66.9240955956182,-8.21564730858629,6.05792643982199,0.0974736319453559,-0.0223358697028185,0.0279847190974192,-0.109101766355849
66.9986498502669,-8.26259713805488,5.96782373192587,0.0950684294795331,-0.0310160235409866,-0.0205141748308695,-0.015933805927598
67.0906792125439,-8.34735329371159,5.87600655339655,0.0918241746506226,-0.0396020321414439,0.000205187626438397,-0.045154123515267
67.1310083523215,-8.46338845047393,5.65000256320468,0.0806148321950214,-0.05917135143098,-0.0402856924174072,-0.0568638053313606
67.207908850077,-8.50450570436828,5.76913118500683,0.0870758210702611,-0.0491711438237904,-0.0101753233147399,0.0080538899294389
67.2536577699159,-8.50506348574296,5.71447292631109,0.0842595117599937,-0.0538547553886144,-0.0385105919211547,0.0532969740139326
67.3811741761956,-8.60034564055012,5.50092806828164,0.0709324258602426,-0.0704882327880419,0.0565839804194797,-0.0247939220191173
67.4019817607582,-8.64474448311326,5.4116027624938,0.0643616155580401,-0.0765348446314426,-0.0435540309954291,0.0321360020683108
67.4872167221883,-8.70049734436038,5.50833993984111,0.0714529224473186,-0.0699605594155555,0.0137820389826938,0.0142076981684269
67.6002449807107,-8.77670538307935,5.32508209211772,0.0575072783666115,-0.0818102251241558,0.0555209801558287,0.0056021864051945
67.7624158294171,-8.94394869681449,5.34521917243384,0.0591429268399458,-0.0806356881585618,0.10302792186641,-0.0866076255765815
67.867453513415,-9.1287958165444,5.37800321893118,0.0617542370915191,-0.0786537615199963,0.0432834469064614,-0.106193358209912
68.008865889954,-9.21229850428074,5.48105030620611,0.0695173566684482,-0.0718841924336065,0.0718950198704977,-0.0116184953027405
68.0738627981579,-9.29365486716285,5.38430095892499,0.062248350127098,-0.0782632922030132,0.00274855807682672,-0.00309307067909792
68.163985546712,-9.43252653789941,5.30859785907291,0.0561509475765584,-0.082747030679382,0.0339718009775609,-0.0561246400571722
68.1789890349401,-9.57469860478075,5.4573360950061,0.067793293410562,-0.0735123756149225,-0.0527898051824538,-0.0686596912664168
68.2698940997769,-9.62889448859977,5.55345263013233,0.0745352645277007,-0.0666670408956756,0.0163698003091257,0.01247115707665
68.3870212664889,-9.69703218215396,5.58727155765651,0.076746822934488,-0.0641086980796081,0.0403803437774508,-0.0040289954745818
68.4603409580607,-9.79908705437465,5.40070446272708,0.0635237102187109,-0.0772317178369693,0.0097959813531221,-0.0248231543837205
68.5245429544285,-9.93461977635229,5.42074520277661,0.0650586312683541,-0.0759432320716491,-0.000856634900619602,-0.0595894899059823
68.5671830466331,-10.0695268842166,5.37343830387177,0.0613945471679175,-0.0789348438780134,-0.0187544549632326,-0.0559722639863303
68.6341663125788,-10.2035604917957,5.3957211155511,0.0631380505843936,-0.0775473182540993,0.00384521536123317,-0.0564862893249725
68.7575121239655,-10.3523361480794,5.51523776265499,0.0719337943064746,-0.0694660293717281,0.0514120170802828,-0.0793096269120115
68.8858756382792,-10.4460080516182,5.41678069886127,0.0647570435440886,-0.0762005597842234,0.0636064707695825,-0.0174713437544858
68.9622841485785,-10.5178189937987,5.34808558394912,0.0593738186202216,-0.0804658291602904,0.017034691679024,0.00865488697974204
69.1366444144332,-10.6248194480537,5.47787744947708,0.0692889288914416,-0.0721043988469272,0.105071336963346,-0.0348960554080877
69.2837843301054,-10.7644380406693,5.57681273010947,0.0760721358240562,-0.0649078589322306,0.0710677798481401,-0.074710733683383
69.3961710002112,-10.7833527952688,5.69354476296142,0.0831140612600046,-0.0556062300544481,0.0292726088457345,0.0366914754550134
69.4578618690144,-10.8970259281163,5.8764996914361,0.0918436927531869,-0.0395567453344963,-0.030152823950008,-0.0741163875130617
69.4470713479033,-11.010446506268,5.77020575061883,0.0871286084075085,-0.0490775467700969,-0.0979191295185984,-0.0643430313816369
69.500420882085,-11.1008315224334,5.41165366504278,0.0643655112933334,-0.0765315683620019,-0.0110159771116338,-0.0138534478033296
69.58025815484,-11.1712966647709,5.36833965244606,0.0609912896452278,-0.0792468459145974,0.0188459831097922,0.00878170357710051
69.5274297312907,-11.2322305442216,5.30568055567119,0.0559093107842671,-0.0829104876817658,-0.10873773433359,0.0219766082310118
69.5424389232162,-11.3874958804281,5.42508996713774,0.0653879716242466,-0.0756598517502296,-0.0503787796987465,-0.0796054844562253
69.5840885964826,-11.4893406291577,5.42766141688292,0.0655823107322565,-0.0754914599078449,-0.0239326374657995,-0.0263532888217668
69.5771481710324,-11.5676595444161,5.42914670143889,0.0656943646509612,-0.0753939682806691,-0.0726347901011972,-0.0029249469777497
69.6586957625869,-11.6083223762615,5.53264794081953,0.0731322473509913,-0.0682031846572683,0.00841534420354084,0.0275403528118625
69.6389586614003,-11.7043020920713,5.51396499882534,0.0718453222170043,-0.0695575278135647,-0.0915824234036406,-0.0264221879961797
69.736195353425,-11.8025385057566,5.56484285888993,0.0752897660046721,-0.0658137609847798,0.0219469260200462,-0.0324226527006024
69.8092705565055,-11.8927633618184,5.64649812979794,0.0804069755417548,-0.0594534968208569,-0.00733177246132577,-0.0307713592409087
69.9098166157557,-12.0005877453294,5.58134955219915,0.0763658273363569,-0.0645620663798312,0.0241802319139002,-0.0432623171311377
70.0394318617927,-12.1173775197489,5.7097470759218,0.0840040622806566,-0.0542523503670354,0.0456111837563689,-0.0625374240524801
70.134556935663,-12.1434917992382,5.70742325109109,0.0838777626175544,-0.0544474144314787,0.0112473112527436,0.0283331349422138
70.1947818402698,-12.2331886769118,5.7750334993694,0.0873645261940844,-0.0486563414457267,-0.0271396215873656,-0.0410405362279302
70.2870289574788,-12.3312946572881,5.78557053578418,0.0878723603893649,-0.0477330941758606,0.0043747568196455,-0.050372886200428
70.3979654943208,-12.3600236116003,5.59371931510069,0.0771585820912361,-0.0636125240001525,0.0337779547507981,0.0348835696879446
70.5171438587849,-12.5198870406467,5.77801480456267,0.0875091971270781,-0.0483956652828968,0.0316691673370693,-0.11146776376347
70.567314612203,-12.6275008112563,5.49693403372928,0.0706503284041252,-0.0707709763701849,-0.0204795749861093,-0.0368427942394209
70.6370074452704,-12.672162471536,5.63975478163447,0.0800042347956066,-0.0599943531906916,-0.0103114017281758,0.0153326929109356
70.7052693187632,-12.7657154038046,5.85438087392955,0.0909463496797979,-0.0415783775527608,-0.0226844761869744,-0.0519745547157866
70.7996411129743,-12.7799045627945,5.85531649333373,0.0909852114044833,-0.0414932681971603,0.00338658280663973,0.0273041092072424
70.9060815758844,-12.8225749483374,5.83986026214787,0.090333039649911,-0.0428945444970291,0.0161074232601088,0.000224158954140741
71.0028176407763,-12.8634276703533,5.81335497961406,0.0891645117679979,-0.0452735004298825,0.00757155312398439,0.00442077841396671
71.1442408364521,-12.8705973755307,5.9113073052193,0.0931646587406979,-0.0363365705829444,0.0482585369350192,0.0291668654055206
71.2949327023761,-12.8623085208901,5.90900436418498,0.0930807307842065,-0.0365510267527203,0.0576111351398203,0.0448398813933197
71.4209384136771,-12.948877741558,5.77594319845435,0.0874087526679092,-0.0485768458943175,0.0385969586330852,-0.0379923747735367
71.5399368813564,-13.0109440351216,5.7740279618501,0.0873155562580722,-0.0487441651415165,0.0316829114212103,-0.0133221284220602
71.5368033526703,-13.0326615311497,5.91912291769653,0.0934458029927789,-0.0356073293443183,-0.096579331678823,0.0138898333162238
71.6027160026918,-13.0646761126947,5.81433880784995,0.0892090099569085,-0.0451857559692012,-0.023296359935421,0.0131711744241478
71.701393219503,-13.1533087667129,5.67872995648082,0.0822811751489781,-0.0568314016728709,0.0163960416621745,-0.0318012523452902
71.785193627774,-13.2095261355794,5.9151890577172,0.0933050060583294,-0.0359746555849409,-0.00950459778725854,-0.0202427132815606
71.9173573635772,-13.2627464295114,6.0410420467662,0.0970826285661383,-0.0239783909111771,0.0350811072370203,-0.0292419030208633
72.043106190957,-13.3651164509285,5.88902356953513,0.0923318810256787,-0.0384034340425425,0.033416946354081,-0.0639665873744919
72.1434213242159,-13.4835145965769,5.48149053273523,0.0695489952597488,-0.0718535820843989,0.0307661379992235,-0.0465445635640371
72.2628962318876,-13.4504747996298,5.63647654981897,0.0798071298559746,-0.0602563027753247,0.0396677778156496,0.0932960997224068
72.2962117609851,-13.5274919164857,5.63036105456506,0.0794371426592166,-0.0607432330892855,-0.0461216135616853,-0.0162738837666039
72.3461035446942,-13.5884684252834,5.53559756745315,0.0733331028533267,-0.0679871754517233,-0.0234413191441796,0.00701066665406547
72.4411723605598,-13.6590737526949,5.21465377524616,0.0481411851824603,-0.087649451163302,0.0469276306831496,0.0170441237517291
72.4575224972903,-13.6846838704367,5.26332976929607,0.0523489043118402,-0.0852032406505163,-0.0359987675814217,0.0595931229087574
72.4659614529239,-13.7219628399012,5.21728102018957,0.0483712953497635,-0.0875226701271502,-0.0399323397161506,0.0502437006626399
72.552220054652,-13.7167351114025,5.46958664038128,0.0686887505734325,-0.0726763754232473,0.0175698511546398,0.0779041039219166
72.5581775555002,-13.7772819807508,5.58630040345083,0.0766845273209985,-0.0641832008360057,-0.0707270264727144,0.00363633148772013
72.6563308155961,-13.8652758668329,5.65460209450374,0.0808861389886907,-0.0587999363902905,0.0172671211071544,-0.029193949691809
72.7442105317633,-13.8454233016142,5.82594254211583,0.0897273159157238,-0.0441475795322903,-0.00184759974855053,0.0640001447509686
72.964150706039,-13.8855803029284,5.93467811855775,0.0939883547716589,-0.0341495119630835,0.125951819504145,-0.00600748935107376
73.0900399461732,-13.9700550480897,5.56715822712369,0.0754419471485532,-0.0656392611965956,0.0504472929856123,-0.0188354839647618
73.2033353925473,-14.0776293707961,5.47911488752468,0.0693781005457729,-0.0720186029068923,0.0439173458283317,-0.0355557197994196
73.2781528896849,-14.1796211655947,5.57112250748043,0.0757015660968935,-0.0653396731739428,-0.000884068959315254,-0.0366521216247166
73.355764762318,-14.2491640107026,5.64777405505231,0.0804827682885497,-0.0593508551632714,-0.00287089565543397,-0.0101919899445972
73.4061424801362,-14.3266064641084,5.4648104477076,0.0683408520583573,-0.0730036159374159,-0.0179631342401467,-0.00443883746842566
73.4353142470184,-14.3984060702406,5.51844378302101,0.0721561337420344,-0.0692350515519533,-0.0429843668598593,-0.00256455458017157
73.4841996169886,-14.4306198332997,5.49333422315239,0.0703951090796215,-0.0710248450731727,-0.0215097391093961,0.0388110820139884
73.4962409428872,-14.490977116597,5.43300308129097,0.0659846232188519,-0.0751400658681249,-0.0539432973202623,0.0147827825708688
73.4906679762083,-14.5618450760372,5.39103422837538,0.062773902910909,-0.0778423863542978,-0.0683468695898948,0.00697442691413741
73.5415008612634,-14.6248428607239,5.30554014164427,0.0558976684376994,-0.0829183373158738,-0.00506478338256966,0.0199205526291166
73.5381050518186,-14.6510973708261,5.0673584422969,0.0347561731142925,-0.0937657103127222,-0.0381519825590606,0.067511200210574
73.6102118437124,-14.7685437878172,5.06255611715595,0.0343054806387578,-0.0939315388894689,0.0378013112549846,-0.0235148781016674
73.6515562064476,-14.8777354772568,5.02795541213178,0.0310354982751316,-0.0950620736509272,0.0103088644600848,-0.0141296157886259
73.7614603168583,-15.026712164593,4.95978729872596,0.0244882323114835,-0.0969552808167705,0.0854158780992658,-0.0520214065194988
73.8111342572224,-15.2002866074849,5.1282603661854,0.0403987196578674,-0.0914764639128833,0.00927522070621123,-0.0820979789789602
73.7822797251556,-15.2772372258601,5.04675953575914,0.0328174650790188,-0.0944617064518071,-0.0616719971458068,0.0175110880765255
73.7484191743114,-15.3630830158341,4.93221254455157,0.0218057436405547,-0.0975935937666116,-0.0556662944848216,0.0117478037926366
73.7632643732196,-15.4088769047808,5.03148067802578,0.0313704238204493,-0.094952074802636,-0.0165252249122056,0.0491581858559584
73.813599367211,-15.4308043135398,5.191135016274,0.0460666552976707,-0.0887573279773878,0.00426833869374921,0.0668299192183461
73.832709165949,-15.4880046405711,5.24058890355727,0.0503979403995736,-0.0863715671009912,-0.031288141661612,0.0291712400697763
73.8758557121527,-15.6324119422019,5.13061690032796,0.0406141746966954,-0.0913810090429423,0.00253237150702468,-0.0530262925878633
73.8327897223332,-15.7834545539111,5.06951524300172,0.0349583260684251,-0.0936905301430922,-0.078024315887991,-0.0573520815661492
73.8508214889459,-15.9578496578247,5.04605644308177,0.0327510416389114,-0.0944847568212264,-0.0147192750261524,-0.0799103470923974
73.909955501495,-16.1173161035822,5.21819636142377,0.0484513881835378,-0.0874783572267343,0.0106826243655354,-0.071988088530702
73.9368690064088,-16.2293636639807,5.23304042873904,0.0497445371745999,-0.0867495303807741,-0.0228310322607568,-0.0252980300177654
73.9093565640681,-16.3391423048147,4.98372847331127,0.0268022161311058,-0.0963412746981349,-0.0543146584718182,-0.0134373661358884
73.9690908079847,-16.5189795396691,5.12831335692976,0.0404035670070597,-0.0914743230262244,0.0193306769095192,-0.0883629118281677
73.9331326031927,-16.70870511238,5.14249710887411,0.0416969085085489,-0.0908920668751113,-0.0776551133006007,-0.0988335058357617
73.8932536542534,-16.8874708475138,5.14761442458001,0.0421614839242756,-0.0906775014725431,-0.0820404328635032,-0.0880882336613054
73.8507880179586,-17.0679322957991,5.03009011428416,0.0312383566206105,-0.0949956055596445,-0.0737039929153913,-0.0854658427256387
73.748904310553,-17.2723387312059,4.96525654702597,0.0250181359192484,-0.0968198991691585,-0.126901843324862,-0.107586536237602
73.665955625349,-17.4091899960356,5.00979168908228,0.0293037925519432,-0.0956100818014119,-0.112252477755955,-0.0412411830283492
73.6613749205763,-17.4821731415461,4.99978837447549,0.0283459246260192,-0.0958984283348588,-0.0329266293986881,0.0229152828244388
73.5935224639317,-17.6040296597445,4.84572361467372,0.0132939912030974,-0.0991124099086082,-0.0811464478477445,-0.0227441082898707
73.5251659782549,-17.667978037096,4.65444464976341,-0.00579119109436649,-0.0998321696934837,-0.0625652945824416,0.0358837923420161
73.4576271983484,-17.7319337697043,4.7406765819098,0.00282838291076078,-0.0999599932478495,-0.0703671628172562,0.0360042606395883
73.4490823548059,-17.8119097003162,4.6810484468291,-0.00313354032105092,-0.0999508925675822,-0.00541130322148958,0.0199749619556648
73.4116024395113,-17.9477517303223,4.56516343160425,-0.0146694263714421,-0.0989181880643435,-0.022810488923093,-0.0369238419417615
73.4257402789125,-18.0826110199675,4.6332318009473,-0.00790745407101577,-0.0996868706004696,0.022045293472212,-0.0351724190447875
73.3867587683054,-18.2313853950373,4.52444779674972,-0.01868367297547,-0.0982390979404111,-0.0202978376316248,-0.050535277129339
73.34230899222,-18.4289916669708,4.72672782929085,0.0014338357560473,-0.0999897200467362,-0.0458836118414927,-0.0976165518868051
73.3360532391295,-18.5667214175172,4.69029957312619,-0.00220876109110583,-0.0999756038963627,-0.00404699199936159,-0.0377541466500109
73.3561933196183,-18.6306630298498,4.77282354341118,0.00603977818515161,-0.0998174387543287,0.0141003023036366,0.0358758264217496
73.2908908767438,-18.7422245444597,4.62546264199492,-0.00868169077782707,-0.0996224284247187,-0.0566207520966358,-0.0119390861852153
73.2461724774506,-18.8207413405002,4.81507878516088,0.0102509419225997,-0.0994732033750773,-0.0549693412158088,0.0209564073345465
73.276191116961,-18.923690525098,4.83313525931224,0.0120453086048377,-0.0992719020700935,0.0179733309054718,-0.00367728252769872
73.2801788330486,-19.0567576287008,4.95214224383628,0.0237462954614773,-0.0971396595210021,-0.0197585793738687,-0.0359274440817359
73.2782225045032,-19.2446528997381,4.95797977081335,0.0243129430271186,-0.0969993855720751,-0.0262692715725057,-0.0908958854652369
73.3078931890419,-19.4192147947794,4.94932587101804,0.02347262014928,-0.0972061526001704,0.00619806438943321,-0.0773557424411395
73.3414617383417,-19.5276287545758,4.88694326407392,0.0173669211633665,-0.098480404392475,0.0162016281364062,-0.00993355540394081
73.3885474329271,-19.6523635081414,4.80999868462527,0.00974547794750816,-0.0995239953959578,0.0373402166379598,-0.0252107581696004
73.4291787509102,-19.6801477194195,4.71783361101447,0.000544460372971502,-0.0999985178035268,0.040086857610044,0.0722143065253995
73.4563184474422,-19.814011036628,4.89839040490439,0.0184930777590719,-0.0982751549222738,0.00864661877299711,-0.0355881622862775
73.4550278949021,-19.9283068984683,4.88529370680766,0.017204448542357,-0.098508918125992,-0.0184950010825219,-0.015786943714267
73.4526607347525,-19.9634297964309,4.82270380382925,0.0110091216074238,-0.0993921487917077,-0.0133762817570339,0.0642692508290788
73.4072222671888,-20.0671017097336,4.73717327139178,0.00247817537474583,-0.0999692885180844,-0.0479166429384421,-0.00370262478456507
73.4244490710645,-20.1679831177841,4.87960448457288,0.0166437340087489,-0.0986052033020875,0.000583069866946534,-0.00227620474838286
73.4597870168656,-20.2583519043433,4.91506854870282,0.0201294769772986,-0.0979530711954475,0.0152084688238644,0.00758428463625815
73.5001709145622,-20.3569781559657,4.94762871333545,0.0233076122551924,-0.097245849325108,0.0170762854414142,-0.00138040229736891
73.5018664537713,-20.4237811987268,4.8377461037476,0.0125029062394958,-0.0992153079699215,-0.0108073670303931,0.0324122652088406
73.5398220447333,-20.6454260715426,5.12082978932735,0.0397178877453543,-0.0917741215869018,-0.00176229678333978,-0.129870751228931
73.5620936843676,-20.7823409764152,5.27153392747198,0.053046155587946,-0.0847708993543151,-0.0307745159537226,-0.0521440055182136
73.6122674421545,-20.8497125826435,5.61152386922387,0.0782788854845638,-0.0622287400426407,-0.0281051276975899,-0.0051428661857198
73.660113375113,-20.8576942805613,5.8990898105073,0.0927137747996761,-0.0374720690967945,-0.0448678418411817,0.0294903711790155
73.7142728097443,-20.8805639386626,5.92383460768997,0.0936125358218419,-0.0351666480774664,-0.0394531011905478,0.0122969899762149
73.8455215424551,-20.8554870470077,6.11838625477074,0.0986451341540625,-0.0164054109283194,0.0326035985567005,0.0414823025832254
73.946536472184,-20.8191151530669,6.22732775604867,0.0998440372565811,-0.00558285091207401,0.00117089247231433,0.0419547448528244
74.0461192636638,-20.822442397611,6.31242644233298,0.0999572508469111,0.00292369682554239,-0.000374459367148527,-0.00625094136961568
74.0902447250407,-20.8073110902114,6.30543366110472,0.0999752515582574,0.00222465185212126,-0.0558497901813508,0.0129066555474386
74.1582477543716,-20.820825630718,6.16231789195712,0.0992704422176834,-0.0120573339468385,-0.0312674128867792,-0.00145720655974202
74.2727104017296,-20.8500724800528,6.1682203447895,0.099339880415416,-0.0114711882144291,0.0151227669425934,-0.017775661120381
74.396459508351,-20.8526538021383,6.24215555996496,0.0999158397997241,-0.00410182363295523,0.0238332668216953,0.00152050154743311
74.4980743228569,-20.8355953067994,6.33736265251417,0.0998532766562358,0.00541508458043141,0.00176153784961848,0.0116434107585359
74.6012615043296,-20.8065841045241,6.42808041037542,0.0989521057222535,0.0144388632908538,0.00423507575047356,0.0145723389843901
74.669960745695,-20.7721991544548,6.42959484672059,0.098930125517093,0.0145887033410182,-0.030230884151699,0.0197962467282746
74.7727823072928,-20.7431810233756,6.57945196682273,0.0956433106425358,0.0291951559224368,0.00717825095528513,-0.000177024843220686
74.8701423025828,-20.6146799017817,6.83395793294098,0.0852120426023977,0.0523345755263875,0.0121479526875937,0.0761665460675038
74.8945479810117,-20.4759734366947,7.15435802953324,0.0643929758407723,0.0765084613776131,-0.0399872974119086,0.0621980037094261
74.9511536635471,-20.3766440057991,6.8788433100812,0.0827779503198545,0.0561053557233505,-0.026172267784435,0.0432240751721968
74.9758168626577,-20.3345023699843,6.62659213823012,0.0941613062510958,0.0336696956488672,-0.0694981071404656,0.00847194016595676
75.0058857040822,-20.2584273969987,6.54994497685255,0.0964630133149093,0.0263607105785797,-0.0663941718904197,0.049714262407007
75.0427974872984,-20.1457000182725,6.59529499237405,0.0951687873365542,0.0307067080112753,-0.0582570041203231,0.0820206707149218
75.1287252294893,-20.1086591325724,6.36775712998229,0.0996425934416156,0.00844710436948157,-0.0137148512507148,0.028593781330664
75.1803546157686,-20.057209124308,6.11062534544371,0.0985148437576753,-0.0171704851242133,-0.0468854574783677,0.0686204933886314
75.203608315581,-20.0147137139748,6.1155448845783,0.0985981221713939,-0.016685631671438,-0.0753444223590115,0.0591810420045906
75.2610412503611,-19.9975150832319,6.04732670733785,0.0972314063941001,-0.0233677900244192,-0.0397984716139731,0.0405664207673047
75.311425642817,-19.9856075043511,6.01116905973966,0.0963231141167941,-0.0268674093809407,-0.0459387216609903,0.0387749882617303
75.3510196374806,-20.0076712861435,5.82451497526488,0.0896642008862936,-0.0442756262454004,-0.0500702062226182,0.0222118444530253
75.3754358148578,-19.9952803930378,5.90851474185379,0.0930628234288727,-0.0365965967741054,-0.0686466460517062,0.0489874898798481
75.4822445238547,-19.9178172396985,5.89780297722686,0.0926654777431752,-0.0375913452090917,0.0141432312536906,0.115054498548337
75.6132894389337,-19.9076722236232,5.85147575609996,0.0908251759836288,-0.0418424115885169,0.0402197390954355,0.0519874276638461
75.7578410436221,-19.8919728848271,5.91813647491003,0.0934106329406761,-0.0356994909434613,0.0511409717477403,0.0513988297395738
75.8496839103712,-19.8539330134519,5.96774343431359,0.0950659386604164,-0.0310236572088776,-0.00322307191139298,0.0690635285840306
75.9463915898065,-19.8907369100426,5.93626959009433,0.0940425836990291,-0.0339998889882173,0.00266509573634593,-0.00280400760244603
76.0204669046038,-19.9033179740834,5.93455085093094,0.0939840078831593,-0.0341614733613504,-0.0199086930859199,0.0215804093205474
76.0849848711418,-19.8183100639139,5.98980267526857,0.0957271124032488,-0.0289191969275735,-0.0312091458651881,0.113927107097082
76.2053497140288,-19.8085344609731,5.84991011580311,0.0907595545280375,-0.0419845598032443,0.0296052883588933,0.0517601627440651
76.3014526986367,-19.8170734078818,6.1235953306151,0.0987292524586274,-0.0158913406911004,-0.00262626785065312,0.0073523937823845
76.3663763269884,-19.8870037317097,5.99744443936356,0.0959453088797566,-0.0281868356501416,-0.0310216805280936,-0.0417434881777989
76.4546709908881,-19.9481603358483,5.98272550886126,0.095520050845035,-0.0295959437518374,-0.00722538694535702,-0.0315606603867895
76.5259881990504,-19.9327208899934,6.02453346562139,0.0966735685123955,-0.0255777471853793,-0.0253563603501346,0.0410171930403314
76.6248585328361,-19.8905839620609,6.21480568180095,0.099766302422685,-0.0068326349899114,-0.000895968636921873,0.0489695629223856
76.6941096864513,-19.9077044822365,6.40181576951518,0.0992971655107005,0.0118352406625529,-0.0300460118955394,-0.0289557608381132
76.7808558376324,-19.9234340181964,6.14871562649852,0.0990972567703433,-0.013406479798689,-0.0123511055892729,-0.00232305616123529
76.804598124662,-19.9119894340861,6.3647812193512,0.0996672900129325,0.00815053995008969,-0.0759250029833334,0.00329404416018431
76.7758517467107,-19.8984388273018,6.03550506893266,0.0969483732437727,-0.024515564961594,-0.125694751195013,0.0380661717459487
76.8594253891668,-19.895065752407,5.8615916705387,0.0912437959113078,-0.0409215066645353,-0.00767015345520261,0.0442945815593108
76.9416391255441,-19.9206568427764,5.925398678503,0.0936674244242968,-0.0350201884877659,-0.0114536880470607,0.00942909811839066
76.9435364318279,-19.9746816272531,5.87318576660568,0.0917121005948036,-0.0398608906635141,-0.0898147943109574,-0.0141638938132527
76.9713425652405,-20.018431437474,5.87977967430599,0.0919729439276443,-0.039255287354475,-0.0641668105150308,-0.00449452286638508
76.9614648093297,-20.0514472347709,5.83831090195491,0.0902664721537842,-0.0430344513722449,-0.100144228064565,0.0100186540753446
77.0404415631776,-20.0752867698624,5.88775093445572,0.0922829327111895,-0.0385209077024681,-0.0133061788633502,0.0146813726109789
77.1795386523273,-20.1419122337091,5.98597214862134,0.0956156346217408,-0.0292856691212916,0.0434814545279921,-0.0373397947254732
