theta_array,theta_org,x_array,y_array,xi_x_array,xi_y_array,fmpi_x_array,fmpi_y_array
2.66935725310575,0,0,0,0,0,0,0
2.67045889472804,1.56771563081233,-0.0891054251450956,0.0453896817538058,0,-0,-0.0891054251450956,0.0453896817538058
2.67156164037369,1.56771324907365,-0.178260849375729,0.0906810753099314,-0,-0,-0.089155424230633,0.0452913935561256
2.67266549115673,1.56771085733243,-0.267466214219113,0.13587402700772,-0,-0,-0.0892053648433848,0.0451929516977881
2.67377044819232,1.56770845556654,-0.356721460865524,0.180968383041355,-0,0,-0.0892552466464111,0.0450943560336359
2.67487651259676,1.56770604375375,-0.446026530167348,0.225963989460166,0,0,-0.0893050693018234,0.0449956064188108
2.67598368548749,1.56770362187183,-0.53538136263813,0.270860692168923,-0,0,-0.0893548324707822,0.0448967027087564
2.67709196798308,1.56770118989849,-0.624785898451626,0.315658336928144,0,0,-0.0894045358134957,0.044797644759221
2.67820136120325,1.56769874781139,-0.714240077440844,0.360356769354404,0,-0,-0.089454178989218,0.0446984324262602
2.67931186626886,1.56769629558813,-0.803743839097091,0.404955834920643,0,-0,-0.0895037616562473,0.044599065566239
2.68042348430193,1.56769383320629,-0.893297122569015,0.449455378956478,-0,0,-0.089553283471924,0.0444995440358351
2.68153621642559,1.56769136064338,-0.982899866661645,0.493855246648519,0,0,-0.0896027440926294,0.0443998676920413
2.68265006376413,1.56768887787689,-1.07255200983543,0.538155283040687,0,0,-0.0896521431737835,0.0443000363921682
2.68376502744301,1.56768638488423,-1.16225349020527,0.582355333034534,0,0,-0.0897014803698437,0.0442000499938467
2.68488110858881,1.56768388164278,-1.25200424553957,0.626455241389565,0,0,-0.0897507553343027,0.0440999083550311
2.68599830832927,1.56768136812987,-1.34180421325926,0.670454852723567,-0,0,-0.0897999677196869,0.0439996113340015
2.68711662779328,1.56767884432278,-1.43165333043682,0.714354011512933,-0,-0,-0.0898491171775548,0.0438991587893666
2.68823606811087,1.56767631019876,-1.52155153379531,0.758152562093,-0,0,-0.0898982033584952,0.0437985505800664
2.68935663041325,1.56767376573498,-1.61149875970744,0.801850348658375,-0,0,-0.0899472259121255,0.043697786565375
2.69047831583276,1.56767121090858,-1.70149494419453,0.845447215263278,0,-0,-0.0899961844870896,0.0435968666049034
2.69160112550289,1.56766864569665,-1.79154002292558,0.88894300582188,0,0,-0.0900450787310568,0.0434957905586021
2.69272506055832,1.56766607007623,-1.8816339312163,0.932337564108644,-0,0,-0.0900939082907199,0.043394558286764
2.69385012213485,1.56766348402432,-1.9717766040281,0.975630733758672,0,-0,-0.0901426728117929,0.0432931696500273
2.69497631136947,1.56766088751785,-2.06196797596711,1.01882235826805,0,-0,-0.0901913719390102,0.0431916245093782
2.6961036294003,1.56765828053371,-2.15220798128323,1.0619122809942,0,0,-0.0902400053161242,0.0430899227261535
2.69723207736666,1.56765566304876,-2.24249655386913,1.10490034515625,-0,-0,-0.0902885725859038,0.0429880641620437
2.69836165640898,1.56765303503978,-2.33283362725927,1.14778639383534,0,0,-0.0903370733901327,0.0428860486790958
2.69949236766891,1.56765039648352,-2.42321913462887,1.19057026997506,0,-0,-0.0903855073696078,0.0427838761397162
2.70062421228922,1.56764774735667,-2.51365300879301,1.23325181638173,0,0,-0.0904338741641371,0.0426815464066733
2.70175719141387,1.56764508763588,-2.60413518220555,1.27583087572483,0,-0,-0.0904821734125386,0.0425790593431007
2.70289130618799,1.56764241729773,-2.69466558695819,1.31830729053733,0,-0,-0.0905304047526379,0.0424764148124998
2.70402655775786,1.56763973631877,-2.78524415477946,1.36068090321608,-0,0,-0.0905785678212671,0.0423736126787429
2.70516294727094,1.5676370446755,-2.87587081703372,1.40295155602215,-0,-0,-0.0906266622542625,0.0422706528060761
2.70630047587587,1.56763434234435,-2.96654550472018,1.44511909108127,0,0,-0.0906746876864636,0.0421675350591222
2.70743914472244,1.56763162930171,-3.05726814847189,1.48718335038416,0,0,-0.0907226437517106,0.0420642593028833
2.70857895496164,1.56762890552392,-3.14803867855474,1.5291441757869,-0,0,-0.0907705300828435,0.0419608254027445
2.70971990774562,1.56762617098726,-3.23885702486644,1.57100140901138,0,0,-0.0908183463116997,0.0418572332244762
2.71086200422769,1.56762342566798,-3.32972311693555,1.61275489164562,-0,-0,-0.0908660920691127,0.0417534826342371
2.71200524556238,1.56762066954225,-3.42063688392046,1.65440446514419,0,-0,-0.0909137669849103,0.0416495734985777
2.71314963290535,1.56761790258621,-3.51159825460837,1.69594997082864,-0,0,-0.090961370687913,0.0415455056844429
2.71429516741348,1.56761512477593,-3.6026071574143,1.73739124988781,0,0,-0.0910089028059321,0.0414412790591748
2.71544185024481,1.56761233608744,-3.69366352038007,1.77872814337833,-0,-0,-0.0910563629657681,0.0413368934905163
2.71658968255856,1.56760953649672,-3.78476727117328,1.81996049222494,-0,0,-0.0911037507932091,0.0412323488466137
2.71773866551514,1.56760672597967,-3.87591833708631,1.86108813722096,0,-0,-0.091151065913029,0.0411276449960199
2.71888880027614,1.56760390451218,-3.9671166450353,1.90211091902866,-0,-0,-0.0911983079489858,0.0410227818076975
2.72004008800435,1.56760107207005,-4.05836212155912,1.94302867817968,0,0,-0.09124547652382,0.0409177591510217
2.72119252986372,1.56759822862904,-4.14965469281837,1.98384125507546,0,-0,-0.0912925712592528,0.0408125768957835
2.72234612701942,1.56759537416486,-4.24099428459435,2.02454848998766,0,-0,-0.0913395917759848,0.0407072349121929
2.72350088063779,1.56759250865317,-4.33238082228805,2.06515022305854,0,-0,-0.0913865376936935,0.0406017330708818
2.72465679188635,1.56758963206955,-4.42381423091908,2.10564629430145,0,0,-0.0914334086310326,0.0404960712429073
2.72581386193385,1.56758674438957,-4.51529443512471,2.1460365436012,-0,0,-0.0914802042056295,0.0403902492997546
2.7269720919502,1.56758384558869,-4.60682135915879,2.18632081071454,0,0,-0.0915269240340843,0.0402842671133405
2.7281314831065,1.56758093564237,-4.69839492689076,2.22649893527056,-0,0,-0.0915735677319675,0.0401781245560163
2.72929203657508,1.56757801452597,-4.79001506180458,2.26657075677113,-0,-0,-0.0916201349138189,0.040071821500571
2.73045375352944,1.56757508221483,-4.88168168699772,2.30653611459136,-0,0,-0.0916666251931455,0.0399653578202345
2.73161663514429,1.56757213868421,-4.97339472518014,2.34639484798004,0,-0,-0.0917130381824201,0.039858733388681
2.73278068259552,1.56756918390933,-5.06515409867322,2.38614679606007,0,-0,-0.0917593734930796,0.0397519480800316
2.73394589706026,1.56756621786535,-5.15695972940875,2.42579179782893,-0,0,-0.091805630735523,0.0396450017688586
2.73511227971679,1.56756324052736,-5.24881153892786,2.46532969215912,0,-0,-0.0918518095191103,0.0395378943301877
2.73627983174463,1.56756025187041,-5.34070944838002,2.50476031779862,0,-0,-0.0918979094521604,0.0394306256395016
2.73744855432451,1.5675572518695,-5.43265337852197,2.54408351337137,-0,0,-0.0919439301419499,0.0393231955727435
2.73861844863833,1.56755424049955,-5.52464324971668,2.58329911737769,0,-0,-0.0919898711947108,0.0392156040063203
2.73978951586924,1.56755121773544,-5.61667898193231,2.62240696819479,-0,-0,-0.0920357322156293,0.0391078508171054
2.74096175720155,1.56754818355199,-5.70876049474115,2.66140690407723,-0,-0,-0.0920815128088443,0.0389999358824428
2.74213517382083,1.56754513792396,-5.8008877073186,2.70029876315738,0,0,-0.0921272125774452,0.0388918590801497
2.74330976691383,1.56754208082606,-5.89306053844207,2.7390823834459,0,0,-0.0921728311234708,0.0387836202885204
2.74448553766851,1.56753901223292,-5.98527890648998,2.77775760283223,0,-0,-0.0922183680479074,0.0386752193863291
2.74566248727406,1.56753593211915,-6.07754272944066,2.81632425908507,0,-0,-0.0922638229506872,0.0385666562528339
2.74684061692087,1.56753284045926,-6.16985192487135,2.85478218985285,0,-0,-0.0923091954306866,0.0384579307677795
2.74801992780057,1.56752973722774,-6.26220640995707,2.89313123266425,0,-0,-0.0923544850857246,0.038349042811401
2.74920042110597,1.56752662239899,-6.35460610146964,2.93137122492868,-0,-0,-0.0923996915125616,0.0382399922644273
2.75038209803113,1.56752349594736,-6.44705091577653,2.96950200393676,0,-0,-0.0924448143068969,0.0381307790080843
2.75156495977131,1.56752035784716,-6.5395407688399,3.00752340686086,0,0,-0.0924898530633678,0.0380214029240984
2.75274900752301,1.56751720807262,-6.63207557621545,3.04543527075556,0,-0,-0.0925348073755478,0.0379118638947001
2.75393424248393,1.56751404659791,-6.72465525305139,3.08323743255819,0,0,-0.0925796768359449,0.0378021618026273
2.75512066585302,1.56751087339716,-6.81727971408739,3.12092972908931,-0,0,-0.0926244610359999,0.0376922965311287
2.75630827883043,1.56750768844441,-6.90994887365348,3.15851199705328,0,-0,-0.0926691595660852,0.0375822679639674
2.75749708261755,1.56750449171367,-7.00266264566898,3.19598407303871,-0,0,-0.0927137720155025,0.0374720759854244
2.75868707841698,1.56750128317887,-7.09542094364146,3.23334579351901,0,-0,-0.0927582979724821,0.0373617204803022
2.75987826743259,1.56749806281389,-7.18822368066564,3.27059699485294,0,-0,-0.0928027370241803,0.037251201333928
2.76107065086943,1.56749483059253,-7.28107076942232,3.30773751328509,0,0,-0.0928470887566787,0.0371405184321574
2.76226422993381,1.56749158648856,-7.37396212217731,3.34476718494647,-0,-0,-0.0928913527549821,0.0370296716613783
2.76345900583327,1.56748833047567,-7.46689765078032,3.38168584585499,-0,-0,-0.092935528603017,0.0369186609085137
2.76465497977657,1.56748506252748,-7.55987726666395,3.41849333191601,-0,-0,-0.0929796158836299,0.0368074860610261
2.76585215297373,1.56748178261756,-7.65290088084254,3.45518947892293,-0,-0,-0.0930236141785863,0.0366961470069206
2.76705052663598,1.56747849071943,-7.74596840391111,3.49177412255768,-0,-0,-0.0930675230685681,0.0365846436347484
2.76825010197581,1.56747518680652,-7.83907974604428,3.52824709839129,-0,-0,-0.0931113421331731,0.0364729758336111
2.76945088020694,1.56747187085221,-7.93223481699519,3.56460824188446,-0,-0,-0.0931550709509127,0.0363611434931634
2.77065286254431,1.56746854282983,-8.0254335260944,3.60085738838807,0,0,-0.0931987090992106,0.0362491465036174
2.77185605020415,1.56746520271263,-8.1186757822488,3.63699437314382,0,-0,-0.0932422561544012,0.0361369847557463
2.77306044440388,1.5674618504738,-8.21196149394053,3.67301903128471,-0,-0,-0.0932857116917279,0.0360246581408875
2.77426604636219,1.56745848608648,-8.30529056922587,3.70893119783565,-0,0,-0.0933290752853421,0.0359121665509469
2.77547285729903,1.56745510952372,-8.39866291573417,3.74473070771406,0,0,-0.0933723465083007,0.0357995098784023
2.77668087843557,1.56745172075852,-8.49207844066674,3.78041739573036,-0,0,-0.0934155249325655,0.0356866880163071
2.77789011099424,1.56744831976383,-8.58553705079574,3.81599109658866,-0,-0,-0.093458610129001,0.0355737008582942
2.77910055619873,1.56744490651251,-8.67903865246311,3.85145164488724,-0,0,-0.0935016016673731,0.0354605482985796
2.78031221527395,1.56744148097738,-8.77258315157946,3.8867988751192,-0,-0,-0.0935444991163477,0.0353472302319662
2.78152508944609,1.56743804313117,-8.86617045362295,3.92203262167305,0,-0,-0.0935873020434889,0.0352337465538477
2.78273917994259,1.56743459294656,-8.95980046363821,3.95715271883326,0,0,-0.0936300100152577,0.0351200971602123
2.78395448799214,1.56743113039617,-9.05347308623522,3.99215900078091,-0,-0,-0.0936726225970101,0.0350062819476463
2.78517101482468,1.56742765545253,-9.14718822558821,4.02705130159425,-0,-0,-0.0937151393529963,0.0348923008133383
2.78638876167141,1.56742416808814,-9.24094578543457,4.06182945524933,0,0,-0.0937575598463582,0.0347781536550829
2.78760772976481,1.56742066827539,-9.3347456690737,4.09649329562061,0,-0,-0.0937998836391289,0.0346638403712844
2.78882792033859,1.56741715598664,-9.42858777936593,4.13104265648158,0,0,-0.0938421102922303,0.0345493608609607
2.79004933462773,1.56741363119417,-9.5224720187314,4.16547737150532,0,-0,-0.0938842393654723,0.0344347150237474
2.79127197386849,1.56741009387019,-9.61639828914895,4.19979727426522,0,-0,-0.093926270417551,0.0343199027599015
2.79249583929837,1.56740654398685,-9.710366492155,4.23400219823553,0,-0,-0.0939682030060469,0.0342049239703053
2.79372093215615,1.56740298151622,-9.80437652884242,4.268091976792,0,-0,-0.094010036687424,0.0340897785564705
2.79494725368188,1.56739940643031,-9.89842829985945,4.30206644321254,-0,-0,-0.094051771017028,0.0339744664205419
2.79617480511686,1.56739581870107,-9.99252170540854,4.33592543067784,-0,0,-0.0940934055490849,0.0338589874653015
2.79740358770368,1.56739221830036,-10.0866566452452,4.36966877227202,-0,0,-0.0941349398366992,0.0337433415941727
2.79863360268618,1.5673886052,-10.1808330186771,4.40329630098324,0,-0,-0.094176373431853,0.0336275287112235
2.79986485130949,1.56738497937172,-10.2750507245625,4.43680784970441,-0,0,-0.0942177058854042,0.0335115487211717
2.80109733482002,1.56738134078718,-10.3693096613096,4.4702032512338,-0,0,-0.094258936747085,0.0333954015293877
2.80233105446542,1.56737768941798,-10.4636097268751,4.5034823382757,0,0,-0.0943000655655005,0.0332790870418993
2.80356601149465,1.56737402523565,-10.5579508187632,4.53664494344109,0,0,-0.0943410918881273,0.0331626051653955
2.80480220715793,1.56737034821165,-10.6523328340245,4.56969089924833,0,-0,-0.0943820152613121,0.0330459558072307
2.80603964270677,1.56736665831736,-10.7467556692548,4.60262003812375,0,0,-0.0944228352302701,0.0329291388754285
2.80727831939395,1.5673629555241,-10.8412192205939,4.63543219240244,-0,-0,-0.0944635513390837,0.032812154278686
2.80851823847354,1.56735923980311,-10.9357233837246,4.66812719432882,0,-0,-0.094504163130701,0.032695001926378
2.80975940120089,1.56735551112558,-11.0302680538715,4.70070487605738,-0,-0,-0.0945446701469342,0.0325776817285608
2.81100180883263,1.56735176946259,-11.1248531258,4.73316506965336,0,0,-0.0945850719284588,0.0324601935959765
2.81224546262668,1.56734801478518,-11.2194784938148,4.76550760709341,0,-0,-0.0946253680148113,0.0323425374400575
2.81349036384224,1.56734424706432,-11.3141440517592,4.79773232026634,-0,0,-0.0946655579443886,0.0322247131729299
2.81473651373981,1.56734046627088,-11.4088496930136,4.82983904097376,-0,-0,-0.094705641254446,0.0321067207074185
2.81598391358118,1.56733667237568,-11.5035953104947,4.86182760093081,0,-0,-0.0947456174810961,0.0319885599570504
2.81723256462941,1.56733286534947,-11.598380796654,4.89369783176687,-0,0,-0.0947854861593075,0.0318702308360597
2.81848246814887,1.5673290451629,-11.6932060434769,4.92544956502626,-0,-0,-0.094825246822903,0.0317517332593912
2.81973362540524,1.56732521178658,-11.7880709424815,4.95708263216897,-0,0,-0.0948648990045587,0.031633067142705
2.82098603766545,1.56732136519103,-11.8829753847173,4.98859686457135,0,-0,-0.0949044422358023,0.0315142324023808
2.82223970619777,1.56731750534669,-11.9779192607643,5.01999209352687,0,-0,-0.0949438760470118,0.0313952289555221
2.82349463227174,1.56731363222394,-12.0729024607317,5.05126815024683,-0,0,-0.0949831999674144,0.0312760567199603
2.82475081715822,1.56730974579307,-12.1679248742568,5.08242486586109,0,0,-0.0950224135250846,0.0311567156142593
2.82600826212936,1.56730584602431,-12.2629863905037,5.11346207141881,-0,0,-0.0950615162469433,0.0310372055577195
2.8272669684586,1.5673019328878,-12.3580868981625,5.14437959788919,0,0,-0.0951005076587564,0.0309175264703827
2.8285269374207,1.56729800635362,-12.4532262854476,5.17517727616223,-0,0,-0.0951393872851333,0.0307976782730359
2.82978817029173,1.56729406639176,-12.5484044400972,5.20585493704944,-0,-0,-0.0951781546495255,0.0306776608872158
2.83105066834905,1.56729011297214,-12.6436212493714,5.23641241128466,0,-0,-0.0952168092742257,0.0305574742352134
2.83231443287134,1.56728614606462,-12.7388766000517,5.26684952952474,0,0,-0.095255350680366,0.0304371182400783
2.83357946513857,1.56728216563895,-12.8341703784397,5.29716612235036,-0,-0,-0.0952937783879167,0.0303165928256229
2.83484576643204,1.56727817166482,-12.9295024703553,5.32736202026679,0,0,-0.0953320919156855,0.0301958979164273
2.83611333803436,1.56727416411186,-13.0248727611367,5.35743705370463,0,0,-0.0953702907813151,0.0300750334378435
2.83738218122945,1.56727014294958,-13.1202811356379,5.38739105302063,0,-0,-0.0954083745012832,0.0299539993159995
2.83865229730253,1.56726610814746,-13.2157274782288,5.41722384849843,0,0,-0.0954463425909002,0.0298327954778045
2.83992368754016,1.56726205967487,-13.3112116727932,5.44693527034939,-0,0,-0.0954841945643084,0.0297114218509531
2.8411963532302,1.56725799750111,-13.4067336027276,5.47652514871332,0,-0,-0.0955219299344808,0.0295898783639295
2.84247029566183,1.56725392159541,-13.5022931509409,5.50599331365933,0,-0,-0.0955595482132194,0.0294681649460126
2.84374551612557,1.5672498319269,-13.597890199852,5.53533959518661,-0,0,-0.0955970489111543,0.02934628152728
2.84502201591323,1.56724572846464,-13.6935246313897,5.56456382322522,0,0,-0.0956344315377424,0.0292242280386131
2.84629979631796,1.56724161117763,-13.789196326991,5.59366582763692,-0,0,-0.0956716956012661,0.0291020044117013
2.84757885863424,1.56723748003477,-13.8849051675998,5.62264543821597,0,0,-0.095708840608832,0.0289796105790467
2.84885920415787,1.56723333500487,-13.9806510336662,5.65150248468994,-0,0,-0.0957458660663697,0.0288570464739689
2.85014083418598,1.56722917605668,-14.0764338051448,5.68023679672055,0,-0,-0.0957827714786306,0.0287343120306094
2.851423750017,1.56722500315886,-14.172253361494,5.70884820390449,0,-0,-0.0958195563491869,0.0286114071839363
2.85270795295074,1.56722081627999,-14.2681095816745,5.73733653577423,0,0,-0.0958562201804298,0.028488331869749
2.8539934442883,1.56721661538857,-14.364002344148,5.76570162179892,0,-0,-0.095892762473569,0.0283650860246831
2.85528022533214,1.56721240045301,-14.4599315268767,5.79394329138513,-0,-0,-0.095929182728631,0.0282416695862147
2.85656829738603,1.56720817144164,-14.5558970073211,5.8220613738778,0,0,-0.095965480444458,0.0281180824926655
2.85785766175509,1.56720392832271,-14.6518986624398,5.850055698561,0,-0,-0.0960016551187071,0.0279943246832071
2.85914831974578,1.5671996710644,-14.7479363686877,5.87792609465887,0,-0,-0.0960377062478485,0.0278703960978663
2.86044027266589,1.56719539963479,-14.8440100020148,5.9056723913364,-0,0,-0.0960736333271648,0.0277462966775295
2.86173352182456,1.56719111400187,-14.9401194378656,5.93329441770035,0,-0,-0.0961094358507498,0.0276220263639475
2.86302806853225,1.56718681413356,-15.0362645511771,5.96079200280009,-0,0,-0.096145113311507,0.0274975850997405
2.86432391410078,1.56718249999769,-15.1324452163782,5.98816497562849,-0,0,-0.0961806652011491,0.0273729728284026
2.86562105984332,1.56717817156202,-15.2286613073884,6.0154131651228,-0,-0,-0.0962160910101961,0.0272481894943072
2.86691950707437,1.56717382879419,-15.3249126976164,6.04253640016551,0,0,-0.0962513902279746,0.027123235042711
2.86821925710978,1.56716947166179,-15.421199259959,6.06953450958527,-0,-0,-0.096286562342617,0.02699810941976
2.86952031126676,1.5671651001323,-15.5175208668001,6.09640732215776,-0,-0,-0.0963216068410595,0.0268728125724933
2.87082267086385,1.56716071417314,-15.6138773900091,6.12315466660661,-0,0,-0.096356523209042,0.0267473444488486
2.87212633722097,1.56715631375162,-15.7102687009402,6.14977637160428,-0,-0,-0.0963913109311062,0.0266217049976671
2.87343131165935,1.56715189883496,-15.8066946704308,6.17627226577298,-0,0,-0.096425969490595,0.0264958941686981
2.87473759550162,1.56714746939031,-15.9031551688005,6.20264217768558,0,0,-0.0964604983696512,0.0263699119126046
2.87604519007174,1.56714302538474,-15.9996500658497,6.22888593586655,0,-0,-0.0964948970492165,0.0262437581809675
2.87735409669502,1.56713856678519,-16.0961792308587,6.25500336879284,0,0,-0.0965291650090307,0.0261174329262912
2.87866431669816,1.56713409355857,-16.1927425325864,6.28099430489485,-0,-0,-0.09656330172763,0.0259909361020084
2.87997585140919,1.56712960567165,-16.2893398392687,6.30685857255733,-0,-0,-0.0965973066823467,0.025864267662485
2.88128870215751,1.56712510309113,-16.385971018618,6.33259600012036,-0,-0,-0.0966311793493075,0.0257374275630252
2.88260287027388,1.56712058578364,-16.4826359378215,6.35820641588024,0,0,-0.0966649192034331,0.025610415759877
2.88391835709044,1.56711605371569,-16.5793344635399,6.38368964809047,-0,0,-0.0966985257184367,0.0254832322102365
2.88523516394067,1.56711150685372,-16.6760664619067,6.40904552496273,0,-0,-0.0967319983668233,0.0253558768722537
2.88655329215945,1.56710694516407,-16.7728317985266,6.43427387466776,0,0,-0.0967653366198886,0.0252283497050372
2.887872743083,1.56710236861299,-16.8696303384743,6.45937452533642,-0,0,-0.0967985399477178,0.0251006506686596
2.88919351804891,1.56709777716663,-16.9664619462935,6.48434730506059,-0,0,-0.0968316078191851,0.0249727797241623
2.89051561839617,1.56709317079108,-17.0633264859955,6.50919204189415,-0,-0,-0.0968645397019523,0.0248447368335612
2.89183904546511,1.56708854945231,-17.1602238210579,6.533908563854,0,0,-0.096897335062468,0.0247165219598513
2.89316380059746,1.56708391311619,-17.2571538144239,6.55849669892101,0,-0,-0.0969299933659667,0.0245881350670124
2.89448988513631,1.56707926174853,-17.3541163285004,6.58295627504102,0,0,-0.0969625140764679,0.0244595761200141
2.89581730042613,1.56707459531502,-17.4511112251571,6.60728712012585,-0,-0,-0.0969948966567749,0.024330845084821
2.89714604781278,1.56706991378126,-17.5481383657256,6.63148906205424,0,0,-0.0970271405684742,0.0242019419283981
2.89847612864348,1.56706521711278,-17.6451976109976,6.65556192867296,-0,-0,-0.0970592452719344,0.0240728666187159
2.89980754426685,1.56706050527498,-17.7422888212239,6.67950554779772,-0,0,-0.0970912102263054,0.023943619124756
2.90114029603288,1.56705577823319,-17.8394118561134,6.70331974721423,0,0,-0.0971230348895174,0.0238141994165159
2.90247438529296,1.56705103595263,-17.9365665748317,6.72700435467925,-0,0,-0.0971547187182803,0.023684607465015
2.90380981339986,1.56704627839844,-18.0337528359997,6.75055919792154,0,-0,-0.0971862611680823,0.0235548432422994
2.90514658170772,1.56704150553566,-18.1309704976929,6.77398410464299,0,-0,-0.0972176616931897,0.0234249067214475
2.9064846915721,1.56703671732922,-18.2282194174396,6.79727890251957,0,0,-0.0972489197466455,0.0232947978765754
2.90782414434993,1.56703191374397,-18.3254994522198,6.82044341920241,0,0,-0.0972800347802689,0.0231645166828424
2.90916494139953,1.56702709474466,-18.4228104584645,6.84347748231887,-0,-0,-0.0973110062446542,0.023034063116456
2.91050708408064,1.56702226029594,-18.5201522920537,6.86638091947354,-0,-0,-0.0973418335891703,0.022903437154678
2.91185057375435,1.56701741036235,-18.6175248083156,6.88915355824937,0,-0,-0.0973725162619597,0.0227726387758292
2.9131954117832,1.56701254490835,-18.7149278620256,6.91179522620867,0,0,-0.0974030537099377,0.0226416679592957
2.91454159953109,1.5670076638983,-18.8123613074044,6.9343057508942,0,-0,-0.0974334453787917,0.0225105246855336
2.91588913836332,1.56700276729645,-18.9098249981173,6.95668495983028,-0,-0,-0.0974636907129804,0.0223792089360752
2.91723802964662,1.56699785506696,-19.0073187872731,6.97893268052381,-0,0,-0.0974937891557329,0.022247720693534
2.91858827474909,1.56699292717388,-19.1048425274221,7.00104874046542,0,0,-0.0975237401490482,0.0221160599416107
2.91993987504026,1.56698798358118,-19.2023960705558,7.02303296713052,-0,0,-0.0975535431336944,0.0219842266650984
2.92129283189105,1.56698302425271,-19.299979268105,7.04488518798041,-0,-0,-0.0975831975492077,0.0218522208498885
2.92264714667378,1.56697804915222,-19.3975919709389,7.06660523046339,-0,0,-0.0976127028338921,0.0217200424829759
2.92400282076221,1.56697305824337,-19.4952340293637,7.08819292201585,-0,0,-0.0976420584248183,0.0215876915524652
2.92535985553149,1.5669680514897,-19.5929052931216,7.10964809006343,-0,0,-0.0976712637578233,0.021455168047576
2.92671825235816,1.56696302885468,-19.6906056113891,7.13097056202208,0,-0,-0.0977003182675096,0.0213224719586483
2.92807801262022,1.56695799030164,-19.7883348327763,7.15216016529923,-0,-0,-0.0977292213872445,0.0211896032771487
2.92943913769705,1.56695293579384,-19.8860928053255,7.1732167272949,0,-0,-0.0977579725491596,0.0210565619956761
2.93080162896945,1.5669478652944,-19.9838793765096,7.19414007540287,-0,-0,-0.09778657118415,0.0209233481079668
2.93216548781965,1.56694277876637,-20.0816943932315,7.21493003701177,0,0,-0.0978150167218737,0.0207899616089009
2.9335307156313,1.56693767617268,-20.1795377018222,7.23558643950628,0,0,-0.0978433085907508,0.0206564024945079
2.93489731378945,1.56693255747615,-20.2774091480402,7.25610911026825,0,0,-0.0978714462179633,0.0205226707619722
2.9362652836806,1.56692742263951,-20.3753085770697,7.27649787667789,0,0,-0.0978994290294543,0.0203887664096392
2.93763462669266,1.56692227162538,-20.4732358335196,7.29675256611491,0,-0,-0.0979272564499273,0.020254689437021
2.93900534421496,1.56691710439625,-20.5711907614224,7.31687300595971,-0,0,-0.0979549279028457,0.0201204398448023
2.94037743763826,1.56691192091455,-20.6691732042329,7.33685902359456,-0,-0,-0.0979824428104323,0.019986017634846
2.94175090835475,1.56690672114255,-20.7671830048265,7.35671044640476,0,0,-0.0980098005936687,0.0198514228101995
2.94312575775806,1.56690150504246,-20.8652200054988,7.37642710177986,0,-0,-0.0980370006722948,0.0197166553751004
2.94450198724325,1.56689627257634,-20.9632840479636,7.39600881711484,-0,-0,-0.0980640424648083,0.0195817153349822
2.94587959820678,1.56689102370618,-21.0613749733521,7.41545541981132,-0,-0,-0.0980909253884641,0.0194466026964805
2.9472585920466,1.56688575839384,-21.1594926222114,7.43476673727876,0,0,-0.098117648859274,0.019311317467439
2.94863897016204,1.56688047660107,-21.2576368345034,7.45394259693567,0,0,-0.0981442122920058,0.0191758596569151
2.95002073395391,1.56687517828952,-21.3558074496036,7.47298282621086,-0,0,-0.0981706151001833,0.0190402292751864
2.95140388482445,1.56686986342072,-21.4540043062997,7.49188725254462,-0,0,-0.0981968566960857,0.0189044263337562
2.95278842417732,1.56686453195609,-21.5522272427904,7.51065570338998,-0,-0,-0.0982229364907469,0.01876845084536
2.95417435341764,1.56685918385695,-21.6504760966844,7.52928800621395,0,-0,-0.0982488538939556,0.0186323028239711
2.95556167395197,1.5668538190845,-21.7487507049986,7.54778398849876,0,-0,-0.0982746083142543,0.0184959822848071
2.95695038718832,1.56684843759982,-21.8470509041576,7.56614347774309,-0,-0,-0.0983001991589393,0.0183594892443355
2.95834049453615,1.5668430393639,-21.9453765299916,7.58436630146337,0,0,-0.0983256258340601,0.0182228237202804
2.95973199740634,1.5668376243376,-22.043727417736,7.602452287195,0,-0,-0.0983508877444192,0.0180859857316281
2.96112489721127,1.56683219248166,-22.1421034020296,7.62040126249363,-0,-0,-0.0983759842935716,0.0179489752986336
2.96251919536472,1.56682674375672,-22.2405043169134,7.63821305493646,0,-0,-0.0984009148838245,0.0178117924428264
2.96391489328196,1.56682127812331,-22.3389299958297,7.65588749212348,-0,-0,-0.098425678916237,0.0176744371870171
2.9653119923797,1.56681579554183,-22.4373802716203,7.67342440167878,0,0,-0.0984502757906198,0.0175369095553034
2.96671049407611,1.56681029597257,-22.5358549765258,7.69082361125186,0,0,-0.0984747049055349,0.0173992095730763
2.96811039979081,1.56680477937571,-22.6343539421841,7.70808494851888,0,-0,-0.098498965658295,0.0172613372670263
2.96951171094489,1.5667992457113,-22.7328769996291,7.72520824118403,-0,-0,-0.0985230574449638,0.0171232926651498
2.9709144289609,1.5667936949393,-22.8314239792894,7.74219331698079,-0,0,-0.0985469796603553,0.0169850757967554
2.97231855526284,1.56678812701952,-22.9299947109875,7.75904000367326,0,0,-0.0985707316980338,0.01684668669247
2.97372409127619,1.56678254191166,-23.0285890239378,7.7757481290575,0,0,-0.0985943129503134,0.0167081253842454
2.97513103842789,1.56677693957533,-23.127206746746,7.79231752096287,0,-0,-0.0986177228082582,0.0165693919053643
2.97653939814635,1.56677131996999,-23.2258477074077,7.80874800725331,0,0,-0.0986409606616817,0.0164304862904471
2.97794917186144,1.56676568305498,-23.3245117333069,7.82503941582877,0,-0,-0.0986640258991467,0.0162914085754578
2.97936036100451,1.56676002878955,-23.4231986512148,7.84119157462648,-0,0,-0.0986869179079655,0.0161521587977109
2.98077296700838,1.5667543571328,-23.521908287289,7.85720431162236,0,0,-0.0987096360741993,0.0160127369958773
2.98218699130735,1.56674866804372,-23.6206404670717,7.87307745483235,0,-0,-0.098732179782658,0.0158731432099913
2.98360243533717,1.56674296148118,-23.7193950154886,7.88881083231381,0,0,-0.0987545484169008,0.0157333774814565
2.98501930053511,1.56673723740392,-23.8181717568478,7.90440427216686,0,-0,-0.0987767413592351,0.0155934398530527
2.98643758833987,1.56673149577057,-23.9169705148385,7.9198576025358,-0,0,-0.0987987579907173,0.0154533303689422
2.98785730019167,1.56672573653963,-24.0157911125297,7.93517065161048,0,-0,-0.0988205976911522,0.0153130490746765
2.98927843753219,1.56671995966948,-24.1146333723688,7.95034324762768,0,-0,-0.098842259839093,0.0151725960172026
2.99070100180461,1.56671416511837,-24.2134971161806,7.96537521887255,-0,-0,-0.0988637438118414,0.0150319712448697
2.99212499445357,1.56670835284443,-24.3123821651661,7.98026639367999,0,-0,-0.0988850489854477,0.0148911748074359
2.99355041692522,1.56670252280567,-24.4112883399008,7.99501660043606,0,-0,-0.0989061747347103,0.0147502067560746
2.99497727066718,1.56669667495996,-24.510215460334,8.00962566757944,-0,-0,-0.0989271204331764,0.0146090671433812
2.99640555712858,1.56669080926505,-24.6091633457871,8.02409342360282,0,-0,-0.0989478854531413,0.0144677560233796
2.99783527776003,1.56668492567858,-24.7081318149528,8.03841969705435,0,0,-0.0989684691656489,0.0143262734515293
2.99926643401364,1.56667902415804,-24.8071206858932,8.05260431653908,0,0,-0.098988870940492,0.0141846194847316
3.00069902734299,1.5666731046608,-24.9061297760395,8.06664711072042,-0,0,-0.0990090901462114,0.0140427941813365
3.00213305920319,1.56666716714411,-25.0051589021896,8.08054790832157,-0,0,-0.0990291261500972,0.0139007976011495
3.00356853105083,1.56666121156508,-25.1042078805077,8.09430653812701,-0,0,-0.0990489783181882,0.0137586298054383
3.005005444344,1.56665523788069,-25.203276526523,8.10792282898395,-0,0,-0.0990686460152718,0.0136162908569395
3.00644380054229,1.5666492460478,-25.3023646551279,8.12139660980381,-0,0,-0.099088128604885,0.0134737808198653
3.00788360110681,1.56664323602313,-25.4014720805772,8.13472770956372,-0,0,-0.0991074254493139,0.0133310997599106
3.00932484750015,1.56663720776329,-25.5005986164868,8.14791595730798,0,0,-0.099126535909594,0.0131882477442597
3.01076754118643,1.56663116122472,-25.5997440758323,8.16096118214958,0,0,-0.0991454593455106,0.0130452248415929
3.01221168363125,1.56662509636376,-25.6989082709479,8.17386321327167,0,0,-0.0991641951155987,0.0129020311220938
3.01365727630175,1.56661901313662,-25.7980910135251,8.18662187992913,-0,0,-0.0991827425771436,0.0127586666574557
3.01510432066655,1.56661291149934,-25.8972921146112,8.19923701145001,-0,0,-0.0992011010861808,0.0126151315208892
3.01655281819581,1.56660679140787,-25.9965113846087,8.21170843723714,-0,0,-0.0992192699974967,0.0124714257871283
3.01800277036119,1.56660065281799,-26.0957486332734,8.22403598676958,0,0,-0.0992372486646284,0.0123275495324379
3.01945417863586,1.56659449568537,-26.1950036697132,8.2362194896042,-0,0,-0.0992550364398643,0.0121835028346207
3.02090704449453,1.56658831996554,-26.2942763023875,8.24825877537723,0,0,-0.0992726326742444,0.012039285773024
3.02236136941341,1.56658212561388,-26.393566339105,8.26015367380577,-0,-0,-0.0992900367175607,0.011894898428547
3.02381715487024,1.56657591258566,-26.4928735870234,8.27190401468942,0,-0,-0.0993072479183573,0.0117503408836476
3.02527440234427,1.56656968083597,-26.5921978526473,8.28350962791177,0,-0,-0.0993242656239311,0.0116056132223495
3.0267331133163,1.5665634303198,-26.6915389418277,8.29497034344202,-0,0,-0.0993410891803322,0.0114607155302492
3.02819328926862,1.566557160992,-26.79089665976,8.30628599133654,-0,-0,-0.0993577179323638,0.0113156478945234
3.02965493168508,1.56655087280725,-26.8902708109836,8.31745640174048,-0,0,-0.0993741512235835,0.0111704104039358
3.03111804205105,1.56654456572012,-26.9896611993799,8.32848140488932,0,0,-0.0993903883963031,0.0110250031488444
3.03258262185341,1.56653823968503,-27.0890676281715,8.33936083111053,-0,0,-0.0994064287915891,0.0108794262212085
3.03404867258061,1.56653189465627,-27.1884898999208,8.35009451082513,-0,-0,-0.0994222717492638,0.0107336797145963
3.0355161957226,1.56652553058796,-27.2879278165287,8.36068227454932,0,-0,-0.0994379166079051,0.0105877637241913
3.03698519277089,1.5665191474341,-27.3873811792335,8.37112395289612,0,-0,-0.0994533627048475,0.0104416783468005
3.03845566521852,1.56651274514855,-27.4868497886097,8.38141937657698,0,-0,-0.0994686093761824,0.0102954236808609
3.03992761456005,1.56650632368502,-27.5863334445664,8.39156837640343,0,0,-0.099483655956759,0.0101489998264469
3.04140104229161,1.56649988299707,-27.6858319463466,8.4015707832887,-0,-0,-0.0994985017801843,0.010002406885278
3.04287594991087,1.56649342303813,-27.7853450925255,8.41142642824943,-0,-0,-0.0995131461788247,0.00985564496072564
3.04435233891701,1.56648694376146,-27.8848726810093,8.42113514240725,-0,0,-0.0995275884838055,0.00970871415782069
3.04583021081081,1.56648044512021,-27.9844145090343,8.43069675699051,-0,0,-0.0995418280250125,0.00956161458326083
3.04730956709455,1.56647392706735,-28.0839703731654,8.44011110333593,-0,-0,-0.0995558641310923,0.00941434634541785
3.04879040927209,1.56646738955572,-28.1835400692948,8.44937801289027,-0,0,-0.0995696961294529,0.00926690955434516
3.05027273884883,1.56646083253801,-28.2831233926411,8.45849731721206,-0,-0,-0.0995833233462645,0.00911930432178502
3.05175655733171,1.56645425596677,-28.3827201377475,8.46746884797323,0,-0,-0.0995967451064605,0.0089715307611761
3.05324186622925,1.56644765979438,-28.4823300984813,8.4762924369609,0,-0,-0.099609960733738,0.00882358898766092
3.0547286670515,1.56644104397308,-28.5819530680318,8.48496791607899,0,0,-0.0996229695505586,0.00867547911809328
3.0562169613101,1.56643440845498,-28.68158883891,8.49349511735003,0,-0,-0.0996357708781494,0.00852720127104582
3.05770675051822,1.566427753192,-28.7812372029465,8.50187387291685,-0,0,-0.0996483640365035,0.00837875556681738
3.0591980361906,1.56642107813594,-28.8808979512909,8.51010401504429,0,0,-0.0996607483443814,0.00823014212744076
3.06069081984355,1.56641438323844,-28.9805708744102,8.51818537612098,0,-0,-0.0996729231193114,0.00808136107669011
3.06218510299495,1.56640766845098,-29.0802557620878,8.52611778866107,-0,0,-0.0996848876775906,0.00793241254008857
3.06368088716422,1.56640093372489,-29.1799524034221,8.53390108530599,0,-0,-0.0996966413342859,0.00778329664491585
3.06517817387237,1.56639417901134,-29.2796605868253,8.5415350988262,-0,-0,-0.0997081834032351,0.00763401352021591
3.06667696464198,1.56638740426137,-29.3793801000223,8.54901966212301,-0,-0,-0.0997195131970475,0.00748456329680453
3.0681772609972,1.56638060942583,-29.4791107300494,8.55635460823028,-0,0,-0.0997306300271052,0.00733494610727696
3.06967906446374,1.56637379445544,-29.578852263253,8.5635397703163,-0,-0,-0.0997415332035641,0.00718516208601567
3.0711823765689,1.56636695930075,-29.6786044852884,8.5705749816855,0,0,-0.0997522220353547,0.00703521136919805
3.07268719884156,1.56636010391215,-29.7783671811186,8.5774600757803,0,-0,-0.0997626958301834,0.00688509409480412
3.07419353281216,1.56635322823988,-29.8781401350131,8.58419488618293,-0,0,-0.0997729538945335,0.00673481040262422
3.07570138001274,1.56634633223401,-29.9779231305467,8.59077924661719,-0,-0,-0.0997829955336663,0.0065843604342669
3.07721074197691,1.56633941584448,-30.0777159505984,8.59721299095036,-0,0,-0.0997928200516222,0.00643374433316661
3.07872162023986,1.56633247902102,-30.1775183773496,8.60349595319495,-0,0,-0.099802426751222,0.00628296224459155
3.08023401633839,1.56632552171325,-30.2773301922837,8.6096279675106,0,0,-0.099811814934068,0.00613201431565148
3.08174793181086,1.5663185438706,-30.3771511761842,8.61560886820591,0,0,-0.0998209839005452,0.00598090069530565
3.08326336819722,1.56631154544233,-30.476981109134,8.62143848974028,-0,0,-0.0998299329498222,0.00582962153437054
3.08478032703904,1.56630452637755,-30.5768197705139,8.62711666672581,0,0,-0.0998386613798534,0.00567817698552791
3.08629880987946,1.56629748662522,-30.6766669390013,8.63264323392914,0,0,-0.099847168487379,0.00552656720333263
3.0878188182632,1.56629042613411,-30.7765223925692,8.63801802627336,-0,-0,-0.0998554535679274,0.00537479234422058
3.08934035373661,1.56628334485283,-30.876385908485,8.64324087883988,-0,0,-0.099863515915816,0.00522285256651673
3.09086341784762,1.56627624272984,-30.9762572633092,8.64831162687032,0,0,-0.0998713548241525,0.00507074803044302
3.09238801214576,1.56626911971342,-31.076136232894,8.65323010576845,0,-0,-0.0998789695848365,0.00491847889812646
3.09391413818215,1.56626197575168,-31.1760225923826,8.65799615110206,0,0,-0.0998863594885608,0.00476604533360702
3.09544179750954,1.56625481079256,-31.2759161162074,8.6626095986049,-0,0,-0.099893523824813,0.00461344750284578
3.09697099168226,1.56624762478385,-31.3758165780892,8.66707028417864,0,0,-0.0999004618818767,0.00446068557373299
3.09850172225627,1.56624041767315,-31.4757237510361,8.67137804389473,-0,0,-0.0999071729468329,0.0043077597160961
3.10003399078912,1.56623318940789,-31.5756374073416,8.67553271399644,-0,0,-0.099913656305562,0.00415467010170795
3.10156779883998,1.56622593993535,-31.6755573185844,8.67953413090073,0,0,-0.0999199112427449,0.00400141690429489
3.10310314796961,1.56621866920261,-31.7754832556262,8.68338213120028,-0,-0,-0.0999259370418647,0.00384800029954482
3.10464003974043,1.56621137715659,-31.8754149886115,8.6870765516654,-0,0,-0.0999317329852081,0.00369442046511549
3.10617847571642,1.56620406374405,-31.9753522869653,8.69061722924604,0,-0,-0.0999372983538675,0.00354067758064268
3.10771845746323,1.56619672891155,-32.0752949193931,8.69400400107379,-0,-0,-0.0999426324277421,0.00338677182774834
3.10925998654808,1.56618937260548,-32.1752426538786,8.69723670446384,-0,-0,-0.0999477344855398,0.00323270339004893
3.11080306453986,1.56618199477208,-32.2751952576834,8.700315176917,-0,-0,-0.099952603804779,0.0030784724531636
3.11234769300904,1.56617459535739,-32.3751524973452,8.70323925612172,-0,-0,-0.0999572396617899,0.00292407920472252
3.11389387352774,1.56616717430726,-32.4751141386769,8.7060087799561,0,0,-0.099961641331717,0.00276952383437517
3.1154416076697,1.56615973156739,-32.5750799467654,8.7086235864899,0,0,-0.09996580808852,0.00261480653379858
3.11699089701029,1.56615226708329,-32.6750496859704,8.7110835139866,0,-0,-0.0999697392049762,0.00245992749670587
3.1185417431265,1.56614478080029,-32.7750231199231,8.71338840090546,-0,-0,-0.0999734339526821,0.00230488691885443
3.12009414759696,1.56613727266353,-32.8750000115251,8.71553808590351,0,-0,-0.0999768916020554,0.00214968499805437
3.12164811200194,1.56612974261799,-32.9749801229475,8.71753240783769,0,0,-0.0999801114223367,0.00199432193417699
3.12320363792334,1.56612219060844,-33.0749632156291,8.71937120576685,-0,0,-0.0999830926815914,0.00183879792916312
3.12476072694468,1.5661146165795,-33.1749490502758,8.72105431895388,-0,0,-0.099985834646712,0.00168311318703159
3.12631938065115,1.56610702047557,-33.2749373868592,8.72258158686777,0,-0,-0.0999883365834196,0.00152726791388772
3.12787960062956,1.56609940224089,-33.3749279846155,8.7239528491857,0,0,-0.0999905977562662,0.00137126231793189
3.12944138846837,1.56609176181951,-33.4749206020441,8.72516794579517,0,-0,-0.0999926174286365,0.00121509660946791
3.13100474575768,1.56608409915528,-33.5749149969068,8.72622671679608,0,0,-0.0999943948627503,0.00105877100091161
3.13256967408925,1.56607641419189,-33.6749109262265,8.72712900250288,-0,0,-0.0999959293196643,0.000902285706799499
3.13413617505647,1.56606870687281,-33.7749081462858,8.72787464344668,0,0,-0.0999972200592743,0.000745640943797223
3.13570425025438,1.56606097714135,-33.8749064126261,8.72846348037739,-0,0,-0.0999982663403173,0.000588836930708201
3.13727390127969,1.5660532249406,-33.9749054800465,8.72889535426587,0,-0,-0.0999990674203737,0.000431873888482287
3.13884512973076,1.5660454502135,-34.0749051026023,8.72917010630609,0,0,-0.0999996225558696,0.000274752040224295
3.14041793720759,1.56603765290275,-34.1749050336044,8.7292875779173,-0,0,-0.099999931002079,0.000117471611202838
3.14199232531184,1.5660298329509,-34.2749050256175,8.72924761074615,0,0,-0.0999999920131258,-3.99671711411027e-05
3.14356829564686,1.56602199030027,-34.3749048304595,8.72905004666897,0,0,-0.0999998048419866,-0.000197564077185513
3.14514584981761,1.56601412489303,-34.4749041992,8.72869472779385,-0,0,-0.0999993687404925,-0.000355318875118431
3.14672498943076,1.56600623667111,-34.5749028821593,8.72818149646292,-0,-0,-0.0999986829593318,-0.000513231330929363
3.14830571609461,1.56599832557627,-34.6749006289074,8.72751019525452,-0,0,-0.0999977467480523,-0.00067130120840051
3.14988803141916,1.56599039155007,-34.7748971882625,8.72668066698542,-0,0,-0.0999965593550637,-0.000829528269097875
3.15147193701604,1.56598243453387,-34.8748923082901,8.72569275471306,-0,-0,-0.0999951200276399,-0.000987912272362486
3.15305743449859,1.56597445446883,-34.974885736302,8.72454630173776,0,0,-0.099993428011922,-0.00114645297530164
3.15464452548179,1.56596645129591,-35.074877218855,8.72324115160498,-0,-0,-0.09999148255292,-0.00130515013277995
3.15623321158232,1.56595842495587,-35.1748665017495,8.72177714810757,-0,0,-0.0999892828945161,-0.00146400349741055
3.15782349441851,1.56595037538927,-35.2748533300289,8.72015413528802,0,-0,-0.0999868282794668,-0.00162301281954606
3.15941537561039,1.56594230253648,-35.3748374479783,8.71837195744075,0,-0,-0.0999841179494059,-0.00178217784726984
3.16100885677966,1.56593420633764,-35.4748185991232,8.71643045911437,0,-0,-0.0999811511448465,-0.00194149832638693
3.16260393954971,1.56592608673271,-35.5747965262284,8.71432948511395,0,-0,-0.0999779271051845,-0.00210097400041515
3.1642006255456,1.56591794366144,-35.6747709712971,8.71206888050337,-0,0,-0.0999744450687007,-0.0022606046105761
3.16579891639408,1.56590977706335,-35.7747416755696,8.70964849060759,-0,-0,-0.0999707042725637,-0.00242038989578611
3.1673988137236,1.5659015868778,-35.8747083795225,8.70706816101494,0,-0,-0.0999667039528328,-0.0025803295926473
3.16900031916428,1.5658933730439,-35.9746708228669,8.7043277375795,-0,-0,-0.0999624433444606,-0.00274042343543847
3.17060343434794,1.56588513550057,-36.0746287445482,8.7014270664234,-0,-0,-0.0999579216812961,-0.00290067115610609
3.1722081609081,1.56587687418652,-36.1745818827443,8.69836599393914,0,0,-0.0999531381960874,-0.00306107248425513
3.17381450047997,1.56586858904025,-36.2745299748648,8.695144366792,-0,0,-0.0999480921204843,-0.00322162714714004
3.17542245470045,1.56586028000004,-36.3744727575498,8.69176203192235,-0,0,-0.0999427826850419,-0.00338233486965556
3.17703202520815,1.56585194700397,-36.4744099666691,8.68821883654802,-0,0,-0.0999372091192232,-0.00354319537432761
3.17864321364336,1.5658435899899,-36.5743413373205,8.68451462816672,-0,-0,-0.099931370651402,-0.00370420838130408
3.18025602164811,1.56583520889546,-36.6742666038293,8.68064925455837,0,-0,-0.099925266508866,-0.00386537360834567
3.1818704508661,1.5658268036581,-36.7741854997472,8.67662256378755,-0,0,-0.0999188959178204,-0.00402669077081671
3.18348650294275,1.56581837421502,-36.8740977578505,8.67243440420588,0,0,-0.09991225810339,-0.00418815958167583
3.18510417952519,1.56580992050323,-36.9740031101402,8.66808462445441,0,0,-0.0999053522896233,-0.00434977975146674
3.18672348226226,1.5658014424595,-37.0739012878397,8.6635730734661,-0,0,-0.099898177699495,-0.00451155098830906
3.1883444128045,1.56579294002039,-37.1737920213946,8.65889960046822,0,-0,-0.0998907335549099,-0.00467347299788886
3.18996697280418,1.56578441312223,-37.2736750404713,8.65406405498477,-0,-0,-0.0998830190767054,-0.00483554548344948
3.19159116391529,1.56577586170115,-37.3735500739559,8.64906628683898,-0,-0,-0.0998750334846552,-0.00499776814578209
3.19321698779351,1.56576728569305,-37.4734168499534,8.64390614615577,-0,0,-0.0998667759974728,-0.00516014068321644
3.19484444609627,1.56575868503358,-37.5732750957862,8.63858348336415,-0,-0,-0.0998582458328144,-0.00532266279161135
3.19647354048271,1.5657500596582,-37.6731245379935,8.63309814919981,-0,-0,-0.0998494422072826,-0.00548533416434546
3.19810427261369,1.56574140950213,-37.7729649023299,8.6274499947075,-0,-0,-0.0998403643364297,-0.00564815449230771
3.1997366441518,1.56573273450037,-37.8727959137647,8.62163887124361,0,-0,-0.0998310114347614,-0.0058111234638879
3.20137065676136,1.56572403458768,-37.9726172964804,8.61566463047865,0,0,-0.0998213827157398,-0.00597424076496726
3.20300631210843,1.5657153096986,-38.0724287738722,8.60952712439974,0,-0,-0.0998114773917878,-0.00613750607890898
3.20464361186077,1.56570655976744,-38.1722300685465,8.60322620531319,0,-0,-0.0998012946742915,-0.00630091908654871
3.2062825576879,1.56569778472828,-38.2720209023201,8.596761725847,0,0,-0.099790833773605,-0.00646447946618501
3.20792315126107,1.56568898451497,-38.3718009962192,8.59013353895343,-0,0,-0.0997800938990534,-0.00662818689356983
3.20956539425327,1.56568015906111,-38.4715700704781,8.58334149791153,-0,0,-0.0997690742589364,-0.00679204104189893
3.21120928833923,1.5656713083001,-38.5713278445386,8.57638545632973,-0,-0,-0.0997577740605324,-0.00695604158180233
3.2128548351954,1.56566243216507,-38.6710740370487,8.5692652681484,0,-0,-0.0997461925101023,-0.00712018818133462
3.21450203650001,1.56565353058894,-38.7708083658616,8.56198078764243,-0,-0,-0.0997343288128928,-0.00728448050596552
3.216150893933,1.56564460350438,-38.8705305480348,8.55453186942386,0,-0,-0.0997221821731407,-0.00744891821857002
3.21780140917609,1.56563565084381,-38.9702402998289,8.54691836844444,0,0,-0.0997097517940767,-0.00761350097941889
3.21945358391273,1.56562667253944,-39.0699373367068,8.53914013999827,-0,-0,-0.0996970368779294,-0.00777822844616889
3.22110741982812,1.56561766852322,-39.1696213733327,8.53119703972442,-0,-0,-0.0996840366259288,-0.0079431002738531
3.22276291860922,1.56560863872686,-39.269292123571,8.52308892360955,-0,-0,-0.099670750238311,-0.00810811611487124
3.22442008194475,1.56559958308183,-39.3689493004853,8.51481564799057,0,-0,-0.0996571769143216,-0.00827327561897989
3.22607891152517,1.56559050151936,-39.4685926163376,8.50637706955729,0,-0,-0.0996433158522203,-0.00843857843328265
3.22773940904273,1.56558139397042,-39.5682217825868,8.49777304535507,0,-0,-0.0996291662492847,-0.00860402420222057
3.2294015761914,1.56557226036575,-39.6678365098887,8.48900343278751,-0,0,-0.0996147273018144,-0.00876961256756211
3.23106541466696,1.56556310063584,-39.7674365080938,8.48006808961911,-0,-0,-0.0995999982051358,-0.00893534316839343
3.23273092616692,1.56555391471093,-39.8670214862474,8.470966873978,0,-0,-0.0995849781536053,-0.00910121564110862
3.23439811239056,1.56554470252101,-39.966591152588,8.4616996443586,0,0,-0.0995696663406146,-0.00926722961939966
3.23606697503896,1.56553546399581,-40.0661452145466,8.45226625962436,-0,0,-0.0995540619585946,-0.00943338473424676
3.23773751581493,1.56552619906483,-40.1656833787456,8.44266657901045,-0,0,-0.0995381641990195,-0.00959968061390821
3.23940973642309,1.56551690765729,-40.265205350998,8.43290046212654,0,0,-0.0995219722524117,-0.00976611688391071
3.24108363856981,1.56550758970217,-40.3647108363064,8.4229677689595,0,0,-0.099505485308346,-0.00993269316703921
3.24275922396325,1.56549824512821,-40.4641995388618,8.41286835987617,-0,0,-0.0994887025554541,-0.0100994090833272
3.24443649431335,1.56548887386386,-40.5636711620433,8.40260209562612,0,0,-0.0994716231814291,-0.0102662642500464
3.24611545133183,1.56547947583733,-40.6631254084163,8.39216883734442,-0,0,-0.0994542463730302,-0.0104332582816971
3.24779609673218,1.56547005097658,-40.7625619797324,8.38156844655443,0,0,-0.0994365713160874,-0.010600390789998
3.2494784322297,1.5654605992093,-40.8619805769279,8.37080078517055,-0,-0,-0.0994185971955056,-0.0107676613838759
3.25116245954147,1.56545112046291,-40.9613809001232,8.3598657155011,-0,0,-0.09940032319527,-0.0109350696694564
3.25284818038635,1.56544161466458,-41.0607626486216,8.34876310025104,0,0,-0.0993817484984506,-0.0111026152500529
3.25453559648499,1.56543208174122,-41.1601255209088,8.33749280252488,0,-0,-0.0993628722872068,-0.0112702977261572
3.25622470955986,1.56542252161945,-41.2594692146516,8.32605468582946,0,-0,-0.0993436937427925,-0.0114381166954291
3.25791552133519,1.56541293422565,-41.3587934266972,8.31444861407677,0,0,-0.0993242120455607,-0.0116060717526862
3.25960803353704,1.56540331948592,-41.4580978530722,8.30267445158688,-0,0,-0.0993044263749687,-0.0117741624898939
3.26130224789325,1.56539367732609,-41.5573821889817,8.29073206309072,-0,0,-0.0992843359095829,-0.0119423884961554
3.26299816613348,1.56538400767173,-41.6566461288088,8.27862131373302,0,-0,-0.099263939827084,-0.012110749357701
3.26469578998916,1.56537431044813,-41.7558893661131,8.26634206907514,0,0,-0.0992432373042716,-0.0122792446578784
3.26639512119357,1.56536458558031,-41.8551115936302,8.253894195098,0,-0,-0.0992222275170699,-0.0124478739771422
3.26809616148177,1.565354832993,-41.9543125032707,8.24127755820495,-0,-0,-0.0992009096405325,-0.0126166368930438
3.26979891259064,1.56534505261069,-42.0534917861195,8.22849202522473,0,0,-0.0991792828488474,-0.012785532980221
3.27150337625887,1.56533524435757,-42.1526491324349,8.21553746341434,-0,0,-0.0991573463153429,-0.012954561810388
3.27320955422698,1.56532540815754,-42.2517842316474,8.20241374046202,-0,-0,-0.099135099212492,-0.0131237229523245
3.27491744823727,1.56531554393424,-42.3508967723593,8.18912072449015,-0,-0,-0.0991125407119186,-0.0132930159718662
3.27662706003389,1.56530565161104,-42.4499864423437,8.17565828405826,0,-0,-0.0990896699844021,-0.0134624404318939
3.27833839136282,1.56529573111099,-42.5490529285436,8.16202628816594,0,-0,-0.0990664861998834,-0.0136319958923232
3.28005144397182,1.56528578235689,-42.648095917071,8.14822460625584,-0,-0,-0.0990429885274701,-0.0138016819100945
3.28176621961052,1.56527580527125,-42.7471150932065,8.13425310821668,0,0,-0.099019176135442,-0.013971498039162
3.28348272003036,1.56526579977627,-42.8461101413977,8.1201116643862,-0,-0,-0.0989950481912569,-0.0141414438304839
3.28520094698459,1.56525576579391,-42.9450807452593,8.10580014555419,0,-0,-0.0989706038615557,-0.0143115188320118
3.28692090222833,1.56524570324578,-43.0440265875715,8.09131842296551,0,-0,-0.0989458423121685,-0.0144817225886798
3.28864258751851,1.56523561205326,-43.1429473502796,8.07666636832311,0,0,-0.0989207627081205,-0.0146520546423948
3.29036600461389,1.56522549213739,-43.2418427144932,8.06184385379109,-0,0,-0.0988953642136369,-0.0148225145320255
3.29209115527508,1.56521534341894,-43.3407123604854,8.04685075199769,-0,0,-0.0988696459921496,-0.0149931017933921
3.29381804126454,1.5652051658184,-43.4395559676917,8.03168693603844,-0,-0,-0.0988436072063025,-0.0151638159592557
3.29554666434655,1.56519495925593,-43.5383732147096,8.01635227947913,-0,-0,-0.0988172470179578,-0.0153346565593077
3.29727702628724,1.56518472365142,-43.6371637792978,8.00084665635897,0,-0,-0.0987905645882013,-0.0155056231201597
3.29900912885461,1.56517445892445,-43.7359273383752,7.98516994119364,-0,0,-0.0987635590773492,-0.0156767151653324
3.30074297381847,1.56516416499429,-43.8346635680201,7.96932200897839,0,0,-0.0987362296449535,-0.0158479322152452
3.30247856295051,1.56515384177994,-43.9333721434699,7.95330273519119,0,0,-0.0987085754498085,-0.0160192737872057
3.30421589802426,1.56514348920007,-44.0320527391199,7.93711199579579,-0,-0,-0.0986805956499568,-0.0161907393953992
3.30595498081511,1.56513310717304,-44.1307050285226,7.92074966724491,-0,-0,-0.0986522894026953,-0.0163623285508775
3.30769581310031,1.56512269561694,-44.2293286843872,7.90421562648336,0,0,-0.0986236558645817,-0.0165340407615491
3.30943839665896,1.56511225444951,-44.3279233785786,7.8875097509512,-0,-0,-0.0985946941914407,-0.0167058755321678
3.31118273327203,1.56510178358821,-44.426488782117,7.87063191858687,0,-0,-0.0985654035383706,-0.0168778323643224
3.31292882472235,1.56509128295018,-44.5250245651767,7.85358200783045,0,-0,-0.098535783059749,-0.0170499107564259
3.31467667279462,1.56508075245225,-44.623530397086,7.83635989762674,-0,0,-0.09850583190924,-0.0172221102037049
3.3164262792754,1.56507019201094,-44.7220059463258,7.81896546742855,0,0,-0.0984755492398003,-0.0173944301981887
3.31817764595314,1.56505960154244,-44.8204508805295,7.80139859719986,0,0,-0.098444934203686,-0.0175668702286986
3.31993077461813,1.56504898096264,-44.9188648664819,7.78365916741902,0,-0,-0.0984139859524587,-0.0177394297808372
3.32168566706256,1.56503833018711,-45.0172475701189,7.76574705908204,-0,-0,-0.0983827036369929,-0.0179121083369778
3.32344232508049,1.56502764913109,-45.1155986565264,7.74766215370579,-0,0,-0.0983510864074819,-0.0180849053762531
3.32520075046786,1.56501693770952,-45.2139177899398,7.72940433333124,-0,0,-0.0983191334134453,-0.0182578203745448
3.32696094502249,1.56500619583699,-45.3122046337436,7.71097348052677,-0,0,-0.0982868438037353,-0.0184308528044729
3.32872291054409,1.56499542342779,-45.4104588504701,7.69236947839139,-0,0,-0.0982542167265437,-0.0186040021353844
3.33048664883423,1.56498462039587,-45.5086801017995,7.67359221055804,0,-0,-0.0982212513294089,-0.0187772678333428
3.33225216169641,1.56497378665486,-45.6068680485588,7.65464156119693,0,-0,-0.0981879467592229,-0.0189506493611171
3.33401945093599,1.56496292211805,-45.705022350721,7.63551741501876,-0,-0,-0.0981543021622382,-0.0191241461781709
3.33578851836023,1.56495202669842,-45.8031426674051,7.6162196572781,-0,0,-0.0981203166840748,-0.0192977577406516
3.33755936577828,1.5649411003086,-45.9012286568748,7.59674817377672,-0,0,-0.0980859894697276,-0.0194714835013795
3.3393319950012,1.5649301428609,-45.9992799765384,7.57710285086689,0,0,-0.0980513196635734,-0.0196453229098365
3.34110640784193,1.56491915426728,-46.0972962829478,7.55728357545473,0,-0,-0.0980163064093782,-0.0198192754121559
3.34288260611533,1.56490813443937,-46.1952772317981,7.53729023500362,0,0,-0.0979809488503045,-0.0199933404511107
3.34466059163816,1.56489708328846,-46.293222477927,7.51712271753752,0,-0,-0.0979452461289185,-0.0201675174661031
3.34644036622907,1.56488600072551,-46.3911316753142,7.49678091164437,0,-0,-0.0979091973871979,-0.020341805893153
3.34822193170864,1.56487488666113,-46.4890044770807,7.47626470647948,0,-0,-0.097872801766539,-0.0205162051648878
3.35000528989934,1.56486374100557,-46.5868405354885,7.45557399176895,0,-0,-0.0978360584077641,-0.0206907147105307
3.35179044262558,1.56485256366878,-46.6846395019396,7.43470865781306,0,-0,-0.0977989664511297,-0.0208653339558898
3.35357739171364,1.56484135456031,-46.7824010269759,7.41366859548971,-0,-0,-0.0977615250363335,-0.0210400623233474
3.35536613899176,1.56483011358939,-46.8801247602785,7.39245369625786,-0,-0,-0.0977237333025223,-0.0212148992318485
3.35715668629009,1.56481884066491,-46.9778103506668,7.37106385216097,-0,0,-0.0976855903883,-0.0213898440968901
3.35894903544069,1.56480753569537,-47.0754574460985,7.34949895583046,0,0,-0.097647095431735,-0.0215648963305097
3.36074318827754,1.56479619858896,-47.1730656936689,7.32775890048919,-0,-0,-0.0976082475703683,-0.0217400553412747
3.36253914663656,1.56478482925349,-47.2706347396101,7.30584357995491,0,0,-0.0975690459412213,-0.021915320534271
3.3643369123556,1.56477342759642,-47.3681642292909,7.28375288864382,0,-0,-0.097529489680804,-0.0220906913110917
3.36613648727443,1.56476199352483,-47.465653807216,7.261486721574,0,0,-0.0974895779251227,-0.0222661670698265
3.36793787323476,1.56475052694548,-47.5631031170257,7.23904497436895,-0,-0,-0.0974493098096884,-0.02244174720505
3.36974107208023,1.56473902776473,-47.6605118014952,7.21642754326114,0,0,-0.0974086844695247,-0.0226174311078109
3.37154608565642,1.5647274958886,-47.7578795025344,7.19363432509551,-0,-0,-0.0973677010391764,-0.0227932181656205
3.37335291581086,1.56471593122273,-47.8552058611871,7.17066521733307,0,-0,-0.0973263586527171,-0.022969107762442
3.375161564393,1.56470433367239,-47.9524905176309,7.14752011805439,0,-0,-0.0972846564437584,-0.0231450992786788
3.37697203325425,1.5646927031425,-48.0497331111763,7.12419892596323,0,0,-0.0972425935454575,-0.0233211920911636
3.37878432424796,1.56468103953759,-48.1469332802669,7.10070154039008,0,0,-0.0972001690905261,-0.0234973855731471
3.38059843922945,1.56466934276181,-48.2440906624781,7.0770278612958,0,0,-0.0971573822112388,-0.0236736790942865
3.38241438005596,1.56465761271897,-48.3412048945176,7.05317778927516,0,-0,-0.0971142320394417,-0.0238500720206349
3.3842321485867,1.56464584931245,-48.4382756122241,7.02915122556053,-0,0,-0.097070717706561,-0.0240265637146292
3.38605174668284,1.56463405244531,-48.5353024505677,7.00494807202545,-0,-0,-0.0970268383436117,-0.0242031535350796
3.38787317620751,1.56462222202018,-48.6322850436489,6.98056823118829,-0,0,-0.0969825930812063,-0.024379840837158
3.38969643902578,1.56461035793933,-48.7292230246985,6.95601160621591,-0,0,-0.0969379810495637,-0.0245566249723863
3.3915215370047,1.56459846010464,-48.826116026077,6.93127810092728,-0,0,-0.0968930013785181,-0.024733505288626
3.39334847201328,1.56458652841761,-48.9229636792745,6.90636761979722,-0,0,-0.0968476531975279,-0.024910481130066
3.39517724592252,1.56457456277934,-49.0197656149102,6.88128006796,-0,-0,-0.0968019356356845,-0.0250875518372118
3.39700786060535,1.56456256309056,-49.1165214627319,6.85601535121313,-0,-0,-0.096755847821722,-0.0252647167468741
3.3988403179367,1.56455052925158,-49.213230851616,6.83057337602097,0,-0,-0.0967093888840254,-0.0254419751921572
3.40067461979348,1.56453846116234,-49.3098934095666,6.80495404951852,0,0,-0.0966625579506407,-0.025619326502448
3.40251076805455,1.56452635872236,-49.4065087637159,6.77915727951512,-0,0,-0.0966153541492835,-0.0257967700034042
3.40434876460077,1.56451422183078,-49.5030765403232,6.75318297449818,-0,0,-0.0965677766073486,-0.0259743050169434
3.40618861131499,1.56450205038633,-49.5995963647752,6.72703104363695,0,-0,-0.0965198244519196,-0.0261519308612314
3.40803031008201,1.56448984428736,-49.6960678615849,6.70070139678628,0,-0,-0.0964714968097777,-0.026329646850671
3.40987386278866,1.56447760343177,-49.7924906543923,6.67419394449039,-0,0,-0.096422792807412,-0.0265074522958903
3.41171927132374,1.56446532771711,-49.8888643659634,6.64750859798665,-0,0,-0.0963737115710284,-0.0266853465037317
3.41356653757802,1.56445301704046,-49.9851886181899,6.62064526920941,0,0,-0.0963242522265598,-0.02686332877724
3.4154156634443,1.56444067129855,-50.0814630320896,6.59360387079376,0,0,-0.0962744138996754,-0.0270413984156514
3.41726665081736,1.56442829038766,-50.1776872278054,6.56638431607938,-0,0,-0.0962241957157906,-0.0272195547143819
3.41911950159397,1.56441587420366,-50.2738608246055,6.53898651911437,-0,-0,-0.096173596800077,-0.0273977969650158
3.42097421767292,1.56440342264201,-50.3699834408829,6.51141039465907,-0,-0,-0.096122616277472,-0.0275761244552942
3.422830800955,1.56439093559775,-50.4660546941556,6.48365585818997,-0,0,-0.0960712532726892,-0.0277545364691036
3.42468925334299,1.5643784129655,-50.5620742010659,6.4557228259035,-0,-0,-0.096019506910228,-0.0279330322864647
3.42654957674169,1.56436585463945,-50.6580415773803,6.42761121471998,-0,-0,-0.0959673763143839,-0.0281116111835204
3.42841177305792,1.56435326051338,-50.7539564379895,6.39932094228746,-0,0,-0.0959148606092588,-0.0282902724325246
3.43027584420049,1.56434063048062,-50.8498183969083,6.37085192698563,-0,0,-0.0958619589187709,-0.0284690153018307
3.43214179208026,1.5643279644341,-50.9456270672749,6.34220408792975,0,0,-0.0958086703666656,-0.0286478390558802
3.43400961861007,1.56431526226628,-51.0413820613515,6.31337734497456,0,-0,-0.0957549940765251,-0.0288267429551908
3.43587932570482,1.56430252386921,-51.1370829905232,6.28437161871821,-0,0,-0.0957009291717795,-0.0290057262563454
3.43775091528139,1.56428974913452,-51.232729465299,6.25518683050623,0,0,-0.0956464747757169,-0.0291847882119803
3.43962438925871,1.56427693795337,-51.3283210953105,6.22582290243546,0,0,-0.0955916300114944,-0.0293639280707734
3.44149974955776,1.56426409021649,-51.4238574893126,6.19627975735802,0,-0,-0.0955363940021483,-0.0295431450774334
3.4433769981015,1.56425120581417,-51.5193382551832,6.16655731888534,-0,0,-0.0954807658706051,-0.0297224384726874
3.44525613681496,1.56423828463626,-51.6147629999229,6.13665551139207,-0,-0,-0.0954247447396922,-0.02990180749327
3.44713716762521,1.56422532657216,-51.710131329655,6.10657426002015,0,-0,-0.0953683297321489,-0.0300812513719114
3.44902009246132,1.56421233151081,-51.8054428496257,6.07631349068283,0,0,-0.0953115199706371,-0.0302607693373261
3.45090491325444,1.5641992993407,-51.9006971642034,6.04587313006863,-0,-0,-0.0952543145777524,-0.0304403606142009
3.45279163193775,1.56418622994988,-51.9958938768795,6.01525310564544,0,0,-0.0951967126760353,-0.030620024423184
3.45468025044646,1.56417312322594,-52.0910325902675,5.98445334566457,-0,-0,-0.0951387133879823,-0.0307997599808726
3.45657077071785,1.564159979056,-52.1861129061035,5.95347377916477,0,-0,-0.0950803158360569,-0.0309795664998021
3.45846319469124,1.56414679732672,-52.2811344252462,5.92231433597633,0,0,-0.0950215191427013,-0.0311594431884341
3.46035752430801,1.56413357792431,-52.3760967476766,5.89097494672519,-0,-0,-0.0949623224303473,-0.0313393892511447
3.46225376151158,1.5641203207345,-52.470999472498,5.85945554283698,0,-0,-0.094902724821428,-0.0315194038882134
3.46415190824745,1.56410702564256,-52.5658421979364,5.82775605654117,-0,-0,-0.0948427254383893,-0.0316994862958108
3.46605196646316,1.56409369253329,-52.6606245213401,5.79587642087518,0,-0,-0.0947823234037016,-0.0318796356659879
3.46795393810834,1.564080321291,-52.75534603918,5.76381656968851,-0,0,-0.0947215178398709,-0.0320598511866635
3.46985782513465,1.56406691179955,-52.8500063470494,5.7315764376469,-0,-0,-0.0946603078694514,-0.0322401320416135
3.47176362949584,1.5640534639423,-52.9446050396645,5.69915596023644,-0,0,-0.0945986926150565,-0.0324204774104585
3.47367135314773,1.56403997760215,-53.0391417108638,5.66655507376779,0,-0,-0.0945366711993711,-0.0326008864686529
3.47558099804822,1.5640264526615,-53.133615953609,5.63377371538032,-0,-0,-0.0944742427451635,-0.0327813583874726
3.47749256615726,1.56401288900227,-53.2280273599843,5.60081182304631,-0,0,-0.0944114063752973,-0.0329618923340042
3.47940605943691,1.56399928650589,-53.322375521197,5.56766933557518,0,-0,-0.0943481612127435,-0.0331424874711324
3.4813214798513,1.56398564505331,-53.4166600275776,5.53434619261765,-0,-0,-0.0942845063805929,-0.0333231429575293
3.48323882936662,1.56397196452497,-53.5108804685797,5.50084233467001,-0,0,-0.0942204410020682,-0.0335038579476422
3.48515810995119,1.56395824480084,-53.6050364327802,5.46715770307832,0,-0,-0.0941559642005362,-0.0336846315916821
3.48707932357538,1.56394448576035,-53.6991275078798,5.43329224004271,-0,0,-0.0940910750995204,-0.0338654630356121
3.48900247221167,1.56393068728248,-53.7931532807025,5.39924588862158,-0,0,-0.0940257728227134,-0.0340463514211361
3.49092755783464,1.56391684924567,-53.8871133371965,5.36501859273589,0,0,-0.0939600564939893,-0.0342272958856866
3.49285458242095,1.56390297152786,-53.9810072624339,5.33061029717348,0,0,-0.0938939252374168,-0.0344082955624133
3.49478354794936,1.5638890540065,-54.0748346406112,5.29602094759331,0,-0,-0.0938273781772712,-0.0345893495801717
3.49671445640075,1.56387509655851,-54.1685950550492,5.26125049052979,-0,-0,-0.093760414438048,-0.0347704570635113
3.49864730975809,1.56386109906029,-54.2622880881937,5.22629887339713,0,-0,-0.093693033144475,-0.0349516171326637
3.50058211000646,1.56384706138776,-54.3559133216152,5.1911660444936,-0,0,-0.0936252334215257,-0.0351328289035316
3.50251885913305,1.56383298341627,-54.4494703360096,5.15585195300592,0,0,-0.0935570143944323,-0.0353140914876766
3.50445755912716,1.5638188650207,-54.5429587111983,5.12035654901361,0,0,-0.0934883751886985,-0.0354954039923079
3.50639821198022,1.56380470607536,-54.6363780261285,5.08467978349334,0,0,-0.0934193149301131,-0.0356767655202704
3.50834081968574,1.56379050645406,-54.7297278588732,5.04882160832331,-0,0,-0.0933498327447629,-0.0358581751700334
3.5102853842394,1.56377626603007,-54.8230077866323,5.01278197628763,-0,0,-0.0932799277590461,-0.036039632035679
3.51223190763896,1.56376198467613,-54.916217385732,4.97656084108074,-0,0,-0.0932095990996861,-0.0362211352068899
3.51418039188434,1.56374766226445,-55.0093562316257,4.9401581573118,-0,0,-0.0931388458937443,-0.0364026837689386
3.51613083897755,1.56373329866669,-55.1024238988943,4.90357388050913,-0,-0,-0.0930676672686344,-0.0365842768026751
3.51808325092278,1.56371889375397,-55.1954199612465,4.86680796712461,0,0,-0.0929960623521355,-0.0367659133845159
3.5200376297263,1.56370444739687,-55.2883439915189,4.82986037453818,-0,-0,-0.0929240302724061,-0.0369475925864318
3.52199397739656,1.56368995946543,-55.3811955616769,4.79273106106224,0,0,-0.092851570157998,-0.0371293134759368
3.52395229594413,1.56367542982913,-55.4739742428148,4.75541998594617,-0,0,-0.0927786811378698,-0.0373110751160761
3.52591258738172,1.56366085835689,-55.5666796051562,4.71792710938075,-0,0,-0.0927053623414016,-0.0374928765654149
3.52787485372418,1.5636462449171,-55.6593112180546,4.68025239250273,-0,-0,-0.0926316128984083,-0.0376747168780264
3.52983909698853,1.56363158937757,-55.7518686499937,4.64239579739925,-0,0,-0.0925574319391541,-0.0378565951034806
3.53180531919391,1.56361689160555,-55.8443514685881,4.60435728711241,-0,0,-0.0924828185943668,-0.0380385102868323
3.53377352236164,1.56360215146773,-55.9367592405833,4.5661368256438,0,0,-0.092407771995252,-0.0382204614686102
3.53574370851517,1.56358736883023,-56.0290915318568,4.527734377959,-0,0,-0.0923322912735076,-0.0384024476848045
3.53771587968013,1.56357254355862,-56.1213479074182,4.48914990999214,-0,-0,-0.0922563755613381,-0.0385844679668559
3.53969003788429,1.56355767551785,-56.2135279314097,4.4503833886505,0,0,-0.0921800239914693,-0.038766521341644
3.5416661851576,1.56354276457234,-56.3056311671068,4.41143478181902,-0,-0,-0.0921032356971629,-0.0389486068314754
3.54364432353217,1.56352781058591,-56.397657176919,4.37230405836495,-0,0,-0.0920260098122313,-0.0391307234540726
3.54562445504228,1.5635128134218,-56.4896055223901,4.33299118814239,0,-0,-0.0919483454710523,-0.0393128702225622
3.54760658172438,1.56349777294266,-56.5814757641987,4.29349614199693,-0,-0,-0.0918702418085841,-0.0394950461454634
3.5495907056171,1.56348268901056,-56.6732674621591,4.25381889177025,0,-0,-0.0917916979603804,-0.0396772502266766
3.55157682876123,1.56346756148696,-56.7649801752217,4.21395941030478,0,0,-0.091712713062605,-0.0398594814654717
3.55356495319976,1.56345239023275,-56.8566134614737,4.1739176714483,0,0,-0.0916332862520477,-0.0400417388564768
3.55555508097785,1.56343717510821,-56.9481668781399,4.13369365005863,0,0,-0.091553416666139,-0.0402240213896665
3.55754721414285,1.56342191597301,-57.0396399815828,4.09328732200828,-0,0,-0.0914731034429654,-0.0404063280503506
3.55954135474431,1.56340661268623,-57.1310323273041,4.05269866418912,0,-0,-0.0913923457212853,-0.0405886578191626
3.56153750483395,1.56339126510633,-57.2223434699446,4.01192765451707,0,0,-0.0913111426405439,-0.0407710096720481
3.56353566646569,1.56337587309117,-57.3135729632855,3.97097427193682,-0,-0,-0.0912294933408895,-0.0409533825802534
3.56553584169566,1.56336043649799,-57.4047203602487,3.92983849642651,0,0,-0.0911473969631884,-0.0411357755103141
3.56753803258217,1.56334495518341,-57.4957852128978,3.88852030900246,0,-0,-0.0910648526490413,-0.0413181874240436
3.56954224118575,1.56332942900343,-57.5867670724386,3.84701969172394,-0,-0,-0.0909818595407989,-0.0415006172785218
3.57154846956912,1.56331385781343,-57.6776654892201,3.80533662769786,-0,-0,-0.0908984167815778,-0.0416830640260836
3.57355671979722,1.56329824146815,-57.7684800127354,3.76347110108355,-0,-0,-0.0908145235152766,-0.0418655266143073
3.5755669939372,1.56328257982172,-57.859210191622,3.72142309709755,-0,-0,-0.0907301788865922,-0.0420480039860036
3.57757929405841,1.56326687272763,-57.9498555736631,3.67919260201834,-0,-0,-0.0906453820410357,-0.0422304950792041
3.57959362223243,1.5632511200387,-58.040415705788,3.63677960319119,0,0,-0.0905601321249489,-0.0424129988271496
3.58160998053305,1.56323532160717,-58.1308901340735,3.59418408903291,0,-0,-0.0904744282855208,-0.0425955141582792
3.5836283710363,1.56321947728457,-58.2212784037443,3.55140604903669,-0,0,-0.0903882696708036,-0.0427780399962187
3.58564879582041,1.56320358692183,-58.311580059174,3.50844547377692,0,0,-0.0903016554297301,-0.0429605752597693
3.58767125696587,1.56318765036921,-58.4017946438862,3.46530235491403,0,-0,-0.0902145847121295,-0.0431431188628965
3.58969575655536,1.5631716674763,-58.4919217005549,3.42197668519931,-0,-0,-0.0901270566687448,-0.0433256697147184
3.59172229667382,1.56315563809207,-58.5819607710062,3.37846845847981,-0,-0,-0.0900390704512493,-0.0435082267194949
3.59375087940843,1.56313956206479,-58.6719113962184,3.3347776697032,0,0,-0.0899506252122637,-0.043690788776616
3.59578150684859,1.56312343924208,-58.7617731163238,3.29090431492261,-0,-0,-0.0898617201053731,-0.0438733547805908
3.59781418108597,1.5631072694709,-58.8515454706089,3.24684839130157,-0,-0,-0.0897723542851441,-0.0440559236210362
3.59984890421446,1.56309105259751,-58.9412279975161,3.20260989711891,0,-0,-0.0896825269071421,-0.0442384941826655
3.60188567833021,1.56307478846753,-59.030820234644,3.15818883177363,-0,-0,-0.0895922371279485,-0.0444210653452778
3.60392450553161,1.56305847692586,-59.1203217187492,3.11358519578988,0,-0,-0.0895014841051783,-0.044603635983746
3.60596538791933,1.56304211781676,-59.2097319857467,3.06879899082188,-0,0,-0.0894102669974973,-0.044786204968006
3.60800832759626,1.56302571098375,-59.2990505707113,3.02383021965883,-0,0,-0.08931858496464,-0.0449687711630459
3.61005332666759,1.56300925626971,-59.3882770078788,2.97867888622994,-0,0,-0.0892264371674271,-0.0451513334288942
3.61210038724074,1.5629927535168,-59.4774108306466,2.93334499560933,0,0,-0.0891338227677835,-0.0453338906206092
3.61414951142541,1.56297620256647,-59.5664515715753,2.88782855402106,0,0,-0.0890407409287559,-0.0455164415882676
3.61620070133358,1.56295960325949,-59.6553987623898,2.84212956884411,0,-0,-0.0889471908145309,-0.0456989851769537
3.61825395907948,1.56294295543591,-59.7442519339803,2.79624804861736,-0,-0,-0.0888531715904531,-0.0458815202267481
3.62030928677962,1.56292625893507,-59.8330106164033,2.75018400304464,0,-0,-0.0887586824230435,-0.0460640455727166
3.62236668655281,1.56290951359561,-59.9216743388833,2.70393744299974,0,0,-0.0886637224800171,-0.0462465600448996
3.6244261605201,1.56289271925544,-60.0102426298137,2.65750838053144,-0,-0,-0.0885682909303021,-0.0464290624683008
3.62648771080487,1.56287587575174,-60.0987150167577,2.61089682886857,0,-0,-0.0884723869440576,-0.0466115516628759
3.62855133953275,1.56285898292098,-60.1870910264504,2.56410280242504,-0,0,-0.0883760096926927,-0.0467940264435225
3.63061704883169,1.56284204059889,-60.2753701847993,2.51712631680497,-0,-0,-0.088279158348885,-0.0469764856200684
3.6326848408319,1.56282504862047,-60.3635520168859,2.46996738880771,0,0,-0.0881818320865991,-0.047158927997261
3.63475471766591,1.56280800681998,-60.451636046967,2.42262603643296,-0,0,-0.0880840300811057,-0.0473413523747565
3.63682668146855,1.56279091503094,-60.539621798476,2.37510227888585,0,-0,-0.0879857515090007,-0.0475237575471087
3.63890073437693,1.56277377308613,-60.6275087940242,2.32739613658209,0,-0,-0.0878869955482239,-0.0477061423037587
3.64097687853049,1.56275658081756,-60.7152965554023,2.27950763115307,-0,-0,-0.0877877613780782,-0.0478885054290234
3.64305511607096,1.56273933805651,-60.8029846035815,2.23143678545098,0,-0,-0.0876880481792491,-0.0480708457020853
3.6451354491424,1.56272204463349,-60.8905724587154,2.183183623554,0,-0,-0.0875878551338237,-0.0482531618969816
3.64721787989116,1.56270470037824,-60.9780596401407,2.13474817077141,0,0,-0.0874871814253105,-0.0484354527825931
3.64930241046594,1.56268730511975,-61.0654456663793,2.08613045364877,0,0,-0.0873860262386587,-0.048617717122634
3.65138904301771,1.56266985868623,-61.1527300551396,2.03733049997313,0,-0,-0.0872843887602778,-0.0487999536756408
3.65347777969983,1.56265236090511,-61.2399123233177,1.98834833877817,-0,-0,-0.0871822681780576,-0.0489821611949621
3.65556862266792,1.56263481160304,-61.3269919869991,1.93918400034942,-0,-0,-0.0870796636813878,-0.0491643384287473
3.65766157407999,1.56261721060591,-61.4139685614602,1.88983751622949,-0,0,-0.0869765744611781,-0.0493464841199366
3.65975663609633,1.56259955773878,-61.5008415611701,1.84030891922324,0,-0,-0.0868729997098781,-0.0495285970062501
3.6618538108796,1.56258185282596,-61.5876104997916,1.79059824340306,0,0,-0.0867689386214976,-0.0497106758201775
3.66395310059479,1.56256409569094,-61.6742748901832,1.74070552411409,-0,-0,-0.0866643903916269,-0.0498927192889674
3.66605450740922,1.56254628615641,-61.7608342444007,1.69063079797947,0,0,-0.0865593542174568,-0.0500747261346165
3.66815803349259,1.56252842404426,-61.8472880736985,1.64037410290561,0,-0,-0.0864538292977995,-0.0502566950738601
3.67026368101691,1.56251050917556,-61.9336358885316,1.58993547808745,-0,-0,-0.0863478148331088,-0.0504386248181604
3.67237145215655,1.56249254137059,-62.0198771985571,1.53931496401376,-0,0,-0.0862413100255012,-0.0506205140736973
3.67448134908826,1.56247452044878,-62.1060115126359,1.4885126024724,0,-0,-0.0861343140787761,-0.050802361541357
3.67659337399112,1.56245644622875,-62.1920383388343,1.43752843655568,-0,0,-0.0860268261984371,-0.0509841659167226
3.67870752904658,1.56243831852829,-62.277957184426,1.38636251066561,0,0,-0.0859188455917128,-0.051165925890063
3.68082381643847,1.56242013716437,-62.3637675558936,1.33501487051929,0,-0,-0.0858103714675779,-0.0513476401463231
3.68294223835295,1.56240190195311,-62.4494689589304,1.28348556315418,-0,0,-0.0857014030367746,-0.0515293073651134
3.68506279697859,1.56238361270978,-62.5350608984422,1.23177463693348,0,0,-0.0855919395118333,-0.0517109262206999
3.68718549450632,1.56236526924882,-62.6205428785493,1.17988214155148,0,0,-0.0854819801070948,-0.0518924953819939
3.68931033312945,1.5623468713838,-62.7059144025881,1.12780812803894,-0,-0,-0.0853715240387311,-0.0520740135125416
3.69143731504365,1.56232841892746,-62.7911749731128,1.07555264876843,-0,0,-0.0852605705247674,-0.0522554792705145
3.693566442447,1.56230991169166,-62.8763240918979,1.02311575745973,0,0,-0.0851491187851038,-0.0524368913086988
3.69569771753996,1.5622913494874,-62.9613612599395,0.970497509185243,0,-0,-0.0850371680415368,-0.0526182482744859
3.69783114252538,1.5622727321248,-63.0462859774572,0.917697960375381,-0,-0,-0.0849247175177816,-0.052799548809862
3.69996671960849,1.56225405941311,-63.1310977438967,0.864717168823983,-0,-0,-0.0848117664394941,-0.0529807915513982
3.70210445099694,1.56223533116071,-63.215796057931,0.811555193693742,-0,-0,-0.0846983140342926,-0.053161975130241
3.70424433890076,1.56221654717508,-63.3003804174628,0.75821209552164,-0,0,-0.0845843595317806,-0.0533430981721017
3.7063863855324,1.56219770726283,-63.3848503196264,0.704687936224393,0,0,-0.084469902163569,-0.0535241592972471
3.7085305931067,1.56217881122964,-63.4692052607897,0.650982779103904,-0,0,-0.0843549411632982,-0.0537051571204898
3.71067696384092,1.56215985888032,-63.5534447365563,0.597096688852726,0,-0,-0.0842394757666613,-0.0538860902511778
3.71282549995475,1.56214085001876,-63.6375682417678,0.54302973155954,0,-0,-0.0841235052114262,-0.0540669572931856
3.71497620367025,1.56212178444796,-63.7215752705052,0.488781974714636,-0,-0,-0.0840070287374587,-0.0542477568449037
3.71712907721195,1.56210266196997,-63.805465316092,0.434353487215407,0,0,-0.0838900455867453,-0.0544284874992296
3.71928412280678,1.56208348238595,-63.8892378710954,0.379744339371849,0,-0,-0.0837725550034165,-0.0546091478435579
3.72144134268409,1.56206424549612,-63.9728924273291,0.324954602912078,0,0,-0.0836545562337692,-0.0547897364597709
3.72360073907567,1.56204495109977,-64.0564284758554,0.269984350987849,-0,-0,-0.0835360485262908,-0.054970251924229
3.72576231421575,1.56202559899526,-64.1398455069871,0.214833658180088,0,0,-0.0834170311316818,-0.055150692807761
3.72792607034099,1.56200618897999,-64.22314301029,0.159502600504433,0,0,-0.08329750330288,-0.0553310576756553
3.73009200969048,1.56198672085045,-64.3063204745851,0.103991255416783,0,0,-0.0831774642950833,-0.0555113450876498
3.73226013450577,1.56196719440213,-64.3893773879509,0.0482997018188598,0,-0,-0.0830569133657737,-0.0556915535979233
3.73443044703084,1.5619476094296,-64.4723132377256,-0.00757197993622557,0,0,-0.0829358497747414,-0.0558716817550853
3.73660294951215,1.56192796572646,-64.5551275105097,-0.0636237080383935,-0,0,-0.082814272784108,-0.0560517281021679
3.73877764419858,1.56190826308532,-64.6378196921681,-0.119855399215009,0,-0,-0.0826921816583512,-0.0562316911766155
3.74095453334148,1.56188850129784,-64.7203892678324,-0.176266968725285,0,-0,-0.0825695756643285,-0.0564115695102763
3.74313361919466,1.56186868015469,-64.8028357219037,-0.232858330354679,-0,0,-0.0824464540713016,-0.0565913616293933
3.74531490401441,1.56184879944557,-64.8851585380546,-0.289629396409273,-0,0,-0.0823228161509606,-0.0567710660545946
3.74749839005947,1.56182885895916,-64.9673571992321,-0.346580077710158,-0,-0,-0.0821986611774487,-0.0569506813008851
3.74968407959104,1.56180885848316,-65.0494311876595,-0.403710283587795,0,-0,-0.0820739884273866,-0.0571302058776372
3.75187197487283,1.56178879780429,-65.1313799848394,-0.461019921876377,-0,0,-0.081948797179897,-0.057309638288582
3.754062078171,1.56176867670822,-65.213203071556,-0.518508898908178,0,-0,-0.08182308671663,-0.0574889770318002
3.75625439175419,1.56174849497964,-65.2948999278778,-0.576177119507891,-0,-0,-0.0816968563217873,-0.0576682205997137
3.75844891789354,1.5617282524022,-65.3764700331599,-0.634024486986968,-0,-0,-0.0815701052821477,-0.0578473674790767
3.76064565886267,1.56170794875855,-65.457912866047,-0.692050903137935,-0,-0,-0.0814428328870921,-0.0580264161509669
3.76284461693771,1.56168758383028,-65.5392279044756,-0.750256268228712,0,0,-0.0813150384286286,-0.0582053650907771
3.76504579439725,1.56166715739796,-65.6204146256771,-0.808640480996918,-0,0,-0.0811867212014184,-0.0583842127682061
3.7672491935224,1.56164666924113,-65.7014725061799,-0.867203438644169,0,-0,-0.0810578805028005,-0.0585629576472511
3.76945481659679,1.56162611913825,-65.7824010218127,-0.925945036830367,0,0,-0.0809285156328179,-0.0587415981861981
3.77166266590652,1.56160550686675,-65.8631996477069,-0.984865169667981,-0,0,-0.0807986258942433,-0.0589201328376144
3.77387274374022,1.561584832203,-65.9438678582995,-1.04396372971632,-0,-0,-0.0806682105926045,-0.0590985600483397
3.77608505238904,1.56156409492229,-66.0244051273357,-1.1032406079758,0,0,-0.0805372690362108,-0.0592768782594782
3.77829959414663,1.56154329479884,-66.1048109278719,-1.16269569388219,0,-0,-0.0804058005361788,-0.0594550859063901
3.78051637130917,1.5615224316058,-66.1850847322784,-1.22232887530087,0,-0,-0.0802738044064589,-0.0596331814186832
3.78273538617536,1.56150150511524,-66.2652260122422,-1.28214003852108,-0,0,-0.0801412799638612,-0.0598111632202052
3.78495664104644,1.56148051509813,-66.3452342387703,-1.34212906825011,-0,-0,-0.0800082265280821,-0.0599890297290355
3.78718013822616,1.56145946132433,-66.425108882192,-1.40229584760759,-0,0,-0.079874643421731,-0.0601667793574771
3.78940588002083,1.56143834356263,-66.5048494121624,-1.46264025811964,-0,-0,-0.0797405299703567,-0.0603444105120487
3.79163386873927,1.56141716158068,-66.5844552976649,-1.52316217971312,0,0,-0.0796058855024743,-0.0605219215934768
3.79386410669286,1.56139591514502,-66.6639260070145,-1.5838614907098,0,0,-0.0794707093495922,-0.0606993109966879
3.79609659619553,1.56137460402108,-66.7432610078607,-1.6447380678206,0,0,-0.0793350008462388,-0.0608765771108009
3.79833133956375,1.56135322797316,-66.8224597671907,-1.70579178613972,0,0,-0.0791987593299901,-0.0610537183191189
3.80056833911655,1.56133178676441,-66.9015217513322,-1.76702251913885,0,-0,-0.0790619841414963,-0.0612307329991222
3.80280759717551,1.56131028015685,-66.9804464259567,-1.82843013866131,0,0,-0.0789246746245099,-0.0614076195224603
3.80504911606478,1.56128870791135,-67.0592332560826,-1.89001451491625,0,-0,-0.0787868301259126,-0.0615843762549446
3.80729289811105,1.56126706978763,-67.1378817060783,-1.95177551647279,-0,-0,-0.0786484499957434,-0.061761001556541
3.80953894564362,1.56124536554423,-67.2163912396656,-2.01371301025415,0,-0,-0.0785095335872258,-0.0619374937813621
3.81178726099433,1.56122359493855,-67.2947613199224,-2.07582686153181,0,-0,-0.0783700802567961,-0.0621138512776606
3.81403784649759,1.56120175772678,-67.3729914092865,-2.13811693391964,0,-0,-0.0782300893641311,-0.0622900723878217
3.81629070449043,1.56117985366397,-67.4510809695587,-2.20058308936799,-0,-0,-0.0780895602721764,-0.0624661554483556
3.81854583731241,1.56115788250394,-67.5290294619058,-2.26322518815788,-0,0,-0.0779484923471745,-0.0626420987898912
3.82080324730573,1.56113584399935,-67.6068363468645,-2.32604308889505,-0,-0,-0.077806884958693,-0.0628179007371682
3.82306293681513,1.56111373790164,-67.6845010843442,-2.38903664850408,0,0,-0.0776647374796533,-0.0629935596090309
3.82532490818798,1.56109156396103,-67.7620231336305,-2.4522057222225,0,-0,-0.0775220492863592,-0.0631690737184209
3.82758916377425,1.56106932192655,-67.8394019533891,-2.51555016359487,0,-0,-0.0773788197585252,-0.0633444413723704
3.82985570592647,1.561047011546,-67.9166370016684,-2.57906982446687,0,0,-0.0772350482793057,-0.0635196608719955
3.83212453699984,1.56102463256593,-67.9937277359037,-2.64276455497936,0,0,-0.077090734235324,-0.0636947305124894
3.8343956593521,1.56100218473167,-68.0706736129204,-2.70663420356247,-0,0,-0.0769458770167009,-0.0638696485831161
3.83666907534367,1.56097966778731,-68.1474740889375,-2.77067861692968,-0,0,-0.0768004760170845,-0.0640444133672034
3.83894478733754,1.56095708147568,-68.2241286195711,-2.83489764007182,-0,-0,-0.0766545306336791,-0.0642190231421373
3.84122279769934,1.56093442553834,-68.3006366598384,-2.89929111625117,-0,0,-0.0765080402672745,-0.0643934761793546
3.84350310879732,1.56091169971562,-68.3769976641607,-2.96385888699551,0,-0,-0.0763610043222762,-0.0645677707443374
3.84578572300237,1.56088890374653,-68.4532110863674,-3.02860079209211,0,0,-0.0762134222067344,-0.0647419050966068
3.848070642688,1.56086603736883,-68.5292763796998,-3.09351666958183,0,0,-0.0760652933323742,-0.0649158774897164
3.85035787023037,1.560843100319,-68.6051929968144,-3.15860635575308,0,-0,-0.0759166171146254,-0.0650896861712466
3.85264740800827,1.56082009233219,-68.6809603897871,-3.22386968513588,-0,0,-0.0757673929726526,-0.0652633293827984
3.85493925840314,1.56079701314227,-68.7565780101165,-3.28930649049586,0,-0,-0.0756176203293852,-0.065436805359988
3.85723342379906,1.5607738624818,-68.832045308728,-3.3549166028283,-0,0,-0.0754672986115481,-0.0656101123324403
3.85952990658277,1.56075064008202,-68.9073617359777,-3.42069985135209,0,-0,-0.0753164272496917,-0.0657832485237837
3.86182870914368,1.56072734567283,-68.9825267416559,-3.48665606350373,-0,-0,-0.0751650056782227,-0.0659562121516446
3.86412983387385,1.56070397898283,-69.0575397749914,-3.55278506493137,-0,0,-0.0750130333354348,-0.0661290014276411
3.86643328316798,1.56068053973924,-69.1324002846549,-3.61908667948875,-0,0,-0.0748605096635392,-0.0663016145573783
3.86873905942348,1.56065702766795,-69.2071077187636,-3.68556072922919,-0,-0,-0.0747074341086959,-0.0664740497404428
3.87104716504041,1.56063344249349,-69.2816615248847,-3.75220703439959,0,-0,-0.0745538061210447,-0.066646305170397
3.87335760242151,1.56060978393904,-69.3560611500394,-3.81902541343437,0,-0,-0.074399625154736,-0.0668183790347744
3.87567037397221,1.56058605172638,-69.4303060407074,-3.88601568294944,-0,-0,-0.0742448906679627,-0.0669902695150741
3.8779854821006,1.56056224557594,-69.5043956428304,-3.9531776577362,0,-0,-0.0740896021229911,-0.0671619747867561
3.8803029292175,1.56053836520673,-69.5783294018165,-4.02051115075543,0,0,-0.0739337589861929,-0.0673334930192363
3.88262271773638,1.56051441033639,-69.6521067625446,-4.08801597313131,0,-0,-0.0737773607280764,-0.0675048223758813
3.88494485007343,1.56049038068114,-69.7257271693679,-4.15569193414532,-0,-0,-0.0736204068233188,-0.0676759610140043
3.88726932864755,1.56046627595579,-69.7991900661187,-4.22353884123018,0,0,-0.0734628967507979,-0.0678469070848599
3.88959615588032,1.56044209587374,-69.8724948961124,-4.29155649996382,-0,-0,-0.0733048299936241,-0.0680176587336397
3.89192533419606,1.56041784014694,-69.9456411021515,-4.35974471406329,-0,0,-0.0731462060391727,-0.0681882140994681
3.89425686602177,1.56039350848592,-70.0186281265306,-4.42810328537868,0,-0,-0.0729870243791162,-0.0683585713153975
3.89659075378719,1.56036910059976,-70.0914554110401,-4.49663201388709,0,-0,-0.072827284509457,-0.0685287285084045
3.89892699992478,1.56034461619608,-70.1641223969707,-4.56533069768647,-0,0,-0.0726669859305594,-0.068698683799385
3.90126560686972,1.56032005498104,-70.2366285251178,-4.63419913298962,-0,-0,-0.0725061281471828,-0.0688684353031511
3.90360657705993,1.56029541665934,-70.3089732357864,-4.70323711411805,0,-0,-0.0723447106685144,-0.0690379811284263
3.90594991293606,1.56027070093419,-70.3811559687946,-4.77244443349589,-0,0,-0.072182733008202,-0.069207319377842
3.90829561694149,1.5602459075073,-70.4531761634789,-4.84182088164382,0,0,-0.0720201946843875,-0.0693764481479337
3.91064369152235,1.5602210360789,-70.5250332586987,-4.91136624717296,0,0,-0.0718570952197395,-0.0695453655291371
3.91299413912753,1.56019608634771,-70.5967266928402,-4.98108031677875,-0,0,-0.0716934341414871,-0.0697140696057851
3.91534696220864,1.56017105801094,-70.6682559038216,-5.05096287523485,0,-0,-0.0715292109814535,-0.0698825584561034
3.91770216322009,1.56014595076427,-70.7396203290977,-5.12101370538706,0,0,-0.0713644252760891,-0.070050830152208
3.92005974461901,1.56012076430184,-70.8108194056642,-5.19123258814716,-0,-0,-0.0711990765665057,-0.0702188827601014
3.92241970886531,1.56009549831627,-70.8818525700627,-5.26161930248683,-0,-0,-0.0710331643985099,-0.0703867143396697
3.92478205842168,1.56007015249862,-70.9527192583854,-5.33217362543151,0,-0,-0.0708666883226376,-0.0705543229446796
3.92714679575356,1.56004472653838,-71.0234189062796,-5.40289533205428,-0,-0,-0.0706996478941878,-0.0707217066227751
3.92951392332919,1.56001922012349,-71.0939509489528,-5.47378419546976,0,0,-0.0705320426732569,-0.070888863415475
3.93188344361958,1.55999363294029,-71.1643148211776,-5.54483998682793,-0,-0,-0.0703638722247732,-0.07105579135817
3.93425535909852,1.55996796467357,-71.2345099572961,-5.61606247530805,0,0,-0.0701951361185312,-0.0712224884801204
3.93662967224262,1.55994221500649,-71.3045357912253,-5.6874514281125,0,0,-0.0700258339292264,-0.0713889528044529
3.93900638553124,1.55991638362062,-71.3743917564618,-5.75900661046066,-0,0,-0.0698559652364901,-0.071555182348159
3.94138550144657,1.55989047019591,-71.4440772860867,-5.83072778558275,-0,-0,-0.0696855296249242,-0.0717211751220922
3.94376702247361,1.55986447441069,-71.5135918127709,-5.90261471471372,-0,0,-0.0695145266841362,-0.0718869291309659
3.94615095110014,1.55983839594167,-71.5829347687796,-5.97466715708707,-0,-0,-0.0693429560087744,-0.0720524423733518
3.94853728981678,1.55981223446389,-71.6521055859782,-6.04688486992875,-0,-0,-0.0691708171985634,-0.072217712841677
3.95092604111694,1.55978598965076,-71.7211036958365,-6.11926760845097,-0,0,-0.0689981098583391,-0.0723827385222234
3.95331720749689,1.55975966117402,-71.7899285294346,-6.1918151258461,-0,-0,-0.0688248335980846,-0.072547517395125
3.95571079145568,1.55973324870373,-71.8585795174676,-6.26452717328046,0,-0,-0.0686509880329657,-0.0727120474343668
3.95810679549523,1.5597067519083,-71.927056090251,-6.33740349988825,-0,0,-0.0684765727833669,-0.072876326607783
3.96050522212027,1.55968017045442,-71.9953576777259,-6.4104438527653,0,0,-0.068301587474927,-0.0730403528770562
3.96290607383838,1.55965350400708,-72.0634837094645,-6.48364797696302,0,-0,-0.0681260317385757,-0.0732041241977157
3.96530935315999,1.55962675222957,-72.131433614675,-6.55701561548216,0,-0,-0.0679499052105692,-0.0733676385191364
3.96771506259837,1.55959991478347,-72.1992068222076,-6.63054650926669,-0,-0,-0.0677732075325269,-0.0735308937845382
3.97012320466964,1.5595729913286,-72.266802760559,-6.70424039719768,-0,-0,-0.0675959383514681,-0.0736938879309847
3.97253378189278,1.55954598152307,-72.3342208578789,-6.77809701608706,0,0,-0.0674180973198479,-0.0738566188893827
3.97494679678965,1.55951888502322,-72.4014605419745,-6.85211610067154,0,0,-0.0672396840955944,-0.0740190845844818
3.97736225188496,1.55949170148363,-72.4685212403166,-6.92629738360642,0,-0,-0.0670606983421457,-0.0741812829348733
3.97978014970629,1.55946443055713,-72.5354023800451,-7.00064059545941,0,0,-0.0668811397284866,-0.0743432118529906
3.9822004927841,1.55943707189475,-72.6021033879743,-7.07514546470451,-0,0,-0.0667010079291857,-0.0745048692451084
3.98462328365173,1.55940962514572,-72.6686236905987,-7.14981171771586,0,0,-0.0665203026244328,-0.0746662530113429
3.98704852484543,1.5593820899575,-72.7349627140988,-7.22463907876151,-0,0,-0.0663390235000763,-0.0748273610456517
3.9894762189043,1.55935446597571,-72.8011198843465,-7.29962726999734,-0,-0,-0.0661571702476606,-0.0749881912358343
3.99190636837036,1.55932675284416,-72.8670946269109,-7.37477601146088,-0,-0,-0.0659747425644638,-0.0751487414635317
3.99433897578852,1.55929895020481,-72.9328863670645,-7.4500850210651,0,-0,-0.0657917401535355,-0.0753090096042277
3.99677404370662,1.55927105769782,-72.9984945297882,-7.52555401459235,0,-0,-0.0656081627237348,-0.0754689935272489
3.99921157467536,1.55924307496144,-73.063918539778,-7.60118270568812,0,-0,-0.0654240099897682,-0.0756286910957654
4.0016515712484,1.55921500163208,-73.1291578214502,-7.67697080585491,-0,-0,-0.0652392816722276,-0.0757881001667923
4.00409403598231,1.5591868373443,-73.1942117989478,-7.7529180244461,-0,0,-0.0650539774976292,-0.0759472185911897
4.00653897143656,1.55915858173073,-73.2590798961463,-7.82902406865976,-0,-0,-0.0648680971984512,-0.0761060442136647
4.00898638017357,1.55913023442212,-73.3237615366594,-7.90528864353254,-0,0,-0.064681640513173,-0.0762645748727721
4.0114362647587,1.55910179504732,-73.3882561438458,-7.98171145193345,-0,-0,-0.0644946071863134,-0.0764228084009161
4.01388862776023,1.55907326323325,-73.4525631408142,-8.0582921945578,0,0,-0.0643069969684699,-0.0765807426243517
4.01634347174938,1.5590446386049,-73.5166819504306,-8.13503056992099,0,0,-0.0641188096163573,-0.0767383753631866
4.01880079930034,1.55901592078534,-73.5806119953234,-8.21192627435237,-0,0,-0.0639300448928469,-0.0768957044313828
4.02126061299025,1.55898710939565,-73.6443526978904,-8.28897900198913,0,0,-0.0637407025670057,-0.0770527276367587
4.02372291539919,1.55895820405497,-73.7079034803046,-8.36618844477012,0,0,-0.0635507824141359,-0.0772094427809912
4.0261877091102,1.55892920438046,-73.7712637645204,-8.44355429242974,0,-0,-0.0633602842158145,-0.077365847659618
4.02865499670933,1.5589001099873,-73.8344329722803,-8.52107623249178,-0,-0,-0.0631692077599323,-0.07752194006204
4.03112478078555,1.55887092048866,-73.8974105251211,-8.5987539502633,0,-0,-0.0629775528407342,-0.077677717771524
4.03359706393084,1.55884163549572,-73.9601958443799,-8.67658712882851,-0,-0,-0.0627853192588592,-0.0778331785652052
4.03607184874015,1.55881225461761,-74.0227883512013,-8.7545754490426,-0,-0,-0.0625925068213799,-0.0779883202140905
4.03854913781143,1.55878277746145,-74.0851874665431,-8.83271858952566,-0,-0,-0.062399115341843,-0.0781431404830608
4.04102893374561,1.55875320363231,-74.1473926111835,-8.91101622665654,-0,-0,-0.0622051446403095,-0.078297637130875
4.04351123914662,1.55872353273321,-74.2094032057269,-8.98946803456671,-0,-0,-0.062010594543395,-0.0784518079101729
4.0459960566214,1.55869376436509,-74.2712186706112,-9.06807368513419,0,0,-0.0618154648843106,-0.0786056505674787
4.0484833887799,1.55866389812683,-74.3328384261141,-9.14683284797739,-0,-0,-0.0616197555029031,-0.0787591628432048
4.05097323823506,1.5586339336152,-74.3942618923598,-9.22574519044905,-0,0,-0.061423466245696,-0.0789123424716555
4.05346560760287,1.55860387042489,-74.4554884893257,-9.30481037763008,0,-0,-0.0612265969659305,-0.0790651871810313
4.05596049950232,1.55857370814844,-74.5165176368493,-9.38402807232351,0,0,-0.0610291475236066,-0.0792176946934324
4.05845791655545,1.55854344637629,-74.5773487546348,-9.46339793504838,-0,-0,-0.0608311177855241,-0.0793698627248636
4.06095786138731,1.55851308469675,-74.6379812622602,-9.54291962403361,0,-0,-0.060632507625324,-0.0795216889852386
4.063460336626,1.55848262269595,-74.6984145791837,-9.622592795212,0,-0,-0.0604333169235301,-0.0796731711783846
4.06596534490267,1.55845205995788,-74.7586481247513,-9.70241710221405,0,0,-0.0602335455675904,-0.0798243070020468
4.06847288885151,1.55842139606436,-74.8186813182032,-9.78239219636194,0,-0,-0.0600331934519188,-0.0799750941478939
4.07098297110976,1.55839063059499,-74.8785135786811,-9.86251772666346,0,0,-0.0598322604779373,-0.0801255303015229
4.07349559431775,1.5583597631272,-74.9381443252353,-9.94279333980593,0,-0,-0.0596307465541174,-0.0802756131424645
4.07601076111883,1.5583287932362,-74.9975729768313,-10.0232186801501,0,0,-0.0594286515960227,-0.0804253403441885
4.07852847415945,1.55829772049498,-75.0567989523576,-10.1037933897242,0,-0,-0.0592259755263509,-0.0805747095741094
4.08104873608914,1.55826654447428,-75.1158216706326,-10.1845171082178,-0,0,-0.0590227182749762,-0.0807237184935926
4.08357154956048,1.55823526474261,-75.1746405504116,-10.2653894729758,0,-0,-0.058818879778992,-0.0808723647579598
4.08609691722918,1.5582038808662,-75.2332550103943,-10.3464101189923,0,0,-0.058614459982753,-0.0810206460164954
4.088624841754,1.55817239240901,-75.2916644692323,-10.4275786789047,0,-0,-0.0584094588379186,-0.0811685599124532
4.09115532579682,1.55814079893272,-75.3498683455358,-10.5088947829878,0,-0,-0.0582038763034952,-0.0813161040830623
4.09368837202262,1.55810909999671,-75.4078660578816,-10.5903580591473,0,-0,-0.0579977123458799,-0.0814632761595344
4.09622398309948,1.55807729515805,-75.4656570248205,-10.6719681329144,0,-0,-0.0577909669389028,-0.0816100737670702
4.09876216169861,1.55804538397146,-75.5232406648844,-10.7537246274393,0,-0,-0.057583640063871,-0.0817564945248667
4.10130291049432,1.55801336598936,-75.580616396594,-10.8356271634854,0,0,-0.0573757317096115,-0.0819025360461243
4.10384623216405,1.55798124076179,-75.6377836384665,-10.9176753594234,0,-0,-0.0571672418725151,-0.0820481959380544
4.10639212938838,1.55794900783643,-75.6947418090231,-10.9998688312253,0,-0,-0.0569581705565798,-0.0821934718018869
4.10894060485101,1.5579166667586,-75.7514903267966,-11.0822071924582,0,0,-0.0567485177734546,-0.082338361232878
4.11149166123879,1.55788421707121,-75.8080286103391,-11.1646900542785,-0,-0,-0.0565382835424837,-0.0824828618203182
4.11404530124172,1.55785165831479,-75.8643560782298,-11.2473170254261,0,-0,-0.0563274678907502,-0.0826269711475406
4.11660152755293,1.55781899002742,-75.9204721490829,-11.330087712218,-0,-0,-0.0561160708531203,-0.0827706867919288
4.11916034286874,1.55778621174478,-75.9763762415552,-11.4130017185429,-0,0,-0.0559040924722877,-0.0829140063249262
4.12172174988861,1.55775332300009,-76.032067774354,-11.496058645855,0,0,-0.0556915327988182,-0.083056927312044
4.12428575131517,1.55772032332413,-76.0875461662452,-11.5792580931678,0,0,-0.0554783918911938,-0.0831994473128705
4.12685234985424,1.5576872122452,-76.1428108360611,-11.6625996570489,0,-0,-0.0552646698158578,-0.0833415638810805
4.1294215482148,1.55765398928912,-76.1978612027084,-11.7460829316134,0,0,-0.0550503666472593,-0.0834832745644439
4.13199334910904,1.55762065397921,-76.2526966851762,-11.8297075085182,-0,0,-0.0548354824678981,-0.083624576904836
4.13456775525231,1.55758720583629,-76.3073167025446,-11.9134729769564,0,-0,-0.0546200173683704,-0.0837654684382468
4.13714476936319,1.55755364437864,-76.361720673992,-11.9973789236512,-0,-0,-0.0544039714474129,-0.0839059466947909
4.13972439416343,1.55751996912203,-76.415908018804,-12.0814249328499,0,0,-0.0541873448119491,-0.0840460091987177
4.14230663237801,1.55748617957965,-76.4698781563811,-12.1656105863184,0,0,-0.0539701375771341,-0.0841856534684219
4.14489148673513,1.55745227526215,-76.5236305062475,-12.2499354633348,-0,0,-0.0537523498664003,-0.084324877016454
4.14747895996619,1.55741825567759,-76.577164488059,-12.3343991406844,0,-0,-0.0535339818115034,-0.0844636773495307
4.15006905480582,1.55738412033146,-76.6304795216116,-12.4190011926529,-0,-0,-0.0533150335525676,-0.0846020519685462
4.1526617739919,1.55734986872661,-76.6835750268497,-12.5037411910215,0,-0,-0.0530955052381321,-0.0847399983685833
4.15525712026553,1.5573155003633,-76.7364504238749,-12.5886187050604,-0,-0,-0.0528753970251967,-0.0848775140389245
4.15785509637105,1.55728101473915,-76.7891051329542,-12.6736333015235,-0,0,-0.0526547090792685,-0.0850145964630639
4.16045570505608,1.55724641134914,-76.8415385745286,-12.7587845446422,0,-0,-0.0524334415744075,-0.085151243118719
4.16305894907145,1.55721168968558,-76.8937501692218,-12.84407199612,0,-0,-0.0522115946932737,-0.0852874514778423
4.16566483117128,1.55717684923811,-76.945739337849,-12.9294952151267,-0,0,-0.0519891686271731,-0.085423219006634
4.16827335411296,1.55714188949369,-76.9975055014251,-13.0150537582922,0,0,-0.0517661635761046,-0.0855585431655541
4.17088452065713,1.55710680993657,-77.0490480811739,-13.1007471797016,0,-0,-0.0515425797488069,-0.085693421409335
4.17349833356774,1.55707161004829,-77.1003664985367,-13.1865750308885,-0,-0,-0.0513184173628052,-0.0858278511869948
4.176114795612,1.55703628930767,-77.1514601751812,-13.2725368608304,0,-0,-0.0510936766444584,-0.0859618299418499
4.17873390956043,1.55700084719077,-77.2023285330102,-13.3586322159419,-0,0,-0.050868357829006,-0.0860953551115286
4.18135567818682,1.55696528317092,-77.2529709941708,-13.4448606400699,0,0,-0.0506424611606155,-0.0862284241279844
4.18398010426828,1.55692959671864,-77.3033869810633,-13.5312216744874,0,0,-0.0504159868924299,-0.0863610344175099
4.18660719058525,1.5568937873017,-77.3535759163499,-13.6177148578882,0,-0,-0.0501889352866152,-0.086493183400751
4.18923693992145,1.55685785438506,-77.4035372229643,-13.7043397263809,0,-0,-0.0499613066144076,-0.0866248684927207
4.19186935506394,1.55682179743087,-77.4532703241204,-13.7910958134837,0,-0,-0.0497331011561618,-0.0867560871028136
4.19450443880311,1.55678561589845,-77.5027746433218,-13.8779826501185,-0,-0,-0.0495043192013985,-0.0868868366348209
4.19714219393266,1.55674930924428,-77.5520496043707,-13.9649997646055,0,-0,-0.0492749610488527,-0.0870171144869447
4.19978262324967,1.55671287692199,-77.6010946313772,-14.0521466826573,0,0,-0.0490450270065215,-0.087146918051814
4.20242572955454,1.55667631838234,-77.6499091487689,-14.1394229273738,-0,-0,-0.0488145173917124,-0.087276244716499
4.20507151565102,1.55663963307321,-77.6984925813,-14.2268280192363,0,-0,-0.0485834325310915,-0.0874050918625275
4.20771998434623,1.55660282043958,-77.7468443540608,-14.3143614761022,0,-0,-0.0483517727607324,-0.0875334568659007
4.21037113845066,1.55656587992352,-77.7949638924869,-14.4020228131993,-0,0,-0.0481195384261643,-0.0876613370971085
4.21302498077814,1.55652881096418,-77.8428506223694,-14.4898115431205,0,-0,-0.0478867298824207,-0.0877887299211469
4.21568151414592,1.55649161299777,-77.8905039698634,-14.577727175818,0,0,-0.0476533474940886,-0.0879156326975336
4.21834074137461,1.55645428545754,-77.9379233614988,-14.6657692185983,0,0,-0.0474193916353568,-0.0880420427803255
4.22100266528821,1.5564168277738,-77.9851082241889,-14.7539371761165,0,-0,-0.0471848626900655,-0.088167957518135
4.22366728871413,1.55637923937385,-78.0320579852406,-14.8422305503706,-0,0,-0.0469497610517552,-0.0882933742541483
4.22633461448316,1.55634151968202,-78.0787720723643,-14.9306488406968,-0,0,-0.0467140871237157,-0.0884182903261418
4.22900464542952,1.5563036681196,-78.1252499136834,-15.0191915437633,0,0,-0.0464778413190359,-0.0885427030665007
4.23167738439085,1.5562656841049,-78.171490937744,-15.1078581535655,0,0,-0.046241024060653,-0.0886666098022368
4.23435283420819,1.55622756705317,-78.2174945735254,-15.1966481614205,0,-0,-0.046003635781402,-0.0887900078550065
4.23703099772602,1.55618931637662,-78.2632602504495,-15.2855610559616,0,-0,-0.0457656769240657,-0.0889128945411296
4.23971187779226,1.55615093148438,-78.3087873983909,-15.3745963231332,0,-0,-0.0455271479414243,-0.0890352671716083
4.24239547725827,1.55611241178253,-78.3540754476872,-15.4637534461854,-0,-0,-0.0452880492963054,-0.0891571230521455
4.24508179897885,1.55607375667404,-78.3991238291488,-15.5530319056685,-0,0,-0.0450483814616338,-0.089278459483165
4.24777084581227,1.5560349655588,-78.4439319740693,-15.6424311794284,-0,-0,-0.044808144920482,-0.0893992737598303
4.25046262062025,1.55599603783354,-78.4884993142355,-15.7319507426004,0,-0,-0.0445673401661199,-0.0895195631720651
4.25315712626798,1.55595697289191,-78.5328252819375,-15.821590067605,0,0,-0.044325967702066,-0.0896393250045727
4.25585436562412,1.55591777012438,-78.5769093099797,-15.9113486241419,-0,0,-0.0440840280421369,-0.0897585565368567
4.25855434156083,1.55587842891827,-78.6207508316902,-16.0012258791851,0,-0,-0.0438415217104985,-0.0898772550432416
4.26125705695373,1.55583894865775,-78.6643492809319,-16.091221296978,0,-0,-0.0435984492417163,-0.0899954177928937
4.26396251468196,1.55579932872378,-78.7077040921127,-16.1813343390278,0,-0,-0.0433548111808066,-0.0901130420498421
4.26667071762815,1.55575956849413,-78.750814700196,-16.2715644641008,-0,-0,-0.0431106080832869,-0.0902301250730001
4.26938166867844,1.55571966734337,-78.7936805407112,-16.361911128217,-0,0,-0.0428658405152272,-0.090346664116187
4.27209537072247,1.55567962464283,-78.8363010497645,-16.4523737846452,0,0,-0.0426205090533009,-0.0904626564281499
4.27481182665343,1.55563943976062,-78.8786756640493,-16.5429518838978,-0,0,-0.042374614284836,-0.0905780992525863
4.27753103936803,1.55559911206159,-78.9208038208572,-16.6336448737259,-0,-0,-0.0421281568078665,-0.0906929898281659
4.28025301176649,1.55555864090733,-78.9626849580884,-16.7244521991145,0,0,-0.0418811372311838,-0.0908073253885541
4.2829777467526,1.55551802565616,-79.0043185142628,-16.8153733022769,-0,-0,-0.0416335561743881,-0.0909211031624346
4.28570524723369,1.55547726566311,-79.0457039285307,-16.9064076226505,0,-0,-0.0413854142679398,-0.0910343203735328
4.28843551612064,1.55543636027991,-79.0868406406839,-16.9975545968911,0,0,-0.0411367121532117,-0.0911469742406395
4.29116855632791,1.55539530885498,-79.1277280911665,-17.0888136588687,-0,0,-0.0408874504825402,-0.091259061977635
4.2939043707735,1.55535411073341,-79.1683657210857,-17.1801842396622,-0,0,-0.0406376299192777,-0.0913705807935127
4.29664296237902,1.55531276525696,-79.2087529722236,-17.2716657675547,0,-0,-0.0403872511378442,-0.0914815278924041
4.29938433406963,1.55527127176405,-79.2488892870474,-17.3632576680283,0,-0,-0.0401363148237797,-0.0915919004736033
4.30212848877411,1.55522962958972,-79.2887741087212,-17.4549593637598,0,-0,-0.0398848216737958,-0.0917016957315921
4.30487542942482,1.55518783806566,-79.328406881117,-17.5467702746159,0,0,-0.0396327723958289,-0.0918109108560656
4.30762515895773,1.55514589652016,-79.3677870488261,-17.6386898176479,-0,-0,-0.0393801677090917,-0.0919195430319571
4.3103776803124,1.55510380427812,-79.4069140571702,-17.7307174070873,0,-0,-0.039127008344126,-0.0920275894394648
4.31313299643206,1.55506156066105,-79.4457873522131,-17.8228524543414,-0,-0,-0.0388732950428554,-0.0921350472540776
4.3158911102635,1.55501916498702,-79.4844063807717,-17.915094367988,-0,-0,-0.0386190285586376,-0.0922419136466018
4.31865202475719,1.55497661657069,-79.5227705904281,-18.0074425537712,-0,0,-0.0383642096563174,-0.0923481857831876
4.32141574286723,1.55493391472327,-79.5608794295403,-18.0998964145966,-0,-0,-0.0381088391122794,-0.0924538608253566
4.32418226755134,1.55489105875253,-79.5987323472548,-18.1924553505266,0,-0,-0.037852917714501,-0.092558935930029
4.32695160177093,1.55484804796279,-79.6363287935174,-18.2851187587761,-0,-0,-0.0375964462626054,-0.0926634082495514
4.32972374849105,1.55480488165488,-79.6736682190854,-18.3778860337079,0,0,-0.0373394255679144,-0.0927672749317246
4.33249871068041,1.55476155912617,-79.7107500755389,-18.4707565668277,0,0,-0.0370818564535021,-0.0928705331198323
4.33527649131142,1.55471807967052,-79.7475738152931,-18.5637297467804,0,-0,-0.0368237397542478,-0.0929731799526693
4.33805709336015,1.55467444257833,-79.78413889161,-18.6568049593449,-0,-0,-0.0365650763168893,-0.0930752125645709
4.34084051980638,1.55463064713647,-79.8204447586101,-18.7499815874304,0,-0,-0.0363058670000764,-0.0931766280854419
4.34362677363356,1.55458669262828,-79.8564908712845,-18.8432590110712,-0,-0,-0.0360461126744249,-0.093277423640786
4.34641585782886,1.5545425783336,-79.8922766855071,-18.9366366074229,-0,-0,-0.0357858142225694,-0.0933775963517361
4.34920777538316,1.55449830352874,-79.9278016580463,-19.030113750758,0,0,-0.0355249725392173,-0.0934771433350841
4.35200252929105,1.55445386748645,-79.9630652465775,-19.1236898124613,-0,0,-0.0352635885312029,-0.0935760617033118
4.35480012255087,1.55440926947595,-79.998066909695,-19.2173641610259,0,-0,-0.0350016631175407,-0.0936743485646214
4.35760055816466,1.55436450876289,-80.0328061069245,-19.3111361620489,-0,-0,-0.0347391972294798,-0.0937720010229669
4.36040383913821,1.55431958460938,-80.0672822987351,-19.405005178227,0,0,-0.0344761918105575,-0.0938690161780854
4.36320996848108,1.55427449627394,-80.1014949465517,-19.4989705693525,0,0,-0.0342126478166536,-0.0939653911255289
4.36601894920655,1.55422924301151,-80.1354435127678,-19.5930316923092,-0,0,-0.0339485662160447,-0.0940611229566968
4.36883078433168,1.55418382407347,-80.1691274607572,-19.6871879010681,0,0,-0.0336839479894578,-0.0941562087588678
4.3716454768773,1.55413823870761,-80.2025462548874,-19.7814385466833,0,0,-0.0334187941301255,-0.0942506456152333
4.37446302986802,1.5540924861581,-80.2356993605312,-19.8757829772882,-0,0,-0.0331531056438396,-0.0943444306049298
4.37728344633222,1.55404656566554,-80.2685862440802,-19.9702205380913,-0,-0,-0.0328868835490061,-0.094437560803073
4.38010672930209,1.55400047646691,-80.3012063729569,-20.0647505713721,0,-0,-0.0326201288766992,-0.0945300332807915
4.3829328818136,1.5539542177956,-80.3335592156276,-20.1593724164773,-0,-0,-0.0323528426707164,-0.0946218451052603
4.38576190690653,1.55390778888137,-80.3656442416153,-20.2540854098171,0,0,-0.0320850259876328,-0.0947129933397363
4.38859380762448,1.55386118895039,-80.3974609215121,-20.3488888848607,0,0,-0.0318166798968561,-0.0948034750435921
4.39142858701488,1.55381441722518,-80.4290087269928,-20.443782172133,0,0,-0.0315478054806811,-0.0948932872723519
4.39426624812897,1.55376747292466,-80.4602871308271,-20.5387645992108,-0,0,-0.0312784038343447,-0.0949824270777266
4.39710679402184,1.55372035526414,-80.4912956068932,-20.6338354907184,0,-0,-0.0310084760660809,-0.0950708915076496
4.39995022775241,1.55367306345528,-80.5220336301904,-20.7289941683247,-0,0,-0.0307380232971759,-0.0951586776063133
4.40279655238345,1.55362559670614,-80.5525006768524,-20.8242399507389,-0,-0,-0.0304670466620225,-0.0952457824142053
4.40564577098161,1.55357795422112,-80.5826962241606,-20.9195721537071,-0,-0,-0.0301955473081763,-0.0953322029681455
4.4084978866174,1.55353013520105,-80.612619750557,-21.0149900900084,-0,0,-0.0299235263964098,-0.0954179363013232
4.41135290236517,1.55348213884308,-80.6422707356578,-21.1104930694517,0,-0,-0.0296509851007682,-0.0955029794433347
4.41421082130319,1.55343396434077,-80.6716486602664,-21.2060803988719,0,0,-0.0293779246086248,-0.0955873294202216
4.41707164651361,1.55338561088404,-80.7007530063871,-21.3017513821265,0,0,-0.0291043461207359,-0.0956709832545083
4.41993538108247,1.55333707765921,-80.7295832572384,-21.3975053200917,0,-0,-0.0288302508512966,-0.0957539379652415
4.4228020280997,1.55328836384897,-80.7581388972664,-21.4933415106597,-0,0,-0.0285556400279959,-0.0958361905680287
4.42567159065917,1.5532394686324,-80.7864194121585,-21.5892592487348,0,-0,-0.0282805148920728,-0.0959177380750779
4.42854407185864,1.55319039118497,-80.8144242888569,-21.68525782623,-0,0,-0.0280048766983711,-0.095998577495237
4.43141947479982,1.55314113067854,-80.8421530155723,-21.7813365320641,0,0,-0.0277287267153956,-0.0960787058340344
4.43429780258834,1.55309168628139,-80.8696050817977,-21.8774946521578,-0,0,-0.0274520662253677,-0.0961581200937187
4.43717905833377,1.55304205715819,-80.8967799783219,-21.9737314694311,0,-0,-0.0271748965242806,-0.0962368172733006
4.44006324514963,1.55299224247003,-80.9236771972439,-22.0700462637997,0,0,-0.0268972189219559,-0.0963147943685931
4.44295036615341,1.55294224137443,-80.950296231986,-22.1664383121719,0,-0,-0.0266190347420988,-0.0963920483722539
4.44584042446654,1.55289205302534,-80.9766365773084,-22.2629068884458,-0,-0,-0.026340345322354,-0.0964685762738268
4.44873342321443,1.55284167657314,-81.0026977293227,-22.3594512635056,-0,-0,-0.026061152014362,-0.0965443750597844
4.45162936552648,1.55279111116467,-81.0284791855065,-22.4560707052191,0,0,-0.0257814561838145,-0.0966194417135705
4.45452825453606,1.55274035594323,-81.053980444717,-22.5527644784348,-0,0,-0.0255012592105107,-0.0966937732156437
4.45743009338055,1.5526894100486,-81.0792010072055,-22.6495318449783,-0,-0,-0.0252205624884135,-0.0967673665435204
4.46033488520132,1.55263827261702,-81.1041403746312,-22.7463720636501,-0,-0,-0.0249393674257052,-0.0968402186718188
4.46324263314374,1.55258694278128,-81.128798050076,-22.8432843902224,-0,0,-0.0246576754448436,-0.0969123265723033
4.46615334035721,1.55253541967063,-81.1531735380586,-22.9402680774363,0,-0,-0.0243754879826184,-0.0969836872139291
4.46906700999516,1.55248370241089,-81.1772663445488,-23.0373223749992,0,-0,-0.0240928064902075,-0.097054297562887
4.47198364521503,1.55243179012442,-81.2010759769821,-23.1344465295819,0,-0,-0.0238096324332325,-0.0971241545826493
4.47490324917831,1.55237968193013,-81.2246019442739,-23.2316397848159,0,-0,-0.0235259672918156,-0.0971932552340152
4.47782582505055,1.55232737694353,-81.2478437568345,-23.3289013812911,-0,-0,-0.0232418125606356,-0.097261596475157
4.48075137600132,1.55227487427673,-81.2708009265835,-23.4262305565527,-0,-0,-0.0229571697489844,-0.0973291752616671
4.48367990520428,1.55222217303846,-81.2934729669643,-23.5236265450993,-0,-0,-0.0226720403808231,-0.0973959885466046
4.48661141583715,1.5521692723341,-81.3158593929592,-23.6210885783799,0,-0,-0.0223864259948382,-0.0974620332805428
4.48954591108173,1.55211617126571,-81.3379597211037,-23.7186158847915,-0,-0,-0.0221003281444985,-0.0975273064116173
4.49248339412387,1.55206286893202,-81.3597734695018,-23.8162076896771,0,0,-0.0218137483981109,-0.0975918048855738
4.49542386815357,1.55200936442852,-81.3813001578407,-23.9138632153229,-0,-0,-0.0215266883388774,-0.0976555256458171
4.49836733636488,1.55195565684741,-81.4025393074056,-24.0115816809563,0,-0,-0.021239149564951,-0.0977184656334597
4.50131380195596,1.5519017452777,-81.4234904410951,-24.1093623027437,0,0,-0.0209511336894924,-0.0977806217873716
4.50426326812911,1.55184762880517,-81.4441530834358,-24.2072042937879,-0,0,-0.0206626423407267,-0.0978419910442301
4.50721573809073,1.55179330651247,-81.4645267605978,-24.3051068641265,0,0,-0.0203736771619994,-0.0979025703385699
4.51017121505134,1.5517387774791,-81.4846110004097,-24.4030692207293,-0,-0,-0.0200842398118332,-0.0979623566028338
4.51312970222561,1.55168404078148,-81.5044053323736,-24.5010905674968,0,-0,-0.0197943319639847,-0.098021346767424
4.51609120283235,1.55162909549297,-81.5239092876811,-24.5991701052575,0,-0,-0.0195039553075004,-0.0980795377607533
4.51905572009449,1.55157394068389,-81.5431223992279,-24.6973070317668,-0,0,-0.0192131115467739,-0.0981369265092973
4.52202325723917,1.55151857542159,-81.5620442016295,-24.7955005417045,-0,0,-0.0189218024016017,-0.0981935099376468
4.52499381749764,1.55146299877048,-81.5806742312368,-24.893749826673,-0,-0,-0.0186300296072405,-0.0982492849685602
4.52796740410534,1.55140720979205,-81.5990120261512,-24.992054075196,-0,-0,-0.018337794914463,-0.098304248523017
4.5309440203019,1.55135120754497,-81.6170571262408,-25.0904124727163,0,-0,-0.0180451000896152,-0.0983583975202716
4.53392366933112,1.55129499108506,-81.6348090731555,-25.1888242015942,0,0,-0.0177519469146725,-0.0984117288779069
4.53690635444098,1.5512385594654,-81.6522674103428,-25.2872884411061,0,-0,-0.0174583371872964,-0.0984642395118891
4.53989207888369,1.55118191173635,-81.6694316830637,-25.3858043674427,0,-0,-0.0171642727208911,-0.0985159263366227
4.54288084591563,1.5511250469456,-81.6863014384083,-25.4843711537077,0,0,-0.0168697553446598,-0.0985667862650057
4.5458726587974,1.55106796413824,-81.702876225312,-25.5829879699162,-0,0,-0.0165747869036615,-0.0986168162084855
4.54886752079384,1.55101066235681,-81.7191555945709,-25.6816539829933,-0,-0,-0.0162793692588676,-0.098666013077115
4.551865435174,1.55095314064134,-81.7351390988581,-25.780368356773,-0,0,-0.0159835042872183,-0.0987143737796096
4.55486640521114,1.55089539802944,-81.7508262927398,-25.8791302519964,0,-0,-0.0156871938816792,-0.0987618952234039
4.5578704341828,1.55083743355632,-81.7662167326911,-25.9779388263111,0,0,-0.0153904399512975,-0.0988085743147097
4.56087752537073,1.55077924625491,-81.7813099771123,-26.0767932342696,-0,0,-0.0150932444212591,-0.0988544079585738
4.56388768206094,1.55072083515588,-81.7961055863453,-26.1756926273286,0,0,-0.0147956092329444,-0.0988993930589365
