X,Y,Theta,FmPi_x,FmPi_y,Xi_x,Xi_y
0,0,4.75492721237939,0,0,0,0
0.102905195168583,0.138425070488224,7.09359931068034,0.0689198516444934,0.0724572567055986,0.0339853435240891,0.0659678137826258
0.225004173413999,0.261985015239279,7.05821037163834,0.0714403495826815,0.0699733981703351,0.0506586286627351,0.053586546580719
0.31195298558198,0.408568663873992,7.50218680430856,0.0344583268254931,0.0938755756967035,0.0524904853424881,0.0527080729380102
0.327251498659699,0.561449315499836,8.18343880671276,-0.0323529443103784,0.0946218103528439,0.0476514573880973,0.0582588412729999
0.269212951213641,0.625458792856681,9.39154035476939,-0.0999447681623783,0.00332314865277801,0.0419062207163197,0.0606863287040675
0.213611477523934,0.657577593472543,9.64269041073934,-0.0976350887841983,-0.0216191914303407,0.0420336150944914,0.0537379920462021
0.247544602174562,0.796287199794186,8.04341087358098,-0.0188298375121239,0.0982111868336139,0.0527629621627517,0.040498419488029
0.277987430398352,0.94019936992719,7.99648691455441,-0.0142023443038303,0.0989863294413701,0.0446451725276202,0.0449258406916337
0.414215987123051,1.03151084782153,6.66191497894472,0.09291350768863,0.0369740461539564,0.0433150490360698,0.0543374317403824
0.417947046094267,1.1771531928376,8.22083195543037,-0.0358677111686781,0.0933461691528918,0.0395987701398939,0.0522961758631836
0.401426282164804,1.31747736895772,8.53752946564038,-0.0631547758006073,0.0775336977937659,0.0466340118711438,0.062790478326355
0.484372338112187,1.473872702151,7.5422742938864,0.0306684148310182,0.0951811343268853,0.0522776411163657,0.0612141988663863
0.600140692134221,1.61306446372666,7.21943041486533,0.0592816153840552,0.0805337822125408,0.0564867386379786,0.0586579793631214
0.695901743107035,1.7594487643541,7.42863230066715,0.0412639012752112,0.0910894639985856,0.0544971496976021,0.0552948366288535
0.659089789774562,1.86711409744218,8.86297329989279,-0.0846295120913959,0.0532714340258668,0.0478175587589235,0.0543938990622194
0.722830737120986,2.03592218901164,7.77763636884762,0.0076271122408457,0.0997087115495208,0.0561138351055777,0.0690993800199394
0.706399438171556,2.17598944681862,8.55482209854329,-0.0644860282389702,0.0764300475072647,0.0480547292895411,0.0636372102997117
0.792007528407416,2.33854538336949,7.38764989127557,0.044961274379039,0.0893223589377977,0.0406468158568202,0.0732335776130709
0.874374764455559,2.49971833104076,7.38151040731001,0.045508816758472,0.0890446382284965,0.0368584192896716,0.0721283094427787
0.914101669054,2.66897600744217,7.70264066513985,0.0150763908916714,0.0988569797115081,0.0246505137067696,0.0704006966898989
0.935014410615689,2.83311104668023,7.90130529156765,-0.00473059957904724,0.0998880444679078,0.0256433411407357,0.0642469947701509
0.997165689269296,2.98207391200256,7.50795419774493,0.033916339358798,0.0940727480437286,0.0282349392948097,0.054890117278606
1.12864998948872,3.08014199052655,6.64207268168875,0.0936288193598889,0.0351232712780755,0.0378554808595314,0.0629448072459087
1.22114600710789,3.06017529836159,5.27013716825542,0.0529276993466498,-0.0848449093456446,0.0395683182725213,0.0648782171806848
1.25778973255251,3.22511347539016,7.87904822106048,-0.00250639621378633,0.0999685849555725,0.0391501216584047,0.0649695920729989
1.27606586543676,3.3917118955748,8.01277144515541,-0.0158123358820365,0.0987419365515669,0.0340884687662943,0.0678564836330742
1.34281372060348,3.54418800791409,7.50070009515726,0.0345978543698684,0.0938242424589796,0.0321500007968458,0.058651869880314
1.46524460864186,3.65453733386826,6.7917093431215,0.0873464088830869,0.0486888576085802,0.0350844791552984,0.0616604683455859
1.53889593649021,3.80382140592275,7.38509016884822,0.0451897672777179,0.0892069780532089,0.0284615605706331,0.060077094001278
1.66346389826629,3.86409855542013,6.39096225297536,0.0994197684819302,0.0107568413114353,0.0251481932941469,0.0495203081859463
1.7607797322006,3.83929523310226,5.41207498053432,0.0643977495150661,-0.0765044433833409,0.0329180844192458,0.0517011210654679
1.87219841061025,3.82872410911043,5.64698561245595,0.0804359485353346,-0.0594142927520054,0.0309827298743117,0.0488431687601802
1.94419523682268,3.78240033451969,5.16658996408977,0.0438744448401313,-0.0898611878953883,0.0281223813722984,0.0435374133046471
1.97126346401939,3.73455751096801,4.76952024647986,0.00571001919336527,-0.0998368453067874,0.0213582080033472,0.0519940217551029
1.98970355634505,3.69014240127035,4.55780809216338,-0.0153965998474446,-0.0988076146515929,0.0338366921731055,0.0543925049539378
2.03634116171525,3.6564723734926,4.89680317121218,0.0183370688926677,-0.0983043839532376,0.0283005364775282,0.0646343561754894
2.16038629504568,3.6790511599806,5.9132556336004,0.09323527744195,-0.0361549863825533,0.03080985588848,0.0587337728705517
2.22946468376856,3.64164897260621,4.95628252939471,0.0241482767131149,-0.0970405107766176,0.0449301120097652,0.0596383234022317
2.37199435905674,3.68112867833709,6.05020005177595,0.097298148634974,-0.0230883146246429,0.0452315266532082,0.0625680203555152
2.50895948234289,3.77754012287349,6.64535899843063,0.0935128877837775,0.0354307750174708,0.0434522355023716,0.0609806695189277
2.48485835320974,3.74961263913833,4.06462628576584,-0.0603403810015231,-0.0797435791809663,0.0362392518683736,0.0518160954458087
2.52992662711268,3.70576163049921,4.88787930312257,0.0174590950457641,-0.0984641051357447,0.0276091788571713,0.0546130964966234
2.66070752620781,3.73156693380718,5.98455194934256,0.095573946722832,-0.0294214327968792,0.035206952372302,0.0552267361048489
2.79823931786569,3.79373917141283,6.36853226162928,0.0996360158902671,0.00852433795167969,0.0378957757676122,0.0536478996539747
2.90700833282149,3.91199709886606,7.00210628191052,0.0752516784063941,0.0658573070890439,0.0335173365494037,0.0524006203641854
3.03352924665419,3.96628579280391,6.21044366693048,0.0997355493278895,-0.00726775070184171,0.0267853645048115,0.061556444639697
3.1218133680295,3.9454354225011,5.25923314290884,0.0519994201760701,-0.085416978999216,0.03628470119924,0.0645666086963996
3.26568147982531,3.99627106948395,6.10941961999697,0.0984940692627012,-0.0172892544684329,0.0453740425331137,0.0681249014512808
3.37628463209135,3.99283615090741,5.44963194720116,0.0672249369178266,-0.0740324783888412,0.0433782153482072,0.0705975598123074
3.46010851952778,3.9619536290693,5.15681195658869,0.0429936980835488,-0.0902858899557437,0.0408301893528844,0.0594033681176303
3.59041205758854,3.96386015933607,5.6895124903222,0.0828891667034938,-0.0559409156449947,0.047414371357267,0.0578474459117708
3.56970649499157,3.94130446720275,4.019002489725,-0.0639145344653652,-0.0769085969451767,0.043208971868391,0.0543529048118501
3.64967228154044,3.88872080947144,5.07707859586172,0.0356659339729572,-0.0934234507703321,0.0442998525759157,0.0408397930390274
3.79126197733474,3.92904544432165,6.2834624188179,0.099999996160457,2.7711163476738e-05,0.041589699633843,0.0402969236867281
3.90091294943934,3.9041392542744,5.51380566145358,0.0718342381913643,-0.0695689745753546,0.0378167339132354,0.0446627845281018
4.01180815256295,3.89352943206848,5.63440939316348,0.0796824002140425,-0.0604211477558078,0.0312128029095637,0.0498113255498875
4.12206958240827,3.88188050585914,5.68589574203982,0.0826863008034766,-0.0562403383652427,0.0275751290418462,0.0445914121559063
4.2380883953819,3.9615455241623,6.56926052660419,0.0959358792031812,0.0282189135423854,0.0200829337704489,0.0514461047607733
4.34888721506828,3.96590675754305,5.76167990243176,0.0867070190896984,-0.0498185993438062,0.024091800596687,0.0541798327245595
4.41801611812565,3.93014953244756,4.96771753132524,0.0252563321700191,-0.0967580367996254,0.0438725708873458,0.061000811704135
4.43363261848768,3.89381662816067,4.47138375136785,-0.0238678923282664,-0.0971098538553441,0.0394843926902975,0.0607769495684507
4.4291881278687,3.84514689379763,4.30966301843815,-0.0391927669561847,-0.09199960335957,0.0347482763372011,0.0433298689965289
4.51724609030168,3.79380048343256,5.23306080418377,0.0497463047245356,-0.0867485167956989,0.0383116577084515,0.0354021064306371
4.49210266138429,3.75571473936489,4.15892725536946,-0.0525635296681906,-0.085071001809202,0.0274201007507964,0.0469852577415288
4.45485917494998,3.73761984083438,3.85232130391618,-0.0757886715823511,-0.0652386178561634,0.0385451851480401,0.0471437193256561
4.40535872485329,3.7373372568657,3.69528752495211,-0.0850587445022691,-0.0525833622327225,0.0355582944055781,0.0523007782640348
4.35921614881561,3.72741288772512,3.64549494522726,-0.0875705026515986,-0.0482846462692475,0.0414279266139159,0.0383602771286693
4.32871821740382,3.8545267063684,2.22560703058079,-0.0609009111445899,0.0793163225430855,0.0304029797328003,0.0477974961001952
4.31305075277839,3.99191702726845,2.06125125849515,-0.0471027240643834,0.0882118664676956,0.0314352594389553,0.049178454432361
4.32716965481423,3.94544062922908,4.44740259988743,-0.026189612404527,-0.0965096067865819,0.040308514440373,0.050033208747208
4.28369307577689,4.05092331890114,2.54467458770977,-0.0827071883412282,0.0562096165854973,0.0392306093038819,0.049273073086566
4.21267737716003,4.12127071342286,3.04751375270773,-0.0995577843298303,0.00939401827414631,0.028542085712973,0.0609533762475745
4.14386568671259,4.20776739530008,2.93286319924364,-0.0978294983061814,0.0207217098995439,0.0290178078587449,0.0657749719776728
4.08131047869402,4.25668220917106,3.22714997593874,-0.0996342204385342,-0.00854529798225706,0.0370790124199609,0.0574601118532332
4.06037642054564,4.22957943667941,4.14840204861331,-0.0534559915529655,-0.0845130579679216,0.0325219334045883,0.0574102854762755
4.02534730301211,4.2028672684132,4.06388662137826,-0.0603993479755899,-0.0796989257400851,0.0253702304420562,0.0529867574738754
3.96832717840752,4.29387622298349,2.69951443285198,-0.090386451381664,0.0427818817565345,0.0333663267770756,0.0482270728137504
3.90855188274021,4.37683972479318,2.87383283870032,-0.0964366005352039,0.0264571743996502,0.0366613048678932,0.056506327410041
3.85934638425256,4.47936179154035,2.55150773001448,-0.0830893427936609,0.0556431587359804,0.0338838443060112,0.0468789080111902
3.79914250152828,4.5523821868724,2.89216345364362,-0.0969053482054254,0.0246850863718412,0.0367014654811442,0.0483353089602083
3.86965880162793,4.69947463151345,1.24964309336218,0.0315661041214662,0.094887201827184,0.0389501959781859,0.0522052428138728
3.97648645563969,4.82525880146561,0.84230302638984,0.0665746124513528,0.0746178328347332,0.0402530415603999,0.051166337117424
3.9774585252708,4.96369893301003,2.01671070639269,-0.043128302901233,0.0902216686215651,0.0441003725323488,0.0482184629228488
4.00277540277647,5.10265006886054,1.78026869581034,-0.0207943831438538,0.0978140768482053,0.0461112606495213,0.0411370590023052
3.9650428699349,5.20475587288965,2.4402479279501,-0.0763975199976999,0.0645245607362115,0.03866498715613,0.0375812432929008
3.90961942071117,5.29038149442119,2.72281419398411,-0.0913586354815314,0.0406644774090689,0.0359351862578055,0.0449611441224684
3.85856770942186,5.37652993019664,2.71409760147289,-0.0910007136445654,0.0414592585097686,0.0399490023552485,0.0446891772656866
3.89693749644692,5.51605350011643,1.59787947155238,-0.00270798339792202,0.0999633274051868,0.0410777704229868,0.0395602425146038
3.8407334748878,5.58049263277134,2.94061544767365,-0.0979871969078593,0.0199626962642927,0.041783175348741,0.0444764363906147
3.85810404101416,5.5310811025069,4.44983041371211,-0.0259552280927193,-0.0965729057999961,0.0433257942190775,0.0471613755355511
3.84236522156831,5.49522657741679,4.11461316548164,-0.0562805379091507,-0.0826589441782113,0.0405417184632983,0.0468044190881107
3.83886046932428,5.4441777111234,4.29907021230241,-0.0401650838527718,-0.0915792882648681,0.0366603316087484,0.0405304219714688
3.88070029650238,5.38660414771761,4.74874909911929,0.00363521075651189,-0.0999339043706176,0.0382046164215795,0.0423603409648274
3.89040906272391,5.32579710751216,4.36981312024454,-0.0335914387268192,-0.0941892522757366,0.0433002049483489,0.033382212070288
3.84648556507871,5.32807238630845,3.50809308000065,-0.0933587133730258,-0.0358350476117057,0.0494352157278279,0.0381103264079989
3.89550270140616,5.26434553137326,4.71116647636793,-0.000122250371225261,-0.0999999252742058,0.0491393866986813,0.0362730703390159
3.8607655232624,5.25089789279244,3.70903268358323,-0.0843279656837777,-0.05374750416192,0.0495907875400121,0.0402998655811011
3.81375419232796,5.26240629453292,3.45320799421324,-0.0951839554018251,-0.030659658087842,0.0481726244673841,0.0421680598283238
3.76679191955966,5.25743315728783,3.54049045362798,-0.0921489651324997,-0.0388402912580396,0.0451866923642026,0.0338671540129427
3.71733393435472,5.31616661191308,2.89775951179676,-0.097041969329756,0.0241424147218686,0.0475839841248127,0.0345910399033844
3.66707496918804,5.35545574456517,3.28462226046981,-0.098978869172505,-0.014254243485087,0.048719904005825,0.0535433761371751
3.61296869240001,5.41819085545466,3.07457895652484,-0.099775542239391,0.00669635504102838,0.0456692654513664,0.0560387558484594
3.58751613896801,5.54035024198784,2.42655232814066,-0.0755066802530828,0.0655647865638158,0.050054126821085,0.0565945999693707
3.54957954994447,5.62763347968564,2.75037138640352,-0.0924444058588884,0.0381317692403214,0.0545078168353466,0.0491514684574765
3.50440435620456,5.64962116257644,3.42634656251083,-0.0959730813938304,-0.0280921278612568,0.0507978876539141,0.0500798107520577
3.57452709436333,5.60564939909408,4.86012653004144,0.0147200706454433,-0.0989106643400658,0.0554026675133343,0.054938900857703
3.55896545957026,5.57369933823028,4.02471835248279,-0.0634738937982069,-0.0772726653228291,0.0479122590051331,0.04532260445903
3.64735362465759,5.52580947249891,5.20193106774773,0.0470221807477962,-0.0882548271638531,0.041365984339536,0.0403649614324841
3.76363246846661,5.48552618087952,5.42898832623482,0.0656824232920027,-0.0754043716934913,0.0505964205170191,0.0351210800740969
3.79153146132175,5.42732843807564,4.55859509082263,-0.0153188336271447,-0.0988197011546982,0.0432178264822829,0.0406219583508216
3.74767660361449,5.43463220629766,3.51624237178264,-0.0930635863427683,-0.0365946566731006,0.0492087286355041,0.0438984248951257
3.68812211833263,5.495913381135,2.94672503193805,-0.0981073311447396,0.0193636663794956,0.0385528458628785,0.0419175084578427
3.63597975393993,5.55304826823502,3.03238805025391,-0.0994043100825713,0.0108987676830003,0.0472619456898764,0.0462361194170215
3.59700392277968,5.54651296542942,3.69490721150218,-0.0850787365103101,-0.0525510094461489,0.0461029053500566,0.0460157066405431
3.69845059535533,5.50719813866724,5.23114414413984,0.0495799460366931,-0.0868437041529126,0.0518667265389592,0.0475288773907323
3.72296988899672,5.45781041177206,4.48553454659356,-0.0224913668604326,-0.0974378695207845,0.0470106605018179,0.0480501426256099
3.83342667467189,5.44514261732948,5.50444105979913,0.0711796122228189,-0.0702386133391679,0.0392771734523585,0.0575708188965862
3.87978050946378,5.40092940731676,4.8174376075056,0.0104855528015043,-0.0994487465101842,0.0358682819903784,0.0552355364974666
4.01157453943924,5.47602009822227,6.45229959527772,0.0985734227121632,0.0168309338662234,0.033220607263301,0.0582597570392798
4.12653447954556,5.59201986767501,6.92201332968888,0.0802795106487174,0.0596254993270704,0.0346804294576062,0.0563742701256711
4.22886540152169,5.70876205139033,7.0125139037974,0.0745621972883868,0.0666369172120656,0.0277687246877454,0.0501052665032562
4.36425040839309,5.7943901997546,6.62417337570328,0.0942424697287213,0.0334418435411544,0.0411425371426697,0.0521863048231186
4.50058200517926,5.86736603418531,6.54520369113652,0.0965869122750511,0.02590305729391,0.0397446845111222,0.047072777136794
4.48682455811129,5.83454419959727,4.18864454445048,-0.0500126140246545,-0.0865952564429538,0.03625516695669,0.0537734218549195
4.60960182080839,5.83749770163104,5.77126722368318,0.0871806538066979,-0.0489850344680566,0.0355966088903941,0.0519385365018241
4.69609048061929,5.79593495343656,5.14356716984706,0.041794144671388,-0.0908473966120499,0.0446945151395131,0.0492846484175669
4.7862592212033,5.93827363248802,7.36171614224671,0.0472623596521532,0.0881264396200738,0.0429063809318606,0.0542122394313864
4.74086376081872,6.04472952700566,8.90634586450413,-0.0868597172892974,0.0495518870722733,0.0414642569047148,0.0569040074453753
4.70457892890157,6.15918601941104,8.72718280351963,-0.0766389216383084,0.0642376500980322,0.0403540897211574,0.0502188423073449
4.71186249607211,6.30392131732813,8.18811700167062,-0.0327952479421737,0.0944694221026643,0.040078815112718,0.0502658758144259
4.67495241875026,6.28190234602646,10.1715001414372,-0.0733919222912542,-0.0679236758604429,0.0364818449694058,0.0459047045587742
4.64221032448272,6.26293754452787,10.1058678767547,-0.077688692547245,-0.062964013930972,0.0449465982797053,0.0439992124323778
4.65791724823346,6.20554814568359,10.6967372069809,-0.0294409027731082,-0.095567950924483,0.0451478265238485,0.0381785520802032
4.79239464520602,6.21501802725393,12.1657717717171,0.0920827628555868,-0.0389969843049661,0.0423946341169676,0.0484668658753042
4.90666411551972,6.19332937265475,11.7488192052391,0.0684009437348408,-0.0729473158943024,0.0458685265788592,0.0512586612951269
4.96170424406442,6.32936753072294,14.02160597532,0.0115303930843773,0.0993330259043776,0.0435097354603204,0.0367051321638083
4.90700099467042,6.39128296108384,15.5601888287926,-0.0989101212567253,0.0147237194003383,0.0442068718627331,0.0471917109605666
4.85230757649709,6.45717615077666,15.531651719892,-0.0984497340838186,0.0175399503655342,0.0437563159104792,0.048353239327283
4.78777946490463,6.51511447527287,15.5700628012807,-0.0990506788962648,0.0137463817126195,0.0345225673038128,0.044191942783594
4.82418112508983,6.45996556326283,17.2882150569746,0.000945532133587559,-0.0999955297450059,0.0354561280516066,0.0448466177349678
4.88313509096458,6.40752431719609,17.5480596989937,0.0266056832259649,-0.0963957344496094,0.0323482826487851,0.0439544883828633
4.82577753271204,6.42754600328407,15.9400885991787,-0.0973179668578979,-0.0230046370683191,0.0399604086053644,0.0430263231562966
4.89463166087128,6.37483485680418,17.5453184920696,0.0263413429418141,-0.0964683038724209,0.0425127852174265,0.0437571573925322
4.96773543051342,6.32463666078433,17.5237333965513,0.0242530908860888,-0.0970143679177013,0.0488506787560423,0.046816171897853
5.09351656358562,6.30795204586037,18.0648407355095,0.0707589554159646,-0.0706623678377786,0.0550221776562356,0.0539777529138252
5.1477218235738,6.26588194548318,17.365803662875,0.00869341924036971,-0.099621405641113,0.0455118407478183,0.0575513052639138
5.14229448985477,6.24166086818585,16.7186833963594,-0.0531250755849421,-0.0847214633023663,0.0476977418659077,0.0605003860050397
5.13942499562356,6.21722626459838,16.8014265086679,-0.04594119970505,-0.0888223292289766,0.0430717054738379,0.0643877256415051
5.18119124398783,6.38723071624182,14.2210919092277,-0.00838264832397331,0.0996480366443644,0.0501488966882491,0.0703564149990825
5.29394556626958,6.53191459961498,13.4949119826873,0.0599002614129715,0.0800747068846192,0.0528540608687775,0.0646091764885321
5.3218544903412,6.70018713994779,14.3713079608006,-0.0232007529001196,0.0972713990074554,0.0511096769717403,0.0710011413253566
5.30748823588934,6.86469090549214,14.6704790716713,-0.0508388292708037,0.0861127948586856,0.0364725748189434,0.0783909706856685
5.38142021296681,7.03079815636459,13.6650901606323,0.0454736899049971,0.0890625820781329,0.028458287172473,0.0770446687943149
5.4499057210153,7.18675813600555,13.7241900378739,0.040133773771044,0.0915930139415374,0.0283517342774422,0.0643669656994241
5.5498139493612,7.32666490880421,13.3877825802518,0.0681188174602262,0.0732108373659282,0.0317894108856773,0.0666959354327332
5.52881970305022,7.31708169379072,16.5707973997441,-0.0650287025050225,-0.0759688610584184,0.044034456194046,0.0663856460449246
5.47559233513843,7.38616292620756,15.7251299775258,-0.0999852655659687,-0.0017165866429387,0.046757897654178,0.0707978190597807
5.4209906584723,7.46191609089847,15.5785128733985,-0.0991632991583792,0.0129089155247756,0.0445616224922478,0.0628442491661332
5.3673298244874,7.53873167410658,15.5528335677294,-0.098799149933128,0.0154508243304784,0.0451383159482219,0.0613647588776303
5.44464616737099,7.68699473764905,13.8391162037331,0.0293657444739226,0.0955910720281569,0.0479505984096669,0.0526719915143161
5.40677039665934,7.69131858727139,16.1363645948873,-0.0909631027966147,-0.0415417131280418,0.0530873320849672,0.0458655627503877
5.39713053957115,7.65843383346249,16.605784420892,-0.0623315240944883,-0.0781970658276781,0.052691667006302,0.0453123120187708
5.35862248350282,7.66592027631791,16.2895143037244,-0.0835611639380329,-0.0549320660572784,0.0450531078697001,0.0624185089126978
5.39477652527652,7.62976925220044,17.1491679162325,-0.0129229255795723,-0.0991614743459618,0.049076967353276,0.0630104502284965
5.54171677292438,7.67058365388407,18.6161673661582,0.0972888292056562,-0.0231275530870142,0.0496514184421946,0.0639419547706392
5.68316151384971,7.78141400002303,19.4204904654953,0.0841396297719243,0.0540418606437964,0.0573051111534149,0.0567884854951632
5.81689496789225,7.77367595528395,18.3265346997374,0.0866314036227517,-0.0499499740375497,0.0471020504197792,0.0422119292984746
5.94313959659375,7.87374987296981,19.4618750967824,0.0818317234737383,0.0574766825183712,0.0444129052277633,0.0425972351674879
6.08090397549215,7.9063102391712,18.6625452394333,0.0982564405948556,-0.018592253269295,0.0395079383035437,0.0511526194706828
6.22019377163847,7.96186375234359,18.8979696600333,0.0998828283853803,0.00483948279640112,0.0394069677609403,0.0507140303759961
6.35900612294694,8.02247822326183,18.9442166983591,0.0995523013228242,0.00945194695973373,0.0392600499856464,0.0511625239584994
6.49782467126405,8.10567015971557,19.1380707278423,0.0958667512951658,0.0284528732487745,0.0429517970219484,0.054739063204968
6.63053210880754,8.16144646750232,18.847182470698,0.0999997183366876,-0.000237344861234539,0.0327077192068037,0.0560136526479802
6.72653938243868,8.29890587083116,19.7908408459933,0.0588749887285896,0.0808315266601371,0.0371322849025484,0.0566278766687098
6.83798100699366,8.42658051689724,19.6150965611302,0.0721007839108011,0.0692926905196209,0.039340840644174,0.0583819555464569
6.98051548357137,8.50979847894011,19.0175418971084,0.0985923505153102,0.0167197015483593,0.043942126062408,0.0664982604945124
6.9961859014463,8.67352223597717,20.6342150767847,-0.0212236300834662,0.0977218375087175,0.0368940479583912,0.0660019195283343
6.93323499321876,8.70650772306295,22.2668362902586,-0.0962238223115392,-0.0272208747059556,0.0332729140840007,0.0602063617917441
6.92127465587375,8.675929794159,23.0302278756757,-0.0507014057662448,-0.0861937785070744,0.0387410684212348,0.0556158496031181
6.92183882430057,8.64293587362524,23.2111013408145,-0.0343690103646565,-0.093908312340038,0.0349331787914773,0.0609143918062767
6.93316613533534,8.61829653700283,23.2475434624765,-0.0309247306555499,-0.095098165249818,0.0422520416903183,0.070458828627407
7.01238862122702,8.58151376929695,23.9150382573956,0.03458019759757,-0.0938307515376117,0.0446422882941073,0.0570479838317368
7.10860470260308,8.5558512389106,24.0632140502656,0.0480538934644451,-0.0876973393148718,0.0481621879116183,0.062034808928523
7.12493548221214,8.52236264575739,23.297533825143,-0.0261340857380488,-0.0965246577960073,0.0424648653471058,0.0630360646427928
7.11258926703694,8.49873457021588,22.9502963385498,-0.0574217922731657,-0.0818702496157023,0.0450755770979718,0.0582421740741932
7.08989064767237,8.63313219739463,21.1121332783658,-0.0637909784241298,0.0770111100536293,0.0410923590595509,0.0573865171251171
7.07113699528492,8.76677527598983,21.0883777237281,-0.0619437102343218,0.0785046289234359,0.0431900578468767,0.0551384496717713
7.01077695593841,8.8088001694959,22.138846069636,-0.0989112538753458,-0.0147161087522109,0.038551214528832,0.0567410022582759
6.95089398106961,8.87652953767069,21.8429472502518,-0.0989038268990877,0.0147659413758591,0.0390208520302959,0.0529634267989305
6.90520565144925,8.95951893561601,21.6872078492539,-0.0954164510161266,0.0299282621528067,0.0497281213957637,0.0530611357925128
7.00424722581582,8.93056787497955,24.2501032081742,0.063511570454547,-0.0772417012914469,0.0355300039120197,0.0482906406549848
7.12755037701726,8.91794061077293,24.5403379208703,0.0829601173865381,-0.0558356420506813,0.0403430338149011,0.0432083778440617
7.19475041526911,8.86597197680947,23.7953160498286,0.0231258595306077,-0.0972892317832277,0.0440741787212442,0.0453205978197673
7.32949403741261,8.88730471480954,24.8758890473914,0.0967194431899433,-0.0254037262823259,0.0380241789535622,0.0467364642823984
7.43871011493585,9.00686117571572,25.9470915545312,0.0686341033215718,0.0727279854061957,0.0405819742016602,0.0468284754999839
7.5703485094906,9.09888763059317,25.575893542829,0.0903404475164657,0.0428789405480675,0.041297947038287,0.0491475143293805
7.64847813221435,9.2412470497311,26.3472456707755,0.0348801406028888,0.0937196659806399,0.0432494821208635,0.0486397531572873
7.72766899013202,9.38181339293614,26.2692713021323,0.0420744875158564,0.0907179006606637,0.037116370401808,0.0498484425443841
7.77446939098851,9.54092058097665,26.6507180231099,0.00527949756004854,0.0998605372783135,0.0415209032964441,0.0592466507621907
7.88019093439205,9.66069015159521,25.932424975001,0.0696933541032729,0.0717135718942782,0.0360281893002625,0.0480559987242835
7.91744266083056,9.82115728943497,26.6836184233354,0.00199178149788764,0.099980162064605,0.035259944940627,0.0604869757751576
7.85846397005552,9.86863180725022,28.4197533606079,-0.0989445207377683,-0.0144907493240802,0.0399658299627266,0.0619652671393318
7.80102894876411,9.9604388929205,27.9753225785639,-0.0955628201869473,0.0294575524766939,0.038127798895534,0.0623495331935828
7.90766065486057,10.0765814334311,25.874591301635,0.0737219813834348,0.0675652977563224,0.0329097247130274,0.048577242754293
8.03544736080703,10.1174499551075,24.9398836195974,0.0981460541464783,-0.0191664304312657,0.0296406517999852,0.0600349521076371
8.13723003816399,10.1080199601438,24.3743489885765,0.0725942693697459,-0.0687755192977324,0.0291884079872133,0.0593455243340308
8.09944038814777,10.1017841330046,22.7217882016727,-0.074474770242029,-0.0667346131883373,0.0366851202258101,0.0604987860491626
8.05091971344873,10.1041018020405,22.6333841277792,-0.0800758692830052,-0.0598987074866483,0.0315551945839605,0.0622163765225636
7.9962875852533,10.112045566151,22.6129252682711,-0.0812844851460623,-0.0582480254990637,0.0266523569506383,0.0661917896095154
7.92927326298452,10.1956949240535,21.8008361179916,-0.0981945176872353,0.0189165719984156,0.0311801954184467,0.0647327859041127
7.86271864535962,10.2192056629267,22.3289322263324,-0.094349147313871,-0.0331396801605791,0.0277945296889772,0.0566504190338062
7.79225975070184,10.3087676733842,21.6326185246222,-0.0936413637702232,0.0350898132119955,0.0231824691124416,0.0544721972454649
7.81616662362705,10.4672591525419,20.4787214941305,-0.00583361077419522,0.0998296999160831,0.0297404836994009,0.0586617792416266
7.88040580368438,10.6098594708754,19.938193102114,0.0463693249401173,0.0885995807247292,0.0178698551172154,0.0540007376087868
7.85786469732193,10.7563326235205,20.8819007994236,-0.0445335157186641,0.0895363947103942,0.0219924093562209,0.0569367579347269
7.79723190027621,10.7612654934385,22.5655647872343,-0.0839509643568053,-0.0543344787732652,0.0233181673110803,0.0592673486912538
7.80017886021529,10.7192672057867,23.3465775596819,-0.0213706298596696,-0.0976897956769334,0.0243175897987538,0.0556915080250882
7.88931237351399,10.697747167064,24.3455245831087,0.0705819751634109,-0.0708391472424086,0.0185515381352879,0.0493191085196862
7.99994115914302,10.8069301349448,25.7120183984252,0.083685855966454,0.0547419173135352,0.0269429296625763,0.0544410505672737
8.10426906114342,10.7962338398075,24.4233389986734,0.0758751387118997,-0.0651380328644486,0.0284527632884988,0.0544417377271778
8.21762915451769,10.8058718542808,24.6049352725071,0.086391415521049,-0.0503639089454886,0.0269686778532208,0.0600019234188256
8.23150492268927,10.7686296334625,23.4016555455872,-0.0159603860410447,-0.0987181142314865,0.0298361542126262,0.0614758934131601
8.28911602570308,10.7388373654061,23.839267294657,0.0273781331937532,-0.0961791964139081,0.0302329698200516,0.0663869283574545
8.37161694543526,10.7161709054907,24.0502372195774,0.0469118458442974,-0.0883135251220383,0.0355890738878806,0.0656470652066687
8.44078575454764,10.6830430129471,23.8736179632082,0.0306651521176172,-0.0951821855475246,0.038503656994763,0.0620542930039765
8.46602622022952,10.6452293348576,23.5910700601501,0.00291210407114259,-0.0999575892560382,0.022328361610743,0.0621439111665225
8.38452244994098,10.7028887995224,22.0201310315494,-0.0999580038007877,-0.00289783991305732,0.0184542335122408,0.0605573045778378
8.3104745795832,10.7651989100583,22.1088970387343,-0.0993075655538683,-0.0117476560966068,0.0252596951960911,0.0740577666324711
8.29978166437411,10.7430282460337,23.1760048701627,-0.0376430190648483,-0.0926444985721412,0.0269501038557589,0.0704738345475917
8.39414628369195,10.7465079526304,24.3614104145059,0.0716983607481377,-0.0697090027616944,0.0226662585697071,0.0731887093583374
8.45160023129188,10.7342965064772,23.9714986745752,0.0398200043919866,-0.0917298601886113,0.017633943207942,0.0795184140354017
8.44525497490215,10.7009232446815,23.2324792373352,-0.0323537478234295,-0.094621535613083,0.0260084914337018,0.0612482738174176
8.51698989827938,10.6769878069648,24.0602698335616,0.04779548559084,-0.0878384400882427,0.0239394377863906,0.0639030023715179
8.60137710256996,10.6608543410506,24.1968951920418,0.0593137493604195,-0.0805101182262784,0.0250734549301601,0.064376652312129
8.69189491190875,10.6532378956469,24.2543027661361,0.063835390449394,-0.0769743004266581,0.0266824188893935,0.0693578550229557
8.81580352875048,10.6994766814854,24.8339911119862,0.0955705108573897,-0.0294325917047337,0.0283381059843322,0.0756713775432125
8.9349352412381,10.807092593349,25.4202954821076,0.0958940375549839,0.0283607750494118,0.0232376749326448,0.0792551368141474
8.95795088723422,10.9804165593276,26.7955462586325,-0.00918789398892387,0.0995770184532972,0.0322035399850353,0.0737469475253292
9.05120254631358,11.1383111603515,26.0298633059706,0.0623861745269243,0.0781534722702462,0.0308654845524376,0.079741128753696
9.17784131225705,11.2507717938904,25.5544221003961,0.0912402257749881,0.0409294661647228,0.0353985401684866,0.0715311673741912
9.29748258717069,11.269252607168,24.5154855633066,0.0815469944740114,-0.057879942054701,0.038094280439628,0.0763607553322565
9.42082119585718,11.2976360352651,24.6325132137161,0.0877473222862927,-0.0479625628129429,0.0355912864001944,0.076345990910097
9.5251788995198,11.4455160238921,25.8993958089478,0.0720235512492613,0.0693729635048485,0.0323341524133571,0.0785070251221285
9.48903516711397,11.5984923738093,27.3789003315733,-0.0625180497393052,0.0780480201977844,0.0263743173334738,0.074928329719361
9.41879304425513,11.7089892118471,28.0130206470006,-0.0966051537662251,0.0258349427288701,0.0263630309073921,0.0846618953089777
9.35502959500082,11.7701558115456,28.4215135131381,-0.0989188615500539,-0.0146648842355226,0.035155412295742,0.0758314839339977
9.37517500627046,11.7470324480122,29.7203589111002,-0.0124447812538609,-0.0992226154641347,0.0325901925235019,0.0760992519307262
9.33880663285389,11.7464789773633,29.1175555261329,-0.0665060391290391,-0.0746789579424266,0.0301376657124663,0.0741254872935002
9.39329183418904,11.7174770721717,30.060621154331,0.0213827044468825,-0.0976871534570297,0.0331024968882634,0.0686852482654263
9.51738241435539,11.7470061237631,30.9808545184732,0.0906839691055769,-0.0421475710718754,0.03340661106078,0.0716766226633609
9.65363936845888,11.8252655152939,31.4912890935563,0.0997161586234327,0.00752912407829783,0.0365407954800574,0.0707302674524648
9.77992481648499,11.8946497866627,31.4977807504193,0.0996651813844289,0.00817628397310712,0.0266202666416753,0.0612079873956812
9.82648800735014,11.8579305599473,29.9875311334673,0.0141920143877685,-0.0989878110052817,0.0323711764773886,0.0622685842899369
9.78593099164073,11.8519327749893,29.0163529321852,-0.0737105633523393,-0.067577754107996,0.033153547642927,0.0615799691499923
9.79189159567123,11.8265455013415,29.5870509338942,-0.0255223909635972,-0.0966881976225707,0.0314829949940982,0.0713009239747056
9.72798864988045,11.8885471614118,28.2777032256432,-0.0999994323768115,-0.00033693369599515,0.0360964865860272,0.0623385937663006
9.66145034543398,11.9296098086951,28.4643610457927,-0.0981999104689308,-0.0188885569563684,0.0316616060224604,0.059951204239713
9.74614661482245,11.9141379060681,30.4693250217792,0.0584444106120051,-0.0811433969477205,0.0262518587764653,0.0656714943206715
9.80520914675592,11.8871726030053,30.2617804440257,0.0404699537612081,-0.0914449716636496,0.018592578172262,0.064479668600832
9.87621499572016,11.8656380352287,30.3020797483553,0.0441212672697072,-0.0897402572679345,0.0268845816945387,0.0682056894913305
9.80659607260897,11.9046033046195,28.6044020062284,-0.0946020266251745,-0.032410747575608,0.024983103513982,0.0713760169664823
9.74250768162881,11.9883794108668,28.1817886960871,-0.099572074973832,0.00924131405188574,0.0354836839936681,0.0745347921953794
9.68695455391354,12.0335499698775,28.7031841631491,-0.0909444433157684,-0.0415825471800969,0.0353913156005063,0.0867531061907592
9.68324957481692,12.2011017099442,27.1271555236863,-0.0411061303851008,0.0911607703168589,0.0374011512884742,0.0763909697498359
9.63920990804405,12.3192906050697,27.8089842289187,-0.0893664718419298,0.0448735301767708,0.0453268050690578,0.073315364948737
9.61084272389306,12.4510767490287,27.6086570097362,-0.0786498934492579,0.061759163372089,0.0502827092982709,0.070026980586972
9.56953938558878,12.5655106749237,27.8238088108335,-0.0900218590242103,0.0435438273217365,0.0487185207199321,0.0708900985732352
9.72061785580792,12.671003719332,25.4771137316027,0.0941287484756634,0.0337606088571475,0.0569497217434716,0.0717324355511231
9.8326168630557,12.6624906014234,24.2156414389912,0.0608125017558893,-0.0793841270670022,0.0511865054918985,0.0708710091584379
9.9317426043665,12.6369262923346,24.0434570767804,0.046311993848194,-0.0886295618053302,0.0528137474626043,0.0630652527164752
10.0653753871522,12.6503310040152,24.5668857682025,0.0844130264348751,-0.0536138132210822,0.0492197563508423,0.0670185249016928
10.1864792722613,12.7830290701515,25.8093918669218,0.0779674408657247,0.0626185129562314,0.043136444243391,0.0700795531801379
10.2514892607351,12.9507078775712,26.5306276216203,0.0172049615243554,0.0985088285330074,0.0478050269494297,0.0691699788866735
10.2129003013191,13.0731031222048,27.6230023394506,-0.0795277261420411,0.0606245888619174,0.0409387667260326,0.0617706557717064
10.301656037923,13.2200028269041,26.1484272679342,0.0527037030460426,0.0849842319800242,0.0360520335578336,0.0619154727192637
10.4423991358755,13.278345372177,25.0304805063795,0.0994775927169951,-0.0102082587756995,0.0412655052355024,0.0685508040485541
10.5800533629287,13.3454926312317,25.0517761041946,0.0996724114440548,-0.00808766943730141,0.0379818156091911,0.0752349284919891
10.7033998661693,13.4789481485934,25.7027153992853,0.0841914913271277,0.0539610302729124,0.0391550119134454,0.0794944870888656
10.815630125438,13.6141985118893,25.8027094898124,0.0783841374901905,0.0620961109081633,0.0338461217784705,0.0731542523876652
10.8886675795905,13.5891888565199,23.9186653208471,0.0349202994797018,-0.0937047100430279,0.038117154672852,0.0686950546736504
10.9898411497498,13.5852908320192,24.2924755504666,0.0667264966804957,-0.0744820424045138,0.034447073478777,0.0705840179037835
11.0430020414418,13.5517184229374,23.6679157061922,0.0105772576914059,-0.099439034688243,0.0425836340006391,0.0658666256064961
11.1107333072606,13.5133886730439,23.9036856383841,0.0335127673471715,-0.0942172724331073,0.0342184984715761,0.0558875225395781
11.0436499853843,13.5515711686112,22.2334427115837,-0.0970790096964703,-0.0239930380809233,0.029995687820179,0.0621755336481975
11.0747592278465,13.5236384137752,23.5412254921712,-0.00207179273312082,-0.0999785360708537,0.0331810351953568,0.0720457812348521
11.2063712105374,13.6126653337632,25.3288087039335,0.0980840269661763,0.0194813668436893,0.0335279557247095,0.0695455531443621
11.3250970908545,13.6263901886612,24.6197768815009,0.0871293548346898,-0.0490762215955009,0.0315965254823762,0.0628010764934821
11.4473012510072,13.7334742609265,25.625886875757,0.0880848072739925,0.0473399062895523,0.0341193528787116,0.0597441659757898
11.5706993083197,13.756827977394,24.7511033767262,0.0928055877419758,-0.0372440986448382,0.030592469570534,0.0605978151122528
11.6598288567767,13.7310197999152,24.1580100953242,0.0561390574660797,-0.0827550978902219,0.0329904909908887,0.0569469204114803
11.7495951635581,13.7020076029747,24.2441276514991,0.0630488771283816,-0.0776198369803122,0.0267174296530239,0.0486076400397657
11.858453058151,13.7054062308264,24.6524437542922,0.0886857516040523,-0.0462043013411559,0.0201721429888924,0.0496029291928508
11.9075076716224,13.6595365548669,23.7805212779378,0.0216840091390257,-0.0976207137223379,0.0273706043323827,0.0517510377628376
12.0252958867344,13.6729622441763,24.7271819066208,0.0918881870011178,-0.0394532772992004,0.0259000281108257,0.0528789666086915
12.0924306181584,13.8205526269911,26.2972721724702,0.0395181461198399,0.0918603076810163,0.0276165853041714,0.0557300751337841
12.0781429626862,13.9603302850744,27.1738562771143,-0.045317042444363,0.0891423898271513,0.0310293869722305,0.0506352682560873
12.0769820862059,14.1117659688409,27.0533069427572,-0.0342681167009086,0.0939451764476118,0.0331072402205503,0.0574905073189349
12.1807175261824,14.2198611545278,25.7058506307197,0.0840218974987419,0.0542247244410787,0.0197135424777457,0.0538704612458218
12.3029574910815,14.232970184704,24.7460411747022,0.0926158622853472,-0.0377134200668887,0.0296241026137416,0.0508224502430679
12.4163605307894,14.3423309145331,25.749385146812,0.0815823871122704,0.0578300450722949,0.031820652595691,0.0515306847568233
12.4680400541283,14.4972730897099,26.4591359412289,0.0241975765080177,0.0970282293517646,0.0274819468308802,0.057913945825053
12.4041840539191,14.5963587532834,27.8523659840642,-0.0912284741726431,0.0409556528470906,0.0273724739634016,0.0581300107264013
12.4095521346705,14.7636806933134,26.9081257219353,-0.0203163932464748,0.0979144737281194,0.0256844739979343,0.0694074663018647
12.3965459312827,14.7404811402087,29.4384026663886,-0.0395605960275693,-0.0918420341779485,0.0265543926397331,0.0686424810732582
12.5121263580867,14.7497204287171,30.8462270840132,0.0842063122530895,-0.0539378992614209,0.0313741145508661,0.0631771877698206
12.5800034272667,14.9109563804963,32.5350152892201,0.043650247881196,0.0899703054341272,0.024226821298889,0.071265646345001
12.7028032562232,14.9394232414839,30.9722527239471,0.0903180739581028,-0.04292604706351,0.032481754998388,0.0713929080511093
12.7754918148279,14.9138428756399,30.2973640997621,0.0436975947512413,-0.089947319098216,0.028990963853408,0.0643669532542361
12.8256688362091,14.8842291199304,30.1702778491886,0.0319448693610728,-0.0947603573310274,0.018232152020099,0.0651466016215423
12.9431557536532,14.9359974840233,31.3253064821243,0.0995896812026654,-0.00904960761312179,0.0178972362414633,0.0608179717059834
13.0437102438443,15.0338751889493,31.8513482125931,0.0906692262733422,0.042179276985191,0.00988526391772915,0.0556984279408326
13.1139177371073,15.1744639714912,32.455057098567,0.0506969872236504,0.0861963774554652,0.0195105060393832,0.0543924050864852
13.2453825122449,15.2618570932324,31.6785083780925,0.0965723016523553,0.025957475870479,0.0348924734852165,0.0614356458706453
13.386803020664,15.3348315295518,31.5276787212403,0.0993762220326994,0.011151972673372,0.0420442863864352,0.0618224636461164
13.5174048894157,15.36063774714,31.024018900405,0.0924182116477142,-0.0381952111636825,0.0381836571040122,0.0640014287518582
13.5595004661985,15.3242668360793,29.8932641272353,0.00481153335808007,-0.0998841786608074,0.0372840434246715,0.0635132676001078
13.6233731460483,15.2925544975566,30.2271873172997,0.0372830046888755,-0.0927899647665053,0.0265896751609525,0.0610776262438151
13.5660089332462,15.2944864320808,28.7120340902371,-0.0905728841926542,-0.0423857599793144,0.0332086713905664,0.0443176945034516
13.521894353473,15.4149955709364,27.4704272182091,-0.0693898930618531,0.0720072408919033,0.0252753132886294,0.0485018979637637
13.5334932451086,15.5716059322862,26.9311946403197,-0.0225695682119165,0.097419785417171,0.0341684598474838,0.059190575932611
13.6671555759767,15.6604594801676,25.3779362380383,0.0970090005782488,0.0242745505995337,0.0366533302899423,0.0645789972818172
13.7331107428224,15.8218338038119,26.332304353944,0.0362764904249379,0.0931880692065749,0.0296786764206907,0.0681862544377587
13.8213989228857,15.9710289277281,26.0419349992571,0.0614382071125351,0.0789008663247575,0.0268499729507532,0.0702942575914349
13.9589520083104,16.054334995423,25.2369641319634,0.099457370777434,0.0104034320317872,0.0380957146473353,0.0729026356631586
13.966582416122,16.223573082067,26.937427251893,-0.023176305601892,0.09727722682441,0.0308067134134564,0.0719608598195762
14.0944736405465,16.2688336425163,24.8817349829872,0.0968662982048152,-0.0248378797826186,0.0310249262196667,0.070098440231888
14.2115065541322,16.2764372083268,24.5972711617486,0.0860028874807378,-0.0510245366953543,0.031030026105018,0.058628102505903
14.3445181918339,16.3748316918416,25.4258331696435,0.0957355149084664,0.0288913686974293,0.0372761227931715,0.0695031148173406
14.4450229301092,16.5136821568664,25.9666164388754,0.0672011060700152,0.0740541109119984,0.033303632205282,0.064796354112751
14.5674880360153,16.5409992345345,24.8145698676261,0.0949809059330361,-0.0312830226822753,0.0274841999730651,0.0586001003504073
14.5949879027239,16.5010129996266,23.5720475436917,0.00101024699175256,-0.0999948968748688,0.0264896197168767,0.0600086619669895
14.5133386626721,16.54762542954,22.082382165843,-0.099584110190292,-0.00911070785437618,0.0179348701384949,0.055723137767739
14.5049871028972,16.5182402833851,23.0918803040267,-0.0452943877870289,-0.0891539030833662,0.0369428280121173,0.0597687569284417
14.4717897585911,16.5074168570398,22.7271082448494,-0.0741186869712217,-0.0671298759246734,0.0409213426651061,0.0563064495794627
14.4690694938229,16.4807204743291,23.1482173059955,-0.0402025206582572,-0.0915628600073327,0.0374822558901098,0.0648664772965439
14.4310408152013,16.4805525786395,22.6736231899006,-0.0776014319016344,-0.0630715289716049,0.0395727532800176,0.0629036332820725
14.3885981632254,16.5920801137557,21.4191883255023,-0.0840841544783054,0.0541281346960015,0.0416415025023653,0.0573994004201346
14.3346627195579,16.7003858269675,21.5107705101973,-0.0886820276880716,0.0462114484206253,0.034746584020608,0.0620942647911882
14.4090392697538,16.8391113146074,20.0450919774964,0.0366514700675333,0.0930412260338862,0.037725080128391,0.0456842616060804
14.3459738392667,16.8665120469476,22.1426446931364,-0.09885463943213,-0.0150917282888199,0.0357892089449798,0.0424924606289636
14.2829405993273,16.9036836054,22.1482056007244,-0.098769187686978,-0.0156412136247325,0.0357359477475843,0.052812772077143
14.2222617395996,16.9211021216205,22.2403170284756,-0.0969117814634341,-0.0246598177929927,0.0362329217357367,0.0420783340135067
14.2085478748517,16.8878543559152,23.0391849283818,-0.0499273400298163,-0.0866444500100676,0.0362134752819721,0.053396684304797
14.1511646884515,16.9689603477028,21.7463976791058,-0.0970197716617359,0.0242314652199288,0.0396365852615048,0.0568745265676256
14.1597504267866,17.1160121543348,20.7214125434618,-0.0296532978980976,0.095502261354204,0.0382390362331542,0.0515495452778367
14.2089224887395,17.2697278233208,20.3850719242786,0.00352730055999029,0.0999377713917991,0.04564476139298,0.0537778975941947
14.2959000794426,17.4121669184201,19.9994114374103,0.0408619316522361,0.0912704910781573,0.0461156590508498,0.0511686040210826
14.4301063397814,17.5218007290151,19.4560671992744,0.0821641601215944,0.0570004455378465,0.0520421002171538,0.052633365057229
14.5726665507832,17.6028836135551,19.0435517452408,0.0981241750649127,0.0192781292616883,0.0444360359368758,0.061804755278267
14.6937107850317,17.7334423911635,19.5715878453537,0.0750464358649606,0.0660910921680551,0.0459977983836222,0.0644676854403734
14.8395939487206,17.7763181823978,18.7402987207256,0.0994037366973855,-0.010903996083861,0.0464794269914997,0.0537797873181489
14.9547046318881,17.7635615842072,17.9740681084105,0.064062236411491,-0.076785609758328,0.0510484467559937,0.0640290115676869
15.028922568033,17.7295286398693,17.598687274145,0.031449791051966,-0.0949258165242084,0.042768145092948,0.0608928721863364
15.0695220647997,17.6993179922035,17.2771466022597,-0.000161299178471801,-0.0999998699127905,0.0407607959451752,0.0697892222470351
15.0270868042241,17.7020697809813,16.3299173913328,-0.0812741489054202,-0.0582624469079319,0.0388388883298205,0.0610142356856436
14.9525256067189,17.7823767627654,15.5478757986278,-0.0987213344143681,0.0159404558105001,0.0241601369091171,0.0643665259736323
14.8855145083469,17.8923659717222,15.2567669458007,-0.0899926099220738,0.0436042447407757,0.0229815115500678,0.0663849642159917
14.8543932114538,17.8784262566447,16.5535475315402,-0.0663294156936647,-0.0748358778510483,0.0352081188005915,0.0608961627735525
14.8176543018386,18.0076511934862,15.0545379004275,-0.079400614646634,0.0607909729625767,0.0426617050314064,0.068433963878995
14.9318719815283,18.1312727804899,13.1957268258612,0.0808406625455746,0.0588624437072785,0.0333770171441241,0.0647591432964205
15.0545202424702,18.149255297918,12.139536323767,0.0910280884597218,-0.0413991196931657,0.0316201724821745,0.0593816371212839
15.1672932276731,18.1442361267663,11.8654692335979,0.0764261191221505,-0.0644906839468063,0.0363468660808,0.0594715127950955
15.2291180595357,18.1108752810933,11.3769594521307,0.0372206466510008,-0.0928149958944208,0.0246041852115422,0.0594541502214021
15.2630031837279,18.0614623327351,11.112026926805,0.0116189611064429,-0.0993227050719369,0.0222661630857548,0.0499097567136708
15.1893979566006,18.1454610215219,9.2136078766377,-0.0977786329649446,0.0209604135337702,0.0241734058376561,0.063038275253124
15.1371699053809,18.2690683582756,8.76254203146377,-0.0788619371967735,0.0614881684681871,0.0266338859770769,0.0621191682854167
15.0750022685182,18.3846021843769,8.93076915569161,-0.0880439126449503,0.0474159197545335,0.0258762757823181,0.068117906346771
15.0456175703132,18.527504651038,8.5375519992944,-0.0631565229020944,0.0775322746662138,0.0337718246970251,0.0653701919949405
15.0575980783238,18.6909834210966,8.03601727803308,-0.0181031956675027,0.0983477214104329,0.0300837036781711,0.0651310486481549
14.9925773423598,18.7717080334179,9.24071175813995,-0.0983107590845473,0.0183028590176538,0.0332900231205091,0.0624217533036493
15.0503570432182,18.742534023683,11.1498648666529,0.0153679144461241,-0.0988120802613558,0.0424117864122469,0.0696380705264446
15.0201584092223,18.7443179486278,10.1231046743936,-0.0765919076724824,-0.0642936985955073,0.0463932736766406,0.0660776235402665
14.9610340911259,18.7768234562753,9.74202922284393,-0.0950096492028447,-0.0311956176145367,0.0358853311063729,0.0637011252620745
14.8938732422979,18.8648323123117,9.24857701561544,-0.0984516734510767,0.0175290614318781,0.0312908246230883,0.070479794604541
14.8568877838954,19.0108295725243,8.59127700631799,-0.0672288165365618,0.074028955328934,0.0302433581340953,0.0719683048836863
14.7929867289383,19.0350767027963,9.86174201494187,-0.0906040620845308,-0.0423190729315103,0.0267030071274519,0.0665662032035002
14.7332177135477,19.1345377775851,9.19551044954032,-0.0973833124761083,0.0227264262738479,0.0376142970854456,0.0767346485149467
14.709607231214,19.1301231033956,10.3089699914804,-0.0633914594252027,-0.0773403056106121,0.0397809770915813,0.0729256314210467
14.7024777270399,19.1084379547884,10.5457372417177,-0.0434818796741551,-0.0900517969837487,0.036352375499991,0.0683666483766281
14.656209489116,19.2184300667048,9.16116135326676,-0.0965453900597607,0.0260573916232739,0.0502771521359087,0.0839347202931009
14.5989389915414,19.3094681121482,9.31242075618764,-0.0993694566868395,0.0112120951548913,0.0420989591122591,0.0798259502884946
14.7092053817837,19.4596767603284,7.12160454248166,0.0668639096974118,0.0743587088374749,0.0434024805448328,0.075849939342735
14.8498494802596,19.5060435616103,5.95912429229819,0.0947950134800416,-0.0318418815291862,0.0458490849958704,0.0782086828110771
14.9967838702864,19.5859593010932,6.3079029047676,0.0999694535737408,0.00247150807558487,0.0469649364530866,0.077444231407295
15.1243435902666,19.7217272390211,6.91155235307755,0.0808988476915536,0.0587824501205829,0.0466608722886264,0.0769854878073595
15.2758351625378,19.8249382004869,6.58221689886174,0.0955622225342847,0.0294594912431946,0.0559293497368714,0.0737514702225681
15.3453671213076,20.0009584888436,7.68597203405817,0.0167220307235624,0.0985919554957717,0.0528099280462424,0.0774283328609542
15.4030980281072,20.1798622239651,7.86686158455267,-0.00128795944652618,0.0999917054583234,0.0590188662461717,0.0789120296631651
15.5434429194479,20.2000080593219,5.70211933467465,0.0835877996342039,-0.0548915271450175,0.0567570917064781,0.0750373625018312
15.6154163112493,20.1717958328045,4.87303022469492,0.0159951227693865,-0.0987124918518029,0.0559782690320176,0.0705002653344238
15.6169158814108,20.1545118665381,4.18563822794,-0.0502727203763765,-0.0864445116011344,0.0517722905379099,0.0691605453346718
15.7169596375595,20.13795455735,5.20969114103344,0.0477056219997466,-0.0878872779736481,0.0523381341489557,0.0713299687856122
15.8225656891563,20.1275353235949,5.29988107161195,0.0554275352033539,-0.0832333367184145,0.0501785163933697,0.0728141029632567
15.7780591391119,20.1718737851222,3.47834626861891,-0.0943832323262024,-0.0330424795628008,0.0498766822818819,0.0773809410901549
15.8632655546918,20.1471567127478,5.0853376939489,0.0364363022165298,-0.0931256993572972,0.0487701133632967,0.0684086269829045
15.9718903225067,20.1437887147405,5.47016879755616,0.0687310480048918,-0.0726363754612609,0.0398937198100313,0.0692683774539233
15.9271048959965,20.1547126181623,3.74045436958325,-0.0825977803578072,-0.0563702641466531,0.0378123538475776,0.0672941675684733
15.8713372819104,20.2065177881072,3.32040902226296,-0.0984054908576057,-0.0177864940073552,0.0426378767715878,0.0695916639522807
15.8627611348266,20.1846695288519,4.19636533530555,-0.0493425461692004,-0.0869788085543848,0.040766399085328,0.0651305492990701
15.8156302396248,20.2085900126918,3.65582361137496,-0.0870671244995085,-0.0491865411610442,0.0399362292976981,0.0731070250008905
15.7810052182271,20.3392358463744,2.44740312403085,-0.0768572462952108,0.0639762744454325,0.042232224897532,0.0666695592372157
15.8216701860455,20.5085943079499,1.63578343237375,-0.00649413716381165,0.0997889081135654,0.0471591049821907,0.0695695534619141
15.8723127205378,20.6796009725888,1.47296938767962,0.00976709780005863,0.0995218759899756,0.040875436692323,0.071484788648899
15.818651350493,20.7766584681685,2.85403690527669,-0.095893995157679,0.0283609184036597,0.0422326251127885,0.0686965771760661
15.8114471919149,20.9279621556316,2.10956617869851,-0.0513080494205807,0.0858340495645828,0.0441038908424769,0.0654696378985449
15.9312259121533,21.0494689690942,0.551379034210564,0.0851802908079965,0.0523862392032979,0.0345984294304369,0.0691205742592516
15.9582122661195,21.2173058071146,1.71795732167469,-0.0146630407859974,0.0989191348269291,0.0416493947522554,0.0689177031934598
16.0953750421802,21.2984826150888,0.17761777561383,0.0984267389348668,0.0176685331209916,0.0387360371258207,0.0635082748532732
16.2175451192863,21.3141557734818,-0.550440963894117,0.0852293952984765,-0.0523063110633509,0.0369406818075735,0.0679794694563611
16.3590076319036,21.3602468522049,-0.193918347647698,0.0981256683638045,-0.0192705269299173,0.0433368442535009,0.0653616056530133
16.4974303158751,21.4537986830039,0.252759738993915,0.0968225962530381,0.0250076959118822,0.0416000877184697,0.0685441348870448
16.5877254380475,21.6058920122407,0.995983682469305,0.05436775536999,0.0839294178225307,0.0359273668023778,0.0681639114143486
16.67714847396,21.7643852554696,0.993452729311867,0.0545800024359227,0.0837915469131265,0.0348430334766423,0.0747016963157847
16.7973836591244,21.8882232597739,0.713946909617661,0.0755783246781038,0.0654821871874415,0.04465686048629,0.0583558171168335
16.8491330962337,22.0496331895793,1.49438235332497,0.00763396304319614,0.0997081872679226,0.0441154740660519,0.0617017425374193
16.8242719841591,22.1952740354309,2.31771512226237,-0.0679381044855681,0.0733785660728529,0.0430769924110344,0.0722622797787906
16.7708743997015,22.313308979069,2.70313693454987,-0.0905408354337231,0.042454176696333,0.0371432509761043,0.0755807669417301
16.7089443050362,22.3521020563471,3.54152189700963,-0.0921088545607373,-0.038935317020784,0.0301787598953904,0.0777283942989335
16.7737323121322,22.3287459345517,4.91853367972152,0.0204687756748984,-0.0978827319927815,0.0443192314211398,0.0745266101973421
16.8368685708278,22.3079261072423,4.94782299926971,0.0233265053158659,-0.0972413191485434,0.0398097533796768,0.0764214918391701
16.9099559923,22.2876680740325,5.02953738110257,0.0311858446281085,-0.0950128575237661,0.0419015768441131,0.0747548243139278
16.8785055030011,22.2750485696342,3.98111069608799,-0.0667821634645109,-0.0744321344783242,0.0353316741656542,0.0618126300800377
16.892365061533,22.2363063014767,4.50952460488384,-0.0201475790645733,-0.0979493494508094,0.0340071375964062,0.0592070812933265
16.8392404496591,22.2688485171855,3.47129408922582,-0.0946139049062193,-0.0323760559425771,0.0414892930323969,0.0649182716514005
16.8022354692219,22.2608220549036,3.88692258693967,-0.0734864176865483,-0.0678214303564748,0.0364814372493374,0.059794968074506
16.790359289546,22.4154561991393,2.06490799906285,-0.0474249763335537,0.0880390346366989,0.0355487966576078,0.0665951095990174
16.7297904471267,22.4486517924796,3.54967667940385,-0.0917882864176957,-0.0396851417598963,0.0312194439983706,0.0728807351002523
16.6899474580193,22.5746012967383,2.53529414520748,-0.0821762862096186,0.0569829622325379,0.0423332971022958,0.0689665420261356
16.6367425186171,22.6844857589704,2.69097495074445,-0.090017825113586,0.0435521659831041,0.0368128857113312,0.0663322962489623
16.7081369152225,22.8422008165712,1.26748807549167,0.0298679076918574,0.0954353607952036,0.0415264889136004,0.0622796968056463
16.8033139649501,23.0010806729921,1.01451469258805,0.0528032128606919,0.0849224393878819,0.0423738368669149,0.0739574170330108
16.8977123350768,23.1603230670064,1.00893065696777,0.0532765970844404,0.0846262618996148,0.0411217730422102,0.074616132114631
16.9093776276996,23.3302698996096,1.87056675357478,-0.0295300879201637,0.09554043074755,0.0411953805429839,0.0744064018556543
17.0510399464712,23.4022411488685,0.0172149985119114,0.0999851825572539,0.00172141482293291,0.041677136214318,0.0702498344359945
17.0975377612679,23.567546505677,1.50378756134304,0.00669586298657559,0.0997755752620099,0.039801951810098,0.0655297815464913
17.2078121662588,23.7006288532716,0.748255370981293,0.0732876961500013,0.0680361197675549,0.0369867088408995,0.0650462278270396
17.294251013706,23.6868442408366,-1.08334809041061,0.0468372853490226,-0.08835309106723,0.0396015620982233,0.0745684786322265
17.2559401607131,23.6961506033992,-2.42876247413373,-0.0756514034700445,-0.0653977457792893,0.0373405504771434,0.0747041083419262
17.288100664725,23.6674442748518,-1.67703013385084,-0.0106034100685666,-0.0994362494008992,0.0427639140804494,0.0707299208534629
17.4028851729245,23.6653986839595,-0.816286610595928,0.0684931526567157,-0.0728607441572198,0.0462913555428024,0.0708151532649701
17.5213998297206,23.6719748133908,-0.77847822361127,0.0711982948446194,-0.0702196753853124,0.0473163619515127,0.0767958048166015
17.6486494161319,23.66784757973,-0.835014334191641,0.0671167056704628,-0.0741306132440874,0.0601328807407633,0.0700033795832731
17.7788003885201,23.6899131401773,-0.493255761474439,0.0880795939329079,-0.047349605411387,0.0420713784553826,0.0694151658587039
17.9150323532361,23.8011822051146,0.325923002968649,0.0947355599831266,0.0320183334151456,0.0414964047327864,0.07925073152213
18.0437232420003,23.8648241888834,-0.121976724724148,0.0992570058258272,-0.0121674481503599,0.0294338829383918,0.0758094319191684
18.126319590181,23.8443697799712,-1.05749334696272,0.0491057236223507,-0.0871127310301158,0.0334906245583468,0.0666583221178776
18.0634755737078,23.880189396841,-2.81465923186726,-0.0947031597041365,-0.0321140396408304,0.0318591432309425,0.067933656510629
18.0019732081182,23.9913045968555,-3.55576686657545,-0.0915448957445655,0.040243410182496,0.0300425301549971,0.0708717898320472
17.9379114142072,24.0650221666206,-3.19481760045225,-0.0998583886871416,0.00531998203077374,0.035796594776091,0.068397587734303
17.8846919441759,24.1734966308577,-3.50574489029234,-0.0934426033960763,0.035615725046159,0.0402231333648473,0.0728587391909237
17.9087483053918,24.3486352164757,-4.67865643241543,-0.00337261510409913,0.0999431111550946,0.0274289763199569,0.0751954744629408
17.833087143377,24.437520775063,-3.17022896118823,-0.0999590008962069,0.00286323939483022,0.0242978388813917,0.086022319192498
17.8341716280227,24.4148624465007,-1.84405343897195,-0.0269869126214642,-0.0962897011479497,0.0280713972672224,0.0736313725856022
17.8117692218827,24.4067217413691,-2.23588663690133,-0.0617130196750269,-0.0786861055243538,0.039310613535033,0.0705454003927635
17.8166343315962,24.3871394385618,-2.04583858226349,-0.0457376024251316,-0.0889273395778857,0.0506027121386055,0.0693450367705601
17.7619263139088,24.4800684343884,-3.30610820255918,-0.0986497811801623,0.0163774440345892,0.0439417634927501,0.0765515517920363
17.7523319953788,24.4714339731995,-2.06369177896742,-0.0473178664415421,-0.088096648718441,0.0377235479115754,0.0794621875295611
17.7551300150396,24.450782035492,-1.88207696718741,-0.0306277982792702,-0.0951942118648205,0.0334258179400457,0.0745422741573449
17.6913615663816,24.5176888742277,-3.09666836800044,-0.0998991073983088,-0.00449091761460496,0.0361306587403334,0.0713977563502688
17.7103760516581,24.485673009605,-1.72679714137685,-0.0155368838157358,-0.0987856530134631,0.0345513690921599,0.0667697883907437
17.7547713045368,24.4634755314341,-1.56804334784538,0.000275297547209162,-0.0999996210555845,0.0441199553315634,0.077802142884746
17.8762542748951,24.4751210415282,-0.66751532592306,0.0785362192575852,-0.0619036530806098,0.0429467511006472,0.0735491631746861
17.8541253413991,24.4692277941613,-2.1795365014084,-0.0571834392376661,-0.082036908016771,0.0350545057416767,0.0761436606498584
17.7899067091281,24.529817670117,-3.01812243026228,-0.0992387230675188,-0.0123156747248501,0.0350200907965075,0.0729055506805025
17.7212481282662,24.6015476014696,-3.10996996786415,-0.0999500044538548,-0.00316174155718236,0.0312914235920161,0.0748916729097893
17.7024206848094,24.759455005806,-4.12944424360092,-0.0550484719479312,0.0834845239322704,0.0362210284910951,0.0744228804041427
17.6815191174357,24.9129499087752,-4.17974317515348,-0.0507814388564359,0.0861466509370507,0.029879871482752,0.0673482520321969
17.7844216058089,25.0642203508335,-5.39421250849776,0.0630209903497026,0.0776424804816454,0.0398814980234974,0.0736279615766371
17.7958687210961,25.2389704842714,-4.41404262236923,-0.0293940018798939,0.0955823867325189,0.0408411171670444,0.079167746705334
17.8715231269505,25.4027081236122,-5.06254507116209,0.0343044430694635,0.0939319178218668,0.0413499627850058,0.0698057215189571
17.933818172206,25.5716457759056,-4.91157524276265,0.0197871748060263,0.0980227918047418,0.0425078704494233,0.0709148604886281
17.9266154864041,25.7368973338813,-4.20178736651485,-0.0488702213706607,0.0872450655520564,0.0416675355687808,0.0780064924236825
17.8824054814319,25.7602449177784,-2.60095932334467,-0.0857382891495416,-0.0514679101354388,0.0415282841772857,0.0748154940325598
17.8769047956894,25.7359276712942,-2.0129259211546,-0.0427865251794533,-0.0903842534021718,0.0372858394370006,0.0660670069179119
17.9790709913536,25.8845433441095,0.882881150205567,0.0634927888288992,0.0772571405549598,0.0386734068352865,0.0713585322603478
18.0346727748736,25.8597334961971,-1.26584673257097,0.03002450954319,-0.0953862087866527,0.025577273976797,0.0705763608743162
18.1315559695195,25.8535675422655,-0.873317333002018,0.0642287470225737,-0.0766463831887078,0.0326544476233614,0.0704804292570813
18.2652509073698,25.9104237358975,-0.0777423628882528,0.0996979584217382,-0.00776640756961439,0.033996979428597,0.0646226012016271
18.3962328823563,25.9963589661444,0.135074604343351,0.09908912874252,0.0134664236175868,0.0318928462439558,0.0724688066293453
18.3813883477328,26.1524997685875,2.18237644053893,-0.0574161881503833,0.0818741799243192,0.042571653526899,0.0742666225187421
18.3581866633571,26.3001018990314,2.22129508862434,-0.0605583386657228,0.0795781855664454,0.0373566542899404,0.0680239448774458
18.5041584935076,26.4067022653036,0.327368980825344,0.0946891631591352,0.0321552854165949,0.0512826669914546,0.0744450808555719
18.603403188748,26.5563495524349,0.981940837985522,0.0555409637824189,0.0831576896150923,0.043703731457942,0.0664895975162842
18.6171257731406,26.7235533721357,1.8581267770155,-0.0283393129498619,0.0959003823846902,0.0420618973425029,0.0713034373160788
18.5598451142004,26.7696090403396,3.45100402043898,-0.0952512972515154,-0.0304498008516222,0.0379706383112683,0.0765054690555012
18.5055649839,26.8763993892701,2.76485050500384,-0.0929868108983506,0.036789305497038,0.0387066805979508,0.0700010434335212
18.4437201397255,26.9650385288705,2.95426616669673,-0.0982505641726694,0.0186232821960086,0.0364057199981787,0.0700158574043357
18.4280471709135,27.1254111518214,2.1603752678746,-0.0556011098619161,0.0831174866205851,0.0399281410498773,0.0772551363302796
18.4473068622852,27.2904050184725,1.78331037680747,-0.0210918057109842,0.0977503745867508,0.0403514970827175,0.0672434920644314
18.5160302220997,27.4515818475319,1.37722702986758,0.0192362749214569,0.0981323887773355,0.049487084893066,0.0630444402819954
18.6521493739345,27.4925516824965,-0.300502971603106,0.0955187730019061,-0.0296000676386107,0.0406003788328562,0.0705699026032249
18.7747130671033,27.5147155358109,-0.561955030373094,0.0846215007359351,-0.0532841591206819,0.0379421924329151,0.0754480124350749
18.9043237700081,27.6123025509921,0.261890300408736,0.0965902292382562,0.0258906858870352,0.0330204736665181,0.071696329294177
19.0238188018359,27.7316793591628,0.519626020051643,0.086800494219458,0.0496555556132226,0.0326945376083358,0.0697212525574571
19.0841345503623,27.9028827181854,1.2905567665124,0.0276585871344307,0.0960989206897097,0.0326571613919384,0.0751044383329145
19.03642769271,27.9201476282928,3.70572137548405,-0.0845054775867922,-0.0534679741324483,0.0367986199345225,0.0707328842398809
18.9736885574066,28.0105840990328,2.93068496038506,-0.0977841294212372,0.0209347565863739,0.0350449941178645,0.0695017141536312
18.9155174693205,28.1060884629236,2.82647211792882,-0.0950759028074016,0.0309931073846673,0.0369048147213,0.0645112565060657
18.8600808155387,28.1488306691503,3.4346038963894,-0.0957378460760375,-0.0288836429267666,0.0403011922942298,0.0716258491534916
18.8169224312475,28.1710882013556,3.64356929389039,-0.0876633196262855,-0.0481159265950445,0.0445049353350768,0.0703734588003648
18.7600481065185,28.2301151858573,3.24026112448978,-0.0995136214282154,-0.00985084515368232,0.0426392966991749,0.068877829655392
18.7123480725581,28.2504023446026,3.65105645590588,-0.0873006141681836,-0.048770921314426,0.0396005802078143,0.0690580800597473
18.6605305496502,28.3612182028126,2.66676973828857,-0.0889373695320241,0.0457180959875211,0.037119846624158,0.0650977622223898
18.6299676507098,28.343467259342,3.94270102429442,-0.0695911185086981,-0.0718127859416994,0.0390282195682303,0.0540618424711461
18.660345151024,28.304909374395,4.63701266176368,-0.0075304962679195,-0.0997160550059962,0.0379079965821489,0.0611581700589561
18.671048380246,28.2677450655012,4.50788331219368,-0.0203083154064665,-0.0979161494614217,0.0310115446284769,0.0607518405676259
18.7176484708921,28.2417388447321,4.86432358993371,0.0151350737597519,-0.0988480123335157,0.0314650168863153,0.072841791564457
18.7499206667001,28.2161344742554,4.6827788210366,-0.00296058326963021,-0.0999561651260371,0.0352327790776172,0.0743517946493313
18.818716112638,28.201093747473,5.0011769116192,0.028479055787028,-0.0958589765305229,0.0403163901509309,0.080818249748134
18.9319332056467,28.2043016319373,5.53350739220509,0.0731908376555185,-0.0681403058643233,0.0400262553531299,0.0713481903286173
19.0660893814537,28.2547877658027,6.13842317539301,0.098954024803442,-0.0144257053622963,0.0352021510035421,0.0649118392276513
19.2058825149404,28.3176287043372,6.19771869223107,0.0996349951504122,-0.00853626038598487,0.040158138336313,0.071377198920537
19.3302569393744,28.4063769558266,6.55676344067631,0.0962810328122424,0.0270178222773027,0.0280933916217982,0.0617304292120977
19.3800644845695,28.564983290774,7.64452830213373,0.0207925210364185,0.097814472696785,0.029015024158678,0.0607918622506389
19.41692308778,28.7226441663113,7.83857910755995,0.00154019174114577,0.0999881383435081,0.0353184114693263,0.0576727371937089
19.4058074915808,28.8729343684064,8.34695813642697,-0.0473250065441572,0.0880928133027631,0.0362094103449877,0.0621973887923559
19.5045208461186,29.0137158100008,7.14037199001784,0.0654566934900558,0.0756004052723852,0.0332566610477159,0.0651810363220378
19.5265753652081,29.1676402610367,8.00438416482617,-0.0149836131220168,0.0988710844373102,0.0370381322115279,0.0550533665986208
19.5253493489367,29.3212725677802,8.17081389748876,-0.0311558059711255,0.0950227117813925,0.0299297896996933,0.0586095949620713
19.4742169861676,29.4494378183992,8.67153102683326,-0.072947177979977,0.0684010908155533,0.0218148152108881,0.0597641598034393
19.4951598204519,29.5914287477708,8.00421243097474,-0.0149666333890227,0.0988736561729088,0.0359094676732816,0.0431172731986855
19.4713628119425,29.7205474597984,8.50982637074384,-0.0609828942652496,0.0792533065999986,0.0371858857558607,0.0498654054275747
19.4306576873088,29.7217268197246,9.99063260614568,-0.0844130701375862,-0.0536137444126686,0.0437079455038933,0.0547931043389553
19.3847249680593,29.7126315306559,10.0113252152477,-0.0832856695309023,-0.0553488685592518,0.03735295028142,0.0462535794905037
19.3368669884123,29.7114120210287,10.0292683385626,-0.0822791844596268,-0.0568342837085039,0.0344212048126593,0.0556147740813628
19.3035717335344,29.6859846124552,10.2506798779444,-0.0677894188465335,-0.0735159485584539,0.0344941639685601,0.04808853998491
19.3834459400126,29.6505962730111,11.4075519502317,0.0400422302904785,-0.0916330715045845,0.0398319761877595,0.0562447320605344
19.4486041102417,29.6092731796967,11.3463483856321,0.034362487124785,-0.0939106994894564,0.0307956831043121,0.052587606174967
19.5808356931628,29.6952404199639,12.8588137922644,0.0957542384115312,0.0288292529599302,0.036477344509624,0.0571379873073354
19.6744560923277,29.82786782616,13.4773435275404,0.0612977340541448,0.0790100487269014,0.0323226651106872,0.0536173574691716
19.7671196415782,29.9621524507473,13.4454734840452,0.0637842340915028,0.0770166961207787,0.028879315158985,0.0572679284664872
19.9048230669832,30.0184907070488,12.520542801671,0.0998950089562217,-0.00458117731990291,0.0378084164488577,0.0609194336214216
19.9118884861196,29.9786274389665,10.7593654426963,-0.0234018434069259,-0.097223215978272,0.0304672625432616,0.0573599478959466
19.9425133393912,29.937229956944,11.0057517707811,0.00101773075184243,-0.0999948209864729,0.0296071225197991,0.0585973389639705
19.9694737424409,29.8889463347797,11.0123333217202,0.00167582496619326,-0.0999859570673936,0.0252845780835074,0.0517023349031192
20.0126399922654,29.838035833042,11.1345254995773,0.0138504511447586,-0.0990361802731035,0.0293157986797219,0.048125678535385
20.0673548761423,29.7969915533202,11.2867323497633,0.02870617391201,-0.0957912082569869,0.0260087099649056,0.0547469285352307
20.0893262464117,29.7563716961382,10.8891060911816,-0.0106267165726402,-0.0994337613433424,0.0325980868420181,0.0588139041613047
20.0717697121222,29.7394856695281,10.3802460053231,-0.0577226623409088,-0.0816583997655932,0.040166128051446,0.0647723731555132
20.005078166689,29.7983434880591,9.41634670725817,-0.0999964457192665,0.000843115362083762,0.0333049002859944,0.0580147031689293
19.9401987780159,29.856499198129,9.44282809745332,-0.0999837100705734,-0.00180491565551242,0.0351043213975331,0.0599606257254308
19.869342713746,29.922943531908,9.38792538093891,-0.0999321020529355,0.00368442387378137,0.029076037782982,0.0627599099051466
19.8047857674018,29.9712805515592,9.59719357079293,-0.0985173213201985,-0.017156264158982,0.0339603749760755,0.0654932838102482
19.7641641288519,30.0917084281626,8.79652199678603,-0.0809053768595324,0.0587734633590453,0.0402837383095722,0.0616544132443195
19.735404088256,30.2294477331431,8.53330756418336,-0.0628268742925685,0.0777996392448306,0.0340668336966772,0.0599396657356692
19.6892826731079,30.3632027974997,8.77714479215595,-0.0797513941605325,0.060330051628118,0.0336299790124244,0.0734250127285208
19.7832625570767,30.5233895628723,7.24025550657666,0.0575917589120541,0.0817507755646137,0.0363881250567317,0.0784359898079572
19.8921432691447,30.6626604466391,7.04483194386555,0.0723700625263835,0.0690114052162926,0.0365106495416505,0.0702594785505468
20.0245354892256,30.7807735962377,6.76210597351742,0.0887492819833898,0.0460821543271662,0.0436429380974985,0.0720309952713905
20.1583563466999,30.8858939230945,6.5977174625176,0.0950941220836522,0.0309371612327221,0.0387267353906893,0.0741831656240564
20.284734232081,31.0134207230753,6.81202021384063,0.0863395478304543,0.0504527747545434,0.0400383375506053,0.0770740252262598
20.3508674338962,31.1854330634787,7.45584528871212,0.038770112735173,0.0921785135403147,0.0273630890800334,0.0798338268630872
20.4809722499323,31.2884656870121,6.58482225467963,0.0954851458319976,0.0297083645703048,0.0346196702041546,0.0733242589631402
20.5495689469891,31.458991424288,7.50921376954284,0.0337978211052511,0.0941153934727866,0.0347988759515481,0.0764103438031256
20.4814366880835,31.5087576245504,9.71284672348437,-0.0958794329798539,-0.0284101096700049,0.0277471740741859,0.0781763099323527
20.4369317495829,31.513120445994,10.2644310659042,-0.066772109855092,-0.0744411535744814,0.0222671713545637,0.0788039750181184
20.508802919729,31.5081365354013,11.49801646545,0.0481567319497265,-0.0876409103553939,0.0237144381963468,0.0826569997626763
20.5394100077774,31.481827303143,10.9990672438686,0.000349294920155422,-0.099999389963433,0.030257793128186,0.073690157705137
20.665410526191,31.5568260996181,12.6510978678905,0.0996412792984157,0.00846259178828278,0.0263592391152301,0.0665362046868196
20.7057155106593,31.720599523363,13.9156080743582,0.021975065143857,0.0975556072807875,0.0183299193244473,0.066217816464075
20.7785844867159,31.8784121037014,13.6143519877559,0.0499321036537848,0.0866417048811235,0.0229368724028021,0.0711708754573124
20.8253854868667,32.0574760546698,13.8798205625434,0.0254515216643077,0.0967068769269863,0.0213494784864565,0.0823570740414539
20.8735084709654,32.2253580937125,13.9315844010821,0.0204137467588356,0.0978942232374624,0.0277092373398702,0.0699878158052343
20.825867891526,32.3606624964761,15.0957891434562,-0.0818400596488096,0.0574648121608283,0.0341994802094696,0.0778395906027072
20.8199857487555,32.3424045779347,16.8829395802771,-0.0385564929881863,-0.0922680705794369,0.0326743502177003,0.0740101520380279
20.7709076473277,32.4610208207969,15.0841691969023,-0.0811668115398738,0.0584118883828507,0.0320887101119958,0.0602043544793958
20.7407691141341,32.5914922013504,14.8536831368142,-0.0656761531771156,0.0754098329387889,0.0355376199835788,0.0550615476147414
20.7616458703347,32.7479105840506,14.3421957716012,-0.020359538658617,0.097905511518036,0.0412362948591785,0.0585128711821383
20.8135585455973,32.9048226538706,13.9536501918064,0.0182488390883518,0.0983208008100394,0.0336638361742381,0.0585912690099519
20.9260931566897,33.0103141129118,13.0117024819351,0.0902467760680481,0.043075740380446,0.0222878350243896,0.0624157186607519
21.0475027328458,33.0930180334406,12.8632248219899,0.0956261405797735,0.0292513459146309,0.0257834355762654,0.0534525746141554
21.1559943970482,33.0822608550777,11.818652870479,0.073324263618435,-0.0679967084851484,0.035167400584033,0.0572395301222528
21.2184732914997,33.0439410784081,11.3254870280724,0.0323960475987158,-0.0946070615756654,0.030082846852757,0.0562872849060838
21.1637770335794,33.1442268192456,9.04401900577158,-0.0928382856198197,0.0371625177184322,0.0381420276994824,0.0631232231190708
21.1024208833195,33.1934439907538,9.57484917354506,-0.0988760433524687,-0.0149508545227597,0.0375198930926146,0.0641680260309201
21.0487165279344,33.3022179115016,9.01499795699718,-0.0917208493170859,0.0398407555218576,0.0380164939319307,0.0689331652259995
20.9833642156406,33.3813051537169,9.19915039283414,-0.0974653900721925,0.0223718067682377,0.0321130777784475,0.0567154354470176
21.0852984234113,33.5163305261007,7.07785372911388,0.0700521429053949,0.0713631366628607,0.0318820648652576,0.0636622357209049
21.1459102589995,33.4801623493361,5.01032688391507,0.0293549583744495,-0.0955943848708403,0.0312568772137389,0.0594262081062951
21.2696553080189,33.4873827732628,5.73382124371915,0.0852856745557774,-0.0522144971781403,0.0384593744637129,0.0594349211048595
21.2556555665171,33.4692975726068,4.1729527972924,-0.0513652319303075,-0.0857998423585132,0.0373654904285097,0.0677146417024801
21.2578166642485,33.4375193660505,4.41939605933153,-0.0288818888373776,-0.0957383752587507,0.0310429865687603,0.0639601687024296
21.3306849565917,33.411241018046,5.16825374343795,0.044023893234012,-0.0897880661587068,0.0288443991091363,0.0635097181542363
21.3754179747675,33.3811536271245,4.91437633281653,0.0200616674880727,-0.0979669816703465,0.0246713506877754,0.0678795907488023
21.4383940785258,33.348999982129,5.08986279054756,0.0368573305204773,-0.0929598686902273,0.026118773237819,0.0608062236947831
21.5489520645797,33.3456547375202,5.59487627094855,0.0772321273162743,-0.0635232123731381,0.0333258587376051,0.0601779677643108
21.6772053125223,33.3782002758949,6.05191074731775,0.0973375033221344,-0.0229218334130034,0.03091574462049,0.0554673717877563
21.7889867742526,33.3684535664262,5.5894897422901,0.0768888389365596,-0.0639383018775742,0.0348926227937412,0.0541915924088272
21.9126062032562,33.4019303959448,5.98739577439291,0.0956572295483752,-0.0291495186088801,0.0279621994552208,0.0626263481274734
22.0170935736886,33.3916633317228,5.52130464954148,0.0723539104300712,-0.0690283394373444,0.0321334600023562,0.0587612752153319
22.1151288994699,33.3796312192298,5.46623871124824,0.0684450507203901,-0.0729059327619037,0.0295902750609152,0.0608738202689096
22.1955223179033,33.3535362613889,5.1864423185949,0.0456496382939047,-0.0889725267913397,0.0347437801394612,0.0628775689504337
22.1321385033272,33.4142780104744,3.15190444958157,-0.0999946833902824,-0.00103116132451476,0.0366108688141367,0.0617729104099993
22.1405211644701,33.3781796343636,4.49100828203904,-0.0219576834638005,-0.0975595209956647,0.0303403446067598,0.0614611448848592
22.0930254062271,33.3803121493412,3.78556001019818,-0.0799720164366265,-0.0600372933022462,0.0324762581935829,0.0621698082798758
22.0934768472273,33.361804068699,4.30190238176452,-0.0399055550502719,-0.0916926751498162,0.0403569960504662,0.0731845945076373
22.1720342341333,33.3359734623488,5.09465462829693,0.0373023542708957,-0.0927821877617067,0.0412550326351138,0.0669515814114519
22.1185813528396,33.4305407335386,2.94955845688942,-0.0981618027496659,0.0190856092628893,0.0447089214559462,0.0754816619269434
22.0906871131048,33.5694258890814,2.45475905257798,-0.0773257676033984,0.0634091922716669,0.0494315278686486,0.075475963271181
22.0521040054245,33.7101511785221,2.4408475191094,-0.0764361946187379,0.0644787418627755,0.037853086938437,0.0762465475779308
22.0598049102704,33.8773438968411,1.89883526593258,-0.0322187159874403,0.0946675992096591,0.0399196208332704,0.0725251191092795
22.0930639321603,34.0481240655735,1.62212589249409,-0.0051307028792519,0.0998682927057674,0.0383897247692246,0.070911876026635
22.0923195987662,34.2071839764501,1.90144490261369,-0.0324656540384979,0.0945831978094025,0.0317213206444116,0.0644767130671866
22.210303241113,34.2250571386424,-0.57061775408808,0.084156745463614,-0.0540152033502836,0.0338268968831024,0.0718883655426268
22.3426571697571,34.2711869318599,-0.317487234337328,0.0950022852572288,-0.0312180363877059,0.0373516433869661,0.0773478296052232
22.4722161709489,34.3922464219669,0.500389951986421,0.087739554223027,0.0479767717207452,0.0418194469686739,0.0730827183862317
22.4142518192501,34.5045883452554,2.67225655590782,-0.0891868763941294,0.0452294271360836,0.0312225246953659,0.0671124961524256
22.4476445518294,34.6697421697614,1.64159169350865,-0.00707362439915462,0.0997495054517048,0.0404663569784489,0.0654043190543021
22.5218349326062,34.8274301880012,1.15186630740936,0.0406783232366586,0.0913524713330401,0.0335120575401646,0.0663355469067213
22.5152535031546,34.9915086933426,2.05692117181892,-0.0467203186512039,0.0884149977386754,0.0401388891995573,0.0756635076027763
22.6355251397598,35.1116049360646,0.464443773646779,0.0894070851904688,0.0447925564993142,0.0308645514148012,0.0753036862226324
22.5821638110609,35.2427934525096,2.5228196987343,-0.0814590800152331,0.0580036057764675,0.0280977513162988,0.0731849106685729
22.5181029225445,35.351415519476,2.88512465977909,-0.0967291958463087,0.025366566005797,0.0326683073299421,0.0832555009606182
22.5886459919094,35.5160535226933,1.19540484496019,0.0366636777840679,0.0930364161570406,0.033879391580836,0.0716015870602433
22.6690956401929,35.6703270596687,1.07827176441169,0.0472851890403032,0.0881141923723006,0.0331644592431815,0.0661593446031006
22.7646078071733,35.8202355526865,0.988090741959682,0.0550285048873374,0.0834976864940837,0.0404836620930382,0.0664108065237343
22.71019828621,35.931669830686,2.65057295535288,-0.08818525035869,0.0471525356600806,0.0337757293953693,0.0642817423393609
22.6688233092886,36.0639444734612,2.45019797999427,-0.0770357503603533,0.0637612199257302,0.0356607734389662,0.0685134228494917
22.6213270329696,36.1882289372071,2.55507639467966,-0.083287385060525,0.0553462870460146,0.0357911087415381,0.068938176699902
22.5605689125232,36.2543143884441,3.20522153826632,-0.0997976365402125,-0.00635859583458819,0.0390395160938155,0.0724440470715564
22.4960203194847,36.3494133481354,2.91819128298434,-0.0975149525706228,0.0221547743195274,0.0329663595321499,0.0729441853718313
22.4398625737461,36.4766164884722,2.60166452162842,-0.0857745629094063,0.051407434848476,0.0296168171707976,0.0757957054883036
22.3928722075891,36.6266695006989,2.33512401962201,-0.0692051851554347,0.0721847791961851,0.0222148189984246,0.0778682330305216
22.3220489773896,36.6803979018479,3.3083770048478,-0.0986123701315513,-0.0166012185407556,0.0277891399320431,0.0703296196897085
22.2531056253669,36.75377705515,3.09078474021049,-0.099870955560569,0.00507860565695552,0.0309276035379185,0.0683005476451441
22.2414953294733,36.9113303188667,1.95912747079904,-0.0378644346381963,0.0925542251306215,0.0262541387445054,0.0649990385861159
22.1686172856787,37.0060350506595,2.89844852461038,-0.0970585807267489,0.0240755458361627,0.0241805369322066,0.070629185956598
22.0929155062599,37.0627210826056,3.29556246764936,-0.0988170046673971,-0.0153362181962703,0.0231152252485884,0.0720222501424104
22.0138422114446,37.1015108112868,3.42429157164796,-0.0960306077727845,-0.0278948448783932,0.0169573129574694,0.0666845735595842
21.9363645627699,37.1342145932007,3.40865080181376,-0.0964551409114112,-0.0263895015443607,0.0189774922367576,0.0590932834582674
21.9219830722833,37.2940427714586,1.96803711405408,-0.0386875459934029,0.092213197455724,0.0243060555067522,0.0676149808021762
21.8626151925277,37.3829163822482,2.87419845485724,-0.0964462672598257,0.0264219138528281,0.0370783875042555,0.0624516969367335
21.800029879719,37.4230139760469,3.36179502367464,-0.0975853266200287,-0.021842711106049,0.0350000138112883,0.0619403049047094
21.7532333836906,37.4165330796428,3.87705560515037,-0.0741520224547089,-0.0670930515469102,0.0273555264263123,0.0606121551428345
21.8059798966345,37.3806807664091,4.91347454113233,0.0199733135332932,-0.097985033278051,0.0327731994106166,0.0621327200444242
21.7602282143396,37.3793346225778,3.79217246363482,-0.0795732771597958,-0.0605647881367575,0.0338215948649072,0.0592186443053819
21.6953813751224,37.4178823849775,3.34327201422705,-0.0979731558526985,-0.020031493510541,0.03312631663551,0.0585792559103027
21.6208527124684,37.5059379000921,3.02401985941113,-0.0993096277255709,0.0117302106122831,0.0247809650715922,0.0763253045022978
21.5902692499936,37.4952428118075,3.98187367273152,-0.0667253540518239,-0.0744830660395955,0.0361418915770315,0.0637879777549486
21.5193347940563,37.570483123536,3.04259194830566,-0.0995103431466616,0.00988390645613688,0.0285758872092963,0.0653564052723752
21.4509190303193,37.6236745239992,3.26708091909968,-0.099213667458793,-0.0125159174404449,0.0307979037218047,0.0657073179037013
21.40401881035,37.6369682565758,3.7320613087389,-0.083067984639863,-0.0556750386427479,0.03616776467058,0.0689687712193461
21.3440791197239,37.7245276960778,3.02553076382349,-0.0993272375922161,0.0115801499256037,0.0393875469661396,0.0759792895763738
21.3027104287521,37.860699527053,2.48490288591128,-0.0792017458790587,0.0610498439777614,0.0378330549072281,0.075121986997388
21.268417295823,37.9992026424038,2.35580497467719,-0.0706831298489423,0.070738215659978,0.0363899969198194,0.0677648996908928
21.2326369408039,38.1301393344887,2.37905981225819,-0.0723088758882577,0.0690755127941627,0.0365285208692328,0.0618611792906876
21.2054207196022,38.2655215024383,2.35463925442837,-0.0706006208714806,0.0708205643338251,0.0433843996697796,0.0645616036158287
21.1377994699256,38.3283352866479,3.13234156533953,-0.0999957208988275,0.000925095629540964,0.0323744712221909,0.0618886885800336
21.0978915487832,38.3123111573141,3.97284401074844,-0.0673951816216303,-0.0738775303741771,0.02748726047923,0.0578534010404113
21.0728172894116,38.2913882813285,4.14966622369306,-0.0533491095645892,-0.0845805681505242,0.028274850193025,0.0636576921648242
21.0556118901131,38.2655903031322,4.20735794657797,-0.0483834600086463,-0.0875159459618173,0.0311780607101042,0.0617179677655457
20.9851619977958,38.3008257181334,3.42708015455643,-0.0959524474098301,-0.0281625253850537,0.0255025550925509,0.0633979403863094
20.9359288748435,38.3006669264717,3.74488315376986,-0.0823473193990249,-0.0567355178683951,0.0331141964466504,0.0565767262066501
20.9547714923796,38.258094733327,4.47873879392454,-0.023153006076588,-0.0972827749892933,0.0419956236127099,0.0547105818446099
20.953058604144,38.2220841650991,4.32496860725289,-0.0377801232531477,-0.0925886725629921,0.0360672350175406,0.0565781043351308
20.9458115469682,38.2053234615583,4.19200038971253,-0.0497217326758467,-0.0867626031174241,0.0424746755000278,0.0700018995766101
20.9124828632157,38.211280076912,3.75936106010048,-0.081517306330726,-0.0579217469400103,0.0481886225783192,0.0638783622936714
20.8562390616886,38.2860271059101,3.09166508604575,-0.0998753877888988,0.00499068272053825,0.0436315862617214,0.0697563462775932
20.8367959123258,38.427143559809,2.29936025215117,-0.0665798821661189,0.074613130819888,0.0471367328033594,0.0665033230789476
20.9537525562328,38.5596980496822,0.725650851503384,0.0748067660761786,0.0663622464148396,0.0421498778308163,0.0661922434583531
21.0398289808799,38.7181006877996,1.24409607758162,0.0320919565946364,0.0947106452407963,0.0539844680524943,0.0636919928766702
21.0293361360588,38.8686924994415,2.10809251272806,-0.0511815030357999,0.0859095672611404,0.0406886582146484,0.0646822443807622
21.0281811481774,39.0216905062149,1.9858391904176,-0.040322915521592,0.0915099037472915,0.0391679276402144,0.061488103026079
20.9713045367502,39.0756391409247,3.2206892686017,-0.099687349328054,-0.0079014165784706,0.0428107379008829,0.061850051288225
20.9082361031948,39.1310097840829,3.15220031202725,-0.0999943739318789,-0.0010607459505346,0.0369259403764879,0.0564313891087664
20.8482243222693,39.2222221161023,2.91992963537661,-0.0975533180174936,0.0219852255794149,0.0375415370919221,0.0692271064400245
20.794724186164,39.3444062454364,2.60445968337507,-0.0859179197426037,0.0511674805623993,0.0324177836372819,0.0710166487717103
20.7385666990094,39.3745150745079,3.54997047519889,-0.0917766231286914,-0.0397121070593609,0.0356191359741054,0.0698209361308528
20.7025072439063,39.3794996406816,3.87864301674776,-0.074045424784393,-0.0672106767448357,0.0379859696813512,0.0721952429184682
20.6472866120322,39.3962066218396,3.66944231087801,-0.0863892144814956,-0.0503676842952915,0.0311685826073891,0.0670746654533545
20.6207776336573,39.3931232303283,3.99755002968149,-0.065549580095982,-0.0755198818142643,0.0390406017210445,0.0724364903029908
20.6973547684616,39.3668796740529,5.07572896547763,0.0355398144007063,-0.0934715014983891,0.0410373204036496,0.0672279452229176
20.8265221846763,39.4119332803315,5.97187580847367,0.0951933279585802,-0.0306305454109162,0.0339740882561088,0.0756841516895506
20.9144287932061,39.3994803986813,5.26419915635619,0.0524229591138752,-0.0851576969964839,0.035483649415859,0.0727048153462277
20.9712417063671,39.3668364397345,4.86459329331279,0.0151617328519085,-0.0988439267579317,0.0416511803091772,0.0661999678111869
21.0850648696407,39.380126263482,5.70589276954766,0.0837943336506959,-0.0545757239808677,0.0300288296228217,0.0678655477283101
21.1315178728371,39.3506548755768,4.83765979301043,0.0124943428465673,-0.09921638673542,0.0339586603498319,0.0697449988303092
21.2365849795772,39.3477042796262,5.50024169951097,0.070884028234149,-0.0705369019825819,0.0341830785059436,0.0675863060319202
21.2445231332389,39.5155716803097,8.09595261573974,-0.0239616652914154,0.0970867580901854,0.0318998189531605,0.0707806425932986
21.322398923898,39.6711216360764,7.26326691880248,0.0556954766673065,0.0830542827240204,0.022180313991818,0.0724956730426811
21.3741772325494,39.6505378954642,4.94411022667427,0.0229653104664196,-0.0973272547397745,0.0288129981849359,0.0767435141275854
21.4829685824661,39.6566750304776,5.61880869856852,0.0787301301548772,-0.0616568455712429,0.0300612197618726,0.0677939805847103
21.5906169167096,39.6615324883298,5.67622763510988,0.0821387072601701,-0.0570371174729937,0.0255096269832649,0.0618945753251907
21.7026555708282,39.6775479104075,5.73776018258672,0.0854906821233539,-0.0518781579287821,0.0265479719952779,0.0678935800064551
21.7988458240738,39.8140300779584,7.10804264062571,0.0678661754118647,0.0734450967387614,0.0283240778337515,0.0630370708121717
21.7809786072095,39.979789611214,8.32382390338405,-0.0452745652153476,0.0891639711125589,0.0274073483510584,0.0765955621429839
21.8339338491319,40.1480635841916,7.63662503329744,0.0215649176982474,0.0976470907127694,0.0313903242241267,0.0706268822648894
21.9707027530191,40.2497693686329,6.6641207709278,0.0928317246640847,0.0371789039092275,0.0439371792231285,0.064526880532064
22.0935880990147,40.2640715645838,5.75942886724659,0.0865946560853568,-0.0500136535104043,0.0362906899101922,0.0643158494612805
22.1941704195486,40.2595885048097,5.51774338590491,0.0721076240172431,-0.0692855725139651,0.0284746965166534,0.0648025127398526
22.1985294436098,40.2314877642769,4.42504581642181,-0.0283405322003173,-0.0959000220782184,0.0326995562615835,0.0677992815454189
22.1567605292233,40.240125178141,3.72665257582895,-0.0833678995366813,-0.0552249339233811,0.0415989851501308,0.0638623477875058
22.1158216172596,40.3706704672082,2.37161514013042,-0.071792632310276,0.0696119095123924,0.0308537203465846,0.0609333795548039
22.0537511142859,40.4625479903014,2.82111232753494,-0.0949084214072673,0.0315022466814762,0.0328379184335965,0.0603752764116692
22.0123049981954,40.4767503513514,3.61328974313153,-0.0890798416077389,-0.0454398703688748,0.0476337255172474,0.0596422314188771
22.006136039851,40.4455574846389,4.15294717792242,-0.0530713179473959,-0.084755148583,0.0469023596029672,0.0535622818705619
22.0843170157976,40.4135303811278,5.05348259618096,0.0334517903905019,-0.0942389395084109,0.044729185556136,0.0622118359972887
22.0281838027382,40.4570059099167,3.39370560689798,-0.0968387506196781,-0.0249450672161812,0.0407055375602283,0.0684205960050477
22.037843479105,40.4224446460293,4.36862774840389,-0.0337030643882425,-0.0941493677665548,0.0433627407550325,0.0595881038792072
21.9846834618739,40.4711273748192,3.24953449666224,-0.0994179933564334,-0.0107732352141854,0.0462579761253572,0.0594559640040657
21.9925667057827,40.6281737507944,1.89939776396009,-0.0322719612253919,0.0946494612698181,0.0401552051341554,0.0623969147053316
21.9524213485751,40.6252550382152,3.7879022390766,-0.0798311761184625,-0.0602244412140372,0.0396858189108862,0.0573057286348657
21.9071165726895,40.7282837358692,2.61920271204484,-0.0866629187911283,0.0498952753935911,0.0413581429055441,0.0531334222604301
21.8928760904341,40.8602701193441,2.22368332410567,-0.0607482172290991,0.079433331187142,0.0465077349736767,0.0525530522877915
21.8860393812032,40.9989461658817,2.08010542866987,-0.0487574152873611,0.0873081580065449,0.041920706056505,0.0513678885309901
21.8335415805905,41.1004975345966,2.62467617448436,-0.0869347191883848,0.0494201841319585,0.0344369185756648,0.0521311845830041
21.7915303072796,41.2217960607824,2.39814823512209,-0.0736141652988628,0.0676827501461909,0.0316028919879976,0.0536157760396136
21.7646543511331,41.3535460889804,2.21665971477971,-0.060188814748746,0.0798580401659165,0.0333128586022404,0.051891988032061
21.701600537231,41.3829112050233,3.35675518537857,-0.0976941705563674,-0.021350621520307,0.0346403566542826,0.0507157375631451
21.6310856437005,41.4258839078439,3.11738238550674,-0.0999706945774255,0.00242079030630598,0.0294558010468471,0.0405519125143528
21.6694307428606,41.3811139683946,4.7607335148434,0.00483257048998538,-0.0998831630579415,0.0335125286701405,0.0551132236086289
21.6214939821964,41.3928835502148,3.67183672918735,-0.0862683656463688,-0.0505743916296026,0.0383316049821438,0.062343973449785
21.5831247439837,41.3885953975425,3.77234191061527,-0.0807585860696849,-0.0589750012804179,0.0423893478570427,0.054686848608128
21.5563524166051,41.5130378721735,2.33011719499617,-0.0688429027092468,0.0725303712010712,0.0420705753306692,0.0519121034299843
21.5148877929677,41.6043101450399,2.70148999340073,-0.0904707931426388,0.0426032344798123,0.04900616950518,0.0486690383865849
21.4986397078363,41.5752590827122,4.03178076270134,-0.0629265841162638,-0.0777190131914886,0.0466784989848321,0.048667950863738
21.4964500898359,41.5362561268568,4.26670164942366,-0.0431078170828864,-0.0902314585183483,0.0409181990825722,0.0512285026629726
21.5528476124595,41.4944541078228,4.96822842417352,0.0253057618607864,-0.0967451208932273,0.0310917607627523,0.0549431018592443
21.6745437121512,41.5753936355897,6.63366272503279,0.0939208900263916,0.0343346241664367,0.0277752096652968,0.0466049036004748
21.7768379846502,41.6779550299657,6.97202340377648,0.0771985088950393,0.063564063938538,0.0250957636040461,0.0389973304373967
21.8168637861532,41.6225338377392,4.94400015525208,0.0229545973779736,-0.0973297819745587,0.0170712041249885,0.0419085897480898
21.9409065167722,41.6332242678086,5.95404056350558,0.0946319137346885,-0.0323233801281747,0.0294108168842619,0.0430138101975714
22.0682635494309,41.7248912888689,6.74936274976712,0.089329295404098,0.0449474913939298,0.0380277372546018,0.0467195296663689
22.0751931402141,41.875206956796,8.17449683914211,-0.031505556983847,0.0949073225791223,0.038435147767121,0.055408345347999
22.1563735742023,42.0217562901267,7.47882983935123,0.0366413770919652,0.0930452012991772,0.0445390568961948,0.0535041320314846
22.1767883821716,42.1741507889006,8.06813908329771,-0.0212524200549274,0.0977155803432028,0.0416672280242345,0.0546789184307386
22.2885086547139,42.2989378217763,7.08755297664974,0.0693566899646438,0.0720392223524677,0.0423635825776714,0.0527478105232433
22.424653788941,42.3980218538811,6.71897944176012,0.0906535099803529,0.0422130445270423,0.0454916242466936,0.0568709875776889
22.5141639663148,42.5453559989855,7.42572794207871,0.0415282833338102,0.0909692348178591,0.047981894040074,0.0563649102865682
22.6521540646153,42.6440127209599,6.80573620729223,0.0866548865964847,0.0499092238864759,0.0513352117039929,0.0487474980879696
22.7926415918921,42.7433500568711,6.76811730344945,0.0884706650970373,0.0466148197174232,0.0520168621797588,0.0527225161936755
22.8543773558883,42.6996613900518,4.93571243758224,0.0221471765300142,-0.0975166784286072,0.0395885874661559,0.0538280116093475
22.9316751609437,42.658445301424,5.09663663613633,0.0374861759055735,-0.0927080720108902,0.039811629149785,0.0514919833831229
22.9305107761634,42.6264286097148,4.22181004027385,-0.0471136627155359,-0.0882060246555003,0.0459492779353106,0.0561893329462535
22.9804058793793,42.5797936052439,4.68074351056783,-0.00316401882638006,-0.099949932390504,0.0530591220422707,0.0533149279196437
22.9432142194553,42.5855308841626,3.71837471994689,-0.0838221820712789,-0.0545329422717074,0.0466305221472538,0.0602702211903434
22.8955522499874,42.6821457046753,2.87544797351755,-0.0964792066350167,0.026301381847305,0.0488172371671425,0.0703134386654796
22.9535120563836,42.8554323831213,1.52314068788304,0.00476376028247809,0.0998864684928398,0.0531960461136798,0.0734002099531637
23.105548103031,42.9387061981299,0.122926094521381,0.0992454096894633,0.0122616742564211,0.0527906369579725,0.0710121407521243
23.1994322558312,43.0960802364523,1.05728724695279,0.0491236765140171,0.0871026084899081,0.0447604762861786,0.0702714298325091
23.2946468655015,43.2513859012949,1.04417529834969,0.0502615060256274,0.0864510324521102,0.0449531036447084,0.0688546323905115
23.3346603846071,43.420913100416,1.6412916226351,-0.00704369215990299,0.0997516235494767,0.0470572112654537,0.0697755755715903
23.3361794755238,43.5779269242544,2.13294885140056,-0.0533008703397734,0.0846109757716023,0.0548199612565128,0.0724028480667585
23.2877701916319,43.6612110601428,3.00144146567759,-0.099019488766348,0.013969282173794,0.0506102048744168,0.0693148537146229
23.2801958213068,43.8031095952756,2.22892180136732,-0.0611634915116501,0.0791140145998439,0.0535891211865085,0.0627845205329578
23.2660015282699,43.9445126304342,2.27221980954915,-0.0645305773843277,0.076392437992548,0.050336284347452,0.0650105971660295
23.2384608138793,44.0726309833063,2.4805237408455,-0.0789336411892925,0.0613960934310973,0.0513929267987443,0.0667222594410219
23.2296290291693,44.2260841572999,2.19291847124568,-0.0582761018546762,0.0812643584397453,0.0494443171446157,0.0721888155539006
23.2655081028266,44.3987866987226,1.64256355745315,-0.00717056399113554,0.0997425837446024,0.0430496376484193,0.0729599576780657
23.3191506117478,44.5741852411686,1.40092363401823,0.0169056875636318,0.098560629705785,0.0367368213576071,0.0768379127401815
23.3142296539249,44.7344600883269,2.19920883193154,-0.0587861276598694,0.080896175402534,0.0538651698369534,0.0793786717557623
23.3349730995605,44.8940275200796,1.89212316274747,-0.0315825763030559,0.0948817204421466,0.0523260219387041,0.0646857113106094
23.3505721823261,45.0596038504532,1.85396298067711,-0.0279397587808428,0.0960175498503701,0.0435388415463578,0.0695587805232023
23.3704486263599,45.2249330869205,1.77045528883967,-0.0198335079346547,0.0980134274628022,0.03970995196849,0.0673158090044623
23.3137507663123,45.2562445516387,3.4803713789226,-0.0943161241699798,-0.0332335481336699,0.0376182641223721,0.0645450128518732
23.2601870321519,45.2757200593316,3.63526826998921,-0.0880597062052101,-0.0473865818882527,0.0344959720448088,0.0668620895812424
23.2603377156111,45.2501966884098,4.32775398786034,-0.0375220823380708,-0.0926935452823714,0.0376727657972893,0.0671701743604771
23.211684881959,45.3686558005472,2.55544386971739,-0.0833077178155107,0.0553156772748128,0.0346548841634302,0.0631434348626385
23.1867632835723,45.5282532425315,2.14735834279206,-0.0545144958502191,0.0838341800353319,0.029592897463484,0.075763261948957
23.1678149516593,45.6881632687148,2.07551296503358,-0.0483559429923353,0.0875311531817217,0.0294076110793853,0.0723788730015684
23.1939187345587,45.8610626174573,1.62494645034196,-0.00541236639374597,0.0998534240275207,0.0315161492931608,0.0730459247149611
23.3407724110051,45.9217540536925,-0.121161763038517,0.0992668888673929,-0.012086553461954,0.047586787578922,0.0727779896972294
23.4881206447098,45.9929060360142,-0.0584893866543949,0.0998289983406215,-0.00584560435782194,0.0475192353640992,0.0769975866794681
23.558499454047,46.1701509892681,1.32863738023612,0.0239799137604535,0.0970822524256685,0.0463988955767398,0.0801627008282395
23.6412612387508,46.3398153708539,1.15837628591555,0.0400827628453822,0.0916153487286975,0.0426790218584081,0.0780490328571446
23.7363011641037,46.4982112715222,0.968112554270691,0.0566855450327001,0.0823817272478899,0.0383543803202322,0.0760141734203543
23.771423719707,46.6809239612301,1.64755720467849,-0.00766855179339939,0.0997055330129274,0.0427911073967522,0.0830071566949613
23.7627114266269,46.8459696827028,2.17001664700205,-0.056399880433574,0.0825775604330774,0.0476875873534688,0.082468161039678
23.7152266784278,46.9499242404159,2.93131430467999,-0.0977972852251043,0.0208732125605908,0.0503125370259312,0.0830813451524364
23.6715615440481,47.0757026298532,2.71795336220006,-0.0911598937812115,0.0411080742166091,0.0474947594015447,0.0846703152207411
23.6600623642921,47.2362432421855,2.26308494054753,-0.06383005979062,0.0769787208722377,0.0523308800345816,0.0835618914600573
23.7314827049268,47.4180035089405,1.42346719845146,0.0146796721954237,0.0989166680809403,0.056740668439339,0.0828435986740885
23.7389197728577,47.576030592635,2.04568642897109,-0.0457240713082561,0.0889342976752924,0.0531611392390943,0.0690927860191977
23.815486568714,47.7432534499141,1.30031594606404,0.0267194382862376,0.0963642652525714,0.0498473575700764,0.0708585920264824
23.787040771423,47.8765175249736,2.45991664707283,-0.0776517765938446,0.0630095357213466,0.0492059793028439,0.0702545393381371
23.7713578314185,48.01056618593,2.37019685276078,-0.071693830444508,0.0697136620483685,0.0560108904400742,0.064334998908059
23.726226223004,48.1104638358082,2.88626025388201,-0.0967579395931652,0.0252567045689932,0.0516263311785856,0.0746409453091985
23.7070812825675,48.1164209788296,3.83745491656764,-0.0767501235681468,-0.0641047465658682,0.0576051831316668,0.0700618895872509
23.8670537686568,48.1907018591246,6.31816173235267,0.0999388387196263,0.00349692942058009,0.0600336473696466,0.0707839508744144
24.0280237861142,48.2572869230535,6.21184728290244,0.0997456522091337,-0.00712775317856521,0.0612243652483393,0.0737128171074914
24.0882003948005,48.4186795975595,7.79652603113871,0.00574239964946574,0.0998349880866714,0.0544342090368275,0.0615576864193343
24.0726339169035,48.544170159999,8.70284253071791,-0.0750528128937881,0.0660838503473431,0.0594863349967234,0.0594067120921835
24.1056425358325,48.6997786154958,8.15153002662701,-0.029317721095773,0.0956058116944282,0.0623263400248284,0.0600026438023988
24.1627863950781,48.667093606364,4.68588581077075,-0.00265000670056805,-0.0999648811557686,0.0597938659461583,0.0672798720239101
24.2065633539183,48.6443091279459,4.58957988893068,-0.0122500621551619,-0.0992468436636384,0.0560270209953657,0.0764623652455327
24.1744782860755,48.772968567418,2.55344360886365,-0.0831969054465976,0.0554822036702752,0.0511118376038304,0.0731772358018645
24.1788748224185,48.9348236200176,2.02112034385951,-0.0435257271500191,0.0900306118831928,0.0479222634929961,0.0718244407163766
24.194157719379,49.0933758013945,1.87473149904928,-0.0299277322456124,0.0954166172248573,0.0452106292060641,0.0631355641520273
24.209653160257,49.2553993903054,1.91976411944471,-0.0341927997538303,0.0939726153993516,0.0496882406319017,0.0680509735116033
24.2507742325547,49.423388562127,1.65673567522639,-0.00858336022868536,0.0996309486413967,0.0497044325263438,0.0683582231801907
24.3406692230999,49.5894214594706,1.19888344764189,0.0363398198826006,0.0931633913664597,0.0535551706626158,0.0728695059771525
24.361123498181,49.7569916305589,1.94998830362869,-0.0370169965868206,0.0928964044712782,0.0574712716678611,0.0746737666169963
24.400470781264,49.9317484610169,1.72151266091305,-0.0150146384530255,0.0988663776626054,0.0543619215360884,0.075890452795413
24.4215281363246,50.1054566216143,1.80757166185832,-0.0234569156476452,0.0972099434641295,0.044514270708202,0.0764982171332846
24.4285216703418,50.2698286278065,1.94995641680047,-0.037014034396311,0.0928975847786621,0.0440075684135017,0.071474421413555
24.3833280364935,50.3093557606841,3.46676800408247,-0.0947594720893101,-0.0319474951968894,0.0495658382409907,0.0714746280744833
24.3407857186733,50.4354116742298,2.59897449238465,-0.0856359652298794,0.0516379846541952,0.0430936474097408,0.0744179288914566
24.3785985158052,50.6125796773387,1.65274292881375,-0.00818549175489173,0.0996644255726716,0.0459982888868069,0.0775035775361914
24.3255996293422,50.6666880974961,3.4009283436603,-0.0966560546047601,-0.0256438512755325,0.0436571681417135,0.0797522714330015
24.260940564202,50.7413013484604,3.16673844329053,-0.0999683861288848,-0.00251431397923734,0.0353093209886559,0.0771275649435026
24.306475107766,50.7146911204614,4.71142707698565,-9.61903250707372e-05,-0.0999999537370961,0.0456307338891548,0.0733897257381031
24.4497788632761,50.7727695645713,6.20954119599089,0.0997289497799796,-0.00735775616491209,0.0435748057301311,0.0654362002748528
24.5508530236972,50.9182696242057,7.281612871315,0.0541624796515074,0.0840620354143298,0.0469116807695791,0.061438024220017
24.614465354545,51.0861930065427,7.6871667082879,0.0166042335498629,0.0986118625126897,0.0470080972979154,0.0693115198243461
24.7204430584284,51.2367367603256,7.26601977689667,0.0554666292652611,0.0832072895721888,0.0505110746181749,0.067336464210662
24.6809073616258,51.3513926591168,8.90161370230903,-0.0866242580591555,0.049962364993071,0.0470885612565333,0.0646935337981773
24.6466749401295,51.3507611517674,10.1820285198464,-0.0726727417498221,-0.0686925949907532,0.0384403202535211,0.0680610876413041
24.639377221996,51.3386588171163,10.4325687633632,-0.0533730240680462,-0.0845654793744573,0.0460753059345187,0.0724631447233932
24.5955271902827,51.355524807964,10.0105707093495,-0.0833274068683318,-0.0552860132818373,0.0394773751550446,0.0721520041294994
24.5482231545087,51.4659708637655,9.02500447103725,-0.0921149177626768,0.0389209702548035,0.0448108819887025,0.0715250855467104
24.5333243025765,51.4531643904839,10.3129175767237,-0.0630856588414963,-0.0775899455376426,0.0481868069092997,0.0647834722560887
24.4861906211019,51.485994174921,9.70610258804371,-0.0960688527036529,-0.0277628445985609,0.04893517122904,0.060592629035682
24.549480236183,51.6495908271929,7.72385526518318,0.0129759444062306,0.0991545504087756,0.0503136706748357,0.0644421018630794
24.532031696045,51.77592527847,8.63518175053265,-0.0704132091644507,0.0710069008981755,0.0529646690264975,0.055327550378891
24.4814823426866,51.8675789360712,9.13229141890183,-0.0957529881708628,0.0288334052160095,0.0452036348124381,0.0628202523852508
24.4919064330466,51.8460624873575,10.6786579178342,-0.0311637978616282,-0.095020091048365,0.0415878882216454,0.0735036423346358
24.4285780254046,51.8894231819969,9.62196413328252,-0.0980621718430021,-0.0195910809664382,0.0347337642009826,0.0629517756058888
24.3647823276217,51.920901234447,9.75633953373528,-0.0945535173434429,-0.0325519946851686,0.0307578195604847,0.0640300471351765
24.2964524488641,52.0058420508622,9.22203304260993,-0.0979517555281629,0.0201358781519705,0.02962187677063,0.0648049382632507
24.2862039333228,52.1689167897013,8.28107454337449,-0.0414226598841604,0.0910173788247122,0.0311741443428524,0.0720573600144192
24.2916762755969,52.3347199869195,8.21422771510021,-0.035250452915056,0.0935810107301873,0.0407227951891258,0.0722221864879842
24.2530672786511,52.4675827852874,8.77721560759277,-0.079755666259519,0.0603244038470355,0.0411466693137577,0.0725383945208691
24.3062375949916,52.6396164692901,7.6725406886054,0.0180447052086633,0.0983584699653896,0.0351256111318499,0.073675214037344
24.4206075407311,52.7696087935106,7.0344972421694,0.0730793973709039,0.0682598101367527,0.0412905483685293,0.0617325140837792
24.5241268912912,52.9168472290651,7.18502063177208,0.0620171263016268,0.0784466445763493,0.0415022242584655,0.0687917909781177
24.6079110376586,52.8928908709957,5.19209539531007,0.0461518747173748,-0.0887130456025028,0.0376322716501036,0.0647566875330767
24.7471209446372,52.941961651425,6.2105721618457,0.0997364823735332,-0.00725493513092277,0.0394734246050348,0.0563257155601988
24.8833503484343,52.9452075659688,5.62545168262149,0.0791379754404183,-0.0611324859889711,0.0570914283566566,0.0643784005327603
24.9929043193063,53.0828553635322,7.22049436013455,0.0591958983108391,0.0805968090135881,0.0503580725611386,0.0570509885498538
25.1258112024583,53.0885012923405,5.75430468724756,0.0863372413788788,-0.050456721564973,0.0465696417731856,0.0561026503732691
25.1978801856445,53.2501936529248,7.58115542627232,0.0269454184541913,0.0963013209895302,0.0451235647319592,0.0653910395947577
25.1413264127774,53.3186605552206,9.35522269210563,-0.0997582007377422,0.0069499198245981,0.0432044278706449,0.0615169824711899
25.1554167967884,53.4876410381316,8.06586783930956,-0.0210304295055313,0.0977635976977775,0.0351208135165173,0.0712168852133033
25.2601157545917,53.631549615216,7.23765040184956,0.0578045325778738,0.0816004657673811,0.0468944252254246,0.0623081113170159
25.2838737972853,53.7883294805412,8.11804804416245,-0.0261008153615183,0.0965336596087807,0.0498588580551704,0.0602462057163535
25.4311274513181,53.8547422036988,6.41232189617987,0.0991673451651517,0.0128777968960399,0.0480863088676386,0.0535349262615483
25.5254015695906,54.0006444048915,7.40475729133453,0.0434266964911723,0.0900784215662309,0.050847421781345,0.0558237796265075
25.6697370964091,54.0240981798796,6.00985290740251,0.0962876690951726,-0.0269941619654797,0.0480478577232581,0.0504479369535815
25.8158138236171,54.0584267229402,6.06849996756377,0.0977043477823727,-0.0213040001976428,0.0483723794257216,0.0556325432582412
25.9591920954314,54.1515933643899,6.60955270880377,0.0947213217246022,0.0320604306075949,0.0486569500896046,0.0611062108421336
26.0864303345309,54.2703883571529,6.87688978819533,0.082887395339929,0.0559435402326517,0.0443508437596698,0.0628514525302819
26.1148962103146,54.4285423406006,7.97116851133628,-0.0116918844843186,0.0993141472158189,0.0401577602679346,0.0588398362319396
26.0983922756086,54.5691911443993,8.56934742010886,-0.0655893575468136,0.0754853374940872,0.0490854228408004,0.0651634663045471
26.0859108524023,54.7046889021173,8.52827435790353,-0.0624344985129636,0.0781148730744328,0.0499530753067319,0.0573828846436157
26.0705741101676,54.6919890678762,10.3881169649273,-0.0570781510032891,-0.0821101983802605,0.0417414087686012,0.0694103641392019
26.0483830506549,54.6869479497978,10.2276102114566,-0.069467218541729,-0.0719326459132129,0.0472761590290318,0.066891527834791
26.0095718480238,54.700968694744,9.94718119519448,-0.0866622555315559,-0.0498964273889755,0.0478510529004055,0.0639171723351879
26.0713952857874,54.8665547500938,7.74563897573941,0.0108130825869186,0.0994136672946355,0.0510103551766505,0.0661723880550795
26.1412403963419,55.0290452788338,7.69482369112982,0.015848684843148,0.0987361088393834,0.0539964257113894,0.0637544199006328
26.2766930765895,55.1229463235735,6.69990326527168,0.091442230700412,0.0404761466117098,0.0440104495472227,0.0534248981279788
26.3994320819703,55.2455977870815,6.97296984859934,0.0771383144492055,0.0636370995877051,0.0456006909316002,0.0590143639202907
26.4210942404024,55.4003494025712,8.15455808070012,-0.029607085812255,0.095516597875478,0.0512692442443523,0.0592350176142205
26.3931461147333,55.5207328694171,8.78580681744669,-0.0802709761765784,0.0596369883852226,0.0523228505074087,0.0607464784607359
26.4915753783678,55.6763670263874,7.3350076661122,0.0495989466088633,0.0868328537783432,0.0488303170257254,0.0688013031919752
26.5518355515136,55.841554829012,7.66714220007746,0.0185754267573442,0.0982596230441708,0.0416847463883698,0.0669281795803727
26.5569310265247,55.815456199615,4.40240296617478,-0.0305045317276204,-0.0952337836278629,0.0356000067387185,0.0691351542308425
26.5862056865324,55.7891153821649,4.54090375758779,-0.0170645974894407,-0.098533240647628,0.0463392574971593,0.0721924231975848
26.6573389388375,55.7664760075125,5.02037349134887,0.0303138600270623,-0.0952946477524298,0.0408193922780882,0.0726552731000609
26.7925770144707,55.802659445383,5.86446668508797,0.0913610685792129,-0.0406590106626361,0.043877007053915,0.0768424485330641
26.9350401338382,55.8540769341677,6.07200732756375,0.0977784674692839,-0.0209611855427641,0.0446846518982937,0.0723786743274886
27.0178904454154,55.8273024918583,5.0595326940967,0.0340213294961871,-0.0940348293948145,0.0488289820809484,0.067260387085426
26.9699625211947,55.8561164895249,3.51933582904919,-0.0929499372321069,-0.0368823693456289,0.0450220130114332,0.0656963670122508
26.9902128556395,56.0120827461839,1.87594062294932,-0.0300430808529693,0.0953803611487289,0.0502934152977801,0.060585895510215
26.9394224571545,56.0940340396547,3.00649769111048,-0.0990888545707032,0.0134684408847509,0.0482984560856465,0.0684828525861221
26.9094478408547,56.2130041921106,2.59163177987211,-0.0852544972215031,0.0522653872415457,0.0552798809217947,0.0667047652142614
26.8639781798399,56.3339885170519,2.67046892222542,-0.0891058802855308,0.0453887882471063,0.0436362192706383,0.075595536694216
26.8110984919152,56.4036423364079,3.16703104347069,-0.0999676461607821,-0.00254356463897956,0.047087958236169,0.0721973839949754
26.8150398412674,56.3822749034751,4.22241410835271,-0.0470603716790722,-0.0882344684203831,0.0510017210312199,0.0668670354875687
26.8351427518162,56.3578197233432,4.3465538354197,-0.035772929866185,-0.0933825331033005,0.055875840415041,0.068927352971393
26.7977361739764,56.3890670119339,3.67055417866836,-0.0863331588878647,-0.0504637065269954,0.0489265810479935,0.0817109951177386
26.9031829719867,56.3857213258523,5.37139231493392,0.0612329189622939,-0.0790602911413635,0.0442138790480726,0.0757146050597441
27.0381450673961,56.4350603563262,6.03227813007507,0.0968687583840981,-0.0248282832496173,0.0380933370252166,0.0741673137235779
27.0463775558756,56.5999042638357,8.23549830482204,-0.0372328520840608,0.092810100343047,0.0454653405636449,0.0720338071663917
27.0548387923977,56.7654778001017,8.18951596732284,-0.0329273752839066,0.0944234502489333,0.0413886118059352,0.0711500860171128
27.1727855560231,56.892454644453,6.87814949912495,0.082816856903676,0.0560479099752707,0.035129906721707,0.0709289343760062
27.2710744165718,56.8904918887957,5.48773995957117,0.0699966779157046,-0.0714175404278607,0.0282921826330451,0.0694547847705351
27.3975045989531,56.9840802999569,6.5651488136193,0.0960510959958265,0.0278242153168878,0.0303790863854729,0.0657641958443378
27.4688284487999,57.1404272832861,7.49771022573136,0.0348782215453417,0.093720380184003,0.0364456283014789,0.0626266031452403
27.5982417411982,57.2166501969464,6.45204852181216,0.0985776454060833,0.016806184165137,0.0308356469922018,0.0594167294950765
27.5917593770389,57.3795771291873,8.22599347574043,-0.0363490393972774,0.0931597946267336,0.0298666752379404,0.0697671376141784
27.5945721579749,57.5466932487839,8.15579865237903,-0.0297255581851337,0.0954797946718688,0.032538339121146,0.0716363249248033
27.6625189435927,57.7058206382779,7.56959351432444,0.0280570200591738,0.0959833507718871,0.0398897655586339,0.0631440387220792
27.7377525587561,57.870215206102,7.4351139559684,0.0406726281185351,0.091355007098305,0.0345609870448698,0.0730395607257748
27.8563001780192,58.0039078755946,6.91885613523202,0.0804673595241342,0.059371744552554,0.0380802597389476,0.0743209249400394
27.9638119677378,58.1347627433718,7.03040488411149,0.0733581282313427,0.0679601723246335,0.0341536614872666,0.0628946954525418
27.9931251887784,58.3020597730324,8.0250214486988,-0.0170207082973803,0.0985408315829306,0.0463339293380329,0.0687561980776934
27.951576643439,58.3379994076304,9.82836521414147,-0.0919658128459154,-0.0392719908788703,0.0504172675064609,0.075211625476939
27.9024313943215,58.4550389177571,9.03172229097626,-0.0923743013420292,0.038301285246999,0.043229052224568,0.0787382248796931
27.8918605050226,58.442862994263,10.5141572763631,-0.0463035593253881,-0.0886339686226464,0.0357326700264338,0.0764580451284615
27.842588892664,58.5459103228122,9.15736000806894,-0.0964456396073227,0.0264242048269088,0.0471740272487224,0.0766231237223209
27.817744751156,58.5495981163912,10.3271211860284,-0.0619772752012097,-0.0784781329966094,0.0371331336932172,0.082165926575648
27.7657261490862,58.5764096843951,10.0095624975968,-0.0833831045164649,-0.0552019735262816,0.0313645024466922,0.0820135415301451
27.7041904500764,58.656087517667,9.346308918966,-0.099692288414245,0.00783885391693152,0.03815658940443,0.0718389793549576
27.634006368293,58.7094057383476,9.54833631538385,-0.0992376372858573,-0.0123244207133898,0.0290535555024647,0.0656426413940423
27.7018017670898,58.6877751989433,11.3040147967815,0.0303573110668069,-0.0952808147781762,0.0374380877300169,0.0736502753738009
27.8268046222846,58.7172908687221,12.2063323070516,0.0935883328313853,-0.0352310084704064,0.0314145223634341,0.0647466782492856
27.9590531431803,58.729566501068,12.0819182201792,0.088493011486209,-0.0465723836420435,0.0437555094094861,0.058848015987941
28.1090427693289,58.7884364712775,12.5480674580906,0.0999832501911447,-0.00183021343426232,0.0500063759574658,0.0607001836437249
28.1849816114111,58.9557160019788,13.7532584498577,0.0374547304673729,0.0927207806568541,0.0384841116148067,0.074558750044396
28.1306256876894,59.0174420970101,15.8052349017072,-0.0995272843669442,-0.00971183126611206,0.0451713606452557,0.0714379262974276
28.1572647916646,59.1803176276746,14.3244925871231,-0.0186231995747446,0.0982505798333996,0.0452623035498902,0.0646249508310959
28.2593877713024,59.320845583288,13.5285303869782,0.0571749382303718,0.0820428329493391,0.0449480414074515,0.0584851226641021
28.3331521021339,59.4862526370299,13.835081858071,0.0297511518772692,0.0954718228692407,0.0440131789542093,0.0699352308726731
28.4410718541149,59.6403652206752,13.4935341879192,0.0600105310353889,0.0799921006403172,0.0479092209456056,0.0741204830049185
28.5696961338387,59.7742040012759,13.1917749746999,0.081072646307981,0.0585425146421045,0.0475516334158002,0.0752962659586061
28.651050240576,59.9367456462571,13.776158793434,0.0353217576345262,0.0935541203668112,0.0460323491028092,0.0689875246144567
28.6462828851164,60.0862037479785,14.7555171912143,-0.0579691674517329,0.0814835911392776,0.0532018119921034,0.0679745105821326
28.7813443577211,60.2216631276825,13.2394602783376,0.0781899289711085,0.0623404764779113,0.0568715436335907,0.0731189032260176
28.8042379974439,60.3957843951129,14.4100976543844,-0.0269554823274454,0.0962985045184752,0.0498491220503183,0.0778227629119357
28.778443722646,60.5198307950818,15.0993937449736,-0.0820466652697637,0.057169438672348,0.0562523904717764,0.0668769612965576
28.7277495464477,60.6015545813653,15.5501258637799,-0.0987569515454867,0.0157182862120012,0.0480627753471907,0.0660055000714692
28.7219605880065,60.585454053719,16.6826658484891,-0.0561414203374265,-0.0827534949261745,0.0503524618962743,0.0666529672799214
28.6911946391807,60.5913702826169,16.4407850153603,-0.0743289700542097,-0.066896967126174,0.0435630212284224,0.0728131960241214
28.6947822142001,60.5603190589229,16.9062452297107,-0.0363958497700704,-0.0931415166266605,0.039983424789483,0.0620902929326093
28.7703440453036,60.5317458465464,17.6440001993056,0.0357174038580875,-0.0934037850498484,0.0398444272453489,0.0648305726733938
28.8960526151146,60.6332552771914,19.3326423233629,0.0885565464253756,0.046451459451887,0.0371520233856515,0.0550579711930226
29.0367983457599,60.6822526283299,18.798316460578,0.0998687546009989,-0.00512170425204874,0.0408769760443164,0.0541190553906432
29.1633404107612,60.7934079164718,19.3923993764639,0.0856243293429995,0.051657276588701,0.0409177356582475,0.0594980115531243
29.2470411583623,60.9560150345797,20.0023055964777,0.0405976095688093,0.0913883695953622,0.0431031380323361,0.071218748512571
29.2683682026401,61.1155605424086,20.6240806853647,-0.0202322057976928,0.0979319041403761,0.0415592500755366,0.0616136036885635
29.3969216009049,61.2444780052711,19.4537673816608,0.0822950333450201,0.0568113323795705,0.0462583649197654,0.0721061304829007
29.5155624288789,61.3854418716781,19.5642399381463,0.0755300367727286,0.065537878704687,0.0431107912012294,0.0754259877023387
29.5589504151085,61.3512767101706,17.2782667071859,-4.92887538013532e-05,-0.099999987853093,0.0434372749834395,0.0658348263456006
29.607124672138,61.3136546197807,17.3324352045609,0.00536498396549887,-0.0998559810279281,0.0428092730640088,0.0622338906379909
29.7427870690839,61.3590813030341,18.6586215919029,0.0981827350049359,-0.0189776328068212,0.0374796619409707,0.0644043160601697
29.7813531503107,61.3271390194718,17.2433819145912,-0.0035370300946847,-0.0999374275139664,0.0421031113213957,0.0679951439516628
29.8992166436237,61.3197076247043,18.0999174407221,0.073193524654183,-0.0681374195923026,0.0446699686588801,0.0607060248248388
29.9744687394478,61.2788467682697,17.6526997886683,0.0365286165943028,-0.0930895277123395,0.0387234792297519,0.0522286712777671
30.0867945994302,61.2778448980656,18.0696513010401,0.0710980613218831,-0.0703211609422779,0.0412277986605716,0.0693192907381572
30.110666420827,61.2407469306469,17.1367942683499,-0.014148894153144,-0.0989939836264969,0.0380207155498766,0.0618960162078466
30.2312935342547,61.2479129185131,18.2322355112246,0.0815432468718972,-0.0578852216855808,0.0390838665558348,0.0650512095517044
30.3620242405754,61.2678677366034,18.3739507806593,0.088901580462243,-0.0457876510788153,0.0418291258584276,0.0657424691692015
30.4524071970956,61.2403977864955,17.7927496868648,0.0491655682536623,-0.0870789693226469,0.0412173882665741,0.0596090192146974
30.4590288182166,61.2116183122372,16.9773801878936,-0.0296837722788394,-0.0954927937767977,0.0363053933998359,0.0667133195184633
30.5968546462557,61.2724267115285,18.7454417699158,0.0994585015794029,-0.0103926158198939,0.0383673264596709,0.0712010151112352
30.646672137067,61.2367951227039,17.3986861890695,0.0119639329179008,-0.0992817420734345,0.0378535578933992,0.063650153248858
30.6528343045425,61.1989173472013,16.9579556554165,-0.0315329586562376,-0.0948982218926362,0.0376951261318013,0.0570204463900552
30.6813873128914,61.1662276398415,17.1417606509422,-0.0136570796866,-0.0990630313206388,0.0422100880354321,0.0663733239607893
30.629186764409,61.2013771448086,15.9901103340172,-0.0960459869750471,-0.0278418459515366,0.0438454384926814,0.0629913509186508
30.584301537657,61.3234597627433,15.1894204023393,-0.0868542279263845,0.0495615081621984,0.0419690011743796,0.0725211097724952
30.5301409256724,61.4428526120207,15.3427355942133,-0.0934042468975753,0.0357161960670057,0.0392436349129923,0.0836766532104178
30.4688108850959,61.5645267449097,15.3309574364482,-0.092977106954529,0.0368138232511385,0.0316470663780208,0.0848603096378326
30.4094758510522,61.6601623741786,15.4775575338956,-0.0973573816620678,0.0228372554372558,0.0380223476183161,0.0727983738316453
30.3467056245614,61.7458894425991,15.5608290134293,-0.0989195268865543,0.0146603956474671,0.0361493003958273,0.0710666727730285
30.3069129449571,61.7664937372543,16.2830635972865,-0.0839137735612847,-0.0543918983554117,0.0441210939569885,0.0749961930106409
30.2667299227035,61.765704369118,16.4209602501682,-0.0756404938929627,-0.0654103637325819,0.0354574716392833,0.0646209955962931
30.3436084697076,61.7322012211002,17.6406747367888,0.0354065961506084,-0.0935220452568683,0.0414719508535413,0.0600188972390185
30.2969007031618,61.7409592680424,16.2115402884294,-0.0875862036215426,-0.0482561595567413,0.0408784370757687,0.0570142064990051
30.381530871834,61.7055314585533,17.6962747426595,0.0405490305582172,-0.0914099344753554,0.0440811381139525,0.055982124986194
30.4321820907476,61.6660569519281,17.3103452983001,0.00315804518702593,-0.0999501213135667,0.0474931737265436,0.0604756146883787
30.4923047487771,61.6235931732333,17.3944410908757,0.0115423656397816,-0.0993316354211366,0.0485802923897438,0.0568678567263419
30.6077367747588,61.6194554415816,18.0902133025486,0.0725288737964747,-0.0688444802857502,0.0429031521851897,0.0647067486340234
30.6439616539161,61.578826021382,17.1232529291503,-0.015488067090297,-0.0987933184876713,0.0517129462476262,0.0581638982880577
30.7653815410057,61.5594326856081,17.9318791901628,0.0607666916281981,-0.0794191991181193,0.0606531954614624,0.0600258633442223
30.9077423376088,61.5583860264508,18.1875355429018,0.0788751891804544,-0.0614711682965887,0.0634856074226207,0.0604245091393523
31.038672903062,61.5391414088179,17.9945541644689,0.0656217183903988,-0.0754572069155173,0.0653088470627949,0.0562125892826089
31.153511055268,61.6783561599213,19.8728425013976,0.0520562608636694,0.0853823500783013,0.0627818913423539,0.0538324010251117
31.3055532320157,61.7332604652509,18.8565710587887,0.0999975394025592,0.000701507971173864,0.0520446373450625,0.0542027973583856
31.4520253278707,61.7843281832764,18.8686238323284,0.0999818212897085,0.0019066755342202,0.0464902745653717,0.0491610424912494
31.5707351909474,61.7670959663431,18.0909194090519,0.0725774672467207,-0.0687932500180882,0.0461323958299076,0.0515610330848446
31.6296479381419,61.724178239578,17.3537304993032,0.00749006935929759,-0.0997190997802974,0.0514226778352338,0.0568013730151549
31.721302573798,61.6824758547697,17.6951095244282,0.0404424905327618,-0.091457120879172,0.0512121451233014,0.049754736070895
31.8192852860845,61.6520814377884,17.8214351379878,0.0516428985354532,-0.0856330019960581,0.0463398137510893,0.0552385850147346
31.9664683444325,61.6930389660548,18.6399893435376,0.0978121173963968,-0.0208035980165326,0.0493709409516256,0.0617611262830167
32.1052861168491,61.7165221244131,18.4511596915556,0.0921684346676315,-0.038794067212894,0.0466493377489812,0.0622772255711155
32.2384015472556,61.8366842000165,19.4624001415936,0.0818015343618482,0.0575196399158355,0.051313896044654,0.0626424356875432
32.3874876073645,61.9318088199355,19.1544866713225,0.0953867745647907,0.030022712038152,0.0536992855440985,0.0651019078808872
32.5215798089104,62.056287031091,19.5217688282348,0.0782445563784208,0.0622718989363913,0.0558476451673897,0.0622063122190895
32.5320237520865,62.217003568305,20.8178635212097,-0.0387124869214585,0.0922027296578355,0.0491564300976179,0.0685138075561795
32.4885405273215,62.3069778277813,21.7102933550478,-0.0960818741980892,0.0277177461309999,0.0525986494330795,0.0622565133453037
32.4397129901012,62.3779946275614,22.0179765091043,-0.0999640152563064,-0.00268247159107864,0.0511364780360424,0.0736992713711615
32.4006344814307,62.3989237660393,22.5370622747909,-0.0854653255461978,-0.0519199203512719,0.0463868168756534,0.0728490588291919
32.3528421641073,62.4391415949486,22.3108737466665,-0.0949321834077232,-0.0314305671829575,0.0471398660843363,0.0716483960922858
32.3681599091998,62.4221158704061,23.2176351587701,-0.033754701295729,-0.0941308670970161,0.0490724463881804,0.0771051425544371
32.3565965711736,62.4146004030354,22.9241538422343,-0.0595422204168245,-0.0803412969016202,0.0479788823906517,0.0728258295309203
32.3798050666222,62.3894604147835,23.3520755203478,-0.0208332149211082,-0.0978058135084562,0.0440417103697186,0.0726658252565713
32.5255440499353,62.4340721471778,24.8185606924681,0.095104994301311,-0.0309037224124798,0.0506339890118355,0.0755154548068617
32.6699073666483,62.4900583141482,24.9281724696591,0.0979148679972958,-0.020314492980927,0.0464484487156511,0.0763006599512508
32.7292455791677,62.461187589907,23.6825940861352,0.0120356697709529,-0.0992730711379706,0.0473025427484615,0.0704023468968273
32.7158756357659,62.4609740540674,22.8917701411082,-0.0621122958866343,-0.0783713129894555,0.0487423524848722,0.0781577771498831
32.7757057361428,62.4437083593292,23.6565076888675,0.00944219179668019,-0.0995532270399845,0.0503879085801699,0.0822875323017485
32.9046185996406,62.4467789720177,24.309450033186,0.0679811172847765,-0.0733387189192275,0.0609317462130434,0.0764093316077563
33.0452246927784,62.5711908794679,25.7097551464297,0.0838095362819431,0.0545523750922512,0.0567965568559003,0.0698595323579525
33.0427535798884,62.7346198592171,27.2233319077753,-0.0496701662286949,0.0867921343602853,0.0471990533386446,0.0766368453888404
33.1613877348363,62.888104351053,26.0131836275523,0.0636810107877801,0.0771020678389797,0.0549531441600948,0.076382423996975
33.2137989062636,62.8578416426077,23.5639024938114,0.000195759063768841,-0.0999998083917612,0.0522154123636014,0.0697370999464795
33.3487399768953,62.8788384117966,24.5584599893617,0.0839582972660589,-0.0543231471859289,0.0509827733656039,0.0753199163747453
33.4916610294214,62.9759641199168,25.4600161381588,0.0946921876323875,0.0321463777336221,0.0482288648936873,0.0649793303866559
33.6094598542456,63.1202731475015,25.9639118749981,0.0674011441225196,0.07387209060921,0.050397680701721,0.070436936975419
33.6562952376479,63.2932531608046,26.765088147376,-0.00615117354070832,0.0998106360267887,0.0529865569429688,0.0731693772763151
33.7763943022937,63.4236332718244,25.8101536966839,0.0779197135979628,0.0626778926960013,0.0421793510478139,0.0677022183238734
33.909076974123,63.5403331513103,25.6908706841298,0.0848247235656283,0.0529600441088822,0.047857948263669,0.0637398353769782
34.0135512918294,63.5277592976505,24.1894754547353,0.058714758236062,-0.0809479904956311,0.0457595594703761,0.0683741368358142
34.1652256605979,63.5686418993066,24.8910628323669,0.0970937647682251,-0.0239332580968948,0.0545806040002716,0.0648158597529971
34.3019133928262,63.6974554239333,25.8257553727463,0.076932389974875,0.0638858933783802,0.0597553422533821,0.0649276312482883
34.4533379719538,63.7504425456685,24.9929767667163,0.0990248836450515,-0.0139309877282275,0.0523996954825634,0.0669181094634297
34.5518971194487,63.7302508619829,24.1421214947001,0.0548171641507953,-0.0836365859804474,0.0437419833441339,0.06344490229489
34.6230990839679,63.7075325550062,23.8616160968676,0.0295206071224585,-0.0955433606019877,0.0416813573967758,0.0728250536253299
34.6446460798771,63.6780591785918,23.310948419886,-0.0248369340085659,-0.0968665407096493,0.0463839299176811,0.0673931642952041
