X,Y,Theta,FmPi_x,FmPi_y,Xi_x,Xi_y
0,0,6.24181176376135,0,0,0,0
0.0548685070341394,-0.147256574011384,5.80741611021876,0.0888940675233003,-0.0458022353074926,-0.0340255604891609,-0.101454338703891
0.117390895068671,-0.18244467449214,5.90498540583059,0.0929330824051325,-0.0369248181401188,-0.0304106943706009,0.00173671765936227
0.201976690145621,-0.127247914437414,5.53385302369676,0.0732143847188779,-0.0681150047363732,0.0113714103580724,0.123311764791099
0.330005256367938,-0.0688341283779703,6.50575346555068,0.0975333783479828,0.0220735159870205,0.0304951878743341,0.0363402700724234
0.415645928101968,-0.00477514235837285,6.41222845534882,0.0991685480442696,0.0128685305606892,-0.0135278763102401,0.0511904554589083
0.474647694445992,-0.0231755774098729,6.82837114360088,0.0855030935052425,0.0518576995347244,-0.0265013271612184,-0.0702581345862244
0.582256174991545,0.0781113931963479,6.6196753580817,0.0943919378601664,0.0330176023811917,0.0132165426853872,0.0682693682250291
0.713655150201751,0.0105365410148811,6.95781917765208,0.0780935692159445,0.0624611434982941,0.0533054059942608,-0.130035995679761
0.824435064989111,-0.0331697708180733,6.40080862549633,0.0993090349400372,0.0117352281306534,0.0114708798473228,-0.0554415399636078
1.036958886183,-0.153742035570586,6.2315038169144,0.0998664809010317,-0.00516584866637274,0.112657340292856,-0.11540641608614
1.16181337231489,-0.267453658292618,5.59232881158431,0.0770700540883839,-0.0637197517478967,0.0477844320435088,-0.0499918709741346
1.17142284259651,-0.432563766451535,5.45635362018023,0.0677210366447838,-0.0735789453291894,-0.0581115663631613,-0.0915311628297283
1.17558502402251,-0.538140812221168,4.88511962984892,0.0171873001488969,-0.0985119115315083,-0.0130251187229044,-0.00706513423812427
1.31550689216389,-0.608334406412271,5.46632632798573,0.0684514382376379,-0.0728999355500321,0.0714704299037418,0.00270634135892864
1.33629025679124,-0.671557585738919,5.61826279078737,0.0786964594733992,-0.0616998157724287,-0.0579130948460486,-0.00152336355421925
1.28391834175265,-0.761569158304049,4.82650640670329,0.0113869899725431,-0.0993495669812667,-0.0637589050111313,0.00933799441613732
1.24748258935969,-0.933571777886524,4.56981460083737,-0.0142091841230695,-0.0989853478377316,-0.0222265682698929,-0.0730172717447438
1.13483504106757,-0.977063545035296,4.4285123787909,-0.0280079191737256,-0.09599768988657,-0.0846396291183844,0.0525059227377982
0.964250627203351,-1.05129566382642,3.84505528092955,-0.0762606920822185,-0.0646862183400843,-0.0943237217820059,-0.00954590045104275
0.952278126379307,-1.01186873668901,4.32025583523276,-0.0382160513916994,-0.0924095959087961,0.0262435505676561,0.131836523046209
0.955323158371965,-1.08203522328402,3.89105824678697,-0.0732053036765168,-0.0681247643198049,0.0762503356691742,-0.00204172227520796
0.810523151474366,-1.05215167733156,3.81075455214648,-0.0784341839788284,-0.0620328846949366,-0.0663658229187701,0.091916430647401
0.755207573641779,-1.11784719506582,3.66924503702069,-0.0863991490277928,-0.0503506409817517,0.0310835711952058,-0.0153448767525115
0.700253468959738,-1.18758977534286,3.66013870381885,-0.0868540700914053,-0.0495617847596034,0.0318999654093641,-0.0201807955174366
0.624247216306792,-1.1632475571276,3.3687153094388,-0.0974318333351634,-0.0225175010369479,0.0214255806822171,0.0468597192522108
0.556206588151678,-1.07051973240393,3.03924452533501,-0.0994767000747941,0.0102169536667963,0.03143607191968,0.0825108710568767
0.452598124636558,-1.0819533850894,3.16258191880761,-0.0999779733459508,-0.00209877241175755,-0.00363049016916903,-0.00933488027371251
0.155187411671657,-1.1143826016975,2.95590077491137,-0.0982808746691999,0.01846265620806,-0.199129838295701,-0.0508918728161663
0.131348088769909,-1.08631014383357,3.74679911382145,-0.0822384653353275,-0.0568931878109334,0.0583991424335796,0.0849656456748642
0.0373964004950385,-1.18543293828756,3.82108205154593,-0.0777893680377991,-0.0628395911848561,-0.0161623202370713,-0.0362832032691327
-0.164584523367358,-1.20760903557594,3.79782145535504,-0.0792298793603736,-0.0610133281877054,-0.122751044502023,0.0388372308993301
-0.246609668862841,-1.27132785786119,3.97025207847587,-0.0675864405783285,-0.0737025986648509,-0.0144387049171546,0.00998377637959786
-0.223854118130214,-1.35512546715852,3.85352473474843,-0.0757101065568154,-0.0653297770174954,0.0984656572894424,-0.018467832279836
-0.34008309191462,-1.51755834836438,3.71170145149488,-0.0841842259343181,-0.0539723642602368,-0.0320447478500878,-0.108460516945621
-0.345489268690707,-1.62689876890072,4.50328355238932,-0.0207584897475861,-0.0978217005750737,0.015352312971499,-0.0115187199612731
-0.37445284035646,-1.80655485155679,4.49597811145104,-0.0214725601147538,-0.097667441668748,-0.00749101155099896,-0.0819886409873225
-0.395365654160282,-1.8838802546225,4.58998783197815,-0.0122095740771163,-0.0992518327329798,-0.00870323972670586,0.0219264296672698
-0.553339634029312,-1.9001220162828,3.76204793593741,-0.0813613837268554,-0.0581405644799859,-0.0766125961421742,0.0418988028196905
-0.565606803984399,-1.9426227061988,3.16170479006769,-0.0999797757800499,-0.00201107806187109,0.0877126058249625,-0.0404896118541238
-0.594346468424429,-2.06866974927871,3.52479189649805,-0.0927473220410219,-0.0373889589881689,0.0640076576009924,-0.0886580840917421
-0.696972207794077,-2.15284166972959,2.86422751098229,-0.0961780259142797,0.0273822448172559,-0.00644771345536874,-0.111554165268143
-0.758670906978295,-2.15363772904405,3.29350655501404,-0.0988483257313171,-0.0151330267995344,0.0371496265470994,0.0143369674850754
-0.809518575052967,-2.30391292428823,4.06739464735355,-0.0601193910030893,-0.0799103173902949,0.00927172292841678,-0.070364877853881
-0.886509351435924,-2.404848260349,4.23032895674836,-0.0463605424930148,-0.0886041765367377,-0.030630233889942,-0.01233115952403
-0.916722469298969,-2.56864066467402,4.51289276391948,-0.019817556420011,-0.0980166539805337,-0.0103955614430345,-0.0657757503444917
-0.800873736181289,-2.70872178034969,4.35428386155368,-0.0350500188635767,-0.0936562660886228,0.150898751981257,-0.0464248495870478
-0.855379713846683,-2.78851202651394,4.24214987238779,-0.0453099453538176,-0.0891459973977187,-0.00919603231157648,0.00935575123346943
-0.923388605203076,-2.84062273665245,4.07904564039386,-0.0591842970887528,-0.0806053284721937,-0.00882459426763985,0.0284946183336881
-1.07495009672304,-2.94023392626028,3.92194330763447,-0.0710666886538106,-0.0703528660665814,-0.0804948028661584,-0.0292583235412463
-1.13806920175975,-3.01780296851224,3.99616379523169,-0.065654205342736,-0.0754289421960421,0.00253510030603161,-0.0021401000559182
-1.20447981749857,-2.9942816239194,3.75717906546827,-0.0816434971153786,-0.057743738870731,0.015232881376555,0.0812650834635641
-1.39500935241665,-3.05237692979184,3.22939733362478,-0.0996147645065835,-0.00876918994536612,-0.0909147704114951,-0.0493261159270753
-1.56604440022955,-3.07604093707403,3.30054681141609,-0.09873933651372,-0.0158285635744489,-0.0722957112991819,-0.00783544370773672
-1.7529879151364,-3.08231903367437,2.81930549736188,-0.094851347307766,0.0316736785659885,-0.0920921675990822,-0.037951775166331
-1.89711181053032,-3.05412234623044,3.00709220900339,-0.0990968442877742,0.0134095284109713,-0.0450270511061454,0.0147871590329569
-1.97922544654256,-3.04546897743228,3.15725321914337,-0.0999877375849467,-0.00156599254271561,0.0178741015727092,0.0102193613408792
-2.0475014866711,-2.98513502030144,2.71490788113053,-0.0910342773612808,0.0413855088806385,0.0227582372327391,0.0189484482502039
-2.04554629237705,-2.85540406746658,2.84551917755397,-0.0956489488833386,0.0291766786580048,0.097604143177391,0.100554274176855
-2.12954364467431,-2.9006153965276,3.35391472195922,-0.0977544220248528,-0.0210730390448785,0.0137570697275901,-0.0241382900161438
-2.26510559133808,-2.91099040166922,3.52258935512794,-0.092829447736116,-0.0371845886491664,-0.0427324989276563,0.0268095835075493
-2.3591332716081,-2.78067150712381,3.26294729185602,-0.0992645558242497,-0.0121056993608143,0.00523687555422887,0.142424593906224
-2.466499497732,-2.74442202648756,3.08435731790175,-0.0998362505267753,0.00572040914227001,-0.00752997559712201,0.0305290714939806
-2.55576329328026,-2.73895613148232,2.66432809424438,-0.0888254772206385,0.0459351128933611,-0.000438318327624554,-0.0404692178881207
-2.70050664329651,-2.79103870851986,2.72191707724353,-0.0913221179394391,0.0407464203956026,-0.0534212320768094,-0.0928289974331428
-2.78770913747029,-2.73511801937361,2.66469130906818,-0.0888421556750567,0.0459028471340177,0.0016396615012789,0.0100178420122265
-2.83482995076961,-2.67269199326026,2.75026852381379,-0.0924404830372965,0.0381412781095664,0.04531966973798,0.0242847480037862
-2.99226229421416,-2.61819040180496,2.44589187596529,-0.0767604745450256,0.0640923517092521,-0.0806718688995257,-0.00959076025394774
-3.15782281287293,-2.63395130056167,3.39122247019449,-0.0969003940158383,-0.0247045267021104,-0.0686601246429328,0.00894362794540053
-3.15650814422477,-2.64609124655281,3.2467212598893,-0.0994479075662145,-0.0104935065970176,0.100762576214371,-0.00164643939412463
-3.2805596382599,-2.73669713892273,3.50119874478786,-0.0936035514986715,-0.0351905547957908,-0.030447942536457,-0.055415337574131
-3.30427208702052,-2.77935324654829,4.22732751306061,-0.046626273716972,-0.0884646290856973,0.0229138249563553,0.04580852146014
-3.33659009516843,-2.77426807682603,3.90072662965013,-0.0725432361317774,-0.0688293461506732,0.0402252279838701,0.0739145158729314
-3.44005138360784,-2.72552252323039,3.83433253650746,-0.0769499084973081,-0.0638647914132342,-0.0265113799421044,0.112610345008875
-3.52802670621103,-2.73254595008616,3.92762047882846,-0.0706661402883457,-0.0707551879140169,-0.0173091823148446,0.0637317610582403
-3.55457359930101,-2.74629966733454,4.00150312831513,-0.065250531161299,-0.0757784150214845,0.0387036380713141,0.062024697773108
-3.57431125969236,-2.79034884504806,3.99292576296525,-0.0658981020775406,-0.0752159567018731,0.0461604416861953,0.0311667789883515
-3.70207825347945,-2.79000794770638,3.71553863336185,-0.0839765049030632,-0.0542949963096582,-0.043790488884025,0.0546358936513432
-3.7462159785937,-2.93901658459343,3.04875867455242,-0.099569401996538,0.00927006936607326,0.0554316768822821,-0.158278706253126
-3.86292289918331,-2.99631205642102,3.72059277902238,-0.083701018689424,-0.0547187305257779,-0.033005901900178,-0.00257674130181726
-3.94589258319726,-2.95730421398494,3.76324306573307,-0.081291840116792,-0.0582377603486426,-0.00167784389715848,0.0972456027847274
-3.95824653764584,-3.00083505137836,3.32628132074009,-0.098299347159069,-0.0183640504274205,0.085945392710488,-0.0251667869659963
-3.97617431854079,-3.06850779488638,3.12060245246184,-0.0999779713816446,0.00209886598215467,0.082050190486696,-0.069771609490182
-4.17398419323538,-3.00634950058648,3.33643303082952,-0.098107858660034,-0.0193609934957582,-0.0997020160345611,0.0815192877956633
-4.17798014699088,-3.09471771172725,4.45026044525186,-0.0259136962987077,-0.0965840584368784,0.0219177425432064,0.008215847296108
-4.18007595803624,-3.17535350478571,4.16761635831337,-0.0518223640032759,-0.0855245145505777,0.0497265529579195,0.00488872149212056
-4.32604085701379,-3.22938051503234,3.72007262944413,-0.0837294692898572,-0.0546751860759418,-0.0622354296876898,0.00064817582930447
-4.50130145536339,-3.24165030301624,3.72560670377393,-0.0834256121453665,-0.0551377115790172,-0.0918349862042358,0.0428679235951198
-4.58866283436038,-3.33136853030507,3.98774677680386,-0.0662867589809407,-0.0748736641537108,-0.0210746200160515,-0.0148445631351146
-4.63521679350904,-3.35387218061565,4.48707819140986,-0.0223409306613177,-0.0974724720994917,-0.0242130284873444,0.0749688217889045
-4.58188998351085,-3.42560810701204,4.82287956993285,0.0110265912079984,-0.099390212226012,0.0423002187901921,0.0276542858296233
-4.53499217004988,-3.5871841307411,4.64579187175116,-0.00665478912453193,-0.099778323205534,0.0535526025855083,-0.0617977005235244
-4.58247537710794,-3.62052833209551,4.40309043757942,-0.0304390540212987,-0.0952547321149373,-0.0170441530367608,0.0619105307605295
-4.6608737681513,-3.63506445921407,4.6184071186573,-0.00938435722669879,-0.0995586954486734,-0.0690140338166676,0.0850225683301153
-4.7196727305712,-3.74670746588003,4.49821270640076,-0.0212542595138064,-0.0977151802562927,-0.0375447029060926,-0.0139278264096669
-4.84014078134004,-3.9006855508393,3.90804879646724,-0.0720373160182999,-0.0693586699762877,-0.0484307347505335,-0.0846194149829821
-4.91016907352348,-3.984816584461,3.64672526074097,-0.0875110310405188,-0.0483923490463665,0.0174827388570759,-0.0357386845753358
-5.01778944773343,-4.0210992998687,3.96360831068943,-0.0680746083114215,-0.0732519467539706,-0.0395457658985304,0.0369692313462671
-4.98723784105599,-4.1521986478354,4.31922558895153,-0.0383112357359945,-0.0923701749288214,0.0688628424134385,-0.0387291730378756
-5.04830220942601,-4.3043988198289,4.38287912765638,-0.0323579289415101,-0.0946201058687644,-0.0287064394285184,-0.0575800661247365
-5.17187826751782,-4.253859960079,3.69470968947361,-0.0850891148325604,-0.052534203496497,-0.0384869432592461,0.103073063246401
-5.14958570536,-4.21347367978602,3.89141473375625,-0.0731810134346924,-0.068150856727347,0.0954735755925096,0.108537137020324
-5.19283653215764,-4.35240557212514,3.92300935482253,-0.0709916488108738,-0.07042858651935,0.0277408220132339,-0.0685033058197732
-5.25275032932417,-4.41567153322871,4.75800995232007,0.00456051486319662,-0.0998959543934716,-0.0644743120297188,0.0366299932899006
-5.43778131312344,-4.47315654850164,4.54337381258751,-0.0168211631562334,-0.0985750905151569,-0.168209820643045,0.0410900752422297
-5.47677062999445,-4.6428185857025,4.50580252346074,-0.0205120141157598,-0.0978736802052261,-0.0184773027552501,-0.071788356995635
-5.7009197390796,-4.71183177583491,3.93672440223941,-0.0700190709397683,-0.0713955860311525,-0.154130038145378,0.00238239589874434
-5.77142021399206,-4.76817952410211,4.51454816838426,-0.0196552721338433,-0.0980493257363076,-0.050845202778619,0.0417015774691122
-5.78247439551885,-4.9013652989004,4.42448553229864,-0.0283942590089824,-0.0958841282764297,0.0173400774822013,-0.0373016465218651
-5.80161316461589,-4.9118890436473,4.0735218119898,-0.0596286418939239,-0.0802771764942327,0.0404898727968767,0.0697534317473303
-5.92889102572391,-5.00460292428606,4.21280805361342,-0.0479057725158359,-0.0877783399231324,-0.0793720885921784,-0.00493554071562454
-5.96642822134134,-5.08801957589645,3.77657402899182,-0.0805082744026563,-0.0593162520116249,0.0429710787852255,-0.0241003995987625
-6.02480074887097,-5.19517194464913,3.90486376593333,-0.0722578597383979,-0.0691288775116884,0.0138853322087698,-0.0380234912409914
-6.0097228382896,-5.39335881491629,4.58393567691333,-0.012810034283232,-0.0991761212271504,0.0278879448645944,-0.0990107490400164
-5.86981432737898,-5.4952670988314,5.0188733780496,0.0301708732039962,-0.095340014737299,0.109737637706629,-0.00656826917780766
-5.8165468601721,-5.52140738686252,4.7848544717332,0.00724020856278161,-0.0997375525064026,0.0460272586440928,0.0735972644752813
-5.84860569951768,-5.61982651350429,4.11914323466768,-0.0559055109735971,-0.0829130498943382,0.0238466716280261,-0.0155060767474339
-5.92199063271578,-5.82649700086117,4.12108862356655,-0.0557441071602701,-0.0830216508924288,-0.0176408260378331,-0.123648836464445
-5.94685700642035,-5.91674761160376,4.01295390140684,-0.0643785509034002,-0.0765205997335248,0.0395121771988303,-0.0137300110090673
-5.9463393183862,-5.93953747798585,3.82584653184343,-0.0774890882581741,-0.0632095024574384,0.0780067762923221,0.0404196360753481
-6.024499682333,-5.952433394992,3.95390973575485,-0.0687818350646524,-0.0725882853161511,-0.00937852888214996,0.0596923683099987
-6.0757138466879,-6.04364898191398,3.35838937100477,-0.0976591492439251,-0.0215102433494549,0.0464449848890262,-0.0697053435725235
-6.21913524188077,-6.04315170020341,3.05562339595689,-0.0996306918753839,0.00858634010695529,-0.0437907033174884,-0.00808905839638466
-6.25035394170754,-5.99506731545478,2.14257587284605,-0.054112939505015,0.0840939342528734,0.0228942396782458,-0.0360095495042448
-6.38891215725172,-5.95024803741248,2.86217236349254,-0.0961215482920094,0.0275798468804108,-0.0424366672521643,0.0172394311618912
-6.4112476151954,-5.93531316367178,4.0680700127571,-0.0600654086326592,-0.0799509017196909,0.037729950688974,0.0948857754603871
-6.37329790601383,-6.07538671590234,4.68970775547057,-0.00226792802836114,-0.0999742792044943,0.0402176372099298,-0.0400992730260636
-6.29752000756349,-6.17457391456596,4.283792057866,-0.0415595043141637,-0.0909549756811633,0.117337402764511,-0.00823222298245977
-6.29772947050705,-6.34138984506829,4.29002261704986,-0.0409920009570264,-0.0912121475327664,0.0407825380134653,-0.0756037829695574
-6.44160744526821,-6.3912995036549,3.75784383770157,-0.081605092643925,-0.0577980004375274,-0.0622728821172356,0.00788834185091157
-6.59170351556153,-6.43917192807058,3.78015919967292,-0.0802950985666603,-0.0596045060894753,-0.0698009717266664,0.0117320816737931
-6.63535995908078,-6.54813829879088,3.83984592762222,-0.0765966291689154,-0.064288073543696,0.0329401856496734,-0.0446782971765969
-6.59371140433311,-6.52306171523067,4.21852819252088,-0.0474028872205047,-0.0880509300527832,0.0890514419681724,0.113127513612992
-6.62434951692791,-6.560672748128,3.90669656733039,-0.0721310389431944,-0.0692611956363401,0.0414929263483972,0.0316501627390054
-6.69711573156913,-6.5137570866332,4.11806169882229,-0.0559951516947387,-0.0828525375995401,-0.016771062946482,0.129768199094339
-6.72760524598287,-6.59902654521505,4.50457432230694,-0.0206322071815327,-0.0978484135120152,-0.00985730723221012,0.0125789549301718
-6.68665599474706,-6.74160488703799,4.32710833521762,-0.0375819223455226,-0.0926692997319776,0.0785311735813337,-0.049909042090967
-6.77051507132625,-6.77912623569693,4.20740837677717,-0.0483790465005362,-0.0875183858380567,-0.0354800300786542,0.049997037179118
-6.88712696002733,-6.75563740634977,3.90815316041837,-0.0720300770811596,-0.0693661876974813,-0.0445818116199236,0.092855017044641
-6.96198290134359,-6.95838312872148,4.3252314138733,-0.0377557890326177,-0.0925985982319628,-0.0371001522836371,-0.110147124139745
-6.91979801357749,-7.07667009467289,4.82272953524491,0.0110116791044724,-0.0993918654785196,0.0311732086616201,-0.0188951004728952
-6.89042339145631,-7.10132676214729,4.9672948268808,0.0252154298626575,-0.0967687041188493,0.00415919225852828,0.0721120366444476
-6.79360135500851,-7.30121924487457,5.16837197113319,0.0440345083624301,-0.0897828606877675,0.0527875280853679,-0.110109622039508
-6.76719757719195,-7.24409318463457,4.96341206881361,0.0248395112688806,-0.0968658798541734,0.00156426654767439,0.153991940094174
-6.74312536397781,-7.30338071539047,5.22808068544605,0.0493136717040887,-0.0869951825278927,-0.0252414584899476,0.0277076517719944
-6.78785581283138,-7.38928223830406,4.8477221870766,0.0134920478484257,-0.0990856429804833,-0.0582224967019948,0.0131841200668947
-6.84222450588208,-7.50889457285778,4.61039388143255,-0.0101818348408015,-0.0994803007598723,-0.0441868582099005,-0.0201320337938481
-6.87713713989624,-7.52168585700996,4.52127832745093,-0.0189949444153536,-0.0981793872799053,-0.0159176895988049,0.085388103127718
-6.87440683742885,-7.63042925375515,4.27189543310694,-0.0426385950891223,-0.0904541331771295,0.0453688975565162,-0.018289263568056
-6.84689082867342,-7.75537266189128,4.27149961409746,-0.0426743952134342,-0.0904372489252499,0.0701904039688596,-0.03450615921088
-6.95388623950377,-7.76310987765129,3.866670517414,-0.0748447785435691,-0.0663193721680483,-0.0321506322867798,0.0585821564080406
-6.99608715474744,-7.97332916175325,4.01973929389262,-0.0638578505467649,-0.0769556685601979,0.0216569353030985,-0.133263615541769
-7.05470256400284,-8.05154833868968,4.57122909122749,-0.0140691561317341,-0.0990053475613357,-0.0445462531236639,0.0207861706249099
-7.14626256511971,-8.11502217848581,4.53675481618947,-0.017473258085476,-0.098461592775449,-0.074086743031402,0.0349877529793202
-7.07350410412504,-8.22530977607939,4.86825720117821,0.0155237853152208,-0.0987877122393617,0.057234675679455,-0.0114998853542245
-7.01216906843461,-8.26849903381923,5.3347548077933,0.0582959028634532,-0.0812501551342201,0.00303913282697375,0.0380608973943887
-7.01642336961721,-8.30137329869913,5.28661696737293,0.054318676130729,-0.0839611899832594,-0.0585729773133304,0.0510869251033519
-6.95959666337281,-8.26787471075929,4.74137735211769,0.00289843119579701,-0.0999579866574114,0.0539282750486082,0.133456574597256
-6.90277832428051,-8.48051597411703,4.99423674480838,0.0278130979830516,-0.0960543157832337,0.0290052411092513,-0.116586947574507
-6.89327912728625,-8.54249450749434,5.33444147696027,0.0582704418234421,-0.0812684170493116,-0.0487712448291905,0.0192898836720028
-6.86684611472356,-8.59009553497893,5.42471907840378,0.0653599057409287,-0.0756840982078595,-0.0389268931782327,0.0280830707232703
-6.86862939895026,-8.72305437430475,5.25538428347545,0.0516702778904432,-0.0856164842931802,-0.053453562117148,-0.0473423550326461
-6.80952253445639,-8.80462924404426,5.67056633088229,0.0818144882264746,-0.057501213171898,-0.0227076237325996,-0.0240736565676073
-6.78096778346003,-8.88387603620537,5.3743551362031,0.0614668913711554,-0.0788785222045049,-0.0329121403748019,-0.000368269956602463
-6.74808179988453,-8.96860792131181,5.36946858922297,0.0610807154383897,-0.0791779401192938,-0.0281947318628898,-0.0055539449871497
-6.68908608146517,-9.18695474334327,4.68056751360096,-0.00318160966222661,-0.0999493739848191,0.0621773280815896,-0.118397448046639
-6.73574849570738,-9.33772706216623,4.25063983072245,-0.0445514756954814,-0.0895274595493189,-0.00211093854673066,-0.06124485927364
-6.78813730308044,-9.40409924532346,4.48193344505039,-0.0228421039312511,-0.0973562442167626,-0.0295467034418026,0.0309840610595243
-6.89691840266684,-9.45699315382747,4.13051241122623,-0.0549592650945535,-0.0835432772894779,-0.0538218344918476,0.0306493687854704
-6.96326347169423,-9.56118608978361,4.25930613724216,-0.0437739399951296,-0.089910189507657,-0.0225711290322674,-0.0142827464484859
-7.07808121156348,-9.6792691764498,4.35449130758819,-0.0350305894885406,-0.0936635350607981,-0.0797871503807075,-0.0244195516053902
-7.20986435743092,-9.80612544901075,4.41283509745594,-0.0295093985351611,-0.095546823066458,-0.102273747332272,-0.0313094494944848
-7.12984979972401,-9.83154982544154,5.23851041131181,0.0502183090335975,-0.086476132185743,0.0297962486733037,0.0610517557549449
-7.09764490848478,-9.87827410505431,5.29010769300379,0.0546114300726945,-0.0837710672333545,-0.0224065388334593,0.0370467876205866
-7.07733486052125,-10.023844279288,5.07343395625859,0.0353252030361067,-0.0935528194682439,-0.0150151550725749,-0.0520173547654058
-7.18395465394361,-10.2111140081469,4.63837386471174,-0.00739475554526554,-0.099726213155949,-0.0992250378770919,-0.0875435157029622
-7.3289783799494,-10.2188571783582,3.30078005561514,-0.0987356419072695,-0.0158515935211402,-0.0462880840985247,0.00810842330977757
-7.58270616749635,-10.1230011566717,2.71065826713633,-0.0908575834501939,0.0417719945608425,-0.162870204096757,0.0540840271257241
-7.70235222248245,-10.2863819094345,3.38288571804776,-0.097102979807383,-0.0238958429967844,-0.0225430751787121,-0.139484909766068
-7.84211172759172,-10.4084042113983,3.80296143688205,-0.078915226760439,-0.0614197605445388,-0.06084427834884,-0.0606025414192178
-7.87142925577659,-10.4184158880665,4.05491848940241,-0.0611116600143664,-0.0791540587101413,0.0317941318295041,0.0691423820419525
-7.82439799171029,-10.4624419998951,3.61974442478158,-0.0887846880904048,-0.0460139018198797,0.135815952156705,0.00198778999124558
-7.88842639974363,-10.4554339390786,3.31528215930961,-0.0984953860975851,-0.0172817509959968,0.0344669780642446,0.0242898118124699
-8.03753618642309,-10.4393789971266,2.95547482124405,-0.0982730015174473,0.0185045176308868,-0.0508367851620136,-0.0024495756788578
-8.14172577891562,-10.5396558964649,3.35033419896298,-0.0978292477522758,-0.0207228927571379,-0.00636034474025742,-0.079554006581168
-8.23551092091335,-10.6606470260837,3.18977937157399,-0.0998839244733289,-0.00481680722121322,0.0060987824755955,-0.11617432239755
-8.28326960178368,-10.7298314729348,3.44894122169527,-0.0953139063642462,-0.0302532519506202,0.0475552254939171,-0.0389311949005538
-8.30663602726952,-10.8646050440322,4.32820155074845,-0.0374805923905486,-0.0927103294895102,0.0141141669047082,-0.0420632416078842
-8.32839586946037,-10.8865748108474,4.57083637933845,-0.0141080356229097,-0.0989998148021637,-0.00765180656794282,0.0770300479870173
-8.20986119939295,-10.952060137066,4.95502713217389,0.0240264333284713,-0.097070749979139,0.0945082367389565,0.0315854237604975
-8.13666729648368,-11.0604719813137,5.38387661630068,0.062215134072868,-0.0782896997841674,0.0109787688363999,-0.0301221444635027
-8.14040577832758,-11.1011378249025,5.25181069394409,0.0513639904412896,-0.0858005855804441,-0.0551024722851947,0.0451347419916041
-8.11867036103282,-11.1672302975463,5.23343661740742,0.0497789024505377,-0.0867298153510075,-0.0280434851557702,0.0206373427072048
-8.06539381184996,-11.3438804411618,5.85595227993999,0.0910115738776455,-0.0414354126359794,-0.0377350246947922,-0.135214730979462
-8.01034931953724,-11.438862648344,5.8451776388832,0.0905598479705099,-0.0424136055477266,-0.0355153556577884,-0.052568601634475
-7.92277390831093,-11.6002359675566,4.91088314204584,0.0197193284279088,-0.098036463044891,0.0678560827983986,-0.0633368561677375
-7.98815720780204,-11.6462663972019,4.77694021697853,0.00645064165820953,-0.0997917292274133,-0.0718339411493124,0.0537612995821664
-7.96015459722756,-11.7590264166807,4.65670180039835,-0.00556584028822505,-0.0998449869642236,0.0335684508627059,-0.0129150325146403
-8.04392351040531,-11.9226384159532,4.06728958885163,-0.0601277859295293,-0.0799040008961547,-0.0236411272482261,-0.0837079983762955
-7.93393219439699,-12.10356795223,4.44539987216709,-0.0263828422179309,-0.0964569626128864,0.136374158226255,-0.0844725736639036
-8.01970624546421,-12.1568793581978,3.54300549064412,-0.0920509890253567,-0.0390719262316776,0.00627693795813125,-0.0142394797361376
-7.95101523546806,-12.418928399153,5.15029245713808,0.0424041697472315,-0.0905642666179547,0.0262868402489218,-0.171484774337263
-7.94435199881101,-12.5761292476338,5.43833587597821,0.0663843896074519,-0.0747871166474951,-0.0597211529504039,-0.0824137318332865
-7.8553224088858,-12.5941928767757,5.52660055711736,0.0727184617874648,-0.068644193601972,0.0163111281377446,0.0505805644600742
-7.73871129796786,-12.6704133796237,5.36815992633065,0.0609770459324755,-0.0792578063622049,0.0556340649854685,0.00303730351415332
-7.81721010181761,-12.6681350251089,4.53086159411265,-0.018053207336195,-0.0983569097973109,-0.0604455965135617,0.100635264312173
-7.79172632208526,-12.7351876784115,4.10531928769791,-0.0570463183437785,-0.0821323174117246,0.0825300980761323,0.0150796641090738
-7.83404569031332,-12.82274771756,3.25648922748643,-0.0993406646803898,-0.0114643944828484,0.0570212964523273,-0.076095644665614
-7.97988517770941,-12.8431835844107,3.49505333762162,-0.093818042913416,-0.0346146619786535,-0.0520214444826733,0.0141787951278842
-8.13694246280681,-12.9324091141404,3.47901981731765,-0.0943609551994541,-0.0331060437661557,-0.0626963298979391,-0.0561194859635156
-8.26215712144559,-12.9132970951743,3.52209236267565,-0.0928479167307493,-0.0371384485238661,-0.0323667419080387,0.0562504674899949
-8.32917443067836,-12.9339232869643,3.72122539514483,-0.0836663859918967,-0.0547716701868307,0.0166490767591258,0.0341454783968382
-8.31048310691335,-12.945189461244,4.19965337957666,-0.0490562897846486,-0.0871405785645504,0.067747613549663,0.0758744042848002
-8.36072171773211,-13.0292845723358,4.12846814445437,-0.0551299348832997,-0.083430751403563,0.00489132406454162,-0.000664359688165295
-8.44407005115458,-13.0778699613594,4.19091020687655,-0.0498162902107326,-0.0867083457900107,-0.033532043211739,0.0381229567663492
-8.39166726118424,-13.1436496855997,4.93682956830191,0.0222561015648806,-0.097491876293021,0.0301466884054609,0.0317121520527253
-8.27581130974833,-13.169413033545,5.37824774575096,0.0617734681992489,-0.0786386586014562,0.0540824832366534,0.0528753106561953
-8.26662640265469,-13.19301477602,5.19957303201399,0.0468139421751071,-0.0883654616806008,-0.0376290350814631,0.0647637192056077
-8.22699655469736,-13.3209560362418,5.01622538711116,0.0299183082270884,-0.0954195725877502,0.00971153973024395,-0.0325216876340323
-8.31716823878491,-13.4785866603638,4.97348310215538,0.0258137746119387,-0.0966108122328139,-0.115985458699493,-0.0610198118892199
-8.38629585435295,-13.5903294241936,4.50567229427389,-0.0205247599515722,-0.0978710081123636,-0.0486028556164671,-0.0138717557174397
-8.4248567762777,-13.7883161369166,4.23403036519502,-0.0460322654152448,-0.0887751684917605,0.00747134349049396,-0.109211544231214
-8.53267629154126,-13.8059642900176,3.90029251930018,-0.0725731088269313,-0.0687978478965322,-0.0352464064366245,0.0511496947955332
-8.58216469628448,-13.7810520799043,3.24456111698907,-0.0994703429996744,-0.0102786605901319,0.0499819382564501,0.0351908707033469
-8.67839533310484,-13.6996785820692,3.12204047392213,-0.0999808862224374,0.00195509339317436,0.00375024940207886,0.0794184044420144
-8.77339838588743,-13.7936142497216,3.97566453183725,-0.0671865406899125,-0.0740673257929752,-0.0278165120926776,-0.0198683418594423
-8.752490540933,-13.9162132854598,4.3607724542274,-0.0344415879333083,-0.0938817182449927,0.0553494328877395,-0.0287173174931847
-8.78691171064084,-13.9911231898869,4.35127249408514,-0.0353318929477197,-0.0935502931087384,0.000910723239876177,0.0186403886815555
-8.86021063391926,-14.1136188425221,4.67586996311086,-0.00365109006197622,-0.0999333254793382,-0.0696478332164382,-0.0225623271557944
-8.78361451956115,-14.2164411379485,4.25526935169604,-0.0441365305011928,-0.0897327514083753,0.120732644859306,-0.01308954401809
-8.71009487345418,-14.283788497857,4.21113659121814,-0.0480524237225846,-0.0876981446461964,0.121572069829552,0.0203507847377733
-8.73031775821085,-14.4634245302811,4.06954573076994,-0.0599473582861527,-0.0800394542367178,0.0397244735294787,-0.0995965781873906
-8.82499490769109,-14.5430349599219,4.53730673138418,-0.0174189129778193,-0.0984712215353865,-0.0772582365024192,0.0188607918945165
-8.74129504713797,-14.6544405128419,4.25217647909055,-0.0444138509255787,-0.0895958137747544,0.128113711478698,-0.0218097391452362
-8.66719480515521,-14.7089737521266,5.05287342758033,0.0333943767843956,-0.0942592998020982,0.0407058651983618,0.0397260605174444
-8.61013926592465,-14.6820675837694,4.30000044274683,-0.0400798766450372,-0.0916166114201928,0.0971354158755992,0.118522779777354
-8.65034341533216,-14.8147892838992,4.32090584860785,-0.038155975849129,-0.0924344173292648,-0.00204817355838101,-0.0402872828005106
-8.71803133369358,-14.8923809112629,3.59298222846288,-0.0899841816025562,-0.043621635243514,0.0222962632411345,-0.0339699921202394
-8.85767573131623,-14.8539027056817,3.63485293852489,-0.0880793797479297,-0.0473500038354802,-0.0515650178747204,0.0858282094166813
-8.90690734629664,-14.8267776654561,3.69768998656085,-0.0849321696429329,-0.0527875606534728,0.0357005546625281,0.0799126008790767
-8.93351235003914,-14.9938455639347,3.32656357855465,-0.0982941598466692,-0.018391795454426,0.071689156104169,-0.14867610302408
-8.99192831557974,-15.1457538336561,3.85324541876384,-0.0757283512542149,-0.0653086274263841,0.0173123857136148,-0.0865996422950389
-8.96931352181415,-15.1510099666478,3.30007594532747,-0.0987467787012738,-0.0157820688162757,0.121361572466861,0.0105259358245124
-9.09431251086869,-15.2691084624851,3.57266182709865,-0.0908519523007364,-0.0417842406074911,-0.0341470367538005,-0.0763142552297806
-9.14197785207562,-15.2886004276017,3.74386392821729,-0.0824051029065154,-0.056651557921796,0.0347397616995793,0.037159592805234
-9.17771109457023,-15.3516085361214,3.70729491974833,-0.0844212387779782,-0.0536008809926814,0.0486879962833733,-0.00940722752702863
-9.30446365884351,-15.4251502015774,3.73593703464397,-0.0828515800987918,-0.0559965684228372,-0.0439009841744879,-0.0175450970331479
-9.30471375917334,-15.5416270676098,3.77211481403172,-0.0807719770083998,-0.0589566597608322,0.0805218766785672,-0.0575202062715571
-9.33718274304145,-15.5437251612275,3.96176659765132,-0.0682094018492242,-0.0731264486992979,0.0357404179811181,0.0710283550815912
-9.31179119049858,-15.6729442752338,4.44714798006737,-0.0262141848140232,-0.0965029352638366,0.0516057373568923,-0.0327161787424683
-9.28023309269802,-15.8153790882428,4.45399466917401,-0.0255528499597776,-0.0966801523526576,0.0571109477603417,-0.0457546606563255
-9.21744770974551,-15.9586387359339,5.23533114819089,0.0499431253229137,-0.0866353520970495,0.0128422576295876,-0.0566242955941133
-9.26307603481984,-16.1340770452006,5.32277093442652,0.0573180486178667,-0.0819429149020211,-0.102946373692191,-0.0934953943647085
-9.19017751111978,-16.2393986075044,5.69281342286993,0.0830733719711315,-0.0556669998234683,-0.0101748482710756,-0.0496545624802405
-9.03655089305215,-16.3114474968111,5.69599142068952,0.0832498617709317,-0.0554027121639434,0.0703767562966961,-0.0166461771428105
-8.92931467121272,-16.3017895131315,5.93362235195717,0.0939522484824687,-0.0342487226782029,0.0132839733569669,0.0439067063578536
-8.86210205028001,-16.3799320163968,5.87071940878136,0.091613510536315,-0.0400869640558187,-0.0244008896036052,-0.0380555392095346
-8.85909082212071,-16.492485841276,6.49073676813576,0.0978538404603814,0.0206064530464178,-0.0948426123010775,-0.133160277925626
-8.85791805335814,-16.516403554991,7.30521293988969,0.052163711448231,0.0853167463511455,-0.0509909426856621,-0.109234460066086
-8.87724921274019,-16.364261186995,7.32635762849817,0.0503481891303508,0.0864005778412068,-0.0696793485124059,0.0657417901547458
-8.73173747628397,-16.2980464868902,7.21081832033257,0.0599729729652373,0.0800202631444743,0.0855387634909798,-0.0138055630396977
-8.72616657904615,-16.1931614790361,6.91813200918125,0.0805103310504147,0.0593134604803381,-0.0749394338125855,0.0455715473737602
-8.70535067142542,-16.249905772954,6.46585627059095,0.098336200252574,0.0181656742205089,-0.0775202926318502,-0.0749099681384106
-8.41329681515623,-16.3132611826659,6.07222465646919,0.0977830206316297,-0.0209399349606027,0.194270835637566,-0.0424154747512272
-8.41051778792071,-16.4398515211546,5.8300581652923,0.0899082502888439,-0.0437779228607138,-0.0871292230533251,-0.0828124156279983
-8.35535889444646,-16.5114079532276,5.5646196746918,0.0752750755381865,-0.0658305628315627,-0.0201161820639369,-0.00572586924147061
-8.28827735424116,-16.6202489801075,5.11328198115249,0.0390240695103275,-0.0920712875920237,0.0280574706949716,-0.0167697392878482
-8.44429222796724,-16.7557860460802,4.1757690026823,-0.051123398582179,-0.0859441569707194,-0.104891475143903,-0.0495929090020484
-8.41701127057474,-16.9324503201077,4.79634609376202,0.00838585153603876,-0.0996477671301044,0.0188951058564595,-0.0770165068973686
-8.39274839928425,-16.9849978879302,5.06502888928062,0.0345376468109176,-0.0938464221628311,-0.0102747755204231,0.0412988543403559
-8.21901846471192,-17.1088885580722,5.02235705472441,0.0305028232409954,-0.0952343308598774,0.143227111331338,-0.0286563392821494
-8.09341093876696,-17.1712878229797,5.51680424521917,0.0720425233277983,-0.0693532611530535,0.0535650026171609,0.00695399624555861
-7.95134121343923,-17.3277514591244,5.55361078805118,0.0745458075158913,-0.0666552517196034,0.0675239178118338,-0.0898083844250955
-7.87510357292741,-17.3524707013459,6.20305727655433,0.0996791466604704,-0.00800423144595625,-0.0234415061486452,-0.0167150107755075
-7.99006188885839,-17.2787620997085,7.07063877970451,0.0705651965674779,0.0708558609671296,-0.18552351249846,0.00285274067026791
-7.80445760899492,-17.2353109955191,6.18310603362993,0.0994996248002272,-0.00999122938451575,0.0861046550632347,0.0534423335738945
-7.72345359276921,-17.2333522662139,5.80829594827861,0.0889343316608369,-0.0457240052055839,-0.00793031543512499,0.0476827345107502
-7.58239248172069,-17.1791274869235,5.93165801747792,0.093884791316425,-0.0344332101244038,0.0471763197321001,0.0886579894148252
-7.61441855139683,-17.2417075366148,5.33722772598606,0.0584966493963746,-0.0811057458469968,-0.0905227190725132,0.0185256961556638
-7.66105801672496,-17.2247356856734,5.07591506112432,0.0355572084247236,-0.09346488607515,-0.0821966737528518,0.110436737016608
-7.5897780193209,-17.4199845919417,5.09487981862362,0.0373232469760782,-0.0927737852799091,0.0339567504279761,-0.1024751209884
-7.58707103552603,-17.5243901004898,5.05990315990034,0.0340561638494044,-0.0940222192030295,-0.0313491800545368,-0.0103832893450521
-7.69582774636893,-17.5812959300193,4.77725549066329,0.00648210304328177,-0.0997896905503584,-0.115238813886178,0.0428838610208679
-7.67877273182351,-17.5656513552015,4.58960970468045,-0.0122471030306613,-0.099247208864312,0.0293021175760798,0.114891783682079
-7.70159537621819,-17.5683196859652,4.76758041939944,0.00551634235547896,-0.0998477339102753,-0.0283389867501563,0.0971794031465739
-7.72732282334176,-17.6365356052963,4.317756267332,-0.0384469158270113,-0.0923137837128926,0.0127194687034432,0.0240978643818009
-7.68619388588349,-17.6765151282051,4.47965340352469,-0.0230640206451909,-0.0973039102589316,0.0641929581034556,0.0573243873501358
-7.6535435663137,-17.8089855142036,4.38749824257466,-0.031920524155752,-0.0947685609135332,0.0645708437255468,-0.0377018250849744
-7.6786177736191,-17.900007218567,4.5275461050664,-0.0183792087712508,-0.0982965141037198,-0.00669499853415725,0.00727480974032115
-7.8523788762654,-18.0961142912604,4.19084993076877,-0.0498215165618284,-0.0867053429004202,-0.123939586084462,-0.109401729793027
-7.93840507386298,-18.066597110368,4.12004778363743,-0.0558304891987734,-0.0829635852397041,-0.0301957083988094,0.112480766132118
-8.01649884829469,-18.2170204795768,4.23728012605957,-0.0457435247828252,-0.0889242933086514,-0.03235024964889,-0.0614990759001149
-8.00406371982371,-18.1748727552142,4.39040916305018,-0.0316445255624248,-0.0948610773812371,0.0440796540334057,0.137008801743823
-8.10309703933562,-18.3123784402721,4.7568812421073,0.00444775839818259,-0.0999010382590261,-0.103481077910088,-0.037604646798832
-8.03987469759619,-18.4071961229097,4.97097556185852,0.0255714382056806,-0.096675237512473,0.0376509035337526,0.00185755487485473
-8.08263762426797,-18.5971392273597,5.06432822222755,0.0344718832423814,-0.0938705985158486,-0.0772348099141641,-0.0960725059341913
-8.06085734973041,-18.7065240927547,4.91036231152951,0.0196682653739738,-0.0980467201755313,0.00211200916358179,-0.0113381452193996
-8.04938152501029,-18.7395151810515,4.94541923646751,0.0230926930840361,-0.0972971095466176,-0.0116168683639154,0.0643060212498114
-8.0311909986987,-18.7765278841214,4.84286063376682,0.0130101801704115,-0.0991500641045352,0.00518034614118284,0.0621373610346328
-8.07849792602255,-18.8214823248789,4.65652650172232,-0.00558334289664083,-0.0998440097456955,-0.0417235844272091,0.0548895689881918
-8.11092082019093,-18.9223880750517,4.06400956211923,-0.0603895492741787,-0.079706350678359,0.027966655105796,-0.021199399494506
-8.08728442510713,-19.0121916141287,4.39899150234377,-0.0308292401987799,-0.0951291645541258,0.0544656352825807,0.00532562547712567
-8.22542929000208,-19.1497693679387,4.11381814477431,-0.056346235688217,-0.0826141738672481,-0.0817986292067286,-0.0549635799427452
-8.28810013748655,-19.3022302844836,4.28589808391762,-0.041367858742105,-0.0910422993069334,-0.0213029887423707,-0.0614186172379632
-8.32723227098927,-19.2326572710596,4.08631193374799,-0.0585970378506938,-0.0810332472206585,0.0194649043479784,0.150606260644681
-8.35621201607943,-19.3173094217851,4.11315107583694,-0.056401332496802,-0.0825765686656039,0.0274215874066392,-0.00207558205992813
-8.34776712242603,-19.3566832101966,4.6638153075844,-0.00485545742525418,-0.0998820531086118,0.0133003510786528,0.0605082646971723
-8.24911816657036,-19.4675814657303,5.20147040481266,0.0469815200322226,-0.0882764791745902,0.051667435823445,-0.0226217763590962
-8.20186806649727,-19.4025159298143,5.61111326700904,0.0782533276281119,-0.0622608762797905,-0.0310032275550138,0.127326412195745
-8.02722511456316,-19.4793105688879,5.71972950655172,0.0845414381879291,-0.0534110964979803,0.0901015137461795,-0.0233835425756157
-7.90800176096948,-19.5686308462193,6.24789994417468,0.0999377536166398,-0.00352780414135991,0.019285599977042,-0.085792473190007
-7.91038420371491,-19.6321059843871,6.69141971326985,0.0917823175172787,0.0396989444589832,-0.0941647602627115,-0.103174082626859
-7.82508292166706,-19.785368448773,5.86393217314973,0.0913393228025857,-0.0407078384339558,-0.00603804075473766,-0.112554625951896
-7.6956443568486,-19.8827664344103,6.14242387809734,0.0990109456986334,-0.0140297053376852,0.0304276191198241,-0.0833682802996066
-7.6331942817425,-19.8726608474036,6.07634365416589,0.0978684424324739,-0.0205369904280433,-0.0354183673263685,0.030642577434736
-7.45332041084501,-19.8844158846162,5.60402140027724,0.0778098176415175,-0.0628142681131747,0.102064053255968,0.0510592309005389
-7.42970459948213,-19.9454597578533,6.0766866064261,0.0978754798841614,-0.0205034250174236,-0.0742596685212751,-0.0405404482196323
-7.36100121098305,-19.8860625973701,6.5451482267269,0.0965883488242654,0.0258977001180033,-0.0278849603251902,0.0334994603651325
-7.260032493135,-19.79502059855,7.06797101537934,0.070753971976458,0.0706673577371801,0.0302147458715917,0.0203746410829694
-7.23520687650599,-19.7027213058758,6.82917117413448,0.0854615784035614,0.0519260880172186,-0.0606359617745484,0.0403732046569926
-7.17417131483075,-19.585818588819,6.71796723290455,0.0906961919502646,0.0421212626320812,-0.0296606302750215,0.0747814544247233
-7.06322761222268,-19.5172777316113,6.97432393807267,0.0770520734300863,0.0637414933942137,0.0338916291779801,0.00479936381345798
-6.92266315741794,-19.5011297705795,6.45966854920251,0.0984467211291021,0.017556853332212,0.0421177336756409,-0.00140889230041505
-6.72617803749293,-19.4277200115171,6.44136981787703,0.0987514896765737,0.0157525644470213,0.0977336302484332,0.0576571946154367
-6.6710987865851,-19.4111827192623,6.66617248791621,0.09275524873936,0.0373692899490939,-0.0376759978315311,-0.0208319976942942
-6.52615796379351,-19.2644308890347,6.48799109078545,0.0979100502133924,0.0203377006372645,0.0470307725781955,0.1264141295903
-6.42408305076247,-19.422301964911,5.59082666136096,0.0769742505325113,-0.0638354506129485,0.025100662498529,-0.0940356252633602
-6.46497565739682,-19.5132250864225,4.66510652334792,-0.00472648413202304,-0.0998882392864632,-0.0361661225023261,0.0089651177749813
-6.47524621662319,-19.5531491493994,4.71061187351299,-0.000177710593631714,-0.0999998420945999,-0.0100928486327361,0.0600757791176563
-6.40522440311226,-19.6527679967167,5.35202426379254,0.0596902864018558,-0.080231351161902,0.0103315271090692,-0.0193874961553924
-6.37741358556035,-19.666514637037,5.32356078433102,0.0573827533353467,-0.0818976166909316,-0.0295719357834365,0.0681509763706287
-6.40164470459211,-19.6996725161969,5.69340627403344,0.0831063596158104,-0.0556177398984138,-0.107337478647567,0.0224598607385678
-6.41933038107469,-19.7298608839891,5.4192232521476,0.0649429741144183,-0.0760421601032874,-0.0826286505969978,0.0458537923110967
-6.4210296784039,-19.7987861918556,5.1210137305682,0.0397347681191468,-0.0917668142768269,-0.0414340654483529,0.0228415064102396
-6.40769806912024,-19.9169105883018,4.9034173135323,0.0189868622448379,-0.098180950607007,-0.00565525296118254,-0.0199434458391698
-6.36308701565027,-20.0092321095425,5.49242931352497,0.0703308092003825,-0.071088517196657,-0.0257197557304127,-0.0212330040439935
-6.33605923807677,-20.0349594492427,5.47828936222515,0.0693186237334792,-0.0720758517375711,-0.0422908461599753,0.046348512037348
-6.2890899714735,-20.0389477491041,5.59205587665801,0.0770526598722446,-0.0637407844838153,-0.0300833932689725,0.0597524846224032
-6.29243266357967,-20.0623293722284,5.26265966934918,0.0522917978758619,-0.0852383005163172,-0.0556344899820368,0.0618566773920447
-6.22388368165206,-20.1826816514848,5.33410503946406,0.058243096783384,-0.0812880168110981,0.0103058851442256,-0.0390642624453254
-6.15707822794638,-20.2648328204363,5.53326261109499,0.073174156003256,-0.068158219557227,-0.00636870229757189,-0.0139929493942694
-6.15994409351428,-20.2440884037064,5.13919618467319,0.0413966540635357,-0.0910292097754559,-0.0442625196314388,0.111773626505356
-6.14938970182815,-20.3542241046814,4.9672867680652,0.0252146500206965,-0.0967689073222065,-0.0146602583345635,-0.0133667936527414
-6.12473587359178,-20.4837875261642,5.44061247785757,0.0665544779184017,-0.0746357921443122,-0.0419006496820387,-0.0549276293385779
-6.04320668612425,-20.5680422206711,5.17109538013949,0.0442788602106606,-0.0896626039017649,0.0372503272568689,0.00540790939486144
-6.02645566556138,-20.6617862220332,5.3826353444959,0.0621179073717213,-0.0783668653434489,-0.0453668868088506,-0.0153771360186034
-5.93836016602954,-20.7972955410928,5.59104411225302,0.076988129788223,-0.0638187109844106,0.0111073697436233,-0.0716906080751928
-5.83562139766514,-20.7750933190986,5.42199955998518,0.0651538400019559,-0.0758615655849491,0.0375849283624436,0.0980637875791963
-5.82700294095475,-20.8323248696014,4.62622254074963,-0.00860598531920746,-0.0996289968668037,0.0172244420296,0.0423974463639506
-5.74867156365887,-21.0167345087929,4.52069496394669,-0.0190522154513998,-0.0981682896173375,0.0973835927472747,-0.0862413495741786
-5.80116737418755,-21.0230282880897,4.5178303296634,-0.0193333531423333,-0.0981133092718507,-0.0331624573863431,0.0918195299750483
-5.87367907902353,-21.0187657754729,4.27378986250523,-0.0424671597105223,-0.0905347466231667,-0.0300445451254644,0.094797259239998
-5.98204868691997,-21.1127781948918,4.44602062216207,-0.0263229614796613,-0.096473321177102,-0.0820466464167744,0.00246090175823781
-5.97414771720222,-21.2834794171066,4.85281941099367,0.0139969320978731,-0.0990155840857768,-0.00609596238012227,-0.0716856381291034
-5.86223081842696,-21.3508002282039,4.9742287527056,0.0258858053344009,-0.0965915373218043,0.08603109344086,0.029270726224504
-5.90879165095996,-21.4738111303324,4.64372079821198,-0.00686142294943586,-0.0997643266659429,-0.039699409583562,-0.0232465754625443
-5.93790676509817,-21.5045574438343,4.11371312201734,-0.0563549117457617,-0.0826082557746343,0.0272397976075478,0.0518619422727497
-6.07925877019989,-21.4487286733514,3.62585721273474,-0.0885017578503627,-0.0465557607326501,-0.0528502472513537,0.102384531215562
-6.24235580368426,-21.5584673264026,3.03661819444085,-0.0994495239288415,0.0104781768608274,-0.0636475095555332,-0.120216829912061
-6.33617059503939,-21.5596525879569,2.72824395039469,-0.0915780858775189,0.0401678252711019,-0.00223670547760424,-0.0413530868253687
-6.39391250794896,-21.4701850280044,2.29260254973273,-0.066074152438428,0.075061350770842,0.00833223952885778,0.0144062091816231
-6.47655252846783,-21.424361097055,2.11584110040469,-0.0518456377120518,0.0855104078474116,-0.0307943828068222,-0.0396864768979528
-6.5129393780823,-21.3992404907662,2.81785357236556,-0.0948052595408979,0.0318113621742764,0.0584184099264283,-0.0066907558855168
-6.68032610610638,-21.498476280095,3.09730425960704,-0.0999019429374257,0.00442739170701509,-0.0674847850866536,-0.103663181035796
-6.73281672603952,-21.5173609316511,3.46334970720846,-0.0948681242796017,-0.0316233931713542,0.0423775043464657,0.0127387416152382
-6.8795942974025,-21.6893470992007,3.49369137276223,-0.0938650998382805,-0.0344868530363332,-0.0529124715247034,-0.137499314513277
-6.99671614274286,-21.6601437333284,3.60637499980526,-0.0893919145354176,-0.0448228247179112,-0.0277299308049423,0.0740261905902313
-7.08561767543786,-21.6492562638885,3.8469819138507,-0.076135924024983,-0.0648330245543274,-0.0127656086700174,0.0757204939941992
-7.16683944739173,-21.797519204239,4.72963593223801,0.0017246096827275,-0.0999851275012551,-0.0829463816365975,-0.0482778128492104
-7.04723385491843,-21.913346625158,5.16422230296423,0.0436615612215943,-0.0899648157431169,0.0759440312517031,-0.0258626051758717
-6.91484518497041,-22.0378858942931,4.81735459540119,0.0104772973156568,-0.099449616595336,0.121911372632369,-0.0250896525397719
-6.93259410535717,-22.1071418585351,4.14636489636263,-0.0536280464792773,-0.0844039846856561,0.0358791260925138,0.0151480204436287
-6.91093654047692,-22.305570296851,4.01547619206642,-0.0641853391276194,-0.0766827375689763,0.0858429040078736,-0.121745700746943
-6.92573998024819,-22.2887243033661,4.05696252084101,-0.0609497390783493,-0.0792788074221676,0.0461462993070797,0.0961248009070578
-7.03189110978928,-22.3433450896345,4.1993147601082,-0.0490857944680052,-0.0871239621541901,-0.0570653350730903,0.0325031758858236
-7.09288401335639,-22.4089721731786,3.91767887893314,-0.0713660563403738,-0.0700491684634628,0.0103731527732667,0.00442208491939962
-7.03979784721403,-22.5724332236407,4.25757113832721,-0.0439298681135007,-0.0898341064826185,0.0970160342558601,-0.0736269439795085
-7.04587023995525,-22.5957524024714,3.89503491272675,-0.0729338161317232,-0.0684153379328349,0.0668614233904999,0.0450961591021514
-7.11636619537262,-22.6277414780307,3.79084330157794,-0.0796537072645462,-0.0604589688881144,0.00915775184718326,0.0284698933288292
-7.15074913417153,-22.7033636663173,4.34653590193737,-0.0357746045344395,-0.0933818915550786,0.00139166573552281,0.0177597032684752
-7.12877240443743,-22.8320950914416,5.1371594135717,0.0412111626621988,-0.0911133364114705,-0.0192344329280972,-0.037618088712833
-7.00771994321975,-22.8420472842335,5.00180684759998,0.0285394351509119,-0.0958410175304232,0.0925130260667722,0.0858888247384626
-6.93345188965014,-22.9998491323564,5.24722039979868,0.0509696007595043,-0.0860354566351382,0.0232984528101031,-0.0717663914877599
-6.84362846390366,-23.0528220442687,5.64446118888129,0.0802857055558166,-0.0596171576260116,0.0095377201906639,0.00664424571374687
-6.69707661366944,-23.1182044603986,5.58594684032712,0.0766618297154469,-0.0642103096447901,0.069890020518772,-0.0011721064850871
-6.64784881602595,-23.3378445052765,5.4356245205133,0.0661813713879125,-0.0749668332078607,-0.0169535737444259,-0.144673211670077
-6.51900484611097,-23.337562196191,6.11531917116593,0.0985943534889469,-0.0167078861648203,0.0302496164260382,0.0169901952503126
-6.49138277803485,-23.366803290247,5.56418460907273,0.0752464278004064,-0.0658633061975955,-0.0476243597242859,0.0366222121416561
-6.32022142836111,-23.4348845666754,6.13045077258584,0.0988358737848174,-0.0152141399096906,0.0723254758889155,-0.0528671365187718
-6.23362604643711,-23.4948847985117,5.81826004734924,0.089385507830646,-0.0448355995817779,-0.00279012590663976,-0.0151646322544708
-6.2048577045842,-23.458326740267,6.07489655614006,0.0978386209317641,-0.0206785941052715,-0.0690702790788543,0.0572366523499856
-6.151569161066,-23.4577841057891,6.561793544555,0.0961439128865786,0.0275017820305881,-0.0428553693683849,-0.0269591475527081
-6.03679127284641,-23.4876763662015,6.07259876760142,0.0977908476514103,-0.0209033517795272,0.016987040568186,-0.00898890863288155
-6.01317108273776,-23.4963541122732,5.01338361191925,0.029647026812501,-0.0955042082904143,-0.00602683670385042,0.0868264622187513
-6.05137614505703,-23.6036005019638,4.45196070757889,-0.0257494406850387,-0.0966279788902142,-0.0124556216342295,-0.0106184108003844
-5.91887413941599,-23.7408817403292,4.43612054134965,-0.027276749586672,-0.0962079982744989,0.159778755227705,-0.0410732400909346
-5.89343197383486,-23.7808867278544,4.11925146777101,-0.0558965367094678,-0.082919100235634,0.0813387022906035,0.0429141127103962
-6.01915010289807,-23.8309437028811,4.61186238373786,-0.010035736863753,-0.0994951455378679,-0.115682392199464,0.0494381705112316
-5.7573263787153,-23.9563653592598,5.29295282594536,0.054849548540432,-0.0836153516102803,0.206974175642345,-0.0418063047684523
-5.5398469847205,-23.997005602565,6.05136877226542,0.0973250659650682,-0.0229745845423836,0.120154328029731,-0.0176656587628459
-5.44870020068997,-23.9998015601496,6.23535409022194,0.0998856305414906,-0.00478129807989922,-0.00873884651095964,0.00198534049535795
-5.49449894876782,-23.9471681490161,7.31612351637073,0.0512297702591904,0.0858807931914382,-0.0970285183370452,-0.0332473820580027
-5.47764877139752,-23.8162862759869,7.69148628536299,0.0161781184270228,0.0986826655708146,0.000672058943276155,0.0321992074584096
-5.44403427132019,-23.7770753758314,7.63070177147315,0.0221429252989979,0.0975176438353747,0.0114715747783357,-0.058306743679885
-5.34799689116446,-23.6034313773465,7.88950369233693,-0.00355145884464162,0.0999369158022941,0.0995888390003663,0.0737070826826513
-5.45158470001163,-23.5374604736811,7.59275319356276,0.025826751012048,0.0966073440901968,-0.129414559859211,-0.0306364404247925
-5.35512493242305,-23.4720611295665,7.11224968620588,0.0675565888649925,0.0737299620298721,0.0289031787235844,-0.00833061791534604
-5.19126309924915,-23.481872918679,6.92305236089532,0.0802175145710564,0.0597088800434438,0.0836443186028415,-0.0695206691559126
-5.09603266262878,-23.466650706779,6.61302945285891,0.0946092835544289,0.0323895579673091,0.000621153065940538,-0.0171673460672624
-5.02242472991201,-23.4322454637983,6.7008689470666,0.0914031009917494,0.040564431822621,-0.017795168274972,-0.00615918884192404
-4.94078393565817,-23.3412179949251,7.17255328706307,0.0629903025808283,0.0776673791290507,0.0186504916730086,0.0133600897440719
-5.02107638101227,-23.1531139579916,7.76417618295467,0.0089684785909792,0.0995970199943911,-0.0892609239450809,0.0885070169391843
-5.16506576649605,-22.9882701837566,8.17712475420311,-0.0317548562915437,0.0948242010348804,-0.112234529192229,0.0700195732000579
-5.20484695994741,-22.8473094853054,8.83015762714883,-0.0828361245476572,0.0560194293966391,0.0430549310962949,0.0849412690545888
-5.41161480251979,-22.908094455969,9.12932234068178,-0.0956669576098498,0.029117575820717,-0.111100884962536,-0.0899025464842831
-5.52124282634452,-22.968629637746,9.40081030440891,-0.0999712789473661,0.00239653617288035,-0.00965674487735648,-0.0629317179498845
-5.62105956937247,-22.890258910292,9.23804323014753,-0.0982615674135874,0.0185651385511939,-0.00155517561436667,0.0598055889027616
-5.77360298047257,-22.9426214768392,9.29383152583996,-0.0991438759362149,0.0130572533231312,-0.0533995351638811,-0.0654198198703226
-5.88589524322258,-22.8736377439223,9.67355478755229,-0.096921431471156,-0.0246218626749076,-0.0153708312788626,0.0936055955917837
-5.89064836052935,-22.9562568421829,10.27497681347,-0.0659833738699806,-0.0751411629716653,0.0612302565632117,-0.00747793528890313
-5.94361840516088,-22.9995310854065,10.3773353977137,-0.057960093062517,-0.0814900460926632,0.00499004843099158,0.0382158028690285
-6.00899712542246,-23.0096665196318,10.1114422191215,-0.0773365043758848,-0.063396096811387,0.011957784114303,0.0532606625861591
-5.93069507011289,-23.2112816588214,9.71507074458373,-0.0958160112259243,-0.0286232771141523,0.174118066535497,-0.17299186207547
-6.01806447749674,-23.21474129043,9.55703680054859,-0.0991266541555326,-0.0131873589444371,0.0117572467716844,0.00972772733580225
-6.10161036986729,-23.2523794115206,9.41095904244122,-0.0999904520267555,0.00138184785164813,0.0164445596561967,-0.0390199689422207
-6.08429337059495,-23.2108251839871,9.68295498844296,-0.0966857022839979,-0.0255318423512704,0.114002701556339,0.067086069884807
-6.09791409029958,-23.1784571240153,9.80932878658351,-0.0926967030642763,-0.0375142804944116,0.0790759833596519,0.0698823404661397
-6.15223284901948,-23.1674739858181,9.76969495573296,-0.0941103521392064,-0.0338118562080608,0.0397915934193026,0.0447949944052737
-6.2793832678593,-23.2663186973658,9.88737787635984,-0.089489524276213,-0.0446276264752798,-0.0376608945636076,-0.0542170850723932
-6.28323649208724,-23.3434042458868,10.406049111882,-0.0555966409368504,-0.0831204759162201,0.0517434167089129,0.00603492739519691
-6.31484721062383,-23.4663701176463,10.1905415945362,-0.0720853302518916,-0.0693087668515009,0.0404746117152995,-0.0536571049079716
-6.37286580652151,-23.5913254075435,10.0404072227241,-0.0816410227168107,-0.0577472372477957,0.0236224268191329,-0.0672080526493884
-6.38356401533644,-23.6345263884455,10.6494682175256,-0.033923736552445,-0.0940700807819378,0.0232255277375161,0.0508690998799491
-6.41757402476964,-23.833892180116,10.8310721540081,-0.0163761206055416,-0.0986500008814635,-0.017633888827657,-0.100715790789107
-6.39527708877073,-23.9910759356432,11.0925881015482,0.009686170841621,-0.0995297849612212,0.0126107651572918,-0.0576539705659908
-6.32841230929774,-24.0720918656004,10.9957657482299,1.9146066446264e-05,-0.0999999981671407,0.0668456334065368,0.0189840682099638
-6.27190294389164,-24.1304670428558,10.7838106954092,-0.0210184422418743,-0.0977661755707208,0.0775278076479805,0.0393909983153713
-6.30575006489581,-24.1763673946452,10.5197895782338,-0.0458036142596141,-0.0888933570114015,0.0119564932554375,0.0429930052219439
-6.33542595162258,-24.2304146848763,9.7881701342448,-0.0934696466056719,-0.0355446924787768,0.0637937598789057,-0.0185025977523172
-6.57735659167272,-24.2027145539733,9.88786238448131,-0.0894678913258411,-0.0446709796367563,-0.152462748724302,0.0723711105397908
-6.6217656019199,-24.2102255200378,9.60825338671787,-0.0983215548301536,-0.0182447761230744,0.0539125445829805,0.0107338100585472
-6.68833678320255,-24.2580645540421,9.38654136951221,-0.0999269070604839,0.00382272747202937,0.0333557257778289,-0.0516617614762938
-6.7587464637086,-24.2503181244179,9.61520866997529,-0.0981922800769093,-0.0189281835710085,0.027782599570856,0.0266746131951566
-6.76593446679036,-24.3128092664595,9.70324013678507,-0.0961479288086791,-0.0274877388266329,0.0889599257269253,-0.0350034032149721
-6.885270693447,-24.3858578440423,8.99789139316308,-0.0910259241129716,0.0414038783132636,-0.0283103025436716,-0.114452455896055
-7.12933921999697,-24.4466689374856,8.87656370776688,-0.0853456549409024,0.0521164003237793,-0.158722871609071,-0.112927493767034
-7.25531452040414,-24.3303085094365,8.4668717177371,-0.0575233915770074,0.0817988962118577,-0.068451908830157,0.0345615318372169
-7.29079470654338,-24.2448617633481,8.76141228664238,-0.0787924209449854,0.0615772230749993,0.043312234805742,0.0238695230133957
-7.36056146239077,-24.2912844723326,8.9609693100155,-0.0894355159340573,0.0447357629823052,0.0196687600866733,-0.0911584719668088
-7.32668529525149,-24.2242751353378,8.5377770796579,-0.0631739722947205,0.0775180574092636,0.0970501394339995,-0.0105087204144445
-7.41699299975558,-24.1276149295972,7.91482996383154,-0.00608107881222752,0.0998149311500012,-0.0842266256918709,-0.00315472540935904
-7.52409486694543,-23.9941188844904,8.2500300436049,-0.0385775655634494,0.092259262056434,-0.0685243016263963,0.0412367830502978
-7.55973694841751,-23.9124193483671,8.41019834417146,-0.0527976992441165,0.084925867405213,0.0171556177720424,-0.00322633128190137
-7.64693413781965,-23.7952077762757,7.88135414539426,-0.00273690933854791,0.0999625396199625,-0.084460280063593,0.0172490324714646
-7.61312382870832,-23.8029775068379,7.67794633851015,0.0175127527023078,0.0984545757839005,0.0162975564090172,-0.106224306346123
-7.71293693828296,-23.7202394605499,7.97754510560396,-0.0123249285137083,0.0992375742203122,-0.0874881810609334,-0.0164995279323524
-7.7861207060142,-23.6750251739204,7.51221649683526,0.0335150663025725,0.0942164546707961,-0.106698834033815,-0.0490021680412408
-7.73243460164497,-23.6175698828958,7.28519638164824,0.0538608953590685,0.0842555870617461,-0.000174790989831169,-0.0268002960371549
-7.7182965795748,-23.655164189977,6.72700058101545,0.0903120006548889,0.0429388231989576,-0.0761739785847251,-0.0805331302801415
-7.6188241112547,-23.4602784274301,6.5893850912312,0.0953485979169171,0.0301437369162828,0.00412387040318662,0.164742025630634
-7.45460437773714,-23.419005291211,6.37692093130891,0.0995610032119641,0.00935984184841167,0.0646587303056,0.0319132943706308
-7.44077934048308,-23.3269695497912,6.84598050723081,0.0845767031398582,0.0533552367251079,-0.0707516658857986,0.0386805046947098
-7.3856833258506,-23.206607722056,7.49069031895511,0.0355352650937609,0.0934732311130633,0.019560749538714,0.0268885966221016
-7.36558220233024,-23.1027297543674,7.9341695674289,-0.0080102024944854,0.09967866700552,0.0281113260148487,0.00419930068309036
-7.54275886773047,-23.0010327891386,8.32121990417564,-0.0450422290684823,0.089281563609417,-0.132134436331751,0.012415401619449
-7.5143942099007,-22.7893451353463,8.45654294025609,-0.0566754556270462,0.0823886686958026,0.0850401134568212,0.129298985096462
-7.50880985680897,-22.7079178997097,8.43778656982088,-0.0551202648819571,0.0834371404072724,0.0607046179736877,-0.00200990477067986
-7.52107181288479,-22.7115907003604,8.62364265495671,-0.0695891841983059,0.071814660359945,0.0573272281224827,-0.0754874610106318
-7.5267476384879,-22.6511758521138,9.72848396765804,-0.0954234731190165,-0.0299058652759678,0.089747647515908,0.0903207135225702
-7.58960209247975,-22.5433919534772,9.37404891285143,-0.09987135577656,0.00507072927218318,0.0370169017847076,0.102713169364396
-7.71318829384053,-22.4828759278535,9.18458432426448,-0.0971291928736326,0.0237890708460142,-0.026457008487149,0.0367269547777001
-7.83330337328597,-22.328319889206,9.26947307505175,-0.0987964416567155,0.0154681322715836,-0.0213186377887226,0.139087906375874
-7.92455837792785,-22.2572285645745,9.02104926921879,-0.0919602573672013,0.0392849979630659,0.000705252725324579,0.0318063266684726
-7.90703676099131,-22.1732855640486,8.46958784685329,-0.0577453554823238,0.0816423537155811,0.0752669724188651,0.00230064681028046
-7.99105915282475,-22.0583915923515,8.62782042853073,-0.0698886014191306,0.0715233066327187,-0.0141337904143144,0.0433706650643754
-8.06849475632663,-21.9928071176634,8.39234648590917,-0.051273282426224,0.0858548222829718,-0.0261623210756519,-0.0202703475948341
-8.03203347028108,-21.9161098412349,8.4730701191654,-0.0580293056994789,0.0814407740633427,0.0944905917450302,-0.00474349763484292
-8.18186496592643,-21.8461964151735,8.52256697405534,-0.0619876524933988,0.0784699365257653,-0.0878438431519562,-0.00855651046433059
-8.1572112427541,-21.6648983772879,7.94641832509877,-0.00923051091560349,0.0995730770250519,0.0338842340879311,0.081724960860572
-8.21286334242012,-21.7248287610999,9.02086160014684,-0.0919528831687299,0.0393022553673185,0.0363007835027095,-0.0992326391793551
-8.23213712968468,-21.704043332585,8.20826952043149,-0.0346922566396467,0.0937893774861999,0.0154184693750882,-0.073003948971348
-8.18748472663911,-21.5303076426181,7.75339874994669,0.0100413371690124,0.0994945804949104,0.0346110658765592,0.0742411094719933
-8.19842597047166,-21.5413862513602,8.209783149174,-0.0348341791417231,0.0937367588703724,0.0238929353091751,-0.104815367612425
-8.24295664725735,-21.4687158104722,8.28337197953002,-0.0416316569983425,0.0909219727875081,-0.00289901978734815,-0.0182515318995346
-8.3672348398777,-21.4012392226902,8.66836445594055,-0.0727302157121301,0.0686317399055788,-0.0515479769082159,-0.0011551521235373
-8.43368103092506,-21.4057280735784,8.52476797893778,-0.0621602149202401,0.078333311439448,-0.00428597612712554,-0.0828221623276701
-8.4692528548797,-21.3486588971914,9.04263125638165,-0.0927866239788646,0.0372913181666295,0.0572148000242323,0.0197778582203733
-8.57182788368009,-21.2972415296833,9.76979476282026,-0.0941069770075897,-0.0338212489197692,-0.00846805179280752,0.0852386164278118
-8.81431096572246,-21.3438681096809,9.70216670963751,-0.0961773794950741,-0.0273845152131731,-0.146305702547293,-0.0192420647844051
-8.94013366320718,-21.2651546759045,9.26976519181335,-0.0988009559420994,0.0154392715154356,-0.0270217415426227,0.0632741622609418
-8.98547767232679,-21.300964880025,8.67977629476866,-0.0735086772878799,0.0677973035111746,0.0281646681682726,-0.103607507631623
-9.09233387004963,-21.3103504363567,8.21755786393177,-0.0355618955709251,0.0934631027914365,-0.0712943021519185,-0.1028486591231
-9.07443403638551,-21.1582112435997,8.04460480536492,-0.018947081521053,0.0981886352987685,0.0368469151851772,0.0539505574582149
-9.15763184714227,-21.154408383797,7.90340294246811,-0.00494011926416507,0.0998779015681438,-0.0782576914925957,-0.0960750417654635
-9.1945621993893,-21.0824625647296,7.99780413205618,-0.0143327184707296,0.0989675359966025,-0.0225976337763035,-0.0270217169292296
-9.1533782575517,-21.0193984926448,7.64812347353743,0.0204407276246601,0.0978885930748545,0.0207432142129413,-0.0348245209900543
-9.14314365833393,-20.8915713106381,7.48303069622253,0.0362501853600196,0.0931983050348247,-0.0260155861422505,0.0346288769718667
-9.09723299765507,-20.7211251067779,7.21018909188815,0.0600233121151127,0.0799825106053302,-0.0141126514362526,0.0904636932548741
-9.09730843741089,-20.6985481661807,7.40904028975556,0.0430404936226857,0.0902635912686591,-0.0431159333785084,-0.0676866506714803
-9.0613945111248,-20.686959708133,6.79593105070709,0.0871400809958821,0.049057173624569,-0.0512261547097919,-0.0374687155768351
-8.96889712919059,-20.7956928814078,6.17495023194729,0.0994148300232152,-0.010802387303519,-0.00691744808900854,-0.0979307859712441
-8.89422348952446,-20.8954381485954,5.87489642015909,0.0917801545456435,-0.0397039447861014,-0.017106514879513,-0.0600413224015136
-8.84644636747268,-20.8942880286605,6.08415897285061,0.0980259550754265,-0.0197714979591955,-0.0502488330236405,0.0209216178940885
-8.74347808636081,-20.8463954957783,5.96801089145262,0.0950742327587258,-0.0309982300355946,0.0078940483531428,0.0788907629178077
-8.77177085913088,-20.8081625354907,6.75737696302461,0.0889662117902601,0.0456619443266555,-0.117258984560331,-0.00742898403908434
-8.72705918128956,-20.7919312344674,6.55482337678472,0.0963332678872659,0.0268309801938033,-0.0516215900459492,-0.0105996791704992
-8.61559190313375,-20.7347106189551,6.68894974956529,0.0918800924005007,0.0394721246004755,0.0195871857553128,0.0177484909117755
-8.5263038313976,-20.6844621848635,6.65908554238488,0.0930177513478874,0.0367110056275034,-0.0037296796117356,0.0135374284641011
-8.50828316896926,-20.569111669975,7.14829295215612,0.0648558183846908,0.0761165082071689,-0.0468351559563556,0.039234006681345
-8.40367885593071,-20.4919059686769,7.16293302973958,0.0637345563952404,0.0770578115514704,0.0408697566433061,0.000147889746619789
-8.29837814137828,-20.4253475629436,6.90431595536786,0.0813220990233973,0.0581954999156187,0.0239786155290359,0.00836290581770109
-8.24922298144628,-20.3520310486312,6.98014033146598,0.0766800265706437,0.0641885778400284,-0.0275248666386436,0.00912793647238779
-8.16832552559487,-20.3650025893307,7.24396967531444,0.0572877261951522,0.0819641167059663,0.0236097296562618,-0.0949356574054971
-7.98396229942271,-20.3262972756468,6.44504373420686,0.0986929497466825,0.0161152620301005,0.0856702764254706,0.0225900516538295
-7.83786933382587,-20.311042956101,6.39948858039696,0.0993244394419913,0.0116041255394019,0.0467685261548471,0.00365019400643822
-7.67701578187139,-20.2309338501139,6.34401590270374,0.099815038978181,0.00607930866005403,0.0610385129763005,0.0740297973270486
-7.4532512948964,-20.3349381927401,5.92525493529027,0.0936623895422273,-0.0350336521824385,0.130102097432765,-0.0689706904437783
-7.32324635318754,-20.35332615201,6.02535499548656,0.0966945487701873,-0.0254983183392526,0.0333103929386748,0.00711035906927942
-7.24476682939513,-20.3021053296211,6.2501883380352,0.0999455649407074,-0.00329909816205109,-0.0214660411482982,0.0545199205510053
-7.18772940556736,-20.2959479393327,6.46015538538621,0.0984381621515633,0.0176047786757613,-0.0414007383237954,-0.0114473883873991
-7.08441244562458,-20.260966830112,6.41762535139884,0.0990976540474502,0.0134035429007364,0.00421930589533384,0.0215775663199446
-6.95665051954186,-20.2759122511526,5.53347639328995,0.0731887253447941,-0.0681425746681493,0.0545732007379281,0.0531971536275846
-6.96705378874565,-20.4189028221486,5.32782113225357,0.0577311438570925,-0.0816524036936555,-0.0681344130608886,-0.0613381673023749
-6.85504953509274,-20.4748480263594,5.2554190151652,0.0516732514644479,-0.0856146896454804,0.0603310021884628,0.0296694854346726
-6.74747674218091,-20.4271690284105,5.88874999635201,0.0923213714209514,-0.0384286921317228,0.0152514214908761,0.0861076900806901
-6.77289068722835,-20.5301859544913,5.92594864877754,0.0936866703203367,-0.0349686688950057,-0.119100615367774,-0.0680482571857848
-6.65576162744877,-20.5168227822032,5.76530748749194,0.086887169395641,-0.0495037351561799,0.030241890383937,0.0628669074442088
-6.55706981005967,-20.607550743982,7.03055803612352,0.0733477191339267,0.0679714064725058,0.0253440982551728,-0.158699368251287
-6.50838201424273,-20.5310129008295,7.33123667340609,0.0499260392333797,0.0866451995581234,-0.00123824341643757,-0.0101073564056471
-6.52317814378415,-20.3084249927939,7.87422732122299,-0.00202443041999784,0.0999795063074158,-0.0127716991214225,0.122608401728191
-6.47882764799501,-20.2636271269258,7.42805194603114,0.0413167585158887,0.0910655009635358,0.00303373727325249,-0.0462676350954
-6.51100188763459,-20.1149270284831,7.86821469809155,-0.00142325835659781,0.0999898711652854,-0.0307509812829835,0.0487102272773883
-6.4855270131735,-19.9678382221569,7.79605127540681,0.0057897962333751,0.0998322505985716,0.0196850782277203,0.0472565557276144
-6.46836784668809,-19.9924053798776,8.62029133644879,-0.0693481200590358,0.0720474721574432,0.0865072865444482,-0.0966146298781117
-6.55343203421599,-19.9420519205935,9.37058522276849,-0.0998531932918165,0.00541662158795712,0.014789005763915,0.0449368376961083
-6.6141504932283,-19.88194186208,8.61130261718424,-0.0686977127352183,0.0726679039531857,0.00797925372290258,-0.0125578454396249
-6.55567102362546,-19.8097215085596,8.80959406498217,-0.0816667332849092,0.057710871372485,0.140146202887748,0.0145094821479229
-6.70125381538705,-19.8100310576777,9.14875713384733,-0.0962147493786898,0.0272529264849835,-0.0493680423828978,-0.0275624756031421
-6.82561023010567,-19.7688548595771,9.02606499078492,-0.0921561424115758,0.0388232586965257,-0.0322002723070398,0.00235293940406471
-6.91847971084662,-19.7915065573049,9.55214223138307,-0.0991900129615697,-0.012702020653567,0.00632053222061736,-0.00994967707423147
-7.09534465867114,-19.9140527728088,9.04015296378904,-0.092693920331366,0.0375211558137856,-0.0841710274931506,-0.160067371317617
-7.19470272750971,-19.7823994298245,8.98528791772848,-0.0904968756361823,0.0425478025295004,-0.00886119320239545,0.0891055404547831
-7.24844744617193,-19.8409614957534,9.66715839836705,-0.0970769387083563,-0.0240014160210192,0.0433322200461362,-0.034560649907883
-7.28673950223342,-19.7133995010986,9.42737847570214,-0.0999996618662948,-0.000260051200168706,0.061707605804807,0.127822045855006
-7.37699763902957,-19.62975519767,9.37129981543885,-0.0998570384749217,0.00534526585101236,0.0095989016787688,0.0782990375775671
-7.42508074946315,-19.515003148964,8.18750258523142,-0.0327371981896566,0.0944895542094,-0.0153459122439153,0.0202624944965554
-7.43201857021793,-19.2819680162376,8.58935885805757,-0.0670866944345417,0.0741577739002893,0.0601488736797547,0.158877358826089
-7.46427002726169,-19.2822953351505,8.51426323415642,-0.0613339289616936,0.0789819546359921,0.0290824719179355,-0.0793092735488965
-7.46808608693472,-19.1958132579772,7.74312311869324,0.0110631586775373,0.0993861485322559,-0.0148792183505657,-0.0129040713588786
-7.49204484605613,-19.0311098855456,7.92970689015171,-0.00756529048531546,0.0997134212625,-0.0163934686360983,0.0649899511691109
-7.66174724835607,-18.972020645328,8.6089756524295,-0.0685284312456202,0.0728275642254655,-0.101173971054319,-0.0137383240079326
-7.80477115730167,-18.9967059413507,9.15264467219568,-0.0963199688649986,0.0268786829633763,-0.046703940080596,-0.0515639789860743
-7.88854126572025,-19.0560064413674,9.56040521957092,-0.099081671331606,-0.0135211836070521,0.0153115629130242,-0.0457793164095967
-7.96684223131178,-19.1155576152278,9.63461119968851,-0.0978065664123046,-0.0208296799455837,0.0195056008207713,-0.0387214939148855
-8.09399726474739,-19.0672469357334,9.80412992559586,-0.0928904810074286,-0.0370318584222903,-0.0342645524281815,0.0853425379167721
-8.21352843287302,-19.180067649037,10.214064688408,-0.0704351811922028,-0.0709851058351085,-0.0490959869334215,-0.0418356074685293
-8.25573376288624,-19.2797449501055,10.0676500770769,-0.0800377237213982,-0.0599496687355079,0.0378323937081721,-0.0397276323329747
-8.28823748453478,-19.3571490368664,9.63851173860629,-0.0977245756174735,-0.021211018843627,0.0652208539689331,-0.0561930679173003
-8.34016152900006,-19.43813028098,9.80522128921099,-0.0928500104728308,-0.0371332136394792,0.0409259660075579,-0.043848030474158
-8.49816437196411,-19.5599714955926,10.576761755735,-0.0406675901773187,-0.0913572498993356,-0.117335252786735,-0.0304839647132297
-8.47963267681343,-19.6785545708057,10.9583066348235,-0.00372590266363774,-0.0999305641400122,0.022257597814315,-0.0186525110731292
-8.63203117808661,-19.6622968209539,10.2945046720382,-0.0645035405642844,-0.0764152684656131,-0.0878949607088908,0.0926730183174559
-8.7193332031519,-19.7914964513936,10.2576676420105,-0.0672740558907274,-0.073987846326348,-0.0200279691745673,-0.0552117841133173
-8.72469431818468,-19.8269953734697,10.2031291030447,-0.0712072178798409,-0.0702106268438964,0.0658461028470644,0.0347117047677529
-8.76062337845273,-19.7266680941339,9.85929460239819,-0.0907073628598179,-0.0420972008929017,0.0547783025917678,0.142424480228758
-8.75559946999186,-19.7654614000886,9.7174204191046,-0.095748491404314,-0.0288483343331639,0.100772399865182,-0.00994497162154975
-8.75413863963671,-19.8056240504447,9.48264105622134,-0.0998326398124685,-0.0057830811920584,0.101293470167624,-0.0343795691640863
-8.75314001244305,-19.9236900744897,9.38350472431359,-0.0999148380879545,0.0041261519431351,0.100913465281612,-0.122192175988156
-8.78033127859802,-19.9809435632945,8.75680106016155,-0.0785076377333256,0.0619398968156463,0.0513163715783597,-0.11919338562044
-8.92691623377117,-19.9035855042841,8.70614158623669,-0.0752704183612037,0.0658358877796097,-0.0713145368119533,0.0115221712307767
-8.9963897767127,-19.8138808552934,8.78839249215141,-0.0804249095228544,0.0594292346260717,0.0109513665813254,0.0302754143647086
-9.03200959631334,-19.7162738663419,8.53598982256623,-0.0630353267727402,0.0776308416716826,0.0274155071721068,0.0199761472798216
-9.1547971862577,-19.5937153195653,8.25528059159619,-0.0390614432639449,0.0920554379172551,-0.0837261466804214,0.0305031088593204
-9.07325594190461,-19.4965390455127,8.3192893628792,-0.0448697834940525,0.0893683530630214,0.126411027847148,0.00780792098956402
-8.98630489565214,-19.3841476244653,8.05915621927139,-0.0203738086454219,0.097902542976573,0.107324854897888,0.0144888780708419
-9.03299885061339,-19.2381973374453,8.08463337545399,-0.0228612053848436,0.0973517605816762,-0.0238327495764096,0.0485985264382542
-9.06701928802908,-19.2768476584486,8.81500691632151,-0.0819779157546722,0.0572679782122599,0.047957478338983,-0.0959182992154872
-9.15774706718374,-19.3142620605065,9.24935137958466,-0.0984652178055496,0.0174528187553091,0.00773743865089411,-0.0548672208132074
-9.19256190904453,-19.2389967615599,9.21433387969111,-0.0977938245192332,0.0208894204300032,0.0629789826584435,0.0543758785165323
-9.29792951923249,-19.2501889637828,9.27477886498392,-0.098877121305977,0.0149437238412356,-0.00649048888197941,-0.0261359260640525
-9.32232340862218,-19.1975600907956,9.29013219213508,-0.099094894514415,0.0134239294238673,0.0747010051247249,0.0392049435633419
-9.31857689193896,-19.2122965071366,9.58776121035674,-0.0986747605057856,-0.0162262638683667,0.102421277189004,0.00148984752729389
-9.55199429009525,-19.2214743912435,9.57649661201358,-0.0988512785733265,-0.0151137263578048,-0.134566119582969,0.00593584225089332
-9.70337270541846,-19.1070769246982,8.91214458004495,-0.0871455926473206,0.0490473820111457,-0.0642328226758884,0.0653500845341813
-9.80077620600558,-19.0378303786743,9.37148310205965,-0.0998580165133334,0.00532696330218619,0.00245451592621881,0.0639195827217735
-9.9722668631342,-19.0842958198331,9.81046397598871,-0.0926540575326342,-0.0376194846155461,-0.0788365995959835,-0.00884595654331371
-10.0636970084288,-19.03100196888,9.70356782326833,-0.0961389162862648,-0.0275192437269371,0.00470877099162346,0.0808130946800631
-10.0763636427929,-18.9948823458529,10.2393329445991,-0.0686192175190509,-0.0727420304024653,0.0559525831549702,0.108861653429563
-10.179665539988,-19.1349685300468,10.1536522989375,-0.0745924599770696,-0.0666030398297951,-0.0287094372180463,-0.0734831443641682
-10.2398819116376,-19.1554118347575,10.3068202418925,-0.0635575751079313,-0.0772038512407229,0.00334120345838587,0.0567605465301118
-10.3136786350936,-19.3302352510542,10.4142002355862,-0.0549172762249242,-0.0835708847149256,-0.018879447231121,-0.0912525315817673
-10.3655953562873,-19.428020054953,10.5810124356283,-0.04027889352533,-0.0915292889537285,-0.0116378276683404,-0.00625551494513417
-10.4567775234094,-19.5343269518364,10.9045274255166,-0.00909211248751815,-0.0995858096844843,-0.0820900546346166,-0.00672108719893911
-10.4058979201807,-19.5978190732373,11.5962982188436,0.0565239811652492,-0.0824926636327774,-0.00564437793648747,0.0190005422319246
-10.2248664565634,-19.6029505148869,12.501805924597,0.0997916424368145,-0.00645198417256002,0.081239821180492,0.00132054252291347
-10.0869289110018,-19.7112546887149,12.0694819917037,0.0879069985453132,-0.047669273193057,0.0500305470162878,-0.0606349006349077
-10.1103386997973,-19.7264498324014,12.1314692189639,0.0906911590896631,-0.0421320977756084,-0.114100947885217,0.0269369540890696
-10.0320081759646,-19.6501905824642,12.9426095234733,0.0930053129537826,0.0367425062069663,-0.0146747891210734,0.0395167437303225
-9.93171146235102,-19.6229753783414,13.027150040141,0.089570620078222,0.0444646378463023,0.0107260935353579,-0.0172494337235313
-9.91781431335757,-19.7115114813891,12.1622747242987,0.0919458257750943,-0.0393187629832883,-0.0780486767816401,-0.0492173400644324
-9.86734762489857,-19.7415408926522,11.997128573857,0.0842309752522627,-0.0538993766944731,-0.0337642867932573,0.0238699654314207
-9.81234107433043,-19.771743243323,12.1055407400444,0.0895683767884947,-0.0444691564960956,-0.0345618262203637,0.0142668058252792
-9.71098275194828,-19.701604323038,12.6392222095358,0.0997347495999835,0.00727871707298747,0.00162357278216598,0.0628602032119661
-9.57244154814493,-19.6027054666873,13.0027293654601,0.0906296613495045,0.0422642222651043,0.0479115424538489,0.0566346340856471
-9.46841564357995,-19.5003538266293,13.5800469085705,0.0528743931296786,0.0848781394186289,0.051151511435304,0.0174735006393596
-9.40047191580788,-19.479518744769,13.0559895248342,0.0882512145131662,0.0470289606195068,-0.0203074867410934,-0.026193878759227
-9.3088863843629,-19.3260845783334,12.9067380365063,0.0942632071352172,0.0333833458566265,-0.00267767569024504,0.12005082057903
-9.1741609171025,-19.242471372286,12.886444957226,0.0949212029679382,0.0314637128629075,0.0398042642924698,0.0521494931844727
-8.95315185730282,-19.1984139825909,12.4421554197603,0.0992295207066486,-0.0123896012982174,0.121779539093024,0.0564469909932648
-8.7804526425364,-19.2651623444348,12.7192630898577,0.0988334696170577,0.0152297499471964,0.073865745149364,-0.0819781117911026
-8.75072812068013,-19.2946614154519,13.341803627383,0.0714117980914713,0.070002536335071,-0.0416872762351971,-0.0995016073521844
-8.57942519939379,-19.2253801463804,13.3749559934365,0.0690522334505344,0.0723311071081655,0.102250687835804,-0.00304983803658887
-8.50741584730914,-19.167147877847,13.4382885584129,0.0643359421998983,0.0765564271714096,0.00767340988475143,-0.018324158638082
-8.43985643993734,-19.0846126914378,12.7279388855824,0.0986976215289293,0.0160866250199424,-0.0311382141571299,0.0664485613892692
-8.27456391081924,-19.0874479872231,12.6945868030174,0.099179155887996,0.012786517795889,0.066113373230106,-0.0156218135811775
-8.10617706282987,-19.067006574291,12.6965813084006,0.099153455856488,0.0129843055923481,0.0692333921328804,0.0074571073397502
-8.03477119428993,-19.3125025216122,11.4809275371348,0.0466520841400078,-0.0884510206011985,0.0247537843999305,-0.157044926719974
-8.04249200489439,-19.3917199838409,11.5734154184381,0.0546216847713032,-0.0837643811697095,-0.0623424953757577,0.0045469189409534
-7.88902020716909,-19.5083547366943,12.1529819056994,0.0915764788717223,-0.0401714888628364,0.0618953188535786,-0.0764632639905298
-7.76221934844386,-19.441312022887,12.946678199857,0.0928550501891144,0.0371206095636514,0.0339458085361162,0.029922104243659
-7.59015720440508,-19.3246191752238,13.000622087841,0.0907185225074358,0.0420731467098416,0.0813436215313386,0.0746197009533939
-7.52388059598867,-19.2366874422784,13.5353624910641,0.0566130830262437,0.0824315402638071,0.00966352539016757,0.00550019268155335
-7.47958129953146,-19.2475557605139,13.5733667463331,0.0534402089103191,0.084523038703193,-0.00914091245311255,-0.0953913569386475
-7.51140652319147,-19.1606553632992,13.2489094470139,0.077597381421575,0.0630765122412028,-0.109422605081578,0.0238238849734196
-7.46062566717007,-19.0702514737619,13.2546429705727,0.0772344572968579,0.0635203794546272,-0.026453601275458,0.0268835100826546
-7.36781849410556,-18.9749099841168,13.2447493093542,0.0778591161605994,0.0627531515598244,0.0149480569039024,0.0325883380853627
-7.32158942019097,-19.0147691789225,13.170563875074,0.0822960672639674,0.0568098346493329,-0.0360669933493735,-0.0966690294550402
-7.38662464760499,-19.0226491746665,13.720825982309,0.0404416700840043,0.0914574836785736,-0.105476897498025,-0.0993374794226013
-7.49382290844702,-18.9253196428461,14.1197422997831,0.00174237596448413,0.0999848194777507,-0.108940636806515,-0.00265528765735938
-7.62878809827309,-18.8651865918999,14.9282853537171,-0.0711140017425471,0.0703050407592586,-0.0638511880835219,-0.0101719898130465
-7.74753944219329,-18.8457623757158,14.995784990113,-0.0756940202884458,0.0653484146140697,-0.0430573236317526,-0.0459241984300088
-7.86619891330869,-18.8224868569082,14.9816853780349,-0.0747651396952285,0.0664091400814147,-0.0438943314201752,-0.0431336212737976
-8.00024193802476,-18.766048202352,15.0150137179938,-0.076936516464421,0.0638809238687096,-0.0571065082516446,-0.007442269312478
-8.13488253305376,-18.7264912677217,14.9710232514681,-0.0740528408084194,0.0672025056690812,-0.0605877542205768,-0.027645571038764
-8.19603170940646,-18.72915810416,15.2266415001683,-0.0886383783299975,0.0462951173130411,0.0274892019772915,-0.0489619537513884
-8.30750511859075,-18.8094847489797,15.7384321783608,-0.0999535858658132,-0.00304641963056773,-0.0115198233184707,-0.0772802251891437
-8.41424773245916,-18.6167907274747,14.6478432173835,-0.0488767351568948,0.0872414165428483,-0.0578658787115233,0.105452604962175
-8.55650395185667,-18.4981886296524,15.2676123010815,-0.0904602116860634,0.0426256976683384,-0.0517960077114407,0.075976400153965
-8.64315441581219,-18.3977674218776,15.0586215184747,-0.0796481990320989,0.060466225208319,-0.00700226492342022,0.0399549825664554
-8.6943562247029,-18.153184127472,14.6836274715562,-0.0519666476534893,0.0854369213610726,0.000764838762772446,0.159146373044511
-8.80195488765597,-18.1041252234377,15.2203536026096,-0.0883455290220178,0.0468515474858603,-0.0192531339310533,0.00220735654845381
-8.95260325416697,-18.0789256574323,16.0956077510118,-0.0925802033371019,-0.0378008723452365,-0.0580681631738963,0.0630004383506307
-9.05342324535648,-18.100798703071,15.7624793070682,-0.0998514368735218,-0.00544890395337353,-0.000968554315988157,-0.0164241416852704
-9.14800895611026,-18.0762722016607,15.6195630088102,-0.0996095240932054,0.00882851685874453,0.00502381333942379,0.0156979845514908
-9.33162178358195,-18.1182077547804,15.9950968553719,-0.0959059594827768,-0.0283204331832685,-0.0877068679889129,-0.0136151199364366
-9.41723849939378,-18.2304725309296,15.8113437191917,-0.0994660998748351,-0.010319640288757,0.0138493840630064,-0.10194513586042
-9.43860610113373,-18.3607202711463,16.0398374120058,-0.0945433379121455,-0.0325815477905804,0.073175736172199,-0.097666192426095
-9.48116124808872,-18.3701710701238,15.668536225198,-0.0999222854829924,0.00394168287097895,0.0573671385280023,-0.0133924818485115
-9.62795623918495,-18.3367788350442,14.9966669433619,-0.0757516250885801,0.0652816306202534,-0.0710433660076504,-0.0318893955406793
-9.67894633054522,-18.2479864655661,14.4178632107056,-0.0277024735161662,0.096086278734719,-0.0232876178441004,-0.00729390925655506
-9.6754279538163,-18.2102213674955,14.7894277306518,-0.0606984635489572,0.0794713566185699,0.0642168402778746,-0.0417062585479681
-9.74748787866901,-18.224815467506,14.5364686394484,-0.0388775068952639,0.0921332700907154,-0.0331824179574469,-0.106727370101201
-9.90209038689698,-18.1337611651104,14.9236470439046,-0.0707871413823682,0.0706341320815413,-0.0838153668455944,0.0204201703140166
-10.0072320848145,-18.138979920654,15.6178291736312,-0.0995940671855034,0.0090012099991851,-0.00554763073200009,-0.0142199655427993
-10.0304177903317,-18.1685661793581,15.2389542874686,-0.0892016669457519,0.0452002501552718,0.0660159614285555,-0.0747865088593127
-10.0692348132314,-18.0679046280471,16.0733022907656,-0.0934002693529346,-0.0357265963226174,0.0545832464532157,0.13638814763362
-10.2971151436434,-18.0338200558981,16.252181970174,-0.0855532068643869,-0.0517749823294941,-0.142327123547609,0.0858595544784822
-10.3681046643512,-18.1212014603739,16.1855867955721,-0.0888089822496849,-0.0459669954616914,0.0178194615418831,-0.0414144090141077
-10.44205871109,-18.2561567670651,16.499562664222,-0.070270827951816,-0.0711478090946325,-0.00368321878703224,-0.0638074975965626
-10.4264195820427,-18.3618621271532,17.0060975566995,-0.0269296083362375,-0.0963057433118962,0.0425687373835556,-0.00939961677627714
-10.4944344067604,-18.5091803800946,16.97251667451,-0.030147849862735,-0.0953472975424789,-0.0378669748549919,-0.0519709553988754
-10.458848060705,-18.5989195286614,16.671438314701,-0.0570669799907434,-0.0821179626801353,0.0926533260461778,-0.00762118588667846
-10.4384188761994,-18.6762809514969,16.9084131368342,-0.0361938422438851,-0.0932202005126826,0.0566230267494568,0.0158587776771625
-10.4549322948256,-18.76007621754,16.88211546242,-0.038632519650973,-0.0922362641557928,0.0221191010248633,0.00844099811267931
-10.4834472843858,-18.8567276777929,17.412859430075,0.0133698282230062,-0.0991022083169054,-0.0418848177832526,0.00245074806405725
-10.4687034023558,-18.9955056482501,17.577992039371,0.0294786846026605,-0.0955563035811708,-0.0147348025726743,-0.0432216668760241
-10.432215322187,-19.0266538346844,18.1121406957273,0.0740208971904373,-0.0672376886806998,-0.0375328170216532,0.0360895022463755
-10.4477056197777,-19.1944392359933,17.7538777543086,0.0457443522426993,-0.0889238676503437,-0.0612346498333604,-0.0788615336585655
-10.3582680453569,-19.2453053828922,17.2233432771086,-0.00553879583646821,-0.0998464908781572,0.0949763702572085,0.0489803439792866
-10.4229146205678,-19.3267960519447,17.2780410246962,-7.18569985781466e-05,-0.0999999741828554,-0.0645747182122641,0.018509305130347
-10.3930863995111,-19.3852291496808,17.4711569774825,0.0191212589996189,-0.0981548646490305,0.0107069620571217,0.0397217669128752
-10.3258061902155,-19.5048543582184,17.9251999635418,0.0602348812845016,-0.0798232990839266,0.00704532801107909,-0.039801909453654
-10.2018669849342,-19.5676300733391,17.6442852183007,0.0357440242599211,-0.0933936011175615,0.0881951810213774,0.0306178859969025
-10.160682278002,-19.6438297712553,18.2342848342521,0.0816617010770779,-0.0577179917980344,-0.0404769941449032,-0.0184817061181922
-10.2329861896279,-19.7696341752965,17.831051549358,0.0524639801879911,-0.0851324308523731,-0.124767891813854,-0.0406719731888503
-10.3428896821453,-19.953270708658,16.8890144349951,-0.037995269872312,-0.0925005917134057,-0.0719082226451035,-0.0911359416480455
-10.4360202582452,-20.0211944365264,16.1986560362071,-0.0882006612231391,-0.0471237027386543,-0.00492991487682448,-0.0208000251297676
-10.4571783765,-20.1244527261458,16.5713772208091,-0.0649846432304799,-0.0760065532977733,0.0438265249757678,-0.0272517363216602
-10.4881867864384,-20.2473109135891,16.0699358358985,-0.0935200118468504,-0.0354119666802758,0.0625116019083896,-0.0874462207629813
-10.6469677035545,-20.2583610443875,15.5948181088672,-0.0993605912190518,0.0112903902767123,-0.0594203258970277,-0.0223405210751574
-10.6765499917617,-20.2681884092751,15.5900123704587,-0.0993051853954409,0.0117677590720201,0.0697228971882234,-0.0215951239595553
-10.8707625741265,-20.2890690473436,15.4479426766951,-0.096638468431874,0.0257100451018994,-0.0975741139328699,-0.0465906831704086
-10.8599575009434,-20.1914208081581,15.3132496882829,-0.0923106743391781,0.0384543808043532,0.103115747522223,0.0591938583811038
-11.0365384917428,-20.0435274483511,15.3474146370428,-0.0935703414305271,0.0352787642155248,-0.0830106493688955,0.112614595591529
-11.0945495841027,-19.9902123915045,15.4051629667657,-0.0954505198900499,0.0298194274378162,0.0374394275302266,0.0234956294087453
-11.2327433859265,-19.8825674352518,15.567079440667,-0.0990092277463042,0.0140418239940707,-0.0391845740775375,0.0936031322586665
-11.3609322994553,-19.7688127137711,15.3826562955676,-0.094755266278844,0.0319599673408057,-0.0334336472499957,0.0817947541398803
-11.3989616714523,-19.8425202443124,14.7460949267847,-0.0571988456642006,0.0820261668901026,0.0191694736672206,-0.155733697431366
-11.4955678435384,-19.7970379779179,14.7048202135149,-0.0537654852348137,0.084316502521541,-0.0428406868512436,-0.038834236127059
-11.4457601941715,-19.6313922101801,13.6025672389598,0.05094966349452,0.0860472648594665,-0.00114201412763526,0.0795985028783251
-11.3104011811943,-19.5272060233702,13.3619205913408,0.0699892051600894,0.0714248637454697,0.0653698078170918,0.0327613230644543
-11.216142369133,-19.5035906353216,12.9484523712182,0.0927890457621262,0.0372852918260547,0.00146976629916421,-0.0136699037775502
-11.1710480741366,-19.519871487328,12.7500824092205,0.0983172395856716,0.0182680157722083,-0.0532229445893017,-0.034548867778533
-11.1524635188876,-19.4995939282551,13.3494852947539,0.0708719602568544,0.0705490272743066,-0.0522874050077909,-0.0502714682014044
-11.0782416640093,-19.3446911823724,12.9840882544152,0.0914017217413782,0.0405675395200604,-0.0171798668630488,0.114335206362586
-10.9008459349642,-19.3225437415356,12.6987897530721,0.0991245389623976,0.0132032486719033,0.0782711900826681,0.00894419216488291
-10.7126068087865,-19.2319294420324,13.0839909801699,0.0868999114444903,0.0494813640771933,0.101339214733216,0.0411329354259971
-10.5774468178298,-19.2682697696443,13.7970845217145,0.0333564792319231,0.0942727176507089,0.101803511724771,-0.130613045262551
-10.5130227455648,-19.3208671863939,13.4125778085365,0.0662827852701151,0.0748771819504167,-0.00185871300512386,-0.127474598699984
-10.3521630909895,-19.2393958714404,13.226744876327,0.0789762709855277,0.0613412473073421,0.08188338358973,0.0201300676460905
-10.233939268258,-19.1408354020484,13.3694741274545,0.0694477033634098,0.0719514871114408,0.0487761193681137,0.0266089822806073
-10.1309650183274,-19.0707341419667,12.9088217233385,0.0941934421137754,0.0335796882468977,0.008780807816796,0.0365215718347974
-10.0170561608537,-19.0304039897606,13.7217482086584,0.0403573083968123,0.0914947411546947,0.0735515490769711,-0.0511645889485759
-10.113126089893,-18.8490531790114,13.839773319779,0.0293029237110797,0.0956103480904794,-0.125372852750449,0.0857404626587071
-10.0408077964347,-18.7021508846821,14.1074996334805,0.00296629559225095,0.0999559957704359,0.0693519978660691,0.0469462985588233
-10.0319416649293,-18.5992179409444,13.967595648828,0.0168759805779977,0.0985657206108242,-0.00800984907258946,0.00436722312692837
-10.0981207023519,-18.5172058104628,14.5758038053125,-0.042470577030072,0.0905331435814129,-0.0237084603925843,-0.0085210130998254
-10.0741608624575,-18.4568370440203,14.5940460075763,-0.044114942910252,0.0897433663956574,0.0680747828046544,-0.0293745999531358
-10.1989463554313,-18.2549448217215,14.7942261049312,-0.0610790966277965,0.0791791889017077,-0.063706396345927,0.122713033397094
-10.2975667626422,-18.1401875324679,15.2761221705584,-0.0908196709829187,0.0418543589432975,-0.00780073622806006,0.0729029303102506
-10.3022259574248,-18.0338414778839,15.4776463893702,-0.0973594104929028,0.0228286046107608,0.0927002157103805,0.0835174499731996
-10.3476516645532,-18.0182440479576,15.3101253601835,-0.0921900798906062,0.0387426014842014,0.0467643727621768,-0.023145171557898
-10.3672574913181,-17.93254101816,15.9938475130207,-0.0959412665424513,-0.0282005917354638,0.0763354397775432,0.11390362153312
-10.5685238051588,-17.8640861631623,16.2032196622841,-0.0879846885489449,-0.0475257254646909,-0.113281625291788,0.115980580462399
-10.7358660416709,-17.8352075908567,16.31114619159,-0.0823534223331765,-0.0567266589004981,-0.0849888141789259,0.0856052312060894
-10.7383579552171,-17.9149618365655,16.2950584987886,-0.0832553271563916,-0.0553944988250837,0.0807634136102571,-0.0243597468837535
-10.6685020793971,-18.0605221306488,17.3451198369131,0.00663115479943563,-0.0997798967028225,0.0632247210205176,-0.0457803973804835
-10.6682675796523,-18.1817890590503,17.2848513071461,0.000609167472614873,-0.0999981445577382,-0.000374667727747147,-0.0212687838437576
-10.6386477186424,-18.2968045002696,16.8122818601133,-0.0449743142435708,-0.0893157940026317,0.0745941752533806,-0.0256996472166469
-10.6104647174153,-18.4373334447225,17.0937499086399,-0.0183956054342117,-0.0982934468858876,0.0465786066613684,-0.0422354975670014
-10.4396992651523,-18.5489045636777,17.78205422346,0.0482314240104069,-0.0875998272711102,0.122534028252617,-0.0239712916841096
-10.399876201566,-18.6779087624391,17.7424431042092,0.0447245705563417,-0.0894411135247701,-0.00490150697003946,-0.0395630852366446
-10.4735452188257,-18.6561849067374,17.7212257409849,0.042816941746246,-0.0903698483981166,-0.116485959005972,0.112093704099825
-10.4004224178729,-18.8056975404974,18.2707046072836,0.0837091605213418,-0.0547062742728129,-0.0105863595685578,-0.0948063594872103
-10.3449981249611,-18.8678518251482,18.8801682323486,0.0999531479803209,0.00306075298318415,-0.0445288550685262,-0.0652150376339004
-10.2849322491451,-18.9555463344139,18.9778149960372,0.0991786074362321,0.0127907711655617,-0.0391127316201795,-0.100485280431342
-10.1948844340136,-18.8347808879309,19.1311186080714,0.0960622407793048,0.0277857138914742,-0.0060144256478889,0.0929797325916141
-10.1046300945977,-18.905487086981,18.8805422636679,0.0999519961711772,0.00309813837602198,-0.00969765675522538,-0.0738043374261514
-10.1008919924355,-18.9278674820421,19.0090729516341,0.0987304114131408,0.0158841386984611,-0.0949923092509363,-0.038264533759588
-10.0314839809822,-18.9863245234779,18.1358951445514,0.0755970581744376,-0.065460559082326,-0.00618904672117799,0.0070035176464903
-9.93630834437642,-19.0883059192649,17.8391220304477,0.0531493238528435,-0.0847062534526558,0.0420263127529656,-0.0172751423343079
-9.91875145752222,-19.2032144071639,17.6958583279276,0.0405109626003279,-0.0914268117632614,-0.0229540757461241,-0.0234816761357584
-9.87978270922024,-19.2091794184967,18.0425955813505,0.0691696830858717,-0.0722187990886035,-0.0302009347838912,0.0662537877557952
-9.8317880865377,-19.3796000317087,17.7766552558028,0.0477577747302346,-0.0878589491902571,0.000236847952302144,-0.0825616640216866
-9.70066958177168,-19.4042378243529,17.8556981135751,0.0545460557920157,-0.0838136492316992,0.0765724489740007,0.0591758565874907
-9.72362021418133,-19.583527975683,17.64558734874,0.0358656045736277,-0.0933469785722504,-0.0588162369832705,-0.0859431727578654
-9.69648655812098,-19.6462970430341,17.9014420457322,0.0583216256558994,-0.0812316932043962,-0.0311879695955488,0.0184626258533369
-9.60293730846195,-19.6484234941354,17.8899083115852,0.05738086254118,-0.0818989414707553,0.0361683871178491,0.0797724903694613
-9.46213870495234,-19.8174591566306,17.2208463798669,-0.0057880847392948,-0.099832349842377,0.146586688248897,-0.0692033126528612
-9.39575414280236,-19.834840717038,18.2314336452305,0.0814968044703322,-0.0579505898255094,-0.0151122423203459,0.0405690294181074
-9.32017881716697,-19.851875069765,18.0916157811175,0.0726253553428272,-0.06874269242129,0.00294997029255972,0.0517083396942844
-9.32770622517681,-20.0467477689511,17.272433243086,-0.000632630945835199,-0.0999979988704093,-0.00689477706400394,-0.0948747003156448
-9.16300072386171,-20.1898398250821,17.4859254172913,0.0205687153157643,-0.0978617798236832,0.144136785999333,-0.0452302763073851
-9.06673697715051,-20.3448459169946,17.4581571069494,0.0178436787152043,-0.0983951377350963,0.0784200679959978,-0.0566109541774212
-9.1482155532955,-20.472378098552,17.101454741727,-0.0176377323056787,-0.0984322629990453,-0.0638408438393076,-0.0290999185583567
-9.03321030735492,-20.5759177244899,17.3192668705331,0.00404961990424045,-0.0999179692479345,0.110955626036332,-0.00362165668988723
-9.03720320250329,-20.7252397281118,17.3726913566092,0.00937936933801133,-0.0995591654787302,-0.0133722644863792,-0.0497628381432314
-9.29210628114844,-20.7844064278768,16.7823722176795,-0.0476252042110744,-0.0879308815141385,-0.207277874434075,0.028764181749208
-9.16644326246369,-20.7642476726071,18.1141039507931,0.0741527591866226,-0.0670922372932276,0.0515102594981236,0.0872509925628465
-9.1374450136195,-20.8330922841488,17.6765801215264,0.0387409991241468,-0.092190753261175,-0.00974275027995217,0.02334614171951
-9.06362544999529,-20.9032415249178,18.6201240836689,0.0973795766040046,-0.0227424286395448,-0.0235600129797925,-0.0474068121294884
-9.05204424438258,-20.8690610350659,19.4463840654939,0.0827122424837559,0.0562021791686796,-0.071131036871044,-0.0220216893167478
-8.92870208139341,-20.8067245227894,19.6615697501541,0.0688038445568235,0.0725674236431228,0.0545383184323458,-0.010230911366631
-8.85020410915315,-20.8950761929768,19.4406371576613,0.08303386358677,0.0557259140602797,-0.0045358913465118,-0.144077584247688
-8.76080160887509,-20.9323924424558,18.8534330440085,0.0999992483970092,0.000387711275621362,-0.0105967481189549,-0.0377039607546223
-8.71084801285255,-20.8443983446192,19.4639750513296,0.0817108447105672,0.0576483985613267,-0.031757248688027,0.0303456992752745
-8.73540726988957,-20.8331107697438,19.7387420372971,0.0630044264490232,0.0776559221684323,-0.0875636834860369,-0.0663683472930494
-8.74245768401451,-20.8184650811719,19.6392442356764,0.0704066688532355,0.0710133859282237,-0.0774570829781815,-0.0563676973563
-8.55523669491615,-20.7209938822253,20.0433533696049,0.0368131768016221,0.0929773629104015,0.150407812296739,0.00449383603622398
-8.55515735986823,-20.5393430817822,20.407244311731,0.00131075612426003,0.0999914092229063,-0.00123142107633853,0.0816593912201919
-8.50259649709375,-20.432970286869,20.523025607671,-0.0102493060407353,0.0994733719428639,0.0628101688152151,0.00689942297029429
-8.6428590143714,-20.3464266353508,21.0594806515035,-0.0596496110491809,0.0802615966803642,-0.0806129062284679,0.00628205483790385
-8.69670309485168,-20.3301258843189,20.9736150301279,-0.0525466043290007,0.0850814572835435,-0.00129747615127913,-0.0687807062517166
-8.7488960439177,-20.2571316877582,20.3887558600463,0.0031591131270188,0.0999500875649977,-0.0553520621930382,-0.026955891004291
-8.78870704787859,-20.1918960061216,20.1330467585318,0.0283369192273273,0.0959010897159356,-0.0681479231882229,-0.030665408079329
-8.80075493787211,-20.0658838760112,19.8479771678126,0.0541630107427268,0.0840616932216052,-0.0662109007362406,0.0419504368888564
-8.85997821831168,-19.8794457775921,19.6480648858903,0.069777553800038,0.0716316479335971,-0.129000834239608,0.114806450485462
-8.82592271868091,-19.8129391341618,19.4842535955751,0.0805250992642211,0.0592934093174556,-0.0464695996334537,0.007213234112848
-8.63609638198664,-19.7066027435586,19.5850196362136,0.0741519712550255,0.0670931081333536,0.115674365439247,0.0392432824698322
-8.69535445951906,-19.7421651270748,19.2598681987804,0.0916996301479708,0.0398895704504996,-0.150957707680388,-0.0754519539667204
-8.65292586730701,-19.7745411151749,18.8751218087988,0.0999673210504418,0.00255631023115411,-0.0575387288383977,-0.0349322983311902
-8.5852198177785,-19.7764794472765,18.7408700120975,0.0994099498345394,-0.0108472058104549,-0.0317039003060327,0.00890887370881206
-8.42865110923586,-19.6115632937785,18.5601953802807,0.0958426534233822,-0.0285339409259471,0.0607260551192567,0.193450094423949
-8.47942191848878,-19.6917962021458,17.7562831255443,0.0459581146158403,-0.0888135783591523,-0.0967289238687567,0.00858066999185247
-8.40590219415233,-19.7138078757573,18.2190067701286,0.0807703856816465,-0.0589588398532237,-0.00725066134519747,0.0369471662417013
-8.36684113406906,-19.7584356427311,18.7233405982715,0.0992045414419142,-0.0125880481926119,-0.0601434813586451,-0.0320397187811857
-8.27144979389287,-19.7976915040504,18.3704194746607,0.0887393362851709,-0.0461013036222117,0.00665200389102247,0.00684544230295057
-8.24257644993244,-19.8841158537223,17.439971497595,0.0160514512884819,-0.0987033480259585,0.012821892671953,0.0122789983540327
-8.30029154535624,-19.9415628716558,16.7399877471144,-0.0513082207217105,-0.085833947167611,-0.00640687470209393,0.0283869292341096
-8.43338775344642,-20.0793334555689,16.7284708670415,-0.0522933354587142,-0.0852373572244141,-0.0808028726314642,-0.0525332266887233
-8.51614112034858,-20.1905400922837,16.8849016396363,-0.0383753834579137,-0.0923435430577476,-0.0443779834442519,-0.0188630936569867
-8.52911756271147,-20.1306847185327,17.2474093166199,-0.00313451429920641,-0.0999508620278388,-0.00984192806367528,0.159806235778797
-8.59958318817288,-20.1849216579555,17.7378159564378,0.0443102359972617,-0.0896471024956578,-0.114775861458671,0.0354101630728744
-8.65367084737228,-20.2464608170481,17.1804960270214,-0.00981055096575166,-0.0995176019091517,-0.0442771082336579,0.0379784428165722
-8.66571217580328,-20.4049842410562,17.5283185712941,0.0246976622109419,-0.0969021438427149,-0.0367389906419413,-0.0616212801654097
-8.44106022378327,-20.5535334054644,17.9537962455404,0.0624925929839644,-0.0780684047623657,0.162159359036053,-0.0704807596457936
-8.26814524319258,-20.5671558459087,18.0914169915368,0.0726116885769361,-0.0687571282268685,0.100303292013752,0.0551346877825882
-8.28835879568543,-20.5649408523924,18.9633663357229,0.0993530582431396,0.0113564879137574,-0.119566610735994,-0.0091414943974705
-8.24647040096714,-20.5493945092597,18.4188305511549,0.090866312483571,-0.0417530029535366,-0.0489779177652761,0.0572993460862046
-8.06631827174515,-20.5822839861164,18.6087447188427,0.0971144830267379,-0.0238490500114668,0.0830376461952532,-0.0090404268451997
-7.84569844318594,-20.5529746941015,18.9279100700258,0.0996931883881727,0.00782739988759367,0.120926640171035,0.0214818921272628
-7.82634749856342,-20.5822447983036,18.7803003138613,0.0997602788785612,-0.00692002587218396,-0.0804093342560422,-0.0223500783299466
-7.78443928949753,-20.594354314887,18.8230672720521,0.0999649196236653,-0.00264855519748875,-0.0580567105577736,-0.009460961385847
-7.70515042200711,-20.70330541259,19.6365169087437,0.0706000834799216,0.0708211000523721,0.00868878401049709,-0.179772197755434
-7.62256697311919,-20.6450494828015,19.9985078042366,0.0409443900015671,0.0912335296226095,0.0416390588863486,-0.0329775998340368
-7.55164837099157,-20.4639932844472,20.0554782495031,0.0356831590957398,0.0934168729777877,0.0352354430318844,0.0876393253764487
-7.5633835542578,-20.4373488872511,20.0669307381191,0.0346109867412242,0.0938193988298731,-0.0463461700074547,-0.0671750016337526
-7.56215100768952,-20.2851640937098,19.9055623597389,0.0492351979738687,0.0870396190276242,-0.048002651405591,0.0651451745136471
-7.55368273474276,-20.207869906738,19.8085233565767,0.0574365548692068,0.0818598935056515,-0.0489682819224413,-0.00456570653376875
-7.50426245349264,-20.1618380597017,19.4563200452729,0.0821497451607549,0.0570212185946866,-0.0327294639106332,-0.0109893715584114
-7.37950002574009,-20.1906002883404,19.52065383275,0.0783139406127851,0.0621846179187198,0.0464484871397639,-0.0909468465574465
-7.38280285987164,-20.1096350975178,19.6938963851019,0.0664224452295678,0.0747533194562292,-0.069725279361124,0.0062118713663784
-7.38659299301726,-20.0521401189901,19.5701857370752,0.0751390289348983,0.0659858040090482,-0.078929162080521,-0.00849082548138984
-7.25907526006599,-19.9317113673494,19.8251157150427,0.0560704623507058,0.0828015896693903,0.0714472706005662,0.0376271619713297
-7.23596419315034,-19.9453862445621,19.5372727095946,0.0772697352757994,0.0634774606487049,-0.0541586683601503,-0.0771523378614106
-7.00515006675912,-19.9024975223802,19.2843985630711,0.0906936343566258,0.0421267692469605,0.140120492034593,0.000761952935008381
-6.92824481111314,-19.9016872224949,18.511066468518,0.0943257337690365,-0.0332062637002848,-0.0174204781230485,0.0340165635855657
-6.87608974801757,-19.8876285040187,19.0627835636299,0.097735298754639,0.021161554227926,-0.0455802356590707,-0.00710283575174007
-6.801864863287,-19.9987385821139,18.9580931007911,0.0994115620419955,0.0108324204299166,-0.0251866773114295,-0.121942498525084
-6.69748375651721,-19.8798213780136,19.4417293969442,0.0829729480373233,0.0558165736497292,0.0214081587324721,0.0631006304505492
-6.63520434204415,-19.750057492163,20.1421024641224,0.0274673171747013,0.0961537648104553,0.0348120972983573,0.0336101210401067
-6.61154255045657,-19.554277395305,19.7681498925728,0.0606938196369905,0.0794749033209381,-0.0370320280494076,0.116305193537032
-6.53010111887805,-19.5961865895207,20.000484311059,0.0407639864490153,0.0913142782306497,0.0406774451295012,-0.133223472446323
-6.50438631408189,-19.4778091494982,19.952038736975,0.0451382022241433,0.0892330807490829,-0.0194233974279821,0.0291443592734792
-6.47902365901326,-19.4468550712353,20.6357889417437,-0.0213774047097558,0.097688313363858,0.0467400597783823,-0.066734235100985
-6.53061541633541,-19.3442072783303,21.1820968866712,-0.0690184972705299,0.0723632989471725,0.0174267399483846,0.0302844939578598
-6.64669552805052,-19.2499998423698,21.5804994851847,-0.0916861896328806,0.0399204537875443,-0.0243939220822366,0.0542869821729436
-6.7361089098729,-19.221810525419,21.5013389980793,-0.0882422460582806,0.0470457863213048,-0.00117113576409893,-0.018856469370518
-6.75813207189366,-19.1847380974714,20.8634927223299,-0.0428778709038219,0.0903409552016979,0.0208547088830676,-0.0532685272541595
-6.83836052348655,-19.1608445496193,20.9384124866291,-0.0495195841689096,0.0868781375475918,-0.0307088674239887,-0.062984589695443
-6.71187830724732,-19.0833619690188,20.4281676565996,-0.000781532870450342,0.099996945985227,0.127263749109683,-0.02251436538474
-6.65728752126227,-19.0081962649882,20.8607236989356,-0.0426275506223554,0.0904593385336115,0.0972183366074078,-0.015293634502989
-6.76089018279414,-18.8333562652314,20.7808963466437,-0.0352783400985947,0.0935705013339561,-0.0683243214332804,0.0812694984228658
-6.70136751063438,-18.8408598168118,20.6269081997014,-0.0205090284151638,0.0978743058900854,0.0800317005749323,-0.105377857470501
-6.81735810585442,-18.810323297475,21.3233037322693,-0.0785158166920634,0.0619295287337011,-0.0374747785279761,-0.0313930093969526
-6.96933119956449,-18.6410647156863,21.4335048487766,-0.0848504377905735,0.0529188360297921,-0.0671226559195052,0.116339745758884
-7.07649503171564,-18.6376504032513,21.4597997090735,-0.0862124389045311,0.0506696692127795,-0.0209513932466147,-0.0472553567777275
-7.22653017479605,-18.6592362673782,21.7987473636391,-0.0981547914377749,0.0191216348099976,-0.0518803516426331,-0.0407074989369434
-7.34399235261743,-18.7541249763722,22.3358215847721,-0.0941185989345435,-0.0337888936575104,-0.0233435788868371,-0.0610998153364159
-7.40711059321834,-18.7432544618807,22.3666885597131,-0.0930309704742207,-0.0366774935433798,0.0299127298733104,0.0475480080348889
-7.58183184330993,-18.8432868846509,22.0149073437173,-0.0999717773733849,-0.00237565334305553,-0.0747494727182059,-0.0976567694271594
-7.61362307805302,-18.7977456524363,21.636540542353,-0.0937782660817373,0.0347222811851826,0.0619870313386504,0.010818951029357
-7.58208117646862,-18.7508783111656,21.1175163674792,-0.0642046098360811,0.0766666033928503,0.0957465114204787,-0.0297992621220928
-7.76055223944162,-18.7419152138991,21.1496989441116,-0.0666382667142982,0.0745609912039402,-0.111832796258706,-0.0655978939374808
-7.80593544903266,-18.7529465753621,21.4723451941882,-0.0868413134465239,0.0495841333380205,0.0414581038554828,-0.0606154948010316
-7.88137526716018,-18.6800150448438,21.4739489417661,-0.0869207221680005,0.0494447980862827,0.0114809040404855,0.0234867324320545
-8.04065391761362,-18.5483973474715,21.5431136895942,-0.0901300120249254,0.0433195213776284,-0.0691486384285162,0.0882981759946624
-8.06807408264599,-18.6760419873316,22.7726982626339,-0.07098228214794,-0.0704380268113058,0.0435621171155684,-0.057206613048754
-8.15653245814148,-18.6634878046183,22.1413536768722,-0.0988740407117545,-0.0149640928001105,0.0104156652162693,0.0275182755133359
-8.16537749754018,-18.6530594837658,21.9323096562848,-0.0998269490155824,0.00588049744837242,0.0909819096168793,0.0045478234042049
-8.19100559040214,-18.5132481286298,21.5320831516104,-0.089646700960407,0.0443110483617276,0.0640186080984496,0.0955003067742373
-8.24332445432495,-18.5292484963211,21.3423356934745,-0.0796801665324836,0.0604240933846399,0.0273613026096659,-0.0764244610759077
-8.28136752392031,-18.488618062323,21.3363713153604,-0.0793183592698807,0.0608982584540324,0.0412752896745221,-0.0202678244559765
-8.32289379216101,-18.3253385251588,21.2289443557909,-0.0723315717161931,0.0690517467777985,0.0308053034754945,0.0942277903864046
-8.47581846032439,-18.1743411456008,21.0355160621006,-0.0577092313278512,0.0816678922193328,-0.0952154368355229,0.0693294873386456
-8.52693396023495,-18.1879209879018,20.4599679965104,-0.00396053867811164,0.0999215398869492,-0.047154961232455,-0.113501382187922
-8.51719872093423,-18.0515334114856,20.1174667323832,0.0298275611233682,0.0954479784879268,-0.0200923218226503,0.0409395979283204
-8.50278230542117,-17.9184934574286,20.1062484767753,0.0308964216158501,0.0951073663358188,-0.0164800061027877,0.0379325877211024
-8.50472554689481,-17.6951169162764,20.4004630939556,0.00198878431171484,0.0999802217289074,-0.00393202578535941,0.123396319423335
-8.36443775225303,-17.6284008644129,19.8639152261064,0.0528164081529066,0.0849142333759517,0.08747138648888,-0.0181981815124487
-8.15846456815539,-17.5397880655389,19.9595313619565,0.0444683514593129,0.0895687764708831,0.161504832638323,-0.000955977596851199
-8.07948139631127,-17.4009850927848,20.5277226718378,-0.0107164240715887,0.0994241331625168,0.0896995959157128,0.0393788395915376
-8.19165044748011,-17.3138252718307,20.7214711179802,-0.0296588918461896,0.0955005242627287,-0.0825101593226513,-0.00834070330863472
-8.16749532943902,-17.2360484481689,19.8645204975683,0.0527650023191313,0.084946186084262,-0.02860988427804,-0.00716936242243467
-8.13540547346896,-17.2379765278377,19.650012838082,0.0696378864766569,0.0717674352827538,-0.0375480305065963,-0.0736955149515703
-8.08430010830804,-17.0599356154077,19.5465915033853,0.0766748554466183,0.0641947547876007,-0.0255694902857036,0.113846157642412
-7.94804135828959,-16.9812752982121,19.1266108700652,0.0961865150972682,0.0273524096460072,0.0400722349211816,0.0513079075495423
-7.78594629228257,-16.8626408097358,18.9256201705075,0.0997108509542697,0.00759909218100473,0.0623842150527491,0.111035396295343
-7.71222306546703,-16.9789373685328,18.4102851728409,0.0905062039525136,-0.0425279560537068,-0.016782977136971,-0.0737686027433062
-7.60526999180772,-17.0808871611419,17.8028439713449,0.050042048383586,-0.0865782501184613,0.0569110252757187,-0.0153715424906059
-7.48853918764467,-17.1347239755728,18.0625789051067,0.0705989482633554,-0.0708222317080454,0.0461318558997033,0.0169854172770991
-7.31816794739716,-17.224863860901,17.6523264004711,0.0364938555177888,-0.093103160577108,0.133877384729721,0.00296327524895492
-7.29374028173589,-17.2214209177026,17.7787769429476,0.0479440763013133,-0.0877574244586397,-0.0235164106400453,0.0912003676569638
-7.16929616051829,-17.3485493208405,18.2408473163102,0.0820387132218958,-0.0571808493544433,0.0424054079957074,-0.0699475537833749
-7.04850843237551,-17.3178089558942,18.5338950592743,0.0950591425289332,-0.0310444748975396,0.02572858561384,0.0617848398437928
-6.9257239824175,-17.3338654231046,18.8095172096274,0.099919855784871,-0.00400280151026503,0.0228645941731434,-0.0120536657001281
-6.82483148636319,-17.2483559264176,18.8936243658711,0.0999029143241555,0.00440541820267327,0.000989581730148403,0.0811040784842927
-6.74625040041707,-17.2403915119542,18.5896737635294,0.0966420266308426,-0.0256966668788679,-0.0180609406847195,0.0336610813422841
-6.8087838488567,-17.2930966721502,17.9237540164802,0.0601193980915511,-0.079910312057391,-0.122652846531178,0.0272051518613821
-6.86874095402738,-17.3170036662142,17.6291598275274,0.0343273747737256,-0.09392353986698,-0.0942844799444054,0.0700165458030551
-6.84162322982437,-17.3245260983025,17.4422229273946,0.0162736340779375,-0.0986669591803527,0.0108440901250739,0.0911445270919959
-6.81494136559917,-17.396492508197,17.4714853000463,0.019153484425255,-0.0981485814180292,0.00752837979993835,0.0261821715234989
-6.79865903309896,-17.5236748870623,17.6561578020786,0.036850302386172,-0.0929626549429807,-0.0205679698859588,-0.0342197239222721
-6.71757243158726,-17.6860999576401,17.7838456522602,0.0483882753873985,-0.0875132835918827,0.0326983261243033,-0.074911786985948
-6.69381984009849,-17.779079386178,17.9369376577495,0.0611676519091487,-0.0791107979982582,-0.0374150604203838,-0.0138686305396534
-6.78878143004666,-17.7536050569863,18.2320533583532,0.0815327015598237,-0.0579000740617551,-0.17649429150799,0.0833744032534551
-6.72747761371741,-17.744811972048,19.0843193735059,0.097256939267382,0.0232612932645795,-0.0359531229381306,-0.0144682083262415
-6.5718747930825,-17.8268329522398,19.0445308830618,0.0981052520860973,0.0193741970962233,0.0574975685488069,-0.101395177287978
-6.46104406581778,-17.8250366962978,19.0541655359476,0.0979140379598665,0.0203184933101309,0.0129166893048569,-0.0185222373681578
-6.37180561412088,-17.7176365730252,18.3536549876304,0.0879540380644607,-0.047582425202541,0.00128441363243925,0.154982548475125
-6.22222314386063,-17.8535716810615,18.1494945339426,0.0764802638868148,-0.0644264637847149,0.0731022063734338,-0.0715086442515502
-6.13904205928046,-17.9189815608876,18.5860442118861,0.0965481228929403,-0.0260472640760926,-0.0133670383127712,-0.0393626157500766
-6.00606115869352,-18.0123924133521,18.5582034248691,0.0957856249766122,-0.0287247984821442,0.037195275610326,-0.064686053982331
-5.96372958435797,-17.9236113989023,19.0025428488345,0.0988320306989532,0.0152390848780749,-0.0565004563633997,0.0735419295717613
-5.82572347659816,-18.0552380246283,18.4020461007262,0.09015274515222,-0.0432721913186618,0.0478533626075935,-0.0883544344073463
-5.83060209213005,-18.0739194667028,17.6691365454139,0.0380537033193947,-0.0924765681871872,-0.0429323188512918,0.0737951261126665
-5.94026142054213,-18.1007894674923,17.4904014065676,0.0210065360887941,-0.0977687344786164,-0.130665864500873,0.0708987336890796
-5.84312949155651,-18.1723260868862,18.1194831732763,0.0745125886765848,-0.0666923843381993,0.0226193403090313,-0.00484423505568623
-5.6947977233026,-18.167484634763,18.6700318449864,0.0983928785734882,-0.0178561318885924,0.049938889680426,0.0226975840118476
-5.5475761788664,-18.1842537445376,18.9946450284089,0.0989493026675881,0.0144580600911062,0.0482722417686071,-0.0312271698657767
-5.4077113708922,-18.0477799742498,19.0578524897835,0.0978384592799613,0.0206793589292165,0.0420263486942452,0.115794411358622
-5.31321886540884,-18.0526283267906,19.49434189755,0.0799228419527954,0.0601027398226444,0.0145696635305628,-0.0649510923634726
-5.23488092196394,-18.1604447653715,18.9401590165093,0.0995898346588574,0.00904791869003261,-0.021251891213954,-0.116864357270928
-5.145152778601,-18.1175994411708,19.2778541273167,0.0909673861426212,0.0415323326864654,-0.00123924277968122,0.00131299151423576
-4.95724327988329,-17.9653291567315,19.8694481308569,0.0523457797515702,0.0852051603026489,0.135563718966139,0.0670651241366935
-4.88536974825869,-17.9468583567342,19.4240749128572,0.083945379458452,0.0543431069002914,-0.0120718478338542,-0.0358723069030034
-4.85179952289633,-17.9682869256524,18.2330014600457,0.0815875600650728,-0.0578227467578991,-0.0480173347027159,0.0363941778396997
-4.8977640568853,-17.9603221289264,17.8535106318243,0.0543625846065953,-0.0839327671108892,-0.100327118595562,0.0918975638368406
-4.82542610932641,-17.953818893448,18.3731575271043,0.0888652312783481,-0.0458581581601976,-0.0165272837194562,0.0523613936386735
-4.80465139169882,-18.0234558809156,18.6086525522229,0.0971122845279391,-0.0238580006237865,-0.0763375669003493,-0.0457789868438251
-4.69296897355554,-18.1168671073593,18.1911592113928,0.0790974219751895,-0.0611849477966502,0.0325849961680898,-0.0322262786471117
-4.56264222780891,-18.0945981162113,18.7773460562795,0.0997394000339227,-0.00721471280600574,0.0305873457127023,0.0294837039540748
-4.54236952589308,-18.0542138052562,18.524011740043,0.094747682417513,-0.0319824432542309,-0.074474980501679,0.0723667542093161
-4.37356827586488,-18.0431040184482,18.5937888194034,0.0967469513007327,-0.0252987630925634,0.0720542987274646,0.0364085499005109
-4.17689588502659,-18.2050129722431,18.4781936625169,0.093183386679082,-0.0362885167376221,0.103489004159211,-0.125620437057272
-4.05638951850096,-18.2938650203341,18.041399210582,0.0690832331449336,-0.0723014999722879,0.0514231333806975,-0.0165505481186704
-3.820187997117,-18.2438565405773,18.5500336254821,0.0955477551283904,-0.0295063804951599,0.140653766255567,0.0795148602519394
-3.70732853059154,-18.0813633042571,18.8357296501877,0.0999904418632935,-0.00138258308369912,0.0128690246621694,0.163875819403884
-3.58926366833968,-18.2360580160205,17.8654571124877,0.0553613827110163,-0.0832773516889459,0.0627034795408367,-0.0714173600744131
-3.60179659740895,-18.2423783693141,17.8710279240169,0.0558244437036463,-0.0829676532461804,-0.0683573727729078,0.0766472999525994
-3.57111366424843,-18.4136388833867,17.4431446228969,0.016364568045153,-0.0986519179372381,0.0143183651153595,-0.0726085961354499
-3.66452507234921,-18.4465019602543,17.4908927538235,0.0210545719505339,-0.0977584011734019,-0.114465980051311,0.0648953243058183
-3.48838239332576,-18.5473351468899,17.8030413636974,0.0500591372930296,-0.0865683705141642,0.126083541730425,-0.0142648161213855
-3.3482347917016,-18.6673603673968,17.8253793328663,0.051980249212314,-0.0854286467868111,0.0881673524118394,-0.0345965737201394
-3.24039339668892,-18.6023617410102,17.9920970386718,0.0654361126328891,-0.0756182197852862,0.0424052823797937,0.140616846171883
-3.27118300578601,-18.7888150625891,18.2099690708464,0.0802342420304615,-0.0596864005096415,-0.11102385112755,-0.126766921069181
-3.06828257876983,-18.9364699906572,18.1046262605731,0.0735135588445327,-0.0677920103405366,0.129386868171647,-0.0798629177276393
-2.903515080955,-19.0940950417124,17.8543401386226,0.0544321886965873,-0.0838876441062634,0.110335309118238,-0.073737406948918
-2.89026345267868,-19.1121744319402,17.8912885893033,0.0574938511292938,-0.0818196619543408,-0.0442422228529716,0.0637402717265772
-3.02558133176196,-19.1896338452162,17.2552622234301,-0.00234952091200579,-0.0999723949472255,-0.132968358171275,0.0225129816712154
-3.02925261707712,-19.2482527180945,16.6032757221001,-0.0625275006294955,-0.0780404489032991,0.0588562153143417,0.0194215760249619
-3.0745349604415,-19.3839990130726,16.9224536170993,-0.0348814613819449,-0.0937191744087617,-0.0104008819824417,-0.0420271205693522
-3.07085806417171,-19.4756300261619,17.3041923864676,0.00254300500434139,-0.0999676603984904,0.00113389126544918,0.00833664730923482
-3.09558070437481,-19.5676080207611,17.4825605084151,0.0202393035199316,-0.0979304375208652,-0.044961943723027,0.00595244292163821
-3.23475295735086,-19.6661545486882,16.4304313189773,-0.0750176046048422,-0.0661238156744721,-0.0641546483712104,-0.0324227122526122
-3.30572286638315,-19.6729340259575,16.5564391661747,-0.0661127406707427,-0.0750273651476788,-0.00485716836155068,0.0682478878783792
-3.25893269082716,-19.8188726726157,16.9254226729723,-0.0346030505805373,-0.093822326183701,0.0813932261365305,-0.0521163204745035
-3.37926347372824,-20.0063140854586,17.1070176328368,-0.0170898942632817,-0.0985288562506936,-0.103240888637801,-0.0889125565922034
-3.35114267617179,-20.1380746509925,17.565674102447,0.0282994214530715,-0.0959121616137465,-0.000178623896614249,-0.0358484039201255
-3.21047522417225,-20.1262509594657,18.3505201863239,0.0878044446991741,-0.0478579093888322,0.0528630073003587,0.0596816009156303
-3.21060948732019,-20.2251765655191,18.4113980439923,0.0905534760330078,-0.0424272079960428,-0.0906877391809505,-0.056498398057354
-3.16708828823045,-20.2495996993416,18.688975441547,0.0987134636022976,-0.0159891245425715,-0.0551922645125518,-0.00843400927994242
-3.1085072662577,-20.0790510576308,19.2686833502576,0.0913444392724005,0.0406963562743736,-0.0327634172996496,0.129852285436411
-3.09769541011184,-20.043223666743,19.5354635157586,0.0773844517847448,0.063337560909578,-0.0665725956388912,-0.0275101700217907
-3.11709981718861,-20.1551695320122,19.2506935506686,0.0920617384430011,0.0390465915907196,-0.111466145519765,-0.150992456859932
-2.96585295612381,-20.1404491704661,18.5707842098992,0.0961394157683513,-0.0275174987184534,0.0551074452964422,0.0422378602646292
-2.96129621544871,-20.1416239499134,19.1858236170618,0.0943992771681392,0.032996613010017,-0.0898425364930322,-0.0341713924573981
-2.82661509487287,-20.1452429946199,18.756844228946,0.0995705348558805,-0.009257893308625,0.0351105857199566,0.00563884860214285
-2.81615693478559,-20.2475603209156,18.1430288803335,0.0760621089802954,-0.0649196085745259,-0.0656039488930159,-0.0373977177211625
-2.76308388139511,-20.3135165015797,18.4639481277364,0.0926569998985668,-0.0376122369687978,-0.0395839465080853,-0.0283439436952464
-2.69782172869933,-20.3167651767723,18.1343499271408,0.075495817167679,-0.0655772947763506,-0.0102336644718956,0.0623286195837056
-2.57970272546362,-20.4168309433126,18.0717955346544,0.0712486827583649,-0.0701685485470369,0.0468703204773461,-0.0298972179932959
-2.51282528307187,-20.3589307424567,18.4633393246251,0.0926340842818402,-0.0376686398648123,-0.0257566418900949,0.0955688407207824
-2.46771141123915,-20.3585013267908,18.6474899998207,0.0979654051370725,-0.020069364621962,-0.0528515333043503,0.0204987802877898
-2.35203924450959,-20.2605084360246,18.9606564519732,0.0993834681696503,0.0110872113072722,0.0162886985599114,0.0869056794589722
-2.20934794329438,-20.2963750640633,18.7389143770719,0.0993885465754173,-0.0110415945237134,0.0433027546397905,-0.0248250335150392
-2.12590840803742,-20.2562305351309,19.4512500099652,0.0824377876758242,0.0566039853995789,0.0010017475811364,-0.0164594564671139
-2.10323065937343,-20.1443822367944,19.2260419323195,0.0929962309799408,0.0367654868528285,-0.0703184823159479,0.0750828114836251
-1.93680587919045,-20.2103210429851,19.196850534763,0.0940296945221916,0.0340355189186727,0.0723950856607874,-0.0999743251093266
-1.87402493933375,-20.1894157670078,19.5500352580664,0.0764533302360644,0.0644584230013059,-0.0136723903793706,-0.043553147024053
-1.86376634782588,-20.0087808928841,19.6092703175142,0.072503273991324,0.0688714400934016,-0.062244682483453,0.111763434030341
-1.84563583404196,-20.0314477074501,19.1663356026289,0.0950243498978303,0.0311508094035247,-0.0768938361139071,-0.0538176239695878
-1.74253989537835,-20.0065385585243,18.562905656501,0.0959196361797193,-0.0282740763801451,0.00717630248388934,0.0531832253060178
-1.66847542039147,-20.0624941482545,18.9087337262183,0.0998249504660844,0.00591432704910657,-0.0257604754792001,-0.0618699167793584
-1.55203606545102,-20.0866489542832,18.9662083257747,0.0993203820284535,0.0116388020741851,0.0171189729119905,-0.0357936081028717
-1.36062240202128,-20.1440021758077,19.1615608559549,0.0951720033659812,0.0306967388382817,0.0962416600637627,-0.0880499603627229
-1.36391249791739,-20.0454546000454,19.426713379782,0.0838017049416316,0.0545644045956311,-0.0870918008377479,0.0439831711666536
-1.18199146319815,-19.9800330057545,19.3739176965846,0.0865643652011465,0.050066063129854,0.0953566695180956,0.0153555311610352
-1.23023656964015,-19.9157192031095,19.3683287166977,0.0868428299753636,0.049581477205405,-0.135087936417363,0.0147323254396312
-1.09029238096277,-19.7802134819666,20.0510519814325,0.0360962963187328,0.0932580151626135,0.10384789235865,0.0422477059802025
-1.15336936364677,-19.7604216002533,20.4045498953587,0.00158016953041007,0.0999875145418425,-0.0646571522144113,-0.0801956328285402
-0.995572602432285,-19.6298358546522,20.1787756893143,0.0239233702028388,0.0970962015639022,0.133873391011645,0.033489544037278
-0.979272245738004,-19.4307458493852,20.3845445198216,0.00358000769303319,0.0999358971787306,0.0127203490012474,0.099154108088271
-0.873213342560304,-19.3534869210048,20.3098638761343,0.0110263708252074,0.099390236675566,0.0950325323524927,-0.0221313082952318
-0.989404389168233,-19.3163106899516,20.3241214324684,0.00960823624598253,0.0995373387038321,-0.125799282853911,-0.0623611076506099
-0.954073642937766,-19.2774797160423,20.6825909887013,-0.0259243402101646,0.096581202025382,0.0612550864406317,-0.0577502281160589
-1.0242087238884,-19.1998329427698,21.590791185382,-0.092092176106081,0.0389747495187148,0.0219570951554468,0.038672023753704
-1.16451421540396,-19.1313720270203,21.8555816323112,-0.099082486694872,0.0135152073739365,-0.0412230048206855,0.0549457083756405
-1.24424307798811,-19.0044418863678,21.3364446202094,-0.0793228231944027,0.0608924438700692,-0.000406039389746971,0.0660376967824313
-1.33474852296575,-18.9375768688294,21.3098367528503,-0.0776747185236515,0.0629812519903463,-0.0128307264539929,0.00388376554806547
-1.40817139704092,-18.8493323966921,21.4316941240463,-0.0847544772972856,0.0530723899788195,0.0113316032221202,0.0351720821584853
-1.65239646475919,-18.8521326757895,21.7153653570685,-0.0962212221994311,0.0272300642387731,-0.148003845518837,-0.030030343336235
-1.6474040272972,-18.8086105331393,21.6799013018485,-0.0951952337730185,0.0306246219062435,0.100187671235006,0.0128975207439832
-1.69112246865681,-18.7664851106792,21.8414924488583,-0.0988822407322338,0.014909811124644,0.0551637993726268,0.0272156113353995
-1.78709450389673,-18.6311874053941,21.4910408796538,-0.0877530924840242,0.0479520047494398,-0.00821894275590405,0.087345700535694
-1.75132781284879,-18.5695079166296,21.1361327357739,-0.0656206557740168,0.0754581310117604,0.10138734682196,-0.0137786422472452
-1.77180457600367,-18.4651568321662,20.3569676041486,0.00633422102138102,0.0997991865901336,-0.0268109841762643,0.00455189787322108
-1.83500210328195,-18.2312311800829,20.4545216351414,-0.00341627381350355,0.0999416283298965,-0.0597812534647772,0.133984023753488
-1.85296455028817,-18.2708987580296,20.398616280732,0.00217342561075087,0.0999763783156528,-0.02013587261697,-0.139643956262388
-1.92492845037699,-18.2527570304107,20.85205590217,-0.0418418759696276,0.0908254227369314,-0.0301220241191932,-0.0726836951180602
-2.00433630721452,-18.1179441748571,21.2733067543369,-0.0753227047469324,0.0657760606117943,-0.00408515209059592,0.0690367949418386
-2.0719977510265,-18.1590491235282,20.9362012137686,-0.0493273519891511,0.0869874263657593,-0.0183340918228222,-0.128092375036917
-2.16048921115722,-18.0188891782833,21.4028596481795,-0.0831891436586828,0.0554938408954998,-0.00530231647204011,0.0846661043494947
-2.21132566657872,-17.8821581369392,21.3256048186559,-0.0786581138913284,0.0617486932579048,0.0278216584698275,0.0749823480861667
-2.30427070458444,-17.7770557339987,21.3316880526735,-0.0790322879297318,0.0612690579704958,-0.0139127500759877,0.0438333449700151
-2.377627561371,-17.8365454384048,21.1663978236625,-0.0678740029502165,0.073437863010262,-0.00548285383634195,-0.132927567416432
-2.48910778570007,-17.7615505565154,21.5539063333979,-0.0905922859392714,0.0423442762164769,-0.0208879383898019,0.0326506056729245
-2.54049949849437,-17.6521613354437,21.2041104111929,-0.0705946175287086,0.0708265485250788,0.0192029047344122,0.0385626725466295
-2.55291632499637,-17.6976225738528,20.6856093095743,-0.0262157347368812,0.096502514227379,0.0137989082348733,-0.141963752636451
-2.58303403876851,-17.6475496975223,20.7193922706157,-0.0294602968890099,0.0955619741697051,-0.000657416883129058,-0.0454890978391727
-2.47285277010759,-17.5403036124861,20.6890605411394,-0.0265486304712857,0.0964114631156437,0.136729899132213,0.0108346219205584
-2.50985232201383,-17.451251970513,20.9768529069586,-0.0528218116818842,0.0849108721580668,0.0158222597756377,0.00414076981499134
-2.57285118801679,-17.4031856961028,21.0301580832699,-0.0572708302293275,0.0819759233241294,-0.00572803577363038,-0.0339096489139526
-2.66747171985054,-17.4194994347538,20.6555730616146,-0.0233057723916643,0.0972462902800304,-0.0713147594420887,-0.11356002893104
-2.68968977243341,-17.337176345705,20.4352610621974,-0.00149082615660636,0.0999888865693122,-0.0207272264262564,-0.0176657975204299
-2.74415664187674,-17.2640793206264,20.6341192848199,-0.0212142690192888,0.0977238701135871,-0.0332526004240428,-0.0246268450350233
-2.83674515304082,-17.081804659462,20.4462041135571,-0.00258489857711586,0.0999665859142245,-0.0900036125869702,0.0823080752501441
-2.85734855222141,-16.9113731535539,20.194320080872,0.022411239386683,0.0974563304724367,-0.0430146385672656,0.0729751754357138
-2.8305302268076,-16.8486872143745,20.4431025866976,-0.00227483759027224,0.0999741222213923,0.0290931630040797,-0.0372881830420482
-3.00003027004712,-16.8938984600727,21.0449320803175,-0.0584756480538507,0.0811208887074235,-0.111024395185672,-0.126332134405627
