X,Y,Theta,FmPi_x,FmPi_y,Xi_x,Xi_y
0,0,0.0305680093460258,0,0,0,0
0.0596466260450343,-0.239675544210598,-0.547925429036003,0.0853607038464176,-0.0520917482797822,-0.0257140778013833,-0.187583795930815
-0.100652182368037,-0.174605667004864,9.82231596835677,-0.0922016946577219,-0.0387149519209854,-0.068097113755349,0.103784829126719
0.0942078454565993,-0.254677631487195,11.2644341811537,0.0265632462195156,-0.0964074372145707,0.16829678160512,0.0163354727322398
0.270088313340491,-0.433647867423112,5.80611749748416,0.0888345132187279,-0.0459176356228373,0.0870459546651635,-0.13305260031308
0.209260550385848,-0.351053364010082,2.05596184443902,-0.0466354782375254,0.0884597771281236,-0.0141922847171177,-0.00586527371509343
0.12836103050507,-0.509535778473866,-2.00208330633182,-0.0418040277190967,-0.0908428492863417,-0.0390954921616809,-0.0676395651774425
-0.0230546358226175,-0.299088076911627,-4.11597855410747,-0.05616762390051,0.0827357119107031,-0.0952480424271776,0.127711989651536
0.156377935422653,-0.310571112218777,-8.1542614099716,-0.0295787475310814,-0.0955253772276904,0.209011318776352,0.0840423419205402
0.076163726479073,-0.311418853404021,-6.08268742289595,0.0979967542034142,0.0199157265896983,-0.178210963146994,-0.0207634677749425
-0.0345026769000206,-0.543055784648021,-9.26376868457506,-0.0987065984515882,-0.0160314510296768,-0.0119598049275054,-0.215605480214323
-0.355900461542413,-0.308890390955564,-3.59840943285022,-0.0897461140161528,0.0441093529650991,-0.23165167062624,0.190056040727358
-0.0260851382629125,-0.166004756963728,6.2940862130543,0.0999940585713908,0.00109006899840086,0.22982126470811,0.141795564993435
-0.186982359463084,-0.206267353264587,9.04734890891483,-0.0929615182688762,0.0368531697570968,-0.0679357029312956,-0.0771157660579564
-0.248408602549004,-0.260507280466575,5.12470239602483,0.0400729941090779,-0.0916196220420812,-0.101499237194997,0.0373796948400938
-0.478151603334189,-0.273135837867825,3.46286117179559,-0.0948835621054884,-0.0315770429612073,-0.134859438679697,0.0189484855599574
-0.400902930478091,-0.166529105510539,6.16178790732014,0.0992640380745028,-0.0121099440603022,-0.0220153652184055,0.118716676417588
-0.431866467996925,-0.314918750405168,2.82366720978597,-0.094988596097069,0.0312596642897503,0.0640250585782355,-0.17964930918438
-0.292770150809257,-0.5700209653466,-0.423917171410014,0.0911484671493009,-0.0411334041422883,0.0479478500383666,-0.213968810799144
-0.21019750789117,-0.59814214422881,5.4667500810522,0.0684823236621506,-0.0728709224988435,0.0140903192559367,0.0447497436166341
-0.265856665831973,-0.461604889728469,2.27724980297988,-0.0649140128882784,0.0760668845867926,0.00925485494747508,0.0604703699135477
-0.14842620722593,-0.223013654844967,-5.42824713127991,0.0656265159152686,0.0754530344573563,0.0518039426907746,0.163138200426146
-0.279358667906968,-0.430215460863306,-9.68186180395387,-0.096713555520244,0.0254261318063264,-0.0342189051607941,-0.232627937824665
-0.369173840128131,-0.465276436382044,-2.95589339250108,-0.0982807383676187,-0.0184633817572971,0.00846556614645583,-0.0165975937614412
-0.489598329579354,-0.323825610801352,-1.97339475218792,-0.0391810333251325,-0.0920046011217638,-0.0812434561260904,0.233455426702456
-0.323412884410554,-0.400404679132553,-7.52914164855061,0.031915714384045,-0.094770180834248,0.134269730784755,0.0181911125030465
-0.608864714997078,-0.427567244667217,-9.62688880067099,-0.0979645035588386,0.0200737650297673,-0.187487327027685,-0.0472363305644311
-0.615527520824018,-0.414488089310294,-4.97890623445542,0.0263373256647944,0.0964694007280369,-0.0330001314917345,-0.0833902453711138
-0.409334885467404,-0.13322183611372,-11.3426470445599,0.0340146570078259,0.094037243199915,0.172177978348788,0.187229009996659
-0.74593632764442,-0.0229358603981381,-14.2874814410004,-0.014974909343005,-0.0988724030767372,-0.32162653283401,0.209158378792319
-0.756421902182211,-0.215426224944582,-14.5027113178339,-0.0357457756753182,-0.0933929307890583,0.025260201137527,-0.0990974337573861
-0.788452942493553,-0.483882193986956,-11.7942227512657,0.0716413811599789,0.0697675605528143,-0.103672421471321,-0.338223529595188
-0.552654144748358,-0.206735779851547,-13.2422219340539,0.0780174680896992,-0.0625561721405072,0.157781329655496,0.339702586275916
-0.506087007519266,-0.229639881898132,-11.1136080322577,0.0117759861884889,0.0993042101287177,0.0347911510406024,-0.122208312175302
-0.432809828320288,-0.134874558731915,-10.93828319071,-0.00572597611913617,0.0998359313948795,0.0790031553181143,-0.00507060822866281
-0.527366359846841,-0.254545729702604,-20.9442694206506,-0.0500275714298023,-0.0865866161530524,-0.0445289600967512,-0.0330845548176368
-0.395803353689961,-0.320239021083242,-18.8777087404067,0.0999603735568576,-0.00281491001161306,0.0316026326000231,-0.0628783813690242
-0.51081129117853,-0.241227160128182,-17.1136424471823,-0.0164367886368149,0.0986399106817756,-0.0985711488517539,-0.0196280497267166
-0.476745374904201,-0.382667087602961,-19.7884773261049,0.0590658710271616,-0.0806921488114099,-0.0249999547528332,-0.0607477786633691
-0.505887212708901,-0.389350008391846,-20.7508087958134,-0.0324474907856487,-0.0945894303911132,0.00330565298094931,0.0879065096022282
-0.58449308798825,-0.520923136276257,-18.1242737951397,0.0748312304165605,0.0663346587715926,-0.15343710569591,-0.197907786656004
-0.736693052036072,-0.346381413050601,-15.9174958610219,-0.097812824348698,0.0208002738667246,-0.0543871396991237,0.153741449358932
-0.535076476648359,-0.186285427487951,-17.946570835332,0.0619268903889797,0.0785178976205508,0.139689684998733,0.0815780879420998
-0.496886464695232,-0.0696185295622885,-18.7672570346495,0.0996615357634205,0.00822060151548908,-0.0614715238102935,0.108446296410173
-0.387201740613705,-0.182426452759229,-19.3951497794457,0.0854819273328796,-0.0518925823163224,0.0242027967486475,-0.0609153408806177
-0.244065772146342,-0.206369065446315,-18.8015874339813,0.099884973268754,0.00479500939522478,0.0432509951986091,-0.0287376220823112
0.0282579221622969,-0.316195633594766,-12.7678742035359,0.0979766753040805,-0.0200142723164943,0.174347019004558,-0.0898122958319566
0.0818834874051456,-0.498126597424388,-6.6797985968506,0.0922374556413125,-0.0386296748215269,-0.0386118903984639,-0.143301289008095
0.0229578464416979,-0.511545677417434,-4.73022712995332,0.00178372035683979,0.0999840904428729,-0.0607093613202874,-0.113403170435919
0.257715933685649,-0.379763236739597,-6.55714213893028,0.0962707943064191,-0.0270542817981026,0.138487292937532,0.15883672247594
0.309284158862578,-0.438902160226164,-1.69244914899369,-0.0121352979178148,-0.099260941686274,0.0637035230947442,0.0401220181997069
0.437708776506933,-0.400869292275223,-5.8430670977914,0.0904701306855256,0.0426046412230396,0.0379544869588297,-0.00457177327209848
0.501916136543954,-0.371140178704202,-3.88667497896257,-0.0735032085608361,0.0678032324543766,0.137710568597857,-0.0380741188833561
0.409700325681285,-0.291989701210468,-3.4132354148655,-0.0963331420040855,0.0268314321574661,0.00411733114141602,0.052319045336268
0.279337534166685,-0.491611564217782,-9.78507019832329,-0.0935793835955063,0.0352547722427062,-0.0367834079190933,-0.23487663525002
0.411122793584594,-0.490367609071353,-7.09958629183856,0.0684848188293937,-0.0728685775208019,0.0633004405885152,0.07411253266723
0.393749527527429,-0.404518637124046,-5.35796819304639,0.0601661186343916,0.0798751411170729,-0.0775393846915563,0.00597383083023428
0.177524886164827,-0.222666722174124,-4.96751849025912,0.0252370728470513,0.0967630619302253,-0.241461714209653,0.0850888530196965
0.111278823945512,-0.247101442287702,-3.53633149913496,-0.0923097027259795,0.0384567131024128,0.0260636405066637,-0.0628914332159902
0.279395235237728,-0.303601679809171,-5.99200416151821,0.0957905455935819,0.028708385097109,0.0723258656986344,-0.0852086226185785
0.30312546986682,-0.1950535056705,-8.18821115792615,-0.0328041426838357,-0.094466333806169,0.0565343773129282,0.20301450794484
0.428097887986659,-0.100050272886792,-11.6055954805218,0.057288483073747,0.0819635876905654,0.067683935046092,0.0130396450931423
0.304785668926868,-0.326996625801995,-9.08504537111286,-0.0942843809717751,-0.0333234977871348,-0.0290278380880163,-0.193622855128068
0.384133573814086,-0.279629626589802,-11.1933834266918,0.0196521666201554,0.0980499482260631,0.0596957382670621,-0.0506829490138698
0.142487453743742,-0.479358256925913,-14.3534057627715,-0.0214557563758199,-0.0976711345195778,-0.220190363694524,-0.102057495816533
0.276323594445588,-0.646465791234742,-20.1498425619016,0.0267222622971319,-0.0963634821793157,0.107113878404714,-0.070744052129513
0.104011884582604,-0.749448754977905,-27.1900351692064,-0.0467532737454342,-0.0883975757251549,-0.12555843611755,-0.0145853880180086
-0.15471811546047,-0.596886989631297,-28.4320411837172,-0.0987589957020848,0.0157054375270351,-0.159971004340989,0.136856327819573
-0.385045705083334,-0.53321179331192,-28.92208556487,-0.0797442436478428,0.0603395028570296,-0.150583345975021,0.00333569346234752
-0.509405554750949,-0.479540055588683,-25.1050973314843,0.0999617931804688,0.00276403765263499,-0.224321642848084,0.0509077000706018
-0.19596507911166,-0.436851186448725,-25.2520702808635,0.0992888733029687,-0.0119046057568923,0.21415160233632,0.0545934748968503
0.0149774200667968,-0.585385073380462,-26.9975001228142,-0.0289747076015966,-0.0957103250407289,0.239917206780054,-0.0528235618910079
-0.121427581337712,-0.307593217778533,-28.2637620343251,-0.0999944118535575,-0.00105716510588948,-0.0364105895509513,0.278849020707818
0.0796217093337697,-0.641150190189092,-26.7270967483472,-0.0023557013529411,-0.099972249505229,0.203404992024423,-0.23358472290533
0.131564652528538,-0.64283233984103,-20.0508504234796,0.0361150924800118,-0.0932507377727394,0.0158278507147567,0.0915685881208009
0.341595231824543,-0.69978905482936,-14.6999795855068,-0.0533567120985006,-0.0845757723821528,0.263387291394505,0.027619057393823
0.251564878948315,-0.739445878205996,-11.4366181247141,0.0426883646241011,0.0904306558956629,-0.132718717500329,-0.130087479272299
0.220150971061307,-0.741627350176966,-15.0165503844936,-0.0770345892647012,-0.0637626227253772,0.045620681377693,0.0615811507544071
0.12945079339656,-0.813144595447048,-1.6043774543054,-0.00335748163375307,-0.0999436206922634,-0.0873426960309941,0.0284263754221821
0.329516310800593,-0.727211519095476,-1.148953623057,0.040944231222397,-0.0912336008804152,0.159121286181636,0.177166677231987
0.191384646104308,-0.687848801148853,2.19302632329898,-0.0582848660436412,0.0812580727698781,-0.0798467986526435,-0.0418953548232554
0.242376475826427,-0.910867647257224,4.90642313545238,0.0192818904811577,-0.0981234360358046,0.0317099392409617,-0.124895410072566
0.0678176081543145,-0.861374668817054,-2.85589665081447,-0.0959465733867223,-0.0281825310315862,-0.0786122942853906,0.0776755094717556
0.161004494102185,-1.08696834001473,-7.63697144951137,0.0215310898695176,-0.0976545552907326,0.0716557960783526,-0.12793911590694
0.0599360307775087,-0.970534505774351,-1.88508247562902,-0.0309137665242972,-0.0951017299489407,-0.0701546968003789,0.211535564189317
-0.187374717280931,-1.06547199179679,-3.77154587567732,-0.0808055066390012,0.0589106959457647,-0.166505241419439,-0.153848181968206
-0.207916485270051,-0.894738751713352,-8.57727922358325,-0.0661860229135352,-0.0749627265438564,0.0456442549244157,0.245695966627296
-0.217449593456687,-1.30417726106217,-7.65713740771014,0.0195575478299153,-0.0980688652064486,-0.0290906560165515,-0.311369644142367
-0.163883289316952,-1.19610429520751,-5.64750489164661,0.0804667902949904,0.0593725160290689,-0.0269004861552548,0.0487004498255924
-0.0796779606199381,-1.21529963678928,5.63578458491927,0.0797654155063547,-0.0603115120777003,0.00443991319065876,0.0411161704959237
0.00370824649182006,-1.09207660903115,8.86391965685718,-0.084679887979731,0.0531913204549409,0.168066095091489,0.0700317073031922
0.039208779493311,-1.24350609524134,16.1938347474094,-0.0884268322205552,-0.0466979158361247,0.123927365222046,-0.104731570374062
-0.175927615417521,-1.21485196003888,20.6135234398148,-0.0191972063597162,0.0981400390665424,-0.195939188551116,-0.0694859038640855
0.0349667375286334,-1.35408444180825,17.7576196910092,0.0460767786921978,-0.0887520730200159,0.164817574253957,-0.0504804087493554
-0.281310593773643,-1.47215284444536,17.5817435982342,0.0298369614152871,-0.0954450403819008,-0.346114292717564,-0.0226233622552123
-0.228628025805445,-1.30786217901485,25.1395287601122,0.0999976964797226,0.000678747927634337,-0.0473151285115248,0.163611917502877
-0.0235173740589422,-1.30057922358358,14.2124868355265,-0.00752486985245549,0.0997164797498568,0.212635521598959,-0.0924335243185818
0.0655180698491847,-1.26369877406226,14.4009401797326,-0.0260725133118907,0.0965413074782048,0.115107957220017,-0.0596608579568838
0.0125729212656922,-1.2449311480957,17.3771934114762,0.00982749359668016,-0.0995159302303265,-0.0627726421801726,0.118283556196887
-0.202338153636575,-1.1859033900472,15.5408901158256,-0.098607571572909,0.0166296971858668,-0.116303503329358,0.0423980608626272
-0.223811456724481,-1.42911223851341,16.2956383739038,-0.0832231912692885,-0.0554427672014612,0.0617498881813823,-0.18776608126475
-0.483917152414035,-1.41556645362392,21.6344151575886,-0.0937042561195366,0.0349215175083256,-0.166401439570017,-0.0213757326188306
-0.479866306124471,-1.26109522877369,15.8346405515192,-0.0991987156780759,-0.0126338754078179,0.10324956196764,0.167105100258045
-0.553289202475385,-1.27836362224874,16.5339582591577,-0.0677825761270461,-0.0735222576746743,-0.00564032022386768,0.0562538641996231
-0.509597085931413,-1.06450531232213,7.7669967847054,0.00868751975884877,0.0996219202808278,0.0350045967851229,0.114236389645785
-0.271917807574429,-1.14793022253108,-0.715850300071642,0.0754535496772296,-0.0656259235447841,0.162225728679755,-0.0177989866641664
-0.421228432231608,-1.18602464671439,-3.80498089468027,-0.0787910313139782,0.0615790011650052,-0.0705195933432005,-0.099673425348311
-0.410647059073349,-1.44628493015396,-9.0138855715692,-0.0916764743025984,-0.0399427597875387,0.102257847460857,-0.220317523652036
-0.425761644472943,-1.43135315788798,-5.23719184035961,0.0501042404951733,0.0865422733951555,-0.0652188258947668,-0.0716105011291693
-0.460792490467961,-1.42447596751228,-3.1478233793573,-0.0999980589091003,0.000623068545276747,0.0649672129140825,0.00625412183042329
-0.390554001201904,-1.21347090495512,1.88417531781811,-0.0308274815389624,0.095129734478579,0.101065970805019,0.115875328078576
-0.623303439885905,-1.36200345645637,-1.88326495768658,-0.0307408664591094,-0.0951577591652052,-0.202008572224891,-0.0533747923360408
-0.456692200850425,-1.57545105988101,4.75667258228164,0.00442691296828175,-0.0999019641527195,0.162184326067198,-0.11354563927192
-0.696743631925862,-1.6106236653916,9.2090747651708,-0.0976826127697065,0.0214034380996039,-0.142368818305731,-0.056576043610193
-0.535122337860763,-1.67072044438374,10.7794126241273,-0.0214482201849385,-0.0976727897159613,0.183069514250038,0.0375760107238191
-0.333890949087965,-1.71446776279354,5.12319149481925,0.039934520224591,-0.0916800637785104,0.161296868548207,0.0479327453687065
-0.5870658548091,-1.88967848391682,10.1907316928814,-0.0720721534675992,-0.0693224689010917,-0.181102752253535,-0.105888252222188
-0.471853770110097,-1.97161680412301,13.3861752284363,0.0682364049867277,0.073101251935157,0.0469756797122752,-0.155039572141342
-0.430247493963768,-1.88070720564641,12.3489205362679,0.0976450744534064,-0.0215740454015633,-0.0560387983070775,0.112483643878157
-0.499020569165575,-1.79549362936152,16.2644936463659,-0.0849093022673131,-0.0528243351920122,0.0161362270655065,0.138037911476905
-0.67058461781498,-1.8898513280817,22.5037259058786,-0.0871483416149352,-0.0490424974258709,-0.0844157070344704,-0.0453152012943075
-0.827140511319853,-1.8725806188535,25.4754595876117,0.0941844645813159,0.0336048602367402,-0.250740358086188,-0.0163341510085454
-0.735988325680044,-1.91396075322417,18.653647848775,0.0980871310976792,-0.0194657317619119,-0.00693494545787077,-0.0219144026087581
-0.629725362529068,-1.85331681846143,15.2856735837486,-0.0912152904957688,0.0409850067679941,0.197478253646745,0.0196589279947506
-0.701469075141099,-1.69822918463044,10.6290792681962,-0.035834542816621,-0.093358907133298,-0.0359091697954102,0.24844654096429
-0.547236932052955,-1.8638232651415,12.3819092572817,0.0983035189531152,-0.0183417055214208,0.0559286241350293,-0.147252374989644
-0.581844853031202,-1.80306879662258,19.1849251740928,0.0944288846395777,0.0329117873371431,-0.129036805617825,0.0278426811817768
-0.598558280479547,-1.95771607866134,17.3163212556166,0.00375528290066553,-0.0999294643753081,-0.0204687103490104,-0.054717817663452
-0.39815479087715,-1.75035397033577,13.2309474542219,0.0787177829493496,0.0616726085676541,0.121685706653047,0.145689499757918
-0.535281395287213,-1.82224415575103,9.66534477801498,-0.0971203084874663,-0.0238253159328347,-0.0400062959225962,-0.0480648694824212
-0.519987412165518,-2.06675220498491,2.9439654280453,-0.0980535215997265,0.0196343296776836,0.113347504721422,-0.264142378911564
-0.724892813972757,-2.11228365289586,5.04715743889224,0.0328550490890382,-0.0944486408020618,-0.237760450896277,0.0489171928911067
-0.554960185209801,-2.13910742566686,-4.87734570151033,0.0164209639760595,0.0986425463078532,0.153511664786896,-0.125466319078853
-0.477489458425463,-2.08501605479065,1.58509013476358,-0.00142933212386551,0.099989784526619,0.0789000589082029,-0.045898413650412
-0.871366446634971,-1.87776047447697,1.97484733805339,-0.039314636525187,0.0919475902614768,-0.35456235168432,0.115307990052207
-0.882117549666861,-1.93733699484453,11.7003338834533,0.0647850716263076,-0.0761767319748898,-0.0755361746581983,0.0166002116073316
-0.838242973647295,-2.04681337518656,11.1129887363545,0.0117144852437133,-0.0993114839053109,0.0321600907758527,-0.0101648964367161
-0.735752413665743,-1.90846779037333,14.702866387973,-0.053600642980325,0.0844213898967302,0.156091202961877,0.0539241949164911
-0.949499264620374,-1.76013641765277,20.6242520764494,-0.0202489901557339,0.0979284350823242,-0.193497860798897,0.0504029376382387
-1.07296277262781,-1.53011336522635,21.3150881554278,-0.0780043858882491,0.062572484225873,-0.0454591221191876,0.167450568200548
-1.17845058632389,-1.41487930786153,14.692083419081,-0.0526872312918707,0.0849944448702203,-0.0528005824042098,0.0302396124946022
-1.01286268371941,-1.80459901151898,18.2400815385567,0.0819949013494236,-0.0572436560039476,0.0835930012550563,-0.332476047653506
-1.29302959211382,-1.94601633712294,21.9993227235245,-0.099996659183502,-0.00081740573680213,-0.18017024921091,-0.140599919867156
-0.878305089719104,-1.8637294342863,12.4263011587628,0.0990206301773959,-0.0139611890350136,0.315703872217323,0.0962480918716527
-0.763262153196723,-1.65436884073781,4.98564041790501,0.026986366210029,-0.0962898542878646,0.0880565703123519,0.305650447836359
-1.00299332815427,-1.82434653489897,5.04411520607323,0.0325675627379132,-0.0945481562872174,-0.272298737695462,-0.0754295378739484
-1.04189427233544,-1.72597356756416,3.18247024930494,-0.0999164627418083,-0.00408662124068797,0.0610155185606356,0.102459588575504
-1.31966427489593,-1.60268535656331,-4.9745726802305,0.0259190242911368,0.0965826287683011,-0.303689026851619,0.0267055822325449
-1.20157738879006,-1.76991725015774,-2.17575469504132,-0.0568727833561372,-0.0822525775482196,0.174959669462,-0.0849793160462142
-1.31147598712358,-1.98613576354233,-3.21564523355085,-0.0997259360467103,0.00739849171165605,-0.0101726622868071,-0.223617005096238
-1.60623751072586,-1.90902587811704,3.29716368189289,-0.0987923214290803,-0.0154944256638729,-0.195969202173204,0.09260431108916
-1.73195381689018,-1.87092331351518,3.07483002242839,-0.0997772203211721,0.00667130459357729,-0.0259390858431481,0.0314312600082828
-1.55409559877893,-1.88258560666875,12.238407696619,0.0946700482479176,-0.0322115191311579,0.083188169863336,0.0205492259775863
-1.38243331439572,-1.7288232714247,8.46146027845985,-0.0570799017315123,0.0821089813499163,0.228742186114719,0.0716533538941312
-1.36731548766255,-1.86372719034397,12.3033656969746,0.0965613110457823,-0.0259983308910337,-0.0814434843126087,-0.108905588028237
-1.38694260327941,-1.86629452769582,16.3935116861138,-0.0774071961279298,-0.0633097621825593,0.0577800805110691,0.0607424248307114
-1.36277690995363,-1.94979747543749,16.3694803726225,-0.078906116028716,-0.0614314646843359,0.103071809354497,-0.0220714830573355
-1.47024373171691,-1.78599759959742,7.55125231175923,0.0298126523833113,0.095452636201793,-0.137279474146592,0.0683472396382774
-1.39498084027899,-2.00131481021605,4.43634739467774,-0.027254923780398,-0.0962141836203202,0.102517815218314,-0.119103026998302
-1.23405649572493,-2.06009236413233,6.49331533422146,0.0978003801032298,0.0208587068550227,0.0631239644508336,-0.0796362607713098
-1.16253584391985,-2.12686396879627,10.0025226476884,-0.0837696487114344,-0.0546136059490937,0.155290300516513,-0.0121579987148464
-1.27813887737525,-2.16619022456966,15.2011534433168,-0.0874297434980094,0.0485390559433565,-0.0281732899573859,-0.0878653117167408
-0.969005570094335,-2.54189711460397,11.1677009183574,0.0171277939833247,-0.0985222750106025,0.292005513297588,-0.277184615023714
-1.2742784999743,-2.30785930230995,9.05429388710101,-0.0932152187869299,0.0362066704697461,-0.212057711093037,0.197831141824273
-1.18312981640284,-2.1068671117816,8.62676412038125,-0.0698130117911168,0.0715970906158441,0.160961695362575,0.129395099912505
-1.21269049341152,-1.92863039204856,1.62136661995978,-0.00505487415592669,0.0998721595203976,-0.0245058028527494,0.0783645602126487
-1.2693051151481,-2.13980157441414,4.17567824714865,-0.0511311982794575,-0.0859395168854631,-0.0054834234571262,-0.125231665480123
-1.30160836174341,-1.93527437315867,2.56242515488652,-0.0836918590641784,0.0547327390725305,0.0513886124688731,0.149794462182943
-1.59052847916606,-1.87995218384059,-2.35345447948723,-0.0705166649104242,-0.0709041604555822,-0.218403452512228,0.12622634977366
-1.6602934351684,-1.99045917461271,-1.26288888028764,0.0303065161067767,-0.0952969835906136,-0.100071472109112,-0.0152100071815076
-1.85634823403862,-2.02350023155964,-0.1237725626055,0.0992349950197132,-0.0123456779253915,-0.295289793889937,-0.0206953790215314
-1.6809914600193,-2.041239096789,-0.0934777471886114,0.0995634135888897,-0.0093341670505568,0.0757933604304257,-0.00840469817880574
-1.45503395796681,-1.94589650074012,-4.89609625554871,0.0182675714078626,0.0983173221505684,0.207689930644628,-0.00297472610169203
-1.29761030501282,-2.02978562064096,7.73609422755939,0.0117614540553125,0.0993059323429611,0.145662198898679,-0.183195052243794
-1.40072200109695,-1.81617500349239,15.4099209122966,-0.0955913181616729,0.029364943250649,-0.0075203779224538,0.184245673897915
-1.34944559336155,-1.82984221035559,12.6887604595152,0.0992519707345143,0.0122084522080041,-0.0479755629991173,-0.0258756590712007
-1.44286153434852,-1.58408237513638,9.83413468348351,-0.0917377049370661,-0.0398019282557994,-0.001678236049903,0.285561763475004
-1.23023919785036,-1.7732294489019,15.6114078177902,-0.0995342142959097,0.00964054897274657,0.312156550794075,-0.198787622738267
-1.41211918692851,-1.84265466346773,10.5976390606405,-0.0387515731617057,-0.0921863090566759,-0.143128415916449,0.0227610944908537
-1.39530543459326,-2.25204435348025,11.9799503785849,0.0832926992005849,-0.0553382892749757,-0.0664789468653335,-0.354051400737547
-1.47622038693887,-2.0614871511477,11.2302199117475,0.0232498335335089,-0.0972596794188842,-0.104164785879117,0.287816881751432
-1.39904469226057,-1.88935478404737,15.5536673678274,-0.0988119984867776,0.0153684402282426,0.175987693165071,0.156763926872093
-1.37655769319297,-2.03917375634924,19.2419856287053,0.0923982584161022,0.0382434548867019,-0.0699112593484983,-0.188062427188572
-1.43458156779063,-2.07046935084109,14.4478039500766,-0.0305665219490293,0.0952139051606409,-0.0274573526486307,-0.12650949965249
-1.32596693337571,-1.95866446000074,17.5661127023034,0.0283414857900529,-0.0958997402666568,0.0802731486248646,0.207704631106999
-1.06177940520137,-2.09842800174435,17.9159543893468,0.0594943051247533,-0.0803767855647559,0.204693223049588,-0.0593867561788483
-1.09532274099425,-2.13337378040641,13.0256492283837,0.0896372522284131,0.0443301591801772,-0.123180588021293,-0.0792759378422435
-1.22760062624606,-1.79868792172789,14.5319123709057,-0.0384573208877247,0.0923094495170379,-0.0938205643640845,0.242376409161485
-1.2389202506327,-1.91829103380607,12.7353040150982,0.0985764656026523,0.0168131029048509,-0.10989608998929,-0.136416214983034
-1.02455429302716,-2.06176800779039,11.9078193528962,0.0790879648162967,-0.0611971716766078,0.135277992789238,-0.0822798023077107
-1.36760231169895,-2.0043608493245,15.6436844202624,-0.099793482608565,0.00642345925915653,-0.243254536063222,0.0509836992067407
-1.3383266301536,-2.05046195218592,16.4182764390006,-0.075815770333771,-0.0652071236039199,0.105091451879123,0.0191060207424961
-1.27387556739596,-2.09425321798426,11.250699375401,0.0252366449569006,-0.0967631735285658,0.0392144178007387,0.0529719077302208
-1.54878139743465,-2.01688308399494,9.40852961976842,-0.0999867998611522,0.00162476260601391,-0.174919030177535,0.0757453713833057
-1.52432875965141,-2.0564509844102,7.16403747130301,0.0636494116912573,0.0771281556330556,-0.0391967739080231,-0.116696056048312
-1.76257706797247,-2.06705067776599,8.49005233656221,-0.0594039166529319,0.0804436118426536,-0.178844391668131,-0.0910433051984398
-1.97405174143929,-2.04225207923914,17.2876846311452,0.000892491791261062,-0.0999960172126997,-0.212367165258079,0.124794615739549
-1.82390476130336,-1.97667206367767,21.6153629763469,-0.0930219591550737,0.0367003421639609,0.243168939291007,0.0288796733975086
-1.9237697127014,-1.92892478121568,14.2772244040697,-0.0139600015112071,0.0990207976023577,-0.0859049498868391,-0.0512735151403689
-1.60595345504975,-1.77038448333213,7.41237311521659,0.0427394223436549,0.0904065361449641,0.275076835308002,0.0681337617385847
-1.64494888404148,-1.71035761140644,13.9656404083817,0.017068667880636,0.0985325356254499,-0.0560640968723712,-0.0385056636997558
-1.58470319236608,-1.45894370136374,21.290174928683,-0.0764214584591873,0.0644962067642021,0.13666715013459,0.186917703278494
-1.81291554695463,-1.66592439278078,22.6688940840658,-0.0778988349707755,-0.0627038396766569,-0.15031351961777,-0.144276851740386
-1.78579718488691,-1.47226768831366,25.7415394908379,0.0820335862350001,0.0571882044605773,-0.0549152241672797,0.136468500006544
-2.06990662716506,-1.63017045430354,23.3094006060296,-0.0249868355713747,-0.0968279817414836,-0.259122606706781,-0.0610747842483905
-2.1069164173307,-1.75511248489245,23.2481281605838,-0.0308691216553408,-0.0951162306245773,-0.00614066851029327,-0.029825799964341
-1.92897072603752,-1.84661633329785,23.9165224633947,0.0347194236229882,-0.0937793240713938,0.143226267670188,0.002275475666
-1.96119976355265,-1.84099010753212,27.5125286018692,-0.0723591133874055,0.0690228854061361,0.0401300758722741,-0.0633966596404088
-2.01244500824671,-1.72690146721008,29.2612668538051,-0.0551251391398752,-0.0834339201692537,0.00387989444581749,0.197522560491291
-2.26626378936582,-1.82967733861619,34.8950329352608,-0.0943580884567939,-0.0331142136065444,-0.159460692662315,-0.0696616577995579
-2.14364337847128,-1.84924011858209,37.5087283335632,0.0981931733719587,-0.0189235489045913,0.0244272375225789,-0.000639231061313972
-2.21088080596488,-1.63918915344861,34.7426853506667,-0.0982905672288279,-0.0184109856834244,0.0310531397352278,0.22846195081691
-2.25176109529916,-1.86193249258874,37.3145331023918,0.0926956558218363,-0.03751686809636,-0.133575945156116,-0.185226471043775
-2.22062427939276,-1.89106034369248,39.1208170868872,0.0148539360013189,0.098890649635184,0.0162828799050835,-0.128018500738927
-2.44410587963159,-1.76772932236912,35.2042965166464,-0.0798029979058452,-0.0602617749924416,-0.143678602332992,0.183592796315809
-2.4493726869804,-1.93070070205189,40.6754831349805,-0.0986381972005859,0.0164470682195438,0.0933713898517805,-0.179418447902314
-2.25597494922935,-2.26165522596939,36.5977224458516,0.045235744297367,-0.089183672484728,0.148161993453683,-0.241770851432774
-2.49753754005024,-2.36467295867499,35.4510006086597,-0.0626702905237718,-0.0779258281038196,-0.178892300297118,-0.0250919046017757
-2.50268878869782,-2.03055154007904,45.5826498821822,-0.00295521019987908,0.0999563241254626,-0.00219603844769667,0.234165094470484
-2.18382888802165,-1.85337329632779,39.6805189742038,-0.0399169434963623,0.0916877179447074,0.358776844172531,0.0854905258065466
-2.18719867546944,-1.85142713114208,31.5888939274445,0.0985078398136794,0.0172106215821067,-0.101877627261469,-0.0152644563964036
-2.23244796411772,-1.81761283312836,26.2568143849024,0.0432012592620075,0.0901867573326418,-0.0884505479102938,-0.0563724593189155
-2.27431918258728,-2.05485472651262,24.1538332453041,0.0557929131364282,-0.0829888597569034,-0.0976641316059853,-0.154253033627362
-2.34961029659437,-1.78532687565992,27.8428082583936,-0.0908328704034589,0.0418257056637237,0.01554175639637,0.227702145188976
-2.26236671028704,-1.70138128527466,25.1734976575994,0.0999169571713079,0.00407451464925933,-0.0126733708639858,0.0798710757359997
-2.27682917243984,-1.89063326734153,25.5055776895009,0.0931297888468428,0.0364258483681915,-0.107592250999634,-0.225677830435063
-2.207574982735,-1.9855420797203,23.6496916658437,0.00876342063052966,-0.0996152722169267,0.0604907690743079,0.00470645983815765
-2.10920106502953,-2.07322509700966,23.565456780241,0.000351187109870927,-0.0999993833361679,0.0980227305955939,0.0123163660468121
-2.23182573862913,-2.1157316774753,23.0436130238093,-0.0495431819031768,-0.0868646828515982,-0.0730814916964229,0.044358102385953
-2.38398795972747,-1.90658343600153,15.3079069049897,-0.0921039043769728,0.0389470255413358,-0.0600583167213606,0.170201215932435
-2.53302177119881,-2.09118055489915,18.1092565020013,0.073826663065539,-0.0674508993313461,-0.222860474536881,-0.117146219566269
-2.30873297077286,-2.18405003891325,14.4101505417913,-0.0269605752679326,0.0962970787782378,0.25124937569388,-0.189166562792341
-2.71523409616715,-2.01909114613198,9.24163840704179,-0.0983276771976801,0.0182117516156142,-0.308173448196608,0.14674714116566
-2.39099511650861,-1.94863565442382,7.56046427643702,0.0289320935602644,0.0957232153775671,0.29530688609828,-0.0252677236694135
-2.43157321826412,-1.91893103496972,-1.49921216828102,0.00715230378238349,-0.0997438948036646,-0.0477304055378994,0.129448514257768
-2.23038630393593,-2.03000546602057,0.579936242391758,0.0836497588910509,0.05479706048201,0.117537155437139,-0.165871491532861
-2.28142183519121,-1.87703663417973,1.88707141904237,-0.0311028572131656,0.095040056150959,-0.0199326740421132,0.0579287756898859
-2.27622773927147,-1.70293472173171,-4.24740458067403,-0.0448408857516024,0.0893828561023407,0.0500349816713477,0.0847190563456734
-2.24393206554235,-1.85688411084373,-7.872313839008,-0.00183311782342026,-0.0999831969835205,0.0341287915525358,-0.0539661921284927
-2.11267946152875,-1.79366226012363,-5.41579680439463,0.0646820389030872,0.0762642369878537,0.0665705651105136,-0.0130423862677617
-2.22353507485425,-1.60945914874274,-5.21656875312643,0.0483089435698573,0.0875571012035252,-0.159164556895359,0.096646010177368
-2.22358984450067,-1.68156667787676,-0.832205500718665,0.067324661184544,-0.0739418014142633,-0.0673794308309588,0.00183427228024557
-2.19894096299101,-1.62360658294476,1.74980360830201,-0.0178052805542381,0.098402093394322,0.0424541620638942,-0.0404419984623229
-2.2386856388571,-1.93143966270168,0.323943624468944,0.0947987507584772,0.0318307532840824,-0.134543426624567,-0.339663833041002
-2.30542710422124,-1.87615498309977,4.27930680845382,-0.0419670406623548,-0.0907676566737528,-0.0247744247017815,0.146052336275667
-2.32650000298297,-1.81257755021736,3.74751988650537,-0.0821974369212172,-0.0569524482667999,0.061124538159483,0.120529881149204
-2.34678990154594,-2.0153138582289,2.35587015261187,-0.0706877402696018,0.0707336085293074,0.050397841706636,-0.273469916540849
-2.39840659212808,-1.75949408621231,8.22001385209815,-0.0357913323621585,0.0933754814056747,-0.0158253582199819,0.162444290610923
-2.34723842301812,-1.97615477580106,11.3511066649804,0.03480894977691,-0.0937461306691031,0.016359219333042,-0.122914558919646
-2.35179845900958,-1.98790491895775,17.4867588721942,0.0206502715425264,-0.0978446027393434,-0.025210307533983,0.0860944595826535
-2.37657214052687,-2.20605433098053,16.2118926084937,-0.0875691965726441,-0.0482870149379895,0.0627955150553602,-0.169862397084798
-2.6602057961895,-2.26789965604492,4.66781198886418,-0.0044562229769879,-0.0999006610427547,-0.279177432685645,0.0380553359783664
-2.44649590330714,-2.17033538247322,13.8651549849803,0.0268669960325685,0.0963232294111132,0.186842896849787,0.00124104416059023
-2.6063820785796,-2.19917397473991,11.9716243283224,0.0828290681081295,-0.056029862362305,-0.242715243380582,0.0271912700956148
-2.56827944760551,-2.32965685919705,17.5648058552396,0.0282161353302537,-0.0959366963524636,0.00988649564383226,-0.0345461881046738
-2.23956806361157,-2.53187998563658,18.0658664728065,0.0708313992053855,-0.0705897505775967,0.257879984788556,-0.131633375861933
-2.33881978256271,-2.18912425068021,20.4480442019033,-0.00276884144692253,0.0999616602355213,-0.0964828775042229,0.24279407472084
-2.29077627645202,-2.18856100701683,26.6227148235679,0.00807347674369624,0.0996735620576941,0.0399700293669967,-0.099110318394306
-2.34783679476882,-2.37782785645952,25.6674699527214,0.0860406905255461,0.050960765044171,-0.143101208842348,-0.240227614486862
-2.16143959463491,-2.28062791005935,30.4001839521328,0.0526988975666939,-0.0849872119512995,0.133698302567221,0.182187158351462
-2.05814873904655,-2.27541817306877,27.9230023727795,-0.0938915308569219,0.0344148286839217,0.197182386445275,-0.0292050916933378
-2.1469056473958,-2.15046486575548,25.9134834255178,0.0710391370520665,0.0703806863201668,-0.159796045401316,0.0545726209931228
-2.114328410349,-2.34643467453676,25.6209209185716,0.0883188081399184,0.0469018989886794,-0.0557415710931145,-0.242871707769958
-2.06820934628433,-2.38803226379152,30.4498400639125,0.0568523407294007,-0.0822667086590203,-0.0107332766647277,0.0406691194042579
-1.99183217698131,-2.27025490114361,28.8658963128693,-0.0830070389747076,-0.0557658630404961,0.159384208277725,0.173543225688411
-2.02717307531775,-2.63755473479595,31.2731530265124,0.0989825164026973,-0.0142288947775212,-0.13432341473914,-0.353070938874826
-2.17647210002174,-2.47412106674144,23.233328144851,-0.0322734112425715,-0.0946489668552587,-0.117025613461414,0.258082634909775
-2.16444546735368,-2.59190030769628,25.7677169924905,0.0805086072622383,0.0593158002280563,-0.0684819745941809,-0.177095041182895
-2.21299331969657,-2.42296691435344,23.8264733976179,0.0261454193783626,-0.0965215884946448,-0.0746932717212552,0.265454981837485
-2.06020449744804,-2.49869672114857,26.0524069744818,0.0606086056007694,0.0795399077641557,0.0921802166477648,-0.155269714559294
-1.97800889352507,-2.54782877096341,31.9737042854105,0.0848433446788801,0.052930207478346,-0.00264774075591157,-0.102062257293179
-2.29433144362314,-2.52433584345594,35.3038628166464,-0.0734176297778624,-0.0678958882245511,-0.24290492032021,0.0913888157320215
-2.4614206116067,-2.35160803955983,39.8405762025833,-0.0540194345672681,0.0841540295472097,-0.113069733416291,0.0885737743488956
-2.46318824226761,-2.44590897238464,38.480328037701,0.0710057687808213,0.0704143508089406,-0.0727733994417286,-0.16471528363375
-2.48209012106395,-2.30604582873451,41.0475153097557,-0.0978690757451837,-0.0205339721628207,0.0789671969488408,0.160397115812947
-2.5008669715377,-2.1805290944816,40.747638462897,-0.0995672481522102,0.00929317466725942,0.080790397678467,0.116223559585658
-2.22087812926963,-2.28127840730562,44.8916060671135,0.0614291215610475,0.0789079401849905,0.218559720707021,-0.179657253009018
-2.08316662297631,-2.21058332361968,43.5557960003591,0.0910418751396667,-0.041368792235855,0.0466696311536521,0.112063875921798
-2.09852392078074,-2.32082046753594,45.8119504697037,-0.0255975793352915,0.0966683191752782,0.0102402815308664,-0.206905463091534
-2.12870530334038,-2.16535788822254,52.7046535087262,-0.0763279907199377,0.0646067940131462,0.0461466081602884,0.0908557853002528
-2.36281588540878,-2.14716365360173,52.798043329493,-0.0820202294424291,0.0572073593361141,-0.152090352625962,-0.03901312471531
-2.25175219906921,-2.35391347869253,49.3057339452342,0.0573725984617047,-0.0819047309119077,0.0536910878778625,-0.124845094178892
-2.24398763464854,-2.37933516455145,55.0525376719923,0.00745968755527628,-0.0997213771544379,0.00030487686538927,0.0742996912955184
-2.34874158004141,-2.32302730782879,58.9660104205808,-0.0748996564559517,0.0662573879864005,-0.0298542889369151,-0.0099495312637331
-2.3505291127395,-2.42791636007041,50.0265431194305,0.0971589550567008,-0.0236672231639033,-0.0989464877547901,-0.0812218290777154
-2.31308271946377,-2.03700983851809,53.3467213028632,-0.0998179261703174,0.00603171742185101,0.137264319446049,0.384874804130462
-2.3402677444014,-2.23352682304132,56.5062294737737,0.099909963087839,-0.00424255533689866,-0.127094988025469,-0.192274429186332
-2.26838896854242,-2.15213841431735,56.2657752679889,0.0960252061293975,-0.0279134338232816,-0.0241464302704231,0.109301842547258
-2.42816487694321,-2.0620992858604,55.2618998729074,0.0280224945153358,-0.0959934362398699,-0.187798402916121,0.186032564696817
-2.14652324451225,-2.03440852005018,51.3634562410796,0.0455400967989419,0.0890286447360792,0.236101535632012,-0.061337878925856
-2.2736705921578,-2.0782271119497,47.865097012185,-0.0737654014833882,-0.0675178905475767,-0.053381946162153,0.0236992986480544
-2.32802055443847,-1.87898555720496,47.1637834503271,-0.0999204354016402,-0.00398830655123918,0.0455704731209685,0.203229861295982
-2.25697592582863,-1.86012828265044,46.0014864141199,-0.0433517897891575,0.090114495626823,0.114396418398998,-0.0712572210723105
-2.34015366210013,-1.90680279708514,44.4392967562964,0.0897380481453667,0.0441257602207582,-0.172915784416872,-0.0908002746554573
-2.49684701452166,-1.79448457234997,51.3248077959747,0.0489460515181451,0.0872025460682375,-0.205639403939671,0.0251156786669379
-2.22972173000822,-1.61597803803561,44.2555182848594,0.0962906720092974,0.0269834483340791,0.170834612504137,0.151523085980278
-2.24791244877081,-1.74046257933498,45.1980832263434,0.0347599976758425,0.093764292572255,-0.0529507164384317,-0.218248833871628
-2.12212557942545,-1.62766206280151,44.2156662641567,0.0972892788211538,0.0231256616437193,0.0284975905242077,0.0896748548897492
-2.22510809574416,-1.54176393420764,47.2309166368119,-0.0994278093556378,-0.0106822622481824,-0.00355470696307059,0.0965803908420603
-1.99309519179237,-1.67116521336173,44.276081281016,0.0957154936636441,0.0289576289209753,0.136297410288145,-0.15835890807507
-2.05471815414191,-1.27955789228549,45.7063814576589,-0.0152688378971371,0.0988274384433339,-0.0463541244524048,0.292779882632904
-2.09966418695901,-1.26294203954813,44.8035686606879,0.0681290996502515,0.073201268983851,-0.113075132467351,-0.0565854162464852
-2.23359371332166,-1.45230649652756,41.3287089031502,-0.088327027906044,-0.0468864174498854,-0.0456024984566059,-0.142478039529551
-2.07609780151669,-1.61155119461849,36.7832827942279,0.0609133292845596,-0.0793067860619179,0.0965825825204152,-0.0799379120290036
-2.00170815977359,-1.67459194997488,44.1187174658045,0.099070917108696,0.0135997567346584,-0.0246812753655965,-0.0766405120910548
-2.07479678912699,-1.62541759321494,41.0247968368296,-0.0983102806593861,-0.0183054286121013,0.0252216513059884,0.067479785372039
-2.55353233927357,-1.73828450906073,46.6823394384987,-0.090409021435231,0.0427341648230539,-0.388326528711354,-0.155601080668837
-2.26948007042838,-1.99349569885793,41.9349737314657,-0.0458695945190062,-0.0888593287092692,0.329921863364196,-0.166351861087933
-2.41405967201765,-1.82712280194654,32.4684478659425,0.0495382408413981,0.0868675007948291,-0.194117842430672,0.0795053961165558
-2.42443898188358,-1.70766832834098,28.8084594132278,-0.0860714140520747,-0.0509088566270773,0.0756921041861458,0.17036333023264
-2.40716890749379,-1.8009234669351,23.8488408730409,0.0282976435642026,-0.0959126861719207,-0.0110275691744104,0.00265754757780667
-2.0303873353679,-1.88659830926816,25.2745401185627,0.0989963371484875,0.0141324177401814,0.277785234977408,-0.0998072600732496
-2.19047739199431,-1.9725757394881,28.5517265409153,-0.0961772724280325,-0.0273848912414132,-0.0639127841983833,-0.0585925389785218
-2.00594769602843,-1.90163842536192,26.3376738405527,0.0357755977901394,0.0933815110327423,0.14875409817574,-0.0224441969065673
-2.04838234511441,-1.78216980949698,22.4740145013662,-0.0885667856857115,-0.0464319337665496,0.0461321365997305,0.16590054963149
-2.02271919620474,-1.91467708838837,21.6040986075337,-0.0926026601779169,0.0377458253052339,0.118265809087587,-0.17025310419662
-1.87536350168188,-1.81497486173841,25.1907324857144,0.0998318978239607,0.00579587584979762,0.0475237966989038,0.0939063508001604
-2.16422135247929,-1.69298790681482,28.7841240803524,-0.0872846908978392,-0.0487994132635698,-0.201573159899577,0.17078636818716
-2.31620273516824,-1.56066003857748,33.6448654566703,-0.0611648458875479,0.0791129675056657,-0.090816536801396,0.0532149007316735
-1.88868512994497,-1.66503042895155,31.2192042307578,0.098071248955775,-0.0195455910182937,0.329446356267496,-0.0848247993557724
-1.82664189704876,-1.7364843685865,34.3418029086269,-0.0976823326917442,0.0214047163003719,0.15972556558795,-0.0928586559353266
-1.89706824053518,-1.62376367415977,40.9003613877947,-0.0998221055361529,-0.005962151149472,0.0293957620497289,0.118682845576208
-2.17280619524764,-1.61517683660397,40.4936844126544,-0.0940390347229034,0.0340097037385592,-0.181698919989553,-0.0254228661827575
-2.24069298901445,-1.64843746259927,46.6480056032595,-0.0888887995122957,0.0458124581447329,0.0210020057454904,-0.079073084140041
-1.93564729717306,-1.59621886899444,37.8085392535441,0.0994018792920704,0.0109209154014057,0.205643812549316,0.0412976782034264
-1.96614871566515,-1.53861933770341,40.6602354701448,-0.0983759614957091,0.0179491002502843,0.0678745430036194,0.0396504310407448
-2.02500866144021,-1.724897956865,42.3627059252227,-0.00487755375732425,-0.0998809765137707,-0.0539823920177358,-0.0863976426478169
-2.3667430519841,-1.50381263691136,40.37131025411,-0.0891842463839652,0.045234612819435,-0.252550144159927,0.175850707134201
-2.24346635564732,-1.62193135571556,46.2119738993275,-0.0612232010196362,0.0790678168214427,0.184499897356414,-0.197186535625643
-2.27501262012118,-1.74744394879054,45.3620442377105,0.0189889148306804,0.0981805536425272,-0.0505351793045318,-0.223693146717504
-2.21760827209758,-1.33318958522858,39.1732009978993,0.0096556503733119,0.0995327504687194,0.0477486976502783,0.314721613093242
-2.30861668772363,-1.21258984017462,39.1248594199414,0.0144540667883438,0.0989498860700612,-0.105462482414392,0.0216498589838958
-2.1542931757832,-1.26919388649619,36.7928879399058,0.0616722609304646,-0.0787180553095965,0.092651251009972,0.0221140089880305
-2.24395349594032,-1.19660014369482,33.007778840321,-0.00210544217867006,0.0999778331093062,-0.0875548779784525,-0.0273840903079424
-2.23683879520796,-1.32115467482979,38.9861199595499,0.0279994337064766,0.096000165167132,-0.0208847329741229,-0.220554696302097
-2.14012697878896,-1.10413829781688,34.0106149683539,-0.0854138558322891,0.0520045501072833,0.182125672251291,0.165011826905621
-2.33825756610568,-1.27678011689171,35.0332085271565,-0.0888977249739217,-0.0457951361441472,-0.109232862342793,-0.126846682930676
-2.35661169026531,-1.35089400363542,35.3172728944451,-0.0725005666691163,-0.0688742900700764,0.0541464425094801,-0.00523959667363116
-2.23029568638897,-1.08329627471214,38.5091555358605,0.0689466786171269,0.0724317299784191,0.0573693252592135,0.195165998944857
-2.03841731973612,-0.921604975733787,39.4544262679775,-0.0183472833345712,0.0983024780676508,0.210225649987429,0.063388820910701
-2.38652166911555,-1.03299605646475,40.3543749655634,-0.0884054328877319,0.0467384149916611,-0.259698916491702,-0.158129495722626
-2.43761532565094,-1.0127867159271,46.774698533027,-0.0939649717084831,0.0342137997279457,0.0428713151730928,-0.0140044591902944
-2.30215417834735,-1.08663409338771,46.9381943165919,-0.0982808080446518,0.0184630108619995,0.23374195534824,-0.0923103883226063
-2.59277450283457,-0.748699354267638,52.5131404808793,-0.0626349672481909,0.0779542229633396,-0.227985357239032,0.25998051615673
-2.65608659568793,-0.806272509699877,50.5892548929985,0.0948041984412486,0.0318145243232136,-0.158116291294603,-0.0893876797554533
-2.46588713990191,-0.850049173158805,53.5805714092543,-0.0984987232229572,-0.0172627206270412,0.28869817900898,-0.0265139428318864
-2.48779598088473,-0.784437013790076,63.4646080552852,0.0806401359848551,0.0591368621787128,-0.102548976967674,0.00647529719001649
-2.60439111320124,-0.485111199229832,70.5965782228171,0.00891380165883058,0.0996019283949213,-0.125508933975343,0.199723886165322
-2.70072403440319,-0.617283981647268,70.0977918085968,0.0554733722098258,0.0832027942780177,-0.15180629341178,-0.215375576695453
-2.74700794073156,-0.81150405618773,73.4925916311997,-0.0328614025419741,-0.0944464304406172,-0.0134225037863973,-0.0997736440998452
-2.73581488566604,-0.81912664455963,75.7035206901481,0.0953757722226835,0.0300576458314153,-0.084182717157155,-0.0376802342033155
-2.54072428017367,-0.413997712700165,70.5008271270576,0.0183953982914289,0.0982934856524058,0.176695207200932,0.306835446207059
-2.45933804381821,-0.47488338936927,65.5922284402846,-0.0928212431687251,0.0372050643946816,0.174207479524189,-0.0980907410637858
-2.62255268751472,-0.773357895631946,67.1425436656769,-0.0390982097476137,-0.0920398283056395,-0.124116433948893,-0.206434677957037
-2.79368665875332,-0.956858618281347,64.7911914572873,-0.0378839548417759,0.0925462369064582,-0.13325001639683,-0.276046959555859
-2.81835607390296,-0.655202514476996,64.6036580102919,-0.0199657736192842,0.0979865699153894,-0.00470364153035274,0.203669533888962
-2.61099876360497,-0.644536440379641,62.3021890681806,0.0862976879183868,-0.0505243412618187,0.121059622379602,0.0611904153591736
-2.72490893604568,-0.691896714062506,65.4194690171421,-0.0850439211934525,0.0526073328352792,-0.0288662512472542,-0.099967606518144
-2.52342817037071,-0.396543780567536,62.2996512761592,0.086169189890717,-0.0507431839124975,0.115311575784246,0.346096117407467
-2.50883327841088,-0.481737893584644,62.175694562933,0.0792341679685517,-0.0610077587387977,-0.0646392760087207,-0.0241863542783101
-2.65605738516305,-0.52196905356944,64.9792993744463,-0.0545218696819261,0.0838293846236931,-0.0927022370702349,-0.124060544608489
-2.59733761957152,-0.455819351250857,67.3362519793804,-0.0206493709163093,-0.0978447928137245,0.0793691365078373,0.163994495132308
-2.80857911915951,-0.247615290598442,64.759145653566,-0.034899293384724,0.093712535560868,-0.176342206203273,0.114491525091546
-2.71201510369088,-0.349894605162398,63.874514279747,0.0503923430423162,0.0863748329243277,0.046171672426314,-0.188654147488283
-2.73768844004584,-0.40888550641545,59.6457895646393,-0.0999011334544384,0.00444561970016477,0.0742277970994839,-0.0634365209532166
-2.92204149240948,-0.245944364878706,56.5909549518305,0.0999106030127537,0.00422745853059776,-0.284263655376398,0.158713683006146
-2.71837616880183,-0.345812354165798,56.0983948535438,0.0900328361910907,-0.0435211259894344,0.113632487416559,-0.0563468632976584
-2.70003763157309,-0.23425143080257,52.7248856266347,-0.0776194123559563,0.0630493998822829,0.0959579495846996,0.0485115234809457
-2.8116440893702,-0.270799728615158,51.0638780425086,0.0697856748961737,0.0716237361444204,-0.181392132693287,-0.108172033957008
-2.53296170772927,-0.126166056429061,50.4568332584305,0.0981748228498411,0.0190185214567883,0.180507558791094,0.125615150729308
-2.76231468971885,-0.239666973604918,59.2712845484949,-0.0913506061226512,0.0406825117344572,-0.138002375866936,-0.154183428910314
-2.67222916386974,-0.160482498914416,55.807375073862,0.0737596296214667,-0.0675241959456316,0.0163258962276449,0.146708670636134
-2.63162202648503,-0.0693478636808898,59.1580679490798,-0.0861696631438007,0.050742380252447,0.12677680052851,0.0403922549810789
-2.5434309357812,-0.125286863583272,55.6097522882139,0.0590663493823948,-0.0806917986578368,0.0291247413214419,0.0247527987554545
-2.75930326777877,-0.0631500530871936,53.248189373051,-0.0987404192705645,0.0158218078067311,-0.11713191272701,0.0463150026893474
-2.67196728602125,-0.210786674652001,55.6966231787368,0.0658445710173643,-0.0752628226120923,0.0214914107401609,-0.0723737989527148
-2.64857750638724,-0.195580756939005,51.76165759058,0.00745519604508835,0.0997217130414901,0.015934583588915,-0.0845157953284943
-2.51140584388742,0.00166653287193991,50.1111225640365,0.0988110148075761,-0.0153747635005221,0.0383606476922437,0.212622053311467
-2.55174727785965,0.288583837410272,51.8258154025938,0.00104631907129278,0.0999945259321782,-0.0413877530435161,0.186922778606154
-2.42547292300401,0.0666697368361324,44.5699389731445,0.0832250365285536,0.0554399972476634,0.0430493183270863,-0.277354097821803
-2.36730761561636,-0.0246198099787473,37.3592481144666,0.0942800101524051,-0.0333358618557013,-0.0361147027647587,-0.0579536849591784
-2.25120066419368,0.269393612466292,32.7012362513839,0.0281624400202115,0.0959524724647989,0.0879445114024692,0.198060949980241
-2.1623644235951,0.295567799596738,33.1348626255801,-0.0147598526315348,0.0989047357323974,0.103596093230114,-0.0727305486019519
-2.18275824755763,0.329409518497804,24.3402055396679,0.0702041819805103,-0.0712135719680413,-0.0905980059430362,0.105055290869108
-2.20489239763245,0.279784303512474,19.5520576742915,0.0763228122110023,0.0646129115286108,-0.0984569622858218,-0.114238126513941
-2.11505565475787,0.155824049836472,16.6649391784319,-0.0575994668478973,-0.0817453449368096,0.147436209722477,-0.0422149087391919
-1.97220539874274,-0.0687294197825642,17.2605609719498,-0.00181976182774141,-0.099983440963443,0.14467001784287,-0.124570028655594
-2.02371083213731,-0.222624150236321,24.5791460593257,0.0850639867442862,-0.0525748814470171,-0.136569420138856,-0.10131984900674
-2.15358391797887,-0.25040173904622,22.4349121307208,-0.0903142212546251,-0.0429341523634812,-0.0395588645869389,0.0151565635535823
-1.93592405813901,-0.128949347617042,27.6212018384344,-0.0794184426605534,0.060767680269798,0.297078302500412,0.0606847111593801
-1.98222311222851,-0.157897703023174,19.6639521778182,0.0686307628188727,0.0727311377258712,-0.114929816908367,-0.101679493132003
-1.91116957863653,-0.138259464793575,18.0901506716791,0.0725245618645599,-0.0688490226971569,-0.00147102827258061,0.0884872609267554
-1.79717549762332,-0.0095042766825168,13.1248041765448,0.0848086141353702,0.0529858374326374,0.0291854668778408,0.0757693506784213
-1.75605801741741,-0.135510718357486,8.2056963906965,-0.0344508098213266,0.0938783345754216,0.0755682900272386,-0.21988477625039
-2.00883671802922,-0.162391330385087,2.55416675834369,-0.0832370056161274,0.0554220253695296,-0.169541694995683,-0.0823026373971312
-2.28528491528987,-0.152425478197333,10.9098392928475,-0.00856300009514683,-0.099632700602616,-0.267885197165508,0.10959855279037
-2.26949514374285,-0.105006229950667,8.07990037512155,-0.0224001851301447,0.0974588718698059,0.0381899566771615,-0.0500396236231396
-2.19886990636577,0.0883040461833622,7.1758542534364,0.0627335824568221,0.0778748844758893,0.00789165492025812,0.11543539165814
-2.17594665281216,0.273297829371787,-1.64937642978613,-0.00784992581253523,-0.0996914172069878,0.0307731793661496,0.284685200395412
-2.43090845440542,0.400219760682268,2.07994867199222,-0.0487437285515861,0.0873157999842485,-0.206218073041673,0.0396061313262333
-2.45880066949489,0.255208732415397,4.20301009882059,-0.0487635075047747,-0.0873047555167059,0.0208712924153065,-0.057706272750165
-2.44502782148136,-0.0358557407608416,4.35140805225487,-0.035319211116618,-0.0935550817759237,0.0490920591301405,-0.197509391400315
-2.43457405028995,0.318209671835343,2.08930651691809,-0.0495586701315893,0.0868558473264081,0.0600124413229983,0.267209565269776
-2.37593686177568,0.306225149257667,0.587272037135114,0.0832455317590177,0.0554092180251479,-0.0246083432447439,-0.0673937406028234
-2.28691862014554,0.373230653315011,-5.95252282951423,0.0945827464677219,0.032466968916464,-0.00556450483758431,0.0345385351408798
-2.49179857797033,0.662953516524178,-9.04242849743269,-0.0927790609231554,-0.0373101307183105,-0.112100896901629,0.327032993927477
-2.51469029338232,0.64029051708695,-3.17512375361103,-0.0999437885335728,0.0033524817011416,0.0770520731215798,-0.0260154811383698
-2.34966633978936,0.55882582127686,-7.90531680202672,-0.00513126237660541,-0.0998682639601913,0.170155215969564,0.018403568150102
-2.13918132175637,0.337233273420492,-13.3977144192359,0.0673883515245431,-0.0738837605892161,0.143096666508447,-0.147708787267152
-2.0886304528311,0.380367985574933,-17.6430894403738,0.0356323207248852,0.0934362762515658,0.0149185482003845,-0.0503015640971252
-2.20367645982543,0.391448138841913,-15.3754382548816,-0.0945221115681529,-0.0326430762137649,-0.0205238954261751,0.0437232294807447
-2.17342809462883,0.553052866257522,-23.9679876939493,0.0394976978616806,0.0918691017895973,-0.00924933266507966,0.069735625626012
-2.19767845625287,0.186514209437867,-22.7471739536779,-0.0727568480152135,0.0686035062288446,0.0485064863911714,-0.4351421630485
-2.22286855398637,0.12979496990496,-10.0022168394546,-0.0837863460845336,0.0545879859474845,0.0585962483510351,-0.111307225480392
-2.20570996680584,0.268017868427897,-5.8621899686324,0.0912682628384343,0.0408669083544922,-0.0741096756579046,0.097355990168445
-2.48389096289487,0.44142190180328,-2.90677153893169,-0.0972555977969281,-0.0232669013227408,-0.1809253982921,0.196670934698124
-2.42628479351412,0.438577413241101,-3.79444034679967,-0.0794357187798461,0.0607450951265138,0.137041888160599,-0.0635895836886926
-2.56193517295971,0.494528745322479,-5.101741896929,0.0379589842218606,0.0925154879836049,-0.173609363667451,-0.0365641559022273
-2.19989107237939,0.334568029850566,-12.5684462838256,0.0999997845798907,-0.000207566797591897,0.26204431600042,-0.159753148674321
-2.22345468156975,0.286569367835958,-4.21528429733997,-0.0476882653005829,0.0878966970518302,0.0241246561102272,-0.135895359066438
-2.01413871265543,0.190684731898769,-12.4156644170031,0.0988665298573436,0.0150136362673069,0.110449439056979,-0.110898272204495
-2.11909971104556,0.208479735950664,-7.85518557295994,-0.000120393869461111,-0.0999999275265547,-0.10484060452067,0.117794931578449
-2.15759465756814,0.238125450405993,-7.33044975997253,0.0499942060399098,-0.0866058852644498,-0.088489152562491,0.11625159971978
-2.17535321422675,0.30292566945424,1.96752934592485,-0.0386407180852773,0.0922328298701397,0.0208821614266658,-0.0274326108218927
-2.028292810536,0.213153052646291,-6.11863361832767,0.0986491892368361,0.0163810092153965,0.0484112144539203,-0.106153626023346
-2.14134694041349,0.138728422646013,-7.03226169045663,0.0732318129651981,-0.0680962669302088,-0.186285942842696,-0.00632836307006934
-2.25313185989129,0.226686288560726,-4.64136143772706,-0.00709678364387186,0.0997478604377662,-0.10468813583392,-0.0117899945230532
-2.59238454979639,0.210472168417624,-8.37864646376125,-0.0500922945716298,-0.0865491884684603,-0.289160395333475,0.0703350683253583
-2.68474566537563,0.173938374079177,-3.17752524300998,-0.0999354493967077,0.00359248575196652,0.0075743338174652,-0.0401262800904129
-2.84069354068194,0.298736391619499,-7.06840950871791,0.0707229780096688,-0.0706983760877426,-0.226670853315971,0.195496393628065
-2.8436640202349,0.383348556110091,-10.6538385709141,-0.0335122943938971,0.0942174406596612,0.0305418148409289,-0.00960527616906981
-2.74057543323391,0.247318412197431,-6.63132563338342,0.0940008766190563,-0.0341150288707038,0.00908771038193357,-0.101915115041956
-2.91564307594743,0.293128327671764,-8.04133401099107,-0.0186258259090092,-0.0982500819806644,-0.156441816804506,0.144059997454997
-3.07287038711475,0.295304226231717,-9.63670100938574,-0.0977628228013946,0.0210340314229852,-0.0594644883659263,-0.018858132863032
-3.07989195298309,0.517052961539091,-10.8815857091526,-0.0113741888943011,0.0993510333463963,0.00435262302596429,0.122397701960978
-2.74660870434877,0.626383912545023,-12.3336923923744,0.0973052329329134,0.0230584397536229,0.235978015701406,0.0862725112523098
-2.86138109861774,0.653541541146061,-10.3055626562778,-0.0636546152762246,0.0771238611198625,-0.0511177789927442,-0.049966232518825
-2.68569979386921,0.394464205487753,-5.72164843360639,0.0846437744704979,0.0532487694072595,0.0910375302780242,-0.312326105065567
-2.8766474720749,0.688559004450352,-3.09969331741176,-0.0999122351221871,-0.00418870778269554,-0.091035443083499,0.298283506745294
-2.5768993511799,0.560214322743928,-5.1303385516296,0.0405887373387491,0.0913923104054495,0.259159383556247,-0.219736992111873
-2.63406882077771,0.798527318723479,-2.70492640327942,-0.0906166608499971,-0.0422920888157183,0.0334471912521874,0.280605084795269
-2.83882050260547,0.52139368915648,-1.12263618493575,0.0433308103918311,-0.0901245852738707,-0.248082492219586,-0.187009044293129
-2.72281378187891,0.424144688725636,-1.04997384090583,0.0497593738727325,-0.0867410209289332,0.0662473468538249,-0.0105079795019104
-2.74340015068028,0.568119156348358,-7.5988778016752,0.0252345881979378,-0.09676370992516,-0.0458209569993047,0.240738177547882
-2.56327724718951,0.442536539005369,-6.09437557945104,0.0982228332943874,0.018768990905826,0.0819000701963832,-0.144351608248815
-2.56835042174831,0.364361305723613,-1.30048216166662,0.0267034206727972,-0.0963687051089285,-0.0317765952315994,0.0181934718271725
-2.59784790350547,0.591183408261664,5.61558041096062,0.0785306742140267,-0.0619106873446775,-0.108028155971188,0.288732789882729
-2.47245505192784,0.617375090669269,1.76608876851678,-0.0194053425942397,0.09809909621806,0.14479819417187,-0.0719074138104553
-2.31271660359647,0.749706587533078,0.896560352596608,0.0624300654144149,0.0781184160896256,0.0973083829169581,0.0542130807741838
-2.45038845736468,0.525935732849985,2.72400332311451,-0.0914069261929644,0.0405558114695533,-0.0462649275752522,-0.264326666152646
-2.33218866086153,0.422289798354206,5.59112155770636,0.0769930720263423,-0.0638127484124173,0.0412067244768131,-0.0398331860833622
-2.16471718101524,0.40821556036352,5.65382440660308,0.0808403865343041,-0.0588628227745179,0.0866310933119872,0.0447885847838323
-2.25581773124307,0.319633613458308,15.3153975349979,-0.0923930554653413,0.0382560230784431,0.00129250523751234,-0.126837969983655
-2.30748468151644,0.228513859026228,0.837306881782261,0.0669465814854905,0.0742842865443735,-0.118613531758866,-0.165404040976454
-2.02208654973596,0.602533218403736,0.597552317274836,0.0826715206803876,0.0562620624256901,0.202726611100093,0.317757296951818
-1.98833349214508,0.553127118848187,-0.519861566475024,0.0867887956231028,-0.049675999781497,-0.0530357380322235,0.000269900225947639
-2.02901195981059,0.605699259012067,-2.72030717071408,-0.0912564016952655,-0.040893387602794,0.0505779340297576,0.0934655277666747
-1.84210574661514,0.799336173417544,0.53044234069121,0.086258336814378,0.0505914946410691,0.100647876381076,0.143045419764407
-1.96631784036774,0.436543462994735,-2.36432795823831,-0.07128345595907,-0.0701332225591504,-0.0529286377935371,-0.292659487863658
-2.01459866339098,0.354431000058549,-7.37163707035821,0.0463857520465455,-0.0885909815222543,-0.0946665750697793,0.00647851858606796
-1.97018787365688,0.667597376017722,-10.5084625402942,-0.046807552844658,0.088368846301706,0.0912183425787594,0.224797529657467
-2.02787145973114,0.593365065129088,-10.8065879383056,-0.0187863388800982,0.0982195167544725,-0.0388972471941644,-0.172451827643107
-1.89987249858434,0.662021122895608,-12.0314133561059,0.0860290419985536,0.050980426957913,0.0419699191482448,0.0176756308086076
-1.81667110082435,0.599123211707276,-12.0240535520333,0.0856515094870506,0.0516121974206648,-0.00245011172706477,-0.114510108608997
-1.84117197624019,0.496664464012081,-0.674893055405636,0.0780773776057846,-0.0624813820766132,-0.102578253021616,-0.039977365618582
-1.9894284287551,0.593248531435023,-1.88606253405705,-0.0310069569147736,-0.0950713869830738,-0.117249495600141,0.191655454406016
-1.76855296169146,0.357770873026204,-0.666531239665927,0.0785970997537698,-0.0618263367044819,0.142278367309874,-0.173651321704337
-1.95351227557168,0.264848761523804,-8.02145507494206,-0.0166691673633719,-0.0986009069908178,-0.168290146516852,0.00567879548841821
-1.71157867028018,0.457617801780077,-19.7130037880515,0.064982065533265,-0.0760087571206795,0.176951539758238,0.268777797376953
-1.70166588102686,0.179022987883713,-25.7046482480106,0.0840870356178681,-0.0541236587916909,-0.0741742463645516,-0.224471155104674
-1.9793497010276,0.0910961050813351,-21.843575971092,-0.0989130910057026,-0.0147037555643994,-0.17877072899504,-0.0732231272379783
-1.71536821765698,-0.243244934198535,-20.894721640565,-0.045677756138324,-0.0889580945960951,0.309659239508946,-0.245382944683775
-1.69785642526203,-0.195961458888243,-17.9333077860274,0.0608800875200921,0.0793323070605282,-0.0433682951251351,-0.0320488317502368
-1.58307286493511,-0.107887989147582,-13.4390917833084,0.0642744294244787,-0.0766080787003415,0.0505091309024324,0.164681548441003
-1.46926191270455,-0.118575659066707,-11.6434955614999,0.0603530259250706,0.0797340094419424,0.0534579263054932,-0.0904216793610675
-1.50524636330505,-0.253315858703765,-11.7187127106532,0.066174090518904,0.0749732601931909,-0.102158541119403,-0.209713459830249
-1.73049557527895,-0.304676456243776,-9.40419425979436,-0.0999788163106653,-0.00205822474920742,-0.12527039566323,-0.0493023727908033
-1.54877991887443,-0.505426241085932,-7.99232843551456,-0.0137905901139822,-0.0990445335407671,0.195506246518493,-0.101705251301389
-1.52832290743366,-0.452405631009075,-13.3324317797594,0.0720647055109055,-0.0693302114494574,-0.0516076940701333,0.122350821526314
-1.4079453160389,-0.340729089988582,-8.41794879404075,-0.0534543205752564,-0.0845141148675043,0.173831911970016,0.196190655887998
-1.43068365311899,-0.30543446428716,-9.65514489049142,-0.0973582677731944,0.0228334775319701,0.0746199306931028,0.0124611481694522
-1.82779321440843,-0.169456366435483,-14.9795519985657,-0.0746232937671572,-0.0665684912502947,-0.322486267522281,0.202546589101971
-1.83573189337872,-0.426471901437518,-13.7236138757887,0.0401865395285713,-0.0915698751812984,-0.0481252184988588,-0.165445659820737
-1.90885616927071,-0.503719417597488,-8.01531200524319,-0.0160631444052662,-0.0987014457432897,-0.057061131486728,0.0214539295833195
-1.9968381882402,-0.509475154346998,-13.292157481749,0.0747977390644584,-0.0663724207095477,-0.162779758033946,0.0606166839600382
-1.85990583235856,-0.46585255503984,-18.353896028028,0.0879655047959541,0.047561223344159,0.0489668510856884,-0.00393862403700107
-1.95107273872362,-0.260014343160488,-9.91060423512137,-0.0884289431145526,0.0466939184438747,-0.00273796325050313,0.159144293435478
-2.06503556718896,-0.258691062561865,-9.68538122407468,-0.0966234715032945,0.0257663492689987,-0.0173393569620515,-0.0244430686703757
-1.89451978683505,-0.374894013025466,-1.92438262179182,-0.03462644628046,-0.0938136941921936,0.205142226634368,-0.0223892562714079
-1.75060059082327,-0.529587390724425,5.18696074051621,0.045695757465694,-0.0889488490630231,0.0982234385460927,-0.0657445286359361
-1.82053008415857,-0.451670170460539,0.808796277843421,0.0690369773737427,0.072345668530309,-0.138966470709045,0.0055715517335776
-1.92783954588426,-0.540540178383519,-2.1268186238159,-0.0527811875388318,-0.0849361303685933,-0.0545282741868622,-0.00393387755438679
-1.88634555518027,-0.593697316097129,-2.32120399470737,-0.0681936989446984,-0.0731410925830332,0.109687689648689,0.0199839548694231
-1.93503573929507,-0.590760665129309,-8.36392573042578,-0.0488128456605017,-0.087277179712248,0.000122661545700842,0.0902138306800683
-1.74142329165305,-0.830314668607027,-5.19885723313887,0.0467506782894547,0.0883989484070705,0.146861769352568,-0.327952951884788
-1.80638360156789,-0.552120141537114,-9.98642830138176,-0.0846377319454216,0.0532583733429305,0.0196774220305861,0.224936153726983
-1.76177401378191,-0.50343109709787,-9.2210590964148,-0.0979320978122486,-0.0202312683263353,0.142541685598224,0.0689203127655791
-1.73412392888411,-0.38421319454739,-8.62201088330921,-0.0694719064768606,-0.0719281183576377,0.0971219913746642,0.191146020908117
-1.59303557516539,-0.451943865017645,-5.85649352075502,0.0910339870825181,0.0413861473908834,0.0500543666361957,-0.109116817861138
-1.80949468868347,-0.443655959291651,-9.59069371266614,-0.0986267527377774,0.0165155576473007,-0.117832360780295,-0.0082276519213067
-1.89612295281588,-0.597761139212754,-2.56036802691849,-0.0835790898127602,-0.0549047880067901,-0.00304917431965557,-0.099200391914313
-1.80333876081766,-0.411577923612533,-6.25401496489214,0.099957457573314,0.00291662055796219,-0.00717326557509679,0.183266595042259
-1.73002564813367,-0.698233856286667,-2.45318106580491,-0.0772256125060335,-0.063531132313756,0.150538725190024,-0.223124800360378
-1.49852989093503,-0.903037051399169,-1.35732105965023,0.0211857552874737,-0.0977300556272188,0.210310001911172,-0.107073139485283
-1.49183659099064,-1.00518395442457,-0.475123747699486,0.0889236120233499,-0.0457448491605421,-0.0822303120789578,-0.0564020538648632
-1.63147385149224,-0.943790540275707,-1.07099581168887,0.0479250464601872,-0.0877678182581115,-0.187562306961791,0.14916123240698
-1.44122073160401,-1.0657909835519,-1.85170645104876,-0.0277230213850776,-0.0960803522333392,0.217976141273312,-0.0259200910428512
-1.79273909418353,-1.21763532257397,-3.59777659524436,-0.0897740101007005,0.0440525494204288,-0.261744352478823,-0.195896888442505
-1.61670935259457,-1.06895385687004,0.76305348274436,0.0722729025170221,0.069113150425697,0.103756839071937,0.0795683152782414
-1.95579419555719,-1.01246345819771,1.73424149303811,-0.0162718416510615,0.0986672547975405,-0.322813001311554,-0.0421768561252136
-1.83768685548795,-1.03528209100848,-0.842853064815191,0.0665335597073299,-0.0746544401403638,0.0515737803619042,0.0518358073295966
-1.88470749192361,-0.873069197309351,-4.0475256469157,-0.0616951581778569,0.078700110911035,0.0146745217422003,0.0835127827880904
-2.04692677581876,-1.08375602803132,4.50217143810724,-0.0208672657984378,-0.0977985542740656,-0.141352018096717,-0.112888276447905
-1.98069192203436,-1.19084885099089,2.2788397684806,-0.0650348745085809,0.0759635774411207,0.131269728292982,-0.183056400400692
-2.11893138938649,-1.04908168836528,3.61037116443839,-0.089212081861638,-0.0451796906796893,-0.0490273854904937,0.186946853305302
-1.87555219154552,-0.914760858585568,7.29968838570395,0.052634250004371,0.08502726460658,0.190744947836601,0.0492935651731311
-2.11322774196379,-0.895697637911274,9.29505578451408,-0.0991597870889905,0.0129358658181849,-0.138515763329275,0.00612735485610882
-2.16673345262009,-0.755550562858203,9.10377225622805,-0.0948918577069144,0.0315521051743099,0.0413861470506069,0.108594969878762
-2.38222295987194,-0.839085980027227,10.0386436679748,-0.0817427361216585,-0.0576031691085213,-0.133746771130187,-0.0259322480605029
-2.48123889779482,-0.789033386938133,6.33777118358617,0.0998510560933509,0.00545587729356954,-0.198866994016237,0.0445967157955246
-2.211984513535,-0.699279456977491,11.8164115067803,0.0731716742121253,-0.06816088389241,0.196082710047704,0.157914813853052
-1.98910171342803,-1.05799232752463,3.79038382576238,-0.0796814782894402,-0.0604223635553051,0.30256427839641,-0.298290506991833
-2.16725171268334,-0.973150627282911,14.8734759676132,-0.0671557656902619,0.074095230174112,-0.110994233565055,0.0107464700676067
-2.10354966304088,-0.9682883895132,19.8421577618865,0.0546512799715835,0.0837450750639558,0.00905076967087892,-0.0788828372942455
-1.82358594100147,-1.16275777226869,11.9217956011368,0.079935519615814,-0.060085877739697,0.200028202423596,-0.134383505015795
-2.01377778546617,-1.09866241456763,10.6296064770905,-0.0357853181926059,-0.0933777864476019,-0.154406526272097,0.157473144148661
-1.84968972464491,-1.37169512799878,18.2550485191512,0.0828424503626538,-0.0560100742537559,0.0812456104586093,-0.217022639177394
-1.77663299328842,-1.22639648888565,20.2559865280495,0.0163626632838047,0.0986522338837841,0.0566940680726878,0.0466464052293522
-1.9747819020739,-1.37206881426513,22.0545073451297,-0.0997993504495266,-0.00633163879675435,-0.0983495583359504,-0.139340686582728
-1.96547699791585,-1.07008773197712,27.0686885011997,-0.0357090292362313,0.0934069870566757,0.0450139333942761,0.208574095231339
-2.19108074446723,-1.09219176205119,26.7837134394856,-0.00800900141759018,0.0996787635170754,-0.217594745133793,-0.121782793591148
-2.42342593456614,-1.12994021939086,28.9846634661819,-0.0758147000906343,-0.0652083679458946,-0.156530490008272,0.0274599106062272
-2.33449663897481,-1.06337728605684,31.1697742310279,0.0969857182122928,-0.0243674057471399,-0.00805642262096162,0.0909303390811576
-2.26459295827532,-1.0860629678288,27.4915952952456,-0.0708984882626911,0.0705223678138012,0.140802168962179,-0.0932080495857677
-2.06153216835529,-0.951659085816457,25.3848139509242,0.0968397541088598,0.0249411712663132,0.106221035811167,0.109462710746034
-2.03330628221783,-1.11942015568486,22.456125986648,-0.089383169456841,-0.0448402611260199,0.1176090555943,-0.122920808742383
-2.27898111907063,-0.962356949295329,27.6682332668524,-0.0821875611256272,0.0569666990111003,-0.163487275727166,0.100096507378431
-2.26176333575094,-1.05456511915919,26.7977591711379,-0.00940822654199788,0.0995564426510633,0.0266260098616865,-0.19176461251492
-2.05147315340675,-1.03137801979009,24.9592762401007,0.0984992636637323,-0.0172596366619507,0.111790918680454,0.0404467360310474
-2.16440255447525,-1.10268645272489,23.4779131463139,-0.00839328944444733,-0.0996471409138352,-0.10453611162405,0.0283387079790298
-2.09623622844458,-1.18834195195155,23.5708587285975,0.000891370863118353,-0.0999960272110067,0.0672749551675507,0.014340527984355
-1.99872359905415,-1.12175201501337,27.0088340359219,-0.0300575958941385,0.0953757879603868,0.127570225284567,-0.0287858510222102
-2.1555041691469,-1.12339365657993,29.4799682411961,-0.0357100587864648,-0.0934065934582095,-0.121070511306284,0.0917649518916456
-2.40556293522784,-1.23242884044819,29.4296517208232,-0.0403627756647627,-0.0914923294087326,-0.209695990416171,-0.0175428544595259
-2.42729822047157,-1.28741002973473,29.0260464342478,-0.0730520454703031,-0.068289081503596,0.0513167602265643,0.0133078922170549
-2.32347884409377,-1.44394784241294,28.5280157735442,-0.0967994941861916,-0.0250969704406221,0.200618870564,-0.131440842237583
-2.33547877780163,-1.29772299239203,32.9170366770685,0.00696297980543361,0.0997572900204748,-0.0189629135132949,0.0464675600004378
-2.12453271151596,-1.34960578894027,31.9739584117486,0.0848298909796266,0.0529517666974829,0.12611617530604,-0.104834563245724
-2.02226500540878,-1.29575847019354,32.0398645184944,0.0811584045540144,0.0584235686195814,0.0211093015531663,-0.00457624987285477
-2.12716417046784,-1.34550434126159,29.5091417232457,-0.0329702545335622,-0.0944084864617166,-0.0719289105255004,0.0446626153936682
-2.04895211843097,-1.21350689332365,31.5132496493947,0.099526784272529,0.0097169548918101,-0.0213147322356529,0.122280493046123
-1.81056975291495,-1.38860155154895,30.5410469113651,0.0641089246926649,-0.0767466336379011,0.174273440823346,-0.0983480245873902
-1.9735963072426,-1.28257270497995,34.4366662077277,-0.0992706162364198,0.0120559011293836,-0.0637559380912273,0.0939729454396104
-1.81461927778173,-1.33283436619324,31.3127700779653,0.0994684089099474,-0.0102973602890979,0.0595086205509197,-0.0399643009241927
-1.86765141861857,-1.14089129474277,27.1902548328777,-0.0467726903533239,0.0883873035967954,-0.00625945048350673,0.10355576785368
-2.01166317445249,-1.13801310731661,24.5036103246823,0.0808539226416182,-0.0588442282085781,-0.224865678475543,0.0617224156347372
-1.82690831331667,-1.64848705352637,23.9463255887615,0.0374985086293776,-0.0927030843638576,0.147256352506439,-0.417770861845906
-1.83471583460267,-1.53175277992474,26.7396626443247,-0.0036117231984601,0.0999347559937868,-0.00419579808753634,0.0167995176078446
-1.82316014224055,-1.45090350546083,26.3918998255369,0.030661789187328,0.0951832689280624,-0.0191060968252046,-0.0143339944641547
-1.8396899155403,-1.51573891692243,29.6585265563223,-0.0185522584776175,-0.0982640000477269,0.00202248517786707,0.0334285885861243
-1.78645564776237,-1.36454372432381,32.7530634387965,0.0231539047190297,0.0972825611107258,0.0300803630589005,0.0539126314878982
-1.77640018465137,-1.30779185547853,26.5670684368025,0.0136045916926125,0.0990702532795657,-0.00354912858161827,-0.04231838443429
-1.90913579284044,-1.06398545598698,20.144121218517,0.0272731505015741,0.0962090186090602,-0.160008758690642,0.147597380882496
-1.971114790408,-1.04584017021532,20.6296704189053,-0.0207793001182671,0.0978172821468425,-0.0411996974492943,-0.0796719963751817
-1.73191499513194,-0.807563756367604,19.25269495241,0.0919834061971686,0.0392307657886853,0.147216389078889,0.199045648059029
-1.49820121063558,-0.909740450891382,14.5612286631539,-0.0411465792771897,0.0911425203392245,0.274860363773554,-0.193319214863002
-1.63136958814038,-0.598794027734747,14.6908881702409,-0.0525856041694073,0.0850573584949498,-0.0805827733353911,0.225889064661685
-2.01276444266988,-0.669049216803903,17.0292187764062,-0.0246959026371359,-0.096902592292142,-0.356698951892365,0.026647403222986
-1.84305097605077,-0.656089841639654,10.2603918263484,-0.0670722499815749,-0.0741708384906705,0.236785716600688,0.0871302136549192
-1.97515123348032,-0.598019940700595,9.45708436808537,-0.0999478193409835,-0.00323007878884069,-0.0321524380885668,0.0612999797278995
-2.14412861819598,-0.541386113509012,1.86694126101276,-0.029183513483509,0.0956468637267205,-0.139793871232151,-0.0390130365351371
-2.12729070104819,-0.474201894569842,-0.750138551193069,0.0731594419987772,-0.0681740129846231,-0.0563215248509918,0.135358231923793
-1.91844170809792,-0.748828152038356,-1.72986145749781,-0.0158395208651706,-0.0987375793645045,0.224688513815443,-0.175888678104009
-1.78116804962061,-0.665372511431867,0.45533565949721,0.0898113467879715,0.0439763798888757,0.0474623116893393,0.0394792607176131
-1.93508789241401,-0.640521425696759,2.04473333414458,-0.0456392877344384,0.0889778366510062,-0.108280555058959,-0.0641267509158989
-1.7410343641175,-0.675447847312404,-1.97384668383872,-0.0392226091137728,-0.0919868845776842,0.233276137410284,0.0570604629620394
-1.68082340672648,-0.731555073886336,-0.18465509611956,0.0982999636037779,-0.0183607504066677,-0.0380890062127603,-0.0377464761672646
-1.35977582050751,-0.635010003750582,0.0941491060677646,0.0995571245756849,0.00940100772372662,0.221490461643287,0.0871440624120277
-1.5294552877691,-0.81607128437322,-2.4609410695172,-0.077716284219668,-0.0629299544500692,-0.0919631830419232,-0.118131326172568
-1.52648592174484,-0.92773836428086,-1.2452471651907,0.0319829151075651,-0.0947475231403032,-0.0290135490833119,-0.0169195567673374
-1.37641273048325,-1.11337853700019,-1.79864241545584,-0.0225879805236384,-0.0974155179417722,0.172661171785232,-0.0882246547775569
-1.6560270695089,-1.45663758159664,11.6681072409818,0.0622969376604543,-0.0782246224543748,-0.341911276686109,-0.265034422142074
-1.5930252664036,-1.07664552113572,14.3080710450222,-0.0170073350800612,0.0985431405703843,0.0800091381853666,0.281448919890534
-1.38172111537511,-1.13164506068961,18.0808703598175,0.0718825075968002,-0.0695190988261208,0.139421643431686,0.0145195592722259
-1.63838252140758,-1.11167140120223,22.2379398888246,-0.0969701274248143,-0.0244293754978568,-0.159691278607654,0.0444030349852449
-1.70786750685436,-0.957412528616821,15.0360365796794,-0.0782623765381679,0.0622495013522039,0.00877739109138825,0.0920093712332013
-1.65619044141308,-0.850143806586872,12.7806800525743,0.097712349082796,0.0212672714921734,-0.0460352836415148,0.0860014505377753
-1.94327937887948,-0.976436351004415,9.08391613727044,-0.0942466908440668,0.0334299456317671,-0.192842246622333,-0.15972249004931
-1.82532542217327,-0.9100893359176,12.3104875937538,0.0967440180568285,-0.0253099776811447,0.021209938649386,0.09165699276796
-1.87884109305213,-0.740728822877728,14.7777886667925,-0.059769400940664,0.0801724311169005,0.00625373006179908,0.0891880819229709
-1.82218025057071,-0.673180412731606,25.331902674764,0.0980232828196638,0.019784742233757,-0.041362440338242,0.0477636679123654
-1.51461535600696,-0.639167009671167,25.9564494873085,0.0679505245029185,0.0733670649527312,0.239614370060827,-0.0393536618922919
-1.62114851385414,-0.723293414456691,25.0383964123684,0.0995552827951783,-0.00942049189650327,-0.206088440642354,-0.0747059128890207
-1.64556932064044,-1.08458200592204,23.5574307204788,-0.000451416611312986,-0.0999989811100245,-0.0239693901749907,-0.261289610355326
-1.47858822790649,-0.891665411996016,24.0074354490414,0.0430900601551721,-0.0902399396931517,0.123891032578778,0.283156533619177
-1.40007951553805,-0.800894453166811,26.255734962346,0.0432985836952203,0.0901400723873018,0.0352101286732197,0.000630886441902678
-1.43146068987828,-0.720250143520877,24.6224436806453,0.0872599212814636,-0.0488436908715217,-0.118641095621687,0.129488000517456
-1.21477670911348,-0.960865012930439,25.8370245805764,0.0762075768386175,0.0647487855668831,0.140476403926182,-0.305363654976445
-1.39245408306651,-0.833318336918184,22.3158101179255,-0.0947758744493076,-0.0318988028359855,-0.0829014995037242,0.15944547884824
-1.32935649101151,-0.983387536879708,21.1934984142207,-0.0698390455664181,0.0715716963217428,0.132936637621416,-0.221640896283266
-1.22686733314969,-0.751966349845873,25.5868928816839,0.0898633521448592,0.0438700118678926,0.012625805716967,0.187551175165942
-1.34864122242687,-0.836839339472837,27.9151966181082,-0.0936200394932621,0.0351466670579168,-0.0281538497839206,-0.120019656684881
-1.31408386421715,-0.707349793512038,33.1958016248222,-0.020755881239849,0.0978222540834001,0.055313239449572,0.0316672918773991
-1.18501818844204,-0.535571804817339,32.7524661900084,0.0232120024777288,0.0972687151193739,0.105853673297375,0.0745092735753258
-0.978417582925031,-0.471760137097745,30.9603666964917,0.0898014859104044,-0.0439965126832053,0.116799119606606,0.107808180402799
-1.12239573958171,-0.349870914998379,32.413903031499,0.0542003918793084,0.0840375958730936,-0.198178548535983,0.0378516262262724
-1.01728020279809,-0.305824317441371,31.6998030373444,0.0959976926914877,0.0280079095598136,0.00911784409212402,0.0160386879971937
-1.04052357789102,-0.478899706589396,38.0266826163161,0.0946826725386568,0.0321743923165222,-0.117926047631587,-0.205249781464546
-0.981757958571895,-0.133045717571362,39.0459205245026,0.0222119410645981,0.0975019470274457,0.0365536782545318,0.248352041990588
-0.852781223248382,-0.0405718696502474,51.8532309281401,-0.00169513319826439,0.099985631584944,0.130671868521778,-0.00751178366382976
-0.795762609882266,-0.0820995556869656,50.1070008361917,0.0987468050649669,-0.01578190386048,-0.0417281916988514,-0.0257457821762382
-0.617143676441217,0.0573952999111786,51.3084071797164,0.0503695802868551,0.0863881090296926,0.128249353154194,0.0531067465684516
-0.540618944556478,-0.17488259252112,50.2922195776913,0.0999642584493249,0.00267339347582445,-0.0234395265645856,-0.234951285908123
-0.747206760847263,0.128529016317414,39.8903001925086,-0.0581354174659962,0.0813650615193914,-0.148452398824789,0.222046547319143
-0.970930768215895,0.438873593512084,40.8925570634384,-0.0998655956842915,-0.00518293339930387,-0.123858411684341,0.315527510593973
-1.09395837510469,0.293516714831541,42.7125881927219,0.0296558835280206,-0.0955014584819126,-0.152683490416813,-0.0498554201986298
-1.07425049960573,0.210193911414636,41.0112359598919,-0.0985494713526259,-0.0169706127207584,0.118257346851581,-0.0663521906961468
-0.973614369661748,-0.0248961601687568,37.9219010626084,0.0975284963678464,0.022095076289232,0.00310763357613808,-0.257185147872625
-1.11932103188206,0.00246259602773075,33.6604983933286,-0.0623940896760356,0.0781471533294645,-0.0833125725442813,-0.0507883971329769
-1.1290326656893,0.283002420032496,35.0266488814539,-0.0891962101065185,-0.045211017491689,0.0794845762992876,0.325750841496454
-1.21136156356876,0.413435218046377,26.7456870574036,-0.00421370226683671,0.0999111841247338,-0.078115195612631,0.0305216138891469
-1.08311384950046,0.307506432798683,24.0155674198083,0.0438224558765753,-0.0898865527258979,0.0844252581917276,-0.0160422325217957
-0.888823706469155,0.308984834737133,25.4806260100424,0.094009591470636,0.0340910063143364,0.10028055156067,-0.0326126043758871
-0.854210645438613,0.125183473766544,26.4972114351001,0.020486533328544,0.0978790169146506,0.0141265277019982,-0.281680377885239
-0.736456073405489,0.492304049751396,19.361625868431,0.0871732137677466,0.0489982734532835,0.0305813582653768,0.318122302531568
-0.693278816603078,0.340209732844874,18.1036671873221,0.0734485075410745,-0.067862484039333,-0.0302712507386628,-0.0842318328671884
-0.629202767829439,0.0959778579635117,15.6013039303701,-0.0994317283236335,0.0106457222664857,0.163507777097272,-0.254877597147848
-0.624170567057435,0.0786131488487117,17.7810647122433,0.0481447194004072,-0.0876475099124673,-0.0431125186284028,0.0702828007976674
-0.779849060812911,0.245268171525839,20.6404451847335,-0.0218320318533885,0.0975877163640621,-0.133846461902088,0.0690673063130657
-0.645657690710666,-0.0835393742749484,17.790614307463,0.0489795096639046,-0.0871837578513537,0.0852118604383403,-0.241623787949434
-0.578365178422192,0.174403854322854,19.5605070610976,0.0757741548166354,0.065255478404687,-0.00848164252816092,0.192687750193115
-0.382611980982898,0.222060416672683,25.0916325468504,0.0999155157124262,-0.00410971044234461,0.0958376817268682,0.0517662727921733
-0.652611016203048,0.255948994426991,27.8824404473202,-0.0924187540296841,0.0381938987745523,-0.177580281190466,-0.00430532102024372
-0.30243935399336,0.455160428525111,19.1024559848086,0.0968190861129661,0.025021282226338,0.253352576096722,0.174190151871781
-0.476159855056969,0.369739835081323,15.1633475252234,-0.0855326433566755,0.0518089463357416,-0.0881878577069334,-0.13722953977953
-0.401809746066181,0.623136996943755,13.1286705995605,0.0846031150736268,0.053313346545107,-0.0102530060828386,0.200083815317325
-0.238237849795792,0.507868413648422,6.59249540780034,0.0952543802996052,0.0304401549558833,0.0683175159707833,-0.145708738251216
-0.386850245291153,0.164841535586158,9.13304202388714,-0.0957746036925381,0.0287615244299961,-0.0528377918028229,-0.37178840249226
-0.424077531747614,0.193886863026229,9.9115086758786,-0.0883866750693411,-0.0467738780751257,0.0511593886128804,0.0758192055151962
-0.529887369851661,0.250321648271301,8.20216892050076,-0.0341194431445614,0.0939992744626523,-0.0716903949594859,-0.0375644892175795
-0.539960165794327,0.208293880888264,4.41462661291791,-0.0293381776602569,-0.0955995362518836,0.0192653817175906,0.0535717688688463
-0.517296777565335,0.202882868891064,3.97509210136918,-0.0672289280738401,-0.0740288540370742,0.0898923163028322,0.0686178420398738
-0.555776819436205,0.184109244002853,8.76635583549601,-0.0790958669263989,0.0611869580479483,0.0406158250555288,-0.0799605829361593
-0.864332856882047,0.203270126364497,8.60805535982965,-0.0684613795669784,0.0728905995844877,-0.240094657878863,-0.0537297172228436
-0.971545119543439,0.324223711639327,4.40815079578978,-0.0299566432837506,-0.0954075443723929,-0.077255619377641,0.216361129647223
-0.926704377998859,0.251747453703707,2.86340869264344,-0.096155572590645,0.0274609879604722,0.140996314135225,-0.099937245896092
-1.05140112899888,0.400396915365828,-3.75764410704292,-0.0816166350488352,0.0577817002458845,-0.0430801159511833,0.0908677614162362
-1.08707608327711,0.288184014257393,-0.63461898976644,0.0805297644735637,-0.0592870730752695,-0.116204718751791,-0.0529258280331659
-1.1080345477162,0.225549722512209,0.202484127338166,0.0979570034493638,0.0201103325487507,-0.11891546788846,-0.0827446242939346
-1.20493220514896,0.218164308813368,3.97622945796582,-0.0671446874035172,-0.0741052694043005,-0.0297529700292393,0.0667198557054599
-0.976936655925186,0.222333106980036,4.62987031809836,-0.00824250447037007,-0.0996597266705861,0.236238053694142,0.103828524837254
-0.968911654289361,0.148934928322233,7.73409147349722,0.0119603156940262,0.0992821778996574,-0.00393531405820124,-0.17268035655746
-0.82756757261496,0.433812072859431,6.55256177131438,0.0963937025616669,0.0266130439155858,0.0449503791127342,0.258264100621612
-0.699624108514183,0.283867120079803,7.13222812601703,0.0660701954889908,0.0750648337641971,0.0618732686117854,-0.225009786543825
-0.751564335605862,0.108770324841132,13.1595966782543,0.0829141502005888,0.0559038790828883,-0.134854377292267,-0.231000674321559
-1.15302901132714,0.185362665219677,9.25592060997995,-0.0985777439532163,0.0168056061209978,-0.302886931768064,0.0597867342575474
-1.06447279346054,0.364167118046708,5.88675819918384,0.0922446461802023,-0.0386125012280904,-0.00368842831359628,0.217416954055121
-1.0342459168189,0.215834047434506,3.01035572083354,-0.0991400786492279,0.0130860538522851,0.129366955290863,-0.161419124464486
-0.813106397970204,0.26130072150395,0.481465166023048,0.0886317387802282,0.0463078274246741,0.132507780068468,-0.00084115335522994
-0.962522733314066,0.368863108344777,-0.459723072606884,0.0896175404557308,-0.0443699948463537,-0.239033875799593,0.151932381687181
-0.681754671843316,0.289416499519076,-6.56244129788113,0.0961260783467986,-0.027564053795934,0.184641983123952,-0.0518825550297677
-0.757721916349139,0.0151928618700032,-7.17510611046588,0.0627918264422345,-0.077827928997554,-0.138759070948058,-0.196395708651518
-0.682800443679513,0.0899500023985907,-0.952433012587575,0.0579702319604027,-0.0814828338145963,0.0169512407092239,0.156239974343184
-0.610891340446585,-0.0273416008305761,-1.62854445835402,-0.00577160400496223,-0.0998333039982646,0.0776807072378898,-0.0174582992309023
-0.729629073248496,0.164963214284965,-11.0057916455204,0.00102171801845835,0.0999947803252288,-0.11975945082037,0.092310034790312
-0.835849021264643,0.210443756891547,-8.27008282606321,-0.0404197404575482,-0.0914671776176812,-0.0658002075585982,0.136947720224264
-0.763129219769198,0.0155966802573555,-8.4858860597577,-0.0590682517066621,-0.0806904061231471,0.131788053202107,-0.114156670511045
-0.501657543039214,-0.193220906235579,-13.4301185011206,0.064959258442812,-0.0760282496349874,0.196512418287172,-0.132789336857947
-0.702567133603608,-0.124616205416766,-20.2960193029656,0.0124012855646819,-0.0992280611336491,-0.213310876129076,0.167832761952462
-0.592599299712214,0.0858538061150801,-22.1687141484077,-0.0984276611394355,0.0176633949913502,0.20839549503083,0.192806616540496
-0.863287394348257,0.00612198444090242,-21.8921876881001,-0.0995107366276897,-0.00987994412001261,-0.171177358008353,-0.0698518775541651
-0.615046381776909,0.2371663537456,-18.3476527442228,0.0876668541293084,0.0481094864561093,0.160574158442039,0.182934882848588
-0.707889335935441,0.135893675355735,-23.6292429294346,0.00672472399441609,0.0997736342286825,-0.0995676781529484,-0.201046312618547
-0.740843518712616,0.0963053040269759,-26.723123268625,-0.00195844609553319,-0.0999808206052085,-0.0309957366816415,0.0603924492764494
-0.659004546901407,-0.0452976204943198,-24.4162331895721,0.0754103686247363,0.0656755380935808,0.00642860318647287,-0.207278462614877
-0.619966750236705,-0.1544563672904,-25.0086002542811,0.0992304399915501,0.012382236433027,-0.0601926433268483,-0.121540983229107
-0.279486426972995,-0.0566690631191497,-24.5594400583533,0.0840114973671688,0.0542408361857207,0.256468825896541,0.0435464679855291
-0.29822434913178,0.0174700737876891,-31.6675423697898,0.096851139330653,-0.0248969237126685,-0.115589061489438,0.0990360606195073
-0.431185080604796,0.37271849553536,-35.767164206051,-0.0353351507153463,0.0935490626565748,-0.0976255807576698,0.261699359091096
-0.0424875689727242,0.435400506017695,-38.8117387580597,0.0442307060917835,-0.0896863681872684,0.344466805540288,0.152368378669603
0.242411825910332,0.37559366839808,-43.6399724575702,0.0941976863807965,0.0335677803928872,0.19070170850226,-0.0933746180125021
0.141836805191476,0.573970285482509,-37.8227130801504,0.0992371086931542,-0.0123286762559128,-0.19981212941201,0.210705293340341
-0.0350693761622331,0.517280739772793,-41.9253484945051,-0.0467227486254411,0.0884137136471704,-0.130183432728268,-0.145103259356886
0.0262680090398807,0.30161885720645,-46.4054666700692,-0.0752844555441823,-0.0658198355620557,0.136621840746296,-0.149842047004287
-0.0739507360476331,0.220099469159095,-39.8608584182461,-0.0557150371633718,-0.0830411622864474,-0.044503707924142,0.0015217742390925
-0.293250225962046,0.273146928996246,-44.083516020719,0.0994881742194004,-0.0101046123374548,-0.318787664133813,0.0631520721746051
-0.142797469152448,0.360555973064869,-45.9933427665115,-0.0426164996881742,-0.0904645452889022,0.193069256497773,0.177873589357526
-0.137781629892939,0.182103915962307,-43.4652601169815,0.0869287607473867,0.049430664115745,-0.0819129214878781,-0.227882721218307
-0.117451914131218,0.527360077800711,-43.2637443039267,0.0752759172519674,0.0658296003472219,-0.0549462014902463,0.279426561491182
-0.0832743136730471,0.815580077905807,-41.9748018064333,-0.0422950580036379,0.0906152750283798,0.0764726584618088,0.197604725076716
0.180838240249961,0.824576556900483,-42.5834328602081,0.0171086218109268,0.0985256061119681,0.247003932112081,-0.0895291271172919
-0.0596209538767838,0.756353372618823,-41.0328435984349,-0.0981598000324076,0.0190959068283689,-0.142299394094337,-0.0873190911100293
-0.0140502778832834,0.55797413495313,-45.3293456460899,0.0221885580544224,-0.0975072709671721,0.023382117939078,-0.10087196669852
-0.0357290391968998,0.533016630065072,-42.7345082956829,0.0317419932854618,0.0948285076454633,-0.0534207545990782,-0.119786012533522
-0.0075402174141299,0.469604334629055,-46.3944860389888,-0.0745571880979414,-0.066642521732961,0.102746009880711,0.00323022629694458
0.178146359992694,0.38271287205061,-44.2818701774239,0.0955462581139988,-0.0295112277008788,0.0901403192928251,-0.0573802348775661
-0.0928178611559051,0.495043560904913,-47.5070248971129,-0.0927497203385292,0.0373830092037095,-0.17821450081007,0.0749476796505931
-0.0275096667847035,0.512390864699073,-50.7224867598889,0.0897378409115891,-0.0441261816671954,-0.0244296465403875,0.0614734854613551
0.0203692902488159,0.416965487689243,-42.0832735540705,-0.0322365441889744,0.0946615297718788,0.0801155012224938,-0.190086906781708
-0.180462303986042,0.425874421622634,-45.487587344933,0.00654592937848637,-0.0997855240431791,-0.207377523613344,0.10869445797657
-0.150199570967455,0.29701979634578,-51.9309974054446,-0.0094577054863238,-0.0995517544141436,0.039720438504911,-0.0293028708627098
-0.29611568732371,0.481710970257476,-53.663923097203,-0.0967195497615453,0.0254033205294892,-0.0491965665947101,0.159287853382206
-0.271515282508143,0.491284738462741,-46.9226086785535,-0.097981125332344,-0.0199924755497534,0.122581530147911,0.0295662437550181
-0.284087437677068,0.409080512848421,-42.6948358141269,0.0279559216703041,0.0960128452008575,-0.0405280768392299,-0.178217070815177
-0.342392557121524,0.385370525100564,-39.1181554001988,0.0151170989993803,-0.0988507628591855,-0.073422218443836,0.0751407751113292
-0.336755384639443,0.690177560658303,-36.2091560412371,0.00807525023501886,0.0996734183904707,-0.00243807775293814,0.205133617167268
-0.469630321532234,0.412513520440611,-41.0331224250284,-0.0981544717701452,0.019123275648376,-0.0347204651226458,-0.296787315866068
-0.515178448226246,0.658607715521726,-40.1178075996761,-0.074989240776109,-0.0661559805899871,0.0294411140820976,0.312250175671102
-0.478357494408742,0.799155628775874,-41.1370480251345,-0.0956410661626663,0.0292025078249879,0.13246201998017,0.11134540542916
-0.558480337904358,0.654674319447242,-41.076090311677,-0.0972424434635223,0.0233218178803382,0.0171195999679062,-0.167803127208971
-0.734934515262868,0.592873024545058,-41.5404638440684,-0.0764997197796296,0.0644033607324816,-0.0999544575788803,-0.126204655634665
-0.47222125811635,0.749397072693423,-42.9945726200451,0.0550590790303837,0.0834775288106085,0.207654178116135,0.0730465193377564
-0.346188823513384,0.687308852425096,-43.2836794547182,0.0765731961266908,0.0643159827332472,0.0494592384762751,-0.126404203001574
-0.479579317300178,0.520268387382954,-40.078190473669,-0.0723101757614755,-0.0690741520494065,-0.0610803180253188,-0.0979663129927349
-0.582783116343934,0.514971628858209,-40.7303253398156,-0.0993914403317234,-0.0110155158202176,-0.00381235871203262,0.00571875729547189
-0.488016149794519,0.450197092873875,-38.4620956018551,0.0722777211843459,-0.0691081111042543,0.0224892453650688,0.00433357511992122
-0.600487415207429,0.387307010766918,-42.2555486695226,-0.0155320768240114,0.0987864089312543,-0.0969391885888984,-0.161676491038212
-0.642883110374822,0.413140641077215,-34.8307422615869,-0.096290619728771,0.0269836348969002,0.053894924561378,-0.00115000458660297
-0.652194038048142,0.639242913108391,-35.1029630992485,-0.0854897075683626,0.0518797638764466,0.0761787798950426,0.174222508154729
-0.633635625014969,0.740310345090072,-38.8294838924413,0.0426323292428989,-0.0904570865290557,-0.0240739162097259,0.191524518510737
-0.720635082910093,0.567581707285576,-39.9685415732241,-0.0643171855227427,-0.0765721858538275,-0.0226822723723813,-0.0961564519506683
-0.729266197469011,0.534408479367749,-38.8567912499515,0.040146597923722,-0.0915873936475485,-0.04877771248264,0.0584141657297215
-0.437362308169885,0.50268734427408,-44.8691936439326,0.0631820638617652,-0.0775114624179407,0.228721825437361,0.0457903273242712
-0.544814862684891,0.561768211964917,-46.8696945919867,-0.0967865986409876,-0.0251466563087098,-0.0106659558740192,0.0842275239995471
-0.695040188865047,0.581028266177765,-40.8180653873049,-0.0999743746308712,-0.00226371755442621,-0.0502509515492849,0.0215237717672743
-0.765567356259894,0.413106630120924,-38.1234994001818,0.0911291085012712,-0.0411762745250653,-0.161656275896117,-0.126745361531776
-0.686853558631399,0.52154053391139,-37.4805015330522,0.0976199778407285,0.0216873217889088,-0.0189061802122336,0.086746582001557
-0.245934061713139,0.530805066653398,-37.1977023285157,0.0876905933075955,0.0480662027349976,0.353228903610664,-0.0388016699929896
-0.228023206624246,0.499457929590937,-35.0313439961419,-0.0889829568507525,0.0456293040720228,0.106893811939645,-0.0769764411344836
-0.100496669710935,0.716837065084922,-36.5317504375047,0.0392579810732738,0.0919717941656597,0.088268555840037,0.125407341328325
-0.280848003574086,0.742703087033626,-34.7879269099624,-0.0973573362974654,0.0228374488299861,-0.0829939975656853,0.00302857311871846
-0.337466649577191,0.548898841593279,-41.6305296898193,-0.0703969479514268,0.0710230224583839,0.0137783019483216,-0.264827267898731
-0.522274078292505,0.677881007771363,-45.5982961891391,-0.00451873199877098,-0.099897853135707,-0.180288696716543,0.228880019313791
-0.459628628620459,0.394737068450202,-51.999511633932,-0.0162508925940341,-0.098670707354803,0.0788963422660803,-0.184473231966358
-0.0937413144817049,0.454582621559338,-51.2052614923341,0.0589966452789779,-0.0807427758119973,0.306890668859776,0.140588328921133
-0.161696505411843,0.450501360455223,-47.5811762899182,-0.0897253856533079,0.0441515024587518,0.0217701947231698,-0.0482327635628662
-0.134295645197247,0.16767066959875,-51.4625988138852,0.036504391267798,-0.0930990301677064,-0.00910353105320172,-0.189731660688767
-0.213175073316628,0.191515522390392,-53.5052429869559,-0.0995185402427254,0.00980102790308504,0.0206391121233446,0.0140438248885572
-0.353532604553351,0.29160731852313,-55.6682320587098,0.0636815268249034,0.077101641624865,-0.204039058061627,0.0229901545078737
-0.485081877359958,0.0829149055704029,-53.5026606401523,-0.0995435180474176,0.00954400412528412,-0.0320057547591895,-0.218236417078012
-0.435557600566202,0.332654618857697,-48.4393098506241,-0.0252609503130534,0.0967568312279885,0.0747852271068092,0.152982882059305
-0.640436776597744,0.309969099253703,-54.9750039676511,-0.000286746624067574,0.0999995888810228,-0.204592429407474,-0.122685108485017
-0.580407001964776,0.354693561947932,-59.3918925981653,-0.0955817558556944,-0.0293960532647231,0.155611530488662,0.0741205159589526
-0.51898699952788,0.445935328987157,-57.3914696281752,0.0665373820212372,-0.0746510334406694,-0.00511737958434078,0.165892800479894
-0.285940475631071,0.50403175955734,-55.9615892454359,0.0832562528787567,0.0553931074826871,0.149790271018052,0.00270332308749643
-0.829082247507198,0.371205784045418,-53.3720270846045,-0.0999385880789326,-0.00350408515727549,-0.443203183797194,-0.129321890354647
-0.505229476683579,0.358941610272196,-51.3096627004441,0.0502610785542511,-0.0864512809769954,0.273591692269367,0.0741871072037741
-0.434058537320806,0.421308624499307,-49.9656174098454,0.0955376361589827,0.0295391279010374,-0.0243666967962088,0.0328278863260729
-0.443667012308369,0.639300307347894,-48.3049855037771,-0.0379911505165131,0.09250228366063,0.0283826755289495,0.125489399187958
-0.43626648289016,0.428466201016037,-49.6101603585594,0.0792851677458256,0.0609414651572826,-0.0718846383276169,-0.27177557148914
-0.150844902866056,0.499574379964734,-44.340008488243,0.0936700608529881,-0.0350131361034329,0.191751519171117,0.106121315052129
0.053087180372136,0.52681134416255,-44.2634825677703,0.0960727166317286,-0.0277494706075555,0.107859366606463,0.0549864348053717
-0.0109071549905818,0.410561972044899,-40.6081402199278,-0.0973078597007978,-0.0230473521353288,0.0333135243380801,-0.0932020199823215
-0.111401813706905,0.56492730841918,-36.606191919646,0.0459894516288708,0.0887973554723099,-0.146484110345194,0.065567980901971
-0.177657748025131,0.425542346289055,-37.4509852384589,0.0969374206622139,0.0245588370114909,-0.16319335498044,-0.163943799141616
-0.0527557625082856,0.494646983104876,-44.2094239648716,0.0974317396893137,-0.0225179062329031,0.0274702458275315,0.0916225430487242
0.111226437600379,0.411492963152558,-46.475079523853,-0.0796803237351708,-0.0604238860837201,0.243662523843835,-0.0227301338685973
-0.079645991542965,0.548503778400669,-41.0903658973246,-0.0968996136984366,0.0247075871969272,-0.093972815444907,0.112303228051184
-0.0713746265511306,0.518282903299337,-49.8283596235912,0.0905973415338899,0.0423334584813444,-0.0823259765420554,-0.0725543335826764
-0.0945316463305281,0.636489232346973,-49.0820401830893,0.0377739826259443,0.0925911779629942,-0.0609310024053418,0.0256151510846415
-0.135436343250689,0.627976447751508,-47.8693663634664,-0.073476472493299,0.0678322046666734,0.0325717755731384,-0.0763449892621382
0.069298351030384,0.335656348572068,-52.7088722219572,-0.0765998682239016,-0.0642842141437609,0.281334562504974,-0.22803588503568
0.0350284293971388,0.465204184394869,-44.7253877120181,0.0736381106846502,-0.0676566970431989,-0.107908032317895,0.197204532866
0.124389559280414,0.521019095704896,-49.6325978562905,0.0806324701259645,0.0591473140673814,0.00872865975731102,-0.00333240275735502
0.00996807078680947,0.538560641058556,-52.0097814700839,-0.0172633497995468,-0.0984986129531705,-0.0971581386940581,0.116040158306831
-0.109150863274863,0.492079374956677,-54.3048870986265,-0.0623322407947969,0.0781964945345983,-0.0567866932668757,-0.124677760636478
-0.0762144535235851,0.59923404747533,-53.0052168130154,-0.0920335748752003,-0.0391129274753362,0.124969984626478,0.146267599993989
-0.338383709545645,0.520041635581511,-52.5911455055888,-0.0685191599528395,-0.0728362871057909,-0.193650096069221,-0.00635612478802738
-0.160920412558953,0.547582089208017,-49.6848577671991,0.0836120141524493,0.0548546359879511,0.0938512828342426,-0.0273141823614453
-0.442844042812783,0.511693668125854,-53.1122679367991,-0.0956858186669081,-0.0290555348607382,-0.186237811586921,-0.00683288622142442
-0.203318572345166,0.541996229325914,-51.9146072492262,-0.00782483941575406,-0.0996933893902583,0.24735030988337,0.129995950590318
-0.242267544490075,0.634726186241521,-49.9462523010565,0.0949477303831679,0.0313835704642611,-0.133896702528077,0.0613463864513452
-0.306097920194629,0.53350062532759,-47.3829368408416,-0.0966634527544842,0.0256159501401295,0.0328330770499303,-0.12684151105406
-0.218494716496854,0.43829993181243,-54.1539577553908,-0.0733810220623237,0.0679354517250659,0.160984225760099,-0.163136145240226
2.52062607005166e-05,0.515959107708241,-62.1485679868988,0.0775502888305514,0.0631344018922968,0.140969633927004,0.0145247740035148
-0.348345437669961,0.396330842933977,-60.7875622364566,-0.045599910681103,0.088998023269483,-0.302770733249559,-0.208626288043747
-0.397721703758473,0.540107716504013,-66.8524798156101,-0.0637895311075221,0.0770123088933352,0.0144132650190097,0.0667645646767011
-0.373270496139664,0.585023751292804,-72.4004778590361,-0.0989671872753619,0.0143351261872175,0.123418394894171,0.030580908601573
-0.446912114837458,0.581632700800679,-75.0207142169111,0.0929585543325891,0.0368606453605343,-0.166600173030383,-0.0402516958526592
-0.312983184604549,0.518885861856503,-71.5433099619387,-0.0756192911803466,-0.0654348745042119,0.209548221413255,0.00268803556003605
-0.623332307579749,0.105225773496833,-71.3490450046188,-0.0615649799374153,-0.0788019875720508,-0.248784143037785,-0.334858100787619
-0.744180471519885,0.0941808273775385,-65.0720772442257,-0.0620537418430264,-0.0784176837408441,-0.0587944220971091,0.0673727376215491
-0.892065912300946,0.080362307229371,-60.6758993239989,-0.0552330619279537,0.0833625147777035,-0.0926523788531081,-0.0971810349258709
-0.949136829415527,0.12927140705915,-56.6095810293604,0.0998145360653985,-0.0060875602706886,-0.156885453179979,0.0549966601004672
-0.819997673660132,0.134750323346112,-45.5722206888016,-0.00191260454884721,-0.0999817080462208,0.131051760304243,0.105460624333183
-1.04468703515968,0.00747123501962971,-45.8903328588597,-0.0330883239012136,-0.0943671702522036,-0.191601037598333,-0.0329119180742791
-0.896580480903204,-0.253879588900864,-52.6508295273619,-0.0727417394083428,-0.068619525995512,0.220848293664818,-0.192731297924982
-0.922754945028698,-0.2474777083408,-51.1095481374803,0.0664429837018756,-0.0747350648410255,-0.0926174478273704,0.0811369454010898
-0.864397412272788,-0.349896641555738,-52.4430795041429,-0.0570242249231267,-0.0821476583471291,0.115381757679037,-0.0202712748678092
-0.782975300377079,-0.122784540999987,-48.5012303071127,-0.0192251393820052,0.0981345709510286,0.100647251277714,0.128977529604723
-0.778050390761399,-0.275257998722014,-39.551578189072,-0.0277960243478996,-0.0960592579112028,0.0327209339635795,-0.0564141998108242
-0.826404863360112,-0.18427334113762,-40.2180117520776,-0.0812310928605259,-0.0583224618194792,0.0328766202618129,0.149307119403873
-1.21293816326388,-0.239226414058221,-46.7386801277224,-0.0926719666516536,-0.037575345599406,-0.293861333252116,-0.0173777273211952
-0.964737387091826,-0.249327770616178,-45.9392040709225,-0.037658820158362,-0.0926380767518419,0.285859596330418,0.082536720193885
-0.984973351383798,-0.316628264069548,-50.3886812328603,0.0992420624754162,-0.0122887361280806,-0.119478026767388,-0.0550117573252897
-1.0457277596557,-0.161812543312816,-62.9054038506762,0.0997296360619802,-0.00734844819978829,-0.160484044333884,0.162164168956521
-1.08388507402828,-0.119546999598439,-60.9287563303139,-0.0326218458774508,0.0945294407660801,-0.00553546849513012,-0.052263897051703
-0.865744760968117,-0.207960516677953,-63.6335102119175,0.0695516993713906,-0.071850964604184,0.148588613688774,-0.0165625524753306
-1.20212917612754,-0.266364542885002,-53.1266917136657,-0.0960949413652607,-0.0276724094362436,-0.240289473794164,-0.0307316167708055
-1.18883817771288,-0.373219501354388,-52.6770374170779,-0.0745149264865765,-0.0666897723095536,0.0878059249012427,-0.0401651861598323
-1.12394638472177,-0.495658306119247,-50.5752937438427,0.0952391121639395,-0.0304878912721845,-0.0303473191728312,-0.091950913492674
-1.20370936253643,-0.451432475780135,-53.0811901199805,-0.0947367769930971,-0.0320147323112373,0.0149737991784371,0.0762405626503491
-1.14485231826307,-0.56761111516887,-51.7672609953487,0.00689630080744234,-0.0997619217696475,0.051960743465914,-0.0164167176190873
-1.32645131021309,-0.425770993967789,-42.9813260093689,0.0539484864333509,0.0841995297584883,-0.235547478383367,0.0576405914425926
-1.1306732244978,-0.526210982552515,-44.4951830157576,0.0871332061524858,-0.0490693833830058,0.108644879562799,-0.0513706052017209
-1.07326934128325,-0.561132884867957,-44.0017953776758,0.0999809915586084,-0.00194969919666517,-0.0425771083440579,-0.0329722031187767
-0.692149538873261,-0.457848321434826,-43.6985932470124,0.096002525376396,0.027991340113586,0.285117277033595,0.075293223319545
-0.789964824324688,-0.413234910936841,-45.2908548264386,0.0259243315415932,-0.0965812043522007,-0.12373961699302,0.141194614850186
-0.835973966554561,-0.444656440636617,-51.3755337210233,0.0444615599430295,-0.0895721479447289,-0.0904707021729032,0.0581506182449528
-0.956342228397015,-0.540817063643618,-51.3059060314422,0.0505854919819047,-0.0862618571614863,-0.170953753824358,-0.00989876584551463
-1.13554485533552,-0.593539663514882,-40.3906848698831,-0.0900438565204583,-0.0434983206908397,-0.0891587704180481,-0.00922427918042346
-0.861631329087943,-0.675668737506912,-46.3188130505582,-0.0693055906857854,-0.0720883839442553,0.343219116933364,-0.0100406900477751
-1.00829914366961,-0.502837202392525,-47.8342477027619,-0.0758128536826151,0.0652105146161139,-0.0708549608990526,0.107621020498273
-0.745977504571535,-0.421226076398723,-48.7964618927861,0.0101600149044525,0.0994825316180751,0.252161624193623,-0.0178714056242734
-0.856521920400882,-0.629499906681998,-43.0685601674474,0.0610791108965261,0.0791791778947589,-0.171623526725873,-0.287453008178033
-0.888711482960941,-0.74045172715541,-47.794586304206,-0.0783388958831899,0.0621531768440096,0.0461493333231303,-0.173104997317422
-0.964912161770882,-0.596940257079419,-46.7370354740968,-0.0926100429176359,-0.0377277079981495,0.0164093641076953,0.181239178074141
-1.09497154796077,-0.494591708633012,-37.4520702913967,0.0969640112310942,0.0244536403420071,-0.227023397420982,0.0778949081043993
-0.917426929247751,-0.426051848788009,-37.9326038946513,0.0972864350709056,-0.0231376219865931,0.0802581836421135,0.0916774818315967
-1.08663252848546,-0.343437114300978,-41.1842737269469,-0.0941558370768223,0.0336849869283468,-0.0750497621608837,0.0489297475586842
-0.960494702456107,-0.406461218391036,-40.774471036252,-0.0997807366103442,-0.00661850447587056,0.225918562639694,-0.0564055996141879
-0.982122966120201,-0.475151362688841,-41.7520788006676,-0.0612660152088454,0.0790346467090828,0.0396377515447517,-0.147724791006888
-1.00466766812749,-0.355607931568799,-41.8777041096387,-0.0508805521230049,0.0860881491011288,0.0283358501157141,0.0334552820189131
-1.21060941144771,-0.476815672613177,-46.8408934816616,-0.0960223074839975,-0.0279234035434192,-0.10991943583622,-0.093284337500958
-1.13337755444569,-0.521237572985135,-51.9151926286425,-0.00788319652985119,-0.0996887918096701,0.0851150535318755,0.0552668914377115
-1.03961229962232,-0.775857851876193,-45.5860935324118,-0.0032994066155786,-0.0999455547585038,0.0970646614389419,-0.154674724132554
-1.20327938549071,-0.747340252982567,-46.318308482656,-0.0692692083804585,-0.0721233441428267,-0.0943978774879339,0.100640943036453
-1.19026427995708,-0.801447122990049,-41.1866545912611,-0.0940753709075317,0.0339090635171534,0.107090476441163,-0.088015933524636
-1.227075338771,-0.702689638684892,-48.6664950308877,-0.00281873658122914,0.0999602657263657,-0.033992322232684,-0.00120278142120811
-1.27452989290306,-0.642189398794515,-49.2818702281828,0.0554018972326291,0.0832504041012727,-0.102856451364688,-0.0227501642108958
-1.27814581035804,-0.751379749029461,-52.1189536216207,-0.0278925323890209,-0.0960312794714692,0.0242766149340356,-0.013159070763477
-1.00039235855672,-0.825940645936718,-51.5137293753111,0.0316985524977259,-0.0948430375386033,0.2460548993036,0.0202821406313461
-1.30992172434722,-0.940037739029542,-47.1781396017889,-0.0998528840571548,0.00542231919647052,-0.209676481733347,-0.119519412289294
-1.46437708049705,-0.747519336200146,-51.6666137812359,0.0168852171635719,-0.0985641387185979,-0.171340573313403,0.291082541547994
-1.4541824132295,-1.07503992546473,-46.5086159319546,-0.081661540354912,-0.0577182191934495,0.0918562076224559,-0.269802370071136
-1.4409535464275,-1.10346280642538,-44.1869539574898,0.0979130789637549,-0.0203231141274535,-0.0846842121617486,-0.00809976683319857
-1.66242252532289,-1.08193966896751,-46.8617435971917,-0.0965836004873352,-0.0259154030820054,-0.12488537840806,0.0474385405398834
-1.70123087317231,-1.17044730493358,-45.6058967825596,-0.00527787713282044,-0.0998606229350231,-0.0335304707165972,0.0113529869689446
-1.6105249586555,-1.30713534091038,-47.3689888454882,-0.0970113297037997,0.0242652407591738,0.18771724422061,-0.160953276735975
-1.89829746443314,-1.20828261559599,-47.938961249509,-0.068581639886903,0.0727774599063691,-0.219190865890738,0.026075265408027
-1.7919657700366,-1.4671218067112,-51.8798733941462,-0.00435808027065772,-0.0999049905477925,0.110689774667197,-0.158934200567418
-2.00245863804293,-1.43252050831158,-46.768283384906,-0.0937435531044235,-0.0348158907879454,-0.116749314901908,0.0694171891875679
-1.9857662603009,-1.59368131643751,-45.0368811874793,0.0493589533644199,-0.0869694988071624,-0.0326665756223899,-0.0741913093187738
-1.84183847880454,-1.47053549222972,-42.1775411698097,-0.0231831107946661,0.0972756052352399,0.167110892291029,0.025870218972553
-1.84475881842533,-1.64753342926542,-40.2514256383403,-0.0831341678120856,-0.0555761652346758,0.0802138281912992,-0.121421771801022
-1.79232596643621,-1.29620646827191,-41.8984388818375,-0.0490847246995123,0.0871245648549999,0.101517576688626,0.264202396138511
-1.70107295621828,-1.23767915347363,-36.8680214522609,0.0674070725442884,0.0738666810612812,0.0238459376736468,-0.0153393662630068
-1.74221780012223,-0.92223159427183,-36.0813584223532,-0.004693983934497,0.0998897718228582,-0.0364508599694537,0.215557787378945
-1.54661633650078,-0.860688933098182,-36.4071609859362,0.027524589695973,0.0961373858707857,0.168076873925475,-0.0345947246971373
-1.66067183523561,-1.01813303950345,-34.9842291107802,-0.0910332365352316,0.0413877982734111,-0.0230222621995932,-0.198831904678677
-1.68596249932248,-1.01221662336559,-37.710313423127,0.0999937262958198,-0.00112013457971742,-0.125284390382695,0.00703655071757581
-1.62457072946961,-0.989935627722779,-32.3426546386654,0.0600453595677074,-0.0799659602229894,0.0013464102851634,0.102246955865799
-1.54282517530568,-0.934572149118449,-31.4057994094843,0.0999948721093561,0.00101269533103999,-0.0182493179454227,0.0543507832732898
-1.80154076076309,-0.928363939968634,-32.2815089703381,0.0648196717598794,-0.0761472924859545,-0.323535257217295,0.0823555016357698
-1.44924756100938,-1.17509012080723,-31.4747804256785,0.0998268609678395,-0.00588199195066132,0.252466338785874,-0.240844188887939
-1.39580710905098,-1.25718208382953,-40.0009270213361,-0.0667628510778147,-0.0744494574591484,0.120203303036213,-0.00764250556315105
-1.61244887448431,-0.991547342955223,-33.3769108119269,-0.0380362244356427,-0.0924837587400156,-0.178605540997683,0.358118499614327
-1.67500626607854,-1.24731117441559,-43.2835267364287,0.0765633730069086,0.0643276761107144,-0.139120764601147,-0.320091507571078
-1.3088842484203,-0.950642307131487,-40.1493233214744,-0.0770366110279535,-0.0637601800603464,0.443158628686197,0.360429047344446
-1.3166477500763,-1.08330477536408,-44.2697683586215,0.0958963924455853,-0.0283528114288916,-0.10365989410158,-0.104309656803702
-1.39557689588241,-1.21508967557785,-40.5534803687828,-0.0959033949445902,-0.028329116437015,0.0169742491384778,-0.103455783776758
-1.65367011756519,-1.2771097490432,-33.7280891716846,-0.0675296258165857,-0.0737546584092959,-0.190563595866191,0.0117345849439483
-1.34053160341896,-1.01472856031369,-30.6510913654375,0.0721496498191191,0.0692418084034385,0.240988864327106,0.193139380326068
-1.28331234941323,-0.828638165129963,-31.6419667577567,0.0974561499602524,-0.0224120243379484,-0.0402368959545205,0.20850241952168
-1.34476096088339,-0.666078692860077,-29.3487662248102,-0.0476231472510195,0.0879319955756021,-0.0138254642191454,0.0746274766942842
-1.2224325826584,-0.818194671424909,-31.930410610922,0.0870546717490298,-0.0492085777753094,0.035273706475964,-0.102907400789523
-1.24559469273461,-0.914990256484484,-35.4936087108519,-0.0592941446214232,0.0805245578293588,0.0361320345452094,-0.177320142888934
-1.43855920796261,-0.872865146235912,-35.5781627220776,-0.0522817483635416,0.0852444648528649,-0.140682766864459,-0.0431193546042935
-1.34953514943996,-0.60585592320258,-36.9239605659512,0.0714315174844506,0.0699824142900817,0.0175925410382029,0.19702680874325
-1.34536114434518,-0.505271751792992,-35.5885837532922,-0.0513905903947778,0.0857846560806545,0.0555645954895549,0.014799515328934
-1.46779945135495,-0.531166262427672,-32.9212404625485,0.00654356126910974,-0.0997856793629096,-0.128981868278873,0.0738911687282292
-1.26282168873529,-0.48171007719088,-30.2815669437509,0.0422712897590352,0.090626365159967,0.162706472860618,-0.0411701799231743
-1.48711489402166,-0.599734594780462,-22.9598230060595,-0.0566392477173961,0.0824135645267661,-0.167653957568975,-0.200438082116348
-1.38222583250728,-0.423650672228112,-20.7676907369655,-0.0340396444770924,-0.094028201109418,0.138928705991476,0.270112123661768
-1.34922357846196,-0.413994336708523,-18.8092622387775,0.0999188319392777,0.00402827803042209,-0.0669165778939549,0.0056280574891665
-1.33072475062643,-0.471627857489327,-16.6366309410822,-0.0598901471149545,0.0800822719367346,0.0783889749504817,-0.137715792717539
-1.22357998031116,-0.486527425525075,-10.8656766749462,-0.0129532618514102,0.0991575161417873,0.120098032166682,-0.114057084177535
-1.18221683863376,-0.335756796832004,-12.1040796019103,0.0895033056204148,0.0445999807513257,-0.0481401639430162,0.106170647941745
-1.2316977610207,-0.17997022192031,-12.1160704978498,0.0900316521465244,0.0435235753559749,-0.139512574533464,0.112262999555719
-0.95915363513004,-0.228449688506832,-16.6390474451263,-0.0596964533053724,0.0802267627588169,0.332240579196032,-0.128706229345339
-1.13713977341525,-0.108673665723332,-11.1011646601022,0.0105394271628275,0.0994430514167755,-0.188525565448038,0.0203329713667244
-1.26872678123755,-0.060843789187426,-10.1396466582517,-0.0755179318919725,0.0655518265402224,-0.0560690759303283,-0.0177219500043162
-1.45280468001638,-0.238073325307625,-8.16149955404149,-0.0302693931137141,-0.0953087815499046,-0.153808505665119,-0.0819207545702946
-1.4147959836875,-0.485782786345915,-4.48026002040333,-0.0230049902108939,0.097317883379144,0.0610136865397807,-0.345027344417434
-1.37606689244146,-0.261206067998236,-3.95331651853819,-0.068824883580311,0.0725474699776405,0.107553974826345,0.152029248370039
-1.46100166102665,0.0976982796894567,-9.72342773707992,-0.0955734636549351,0.0294230019712266,0.0106386950697505,0.329481345716466
-1.68196074343584,-0.207668370837445,-7.82530085993955,0.002867684212563,-0.0999588734793316,-0.223826766621758,-0.20540777704757
-1.66231467924164,-0.140655118572948,-16.8150687030868,-0.0447252308265656,0.0894407833569811,0.0643712950207713,-0.0224275310924841
-1.36669532563665,-0.111048957166013,-18.697041388456,0.0988392185266984,0.0151923955001034,0.196780135078283,0.0144137659068319
-1.58269568218772,-0.13525880161126,-20.9629979738337,-0.0516403451295756,-0.085634541832711,-0.164360011421494,0.0614246973874641
-1.47294110834108,-0.310574862008398,-27.0780330867193,-0.0365803070442022,-0.0930692276563628,0.146334880890846,-0.0822468327407759
-1.72993908668095,-0.420969718012604,-27.1078781253941,-0.0393412590942253,-0.0919362025150106,-0.217656719245642,-0.0184586534891953
-1.70709169932558,-0.406817069826988,-35.9537847361417,-0.01736460651963,0.098480812549544,0.040211993874999,-0.0843281643639279
-1.88045287827117,-0.397172356660809,-33.6154561863687,-0.0588120776269803,-0.0808773115601529,-0.114549101318614,0.0905220247263319
-1.9134259265927,-0.272291762095535,-26.3262607935897,0.0368390122265925,-0.0929671295575429,-0.0698120605481158,0.217847724122817
-2.0813699023354,-0.223421261450613,-29.3211866273583,-0.0500298581153452,0.0865852949233207,-0.117914117627362,-0.0377147942783993
-1.93095772128445,-0.211344552078869,-36.6541621611328,0.0501945447008533,0.0864899282129084,0.1002176363501,-0.0744132188411638
-1.87007812531968,-0.17663974074777,-24.9942708504564,0.0990428285885879,0.0138028296074245,-0.0381632326238158,0.020901981723674
-1.88507259640867,-0.417637803697483,-27.5121010030178,-0.072329592666693,-0.0690538197688605,0.0573351215777048,-0.171944243180852
-1.7365929219365,-0.640680876041466,-25.8196529460978,0.0773208140716995,-0.0634152324862858,0.0711588604004714,-0.159627839857697
-1.95020913701357,-0.654311606682004,-32.0991944442538,0.0775513732497619,-0.0631330698372582,-0.291167588326834,0.0495023391967201
-1.83185157969686,-0.403421216683729,-30.7406038386672,0.0780505257853449,0.0625149216158128,0.0403070315313674,0.188375468382462
-1.83911467650398,-0.410985651372959,-37.7918057841826,0.0995706991815715,-0.00925612578204319,-0.106833795988693,0.0016916910928132
-2.14275747178784,-0.438359988381132,-35.6243277535966,-0.0482921308355558,0.0875663753923934,-0.255350664448304,-0.114940712400567
-2.0145138925414,-0.471412611169666,-36.145463968026,0.00171476112832152,0.0999852968904568,0.126528818118113,-0.13303791967899
-1.83440370235555,-0.120856686385918,-31.8056633230858,0.092500909827873,-0.0379944954041466,0.0876092803579809,0.388550420187894
-2.01184785297344,-0.163002514414471,-27.4651270365827,-0.0690072687480321,-0.072374006797585,-0.108436881869863,0.0302281787690327
-1.8470403757095,-0.122955627518916,-32.4408337946407,0.0519178151869354,-0.085466604391512,0.112889662077006,0.125513491287066
-1.85543972418246,-0.0564364479785423,-29.2323221880152,-0.0575166787471118,0.0818036164597968,0.0491173302741529,-0.0152844369194227
-1.78337028640325,0.0460369929332441,-26.4574579675746,0.0243603531789088,-0.0969874898788438,0.0477090846003019,0.19946093079063
-1.70569974926199,-0.096500697071834,-22.3369957648995,-0.0940788598156008,0.0338993825282487,0.171749396956866,-0.176437072533327
-1.81038927625609,0.00725855351342708,-27.6007264480745,-0.0781576404473234,-0.0623809525392721,-0.0265318865467822,0.166140203124533
-1.85352329836113,-0.0250621628769243,-28.1186684403084,-0.0987908581027636,-0.0155037529430664,0.0556568359977276,-0.0168169634472851
-1.82452267873437,-0.106030006907665,-31.6593041505561,0.0970529567860378,-0.0240982069683094,-0.0680523371592759,-0.0568696370624311
-1.8665479948937,-0.185961916674371,-26.0552375099794,0.0603832225731768,-0.0797111437107647,-0.102408538732508,-0.000220766055941291
-1.76460746197204,-0.471472213835934,-26.7659165401991,-0.00623385383522471,-0.0998055061925997,0.108174386756883,-0.185704790968963
-1.79337928831713,-0.243385408315624,-29.6112658758054,-0.0231738383441508,0.0972778146156623,-0.00559798800094136,0.130808990904648
-1.81444824577529,-0.334172675386746,-30.2307552824126,0.0376138380304749,0.0926563499638163,-0.0586827954886312,-0.183443617034939
-1.86571141668637,-0.421127792321511,-31.8374695580938,0.0912458670137817,-0.0409168883580273,-0.142509037924866,-0.0460382285767376
-1.96489019072062,-0.254711738833366,-37.7579491815603,0.0998269583087664,-0.00588033968575024,-0.199005732343017,0.172296393173895
-1.74152578765647,-0.285314114571237,-37.7923085806131,0.0995660326488155,-0.00930618840207951,0.123798370415333,-0.0212961873357914
-1.67235464178711,-0.0646897957532941,-36.6632710549818,0.0509802790262464,0.0860291296620282,0.0181908668431119,0.134595189155915
-1.46868160040011,-0.148244942479271,-35.8322089876252,-0.0291798400905802,0.0956479844653727,0.232852881477586,-0.179203131191349
-1.61450305000033,0.153587464655549,-30.6940268485024,0.0750551748581698,0.0660811677182656,-0.220876624458394,0.235751239416555
-1.54080425611579,-0.0791112194400756,-26.0895443088022,0.0576135940681521,-0.0817353887771398,0.0160851998163892,-0.150963295318485
-1.47552603287218,-0.193043103665708,-19.5889971534023,0.0738845214026826,-0.0673875173685493,-0.00860629815907255,-0.0465443668570829
-1.2780651658978,-0.173643275178647,-13.6744401901075,0.0446389765609138,-0.089483863191048,0.152821890413463,0.108883691678109
-1.21121221200641,-0.345075879213094,-18.6094630342907,0.0971315891118855,0.0237792850313007,-0.0302786352204908,-0.195211889065748
-1.39527320921341,-0.370682709869487,-25.1974822338102,0.0997905033019877,-0.00646957886851846,-0.283851500508986,-0.0191372517878745
-1.3531047372702,-0.502641491244638,-29.7610024066907,-0.00840286019500299,0.0996463343055992,0.0505713321382092,-0.23160511568075
-1.50600330156159,-0.254361112232583,-23.4470692312949,-0.0114623179357941,0.0993409043019983,-0.141436246355593,0.148939474710057
-1.50453388054055,-0.195715755458283,-31.0558357275273,0.0935864830370069,0.0352359219088138,-0.0921170620159675,0.0234094348654866
-1.53066851158883,-0.216579229529622,-34.1231140812222,-0.0907120575380226,-0.0420870837338308,0.0645774264897385,0.0212236096624914
-1.71377959607524,-0.194886283105042,-34.637370070133,-0.0996813612047443,0.00797660506539636,-0.0834297232816598,0.0137163413591839
-1.57217060479003,-0.0881240433813378,-41.3140940718755,-0.0890028077302544,0.0455905715705711,0.230611799015459,0.0611716681531329
-1.69444108740451,0.236091187887593,-35.6348477300994,-0.0473682793972113,0.0880695526668992,-0.074902203217263,0.236145678602031
-1.70813411391476,0.213111405829599,-36.9014017431969,0.0698347555070104,0.0715758822738224,-0.0835277820172675,-0.0945556643318157
-1.84511216938205,0.368379133365861,-35.629737054783,-0.0478177537220629,0.0878263196825196,-0.08916030174522,0.0674414078537421
-1.72913849634647,0.213884593529479,-32.8666349032686,0.0119799533701712,-0.099279810219644,0.103993719665407,-0.0552147296167382
-1.61839299459564,0.235230237865669,-29.4415593288147,-0.0392704851096463,0.0919664558371858,0.150015986860477,-0.070620811500996
-1.57735837998303,0.311821439860862,-27.2225166888154,-0.0495993951380832,-0.0868325975768103,0.0906340097506922,0.163423799572003
-1.74042752409223,-0.0648690014371733,-27.327730790807,-0.0584442826177654,-0.0811434891368048,-0.104624861491431,-0.29554695216123
-1.6441471318896,0.115200534983368,-17.1007653673317,-0.0177055847910338,0.0984200806096373,0.113985976993655,0.0816494558109034
-1.82200416641438,0.0413401362107875,-9.89077355749984,-0.089337467442182,0.044931246488575,-0.0885195670825916,-0.118791645261155
-1.82259923919476,-0.201282955383923,-20.4476514275278,-0.00272957885568655,-0.0999627400548354,0.00213450607530186,-0.142660351539875
-1.74220948544495,-0.608242286860262,-26.4088944390543,0.0290398364679099,-0.0956905841654081,0.0513499172819077,-0.311268747310931
-1.94178373653486,-0.523307670095785,-27.9963421910855,-0.0961608507298569,-0.0274424996476301,-0.103413400360054,0.112377116412107
-1.79484504533062,-0.519081196377728,-31.9188114657621,0.087619580277651,-0.0481955304148452,0.0593191109265875,0.0524220041329022
-1.72921530703374,-0.33132770152517,-37.0978706212453,0.0824634132755249,0.0565666462763171,-0.0168336749786475,0.13118684857624
-1.78166902452239,-0.227761095796138,-36.540970588185,0.0401042941872428,0.0916059255056303,-0.0925580116758911,0.0119606802234018
-1.62788000273523,-0.309621636496807,-38.2231633645791,0.0865798942082068,-0.0500392038195626,0.0672091275789568,-0.0318213368811064
-1.55554339741605,-0.423724630956944,-37.9752437756605,0.0962117208304259,-0.0272636163200737,-0.0238751155112487,-0.0868393781400634
-1.37350005245654,-0.328771182851579,-36.7455780416222,0.0578805014598344,0.0815465974198685,0.124162843499671,0.0134068506854963
-1.21779831154855,-0.210330053107643,-32.326590568999,0.0613221357598231,-0.0789911113091456,0.0943796051481742,0.197432241053082
-1.16365313663238,-0.0785531719633145,-30.3415759442743,0.0476303356097503,0.0879281020476534,0.0065148393064125,0.0438487790966753
-1.48433423979064,-0.137690151483314,-34.3561131751706,-0.0979786277274781,-0.0200047121608951,-0.222702475430782,-0.0391322673591049
-1.21857603481329,-0.038984910682382,-36.8256539979544,0.064217976642674,0.0766554073495209,0.201540228334677,0.0220498334514115
-1.57712607739539,0.0511255330040505,-35.2776417613463,-0.0751724901488834,0.065947681724349,-0.283377552433219,0.0241627619620836
-1.27798313134436,-0.111637632714488,-37.5896325723249,0.0994013127966043,0.0109260703966082,0.199741633254431,-0.173689236115147
-0.990999393307472,0.0838714306366815,-36.0890887309898,-0.00392167260917529,0.0999230728307854,0.290905410646063,0.095585990520384
-1.3575616683489,0.126170132485468,-29.3698539096936,-0.0457584140772706,0.0889166325337,-0.320803860964161,-0.0466179306849136
-1.32130232660263,0.140213202687839,-32.0643214619985,0.0797054141576021,-0.0603907853398606,-0.0434460724113296,0.0744338555422318
-1.38795885821302,0.280839859611415,-28.7553694122538,-0.0886516261128008,0.0462697437593529,0.0219950945024153,0.094356913164223
-1.54390554404958,0.186405012351506,-22.2502182742068,-0.0966628722188607,0.0256181407287923,-0.0592838136177064,-0.120052987988701
-1.69455075112468,0.0189033833417173,-27.5176783200925,-0.0727136007619837,-0.068649342780735,-0.0779316063131155,-0.098852286229054
-1.79121642237648,0.185520512683134,-29.1212800087865,-0.0662274380109022,0.0749261399947449,-0.03043823324089,0.0916909893466716
-1.90580419612236,0.25127582879832,-35.8814581790018,-0.0244357777600385,0.0969685142985186,-0.0901519959858463,-0.0312131981833326
-1.69577390387749,0.362734023278641,-37.2368998330571,0.0895068288478912,0.0445929096336438,0.12052346339698,0.0668652848466778
-1.83521177942014,0.471573632306949,-40.3082253861393,-0.0861551147370063,-0.050767077960557,-0.0532827608056393,0.159606686988864
-2.0297188054273,0.398921805615884,-52.9884496514095,-0.0913648560767822,-0.0406504990629743,-0.103142169930385,-0.0320013276280907
-1.83507500498104,0.424857663754967,-53.2008131010505,-0.0978803301141101,-0.0204802582198769,0.292524130560377,0.0464161163589602
-1.66309809899641,0.503751588508734,-55.6312869229369,0.0607901882904953,0.0794012154038345,0.111186717694126,-0.000507290650067438
-1.64179332890659,0.239860140444384,-51.1470062836098,0.063597593282973,-0.0771708891267526,-0.0422928231931451,-0.186720558937598
-1.46192497664037,-0.0746628489686236,-46.4397501838836,-0.0774963099620331,-0.0632006482741157,0.257364662228246,-0.251322341138892
-1.69825529051544,-0.0680507237097459,-51.9608126937268,-0.0124212265948177,-0.0992255669163961,-0.223909087280249,0.105837692175274
-1.78798108298589,-0.143422583424717,-47.993818025759,-0.0644881407648505,0.0764282650639986,-0.0252376517056033,-0.15180012477897
-1.41919601478386,-0.236255166412427,-50.2771354554845,0.0999932104586561,-0.0011652734318196,0.268791857743379,-0.0916673095558909
-1.54418554734519,-0.334691032410854,-44.7128349093999,0.074481567937229,-0.0667270262907912,-0.199471100498555,-0.0317088397076355
-1.6845951092797,-0.135846240488143,-47.1514512339875,-0.0999620207827086,0.00275579408471096,-0.0404475411518072,0.196088997838
-1.52789066291457,-0.262996479972002,-43.8884468940114,0.099559929619345,0.00937125467539318,0.0571445167457855,-0.136521494159253
-1.67911083260189,-0.183292548080036,-45.4140703264284,0.0138575756341223,-0.0990351836346285,-0.165077745321438,0.178739115526595
-1.54749241100687,-0.229106559664777,-51.4358506520327,0.0389812642475643,-0.0920894187062855,0.0926371573474516,0.0462754071215447
-1.78739788505004,-0.106365296654848,-47.4926738947478,-0.0932766347799208,0.0360481539629044,-0.146628839263249,0.0866931090470244
-1.73320364905093,-0.235836812476788,-46.2676282909048,-0.0655266086856988,-0.0755398143640246,0.119720844684811,-0.0539317014579159
-1.50859547166761,-0.28482224638974,-44.3751642953776,0.0923815204376846,-0.0382838697315417,0.13222665694563,-0.0107015641814096
-1.55613809877079,-0.237765941728613,-46.5799198856708,-0.085566085006401,-0.0517536964542375,0.0380234579032204,0.098810001115364
-1.52335595662435,-0.27025859455168,-46.1188927788838,-0.0536090726120592,-0.0844160371829605,0.0863912147584984,0.0519233843598941
-1.55475835952077,-0.395041715028263,-41.8600361638338,-0.0523935326092414,0.0851758049021221,0.0209911297128288,-0.209958925378705
-1.50944054174422,-0.170297502071178,-38.116999572445,0.0913948203144071,-0.0405830853890786,-0.0460770025378615,0.265327298346164
-1.61188417315867,0.0408429946184925,-35.7298276422085,-0.0388025137423769,0.0921648790335703,-0.0636411176720736,0.1189756176561
-1.64159245460067,-0.196202206685081,-31.9509961786063,0.0860233120477772,-0.0509900949629509,-0.115731593489773,-0.186055106340623
-1.53044328041434,-0.124235944719444,-35.9119282686086,-0.0214702530807662,0.0976679488504179,0.132619427267089,-0.0257016868847805
-1.3883227183119,-0.393488780984986,-31.1888016009499,0.0974317820152953,0.0225177230936873,0.0446887800871493,-0.291770559359229
-1.54068416773182,-0.524481712642701,-27.100954101322,-0.0387037526536102,-0.0922063963645048,-0.11365769676631,-0.0387865352932105
-1.70837234891634,-0.582299677360278,-33.3043631171373,-0.0312325732820304,-0.0949975071577281,-0.136455607902486,0.0371795424401509
-1.5306420835999,-0.555072028604021,-38.907569106115,0.035446238993549,-0.0935070272290388,0.142284026322891,0.120734675985296
-1.52709051951094,-0.536152013873822,-40.8096099174855,-0.0999516602523294,-0.00310895686732934,0.10350322434129,0.0220289715975283
-1.41788075757196,-0.498758105746723,-44.4005062831727,0.0913817720464405,-0.0406124579119805,0.0178279898925318,0.0780063660390788
-1.59261965206137,-0.402007188961649,-42.0702405838726,-0.0334674923756379,0.0942333643360281,-0.141271402113772,0.00251755244904606
-1.42340752382665,-0.303058762169115,-39.1874748299873,0.00823400123319487,-0.0996604295781016,0.160978127001529,0.198608856370636
