theta_array,theta_org,x_array,y_array,xi_x_array,xi_y_array,fmpi_x_array,fmpi_y_array
0.214072667787356,0,0,0,0,0,0,0
0.203028124202877,1.57920827555946,0.128565730875667,0.0906095681847287,0.0306196818779526,0.0704459503115047,0.097946048997714,0.020163617873224
0.206910994801595,1.579136585788,0.230787225576909,0.0849641643774421,0.00435447657569108,-0.0261891805587275,0.0978670181255512,0.0205437767514409
0.203868419012951,1.57915628305016,0.300722470710566,0.0355388971063524,-0.0279938259029762,-0.0696711815725499,0.0979290710366331,0.0202459143014602
0.183911745397442,1.57914305748269,0.375389397018544,0.0697888201713134,-0.0236466586127971,0.0159622490732954,0.0983135849207756,0.0182876739916657
0.199416130866127,1.5790276142707,0.420122561993997,-0.0180590357980675,-0.053285075791633,-0.107657562603394,0.0980182407670855,0.0198097066340131
0.208499047408708,1.57912145530085,0.512774187071796,0.0113989967002406,-0.00518264505730155,0.00875886374369132,0.0978342701351009,0.0206991687546168
0.196114425188679,1.57916614289742,0.663543006142068,-0.00680338117365244,0.0526857068618553,-0.0376883497385758,0.0980831122084164,0.0194859718646827
0.192862585016797,1.57909729999157,0.788707052783209,-0.086889536645668,0.0270180878660403,-0.0992530742675893,0.0981459587751013,0.0191669187955737
0.181171980523555,1.57908465363966,0.814408744164776,-0.173578240362471,-0.0726616284173852,-0.104706953302408,0.0983633197989516,0.0180182495856057
0.188299686286153,1.57902765177912,0.863821719428286,-0.174212305579483,-0.048819418217701,-0.019352955968137,0.0982323934812109,0.018718890751125
0.178085613359143,1.57906642408116,0.93724954119761,-0.152537715197337,-0.0249906403877098,0.00396001145278679,0.098418462157034,0.0177145789293586
0.18721437406623,1.5790059599703,0.955343488222572,-0.13957729147148,-0.0801587044390447,-0.00565184320464568,0.0982526514640073,0.0186122669305034
0.182327797149815,1.57905523635461,0.960168264693278,-0.185489675175522,-0.0935176518380701,-0.0640443111893753,0.0983424283087754,0.018131927485333
0.16218386993036,1.57903244428027,1.04893082267926,-0.201149199581166,-0.00992514193670113,-0.0318069045018498,0.0986876999226787,0.0161473800962052
0.145196742477909,1.5789184459087,1.08544536426602,-0.233061509774263,-0.0624332043055548,-0.0463810206687584,0.0989477458923217,0.014468710475662
0.150241443165644,1.57882245837185,1.16660873001704,-0.219992719028501,-0.0177101310790288,-0.00189889526770792,0.0988734968300514,0.01496768601347
0.181599883765559,1.5788493144545,1.22168721599115,-0.257305951878669,-0.0432771147524482,-0.055373570768344,0.0983556007265539,0.0180603379181762
0.19681828937607,1.57903020340324,1.32060021705566,-0.274190596951329,0.000843628629110971,-0.0364396492947978,0.098069372435395,0.019555004222137
0.205002852444174,1.57911328102461,1.41935518361389,-0.31230105243902,0.000848926173076414,-0.0584674507497657,0.0979060403851563,0.0203569952620751
0.220656308275241,1.57915880113449,1.53218482913859,-0.30559701274261,0.0152542441992904,-0.0151829668642404,0.0975754013254061,0.0218870065606499
0.211963439170783,1.57923801666312,1.66369159462433,-0.287855827875478,0.0337447923402889,-0.00329679523330983,0.0977619731454588,0.021037980100442
0.18987414738016,1.57918777559998,1.74286184252348,-0.233893059777177,-0.0190325516735479,0.0350892375307527,0.0982027995726996,0.0188735305675487
0.203882938476059,1.57906274724294,1.83896484723209,-0.223499935285403,-0.00182577235789516,-0.00985421168508638,0.0979287770665049,0.0202473361768601
0.182533309478683,1.57913493461058,1.89800183500699,-0.242825824349106,-0.0393017121224957,-0.037478026747458,0.0983386998973954,0.0181521376837551
0.182961967386932,1.57902029164765,1.93849954874999,-0.251884019879731,-0.0578331960625194,-0.0272524852067811,0.0983309098055139,0.0181942896761563
0.186582399762184,1.57902266826259,1.99566407378438,-0.296696536210946,-0.0410998692826369,-0.0633626863980314,0.0982643943170271,0.0185501700668163
0.184801814729755,1.57904549758842,2.08054118885437,-0.385643858695694,-0.0134201536119906,-0.107322495127786,0.098297268681986,0.018375172643038
0.195284191844724,1.57904248703284,2.11551791031588,-0.395790998045607,-0.0631225348449136,-0.0295516726379988,0.0980992563064142,0.0194045332880863
0.216595627458537,1.57909926918392,2.17402035603405,-0.396302734138575,-0.0391610270450889,-0.0220023407335811,0.0976634727632643,0.0214906046406127
0.227167829102454,1.57921006360066,2.2131541218135,-0.391288509175929,-0.0582970502675184,-0.0175076773642272,0.0974308160469715,0.0225219023268728
0.240350136606368,1.57926277045451,2.2734887261204,-0.312109445208111,-0.036790864385295,0.0553747926846504,0.0971254686921887,0.0238042712831684
0.243455791907383,1.57931992397278,2.37037798068532,-0.264306629716624,-0.000161817993010516,0.0236970212636337,0.0970510725579291,0.0241057942278529
0.259064317278958,1.57932822367401,2.49673713302558,-0.218013629699594,0.0296961422511093,0.0206753795087808,0.0966630100891512,0.025617620508249
0.255962590329813,1.57939619834897,2.62174876587655,-0.209719698460394,0.0282696290083487,-0.017023744256669,0.0967420038426219,0.0253176754958693
0.236857418711287,1.579377047278,2.68903255638147,-0.177057184253758,-0.0299242272025172,0.0091976192912554,0.0972080177074408,0.0234648949153809
0.246970437995765,1.57927903076048,2.73390751344875,-0.108380433525515,-0.0520907929071118,0.0442300059162199,0.0969657499743897,0.0244467448120225
0.257446917093143,1.57932112735833,2.78894145390665,-0.0447228465422892,-0.0416703771229662,0.0381963426849188,0.0967043175808708,0.0254612442983071
0.259254614083757,1.57936423073776,2.89962156269857,0.0150988851553227,0.0140219754042918,0.0341857169913556,0.0966581333876286,0.0256360147062563
0.264918623547817,1.57936422153316,2.982190879788,0.082271186802543,-0.0139420640038631,0.040989228499354,0.096511381093286,0.0261830731478662
0.245992179150624,1.57938246619257,3.05323269186387,0.0771611865463759,-0.0259478067414044,-0.0294618757830823,0.0969896188172818,0.0243518755269152
0.265859193286283,1.57929061420918,3.17136227721914,0.0551928393992577,0.0216428739550422,-0.0482421843843663,0.0964867114002265,0.0262738372372482
0.282436400840215,1.57938387087917,3.24093988608015,0.145854719472975,-0.0264603184797813,0.0627922458442164,0.0960379273407846,0.0278696342295011
0.305950576104691,1.57944976848661,3.4604073355895,0.183022311420078,0.124111342494518,0.00704761759493611,0.0953561070148357,0.030119974352167
0.312078839251129,1.57954323147379,3.59083002712197,0.124741831273673,0.0352529570638189,-0.0889842525720512,0.0951697344686541,0.0307037724256463
0.338069159593697,1.57957025228492,3.72736995981038,0.098534733669717,0.0422002508765672,-0.0593737138866137,0.0943396818118387,0.0331666162826573
0.34443694849038,1.57967469308341,3.84852746670041,0.119215941862755,0.0270309343327354,-0.0130854667782418,0.0941265725572963,0.0337666749712794
0.351724980148439,1.57969370008024,4.0044272536705,0.17186103705777,0.0620218046048883,0.0181933256172434,0.0938779823651961,0.0344517695777724
0.350798792017234,1.57971170496824,4.13518019740129,0.245948745783694,0.0368430928154868,0.0397229025855524,0.0939098509153044,0.0343648061403713
0.34029171112673,1.57969688684714,4.25497227906304,0.200751239178058,0.0255263473095251,-0.0785737156029876,0.0942657343522294,0.033376208997352
0.309466013545192,1.57965557032412,4.35718227319865,0.266587739829793,0.006960361007326,0.0353814946768958,0.0952496331282831,0.030455005974839
0.318506548707298,1.57952110502518,4.4219268225107,0.284068828371841,-0.0302258656038282,-0.0138337688056352,0.0949704149158792,0.0313148573476832
0.326722133962515,1.57955490652009,4.49323250779404,0.296745217188316,-0.0234042576103582,-0.0194176404891974,0.0947099428936932,0.0320940293056726
0.329114368617951,1.57958476631815,4.55097683174608,0.317230716221969,-0.0368885715634697,-0.0118350066299272,0.0946328955155158,0.0323205056635795
0.330807455479624,1.57959057550303,4.6487170665126,0.382829192598259,0.00316219628297032,0.0331177954012291,0.0945780384835522,0.0324806809750613
0.333849627875123,1.57958822556043,4.72550491336924,0.417150989846522,-0.0176909422975915,0.00155354432030552,0.09447878915423,0.0327682529279569
0.358146302098648,1.57959461928068,4.79122085733284,0.479140899369247,-0.0279388785712985,0.0269360336178011,0.0936548225348921,0.0350538759049248
0.342163679159004,1.57968029189143,4.88653764064531,0.496044896010034,0.00111369328600952,-0.0166486162152376,0.0942030900264622,0.0335526128560244
0.343432457516772,1.57961458318675,4.98877984429649,0.515743097228865,0.00808176026631979,-0.0139739074405164,0.0941604433848584,0.0336721086593472
0.347414127532872,1.57961408389191,5.0283717894499,0.498520321114648,-0.0544336809657252,-0.0512695326837234,0.0940256261191426,0.034046756569506
0.380463909656927,1.57962934453412,5.16913958764988,0.499157707380408,0.0479185519934718,-0.0364977383319119,0.0928492462065006,0.0371351245976722
0.363300974468516,1.57974476938961,5.24974052357259,0.570905436828215,-0.0128719519349046,0.0362115614557825,0.0934728878576167,0.0355361679920249
0.341225918613659,1.57967421523909,5.39317446604739,0.624470091647927,0.049199429557272,0.0201003966448118,0.0942345129175276,0.0334642581748993
0.350068241225607,1.57958168636492,5.45749782316584,0.648942437310176,-0.0296115739708922,-0.00982384539797199,0.0939349310893492,0.0342961910602214
0.354304819417238,1.57961083762284,5.52321209795936,0.625305718555304,-0.0280745152366397,-0.0583305635213436,0.093788790030152,0.034693844766472
0.363749369904083,1.57962618962739,5.61891669081071,0.643250651448236,0.0022476486454881,-0.0176331443415301,0.0934569442058679,0.0355780772344613
0.380802217738724,1.57965569285115,5.67317357996611,0.598568616297692,-0.0385797886251612,-0.0818485692728962,0.0928366777805628,0.0371665341223522
0.365200261725339,1.57971767712384,5.7815479352442,0.611856751980203,0.0149691293628647,-0.0224254999728959,0.0934052259152176,0.035713635655407
0.379112732446984,1.57965728753243,5.87963946895617,0.56555233547142,0.00519219614318189,-0.0833140514607744,0.0928993375687916,0.037009634951992
0.371202415307472,1.5797063299809,5.98937017836078,0.58318343335813,0.0165415234246697,-0.0186425236087431,0.0931891859799441,0.0362736214954529
0.360164499700022,1.57967293175204,6.08958094859488,0.627294350962082,0.00662688403311984,0.00886809927846777,0.0935838862009742,0.0352428183254845
0.370262583710718,1.57962603740405,6.14577126905923,0.761051833089644,-0.0370329154499535,0.0975714587806185,0.0932232359143067,0.0361860233469433
0.360114595171675,1.57964889508182,6.27040674425724,0.833533952601784,0.0310498303373398,0.0372439714902408,0.0935856448606661,0.0352381480218993
0.384429336472539,1.57960197059493,6.42738624182651,0.874427833736219,0.0642782376038565,0.00339086257826771,0.0927012599654169,0.037503018556167
0.368200216044941,1.57967744788929,6.52838156759311,0.940904657843411,0.00769765927663557,0.0304831381674771,0.0932976664899673,0.0359936859397149
0.36965361733936,1.57961210388651,6.66365524609776,1.00920134400825,0.0420284238058273,0.0321674393396991,0.0932452546988224,0.036129246825138
0.358688058756125,1.57960642187552,6.79901893752859,1.00722093812402,0.0417278733095069,-0.0370850147661259,0.0936358181213214,0.0351046088818951
0.349168536613914,1.57956258420934,6.89077100052648,0.979018296347407,-0.00221368650988013,-0.0624143052766921,0.0939657495077707,0.0342116635000827
0.357921870335507,1.57952697715914,6.98489005357057,0.967936868169148,0.000456365664762703,-0.0461142840835873,0.0936626873793216,0.035032855905328
0.35855557783905,1.57955597871614,6.99695764361611,1.00014873740365,-0.0815728779448345,-0.00288033438030988,0.0936404679903758,0.0350922036148116
0.362163800108418,1.57955517321243,7.07196855402703,1.02770279443489,-0.0185023278191276,-0.00787579303519159,0.0935132382300522,0.0354298500664272
0.373339018753529,1.57956288949013,7.11854410860515,1.08845327689007,-0.0465359164084103,0.0242778355711786,0.0931114709865259,0.0364726468840054
0.381774721573902,1.57959509807739,7.15796271653855,1.16569235254704,-0.0533818813551035,0.0399822750990404,0.092800489288509,0.0372568005579295
0.372492203026644,1.57961599836462,7.18497219699234,1.21000102932892,-0.0661328427550598,0.00791489122365086,0.0931423232088466,0.0363937855582345
0.401222187169573,1.57957986471993,7.23181644788342,1.2496322644589,-0.0452141855195589,0.000576859118722073,0.0920584364106389,0.0390543760112533
0.399096211980904,1.57966994042554,7.27669713031332,1.21365959650777,-0.0472605745111786,-0.0748312418997183,0.0921412569410784,0.0388585739485919
0.43382150224915,1.57966415238807,7.34688409424473,1.21817643870192,-0.0205496404324108,-0.0375172942728033,0.0907366043638267,0.0420341364669526
0.440788973599767,1.5797663377666,7.46805452921732,1.18204229732038,0.0307289023058688,-0.0787994571414701,0.0904415326667197,0.0426653157599316
0.427183273075111,1.57978359396318,7.56332965436996,1.18549934325734,0.00426148980330499,-0.0379738384429198,0.091013635349332,0.0414308843798781
0.400148888757657,1.57974017034457,7.6542640903196,1.25978009008243,-0.00116586442844901,0.0353251994631913,0.0921003003780927,0.0389555473618982
0.39718054440256,1.57964835529728,7.71298529788262,1.32458354827578,-0.0334943203736572,0.0261214674565728,0.0922155279366787,0.038681990736771
0.424140503527282,1.57963146925962,7.84410672582516,1.40568758988346,0.0399821494765087,0.0399502821112172,0.0911392784660229,0.0411537594964631
0.426012202596732,1.5797021958925,7.87123137381031,1.40540306118209,-0.0639374434303579,-0.0416088013148357,0.091062091415514,0.0413242726134723
0.420204880988333,1.57970653184125,7.94353591304375,1.41437851140683,-0.018995998644986,-0.0318193016817314,0.0913005378784256,0.0407947519064667
0.410570745286724,1.57968566341322,8.05333279503753,1.45429098284946,0.0181075650880143,-7.99099316495244e-07,0.0916893169057632,0.0399132705419454
0.400349175758732,1.57964901404136,8.05728916994661,1.48557811848141,-0.0881361213320077,-0.00768685744143394,0.0920924962410922,0.0389739930733871
0.410554285367678,1.57961485806147,8.09943675479884,1.47145091036805,-0.0495423890103186,-0.054038969451168,0.0916899738625445,0.039911761337805
0.396266435059552,1.57964571394355,8.16660479330871,1.44981418898871,-0.0250828104635674,-0.0602344008909372,0.0922508489734375,0.038597679511598
0.392197912756548,1.57960030179238,8.19671253845211,1.43159730005089,-0.0622993754094736,-0.0564389253975257,0.0924071205528694,0.0382220364597109
0.403637739115234,1.57958756175654,8.25797321851878,1.4011164072197,-0.0307031499863963,-0.0697575266224169,0.0919638300530704,0.0392766337912249
0.384904802158164,1.57962332844739,8.32401035925844,1.41672709696843,-0.0266462773496228,-0.0219364008347924,0.0926834180892816,0.0375470905835251
0.38813389321186,1.57956010000343,8.38934603008008,1.44281917514398,-0.027226021298115,-0.0117540993319158,0.0925616921197608,0.0378461775074659
0.373521627923773,1.5795658868955,8.42045987688295,1.47093735840815,-0.0619909623914627,-0.00837146602008776,0.0931048091943262,0.0364896492842575
0.39042363195253,1.57951456729656,8.46950133039443,1.48536579882036,-0.0434333381792711,-0.0236295797905199,0.092474791690755,0.0380580202027309
0.376313612373446,1.57956669805864,8.46081295751684,1.48014139655011,-0.1016909407869,-0.0419738561747027,0.093002567909305,0.0367494539044475
0.395694322727534,1.57952155926096,8.55126252644581,1.43770074804277,-0.00182334715426635,-0.0809855438567273,0.0922729160832402,0.0385448953493886
0.387358667813482,1.5795837130061,8.60725316163377,1.43305050453406,-0.0366003684332938,-0.042424653476423,0.0925910036212543,0.0377744099677134
0.405010142958931,1.5795553708326,8.62508851410066,1.42750914048226,-0.0740744875933532,-0.0449441723286417,0.0919098400602392,0.039402808276838
0.410244945721065,1.57961024555226,8.69722256419491,1.4607353150175,-0.0195682656712934,-0.00665722154930726,0.0917023157655421,0.0398833960845463
0.375882197529002,1.57962051667015,8.7145650095326,1.38665076555783,-0.0756759681763008,-0.110793877257111,0.0930184135139913,0.0367093277974431
0.39972308380527,1.57951737504113,8.7932270816672,1.40730888362858,-0.0134548073586283,-0.0182582089968049,0.0921168794932351,0.0389163270675536
0.414729342528646,1.57958860179432,8.90956026920505,1.45329494489606,0.0248106462036786,0.00569183801233741,0.0915225413341697,0.0402942232551417
0.419162101020963,1.57962541780326,8.95150031245097,1.4754696204462,-0.0494029849352156,-0.0185248478217686,0.0913430281811337,0.0406995233719096
0.391488814957718,1.57963490557944,8.9827455497308,1.46883706654402,-0.0611889632006288,-0.0447890550722021,0.0924342004804596,0.038156501170026
0.386804560662914,1.57955051007447,9.08453963412346,1.511516611368,0.00918216391613358,0.0049564459898499,0.092611920476528,0.0377230988341262
0.377327442282759,1.57952833106959,9.14979941019297,1.51195778412239,-0.0277054863542694,-0.0364025510324151,0.0929652624237773,0.036843723786803
0.359402117025125,1.57949522097662,9.25499007785568,1.5280716294539,0.0115799401469823,-0.0190576160253455,0.0936107275157219,0.0351714613568625
0.367031801057727,1.57943023601708,9.28314669894238,1.47412197275061,-0.0651830372711086,-0.0898343077068411,0.0933396583578148,0.0358846510035476
0.366046554006337,1.5794589841821,9.35930159765028,1.53388912114357,-0.0172200695878399,0.023974477414535,0.0933749682957383,0.0357926709784261
0.364004510932213,1.57944814865953,9.4654534564065,1.61960002430837,0.0127039950193424,0.0501089823877781,0.0934478637368812,0.0356019207770211
0.376708633938487,1.57943064301091,9.52263856414012,1.63775384769993,-0.0358029360931131,-0.0186323656646339,0.0929880438267318,0.0367861890561906
0.370883808222245,1.57946884740203,9.6272970595113,1.66005820997721,0.0114577570884549,-0.0139395666426738,0.0932007382827247,0.0362439289199592
0.375771956239838,1.5794440619956,9.69916129701,1.65079259601166,-0.0211582223336702,-0.0459646870701236,0.0930224598323708,0.0366990731045753
0.387148289704372,1.57945784781523,9.80044274351361,1.64380870893383,0.0086824980224578,-0.0447388170894985,0.0925989484811471,0.0377549300116669
0.400650085888272,1.57949046986812,9.83417240697108,1.69666494075989,-0.0583511009451412,0.0138545289526082,0.0920807644026195,0.0390017028734551
0.394461428079876,1.57952651649321,9.90007474476261,1.71727694428462,-0.0264180299460888,-0.0178190997744445,0.0923203677376168,0.0384311032991664
0.398544334235261,1.57950350916704,9.99078166416936,1.68600036279863,-0.00145576868374797,-0.0700842988104395,0.0921626880904924,0.0388077173244526
0.379713804924924,1.57951449851718,10.069983199096,1.72465440470236,-0.0136755403887427,0.00158857440563676,0.0928770753154297,0.0370654674980905
0.384101156423006,1.57945017355,10.1587874258811,1.70652208605368,-0.00390933593056286,-0.0556049124817251,0.0927135627156211,0.0374725938330481
0.385247444777461,1.57946178779515,10.296858664754,1.77974799671698,0.0454006914575518,0.0356470649953478,0.0926705474153685,0.0375788456679546
0.390405948978189,1.57945434098464,10.4146250435567,1.80432317130644,0.0252909141474138,-0.0134812103779565,0.0924754646552918,0.0380563849674122
0.380836728690752,1.57946365158215,10.5014185788745,1.79100132637421,-0.00604185975503113,-0.0504915829145771,0.0928353950728024,0.037169737982352
0.377924844171428,1.57943152813638,10.6676526901148,1.78963027279241,0.0732908759145126,-0.0382703084140954,0.0929432353257706,0.0368992548322921
0.384988428339471,1.57941585236297,10.8189944029159,1.80806613973314,0.0586614349557082,-0.019118974271823,0.0926802778453973,0.0375548412125515
0.387579458767543,1.57943037869744,10.8794446876597,1.82969055230026,-0.0321323763726973,-0.0161704397357214,0.0925826611164631,0.0377948523028487
0.389641017286746,1.57943427063738,10.9811227974253,1.79587811571851,0.00917356163289251,-0.0717980730086878,0.0925045481327328,0.03798563642693
0.392764261381418,1.57943886668788,11.1055529456465,1.83262658275327,0.0320446894848121,-0.00152589793792712,0.092385458736411,0.0382743649726929
0.384260063144212,1.57944047099442,11.2598715903572,1.84792341106696,0.0616110378126793,-0.0221904978544423,0.0927076068980539,0.0374873261681319
0.402843625047239,1.57940740526549,11.322286461484,1.8895784463231,-0.0295801200534689,0.00245144361268324,0.0919949911802465,0.0392035916434498
0.389556322345135,1.57945696467027,11.4722507581457,1.9373172212649,0.0574565316695166,0.00976097331840897,0.0925077649922099,0.0379778016233966
0.393228046692756,1.57940827881037,11.6369797303375,1.95959024189584,0.0723612744788524,-0.0160441872426129,0.0923676977128634,0.0383172078735532
0.37623423905474,1.57941083824184,11.8144761411719,1.93434817004182,0.0844909262919515,-0.0619841437202475,0.0930054845424551,0.0367420718662291
0.350394617866206,1.57935423790105,11.8976217967998,1.90292106862322,-0.0107780769829284,-0.065753948818875,0.0939237326108696,0.0343268474002765
0.362236062906619,1.57927091725375,12.0067837769089,1.89144231392574,0.0156513023833385,-0.0469153621996581,0.0935106777257898,0.0354366075021788
0.370850634819253,1.57930590617228,12.1280393035488,1.90429373873354,0.0280535860739159,-0.0233894123065763,0.093201940565902,0.0362408371143669
0.38544056783834,1.57932728882206,12.2565100692418,1.95095451021536,0.0358074773474351,0.0090640296949922,0.0926632883455696,0.0375967417868335
0.380801724565131,1.57936308803332,12.4602196035144,1.91753778860105,0.110872838162496,-0.0705832099520634,0.0928366961101046,0.0371664883377497
0.373012551095208,1.57934337009418,12.5637783978718,1.87368574416063,0.0104354211935056,-0.0802942914974154,0.0931233731639724,0.0364422470570016
0.355499342132899,1.57931878437702,12.7106354393045,1.85468562546864,0.0531097608912288,-0.0538059715199379,0.0937472805414622,0.0348058528279424
0.338167759573504,1.57925969953749,12.818419138218,1.83881528688849,0.0134472877879361,-0.0490462565922907,0.0943364111255651,0.0331759180121417
0.335233659422543,1.57920024783291,12.8642353656589,1.77392019774887,-0.0486171189429652,-0.0977940722660859,0.0944333463838104,0.0328989831264627
0.326735767402571,1.57919344354571,12.9379175518577,1.75730518362896,-0.0210273191340364,-0.0487103346449254,0.0947095053328666,0.0320953205250191
0.311729176295329,1.57916319270893,13.0220845619492,1.78533383306139,-0.0110134545308258,-0.00264184378625565,0.095180464622331,0.0306704932186816
0.31417090561372,1.57910598351625,13.0509083514051,1.79359580907353,-0.066281502463527,-0.0226408304772736,0.0951052919194188,0.0309028064894134
0.304134224778056,1.57911293958219,13.1020557660784,1.71950408623672,-0.0442632434706827,-0.104038447407854,0.0954106581439712,0.0299467245710488
0.290670099069542,1.57908092866743,13.1986146033046,1.61725517660914,0.000753632819606276,-0.130908337546102,0.0958052044065622,0.0286594279185199
0.300553871316872,1.57903610572304,13.3240343732156,1.48900125244188,0.0299025036678666,-0.157858853645731,0.0955172662432024,0.02960492947847
0.286861060872951,1.57907710706912,13.4183572325941,1.47915195447835,-0.00159081461269195,-0.0381435931751652,0.0959136739911294,0.0282942952116387
0.293927750776812,1.5790246162418,13.4480465661441,1.36368439000706,-0.0660220002313014,-0.144438939754486,0.0957113337813262,0.0289713752831922
0.307212138978179,1.57905796909694,13.5367569998553,1.35072591171881,-0.00660759919073839,-0.0431987263642886,0.0953180329019605,0.0302402480760454
0.316696563034571,1.57910322370936,13.6157234458045,1.31979781722464,-0.0160604928151256,-0.0620710055509042,0.0950269387642917,0.0311429110567326
0.296655018418572,1.5791355096279,13.7192662315147,1.32000950703101,0.00791082047493807,-0.0290206078324897,0.0956319652352351,0.0292322976388581
0.308167779684748,1.57906138800626,13.8549597684355,1.26683212032167,0.0404044463511257,-0.0835087107553938,0.0952890905697675,0.0303313240460525
0.309074777622022,1.57910104868915,13.9444601299419,1.26403697623281,-0.00576117942430199,-0.0332128826556981,0.0952615409306383,0.0304177385668351
0.301578525145165,1.57910111963888,14.0526811026382,1.25192258647609,0.0127340913946457,-0.0418171758092485,0.0954868813016609,0.0297027860525326
0.299790765632285,1.57907184952912,14.1436356566223,1.30727038723931,-0.00458527613553983,0.0258157696664463,0.0955398301196895,0.0295320310967749
0.307438985330206,1.57905825629394,14.2214709684208,1.38812119899374,-0.0174758587610553,0.0505889419085914,0.0953111705595609,0.0302618698458357
0.320945700696102,1.57907636806067,14.3168899500602,1.44272669042875,0.000525230855683123,0.0230590801938444,0.0948937507837214,0.0315464112411694
0.323489382380429,1.57911495863357,14.3907568988559,1.39798919183783,-0.0209462510500329,-0.0765251870100427,0.0948131998456393,0.031787688419117
0.329413782980011,1.57912384525103,14.4338635632092,1.4325053015017,-0.0515165496968335,0.00216727100143155,0.0946232140502053,0.032348838662447
0.332351875496542,1.57913928926906,14.4747878836644,1.50276897361862,-0.0536034414391511,0.0376369617211219,0.0945277618943176,0.032626710395797
0.343697587974291,1.57914233842547,14.5196892861104,1.51538523136768,-0.0492501101278813,-0.021080814527958,0.0941515125739239,0.0336970722770133
0.341742894027318,1.57917598252837,14.5905948715518,1.51889656526041,-0.0233116146855084,-0.030001636734402,0.0942172001268592,0.0335129706271372
0.345314547385965,1.57916681140664,14.7006054112524,1.55547284445022,0.0159136369833848,0.00272701185620861,0.0940969027172467,0.0338492673335924
0.355388041815269,1.57917118559637,14.7795369119623,1.5447775893412,-0.0148196531533584,-0.0454906736192897,0.0937511538632699,0.0347954185102794
0.366634681612963,1.57919981437826,14.8575738339345,1.54466148282411,-0.0153169795178902,-0.0359636876987386,0.0933539014901106,0.0358475811816464
0.365362147950589,1.57923022400406,14.9569045041959,1.5663176751845,0.00593122711569083,-0.0140725638464243,0.0933994431456343,0.0357287562068066
0.355367192884492,1.57922097226204,15.0595236592153,1.6318265867129,0.00886727572924539,0.0307154476370037,0.0937518792901659,0.0347934638914
0.368463384200544,1.57918259893243,15.1550944992294,1.77038462883181,0.00228264914676246,0.10253980445108,0.0932881908673541,0.0360182376678277
0.365305364369011,1.57920806587658,15.1825602547019,1.78049393911714,-0.0659357163293304,-0.0256141423089709,0.0934014718017986,0.0357234525943088
0.345686346936979,1.57919705124935,15.2655929096191,1.78815264374507,-0.0110516561542116,-0.0262255455514731,0.0940843110714017,0.0338842501793934
0.328641209914889,1.57913417407094,15.3331299965638,1.8007106762437,-0.027111090705547,-0.019717693170564,0.0946481776503209,0.0322757256691975
0.336220329413296,1.5790768765991,15.3985974629485,1.81386004369192,-0.0289333735987198,-0.0198427741982599,0.0944008399834381,0.0329921416464787
0.329769885389844,1.5790976817594,15.5234401425045,1.81490593606382,0.0302309910044269,-0.0313366397933246,0.0946116885515118,0.0323825321652236
0.326139222426533,1.5790723215361,15.5854178627437,1.77398433146746,-0.0327509145427463,-0.0729604209343213,0.094728634782003,0.0320388163379657
0.309172000008715,1.57906112369966,15.6402891978372,1.83008593398519,-0.0403872481017837,0.0256746025402919,0.0952585831952865,0.0304269999774327
0.324884492973662,1.57899922882169,15.7321222941922,1.88466240228272,-0.00293566389518851,0.0226565359565623,0.0947687602501354,0.031919932340974
0.327241409217025,1.57904391009508,15.8774391295179,1.95697731977542,0.0506235708356551,0.0401717119865586,0.0946932644900905,0.0321432055061372
0.328224692395179,1.57904106608334,15.952880042641,1.98385881452835,-0.019220699721979,-0.00535480549349465,0.0946616128450281,0.0322363002464305
0.324959049269943,1.57903952999336,15.9776178670531,1.99990281231192,-0.0700285557427507,-0.0158830000764496,0.0947663801548119,0.0319269978600191
0.355522853956474,1.57902702615257,16.0450114913228,2.01694009442521,-0.0263528378966933,-0.0177707748745517,0.0937464621664792,0.0348080569878425
0.350648376452363,1.57911779125757,16.1081764342549,2.02432290871883,-0.0307500759225849,-0.026967865954787,0.0939150188546644,0.034350680248403
0.342098078429762,1.57910027259135,16.1776845155513,2.01230351944671,-0.0246972096032936,-0.0455658222645479,0.0942052908996326,0.0335464329924301
0.340189709156176,1.57907244429021,16.277585988385,2.01908327346483,0.00563233453285839,-0.0265868395149589,0.0942691383009216,0.0333665935330792
0.318179461102552,1.57906227090678,16.3501071209167,2.02669392985852,-0.0224595200054862,-0.0236731356338815,0.0949806525371127,0.0312837920275702
0.32589986226447,1.57898937931039,16.3919535554489,2.05246612576262,-0.0528898663523161,-0.00624394525490768,0.0947363008845433,0.0320161411590042
0.35121868436988,1.57901091647531,16.5197607683174,2.05294003625864,0.0339117997506899,-0.0339303246420046,0.0938954131178265,0.0344042351380277
0.357653216842166,1.57908390512499,16.6451949878593,2.03113432209281,0.031762123843583,-0.0568134059990575,0.0936720956982909,0.0350076918332277
0.339359415892061,1.57909930260651,16.8057585326779,2.06751058558415,0.0662667349569293,0.00308795248106097,0.0942968098616425,0.0332883110102816
0.35097604416043,1.57903612026374,16.8929081122504,2.06292912629375,-0.00675417863195826,-0.0389629106131872,0.0939037582045524,0.0343814513227838
0.365630377860344,1.57906785422619,16.9044761306857,2.05591205329979,-0.081821837829515,-0.0427708804393809,0.0933898562647781,0.0357538074454189
0.361909078086379,1.57911014047921,16.9615506199344,2.08180571400124,-0.0364477707105486,-0.00951236833470137,0.0935222599592799,0.0354060290361524
0.362795631413023,1.57909558302167,16.9685168758225,2.05464173134452,-0.0865245779893882,-0.0626529102385298,0.0934908338774056,0.0354889275818156
0.374423466087497,1.57909961484604,17.0260339701091,2.03751872067912,-0.0355547692922169,-0.0536966105697019,0.0930718635788513,0.0365735999042983
0.388154621739162,1.57913087831465,17.1749662194119,2.03923414715715,0.0563713416984681,-0.0361326696888655,0.0925609076043515,0.0378480961668973
0.371383500108618,1.57916140267642,17.2859484365661,2.06113304688735,0.0177996013036363,-0.0143915963156367,0.0931826158505285,0.0362904960458359
0.38395213244708,1.57911037476874,17.3977300106563,2.04477274993968,0.0190624280891916,-0.0538190738209368,0.0927191460010236,0.0374587768732627
0.419314866898777,1.57914070471801,17.5225067840137,2.03927995898643,0.0334399637405327,-0.0462062679480724,0.0913368096168884,0.0407134769948268
0.420483236426456,1.57922365945472,17.629667958624,2.05000644886705,0.0158719957097813,-0.0300936744463236,0.0912891789004695,0.0408201643269362
0.440809437861973,1.57922100111872,17.6730260782464,2.09880008961984,-0.0470825399111618,0.00612647418255907,0.0904406595335731,0.0426671665702365
0.45060643194351,1.57926141675093,17.7077457662183,2.11160058489024,-0.055298628008106,-0.0307506561278634,0.090018315980056,0.0435511513982672
0.435031051475143,1.57927966524958,17.7835979537837,2.13176048898558,-0.0148335080793833,-0.021983951986269,0.0906856956447536,0.0421438560816059
0.458721374819932,1.57924189308911,17.8463646784093,2.16730738832887,-0.0268952161873424,-0.00873330356574531,0.0896619408128956,0.0442802029090293
0.48034576879673,1.57928634048966,17.934124444999,2.13608308014577,-0.000923753503254243,-0.0774328924929248,0.0886835200929775,0.0462085843098278
0.475341053423093,1.57932499929081,18.0616395375486,2.12088687557299,0.0386014232432901,-0.0609603762629485,0.0889136693063145,0.0457641716901699
0.495738610588293,1.57931078821642,18.1549043901063,2.14543118289536,0.00530309191475453,-0.0230238402618843,0.0879617606429185,0.0475681475842598
0.499222069023524,1.57934040200548,18.2572860228706,2.19200728868491,0.0145861071359561,-0.00129816370497426,0.0877955256283945,0.0478742694945199
0.51900995229214,1.5793384309853,18.3486884720633,2.21791850603336,0.0045713802603613,-0.0236908538590406,0.0868310689323095,0.0496020712074861
0.491939213602397,1.5793627712697,18.4187180141413,2.26334760341934,-0.0181123135249903,-0.00180450602144688,0.0881418556030518,0.0472336034074341
0.481104679184902,1.57931450732271,18.5306255992696,2.32924636351282,0.023259158744934,0.0196228862522467,0.0886484263832755,0.0462758738412251
0.484262307053523,1.57928670821361,18.5977546616264,2.38186017411062,-0.0213728003411204,0.0060582491793264,0.0885018626979679,0.0465555614184818
0.482556324141564,1.57928598375965,18.6739191657496,2.54560765923173,-0.0124166527415639,0.117342974041945,0.088581156864787,0.0464045110791613
0.497410460456589,1.57926987623772,18.7875466253142,2.66508045728806,0.025745348616053,0.0717576581610482,0.0878821109485544,0.0477151398952782
0.49853248124532,1.57928267873816,18.8861184209076,2.7951239729357,0.0107432773311857,0.0822298002526356,0.0878285182621523,0.0478137153950075
0.505303767633055,1.57927234450497,18.9616074918617,2.83936762882458,-0.012013675946795,-0.00416367087880865,0.0875027469009197,0.0484073267676867
0.51506947357508,1.57927696004679,18.9678714533232,2.82642257857548,-0.0807618887426087,-0.0622045812685181,0.0870258502041012,0.0492595310194215
0.499585241473712,1.57929219091365,18.995374152662,2.89869236052436,-0.0602754338843434,0.0243636306960751,0.0877781332231619,0.0479061512528072
0.506665746528401,1.57926292272453,19.0650847402809,2.98373894045197,-0.0177261483867461,0.0365201211996657,0.08743673600567,0.0485264587279432
0.506460485548591,1.57926593061883,19.1016648139437,3.04346831531793,-0.0508666210893511,0.011220864510249,0.0874466947521199,0.0485085103557052
0.496357981200622,1.57926048432707,19.1385262864884,3.15417768459081,-0.0510708089154188,0.0630867498865975,0.0879322814601628,0.0476226193862823
0.505067433605236,1.57923634926483,19.1741585628418,3.2414307310993,-0.0518819084023194,0.0388664009691047,0.0875141847556449,0.048386645539393
0.518991072880364,1.57924367054109,19.1962192507896,3.22173100414799,-0.0647713174269713,-0.0693001588304503,0.086832005374762,0.0496004318791409
0.51073610402117,1.57926470079739,19.2509647834562,3.23396046625904,-0.0324929595329269,-0.0366524924196723,0.0872384921995814,0.0488819545307221
0.490006223341939,1.57924916349838,19.2678233550693,3.30827734172842,-0.0713744213596708,0.0272537375472615,0.0882329929727208,0.0470631379221128
0.485719315703339,1.57921093087132,19.3301441708114,3.39734095442772,-0.0261131211849595,0.0423791527627566,0.0884339369271398,0.0466844599365428
0.485764294336479,1.57919562020931,19.4018518600014,3.4081126768514,-0.0167241478444939,-0.03591671510324,0.0884318370344893,0.0466884375269244
0.482710289504869,1.5791917698728,19.4506260408836,3.48647325682116,-0.0397998302453075,0.0319424310106697,0.088574011127485,0.0464181489590889
0.491399024749967,1.5791797385438,19.425066826545,3.53138741481516,-0.113726572146378,-0.00227182527644665,0.0881673578077591,0.0471859832704435
0.49976026254583,1.57919326656978,19.4642080737775,3.57361295830968,-0.048628500060333,-0.00569597004745148,0.087769747292825,0.0479215135419744
0.482967475518363,1.57920281658204,19.4484033776998,3.605507326989,-0.104366766177314,-0.0145465587411806,0.0885620700995838,0.0464409274205028
0.483205729688465,1.57917348302112,19.359156989155,3.68073838627672,-0.177797391386194,0.0287690329030124,0.088551002841452,0.0464620263847065
0.487847765184516,1.57917367739726,19.3545685416013,3.68736294021809,-0.0929228187254525,-0.0402480272730248,0.0883343711717022,0.0468725812143939
0.480910639224554,1.57918159283017,19.3705280356625,3.77042242092298,-0.0726979100218723,0.0368008090718712,0.088657404083071,0.0462586716330146
0.478783155215698,1.57916395049992,19.3556325203226,3.85901547849234,-0.103651133292871,0.0425231076912,0.0887556179530279,0.0460699498781597
0.483978330590146,1.57915571955221,19.395326718074,3.97748821602792,-0.048820882061603,0.0719423104399208,0.0885150798129608,0.0465304270956669
0.473731554938727,1.57915640529376,19.4619673801872,4.07196956710063,-0.022346549361512,0.0488603450124359,0.0889872114747317,0.045621006060272
0.475773498592151,1.57912945045868,19.5272587428672,4.09308050947069,-0.0236025078181124,-0.0246916753265136,0.0888938704981477,0.0458026176965744
0.467293507840814,1.57912907802934,19.5294428984024,4.12665363070656,-0.087094919911602,-0.0114740394667319,0.089279075446792,0.0450471607026017
0.462312397513886,1.57911120892753,19.5634872588944,4.18813000254163,-0.0554579913344617,0.0168744770599378,0.089502351826463,0.0446018947751331
0.479775466562248,1.5790965645961,19.6117457657502,4.17208635536085,-0.0404513516727492,-0.062201647569136,0.0887098585285138,0.0461580003883516
0.474251108697602,1.57912802821699,19.6809661088415,4.10894231178358,-0.0197431538089283,-0.108811277118297,0.0889634969001853,0.0456672335410272
0.466757408705254,1.57911850431845,19.7031640062896,4.18493838065877,-0.0671053149118688,0.0309967770787907,0.0893032123600425,0.0449992917963955
0.459928268561214,1.57909915200607,19.6930864359414,4.20453303450477,-0.099686004373901,-0.0247937292228526,0.0896084340256683,0.0443883830688554
0.450670840698524,1.57908528461782,19.750207217126,4.18620937860628,-0.0328947295332775,-0.0618806051740757,0.090015510717897,0.0435569492755883
0.449280806500351,1.57906539656102,19.804236972856,4.22819788145904,-0.0360462136537549,-0.00144327974460445,0.0900759693837114,0.043431782597364
0.468353319822525,1.57905779039869,19.8055331517158,4.21308439050383,-0.0879351049360975,-0.0602552453754566,0.0892312837958863,0.0451417544202483
0.451890884616724,1.57909603200482,19.8175466608524,4.22865232940665,-0.0779487932090244,-0.0280988008045071,0.0899623023456636,0.0436667397073265
0.459707087715138,1.57906248898661,19.8889234754119,4.26770466968374,-0.0182414351342972,-0.00531622203691207,0.0896182496938458,0.0443685623140024
0.457373598782617,1.57907264900793,19.9202328000275,4.3451482683587,-0.0584122145402493,0.0332842801621203,0.0897215391557793,0.0441593185128344
0.452945798541737,1.57906223928223,20.000745551488,4.37605551328274,-0.00940343618489781,-0.0128543729540356,0.0899161876454582,0.0437616178780762
0.470072703323652,1.57904816123053,20.0854272656318,4.43812522672564,-0.00447182180636396,0.016774603026918,0.0891535359500861,0.0452951104159899
0.463848455934487,1.57907403937255,20.1653046209466,4.52263299391086,-0.00955637983324475,0.0397684442414841,0.0894337351480795,0.0447393229437279
0.469258226421111,1.5790539698177,20.2484210544964,4.59079681385423,-0.00607396464643362,0.0229413380389314,0.0891903981962331,0.0452224819044396
0.476169016631825,1.57905667989142,20.3582013600772,4.53773127788197,0.0209045577967784,-0.0989033092147533,0.0888757477840219,0.0458377732425009
0.462271459643514,1.5790675208731,20.3876718457999,4.56623215692194,-0.0600336919353666,-0.0160973516621183,0.0895041776580502,0.0445982307020827
0.48863636152452,1.57903878974485,20.3973352818759,4.57355347834517,-0.0786339440866515,-0.0396209053710841,0.0882973801626682,0.0469422267943186
0.477428766834831,1.57908557458028,20.4523260847965,4.63140512710609,-0.0338271302129334,0.011901950678312,0.0888179331335584,0.0459496980826071
0.491630476338869,1.57906034741378,20.4601012038516,4.65104513853487,-0.0803813151204009,-0.0275663770526702,0.0881564341754993,0.0472063884814425
0.490815274903658,1.57908348544916,20.4801847674254,4.69195525030614,-0.0681113240207756,-0.00622439578088407,0.0881948875945516,0.0471345075521577
0.504098919682204,1.57907894422869,20.4566796771936,4.70690102679318,-0.111066097075008,-0.0333560876654033,0.0875610068432217,0.0483018641524453
0.518540816828583,1.57910077793122,20.5015337311958,4.70797361000507,-0.0420002754646784,-0.0484887470048996,0.0868543294668837,0.0495613302167933
0.53288098326213,1.57912046872346,20.5123804448739,4.71570202402286,-0.0752879921979765,-0.0430732832338707,0.0861347058760333,0.0508016972516592
0.56171390464015,1.5791394673564,20.5672936640214,4.70640978423062,-0.0297211273102045,-0.0625559929427171,0.0846343464577173,0.0532637531504782
0.58271617251432,1.57917213568408,20.6024911183244,4.69383357133738,-0.0482996495622094,-0.0676056018242051,0.0834971038652523,0.0550293889309637
0.568084507645246,1.57919196430827,20.7036309950781,4.76636820757212,0.0168465676456631,0.0187327957493277,0.0842933091080321,0.0538018404854124
0.579676286308716,1.5791690972483,20.7773609924444,4.85893195670778,-0.00993400352742224,0.0377884357685874,0.0836640008936888,0.0547753133670711
0.580877091978879,1.57917207214641,20.838253188718,4.92243090491535,-0.0227059698100591,0.00862321014917988,0.0835981660836324,0.0548757380583934
0.582052984123091,1.57916694080136,20.8249405142064,5.04028231996619,-0.096846254864241,0.0628774125272793,0.0835335803526934,0.0549740025235576
0.572580036615495,1.57916268513201,20.8477900049591,5.12476368678875,-0.0612010996642116,0.0303011282612289,0.0840505904169464,0.0541802385613308
0.565443368906243,1.57914816644348,20.827879064352,5.16318735476027,-0.104346053676444,-0.0151553547982779,0.0844351130693483,0.0535790227697965
0.575452323736433,1.57913979518739,20.9048288528195,5.16296638206117,-0.0069448342521774,-0.0546424048626095,0.0838946227196506,0.0544214321635097
0.591155436996064,1.57914626450737,20.9906642481824,5.24324038703088,0.00280566691615736,0.0245419298776373,0.0830297284466919,0.0557320750920742
0.576635361787797,1.57915225358212,21.0776030263397,5.26788807666071,0.0031085967563218,-0.0298729549579662,0.0838301814010389,0.0545206445877972
0.566828889213921,1.57913363249546,21.1493199758248,5.29491715118447,-0.0126438477402528,-0.0266668833455252,0.0843607972253692,0.053695957869286
0.567384468978006,1.57911895862068,21.2908185935737,5.27961563320837,0.0571676659293203,-0.0690443367076687,0.0843309518195228,0.05374281873156
0.546262541003153,1.57911349031068,21.3083460319273,5.31078317260299,-0.0679197701781398,-0.0207821916357265,0.0854472085317835,0.0519497310303519
0.532153989865128,1.57908747210911,21.2893239824307,5.36660887742514,-0.105193665105955,0.00508664035223561,0.0861716156093079,0.0507390644699099
0.564417353447042,1.57906759895607,21.3875653123644,5.36154733522544,0.0137512884111102,-0.0585539050518591,0.08449004152261,0.0534923628521646
0.592271642096636,1.57910156588633,21.4655885048692,5.4091746765969,-0.00494427580436518,-0.00819737718908709,0.0829674683091885,0.0558247185605428
0.566427128060777,1.57912142038474,21.5610372744729,5.37866990957888,0.011066406237342,-0.0841668276634584,0.0843823633663182,0.0536620606454378
0.564118048019006,1.57909445064317,21.6170222400767,5.29054630750074,-0.0285210826886821,-0.141590674206618,0.0845060482924642,0.0534670721284765
0.561951688141912,1.57909385011904,21.6542968049756,5.31237377033647,-0.0473471139245527,-0.0314564134600319,0.0846216788234405,0.0532838762957659
0.566581233892317,1.5790886821714,21.6741216883208,5.32473615396766,-0.064549209382692,-0.0413126801912735,0.0843740927278912,0.0536750638224606
0.575224884401505,1.57909190328968,21.7595763742315,5.2992012293019,0.00154768778673464,-0.0799372744846609,0.0839069981240031,0.0544023498189053
0.596410425132346,1.57909751804185,21.8216047604227,5.3173259545137,-0.0207073257838628,-0.0380428985939938,0.0827357119750078,0.0561676238057883
0.60620533985422,1.579111606597,21.9344821758537,5.28340111378271,0.0306958205593366,-0.0909001464725847,0.0821815948716683,0.0569753057416017
0.618783045659522,1.57911466001426,22.0127920627359,5.28142163225321,-0.00314860782583182,-0.0599839092906329,0.0814584947080673,0.0580044277611268
0.616806815701488,1.57911859474803,22.0203047957936,5.30831313747101,-0.0740602325961675,-0.0309518286628627,0.0815729656538865,0.057843333880663
0.633477496173942,1.57911579811708,22.0922036919458,5.36513728766377,-0.00869849165529946,-0.00237096006656845,0.0805973878074574,0.0591951102593308
0.653676584615063,1.57911799614307,22.1167694372606,5.4188289063687,-0.0548195950949752,-0.007119299130812,0.079385340409765,0.060810917835745
0.64887401823184,1.57912150867508,22.2103648405398,5.45666818310754,0.013918931017936,-0.022589687905576,0.0796764722612888,0.060428964644416
0.637508969553653,1.57911348676465,22.2872018128426,5.5294410007019,-0.00352111767505026,0.0132532630335991,0.080358089977851,0.0595195545607627
0.660095615595771,1.57910205526881,22.2603427806458,5.56718546103098,-0.105852392632112,-0.0235747781457718,0.0789933604353186,0.0613192384748526
0.65583597727529,1.57910886735371,22.3458475648297,5.55428082486215,0.00625094340762811,-0.0738868362128793,0.0792538407762588,0.0609822000440409
0.639448553047919,1.57910397111344,22.3591163041191,5.54566085556978,-0.0669737564622936,-0.0682952730245825,0.0802424957517391,0.0596753037322151
0.632370207038948,1.57909839052719,22.4739027274558,5.50175743314442,0.0341235388500083,-0.103009251801862,0.0806628844867086,0.0591058293764998
0.651411042407618,1.57909160820773,22.5715072821541,5.54380560828669,0.0180816484350359,-0.0185827359464978,0.079522906263194,0.0606309110887776
0.621402611500365,1.57909153777754,22.6137647467318,5.58311983944655,-0.0390488043975195,-0.0189033832306968,0.0813062689752311,0.0582176143905551
0.602315072590369,1.57907539145046,22.730987180502,5.64989194046,0.0348198121656074,0.0101169339703517,0.0824026216046483,0.0566551670430964
0.585345463197373,1.57905478256175,22.7613867356059,5.68413516490374,-0.0529525720538162,-0.0210055121778971,0.0833521271577015,0.055248736621631
0.565654232786103,1.57903882190781,22.8369858938163,5.63142358810401,-0.00882465510133823,-0.106308402693767,0.0844238133116681,0.0535968258940453
0.588699588614171,1.57901996911606,22.8509871866054,5.62686736805439,-0.0691650546624523,-0.0600842188570985,0.0831663474515843,0.0555279988074697
0.600806709195695,1.57903994477016,22.8791690684344,5.68627492327595,-0.054306102583749,0.00287674567917229,0.0824879844127688,0.0565308095423975
0.578492767640547,1.5790446988867,22.9340230343103,5.7265417767194,-0.0288748040138174,-0.0144094036774929,0.0837287698897155,0.0546762571209393
0.56728217491565,1.57902258594122,23.060021958982,5.76268770417505,0.0416624757221458,-0.0175882644391008,0.084336448949541,0.0537341918947467
0.570362362984657,1.5790044812417,23.1206780056898,5.80566461211612,-0.0235144910135254,-0.0110168007638043,0.0841705377213036,0.0539937087048724
0.584872590497769,1.5790024193149,23.1695386583143,5.82484633873074,-0.0345175908323085,-0.0360275888860393,0.0833782434568383,0.0552093155006672
0.595617220397291,1.57901187302612,23.2319314476302,5.82499807548048,-0.0203874490520652,-0.055950243034844,0.0827802383679276,0.056101979784577
0.591107112182303,1.57901712180725,23.2357365176372,5.84271687818462,-0.0792273515848079,-0.0380092599266932,0.0830324215918911,0.0557280626308367
0.604891736576577,1.57901273560878,23.257384390397,5.91663758243272,-0.0606084941344056,0.0170534016448034,0.0822563668941488,0.056867302603299
0.629560581230414,1.57901793489712,23.2508005570192,5.91996516452694,-0.0874124645335534,-0.0555513817679403,0.0808286311557912,0.058878963862156
0.597716987595974,1.57903170881346,23.3186075642206,6.02529344697821,-0.0148552476662749,0.0490526072425981,0.0826622548676684,0.0562756752086781
0.605713850859783,1.57900491213891,23.3479072975311,6.06551950323153,-0.0529098543698234,-0.0167088512589704,0.0822095876803158,0.0569349075122851
0.614950871749151,1.57900703498275,23.418134881083,6.11613836503405,-0.0114525955359719,-0.00707297769130921,0.0816801790878148,0.0576918394938357
0.611572557463889,1.57900685912761,23.4198552830106,6.13039542578887,-0.0801542118471463,-0.0431585087296895,0.081874613774784,0.0574155694845043
0.62231645869536,1.57900413077119,23.4824450290862,6.12537903292981,-0.0186632869533216,-0.0633082844358617,0.081253033028917,0.0582918915768027
0.607832330814895,1.5790072299257,23.5487672195886,6.09088795091042,-0.0157665973313037,-0.0916000210043499,0.082088787833733,0.0571089389849643
0.623629197011893,1.5789973482978,23.5956540337563,6.10621994681893,-0.0342896268726962,-0.0430665093807825,0.0811764410403491,0.0583985052892857
0.641357224991263,1.57900313623493,23.5976835755554,6.14334222048815,-0.078098907281019,-0.0227060778709234,0.0801284490801435,0.0598283515401424
0.67117419337767,1.57900880639234,23.5776210373695,6.14840405070722,-0.0983717349934397,-0.0571287614757692,0.0783091968075602,0.0621905916948441
0.6895478988091,1.5790163680291,23.5581358807461,6.19904978010429,-0.0966385281619822,-0.0129731141968676,0.0771533715385837,0.0636188435939327
0.688975865413042,1.57901578064087,23.6003298808775,6.2469300222222,-0.0349957508851979,-0.0156944567645398,0.0771897510166054,0.0635746988824522
0.695154020324469,1.57901155545898,23.6436301903534,6.26303894566772,-0.0334951965550347,-0.0479414493360135,0.0767955060309292,0.0640503727815344
0.7027150039949,1.57900820613246,23.6863580023754,6.37175603849086,-0.0335812196700767,0.0440879068293221,0.0763090316920347,0.0646291859938221
0.698601000172761,1.57900050547195,23.7441292358425,6.38959431687108,-0.0188030364277569,-0.0464764259265191,0.0765742698949007,0.0643147043067362
0.684150825235504,1.57899724998286,23.8809055542249,6.43365790737877,0.0592807166056568,-0.0191379261297087,0.0774956017767017,0.0632015166373947
0.657613021982586,1.57898906308563,23.9125128839358,6.48170788899733,-0.047538017889222,-0.0130729596821855,0.0791453476001278,0.0611229413007501
0.635661273482066,1.57898246763223,24.0383340835992,6.52625108713902,0.0453532728714681,-0.0148277775771106,0.0804679267919726,0.059370975718795
0.641140889239392,1.57896743758479,24.0700598101392,6.56979298019164,-0.0484156636764794,-0.0162691224393612,0.0801413902164041,0.0598110154919815
0.65303170785941,1.57896595614072,24.1899506464113,6.63377540542485,0.0404662968245155,0.00322271379928463,0.0794245394476165,0.0607597114339264
0.649317563019227,1.57896069926756,24.3203685642697,6.76030410235486,0.050768256386025,0.0660643981469651,0.0796496614724376,0.0604642987830513
0.651763631335664,1.57894761923376,24.4677030475533,6.83146121120508,0.0678329597510059,0.0104981626345308,0.0795015235325876,0.0606589462156855
0.65786897217979,1.57893779731693,24.5785314097152,6.84369456085624,0.0316986615828219,-0.0489098469145963,0.0791297005789932,0.0611431965657577
0.642454773878654,1.57893312505359,24.6501308370694,6.77793827859055,-0.00846330893651448,-0.125672542643299,0.0800627362907562,0.0599162603776039
0.651055642209032,1.57892831305369,24.693161588775,6.75727583821678,-0.0365136977727767,-0.0812650851773338,0.0795444494783405,0.0606026448035705
0.654885716204839,1.57892954579954,24.7850132661194,6.80127272582873,0.0125399233491192,-0.0169099730705184,0.0793117539952778,0.0609068606824595
0.657188074239501,1.57892394317794,24.8635116828037,6.86515134845638,-0.000672897824934182,0.00278931948154071,0.0791713145092461,0.0610893031461158
0.663931935879793,1.57891774280515,25.0189326938233,6.92306096710158,0.0766634715315666,-0.00371221168936842,0.0787575394880904,0.0616218303345647
0.66258556738094,1.57890861068248,25.1609489450614,6.93776290125718,0.0631758174660417,-0.046813803689596,0.0788404337720236,0.0615157378451983
0.658182078463068,1.57890064390918,25.2226697090745,6.97099913211632,-0.0173897883683676,-0.0279317387155587,0.07911055238152,0.0611679695746948
0.660581030420801,1.57889541383351,25.2928385454579,7.10312243314638,-0.0087947494792191,0.0707657252327385,0.0789635858625664,0.0613575757973301
0.668251325079742,1.57888672472322,25.3732556170835,7.15661768126889,0.00192643467171028,-0.00846619077758692,0.0784906369539076,0.0619614389000924
0.649727462887592,1.57888147840768,25.4384037799287,7.1874005719324,-0.014476707628555,-0.0297140514248344,0.0796248704737352,0.0604969420883477
0.654204138486848,1.5788736368137,25.550026872581,7.24282661848842,0.0322698443232277,-0.00542674285924161,0.0793532483291127,0.0608527894152616
0.662255808704029,1.57886679891306,25.6606204407761,7.27961448928872,0.0317328533616328,-0.0247018653836113,0.0788607148333917,0.0614897361839069
0.675488386523398,1.57886120422328,25.7194999133523,7.32663250510298,-0.0191606940846345,-0.0155098370797875,0.0780401666608928,0.062527852894051
0.671588379568912,1.57885753192207,25.7259544562902,7.38970053209887,-0.0718288886691356,0.000845006048409758,0.0782834316070124,0.0622230209474775
0.67205259781203,1.57885438751077,25.7114807091773,7.42805668782232,-0.0927282852245028,-0.0239031991153205,0.0782545381116002,0.062259354838772
0.680493260251592,1.57885356105432,25.6893696769466,7.4355800063817,-0.099837278787156,-0.055394330762959,0.0777262465564353,0.0629176493223343
0.67532579484434,1.57885469217419,25.7318213260079,7.4403489076929,-0.0355986830765911,-0.0577462620746791,0.0780503321379009,0.0625151633858807
0.687648653082133,1.57885222794447,25.7036450000567,7.48661172743941,-0.105450386082701,-0.0172093759834722,0.0772740601315479,0.0634721957299881
0.690930220021068,1.57885173295298,25.7205327087547,7.51552966256364,-0.0601776474788531,-0.0348074983959767,0.0770653561768298,0.0637254335202073
0.681879911681119,1.57884950018142,25.7575417187413,7.55359856114542,-0.0406299170233675,-0.024956469427825,0.0776389270099326,0.0630253680096067
0.666395457269209,1.57884643661177,25.797211175508,7.66304126792521,-0.0389360371906244,0.0476270427477967,0.0786054939573802,0.0618156640319933
0.682452585138434,1.5788389878023,25.8262872215051,7.79322270054002,-0.0485267753284244,0.0671116131896188,0.0776028213254763,0.063069819425191
0.691618556420244,1.57883320979454,25.8812738916577,7.90412994392455,-0.0220348032351518,0.0471287780755132,0.0770214733877967,0.0637784653090126
0.677268539790521,1.57882565279949,25.9046482077558,7.93578328739613,-0.0545544178075055,-0.0310133337330916,0.0779287339055752,0.062666677204668
0.660350867339099,1.57882334166903,25.9243216335361,7.86659547530318,-0.0593042802392798,-0.130527211762964,0.0789777060196232,0.0613393996700161
0.683130175029829,1.57882330997531,25.9678848412606,7.9020153950245,-0.0339968603174068,-0.0277024681085596,0.0775600680418361,0.0631223878298797
0.681427665588554,1.57882169632866,26.0147683302564,7.98719420867577,-0.0307839330499151,0.0221885639870187,0.0776674220457658,0.0629902496642527
0.666854894319268,1.57881588712211,26.0674312950784,8.00907038693281,-0.025914120433935,-0.0399755935258508,0.0785770852559309,0.0618517717828856
0.669743768771173,1.57881135635939,26.1078875201409,8.06362862922419,-0.0379418505525857,-0.00752027041510761,0.0783980756150963,0.0620785127064884
0.663406121895516,1.57880745294789,26.1572953778981,8.13066289335749,-0.0293820724620781,0.00545385413107091,0.0787899302192684,0.0615804100022306
0.655678315980302,1.57880142140859,26.1820148598596,8.20090131754673,-0.0545439723623744,0.00926872016623737,0.0792634543238395,0.0609697040230032
0.649323673025118,1.57879582302613,26.2145095133616,8.24624211147515,-0.0471546385317527,-0.0151239915134056,0.079649292033729,0.0604647854418235
0.627493671651095,1.57879077233157,26.2365116190566,8.28232645026499,-0.0589480502139441,-0.0226274339504338,0.0809501559090166,0.0587117727402768
0.625095823893151,1.57878028974164,26.3422848322049,8.25005808551147,0.0246825081998709,-0.0907858627432683,0.0810907049483519,0.058517497989741
0.607974465695865,1.57877559741156,26.4321438030636,8.259255744012,0.00777830102644472,-0.0479229475876135,0.0820806698323232,0.057120606088146
0.61272472160816,1.57876194134485,26.5170903900502,8.30990862931656,0.00313817970120045,-0.00685697904432203,0.0818084072853962,0.0575098643488813
0.604623964764694,1.57875851852118,26.6082349389684,8.30928834967913,0.0088729575125468,-0.0574655542658506,0.0822715914056594,0.0568452746284178
0.59529134760897,1.57874957219608,26.6737761075327,8.3687562297135,-0.0172573475166207,0.00339287905523555,0.0827985160808429,0.0560750009791387
0.618940838676189,1.57873784654148,26.7402488539836,8.36276889574421,-0.0149765945493838,-0.0640046145898578,0.0814493410003661,0.058017280620571
0.636605642026948,1.57874911046797,26.7655361112503,8.2882347832151,-0.0551245655697397,-0.133981053141087,0.0804118228364274,0.0594469406119694
0.663433892000234,1.57875863488457,26.7747827213924,8.28246720336278,-0.0695416099524051,-0.0673501778354169,0.0787882200944537,0.0615825979830985
0.698119210178718,1.57876506032852,26.7285454631452,8.26068778302455,-0.122842505434611,-0.0860572244649385,0.076605247187436,0.064277804126711
0.686148290177806,1.57876828734921,26.7788788479884,8.27298372990671,-0.0270358196051621,-0.0510602383172749,0.0773692044483772,0.0633561851994358
0.685790045493087,1.57876635706769,26.8047876674823,8.25946164552293,-0.051483077005849,-0.0768505484120077,0.0773918964997306,0.0633284640282313
0.69072467866885,1.57876562483451,26.8713809925243,8.29607872259878,-0.0104851277186242,-0.0270925149808452,0.0770784527606144,0.063709592056689
0.692490644831559,1.57876057163339,26.9539177228497,8.35934584822386,0.00557090667991211,-0.000578484956802683,0.076965823645475,0.0638456105818845
0.675901306724523,1.57875382579995,27.0155218658871,8.33394838245319,-0.0164101979575317,-0.087957537694523,0.0780143409949888,0.0625600719238526
0.681087764204553,1.57875230016735,27.0447901393388,8.33356106087582,-0.0484205545801064,-0.0633511683391585,0.0776888280318199,0.0629638467617912
0.6717885041537,1.57875094056808,27.0309792895369,8.353371570113,-0.0920818274851989,-0.0424281769034263,0.0782709776832443,0.0622386861406077
0.694775511451961,1.57875055884292,27.0890812806696,8.34760241004865,-0.0187177530308578,-0.0697904604779644,0.0768197441635292,0.0640213004136117
0.69670968547816,1.57874731965571,27.1630279580491,8.41659655795542,-0.00274909483240826,0.00482438458467627,0.0766957722119464,0.0641697633220914
0.703655432520631,1.57874070945451,27.2409667654438,8.39583663575769,0.00169058856788507,-0.0854608427919388,0.0762482188268171,0.0647009205942065
0.693746304763776,1.5787364888567,27.3124208483052,8.42047256546944,-0.00543151175480183,-0.0393062734135405,0.0768855946161849,0.0639422031252887
0.701497490901566,1.5787335068494,27.3957497810109,8.38148675365899,0.00694127071088158,-0.103522042680847,0.0763876619948668,0.0645362308704033
0.687838871704801,1.57872971002717,27.4507062636699,8.37485620313999,-0.022305502481017,-0.0701174440658789,0.0772619851399628,0.0634868935468745
0.696014406804274,1.57872900673765,27.4801343345368,8.3196921497047,-0.0473122986715264,-0.119280476316655,0.0767403695384538,0.0641164228813614
0.68359060065642,1.57872878073018,27.5462575479749,8.35815938753723,-0.0114077832187256,-0.0246908539483019,0.0775309966568471,0.0631580917808318
0.697909379804691,1.57872521161518,27.5723516756327,8.37644885274425,-0.0505246052788371,-0.0459722633970951,0.0766187329366006,0.0642617286041224
0.704836785375471,1.57872171896837,27.6570926571864,8.43489567047762,0.00856925053215374,-0.00634413374275233,0.0761717310215472,0.0647909514761211
0.714835906850692,1.57871395672477,27.7265301194062,8.50212304555798,-0.00608261911732999,0.00167802485606394,0.0755200813371685,0.0655493502242964
0.719285442966746,1.57870539019186,27.8274458124756,8.54705359974081,0.0256880225570599,-0.0209541753779359,0.0752276705122882,0.065884729560761
0.712408418968598,1.57869724901204,27.8596405326761,8.56223716741257,-0.0434842587253099,-0.0501822655191315,0.0756789789258577,0.0653658331908925
0.731148746992733,1.57869716022939,27.8873625760106,8.5619208214159,-0.0467187413007331,-0.0670888671628767,0.0744407846352261,0.0667725211662094
0.75347381837907,1.57868917953622,27.9497963568554,8.65367044046882,-0.0104978761144352,0.0233319794181934,0.0729316569591887,0.0684176396347259
0.767015242954717,1.57867123940981,28.031060086016,8.63479460986309,0.00926520283719157,-0.0882747658083627,0.0719985263234005,0.0693989352026284
0.76106177836631,1.57865882710389,28.0393098099479,8.60101316768946,-0.0641606881092383,-0.102750509356175,0.0724104120411498,0.0689690671825486
0.747766435001988,1.57866366628683,28.113252224632,8.58404779736533,0.000621461988654204,-0.0849656489693249,0.0733209526955034,0.068000278645192
0.751269991130335,1.57866863166546,28.1576467344073,8.60886923568926,-0.02868775061118,-0.043435306520804,0.0730822603865037,0.0682567448447351
0.739906981281664,1.57866345194861,28.1467641411727,8.57342526055472,-0.0847357209278901,-0.102865896865762,0.0738531276932034,0.0674219217312248
0.728990212730467,1.57867149668598,28.1858725629495,8.62787359292776,-0.0354763201014041,-0.0121633503782572,0.0745847418782213,0.0666116827512945
0.731320476199445,1.57867257804277,28.2206706730669,8.73019927468326,-0.0396312066281101,0.0355403779170604,0.0744293167455289,0.0667853038384474
0.727298230021265,1.57866612318544,28.2640890657948,8.78994130737027,-0.0312789481512343,-0.00674335868274589,0.0746973408791128,0.066485391369756
0.726813294025927,1.57866343697967,28.2916512530121,8.85423439442007,-0.0471673860369464,-0.00215607307457866,0.0747295732542663,0.0664491601243782
0.739345422503514,1.57865990567694,28.3756365430626,8.93987290787556,0.010094312632063,0.0182580752249244,0.0738909774184739,0.0673804382305619
0.734708971245208,1.57864706444251,28.4299083895137,9.00647959946436,-0.0199307417618613,-0.000430431727389546,0.0742025882128766,0.0670371233161915
0.746052333780835,1.57864412564553,28.5135567848929,9.11145152240683,0.0102109910938903,0.0370974236675305,0.0734374042853944,0.0678744992749378
0.750777769534363,1.57863055674259,28.5718076221794,9.21432360550334,-0.0148650116893077,0.0346513191858602,0.0731158489757687,0.0682207639106495
0.744150219123262,1.57862137059002,28.6102095093282,9.28250550764834,-0.0351644892890253,0.00044721193523678,0.0735663764377901,0.0677346902097689
0.766588429579786,1.57862064719736,28.6286619767011,9.23225071469247,-0.0535756727853087,-0.119622991904233,0.0720281401582783,0.0693681989483612
0.753813483509474,1.57860782584484,28.631836512464,9.24877143416186,-0.0697338779030758,-0.0519216885588794,0.072908413665997,0.0684424080282676
0.77053489828457,1.57861535341062,28.6345670629792,9.23467317326072,-0.0690232700229565,-0.0837501757218302,0.0717538205380804,0.0696519148206921
0.772201166378645,1.57860463017301,28.6796008148206,9.34536890800383,-0.0266039103765525,0.040924355568432,0.0716376622180271,0.069771379174672
0.754862700228768,1.57859734986041,28.7333066584938,9.37562254354436,-0.0191307189563705,-0.0382652315276868,0.072836562629542,0.0685188670682229
0.721518159183025,1.57860517864393,28.7837494267182,9.35278644774301,-0.0246376130003245,-0.08888862304409,0.0750803812247032,0.0660525272427425
0.712658147670043,1.57861922800511,28.895574534036,9.39234957238674,0.0361624544762531,-0.0258216057218537,0.0756626528415477,0.0653847303655787
0.718227872741508,1.57861502923175,28.8953225446442,9.42758212733623,-0.075549295549985,-0.0305725792371092,0.075297306158211,0.0658051341866017
0.720050939983116,1.57861209794259,28.8900053642108,9.40555848704329,-0.0804943943455374,-0.0879659371016537,0.0751772139121429,0.0659422968087093
0.679969018361664,1.57861256577132,28.9296711308267,9.39774855999479,-0.0380934533257129,-0.0706868203724884,0.0777592199415802,0.0628768933239943
0.711747842780151,1.57861805685599,28.9402514907421,9.37652804250775,-0.0651417816085935,-0.086536344688577,0.0757221415239882,0.0653158272015375
0.740296887401569,1.57861366909732,29.0642408670714,9.41641694384293,0.0501625424691383,-0.0275618110568114,0.073826833860144,0.067450712391988
0.748592418374043,1.57859512042697,29.0283032566436,9.45168069171236,-0.109202371018659,-0.0327970694600843,0.0732647605908793,0.0680608173295116
0.749660061611291,1.57859130680121,29.0130222722962,9.57173862129987,-0.0884730385249028,0.0519189304366581,0.0731920541774832,0.0681389991508561
0.763819815844366,1.57858730338833,29.0358225037762,9.67655754675735,-0.0494196861256206,0.0356504102136874,0.0722199176056659,0.069168515243793
0.742193848976609,1.57857386097362,29.090646290467,9.7409449067864,-0.0188749630049596,-0.00320327758656624,0.0736987496957322,0.0675906376156181
0.727353125174436,1.57858146594593,29.146116584436,9.75936336871878,-0.0192233970717872,-0.0480710298591696,0.0746936910408224,0.0664894917915468
0.712172323504608,1.57858459488224,29.1442360451294,9.77007460205803,-0.077574948699846,-0.0546367305663846,0.075694409393217,0.0653479639056341
0.725173488793336,1.57858920172094,29.1882218799363,9.84063917233868,-0.0308526016065382,0.00423804138618955,0.0748384364134673,0.0663265288944583
0.71562301417743,1.57858042859109,29.2043730465327,9.8736131980789,-0.0593172969784792,-0.0326347465821222,0.0754684635748947,0.0656087723223411
0.705041460012483,1.57858155572994,29.2761400008208,9.86774371272765,-0.00439151407360505,-0.0706760258915526,0.0761584683616828,0.0648065405403078
0.697148485253046,1.57858091742215,29.3245481191464,9.89298708654771,-0.0282594888258547,-0.0389600374107406,0.0766676071514469,0.0642034112308015
0.671180124267293,1.57857906033473,29.3432602982503,9.94767248908171,-0.0595966488567399,-0.00750565360296029,0.078308827960648,0.062191056136953
0.688228078201346,1.578577283755,29.3654999759126,9.96515787619114,-0.054997592114999,-0.0460315724946803,0.0772372697772844,0.0635169596041166
0.689177996051279,1.57857540871314,29.4084637489305,10.0220341530356,-0.0342131260275007,-0.00671402315277625,0.0771768990453692,0.063590299997255
0.686409661048965,1.57857116202739,29.4274152450912,10.0908813532962,-0.0584011461837708,0.00547079516910998,0.0773526423445187,0.0633764050914927
0.710318790469087,1.57856787566224,29.5037647184473,10.2265462527192,0.00053406944954304,0.0704573497795966,0.0758154039065239,0.0652075496433553
0.68008460465545,1.57855565251544,29.5819491178046,10.3302374748915,0.000432447642172207,0.0408053413683316,0.0777519517150933,0.0628858808039913
0.679605874047784,1.57855178160132,29.6537857581862,10.4224153475673,-0.00594540781853325,0.0293292213157024,0.0777820482001618,0.0628486513601343
0.668616248339033,1.57854494273077,29.7503871282077,10.4276207392065,0.0181333494636338,-0.056784686193696,0.0784680205579164,0.0619900778328468
0.68982445935908,1.57853978819595,29.8452970112117,10.4237538770813,0.0177741088781307,-0.0675070408647578,0.0771357741258683,0.0636401787395591
0.699750723771993,1.57853549619105,29.9797377104907,10.4667065653703,0.0579404241114823,-0.021450012735885,0.076500275167479,0.0644027010248794
0.693282234779405,1.57852633807978,30.039063879362,10.6205788505715,-0.017589091121943,0.0899657692566613,0.0769152599932476,0.0639065159445508
0.664546535002158,1.57851878389888,30.1435602774222,10.7369606808664,0.0257767461671836,0.0547116072870431,0.0787196518930083,0.0616702230078957
0.66013570896801,1.57850951059007,30.2223387969723,10.8038839282842,-0.000212382326685301,0.00560084188199106,0.0789909018767756,0.0613224055357714
0.658406309759597,1.57850278600778,30.2775377404632,10.857416411669,-0.0238978911287369,-0.00765322371372967,0.0790968346196848,0.0611857070985229
0.654801270398835,1.57849796353992,30.3732969742847,10.9219464871144,0.016442336780047,0.00362991252509559,0.0793168970414234,0.0609001629203095
0.644973998278282,1.57849052581571,30.4481945762541,10.9415319918821,-0.00501393791735971,-0.040532261266403,0.0799115398867313,0.0601177660341047
0.644091309268541,1.57848418671049,30.5437402237006,10.958678070126,0.0155810734064108,-0.0429011273412634,0.0799645740400768,0.0600472055851816
0.646432006515863,1.5784790173675,30.6369496515425,10.9889086779986,0.0133856250597084,-0.0300036059048807,0.0798238027822016,0.0602342137774553
0.634824240862296,1.57847428338702,30.7157948201773,11.021005395123,-0.00167242540578805,-0.0272068835243591,0.0805175940406509,0.0593036006487375
0.62900123526626,1.57846616908034,30.7648006445681,11.0664771797219,-0.0318557278297913,-0.0133619588862999,0.0808615522205417,0.0588337434852195
0.622107644557057,1.57846015962219,30.8735987488546,11.0891750824982,0.0275329008580751,-0.0355770207476898,0.0812652034284863,0.0582749235239888
0.6451381634097,1.5784517232137,30.9033246301105,11.0879640725711,-0.0501757883131475,-0.0613418938394545,0.0799016695689985,0.0601308839124004
0.649161633906828,1.57845826630658,30.9822146298963,11.1319892983305,-0.000769088862710987,-0.0164266525876382,0.0796590886485439,0.0604518783470243
0.631376289784147,1.57845400809268,31.0884547014588,11.1732931966897,0.0255184806240916,-0.0177217296033181,0.0807215909384335,0.0590256279625064
0.63016468579119,1.57844264217987,31.1900140575907,11.2441311661605,0.0207663087734353,0.0119101874105745,0.0807930473584581,0.0589277820601959
0.640279199864604,1.57843501013163,31.2883497513694,11.2787124942639,0.0181427948049517,-0.0251606082076083,0.0801928989737378,0.0597419363110026
0.654132453802889,1.57843260062014,31.3816197728443,11.3288946265314,0.0139124111366886,-0.0106649685788458,0.0793576103382002,0.0608471008463869
0.648037772708417,1.57842971287063,31.5177955339822,11.3565197429951,0.0564487832904952,-0.032737197966048,0.0797269778474292,0.0603623144297461
0.653714432000913,1.57842142852235,31.5661380050032,11.4301446811074,-0.0310405677976942,0.0128110157924937,0.0793830388186376,0.0608139223198001
0.658081267469582,1.5784176277741,31.6308136356562,11.4614105792079,-0.0144410877302459,-0.0298940959500129,0.0791167183832973,0.0611599940505068
0.661580535510952,1.5784142701077,31.7229622390858,11.5292098932713,0.0132463842088324,0.00636284442166435,0.0789022192207293,0.0614364696417688
0.657677766016662,1.57840809013334,31.7556706922538,11.5371090852068,-0.0464329369205014,-0.0532288734262707,0.0791413900884559,0.0611280653617212
0.645834778803615,1.578405840965,31.8789422995387,11.5886153932138,0.0434118451989907,-0.00868022204401164,0.0798597620859424,0.0601865300509731
0.679920811787736,1.57839626155312,32.0030225055082,11.6131460208239,0.0463179550386581,-0.0383425171352041,0.0777622509308341,0.062873144745352
0.658416958366223,1.57839319444975,32.0403061797976,11.7243740193665,-0.0418125087832202,0.0500414491765149,0.0790961830726742,0.0611865493661312
0.627354527341776,1.57838638260306,32.0617455918973,11.8374928999424,-0.0595189124347275,0.0544183721574711,0.0809583245344134,0.0587005084184166
0.622623562320712,1.57837329919744,32.0432507126011,11.9216611571514,-0.0997300068426039,0.0258514152804068,0.0812351275463727,0.0583168419285935
0.607302487735074,1.5783690019014,32.048656401864,11.9949779930086,-0.076713345822979,0.0162513990625559,0.0821190350858904,0.0570654367946334
0.60918085745676,1.57835867119061,32.0316711600042,12.0685382744695,-0.0989969421509329,0.0163406955190748,0.0820117002911564,0.0572195859418218
0.599635366627524,1.578357504721,32.0002515021553,12.0809427763377,-0.113973802601624,-0.0440296472274024,0.0825541447527155,0.0564341490956291
0.602962477933947,1.57835299319359,31.9933024823487,12.1020670670562,-0.0893149452870539,-0.0355842123454604,0.0823659254804691,0.0567085030638776
0.614856101131236,1.57835439662208,32.0244910436784,12.1244339192967,-0.0504970848825703,-0.0353172461132072,0.0816856462122801,0.057684098353725
0.620116385991693,1.57835848447773,32.089071760731,12.2392275784308,-0.0168003656271072,0.0566806710688414,0.0813810826797043,0.0581129880653124
0.600748215006366,1.5783537477286,32.189283261276,12.2656502998174,0.0177202095494078,-0.0301032629913518,0.082491290995524,0.0565259843779105
0.571055582124709,1.57833849894798,32.2977454910236,12.2801870247827,0.0243291417198126,-0.0395153193892899,0.0841330880277928,0.0540520443545633
0.569438597527228,1.57831272975798,32.3956608037832,12.3107172030759,0.0136949334355201,-0.0233857535498778,0.0842203793240788,0.0539159318430859
0.598368814921417,1.57830622932111,32.5030622154235,12.2988720378374,0.0247758563536742,-0.0681747100046302,0.0826255552866854,0.0563295447661961
0.571888845763069,1.57832275299641,32.6032837148902,12.3286217971106,0.0161334802448003,-0.0243723713514417,0.0840880192218752,0.0541221306245564
0.568272131898865,1.57829910373332,32.7269149953092,12.3558291134488,0.0393480673247666,-0.0266103386693093,0.0842832130942441,0.0538176550075368
0.560440005827663,1.57829012518457,32.7864841789022,12.3323243025482,-0.0251329468051811,-0.0766607052680559,0.0847021303981833,0.0531558943675032
0.533374925782649,1.57828208660877,32.8753115064602,12.3539396546287,0.0027177253068551,-0.0292288845659012,0.0861096022511278,0.0508442366463748
0.517194964467552,1.57825145173246,32.8944889900868,12.3014643329011,-0.0677434693930223,-0.101919713989606,0.0869209530196169,0.0494443922620307
0.52325033713423,1.57823464233637,32.949356922882,12.2586726155433,-0.0317520242488705,-0.092761538667089,0.0866199570441152,0.0499698213092226
0.512209279150125,1.57824137607788,33.1215428598534,12.280131786193,0.0850195510898448,-0.0275512483685567,0.0871663858815273,0.0490104190183341
0.525577810963249,1.57822091668012,33.2146896901922,12.280233244666,0.00664341125693113,-0.0500698329907614,0.0865034190819128,0.0501712914637343
0.52756086973599,1.57823289499715,33.3112166615242,12.2928893537734,0.0101232148927775,-0.0376866249581607,0.0864037564391976,0.0503427340655612
0.536891817729074,1.57823083900923,33.3548855065297,12.400462780639,-0.0422614114038975,0.0564266671106992,0.0859302564093484,0.0511467597548823
0.548785845737788,1.57823461453481,33.4828384372627,12.4238922525967,0.0426370790883048,-0.0287357028061201,0.0853158516447188,0.052165174763786
0.549076600438965,1.57824031255374,33.5794992614716,12.4814241427349,0.0113601434400028,0.00534191159481878,0.0853006807689038,0.0521899785434097
0.55399863016997,1.57823447157446,33.5722238545432,12.4942828829616,-0.0923181748473265,-0.039750456922528,0.0850427679189405,0.0526091971492174
0.560212684418252,1.5782387265934,33.6354390715378,12.4607661792481,-0.021498994687752,-0.086653342100103,0.0847142116824131,0.0531366383865908
0.577394217757081,1.57824295683197,33.741216871572,12.5302716800512,0.021989016083058,0.014921256886101,0.0837887839510923,0.0545842439170607
0.582825074262153,1.57824936524222,33.8950387244713,12.5748356632036,0.0703307423257957,-0.0104744984327656,0.0834911105735066,0.0550384815851827
0.564523291209333,1.57824517929624,33.976853804778,12.612060787899,-0.00266929388057591,-0.01627618854255,0.0844843741872926,0.0535013132379153
0.569420852216006,1.57822697223442,34.0980758340351,12.5554383233754,0.0370006931913167,-0.110536901841352,0.0842213360658088,0.0539144373177547
0.568967491596051,1.57822818957209,34.1966380454437,12.5946181437324,0.0143164413161099,-0.0146964287842355,0.0842457700924465,0.0538762491412556
0.566424264323365,1.57822238493717,34.2743548140413,12.6161408159492,-0.00666574844238177,-0.0321391467795618,0.0843825170400229,0.0536618189962869
0.573292675680337,1.57821649497501,34.3301851110019,12.6532682107154,-0.028181661162364,-0.0171127277663015,0.0840119581229416,0.0542401225325783
0.582375459311053,1.57821799444765,34.4484313311972,12.6743055362812,0.0347303719374175,-0.0339636116059854,0.0835158482578651,0.055000937171736
0.589579276676882,1.57821871350837,34.4991923281976,12.7143054557339,-0.0323564709605684,-0.0156012183031606,0.0831174679610051,0.0556011377559065
0.597543687802801,1.57821966709347,34.6876918769693,12.7572608721811,0.105827542582478,-0.0133059325648688,0.0826720061892037,0.0562613490120194
0.60500522582279,1.57821492011308,34.8390494035607,12.7660406361689,0.0691076140542961,-0.0480968734623204,0.0822499125371329,0.056876637450134
0.604897474714218,1.57821218314049,34.8823222887071,12.8356257029765,-0.0389831554339892,0.012717292206915,0.082256040580385,0.0568677746007179
0.612442865813421,1.57820778645883,35.0160635374264,12.8742463843607,0.0519166351951466,-0.0188661225069957,0.0818246135241631,0.0574868038911658
0.635509370155219,1.57820426048507,35.0974500133495,12.9010913103272,0.00090953141075012,-0.0325138257216047,0.0804769445122843,0.0593587516880764
0.62084077030698,1.57820758550154,35.2255687239586,12.9873139751364,0.0467797454145078,0.0280507408161377,0.0813389651946627,0.058171923993121
0.610300358747663,1.57819475648976,35.2719907537563,13.0223235071727,-0.0355255617145698,-0.0223018302345075,0.0819475915122747,0.0573113622708217
0.641423675087641,1.57818743531088,35.3492136664674,13.0398118772074,-0.00290156059250002,-0.0423453059166068,0.0801244733035122,0.0598336759512129
0.657666048251503,1.57819343041243,35.5149588676318,13.0808428343473,0.0866030947970557,-0.0200961808573616,0.0791421063673371,0.0611271379973012
0.654265188141129,1.57818723089581,35.5676603042479,13.1022476026593,-0.0266480965233296,-0.0394528654782302,0.079349533139482,0.0608576337902341
0.639768558137053,1.57818395982876,35.61255454371,13.1310679587806,-0.035329155780536,-0.0308806225619609,0.0802233952426287,0.0597009786833096
0.61852106244768,1.57817884976847,35.7132295850973,13.1452651459207,0.0192013532886204,-0.0437858978726933,0.0814736880987192,0.0579830850127226
0.619356226318226,1.57816815101789,35.8253491728945,13.1804123866226,0.0306943534844315,-0.0229038679620093,0.0814252343127495,0.058051108663951
0.613944959002161,1.57816258704322,35.9189140217442,13.2564817585619,0.0118266781393555,0.0184597247529901,0.081738170710304,0.0576096471863281
0.617123301774235,1.57815402939399,36.0123364921862,13.3341748369827,0.0118678154826739,0.0198239307299009,0.0815546549593035,0.0578691476908806
0.60819506355841,1.5781486464816,36.0826190915972,13.4075722186412,-0.0117854677406601,0.0162586701399778,0.0820680671516522,0.0571387115184785
0.621152360852191,1.57813958675341,36.176997460231,13.359661638097,0.0130575332089098,-0.10610784616544,0.0813208354248972,0.0581972656213055
0.629911913983538,1.57814241997598,36.243635846114,13.3455976592738,-0.0141695541761759,-0.0729713367964653,0.0808079400592129,0.0589073579732333
0.638228785545375,1.57814279869528,36.2656155278366,13.2848605958068,-0.0583355443135467,-0.1203144456414,0.0803152260361867,0.0595773821744145
0.621561734522193,1.57814594090926,36.3475967259327,13.2486769496395,0.000684193912920961,-0.0944141975200381,0.0812970041832019,0.0582305513526744
0.648943574756408,1.57813947278646,36.4382236688976,13.2799843307568,0.0109546741250899,-0.0291271253994267,0.0796722688397865,0.0604345065167308
0.641349130708715,1.57814060453021,36.5565022916074,13.330328640117,0.0381496893646727,-0.00948339359565509,0.0801289333451003,0.0598277029558755
0.665770757552786,1.57813285838548,36.6166895567969,13.3623512134776,-0.0184568296552285,-0.0297439737830487,0.0786440948447737,0.0617665471436298
0.693433301336186,1.57813121962923,36.6806388180349,13.4669598578002,-0.0129563437403739,0.0406905097838273,0.0769056049783191,0.0639181345387891
0.676867723081856,1.57812204917776,36.7451738556137,13.5505725390657,-0.0134188079176223,0.020977244232439,0.0779538454964201,0.0626354370330428
0.674891619143798,1.57811904107441,36.8788411636268,13.6588258661095,0.0555898406677358,0.0457720571068236,0.0780774673453288,0.0624812699369909
0.678922137034696,1.57810998848415,36.95921362505,13.7863783485778,0.00254745945868251,0.0647570282601269,0.0778250019645619,0.0627954542082143
0.683753163128118,1.57810208942314,37.1188000707252,13.8335047036349,0.0820657171782475,-0.0160443395196346,0.077520728496946,0.0631706945767006
0.703569788664053,1.57809322048007,37.2497186727537,13.907599205947,0.0546648422449891,0.00940011214674641,0.0762537597835388,0.0646943901654105
0.677111632241298,1.57808111298252,37.3580345553881,14.0042405735098,0.0303773168134462,0.0339869187361632,0.077938565820971,0.0626544488266409
0.668950280089327,1.57807835829837,37.5121904122372,14.0694282741188,0.0757085473225914,0.00317141542466537,0.0784473095264808,0.0620162851842685
0.63823016921301,1.57807027722192,37.6282121783544,14.1333738385581,0.0357066225163365,0.0043680711353975,0.0803151436008143,0.0595774933039364
0.629590492399885,1.57806095247958,37.7435945066921,14.1434333992647,0.0345554583567385,-0.048821820808099,0.0808268699809673,0.0588813815147014
0.644014297820196,1.57805403627779,37.8759923759395,14.1942887531264,0.0524286711222057,-0.00918569335774677,0.079969198125218,0.0600410472194618
0.647277527976544,1.57804977527897,37.9980360569718,14.2414604436355,0.0422708360977389,-0.013129994467791,0.0797728449345761,0.0603016849768236
0.679540053807605,1.57804364992623,38.173873854272,14.2443402813464,0.0980516125551745,-0.0599636938799861,0.0777861847449986,0.062843531590904
0.665242521247939,1.57803617501294,38.2456467516413,14.3635494271783,-0.00690381383436467,0.0574841499698859,0.0786767112037107,0.0617249958620323
0.67493532191505,1.57803039258415,38.2964770171743,14.4567524329295,-0.0272444711331179,0.0307183236721862,0.0780747366661207,0.0624846820790176
0.664156169973244,1.57802482192335,38.3855595604782,14.5905516048903,0.0103388235109385,0.072159683050133,0.0787437197929432,0.0616394889106849
0.679154429259263,1.57801735064185,38.466171371289,14.6503215741211,0.0028013978415462,-0.00304356142589945,0.0778104129692364,0.0628135306566737
0.676708206539239,1.57801124952927,38.565065593417,14.749758928327,0.0209303862350971,0.0368143528975811,0.0779638358929502,0.0626230013082823
0.661264550477671,1.57800427689595,38.6855156904537,14.7838701374131,0.0415284687504514,-0.0273003255685733,0.0789216282862538,0.0614115346547078
0.667722131504531,1.57799885251892,38.743258455294,14.8409247481281,-0.0207806507170591,-0.00486528277023091,0.078523415557266,0.0619198934852195
0.665471086892357,1.57799462182898,38.8042910334629,14.9170705607415,-0.0176300227663475,0.0144028355707029,0.0786626009352533,0.0617429770427463
0.621702883423277,1.57798975710957,38.9169563069433,14.9476025511282,0.0313764892854227,-0.0277100353686777,0.0812887841950557,0.0582420257553742
0.631915266829798,1.577977999097,38.9745549004351,15.0428598664329,-0.0230911722649818,0.0361881888330196,0.0806897657567371,0.0590691264716424
0.648675509530778,1.57797524179704,39.0418500287195,15.1165486505575,-0.0123933380822248,0.0132756371437246,0.0796884663666343,0.0604131469808832
0.648647128589011,1.57797295626511,39.1654583827823,15.1467613427367,0.0439181731462686,-0.0301981931436295,0.0796901809165469,0.0604108853228293
0.644263212811719,1.57796702335254,39.260212313858,15.2736320818239,0.0147996805445185,0.0668097881957372,0.07995425053122,0.0600609508914978
0.651726223829131,1.57795860508045,39.3578312253962,15.3505675131522,0.0181151189612425,0.0162794591088069,0.0795037925768898,0.0606559722194845
0.63916464790358,1.57795306659535,39.4979673173927,15.3612863614767,0.0598766573531417,-0.0489336717457221,0.080259434643373,0.0596525200702044
0.636329532988803,1.57794554298059,39.6020889066918,15.4452828740734,0.0236933556904138,0.0245717766815456,0.0804282336086659,0.0594247359151882
0.644164702085697,1.57793819557008,39.6509443339444,15.5221017553093,-0.0311047395384954,0.016765806987058,0.0799601667911358,0.0600530742488155
0.654407596527489,1.57793506722902,39.7320607954615,15.6066137410947,0.00177559581963393,0.0236430525732878,0.0793408656974754,0.0608689332120679
0.647861240364039,1.57793017644939,39.8148138678026,15.6332422206718,0.00301543983515096,-0.0337197595218122,0.0797376325059597,0.060348239098954
0.667259049944742,1.57792547707039,39.9117665928874,15.6433222022043,0.0184006439871496,-0.0518035425690577,0.0785520810976399,0.0618835241015717
0.669772917652116,1.57792204557244,39.9978172277782,15.6623929085175,0.00765436882818626,-0.0430100915831328,0.0783962660626149,0.0620807978962875
0.647696600483174,1.57791789173014,40.1046680798023,15.6811914412362,0.0271032848719894,-0.0415365775680581,0.0797475671521147,0.0603351102867887
0.645018369440798,1.57791247512127,40.3371771717801,15.7138180234947,0.152600219664849,-0.0274947294843439,0.0799088723129005,0.0601213117428467
0.650541881762089,1.57790198281121,40.4956793057035,15.7606143584186,0.078926559702408,-0.0137654350915,0.0795755742209806,0.0605617700154248
0.647860490561213,1.57789478696594,40.6267521105067,15.7935547971701,0.0513351270480413,-0.0274077405599407,0.0797376777552175,0.0603481793114349
0.648424178180319,1.57788837128727,40.7541679541555,15.8009277536032,0.0477121960813722,-0.0530201604301102,0.0797036475674322,0.0603931168631539
0.628178112037525,1.57788317816657,40.8822615915325,15.8313796183864,0.0471836851341152,-0.0283152997566969,0.0809099522428323,0.0587671645399248
0.634226539271683,1.57787413557483,40.9918360420647,15.8404847686211,0.0290214250195682,-0.0501503143298638,0.0805530255126355,0.0592554645645504
0.636055428656992,1.57787081082457,41.0754523941004,15.9477973429268,0.00317183287117473,0.0479098863498226,0.0804445191645784,0.0594026879558474
0.655153410189028,1.57786448912132,41.0916941378488,15.9682118757768,-0.0630537030051119,-0.0405135569292501,0.0792954467535292,0.060928089779331
0.66274618139112,1.57786508998286,41.1542150056517,16.0590475507103,-0.0163096846629802,0.0293072750035055,0.0788305524658038,0.0615283999299198
0.652394769995458,1.57785987784318,41.1566572189634,16.1918114389332,-0.0770210101832038,0.0720547776068958,0.079463223494951,0.0607091106160473
0.668598161024702,1.57785552501612,41.192124132472,16.3177110802433,-0.0430022282705309,0.0639109827630904,0.0784691417791041,0.0619886585469541
0.665971428185644,1.57785030877371,41.2684515119887,16.4507509024367,-0.00230431901256267,0.0712574947332758,0.0786316985293043,0.0617823274601775
0.651230037437495,1.57784338299469,41.4168125741696,16.5203715659303,0.0688271827242115,0.00900414743923506,0.0795338794566877,0.0606165160543648
0.654778016312956,1.57783517996977,41.5755483279771,16.5291321169838,0.0794174406098236,-0.0521377674084036,0.0793183131975965,0.0608983184619082
0.650314353361168,1.57782894081892,41.7643204384691,16.5692692952663,0.10918275880829,-0.020406484462324,0.0795893516837695,0.0605436627448098
0.669450088894643,1.57782015046704,41.8872506279847,16.6546307505834,0.044513886071659,0.0233059692245305,0.0784163034439476,0.0620554860925827
0.660011520380656,1.57781278756892,42.0353351991425,16.7313512555192,0.0690860543472098,0.0154079096413504,0.0789985168105421,0.0613125952943969
0.656733215674946,1.57780504188738,42.0947054702421,16.8875569322074,-0.0198288222112559,0.0951523916109398,0.0791990933109002,0.0610532850773104
0.663213022788401,1.57779799704808,42.1739662361541,16.9676203769623,0.000458946039538333,0.0184982501658553,0.0788018198724511,0.0615651945890676
0.67541571656482,1.57779254060502,42.2930510387582,17.1862740811826,0.0410400922527749,0.156131522667042,0.0780447103513065,0.0625221815532749
0.683027148629786,1.57778069767167,42.3497363048857,17.3467396869022,-0.0208813047750684,0.0973512089592568,0.0775665709025766,0.0631143967602921
0.667307259842073,1.57777284665349,42.3566153521802,17.458002020092,-0.0716700503134629,0.0493750221724092,0.0785490976080124,0.0618873110174205
0.68270117798412,1.57777075142338,42.3989829807739,17.5419507860143,-0.0352195116282026,0.0208596569398836,0.0775871402218848,0.0630891089823718
0.697323159834532,1.57776529317445,42.4079681183806,17.596965970653,-0.0676712536711879,-0.00920161749471582,0.0766563912779065,0.0642168021334642
0.691815220171131,1.5777605737602,42.3977862415072,17.7311567155922,-0.0871908058596134,0.0703971335317615,0.0770089289861985,0.0637936114074023
0.68634548955206,1.57775832801712,42.4651664147131,17.8234069606511,-0.00997653593815429,0.0288788039327947,0.0773567091440307,0.0633714411261558
0.653576091247305,1.57775400606282,42.5023574025744,17.8950038799056,-0.0422004632414996,0.0107939794259249,0.0793914511028315,0.0608029398284879
0.626275421429564,1.57775183237695,42.5728986424262,18.0289404843179,-0.0104803815992511,0.0753234927610951,0.0810216214510558,0.0586131116512493
0.653524262275976,1.57774046293589,42.6411868616318,18.0914596713929,-0.0111063831444511,0.00172036210541471,0.0793946023500229,0.060798824969581
0.647642654004322,1.57774066204783,42.7057598580743,18.2682412638825,-0.0151778254603716,0.116450784391091,0.0797508219028227,0.0603308080985516
0.619551268609032,1.57773230740493,42.7375140327789,18.4322507146912,-0.0496597356382011,0.105942461884752,0.0814139103428348,0.0580669889239046
0.613095051212988,1.57771983611635,42.7933750763886,18.5629987127815,-0.025926060461078,0.0732078416105164,0.0817871040707783,0.0575401564797636
0.611493388031459,1.57771146231527,42.8335630875463,18.7355561134813,-0.041691147918506,0.115148313361994,0.0818791590762412,0.0574090873378735
0.614263172102025,1.57770395195897,42.9702747297955,18.8897005555256,0.0549918078213576,0.0965087876184914,0.0817198344278138,0.0576356544258039
0.609597036738614,1.57769522177282,43.0929837292535,18.9265314666276,0.0407211198747355,-0.0204228014540728,0.0819878795832324,0.0572537125560027
0.614327782175097,1.57768788669026,43.1814076128727,19.0301436862249,0.00670777320579496,0.0459712853673988,0.0817161104134043,0.0576409342299752
0.620453014224996,1.57768327086594,43.3884390958393,19.1613225555022,0.125669967370053,0.07303848933506,0.0813615155965755,0.0581403799422415
0.606322897159728,1.57767387188789,43.4326071379224,19.2440911449857,-0.0380068543572811,0.0257836230887065,0.0821748964403968,0.0569849663947436
0.575706466965231,1.57766446997102,43.5205485044725,19.2994973802565,0.0040605773781035,0.000963483614766503,0.0838807891719879,0.0544427516560701
0.579403702789078,1.57764356371865,43.680961989672,19.424197107942,0.0767345565664819,0.069947221780879,0.0836789286330188,0.0547525059045715
0.590761484164878,1.57763629334148,43.8033114541149,19.5570000358056,0.0392977866310904,0.0771035668921058,0.083051677811836,0.0556993609715496
0.586895352473614,1.57763422738863,43.9648337638085,19.602159443135,0.078255912038447,-0.0102184494505124,0.0832663976551502,0.0553778567798935
0.555965854356471,1.57762513519503,44.0955007631406,19.6347524117365,0.0457278899879139,-0.0201834248317763,0.0849391093441597,0.0527763934332471
0.535409999232844,1.57759945610553,44.1536853396292,19.6918952218297,-0.0278213757654449,0.00612343948876237,0.0860059522540267,0.0510193706044878
0.545607293573597,1.57757864875821,44.2698953436421,19.7778463429521,0.0307287738992166,0.0340573903040706,0.085481230113727,0.051893730818318
0.539658764767505,1.57758075359097,44.3826315083355,19.8657051480817,0.0269477574195101,0.036474476999155,0.085788407273863,0.0513843281304116
0.558762239193404,1.57756910820331,44.4901984662723,19.962918152681,0.0227757636085091,0.0441992953876262,0.0847911943283043,0.0530137092116722
0.57365704975283,1.57757765742521,44.5301952146447,20.0405000503671,-0.0439954404796286,0.0233111669755761,0.0839921888519699,0.0542707307105315
0.604611320057676,1.57758402824032,44.6592879531392,20.1430162597538,0.0468204283036187,0.0456719750629446,0.0822723101909253,0.0568442343237041
0.612946941600233,1.57759281716816,44.74396079542,20.2244082385969,0.00287721685683806,0.0238639364507947,0.0817956254239815,0.0575280423923821
0.613525923234512,1.57759068743944,44.7738260641629,20.3527019789391,-0.0518970352931944,0.0707183494298675,0.0817623040360878,0.0575753909123538
0.622166475899603,1.57758594220217,44.8067681793387,20.4410094021413,-0.0483196597200894,0.0300277188379514,0.0812617748958659,0.0582797043641576
0.633361050934039,1.57758504880172,44.8542377604248,20.4586478116414,-0.033134699163778,-0.0415473151757517,0.0806042802498271,0.0591857246758653
0.627756011593391,1.57758591348907,44.8865716929608,20.5542072195247,-0.0486008181445072,0.0368264007044434,0.0809347506805347,0.0587330071789253
0.618623050036941,1.57758048975655,44.9300814892333,20.6269789993162,-0.0379579778474124,0.0147803857753015,0.0814677741199481,0.0579913940161911
0.604833337757972,1.57757397673723,45.0705066655011,20.6888054614618,0.058165488530598,0.00496396331386073,0.0822596877371717,0.0568624988316817
0.610150753764098,1.57756195898215,45.2067718028118,20.72476241141,0.0543089726501034,-0.0213421519132364,0.0819561646605921,0.0572991018614247
0.633665776795284,1.5775583725319,45.2021993207873,20.8548841843771,-0.0851587231112934,0.0709114888308271,0.0805862410868109,0.0592102841362748
0.612253965644061,1.57756199436273,45.2730704911117,20.9251445817765,-0.0109643010068279,0.0127890512172257,0.0818354713312045,0.0574713461822465
0.60098944319511,1.57755081989342,45.3207298838908,21.0483637621347,-0.0348182601555873,0.0666732984004046,0.0824776529347008,0.0565458819577787
0.632623028812245,1.57754069442722,45.4079664484252,21.1119599460357,0.0065886258660548,0.0044699630802203,0.0806479386683333,0.0591262208207895
0.629382315386633,1.57754695884792,45.500888123384,21.1365845666027,0.0120825489791958,-0.0342399333756251,0.0808391259795946,0.0588645539425488
0.63039246933307,1.57754217685221,45.5782269232418,21.1199772059537,-0.00344082262581935,-0.0755535445066986,0.0807796224836739,0.0589461838577793
0.619261872952164,1.57754025426249,45.6683158351573,21.1868420008993,0.0086582006476501,0.00882136928492372,0.081430711267801,0.0580434256606209
0.629229303605014,1.577531890918,45.7816176315352,21.2405973244539,0.03245366437441,-0.00509686036024171,0.0808481320035051,0.0588521839148201
0.624070964123463,1.57752935682635,45.9125045965249,21.3033897042459,0.0497363304086207,0.00435801912054679,0.0811506345810634,0.0584343606715322
0.594201027807332,1.57752155761348,45.9362312868646,21.3742748211394,-0.0591329161976279,0.0149004260889996,0.0828596065373534,0.0559846908044957
0.601148713052098,1.57750676865737,45.9702656971457,21.4101236479426,-0.0484342355529552,-0.0207101906413882,0.0824686458341056,0.0565590174445142
0.59569959802684,1.57750783504775,46.0393674122883,21.4745754441007,-0.0136739013963751,0.00834299732410848,0.0827756165389488,0.0561087988340234
0.573106747623625,1.57750100260333,46.1224119706504,21.5139059331788,-0.000977483069274143,-0.0148940123369474,0.0840220414313469,0.054224501415034
0.564912607840157,1.57748432799363,46.1828274726468,21.5153384422369,-0.0240480368378755,-0.0521016912963645,0.0844635388342643,0.0535342003544718
0.553136493334332,1.57747687523169,46.2711365747465,21.5419384322441,0.00322100946490878,-0.0259358690965339,0.0850880926347884,0.0525358591037938
0.552875337473286,1.57746460618344,46.2817204303925,21.6126021102963,-0.0745179541345671,0.0181500419937457,0.0851018097805472,0.0525136360584141
0.565598526502944,1.57746182256745,46.2708788480399,21.6162349696679,-0.0952683812131667,-0.0499592635024246,0.0844267988606347,0.0535921228740374
0.54225521830262,1.57747133306118,46.3073559871852,21.6522473744197,-0.0491775620838837,-0.0155944955362823,0.0856547012291908,0.0516069002880241
0.512897347484042,1.5774511735738,46.3852595341929,21.6838861100113,-0.00922909572524055,-0.0174316482501666,0.0871326427328894,0.049070383841811
0.51425518388252,1.57742014968695,46.4597441874909,21.7776115386352,-0.0125812795779492,0.0445367781806958,0.0870659328760241,0.0491886504432442
0.499647878925053,1.57741618928228,46.4772623792139,21.8798733973184,-0.0702569406088429,0.0543502093257366,0.0877751323317493,0.0479116493573735
0.489410991331079,1.57739654392019,46.531036316803,21.8858657294527,-0.0344870532375978,-0.0410182783517428,0.0882609908267645,0.047010610486121
0.498788409470638,1.57738287150247,46.5882895580176,21.9231957744924,-0.0305630372919854,-0.0105061465860334,0.0878162785066077,0.0478361916256919
0.510060512310039,1.57739080440781,46.6585816854282,21.9059949117431,-0.0169793691209588,-0.066023868526857,0.087271496531497,0.0488230057775318
0.518741807517423,1.57740155393778,46.7622296879989,21.9499864247249,0.0168036362240027,-0.00558727314526841,0.0868443663467123,0.0495787861271131
0.494719383850277,1.57740583661722,46.8641129498645,22.0389739466857,0.0138730641915608,0.0415090520467789,0.0880101976740677,0.0474784699139677
0.490567367371974,1.5773740855737,46.9089278831489,22.0565765742099,-0.0433916365992921,-0.0295100144028204,0.0882065698837093,0.0471126419270912
0.47888710434569,1.5773673382404,46.9902654057322,22.0944374801011,-0.00741330595901069,-0.0082182698073634,0.088750828542307,0.0460791756985086
0.476435222665784,1.57734949479266,47.0276666271178,22.133211198941,-0.051462320957695,-0.00708771203843561,0.0888635423432267,0.0458614308783923
0.467952178588741,1.57734401164447,47.082885189395,22.1692398872216,-0.0340308225578987,-0.00907726816140553,0.0892493848351698,0.0451059564419576
0.47980843756767,1.57733020975205,47.106367744756,22.1873255691562,-0.0652257812435995,-0.0280752432818971,0.0887083366046153,0.0461609252164887
0.482200647116734,1.57734414154664,47.1549448479367,22.1631179921367,-0.0400205530991666,-0.0705805788817297,0.088597656279848,0.0463730018622681
0.497997184556362,1.57734649124361,47.206615571444,22.2264437297111,-0.0361833766938844,0.0155590433425221,0.0878541002011644,0.0477666942318993
0.475549563767501,1.57736143040049,47.284168239981,22.3299211192138,-0.0113514565333439,0.0576946793876569,0.0889041250703526,0.0457827101150108
0.459615767787883,1.57732884116881,47.3719435084606,22.3810782702821,-0.00184703257449925,0.00679677287134162,0.089622301054045,0.044360378196969
0.437295709588463,1.57730353533236,47.430430395801,22.4305527144326,-0.0321031344116314,0.0071253242191176,0.0905900217520404,0.0423491199314089
0.441182963553474,1.57726794307114,47.5052002988398,22.5410494439333,-0.0156548129030227,0.0677957839978607,0.0904247159418406,0.0427009455028508
0.435956312066429,1.57726792272682,47.5732639828986,22.589360702836,-0.022582978723932,0.00608351297250742,0.0906466627827864,0.0422277459301798
0.438558216192711,1.57725649799298,47.6508857902283,22.6516214772001,-0.0129146761962335,0.0197973177129569,0.0905364835258997,0.0424634566511547
0.446490283560233,1.57725617082471,47.711352124753,22.7241581900429,-0.0297304813759851,0.0293564580800023,0.0901968159007028,0.0431802547627354
0.413163076319869,1.57726377531364,47.7862263055805,22.7739146308299,-0.0167113597001318,0.00960561556173012,0.0915855405275979,0.0401508252252395
0.410965239350356,1.57720792422777,47.7968622341065,22.8415182380391,-0.0810376356972835,0.0276541688827479,0.0916735642232818,0.0399494383264624
0.433457640050336,1.57720158814158,47.8423476710022,22.911930140472,-0.0452664560945824,0.0284107843682051,0.0907518929902412,0.0420011180647349
0.410973889145063,1.57723421419167,47.9198122769192,23.0478895326591,-0.0142086127483303,0.0960091609046305,0.0916732186654122,0.0399502312824785
0.42874063679974,1.57719114094911,47.9787832094528,23.0967291170857,-0.0319780695140164,0.00726700901273425,0.0909490020476179,0.041572575413876
0.416272548194097,1.5772168244792,48.0652150104061,23.118776877826,-0.00502844915224188,-0.0183876525831472,0.0914602501055387,0.0404354133233768
0.431392901802945,1.57719367785783,48.0812079587806,23.1668462420281,-0.0748454724249044,0.00625571443717732,0.0908384207993984,0.041813649765016
0.435827074704224,1.57721580342201,48.1213268177295,23.2168637537466,-0.0505332604793871,0.00780148107648237,0.0906521194282634,0.0422160306419715
0.417538035004136,1.57721983164572,48.1626859642115,23.2432492884272,-0.0500498599201649,-0.0141655879742579,0.0914090064021643,0.0405511226548549
0.397165340947822,1.57718886728859,48.2731009483362,23.2903238143549,0.0181988680987839,0.00839393718997528,0.0922161160259164,0.0386805887376953
0.398654083175835,1.57714961950624,48.376920719698,23.3328534888171,0.0116613429322392,0.00371184261413227,0.0921584284295966,0.0388178318480944
0.412195959992688,1.57714808723784,48.4182627598465,23.3695895369534,-0.0502822880610587,-0.00332618445434463,0.0916243282095545,0.0400622325906562
0.408151587761084,1.57716893485131,48.4375337668431,23.4243231637047,-0.0725145980061761,0.0150422836866326,0.0917856050027633,0.0396913430646622
0.408325858720723,1.5771597271491,48.5021409545922,23.4434416828214,-0.0271714988115459,-0.0205888189106656,0.0917786865605719,0.0397073380273258
0.40980244091,1.57715768171985,48.6815472479565,23.5017072500877,0.0876863379828663,0.018422753801234,0.0917199553814768,0.0398428134651646
0.406861495056649,1.57715349578052,48.7774957666394,23.5400331618633,0.00411178456342043,-0.00124698635268139,0.0918367341194974,0.039572898128198
0.412102507022381,1.57714472163007,48.8868539196445,23.5607880764209,0.0177300812610159,-0.019298755292505,0.0916280717440832,0.0400536698501041
0.440184464979367,1.57714996075243,48.9884128831523,23.552729265731,0.011091655816541,-0.0506694459713444,0.0904673076912633,0.042610635281515
0.439471046630146,1.57719157242193,49.1260199584197,23.6425682221866,0.0471093913920022,0.0472928730495834,0.0904976838753872,0.042546083406002
0.455224945060249,1.57718379610708,49.2552414239901,23.7715320454049,0.0394052505127203,0.0849973870116347,0.0898162150576609,0.0439664362066794
0.447887478142587,1.57719849610462,49.3640942347551,23.8571334491802,0.0187164141016982,0.0422951686981943,0.0901363966633483,0.0433062350770364
0.453850073982877,1.57718242780911,49.5108970168037,23.9393857377332,0.0569262037168983,0.0384093795780398,0.0898765783316761,0.0438429089749995
0.453223624934219,1.57718408861941,49.5466596321675,23.9897722219204,-0.0541414106791844,0.00659988690836855,0.0899040260429873,0.043786597278869
0.453542357424587,1.57718059024959,49.6430979897375,23.9982607378811,0.00654829230467691,-0.0353267344277235,0.0898900652653352,0.0438152503883497
0.462109278860122,1.5771781322228,49.6980210607953,23.9579290355832,-0.0345883383990966,-0.0849154165558375,0.0895114094569151,0.0445837142579719
0.460835442701788,1.57718953947122,49.7451187260928,23.9589718738503,-0.0424704638681597,-0.0434268169796628,0.0895681291656331,0.0444696552467911
0.458026042849747,1.57718652211342,49.8077822173209,24.0127437849487,-0.0270292173478701,0.00955406370270673,0.0896927085759732,0.0442178473956562
0.476554441548338,1.57717929082545,49.8767726357215,24.0594866241809,-0.0198676557626456,0.0008708144675591,0.0888580741631829,0.0458720247646677
0.475303047581625,1.57719974127452,49.9808429602279,24.1214659070625,0.0151549159584476,0.0162184904633076,0.0889154085479528,0.0457607924182988
0.478913235826513,1.57719331414243,50.0266016396311,24.240155848508,-0.0429909449916455,0.0726084465721311,0.0887496243949091,0.0460814948733497
0.489603420097118,1.5771926606802,50.1135710661186,24.3081856866868,-0.00128251651149647,0.0210022446095959,0.0882519429989531,0.0470275935691965
0.477492010232896,1.57720066636977,50.2065245602924,24.3493701685651,0.0041384672329432,-0.00477083326033245,0.0888150269408898,0.0459553151386107
0.476937831736838,1.57718244396633,50.3109659681862,24.41338664915,0.0156009271448774,0.0181103918786363,0.0888404807488555,0.0459060887063168
0.491196438472648,1.57717683254555,50.3228647024163,24.415058951522,-0.0762781810009621,-0.0454958184335545,0.0881769152311391,0.0471681208054817
0.471375561499336,1.57719321873511,50.3463091154021,24.470788164003,-0.0656500342097708,0.0103179861275962,0.0890944471955045,0.045411226353485
0.485786689102117,1.57716712881922,50.4257013040239,24.5516292653046,-0.00903860281390756,0.0341506833761258,0.0884307914356976,0.0466904179254819
0.486889643760548,1.57717982535498,50.5469485881838,24.6855383618041,0.0328680439161815,0.0871211718400868,0.0883792402437633,0.0467879246594158
0.470331997208708,1.57717350977404,50.6396833945875,24.7996324365133,0.00359301819566937,0.0687758488493593,0.0891417882080198,0.0453182258597635
0.481686322270377,1.57714728516455,50.6929078634643,24.9026579755765,-0.0353970264706618,0.0566981113084513,0.0886214953474835,0.0463274277547973
0.463683653558512,1.57715651043595,50.7544216304051,24.9258562119733,-0.0279273401395059,-0.0215263470473808,0.0894411070802645,0.0447245834441939
0.462958886558039,1.57713160052564,50.7890506872185,24.9312458186401,-0.0548444416750424,-0.0392701410735885,0.0894734984884833,0.0446597477403463
0.485568099204471,1.57712954670302,50.8119546656737,24.9802474817156,-0.0655370169214535,0.00233057634296863,0.0884409953766119,0.046671086732517
0.475791811254819,1.57715536559894,50.8387651096636,24.9757452732302,-0.0620825877254099,-0.0503064540577416,0.0888930317153551,0.0458042455723579
0.47129800001047,1.5771430648404,50.9380880242691,24.9747482031913,0.0102249455156631,-0.046401385957811,0.0890979690898417,0.0454043159189258
0.467832948541241,1.57713481429736,50.9908475395248,25.0566134918452,-0.0364952469304267,0.0367699737409417,0.0892547621861102,0.0450953149129808
0.462293682656168,1.57712640602863,51.0414180955998,25.0664854208735,-0.0389326304539228,-0.0347282907152398,0.0895031865289037,0.0446002197435425
0.480941283001308,1.57711756967945,51.1068750281085,25.166884907295,-0.0231990539922933,0.0541380980124337,0.0886559865010383,0.0462613884089931
0.481187959037483,1.5771359455461,51.1957671415563,25.2544770319012,0.000247541219847491,0.0413088682976106,0.0886445722279163,0.0462832563086233
0.481100896204995,1.57713106490185,51.2772527534023,25.3360303409493,-0.00716298959727268,0.0352777705624856,0.0886486014433421,0.0462755384856782
0.509352387835093,1.57712618591002,51.3972197857606,25.4251582132256,0.0326609849450126,0.040366677817083,0.0873060474132186,0.0487611944591273
0.508215954007073,1.57715119647492,51.4630727387254,25.5455895942502,-0.0215084519302113,0.0717694355768934,0.0873614048950874,0.0486619454477171
0.49797971066282,1.57714453482624,51.5419332376914,25.6266804623235,-0.00899443589191229,0.0333257090018844,0.0878549348578817,0.0477651590714128
0.48518943529317,1.577129107638,51.6344381987658,25.7295546271921,0.0040462993825976,0.0562365708944963,0.0884586616918203,0.0466375939740901
0.480086692953305,1.57710902958419,51.7188236336706,25.7936500304292,-0.00431005373975069,0.0179097962355961,0.0886954886445652,0.0461856070015519
0.461951446777557,1.57709873558244,51.7898011564474,25.8176420943022,-0.0185409223057356,-0.0205775220575379,0.0895184450824478,0.044569585930551
0.447978120539896,1.57707338945381,51.8502345525151,25.8712707039892,-0.0296990748443502,0.0103142046088127,0.0901324709121056,0.0433144050782005
0.435212273553729,1.57705122448797,51.970320370061,25.9978861012427,0.0294077607874144,0.0844551076136995,0.0906780567584722,0.0421602896397463
0.441850635277297,1.57702577632362,52.0377126206932,26.083526068405,-0.0230039349428139,0.0428786571557058,0.0903961855750519,0.0427613100066027
0.428420432333382,1.57703096177929,52.111618530218,26.1551220887957,-0.0170563995844155,0.030052569384214,0.0909623091091744,0.0415434510064704
0.441976163089448,1.57700699004231,52.1699302156686,26.1769699791359,-0.0320791316785112,-0.0209247665648036,0.0903908171291793,0.042772656905075
0.435883606209024,1.57702477714585,52.1406237561414,26.1747214194546,-0.11995619227493,-0.0444697149565485,0.0906497327476722,0.0422211552752362
0.439863779354911,1.57701676498847,52.1451059589766,26.1798316708303,-0.0859987648221985,-0.0374713701502429,0.0904809676574169,0.0425816215259291
0.449640200252848,1.57702228482899,52.1511985225945,26.1443483841207,-0.0839677908375194,-0.078947439242036,0.0900603544554418,0.0434641525324052
0.432499122507951,1.57703707051959,52.1962244265351,26.2061353314441,-0.0457662061625186,0.0198728358212197,0.090792110103127,0.0419141115022335
0.444533138261553,1.57700934461235,52.2755413144748,26.1383576735794,-0.010964265193973,-0.110781301766808,0.0902811531336702,0.0430036439020555
0.466158148849984,1.57702692562164,52.365007912024,26.1377986693017,0.000136434956603537,-0.0455047721672521,0.0893301625925739,0.0449457678895836
0.457331906133655,1.57705361170631,52.4629888589934,26.1366864459785,0.00825756677264877,-0.0452678010690732,0.0897233801967635,0.0441555777458186
0.453184455319803,1.57703961876394,52.6186027567397,26.2421753802527,0.0657081566681459,0.0617058585350367,0.0899057410781508,0.0437830757392455
0.459216465720233,1.57702673072821,52.712258150782,26.2752381895092,0.00401538694277725,-0.0112617790348892,0.0896400070995244,0.0443245882913448
0.460400230022506,1.57703127473961,52.7924235059082,26.310587349494,-0.00942211931407932,-0.00908150986628087,0.0895874744402759,0.044430669851049
0.468599722686225,1.57702962841907,52.9339778317849,26.3714467641081,0.052334167847107,0.01569567472065,0.0892201580296266,0.0451637398935081
0.498443948925349,1.57703447070559,53.0433878016627,26.4190353424183,0.021577218900676,-0.000217361235005598,0.0878327509770984,0.047805939545155
0.484560122950515,1.57706445160854,53.0924609206738,26.5041597849477,-0.0394148747759555,0.0385425259143499,0.0884879937870833,0.0465819166151104
0.456245437972402,1.57704529035978,53.1704747560224,26.5792680258058,-0.0117574655128045,0.0310501707498716,0.089771300861368,0.044058070108185
0.457571848021074,1.57700604668389,53.2620037054798,26.6169014229645,0.00181616661594397,-0.00654370771303192,0.0897127828414186,0.0441771048717372
0.471622265392715,1.57700426347454,53.3641654533536,26.7227238734488,0.0130785065158108,0.0603892455660198,0.0890832413580044,0.0454332049183362
0.457625130254567,1.5770161530648,53.4772432575627,26.8414552605814,0.0233673753498724,0.074549502226132,0.0897104288592558,0.0441818849064683
0.450970382711828,1.57699186446369,53.602031687893,26.879837473245,0.034785970786853,-0.0052016980848606,0.0900024595434731,0.0435839107484114
0.43069991764459,1.57697864613225,53.6742541960574,26.9215009860887,-0.0186448670180539,-8.71772997239617e-05,0.0908673751824371,0.041750690143448
0.421044963308296,1.57694696392451,53.7121344840364,26.9278834833585,-0.053385946736519,-0.0344889402001272,0.0912662347154912,0.0408714374699112
0.408824845197509,1.57693134193034,53.7742696997434,26.9116932184439,-0.029623646003758,-0.0559433943201295,0.0917588617108164,0.0397531294055608
0.389190359989009,1.57691120821371,53.8567286083167,26.9499710350954,-0.0100627486697231,0.000333871930086715,0.0925216572429517,0.0379439447213618
0.387987718685734,1.57687540286825,53.95368992099,26.965736028113,0.00439408939542041,-0.0220676539240845,0.0925672232779214,0.0378326469417015
0.389520172787459,1.57687054507397,54.0094836202684,26.9801593533884,-0.0367154385341326,-0.0235511322083646,0.0925091378124957,0.0379744574837967
0.388369388412978,1.57687140419083,54.077058077674,27.0571914177122,-0.024978319554398,0.0391640900316759,0.0925527769600168,0.0378679742921295
0.40843479859236,1.57686536434637,54.1575647169305,27.0981218960828,-0.0112677210472132,0.00121314222049484,0.0917743603036627,0.0397173361500176
0.413972232009959,1.57689542578374,54.2718527332439,27.1085781916479,0.0227349940330459,-0.0297686234692502,0.0915530222804172,0.0402249190343677
0.417679889403918,1.57690107455922,54.3474982321129,27.1102010700294,-0.0157577542583134,-0.0389412106350431,0.0914032531273223,0.0405640890165508
0.428711716759736,1.57690492189029,54.4550328926443,27.1434321444893,0.0165844562412669,-0.00833887068781003,0.0909502042901283,0.0415699451477138
0.44804552344323,1.57691779326017,54.500901367826,27.2050336090717,-0.0442610760090218,0.0182809844124172,0.0901295511907066,0.0433204801700282
0.453662241553981,1.57694192540945,54.5298699858747,27.236976518094,-0.0609161938175564,-0.011883117443368,0.0898848118662416,0.0438260264656785
0.44984995020948,1.57694768398915,54.6243201335441,27.2857718581549,0.00439891179909502,0.00531229832922975,0.0900512358702953,0.0434830417316044
0.452293519300256,1.5769387695184,54.775556177967,27.3172802993224,0.0612913311128125,-0.0121945169424311,0.0899447133101105,0.0437029581099727
0.430481417515343,1.5769372258849,54.8912845138652,27.349090051948,0.024851840353735,-0.00992108198814634,0.090876495544448,0.0417308346137472
0.423278284637579,1.57690326616387,54.9148259429459,27.3892279407263,-0.0676332990522592,-0.000937273423177842,0.091174728133003,0.0410751622014203
0.390855328799031,1.57689088215311,54.9676702197352,27.4141634561592,-0.0396140767577862,-0.0131624222982403,0.0924583535470585,0.0380979377311572
0.393652124030695,1.57683736814961,55.0686884897259,27.4844364101367,0.00866683004265667,0.0319165785032602,0.0923514399480616,0.0383563754742229
0.397224754887195,1.57683747325555,55.144954830625,27.5382103753483,-0.0159474767979511,0.015087897619491,0.0922138176970014,0.0386860675921473
0.376808193709399,1.57683990617224,55.225781589231,27.5720729371914,-0.0121576223353284,-0.00293288489907795,0.0929843809413271,0.0367954467422012
0.373909663742142,1.57680215723673,55.2806126480414,27.5840774011211,-0.0382595840838373,-0.0245213106073443,0.0930906428942804,0.0365257745370247
0.382006759063874,1.57679538522266,55.2705178853865,27.5729460295349,-0.102886604470756,-0.0484097043335971,0.0927918418158467,0.0372783327473598
0.407385706087328,1.57681019620316,55.2867886846395,27.5373785311881,-0.07554517769948,-0.0751885328645301,0.0918159769524941,0.0396210345177794
0.381485739908138,1.57685294661387,55.3486069824448,27.4970252731008,-0.0309929541404905,-0.0775832394500071,0.0928112519457423,0.0372299813626592
0.372150921876448,1.57680990221121,55.3919854183911,27.4923960122836,-0.0497763023510363,-0.0409912565373727,0.0931547382973262,0.0363619957202114
0.356005464212626,1.57679263806218,55.4132643960382,27.48083453366,-0.0724506748773273,-0.046414774560219,0.0937296525244635,0.0348532959365872
0.357102390591886,1.57676291953421,55.369361107853,27.4245457743811,-0.137594652827641,-0.0912448487546236,0.093691364642435,0.0349560894757734
0.357774302148927,1.57676777085394,55.4802766183767,27.4224628343656,0.0172476544291396,-0.0371019739065623,0.0936678560945028,0.0350190338910072
0.370184316020842,1.5767666223142,55.5476886849313,27.5478389743434,-0.0258140012705805,0.0891974131090318,0.0932260678252221,0.0361787268687982
0.359995327370732,1.57678381849563,55.5654465365611,27.5853443255644,-0.0758319953416535,0.00227836520370772,0.0935898469714611,0.0352269860172354
0.36356382645383,1.57676362807114,55.6811978519519,27.6167199950559,0.0222877715144065,-0.00418506680669672,0.0934635438763417,0.0355607362982707
0.374825294046825,1.5767666144749,55.7381136660266,27.6904591241577,-0.0361413456954889,0.0371281332741304,0.0930571597702749,0.0366109958276136
0.386906476208563,1.57678322789856,55.8366370036609,27.8185024621108,0.00591526220893712,0.0903108007204807,0.0926080754253637,0.0377325372326081
0.397236042138993,1.57679781131387,55.869850620266,27.925917638585,-0.058999764426698,0.0687280680439351,0.0922133810317413,0.0386871084302626
0.407255780829173,1.57681084679156,55.9154999343482,28.0019623870903,-0.0461718098683939,0.0364356435364837,0.0918211239506646,0.0396091049688918
0.438881725032039,1.576823460693,55.9394083344057,28.0821293071706,-0.0666143414274085,0.0376741762989496,0.090522741484882,0.0424927437812765
0.431841156545438,1.57686711242039,55.9913196484846,28.17454115675,-0.0389083544281146,0.0505574852636865,0.0908196685070311,0.0418543643157196
0.420984934519813,1.57685319393589,56.0428675647476,28.2428641147822,-0.0397207717510035,0.027456999237442,0.0912686880139277,0.0408659587947759
0.429181708980772,1.57683406990517,56.134669613328,28.3302225966138,0.000871391885578277,0.0457457953881715,0.0909306566948819,0.0416126864434097
0.449841876014131,1.57684122405489,56.2214114790509,28.3604816799014,-0.00330972123499684,-0.0132232313512706,0.0900515869579332,0.0434823146389171
0.431440374859047,1.57686662691135,56.3160455657178,28.425900277159,0.00379765099157936,0.0236006351622606,0.0908364356752972,0.0418179620953436
0.423696852156898,1.57683720288349,56.4050104191509,28.5006295280599,-0.00219267398479772,0.0336159295189606,0.0911575274179069,0.0411133213819263
0.40908897179117,1.57682162705919,56.4538158108908,28.5407648634811,-0.0429429669117827,0.000357971446947047,0.0917483586516011,0.039777363974215
0.425106938934077,1.57679716979128,56.5069714369811,28.6082821680046,-0.0379438373696868,0.026275484033885,0.091099463459993,0.0412418204896607
0.389859026990346,1.57681801603548,56.6172065100482,28.6445040490851,0.017738808369959,-0.00178392133273775,0.0924962646971712,0.0380058024131953
0.383497856591334,1.57675922101019,56.7065515600053,28.7502761713268,-0.00339110309414181,0.0683554693014923,0.0927361530512925,0.0374166529401985
0.382844978866722,1.5767431999728,56.7631231404115,28.8754788027613,-0.0361889813783094,0.0878465318330637,0.0927605617844307,0.0373560996014951
0.382155792688405,1.57673693882101,56.7588981178341,28.9413242400399,-0.0970113076377075,0.0285532758407818,0.0927862850603207,0.0372921614378265
0.35497639021952,1.57673381476319,56.7181974703364,28.9781377602459,-0.134466117006699,0.0020566974548295,0.0937654695090236,0.0347568227511141
0.336269480095631,1.57668469655135,56.7696058003077,29.0092771053712,-0.0429908883117864,-0.00185743634704671,0.0943992182831389,0.032996781472324
0.372503877974675,1.57664644825164,56.8896682045962,29.0029622425202,0.0269205059815221,-0.0427097358385193,0.0931418983069437,0.0363948729875371
0.392473200487905,1.57671216904497,56.9883799650883,29.0344263581491,0.00631516549823807,-0.00678335792877327,0.0923965949938376,0.0382474735576712
0.398834652016019,1.57674314579459,57.0175667048429,29.1134382429361,-0.0629646778817694,0.0401774126313388,0.0921514176363417,0.038834472155709
0.383947290927039,1.57675044778803,57.0817140047757,29.1038879083018,-0.028572027424552,-0.0470086626055011,0.0927193273573558,0.0374583279712201
0.385235266220749,1.57672463580993,57.1976278647753,29.0668431304966,0.0232428549350345,-0.0746224948768717,0.0926710050645993,0.0375777170716505
0.398815402780167,1.57672535920376,57.2677277681892,29.1343798558082,-0.0220522617392653,0.0287040270074055,0.0921521651531828,0.0388326983041421
0.393137775090972,1.57674407434575,57.3457403309505,29.178286306121,-0.0143585935309094,0.00559758077544537,0.092371156292239,0.038308869537416
0.378169227233458,1.57673175877205,57.413631666762,29.1866729694625,-0.0250428791860795,-0.0285353041411422,0.0929342149975496,0.0369219674826413
0.378806693504753,1.57670480978712,57.5632760373527,29.2811572413363,0.0567337109829555,0.05750306946954,0.0929106596076796,0.0369812024042742
0.380079556107584,1.57669969424312,57.6729748791441,29.3483340620833,0.0168353294265575,0.0300773858286512,0.0928635123648932,0.0370994349182752
0.405477205272062,1.57669739163807,57.7630710940606,29.3608568012815,-0.00179521155264872,-0.0269229924017544,0.0918914264691935,0.0394457315999691
0.392146385226121,1.57673645979856,57.8050807477445,29.3216736265926,-0.0503994362334961,-0.0774004495871026,0.0924090899173407,0.0382172748982556
0.376347318003418,1.57671542155134,57.9143081136347,29.3523939173173,0.0162260366972085,-0.00603229786901238,0.0930013291929816,0.0367525885937123
0.386428451972649,1.57668553069307,57.9853582985643,29.326222080201,-0.0215759169815204,-0.063860101135031,0.092626101911152,0.0376882640187218
0.397114262134793,1.57670181804939,58.0224027489381,29.3205059173262,-0.0551736412903612,-0.0443920412723067,0.0922180916641775,0.038675878397489
0.411134148552054,1.57671857154229,58.092418072721,29.244933479016,-0.0216514913049473,-0.11553736057521,0.0916668150878399,0.0399649222650535
0.421268550788198,1.57674101126648,58.1638340166599,29.2348238161353,-0.019841150153761,-0.051001505316334,0.0912570940926019,0.040891842435552
0.40626606651233,1.57675463792938,58.2344307183652,29.3225900781441,-0.0212635789662432,0.0482480531053042,0.0918602806715573,0.0395182089035259
0.453560056960789,1.57672801605456,58.2960808650231,29.3961828549925,-0.0282391430836757,0.0297759354544578,0.0898892897416447,0.043816841393951
0.444333835116357,1.57679044308793,58.293214406342,29.4601763361877,-0.093156180783204,0.0210078314648481,0.0902897221020356,0.0429856497303133
0.463041205206727,1.57677683652173,58.3155148261531,29.474667643704,-0.067169402044172,-0.0301758054102219,0.0894698218552505,0.0446671129265117
0.454823706692616,1.57679936959832,58.3252453221711,29.4997965109125,-0.0801033528303723,-0.0188015277484226,0.0898338488484256,0.0439303949570024
0.43826674218861,1.5767883581711,58.3658719397713,29.555254100102,-0.0499222390733802,0.0130205233730987,0.0905488566736042,0.0424370658163719
0.419144871144977,1.57676428850488,58.4892081136603,29.5936481477438,0.0319924444735982,-0.00230390189499907,0.0913437294153156,0.0406979495368207
0.399087162574941,1.57673343129384,58.5676848752594,29.5691181241801,-0.0136648469851597,-0.0633877636870963,0.0921416085843163,0.0388577401233608
0.397007200283352,1.57670192440206,58.5965249582266,29.603381369692,-0.0633821488796524,-0.00440275962432679,0.092222231846804,0.0386660051362218
0.417701698712241,1.57669696494085,58.6565480108115,29.6125910742872,-0.0313793158459479,-0.0313563778533741,0.0914023684308603,0.0405660824486327
0.415337629556132,1.57672688946291,58.7608808361903,29.6351400892889,0.0128348114286947,-0.0178008727699943,0.091498013950123,0.0403498877716295
0.443919140208001,1.57672034534426,58.8754764167059,29.6367928623827,0.0242880402476651,-0.0412954302533333,0.0903075402679543,0.0429482033471928
0.443860197448087,1.57675728807335,59.0285900004438,29.698255922377,0.0628035121411301,0.0185201796972851,0.090310071596716,0.042942880296925
0.449512523284739,1.57675180281979,59.1318450387296,29.7315152319484,0.0131891351932261,-0.0101933439737021,0.0900659030925882,0.0434526535451693
0.434259981112251,1.57675562945674,59.2067049897688,29.7159891784737,-0.0158582135221454,-0.0575999719826825,0.0907181645613697,0.0420739185079812
0.415303439298861,1.57673434754342,59.2599632415002,29.758757410056,-0.0382411417383111,0.00242147217490718,0.0914993934696871,0.0403467594074094
0.440404814567912,1.57670519178512,59.3240065639183,29.8042162712255,-0.0264145938409897,0.00282829248853389,0.0904579162591152,0.0426305686809231
0.451840821863758,1.57673724629451,59.4204849098486,29.75005715544,0.00651385762015799,-0.0978213516775419,0.0899644883101302,0.0436622358920893
0.436861107179986,1.57675108655966,59.5186528808186,29.7681913976378,0.00755955274430065,-0.0241755030937778,0.0906084182256924,0.0423097452915758
0.451151430259956,1.57672898201244,59.5804846742896,29.8189839677996,-0.0281627738372201,0.00719236540306767,0.0899945673082774,0.0436002047586469
0.437735598436965,1.57674444939385,59.6266292625627,29.8118967734704,-0.0444267958092688,-0.0494761597023192,0.0905713840823554,0.0423889653731542
0.427888878909424,1.57672634879019,59.7363952495166,29.784824948281,0.0187816081327377,-0.0685669190022331,0.0909843788211037,0.0414950938128582
0.420620277081845,1.57671126148657,59.8515953149724,29.7542381623978,0.0239164814346591,-0.0714194601556919,0.0912835840212027,0.0408326742724992
0.430277668065783,1.57669931488065,59.9245286899184,29.8001524118232,-0.0179516213466773,0.00420193171362548,0.0908849962926553,0.0417123177117267
0.433924469125369,1.57670968916559,60.0489760291418,29.8187972970005,0.0337150634642818,-0.0233985939315264,0.090732275759105,0.0420434791088194
0.414452643606975,1.57671114388403,60.1437205206261,29.8224471171278,0.00321080428577858,-0.0366190773971091,0.0915336871985638,0.0402688975244601
0.40072929441566,1.57668180751404,60.1960001427633,29.8141749420684,-0.0397980527091786,-0.0472811713923065,0.0920776748463156,0.0390089963328485
0.407025214423327,1.57666049329756,60.2224931294671,29.8334664168844,-0.0653372673350763,-0.0202964582337142,0.0918302540389099,0.0395879330497221
0.405896132298017,1.57666880915819,60.2586753347619,29.859542858971,-0.0556926882283992,-0.0134077818528251,0.0918748935231853,0.0394842239394846
0.426572184780388,1.57666555492258,60.3198231916843,29.8288485695551,-0.0298910793603167,-0.0720695486962715,0.0910389362826803,0.0413752592803729
0.438146886837635,1.57669459582413,60.3869538286621,29.9018271985689,-0.0234233053548341,0.0305524162671471,0.0905539423326288,0.0424262127465902
0.430158411440644,1.57670640548898,60.5028188274187,29.9456015199195,0.0249750286400054,0.00207284257340312,0.0908899701165909,0.0417014787771994
0.43486357817931,1.57669189717004,60.6945076646754,29.9773151332782,0.100996084913342,-0.0104150546996582,0.0906927523434531,0.0421286680583316
0.438817241736149,1.57669277264122,60.8108993395448,30.0792651935729,0.025866193500514,0.0594631538065507,0.0905254813688495,0.0424869064882123
0.449668972702445,1.57669233626008,60.9311515169825,30.2141224174283,0.0301930735896807,0.091390480083966,0.0900591038480255,0.0434667437714232
0.460794087760926,1.57669939193274,61.0700093763246,30.2376755407536,0.0492878912130479,-0.0209128277987656,0.0895699681290044,0.0444659511240808
0.461908453974144,1.57670866020508,61.1425710293964,30.2393843841649,-0.0169587080992759,-0.0428568938292209,0.0895203611711612,0.0445657372404502
0.433262836412479,1.57670815028736,61.2078929423061,30.2027230520886,-0.0254381603291431,-0.0786447705453064,0.0907600732388354,0.041983438469011
0.436781107663479,1.57667239072664,61.221519870784,30.1934414846875,-0.0769848742170467,-0.0515840639275726,0.0906118026949122,0.0423024965265445
0.435046240637991,1.57667691009315,61.3153301912981,30.1897269469285,0.00312526500965937,-0.0458597712755484,0.0906850555043995,0.0421452335165435
0.440028912459646,1.57667257344405,61.4681559865074,30.2862066904678,0.0623518604209572,0.0538831811909173,0.0904739347884215,0.0425965623483921
0.468022346158031,1.57667272864151,61.6046314757468,30.3104614243489,0.047229269599228,-0.0208574848621907,0.0892462196401392,0.0451122187433076
0.453493334981702,1.57670194990365,61.689765633156,30.3780012031045,-0.00475805567876186,0.0237289350504852,0.0898922130879321,0.0438108437051127
0.456322840509012,1.57668149816453,61.7957723643593,30.4405418270311,0.0162388408172021,0.0184756054239834,0.0897678903860701,0.0440650185026003
0.448007215873823,1.57668061127944,61.9339320469819,30.4680656315965,0.04802847199581,-0.0157932229288651,0.0901312106268758,0.0433170274942054
0.438635973321063,1.57666670391353,62.0545708282342,30.5132920325536,0.0301055998365189,0.00275590457739128,0.0905331814157544,0.042470496379747
0.453772273057385,1.57665104009285,62.1906897379783,30.5358440432635,0.0462389206655835,-0.0212839056514103,0.0898799890785564,0.0438359163613421
0.459906107314786,1.57666568185997,62.2742378181746,30.5421670847048,-0.00606133750929239,-0.0380633557820573,0.0896094177055597,0.0443863972233671
0.452217630261092,1.57667060461443,62.3814426383233,30.5684928502756,0.0172567905221097,-0.0173703665955571,0.0899480296266046,0.0436961321662624
0.474001273016486,1.57665846468512,62.4492081875826,30.5774528258853,-0.0212093541687679,-0.0366850302504513,0.0889749034280072,0.0456450058601902
0.46788068859068,1.57668085185722,62.6363748553703,30.6370563311036,0.0979140585559417,0.0145039293299796,0.0892526092318368,0.04509957588835
0.471278026366149,1.57666825652061,62.7791389749325,30.7009538099187,0.0536652436004452,0.0184949425163374,0.0890988759617258,0.0454025362987246
0.491309257178432,1.57666677959965,62.8516114779044,30.6777712150405,-0.015699090251788,-0.0703606633889162,0.0881715932236463,0.0471780685107377
0.518834220196014,1.57668561858443,62.9180062575919,30.7109949993698,-0.0204450045798961,-0.0163630271066495,0.0868397842674616,0.0495868114359124
0.520112526327557,1.57670670292257,63.0789523686161,30.7157838094778,0.0741697848155365,-0.0449089686122583,0.0867763262086381,0.0496977787203012
0.496661809694882,1.57670349811567,63.1956582221683,30.74145111408,0.0287880452591089,-0.0219820289182699,0.087917808293053,0.0476493335204805
0.48698169365843,1.57668043338616,63.2786418295488,30.8775426153236,-0.00539132566519562,0.0892954414823546,0.0883749330456556,0.0467960597612223
0.510496544810221,1.57666593462474,63.3449906765606,30.9645623540526,-0.0209013528067867,0.0381586843850226,0.0872501998186783,0.0488610543439324
0.520138597233178,1.57668299567712,63.402749654405,31.0039348178433,-0.0290160526686627,-0.0103275772501235,0.0867750305130491,0.049700041040822
0.514762787921033,1.57668819901409,63.5004456707821,31.0166444931985,0.0106550630743865,-0.0365231637682246,0.0870409533026975,0.0492328391234716
0.511315538866152,1.57668125395052,63.6061255117338,31.0984459858681,0.0184696873031687,0.0328689973254015,0.0872101536484884,0.0489324953441682
0.502041796678614,1.57667381748296,63.6456870718373,31.0979134641715,-0.0480986242771539,-0.0486541600138395,0.087660184380705,0.0481216383172977
0.507272350737872,1.57666507347035,63.7244617753295,31.1493199358174,-0.00863258007415624,0.00282698235717227,0.0874072835663511,0.0485794892887059
0.502690931452679,1.57666628489766,63.8248728834803,31.2093275488378,0.0127821796656935,0.011829081571781,0.0876289284851357,0.0481785314486336
0.500447821951152,1.57665842660204,63.9112054584451,31.2912577261806,-0.00140420269725539,0.03394832821742,0.0877367776620242,0.0479818491253154
0.525458498240507,1.57665231088047,63.9382714702026,31.3419427134661,-0.0594433927821356,0.000524017137390587,0.0865094045395757,0.0501609701481943
0.536236569758582,1.57667038883304,63.9661840263645,31.3827106339077,-0.0580511956084404,-0.0103225227113004,0.0859637517704038,0.0510904431528675
0.537605676234308,1.57667618753425,64.0216056349329,31.4135291894518,-0.0304721143998492,-0.020389533217898,0.085893722968214,0.0512080887620276
0.502925632552644,1.57667494138648,64.1234815327604,31.4438366543711,0.0142582793101198,-0.0178916318081033,0.0876176185174113,0.0481990967274013
0.486166664133094,1.57664543860524,64.1576464154806,31.4439972463628,-0.0542481611390535,-0.0465634240550798,0.0884130438592629,0.0467240160467832
0.478124097606349,1.57662943267649,64.1865500957953,31.5587394792186,-0.0598822811114097,0.0687307880441264,0.0887859614260511,0.0460114448116093
0.486455445871312,1.57661795776319,64.2649613186134,31.5733929221971,-0.0099883243121397,-0.0320961031921243,0.0883995471302818,0.0467495461706431
0.498649790377605,1.57662385436818,64.3753928889613,31.6334213444779,0.0226086616755072,0.0122044041275782,0.0878229086723777,0.0478240181532585
0.49435756676518,1.57663085271575,64.4779254229055,31.6681813451851,0.0145051635096607,-0.0126866225065747,0.0880273704345041,0.0474466232137399
0.476764554487807,1.57662367192267,64.6069286603274,31.7480418838443,0.0401548035261126,0.033969844676049,0.0888484338958626,0.0458906939831219
0.47396469800402,1.57660179030366,64.6673260165877,31.7480030342687,-0.0285792165748546,-0.0456806011470583,0.0889765728351529,0.0456417515714585
0.458988282606568,1.57659752950445,64.7238015283139,31.7787582248659,-0.0331746071621435,-0.0135489422044444,0.0896501188883379,0.0443041328016573
0.465273281852598,1.57657951293,64.7797789245718,31.9163216951022,-0.0333925023839203,0.0926967652452166,0.0893698986417695,0.0448667049911162
0.464300466157263,1.57658151793049,64.7985493362653,32.0175603909986,-0.0706430916876357,0.0564589525619166,0.0894135033811895,0.0447797433344813
0.477722238394971,1.57657744574068,64.8543124897389,32.0665117948852,-0.0330412909058282,0.00297564224562841,0.0888044443794208,0.0459757616409164
0.470462488164071,1.57658884153074,64.8968314876726,32.104510603079,-0.0466168758968273,-0.00733104947716434,0.0891358738305006,0.0453298576709997
0.457249671581203,1.57657946805122,65.0372540664419,32.1630324471334,0.0506955677617213,0.0143736448199139,0.0897270110075554,0.0441481992345104
0.457480865058377,1.57656045945611,65.117830197998,32.1811533799274,-0.00914067027780519,-0.026048009560105,0.089716801833981,0.0441689423541269
0.471799371214091,1.57655839815578,65.1970509107491,32.1902641968117,-0.00985448072479223,-0.0363381644820322,0.0890751934758582,0.0454489813663456
0.487151241735647,1.57657166190136,65.3075896137639,32.2419132684404,0.0221717054213126,0.00483802874012795,0.0883669975935025,0.0468110428885099
0.489839734033026,1.57658286264486,65.4304129889505,32.3276580910298,0.0345825479273856,0.0386963751694829,0.088240827259141,0.047048447419893
0.493767908996991,1.57658032027405,65.3835722071943,32.3360565667784,-0.13489611415562,-0.0389962331967801,0.0880553323994408,0.0473947089454509
0.507797310711266,1.57658480646219,65.3610659532429,32.4227315520074,-0.109888023187551,0.0380496173109481,0.0873817692361386,0.0486253679180139
0.522635216004107,1.57659530217892,65.4150324697483,32.4430375061882,-0.0326841616423685,-0.0296105759122867,0.0866506781477631,0.0499165300930741
0.511060310586054,1.57660504612142,65.4545690067886,32.4356294067609,-0.047686102724132,-0.0563183346803857,0.0872226397644814,0.0489102352531197
0.49601712205728,1.5765953736962,65.5080119577884,32.4745732627596,-0.034505557957127,-0.0086487880995616,0.0879485089568921,0.0475926440982162
0.521716076927074,1.57658043848101,65.5923848720222,32.5239513333192,-0.00232360753887129,-0.000458794435122201,0.0866965217727365,0.049836864994795
0.510179024497707,1.57659809071161,65.6874408368251,32.5252191552007,0.00779025500541763,-0.0475655262891923,0.0872657097974173,0.0488333481706196
0.505351107816201,1.57658686452536,65.7472167383828,32.4953618316277,-0.0277245536334405,-0.0782687926824543,0.0875004551911548,0.0484114691095066
0.502645371178122,1.5765822100259,65.8134014537564,32.4855632377987,-0.0214464080476926,-0.0579731328295914,0.0876311234213081,0.048174539000591
0.508481004211858,1.57657859849456,65.8842989745529,32.5144635018741,-0.0164509831715431,-0.0197848348210652,0.0873485039679926,0.0486850988964137
0.502786459862481,1.57658100609026,65.9420623500979,32.4757274737183,-0.0298609501217353,-0.0869229304367583,0.0876243256668101,0.0481869022809809
0.502139749545237,1.576575869546,66.0390719485212,32.4712548015913,0.00935412811552183,-0.0526028967798204,0.0876554703077533,0.0481302246527749
0.542439133801628,1.57657310957522,66.1066972668878,32.5373416869927,-0.0180198901052222,0.0144642327592006,0.0856452084717943,0.0516226526422548
0.534636310003809,1.57659900871227,66.2225781407848,32.6089412791535,0.0298354742508167,0.0206467786985218,0.0860453996462313,0.0509528134622647
0.529632756369923,1.57658956887113,66.331406646108,32.6160868378031,0.0225292387003719,-0.0433760860225672,0.0862992666227456,0.0505216446721231
0.514002399523841,1.57658340343607,66.4819417714325,32.6560497941335,0.0634567611089896,-0.00920368363543922,0.0870783642155947,0.0491666399658981
0.526936211081498,1.57656753002357,66.6265439811762,32.6342219233614,0.0581670231392426,-0.0721166221651153,0.0864351866043726,0.0502887513930032
0.523807626759716,1.57657390911903,66.7151674026889,32.6234002535457,0.0020313255810045,-0.0608397557661871,0.0865920959316991,0.0500180859505381
0.532253443536482,1.5765698277175,66.8235177097179,32.6394422197516,0.0221837380321119,-0.0347056680966986,0.0861665689969106,0.0507476343025037
0.544994085651856,1.57657251199221,66.8495611397799,32.6198395267956,-0.0594696056250434,-0.071443996253489,0.0855130356870646,0.0518413032974945
0.523641218913642,1.57658013387427,66.8980366501292,32.5870924623729,-0.038124907785388,-0.0827507400765377,0.0866004181346729,0.0500036756538938
0.525933223534452,1.5765661018719,66.9458640326554,32.5595403861288,-0.0386581995848854,-0.0777541089409741,0.086485582111115,0.0502020326969097
0.531104932227569,1.57656715827886,67.0137578255921,32.6129240285928,-0.0183310034490756,0.00273500488871292,0.0862247963857777,0.0506486375752712
0.526475551267993,1.57656770684581,67.0642751908814,32.7096242464757,-0.0359409781500268,0.0464512890412347,0.0864583434392957,0.0502489288416459
0.528270859287466,1.57656114357954,67.100177607513,32.773906057386,-0.0504655752179843,0.0138777437740583,0.0863679918495963,0.0504040671361753
0.512538933600299,1.57655998738797,67.140652500819,32.7714571831152,-0.046675331336818,-0.051488025412576,0.0871502246428104,0.0490391511417936
0.521789353841481,1.57654781047815,67.1591172699165,32.7511364844349,-0.0682281005507903,-0.0701639163948631,0.0866928696482905,0.0498432177145949
0.510322676547366,1.57655462186065,67.1400176099744,32.806702658553,-0.106358353828551,0.00672029055329482,0.0872586938864812,0.0488458835647935
0.525824825105934,1.57654529471642,67.2079755353538,32.8071074539948,-0.0185330980450669,-0.0497878620590324,0.0864910234244448,0.0501926575007954
0.501679912991954,1.57655493475409,67.256183250203,32.7712853374194,-0.0394698782270932,-0.0839120289516,0.087677593076227,0.0480899123762931
0.516157399362447,1.57653647450698,67.3361782163423,32.8509753977533,-0.00697724186011683,0.0303358808178249,0.0869722079994706,0.0493541795159926
0.512906533114912,1.57654394715888,67.3162502006285,32.9014182015962,-0.107060207700551,0.00137161963493604,0.0871321919867808,0.0490711842080336
0.491143390006778,1.57654081565051,67.3483807615932,32.9424994918747,-0.0560488563388635,-0.00608215281059366,0.0881794173035135,0.0471634430890369
0.486506368379868,1.57652124229988,67.459528025897,32.9804015111747,0.0227500978923771,-0.00885202833667798,0.0883971664115035,0.046754047636723
0.473247551116311,1.57651358493182,67.5237401336693,33.0284486728416,-0.0247971740199127,0.00246923109904351,0.0890092817921268,0.0455779305678721
0.465515817949298,1.57649841367841,67.6472371556819,32.9838024682015,0.0341380077947502,-0.089534583737775,0.0893590142178392,0.0448883790976686
0.474563749604528,1.57648892932158,67.7664501529969,33.0551694652289,0.0302637822077347,0.0256719520902884,0.0889492151072679,0.0456950449370715
0.488250077049459,1.57649347055959,67.8508633659352,33.099354830738,-0.00390229368964334,-0.00272274987662158,0.0883155066279753,0.046908115385763
0.49249423684899,1.57650317867493,67.9395537330612,33.1425057531244,0.000574740845598498,-0.00413159452225287,0.0881156262804018,0.0472825169086054
0.525982274830569,1.57650380568831,68.0247849624218,33.1767284648868,-0.00125189017164651,-0.0159835631039531,0.086483119532301,0.0502062748664123
0.526329670086673,1.57652671948757,68.1088702656078,33.1652083332491,-0.00238036970638156,-0.0617564472994463,0.0864656728923954,0.050236315661733
0.520283900707782,1.57652518591992,68.1670536059606,33.1289235710311,-0.0285844676556,-0.0859974114476216,0.0867678080083784,0.0497126492295592
0.515026418037617,1.57652048079497,68.2308489057863,33.1509698303167,-0.023232671193302,-0.0272095247433928,0.0870279710190204,0.0492557840290108
0.529473113142144,1.57651468571894,68.2368480594628,33.0807606533632,-0.0803081772849659,-0.120717043888357,0.0863073309614296,0.0505078669349068
0.521548679973586,1.57652607979027,68.253910997714,33.1415954688533,-0.0696419248462288,0.0110124639270612,0.0867048630973754,0.0498223515629822
0.495112602732876,1.57651898284249,68.2345653102675,33.1998941452923,-0.107337208885999,0.0107856029250062,0.0879915214395455,0.0475130735140762
0.494499636178031,1.57649778511962,68.2642014930603,33.175573169068,-0.0583844460394864,-0.0717801049560798,0.0880206288322652,0.0474591287317057
0.516705762196585,1.57649714692786,68.3399093680744,33.2109451016504,-0.0112372559125866,-0.0140299318371575,0.0869451309267217,0.0494018644196272
0.516863384547445,1.57651191296022,68.3176969242652,33.2548305635359,-0.109149786817937,-0.00553010641633911,0.0869373430086798,0.049415568301813
0.510147484219876,1.5765115462087,68.3269873517793,33.2825551940678,-0.0779768224573107,-0.0211059652296886,0.0872672499713802,0.0488305957615985
0.532172354725595,1.57650572195383,68.3628683100531,33.3949202997155,-0.050289725505106,0.0616244586566026,0.0861706837789373,0.0507406469910503
0.530505652427092,1.57651762237942,68.4296119120463,33.484685492145,-0.0195115316129577,0.0391682367248105,0.0862551336061556,0.0505969557047086
0.527684765794083,1.5765129106554,68.4834012591164,33.4806477064664,-0.0326081714396,-0.0543912244425915,0.0863975185097503,0.0503534387639748
0.532131866704408,1.57650986887571,68.5586646606675,33.505828405894,-0.0109093365455823,-0.0255564586414057,0.0861727380966982,0.0507371580689918
0.515705660582761,1.57651035887473,68.6341133513494,33.5615548805631,-0.0115458036395264,0.00641158890667626,0.0869944943214204,0.0493148857624182
0.502906948444001,1.57649612369037,68.6663173831348,33.5822119875022,-0.0554144872739304,-0.0275403527227738,0.0876185190592775,0.0481974596618849
0.493525858326545,1.57648512907957,68.6838273128217,33.6475282870621,-0.0705568720539453,0.0179429058548717,0.0880668017408885,0.0473733937050223
0.527288369378328,1.57647544690038,68.734044356164,33.7376657823596,-0.0362004283017399,0.0398183081553665,0.0864174716440485,0.0503191871421834
0.519205191740142,1.57649776520387,68.738334553393,33.7501755972689,-0.0825311857674933,-0.037109208202688,0.0868213829964362,0.0496190231119693
0.523033087448411,1.57649184027829,68.6881235291263,33.7557470957171,-0.136841835194604,-0.0443795035234729,0.0866308109278902,0.0499510019716937
0.53121102205653,1.5764955785147,68.702535732551,33.7792007461678,-0.0718072191705286,-0.0272041344134699,0.086219422595258,0.0506577848641284
0.518829275128503,1.57650013663686,68.7408604759547,33.8264159961036,-0.0485152860728384,-0.002371132070909,0.08684002947653,0.0495863820067103
0.542062700878861,1.57648977072371,68.7831147429294,33.8522627301817,-0.0434103678946354,-0.0257436752313041,0.0856646348693128,0.0515904093093603
0.534916292277246,1.5765031791382,68.8151591229271,33.9147350610936,-0.0539867503916085,0.0114954282604316,0.0860311303893139,0.0509769026514643
0.555328504373494,1.5764967197654,68.8095425226515,33.9314173930573,-0.0905893293991245,-0.0360399148140331,0.084972729123569,0.0527222467777367
0.568954101197873,1.57650797679802,68.8222096165711,33.8938198341968,-0.0715793975896943,-0.0914726799125081,0.0842464915093221,0.0538751210520192
0.574761619903014,1.57651482642343,68.8485634313302,33.8814947991772,-0.0575783770375313,-0.0666885078687489,0.0839321917965993,0.0543634728491371
0.5835661997764,1.57651681189097,68.8761785935399,33.8765637168076,-0.0558351350150907,-0.0600314262259474,0.0834502972248165,0.0551003438563661
0.589873059971067,1.57651945179238,68.8539828738238,33.8463966477176,-0.10529684940513,-0.0857926229696417,0.0831011296889526,0.0556255538796684
0.570829518248339,1.57652268276664,68.9201484999201,33.8615841090025,-0.0179796789962552,-0.038845562236677,0.0841453050925557,0.0540330235215532
0.589526481907592,1.57651387966751,68.9627603086873,33.8371321603356,-0.0405085945271519,-0.0800486981777269,0.0831204032944076,0.0555967495108755
0.598230562301242,1.57652002838911,69.0747288541586,33.9153029703889,0.029335203267097,0.0218526890248611,0.0826333422041742,0.0563181210283852
0.615195058716545,1.57651798628805,69.1422497164792,33.9176699375492,-0.0141452267368205,-0.0553448158485601,0.0816660890574421,0.0577117830088617
0.625834628684117,1.57651968090592,69.1818429711722,33.9882524321563,-0.0414541951204921,0.0120051023918926,0.0810474498134438,0.0585773922152336
0.63943190499868,1.57651856628935,69.2498685921268,33.999581569174,-0.0122178682633969,-0.0483448308252505,0.0802434892180141,0.0596739678429251
0.655397906944968,1.57651733100293,69.2522050745945,34.0108478488183,-0.0769440651956064,-0.0496811957932088,0.079280547663293,0.06094747543753
0.665399155769468,1.57651658591387,69.1822913070207,34.0192887320902,-0.148580809547223,-0.0532964353219487,0.0786670419734151,0.0617373185938047
0.678193420460444,1.57651725639956,69.2007075962344,34.0294068750833,-0.0594544521714067,-0.0526205821782089,0.0778707413851605,0.0627387251713441
0.670178115738245,1.57651443724586,69.2496187096736,34.090764409356,-0.0294599911678972,-0.000755024543316551,0.0783711046070458,0.0621125588160035
0.705971325205,1.57651341898294,69.3258673543333,34.1964613136097,0.000150470560805971,0.0408195746322075,0.0760981740988911,0.0648773296214853
0.695180264291982,1.57650016215711,69.3540270720468,34.2222364933856,-0.0486341073550509,-0.0382772084023539,0.0767938250685806,0.0640523881782423
0.695598842602631,1.57650248151423,69.3976365920039,34.2187197135557,-0.0331574874443419,-0.0676013066254519,0.0767670074014883,0.0640845267956302
0.722042885922894,1.57650123734515,69.439344038988,34.2876448796958,-0.033338264378715,0.00283325130882339,0.0750457113627671,0.0660919148312126
0.733058428794318,1.57648892038009,69.504828560412,34.3328397278565,-0.00882861328177675,-0.0217197093749704,0.0743131347057804,0.0669145575357152
0.722593246417278,1.57648101684462,69.4990701811705,34.2790844236829,-0.080767704861584,-0.119888511188027,0.0750093256201342,0.0661332070144242
0.718409404023989,1.57648717378167,69.4736369060011,34.2742033248051,-0.100718634396644,-0.0706999007966527,0.0752853592272149,0.0658188019188226
0.718111425442143,1.57648981416332,69.5120860046955,34.2573220247994,-0.036855869783416,-0.0826776655781636,0.0753049684778393,0.0657963655725119
0.695635789545389,1.57648918108032,69.5780554776271,34.3229259891158,-0.0107951666901691,0.00151660125827036,0.0767646396217492,0.0640873630581175
0.703926131508685,1.57649444910192,69.5750327225565,34.4002412034249,-0.0792534566301804,0.0125936557700204,0.0762307015596437,0.0647215585390566
0.714593969442013,1.5764904479278,69.5987431074017,34.4304313335542,-0.0518255531214855,-0.0353409470440074,0.0755359379667123,0.0655310771732694
0.716553772666308,1.57648524007183,69.619534914896,34.4399183350852,-0.0546155574780904,-0.0561919852755022,0.0754073649723364,0.0656789868065035
0.740117801223475,1.57648369461333,69.5794721258676,34.4340228483421,-0.11390170119487,-0.0733329766879525,0.0738389121664896,0.067437489944907
0.727850419388846,1.57647346227186,69.6900099027521,34.4029948334163,0.0358771599177707,-0.0975546432347283,0.0746606169666662,0.0665266283089468
0.7371266767739,1.57647729274234,69.7489218634609,34.4159297855304,-0.0151283347701998,-0.0542813751092019,0.0740402954790149,0.0672163272232288
0.724631614878112,1.57647069427976,69.7641828636587,34.5061393316466,-0.0596133658424769,0.0239235799539603,0.0748743660402985,0.0662859661622533
0.735597606762396,1.57647500225497,69.90415360485,34.6088046459115,0.0658277538372189,0.035562278370783,0.0741429873540767,0.0671030358941623
0.730382250894624,1.57646394727161,69.9036820297078,34.6490950001481,-0.074963518781793,-0.026425088749253,0.0744919436395644,0.0667154429858632
0.711747357826141,1.57646594403506,69.9738467277774,34.7364041113169,-0.00555747512950688,0.0219933206890399,0.0757221731991516,0.0653157904797736
0.701451809474535,1.57647076801584,69.9621623712204,34.7974644902345,-0.0880749665792848,-0.00347236238813409,0.0763906100222845,0.0645327413056601
0.706543109241178,1.57647370217836,70.0003874527302,34.8587122186115,-0.0378359843300657,-0.00367310235785467,0.0760610658398717,0.0649208307348474
