X,Y,Theta,FmPi_x,FmPi_y,Xi_x,Xi_y
0,0,6.01500505636056,0,0,0,0
0.0571858704064432,-0.0171440760599563,5.99286317612404,0.0958151711704457,-0.0286260890374182,-0.0386293007640024,0.0114820129774619
0.104022110741025,-0.0393852106228939,5.84720515749211,0.090645656148027,-0.0422299067189788,-0.043809415813445,0.0199887721560413
0.144362882125098,-0.0845091902556532,5.64954268597725,0.080587612114444,-0.0592084180982056,-0.0402468407303712,0.0140844384654463
0.182823313916805,-0.135345970408195,5.55505212547465,0.0746418027586873,-0.0665477368580873,-0.0361813709669799,0.0157109567055452
0.233357797811759,-0.187604644876527,5.66992169623847,0.0817774039558081,-0.0575539416742988,-0.0312429200608544,0.00529526720596727
0.248703130483998,-0.266442153341472,5.21987157998794,0.0485978654970482,-0.0873970678520213,-0.0332525328248094,0.00855955938707639
0.2419142671538,-0.369245267750383,4.90765198990079,0.019402455313048,-0.098099667317607,-0.0261913186432462,-0.00470344709130442
0.204843931707501,-0.470791335710653,4.65635092674893,-0.00560087291984721,-0.0998430279114958,-0.0314694625264517,-0.00170304004877445
0.236806764553786,-0.54421671726098,5.51496332196725,0.0719147272928955,-0.0694857683154506,-0.0399518944466102,-0.00393961323487615
0.26276235790133,-0.636203425346992,5.32251995946385,0.0572974811928866,-0.0819572977162547,-0.0313418878453432,-0.0100294103697575
0.324925539229326,-0.671573480437077,5.93850258698172,0.094118270821218,-0.033789807599687,-0.0319550894932217,-0.00158024749039744
0.385253528988789,-0.648551886642364,6.46417049736859,0.0983666837178211,0.0179998759539657,-0.0380386939583584,0.00502171784074699
0.448241390961662,-0.630832321716744,6.42061131045846,0.099057189901957,0.0136993842462945,-0.0360693279290838,0.00402018067932579
0.520278811104705,-0.634092375788495,6.2963745572647,0.0999913023101956,0.00131888676962081,-0.0279538821671518,-0.00457894084137229
0.590016019709519,-0.651154583589614,6.08885327557304,0.098117688059823,-0.0193111182947873,-0.0283804794550094,0.00224891049366884
0.657120292899148,-0.6860224670062,5.90732836061271,0.0930193404301823,-0.0367069789813034,-0.0259150672405533,0.00183909556471686
0.729888647544496,-0.716548296694944,6.00490965887535,0.0961530543610482,-0.0274698040954301,-0.0233846997157,-0.00305602559331355
0.804217498398466,-0.704615804215894,6.33815480193638,0.0998489557715636,0.00549418158858395,-0.0255201049175936,0.0064383108904663
0.876917036920771,-0.718761913464969,6.13142870965221,0.0988507049924174,-0.0151174773855317,-0.0261511664701127,0.000971368136456971
0.948598262531719,-0.693084153822544,6.62755756731134,0.0941287566711346,0.0337605860071525,-0.0224475310601862,-0.00808282636472787
1.01689741824352,-0.694192321374027,6.30214487753496,0.0999820272729876,0.00189584344911607,-0.0316828715611907,-0.00300401100059884
1.07398015266506,-0.754191994789636,5.71444404911804,0.0842579565506943,-0.0538571885443467,-0.0271752221291471,-0.00614248487126202
1.14332049891711,-0.8041245670714,5.87883265007225,0.0919357269815845,-0.0393423703450562,-0.022595380729541,-0.0105902019367085
1.21728630904698,-0.852336456283097,5.90989551889494,0.0931132664391985,-0.0364680629184336,-0.019147456309322,-0.0117438262932635
1.28456753273328,-0.899581938203487,5.80011925166624,0.0885574915228751,-0.0464496576432583,-0.0212762678365777,-0.000795824277131749
1.35917225968729,-0.937296424650961,5.90872764488341,0.093070612845979,-0.0365767825877822,-0.0184658858919716,-0.00113770385969139
1.43411340463099,-0.96965796250637,5.99223224325383,0.0957970909602515,-0.0286865362766803,-0.0208559460165477,-0.00367500157872891
1.51580251087595,-0.996554765496668,6.07720510561401,0.0978860977364153,-0.0204526739067768,-0.0161969914914559,-0.00644412908352097
1.59624062073264,-1.03011600371867,6.04530756750218,0.097184025387909,-0.0235640660625932,-0.0167459155312187,-0.00999717215940641
1.6739451517969,-1.05479053862892,6.11743056875288,0.0986294106865466,-0.0164996771975857,-0.020924879622288,-0.008174857712672
1.76150232071275,-1.077284865959,6.2251654223425,0.0998317318596395,-0.00579873381912361,-0.0122745629437852,-0.0166955935109517
1.85761472242494,-1.09848766131434,6.18529832298895,0.0995212893444439,-0.00977307358099118,-0.00340888763225411,-0.0114297217743517
1.93399429442672,-1.063337460124,6.69610566723118,0.0915952830882628,0.0401285947421662,-0.0152157110864859,-0.00497839355181855
1.94856122096155,-0.972147873055423,7.51940057581512,0.0328373488040536,0.0944547961911989,-0.018270422269221,-0.00326520912262612
1.94612953850209,-0.887531218624605,7.74007732977143,0.0113658161242052,0.0993519915443609,-0.0137974985836696,-0.0147353371135434
1.99412328951547,-0.828111759922005,7.1082709329187,0.0678494066939636,0.0734605881495454,-0.0198556556805867,-0.014041129446945
2.04464001672791,-0.783150828765105,7.01895174384638,0.0741316572983268,0.0671155524912329,-0.0236149300858797,-0.0221546213343334
2.10057612307873,-0.760409821254939,6.75632416590707,0.089014235240489,0.0455682556671955,-0.0330781288896771,-0.0228272481570285
2.1473041724769,-0.717404178481209,6.99888263168365,0.0754635879572287,0.0656143802273679,-0.0287355385590553,-0.0226087374536386
2.20139375541818,-0.670095821801302,6.90232965226747,0.0814375324252456,0.0580338548821899,-0.0273479494839681,-0.0107254982022823
2.24300076444642,-0.610504671452953,7.13683242579458,0.0657238753839143,0.0753682440058125,-0.0241168663556701,-0.0157770936574642
2.29971725290171,-0.580177038812685,6.84770914124246,0.0844843451439027,0.0535013591005492,-0.0277678566886135,-0.0231737264602807
2.36412380332437,-0.553059615149002,6.75280495374203,0.0891740480555614,0.0452547141564768,-0.0247674976328989,-0.0181372904927946
2.41311214005114,-0.496341024803143,6.98857614849111,0.0761358215205945,0.0648331449289959,-0.0271474847938296,-0.0081145545831362
2.46515111041303,-0.440180137572617,6.95686622759386,0.0781530560983468,0.0623866958773156,-0.0261140857364495,-0.00622580864678957
2.50957653070243,-0.375724388094892,7.13199122380175,0.0660879766602152,0.0750491794822492,-0.0216625563708175,-0.0105934300045244
2.51743175257429,-0.282435013395874,7.58894715763398,0.0261942540851544,0.0965083470634658,-0.0183390322132986,-0.00321897236444799
2.52952981755423,-0.196545275820355,7.52013237031286,0.0327682185175046,0.0944788010888637,-0.020670153537562,-0.00858906351334496
2.5500127185178,-0.115045183119465,7.42432211473312,0.0416561292923844,0.0909107633472305,-0.0211732283288162,-0.00941067064634024
2.58776950486207,-0.0512606427340291,7.05967056520235,0.0713380987520284,0.0700776402745259,-0.0335813124077562,-0.00629309988909005
2.63567287794266,0.00177650318552595,6.87051949574602,0.0832420878360312,0.0554143917470767,-0.0353387147554391,-0.00237724582752158
2.6827433886157,0.0475669536649597,6.8776488077594,0.0828449092263298,0.0560064372664533,-0.0357743985532972,-0.0102159867870196
2.72972292441273,0.104131202239589,6.99120797261127,0.0759649286057985,0.0650332962559637,-0.028985392808764,-0.008469047681334
2.75661411804448,0.185013223946191,7.27301526651928,0.0548832011057978,0.0835932666928417,-0.0279920074740458,-0.0027112449862397
2.74882121664691,0.277980534339702,7.66675405566477,0.0186135642808135,0.0982524056945377,-0.0264064656783871,-0.00528509530102744
2.77587980364828,0.366326138784583,7.36366321904642,0.0470906812262185,0.0882182959575318,-0.0200320942248449,0.000127308487350042
2.8207769062591,0.446284597897617,7.16869845261805,0.0632892287182106,0.0774239854841769,-0.018392126107394,0.00253447362885678
2.86208696846404,0.521616128166309,7.12271747964863,0.0667811117339539,0.0744330781009167,-0.0254710495290082,0.000898452167774788
2.86232165714834,0.607371439182625,7.46322563289596,0.0380887538657356,0.0924621372722663,-0.0378540651814365,-0.00670682625594948
2.82046884014947,0.707663059077771,7.94350194640161,-0.00894007927266015,0.0995995732049016,-0.0329127377262173,0.00069204669024403
2.77325276528048,0.807094300714375,7.97988598274187,-0.0125571975017872,0.0992084512070474,-0.0346588773672036,0.000222790429556974
2.73919036383299,0.9119830528211,7.97586484992301,-0.0121581666960915,0.0992581431550583,-0.0219042347513945,0.00563060895166634
2.66352872270667,1.00492594054353,8.24111488896162,-0.0377535378083929,0.0925995161053785,-0.037908103317928,0.000343371617052723
2.59156012748934,1.09552448285309,8.16778919328642,-0.0308682482941721,0.0951165140616988,-0.0411003469231599,-0.00451797175214147
2.52064505196429,1.18557040465006,8.13215392006055,-0.0274598653557248,0.0961558931872897,-0.0434552101693257,-0.00610997139031377
2.45104320433469,1.26942899082336,8.13799586032897,-0.0280211305675392,0.0959938343942824,-0.0415807170620532,-0.0121352482209832
2.40167178892294,1.35158915640351,7.96273311685486,-0.0108537244394203,0.0994092383322251,-0.0385176909723348,-0.0172490727520758
2.35877147021275,1.44304073004427,7.93047947783879,-0.00764232558132617,0.0997075466537464,-0.0352579931288592,-0.00825597301298986
2.3128215619165,1.53191260847725,7.94203037220608,-0.00879350148373983,0.099612621347174,-0.0371564068125132,-0.0107407429141941
2.29952273655684,1.62105023812829,7.61243119277607,0.0239208342534752,0.0970968263570842,-0.0372196596131324,-0.00795919670604495
2.2485538728203,1.71690573242406,8.01870393373331,-0.0163978396045466,0.098646393022267,-0.034571024131991,-0.00279089872649196
2.23235186877116,1.81406461705972,7.7484951026047,0.0105291008233986,0.0994441453070552,-0.0267311048725423,-0.00228526067139689
2.24665863550814,1.90895686052736,7.47545788929528,0.0369549119622492,0.0929211196761125,-0.0226481452252725,0.00197112379152764
2.27229493343954,1.99294486536439,7.32886616174169,0.0501312922219657,0.0865266059669272,-0.0244949942905675,-0.00253860112989629
2.30518381299609,2.07037837832052,7.21929104548834,0.0592928387513354,0.080525519388627,-0.0264039591947762,-0.00309200643249719
2.31528605489061,2.15125886347301,7.43134447725898,0.0410166990995612,0.091201043826132,-0.0309144572050433,-0.01032055867364
2.28539974178063,2.24571548442875,7.78356255001571,0.0070360898805478,0.0997521600728167,-0.0369224029905335,-0.00529553911708552
2.25724430594325,2.3452741918978,7.6541928700744,0.0198462300922656,0.0980108522109917,-0.0480016659296454,0.00154785525805984
2.23997743475631,2.44269218846614,7.70294351765041,0.015046451116236,0.0988615411007067,-0.0323133223031715,-0.00144354453236295
2.22421018727287,2.53490964441605,7.69916515097996,0.0154198779775014,0.0988039845510239,-0.031187125460939,-0.00658652860111769
2.21126234828458,2.62047143603721,7.66266358263987,0.0190153062546015,0.0981754456472886,-0.0319631452428899,-0.0126136540261302
2.16290631965682,2.71187769129252,8.04287903342458,-0.0187776021985734,0.0982211874071584,-0.0295784264291892,-0.00681493215184886
2.11636779148081,2.79387803204411,8.09657694619373,-0.0240222748372411,0.0970717791721366,-0.0225162533387664,-0.0150714384205413
2.13605922896825,2.86775201118868,7.36618393977799,0.0468681581663975,0.0883367180174221,-0.0271767206789599,-0.0144627388728483
2.15867207855924,2.94330563487226,7.33725242676968,0.0494039028353587,0.086943972675709,-0.0267910532443718,-0.0113903489921338
2.15184261084526,3.03925223892909,7.62112103153552,0.0230761859426126,0.0973010259059069,-0.0299056536565914,-0.00135442184907691
2.10394418970876,3.13335772509166,7.97522259438368,-0.0120944151006353,0.099265931332827,-0.0358040060358702,-0.00516044517025482
2.07366561278005,3.22352700692126,7.80174822132141,0.00522096642337654,0.0998636145430656,-0.0354995433520804,-0.00969433271347026
2.02077870153867,3.32302680684898,8.05529676013132,-0.0199958069810562,0.0979804455142777,-0.0328911042603215,0.00151935441344825
2.05292929394479,3.39916147300365,7.17120706804289,0.0630948027734452,0.0775825100327391,-0.0309442103673323,-0.00144784387807184
2.0949527563985,3.46680784810982,6.98344365561106,0.0764675729133035,0.0644415261516098,-0.0344441104595883,0.00320484895456269
2.14011999581653,3.52959143606078,6.95129899942842,0.0784991641387077,0.0619506354247011,-0.0333319247206814,0.000832952526256592
2.20410152401958,3.56829657242866,6.73761267737957,0.0898512530109589,0.0438947870750121,-0.0258697248079107,-0.00518965070713312
2.25623472844235,3.62552754097521,6.99348991285795,0.0758163288543418,0.0652064742111571,-0.0236831244315656,-0.00797550566460953
2.31321992267129,3.66680610860233,6.89380450938391,0.0819293139942889,0.0573374878105521,-0.0249441197653497,-0.016058920183427
2.3578216801555,3.71649417253732,6.95732333382345,0.0781245305871223,0.0624224136071475,-0.0335227731029151,-0.0127343496721556
2.40156091150694,3.72806138089558,6.59915712807477,0.0950494843857977,0.0310740328569369,-0.0513102530343592,-0.0195068244986841
2.44257345583388,3.76856043431295,6.81508550322675,0.0861844900948487,0.0507171930127341,-0.0451719457679012,-0.0102181395953614
2.45661938839016,3.85153879669179,7.33101827524151,0.049944961195102,0.0866342937364861,-0.0358990286388234,-0.00365593135764242
2.48529013127098,3.92985687311481,7.18686876910684,0.0618720402983536,0.0785611267060174,-0.0332012974175351,-0.000243050282997426
2.49340689441211,4.01956947847878,7.41817600558759,0.0422140864781433,0.0906530247858053,-0.0340973233370123,-0.000940419421840755
2.515112730633,4.0922706988863,7.12559555486656,0.0665666114478581,0.074624970622104,-0.0448607752269701,-0.00192375021457802
2.53399945100331,4.16703064454107,7.21123190404547,0.0599398727594094,0.0800450601448073,-0.0410531523890993,-0.00528511449003599
2.58310636638,4.20967818980048,6.79024274859157,0.0874177217330685,0.0485607035266151,-0.0383108063563751,-0.00591315826721095
2.63449832241694,4.24819515292066,6.79942191433134,0.0869682984911957,0.0493610682374915,-0.0355763424542577,-0.0108441051173077
2.69655668901761,4.25274578095347,6.36094063158231,0.0996978577489594,0.00776769980549287,-0.0376394911482909,-0.00321707177268538
2.75901677539152,4.25292177913004,6.27380348281701,0.0999955991008617,-0.000938168673396223,-0.0375355127269512,0.00111416684996568
2.815259349003,4.27642651017271,6.60528116459251,0.0948574047093511,0.0316555330362067,-0.038614831097874,-0.00815080199353413
2.83516833723705,4.35452554266622,7.28091318270324,0.0542212836375649,0.0840241179703467,-0.0343122954035104,-0.00592508547683801
2.85028591646456,4.43358136281084,7.30589795244609,0.0521052561715729,0.0853524591285733,-0.0369876769440611,-0.00629663898395505
2.88885624967601,4.49215967667756,7.07741127858513,0.0700837107051238,0.071332135071092,-0.0315133774936767,-0.0127538212043691
2.93081238370539,4.53899632263382,6.93142733065034,0.0797146471357362,0.0603785974665284,-0.0377585131063531,-0.0135419515102649
2.98803607995025,4.55680557966406,6.58657196219044,0.0954330187471766,0.0298753900861734,-0.0382093225023246,-0.0120661330559373
3.04571660411192,4.56164290294805,6.5102051352885,0.0974341482438035,0.0225074822226857,-0.0397536240821275,-0.0176701589387024
3.10779727730645,4.55445936432614,6.33381090451508,0.099871879812043,0.00506039749514279,-0.0377912066175186,-0.0122439361170452
3.16727318294401,4.49981240849126,5.80061707908412,0.0885806044613501,-0.0464055655418813,-0.0291046988237902,-0.00824139029300563
3.24002508521292,4.47379529968552,6.1388063476087,0.0989595450685316,-0.014387787871291,-0.0262076427996152,-0.0116293209344492
3.31113811917844,4.42852838988468,6.07846867236344,0.0979118629057171,-0.0203289719939809,-0.0267988289401964,-0.0249379378068584
3.37072591367135,4.39804652806592,6.18691946974506,0.0995370021472794,-0.00961172219388913,-0.039949207654375,-0.0208701396248684
3.44432141204373,4.37464591188394,6.28676234973337,0.0999993602390106,0.000357703492560666,-0.0264038618666329,-0.0237583196745366
3.50821807111279,4.307250365469,5.88479414663759,0.0921686313306902,-0.0387935999699348,-0.0282719722616265,-0.028601946445005
3.57220426197804,4.22616688878568,5.74619019178146,0.0859249726098401,-0.0511556358771762,-0.0219387817445891,-0.0299278408061431
3.65314010815112,4.20241386404703,6.2810910513382,0.0999997807047037,-0.000209425431051596,-0.0190639345316272,-0.0235435993076014
3.71988892245887,4.15472036105305,5.92388213876111,0.0936142072245479,-0.0351621985336441,-0.0268653929167924,-0.0125313044603348
3.7781792132214,4.10364123698791,5.91178464985998,0.0931819931931159,-0.0362920947942952,-0.0348917024305875,-0.0147870292708495
3.8392809581638,4.0347326013377,5.80584212274842,0.0888218652938966,-0.0459420966621342,-0.0277201203514919,-0.0229665389880748
3.89882586756337,3.98754025892918,5.99187368200805,0.0957867989221552,-0.0287208835561619,-0.0362418895225929,-0.0184714588523518
3.94965442146108,3.9229212484963,5.85740923660668,0.0910718468608133,-0.0413027687856464,-0.0402432929631011,-0.0233162416472373
4.00386460096164,3.88130954638476,6.01073536679265,0.0963114528525201,-0.0269091815081172,-0.0421012733519635,-0.014702520603418
4.05301556302738,3.82378390772631,5.80623733680354,0.0888400153190185,-0.0459069894255391,-0.0396890532532725,-0.0116186492329159
4.032214871114,3.70879345516953,4.84835542902693,0.0135547903249192,-0.0990770793839195,-0.0343554822383001,-0.0159133731728585
3.98772954791819,3.59306244623848,4.61719651300013,-0.00950487664049304,-0.0995472617405874,-0.0349804465553154,-0.0161837471904633
3.94768819037278,3.4780192386945,4.66412813203292,-0.00482421164000821,-0.0998835671271927,-0.0352171459054,-0.0151596404167905
3.9016161931317,3.35499198507364,4.62903348820796,-0.00832589981273531,-0.0996527942022114,-0.0377460974283448,-0.0233744594186459
3.82880130357361,3.24063908264229,4.36083797913984,-0.034435436268007,-0.0938839748254836,-0.0383794532900872,-0.020468927605866
3.77462241139995,3.12789621890112,4.54763609619436,-0.0164008566407269,-0.0986458914575277,-0.037778035532936,-0.0140969722836479
3.70986932952544,3.0161023671617,4.46232024416774,-0.024747055804444,-0.0968895413809547,-0.0400060260700608,-0.0149043103584616
3.6595650180142,2.90530512763093,4.60386287491395,-0.0108313195673236,-0.0994116819917585,-0.0394729919439207,-0.0113855575390132
3.59152930166021,2.79442890177957,4.41285587019877,-0.0295074137592108,-0.0955474360369902,-0.0385283025947736,-0.0153287898143626
3.5300549584756,2.68762526587759,4.50586698985822,-0.0205057045095701,-0.0978750023375029,-0.0409686386750439,-0.00892863356448448
3.47125946492496,2.5770615215084,4.50693977337992,-0.0204006940403736,-0.0978969441947555,-0.038394799510268,-0.0126668001744312
3.44995425270723,2.46710361316228,4.90643580254062,0.0192831334178342,-0.0981231917825241,-0.0405883456355607,-0.0118347165635972
3.39773203989225,2.34618390346545,4.635042906109,-0.0077268977951938,-0.0997010283320219,-0.0444953150197831,-0.0212186813648081
3.350742008521,2.21288858553222,4.62594837133305,-0.00863330021935883,-0.0996266336243598,-0.0383567311518958,-0.0336686843088727
3.26174648797612,2.09418747838765,4.26343338654475,-0.0434024864554941,-0.0900900891856627,-0.0455930340893831,-0.0286110179589083
3.19001204846785,1.97506630203156,4.42940306857609,-0.0279224039135105,-0.0960225981719448,-0.0438120355947573,-0.0230985781841424
3.17289782591219,1.85383301144281,4.99175990837607,0.0275751020847686,-0.0961229095742248,-0.0446893246404301,-0.025110381014525
3.1604170285025,1.72377335979552,5.04637910852942,0.0327815268998334,-0.0944741842733532,-0.0452623243095251,-0.0355854673739358
3.16864902254771,1.6096690093259,5.17127151284188,0.0442946520404821,-0.0896548035557081,-0.0360626579952719,-0.0244495469139123
3.16628811079841,1.48718523987713,5.01331805097649,0.0296407654028577,-0.0955061517721909,-0.0320016771521585,-0.0269776176765788
3.18739303362602,1.37866912970249,5.32386325017526,0.0574075219418951,-0.0818802566220382,-0.0363025991142916,-0.0266358535526006
3.24149205620893,1.31953022109795,5.91278687075905,0.0932183190847306,-0.0361986876421971,-0.039119296501819,-0.0229402209623422
3.28649327257877,1.23878252273387,5.61139746836659,0.0782710190931585,-0.0622386340637262,-0.0332698027233125,-0.018509064300352
3.35065090627533,1.18159424465673,5.93526344652462,0.0940083273343049,-0.034094492103655,-0.0298506936377505,-0.023093785973483
3.39039530483141,1.08981286676116,5.42189581484251,0.0651459693823979,-0.0758683245711125,-0.0254015708263173,-0.0159130533244582
3.41770531910036,0.99613659831141,5.35329014745594,0.0597918021057733,-0.0801557259398481,-0.0324817878368178,-0.0135205425099061
3.41825848354263,0.896246845115286,5.04729235393584,0.0328677913324764,-0.0944442073021146,-0.0323146268902077,-0.00544554589400947
3.39080193517801,0.779684284255629,4.73460190205807,0.00222110950244317,-0.0999753303199252,-0.0296776578670626,-0.0165872305397321
3.35783657245987,0.658943450983609,4.67633871088217,-0.00360424613897748,-0.0999350259407064,-0.0293611165791683,-0.0208058073313131
3.26042400970109,0.562761837421568,4.08787968252229,-0.0584699261177803,-0.0811250130340903,-0.0389426366410008,-0.0150566005279509
3.13543782815193,0.535262678505204,3.44976126783051,-0.0952890652565468,-0.0303314035701212,-0.0296971162926072,0.00283224465375742
3.01175273206752,0.553349931441657,3.00424942911678,-0.0990583235812384,0.013691184363475,-0.0246267725031686,0.00439606857297803
2.87913982665761,0.591319656097337,2.83884650362462,-0.0954521345084195,0.0298142586321811,-0.0371607709014921,0.00815546602349881
2.74502138718206,0.594793514236947,3.14909778831647,-0.0999971836608564,-0.00075050642698658,-0.0341212558146937,0.00422436456659669
2.61296098269302,0.603875592890609,3.15013047512177,-0.0999963553023143,-0.000853771780580015,-0.0320640491867259,0.00993585043424194
2.48531704046544,0.624418381093975,3.05700170070858,-0.0996424318296132,0.00844901053857146,-0.0280015103979663,0.012093777664794
2.35987186981971,0.620970395296513,3.26592016430704,-0.0992281285288403,-0.012400746294637,-0.026217042116893,0.00895276049717553
2.23352333710107,0.612919965198354,3.24423762865106,-0.0994736628219254,-0.0102464825569512,-0.0268748698967141,0.0021960524587914
2.12682101198755,0.553526681659304,3.85778366847443,-0.075431185573822,-0.0656516278772098,-0.0312711395396956,0.0062583443381603
2.04876457008856,0.460692832590135,4.28480247064938,-0.0414675810449079,-0.0909969214989386,-0.0365888608540796,-0.00183692757023035
1.93626681761404,0.394525013378534,3.90899133150811,-0.0719719110531623,-0.0694265368526739,-0.0405258414213643,0.00325871764107299
1.8628997210035,0.298007317574813,4.38507249098971,-0.0321503150026831,-0.0946908509056089,-0.0412167816078552,-0.00182684489811225
1.79258617549723,0.194973525011655,4.35599916351374,-0.0348893186024259,-0.0937162496446503,-0.0354242269038423,-0.00931754291850795
1.69287397391212,0.104882440438463,4.02871599540556,-0.0631644789051408,-0.0775257931571295,-0.0365477226799733,-0.0125652914160626
1.5606537134153,0.0787357820751,3.3833354273836,-0.097092223805082,-0.0239395086955406,-0.0351280366917353,-0.00220714966782221
1.43382095530419,0.0986620388251755,2.89739598345506,-0.0970331864657744,0.0241776906320323,-0.0297995716453325,-0.00425143388195681
1.29368260637502,0.122293949799352,2.86103370003757,-0.0960900818216546,0.0276892790716501,-0.044048267107522,-0.00405736809747381
1.15404488553069,0.108623674115542,3.25501072829388,-0.0993575061948673,-0.0113175069134904,-0.0402802146494601,-0.00235276877031976
1.02367273513399,0.0557133766036921,3.60826308618886,-0.0893071258854368,-0.0449915243805181,-0.0410650245112612,-0.00791877313133149
0.909213149097967,-0.0151289223791123,3.97337405521168,-0.0673560137802896,-0.0739132424375324,-0.0471035722557342,0.00307094345472803
0.793490256479994,-0.0865315747593872,3.84066037900778,-0.0765442442596711,-0.0643504364454183,-0.0391786483583028,-0.00705221593485672
0.673736500726555,-0.134149115199631,3.50026858168579,-0.0936362439565112,-0.0351034730150268,-0.0261175117969277,-0.0125140674252171
0.549225417038573,-0.121748751746303,2.87420941549527,-0.0964465568550662,0.0264208567386163,-0.0280645268329156,-0.0140204932852881
0.418843583827542,-0.0763358869896797,2.619062096343,-0.0866559018752003,0.0499074610674162,-0.0437259313358309,-0.00449459631079296
0.313681105314112,-0.00554428875283507,2.2043891031032,-0.0592044011436687,0.0805905632516585,-0.045958077369761,-0.00979896501481381
0.223294132478214,0.0728512232901671,2.14334428975367,-0.0541775427236785,0.0840523281320868,-0.0362094301122191,-0.00565681608908464
0.118122264398936,0.141558700690998,2.35005304557453,-0.0702750816297638,0.0711436075970992,-0.0348967864495142,-0.00243613019626854
0.00197572917262004,0.165534008862104,2.77428775323964,-0.0933298548043525,0.0359101406596866,-0.0228166804219638,-0.0119348324885808
-0.114307420136264,0.18900264484994,2.78397758648719,-0.0936734311644512,0.0350041182416986,-0.0226097181444329,-0.011535482253862
-0.215424407020673,0.234130228292408,2.54537727913029,-0.0827466659339233,0.0561514850811596,-0.0183703209504857,-0.0110239016386917
-0.31040379787512,0.302285962066351,2.34288642829462,-0.0697634223160788,0.0716454109259515,-0.0252159685383679,-0.00348967715200832
-0.411806970955751,0.358068834015602,2.54544778257131,-0.0827506246011807,0.0561456510169262,-0.0186525484794506,-0.0003627790676759
-0.531522580501874,0.405959584840346,2.7733392543756,-0.0932957520997332,0.0359986477543968,-0.0264198574463892,0.0118921030703476
-0.648911345749228,0.378783909165155,3.57157632033168,-0.0908972558412056,-0.0416855956001401,-0.0264915094061493,0.0145099199249497
-0.74983362221492,0.326571765753601,3.78598994056354,-0.0799461971909584,-0.0600716701507823,-0.0209760792747336,0.00785952673922785
-0.8562493651014,0.280549382545494,3.60340059073246,-0.0895248403256133,-0.0445567387122695,-0.0168909025608661,-0.00146564449583764
-0.960242536920809,0.21905228431616,3.74984159490705,-0.0820649885268193,-0.0571431330790763,-0.0219281832925899,-0.00435396515025732
-1.0755111734497,0.175289678548056,3.66401015641864,-0.0866615435803629,-0.0498976639159477,-0.0286070929485325,0.00613505814784321
-1.19901438080624,0.148851919680951,3.49365298385995,-0.0938664236815465,-0.034483249632777,-0.0296367836749933,0.00804549076567218
-1.3238165654274,0.177609469610661,2.94582817552032,-0.0980899252622207,0.0194516467696685,-0.0267122593589342,0.00930590316004154
-1.4424236221568,0.195513320522155,2.97626050763059,-0.0986363745188024,0.0164579956795035,-0.0199706822106034,0.00144585523199048
-1.55271818045745,0.248445575854979,2.59397031050976,-0.0853764882028376,0.0520658742570481,-0.0249180700978044,0.000866381075775857
-1.67080404796057,0.257867535634206,3.03290435570582,-0.0994099239263264,0.0108474432453918,-0.018675943576798,-0.00142548346616445
-1.78587481763331,0.237258363750555,3.24240539516027,-0.0994922697894711,-0.0100642064833298,-0.0155784998832633,-0.0105449654003213
-1.89169487805307,0.180656231197059,3.6791090542479,-0.0858982942575466,-0.0512004203463599,-0.0199217661622155,-0.00540171220713681
-1.99783727068301,0.139892818230351,3.54227147425811,-0.0920796436592512,-0.0390043487778647,-0.0140627489706944,-0.00175906418884297
-2.10700455686201,0.10777045925488,3.52236233749765,-0.0928378869011661,-0.0371635137699102,-0.0163293992778337,0.00504115479443934
-2.20755999783944,0.0442672087497214,3.8468005352456,-0.0761476820961092,-0.0648192140602607,-0.0244077588813134,0.00131596355510211
-2.27860084650254,-0.0444943926297699,4.20999081468626,-0.0481528746349243,-0.0876430297536163,-0.0228879740281798,-0.00111857162587503
-2.32699360059736,-0.149741345936588,4.4875074650901,-0.0222990862373353,-0.0974820534918089,-0.0260936678574879,-0.00776489981500972
-2.34944293705809,-0.26376031959034,4.79669974331528,0.0084210913992323,-0.0996447952461431,-0.0308704278599548,-0.0143741784076086
-2.35157087313448,-0.368167947506814,4.97195360744445,0.025665978749449,-0.0966501812457319,-0.0277939148258461,-0.00775744667074241
-2.32769504290107,-0.464948538891333,5.17858764802041,0.0449493874024052,-0.0893283413713055,-0.0210735571689948,-0.00745225001321259
-2.30990577900909,-0.559740615724041,5.108004898074,0.0385376605694088,-0.0922759379136134,-0.0207483966774236,-0.00251613891909463
-2.29206436950417,-0.643735201123435,5.12562470753764,0.0401574788850907,-0.0915826232949979,-0.0223160693801701,0.00758803789560392
-2.29056321279984,-0.740224112838968,4.95651493553483,0.0241708288713008,-0.0970348959481809,-0.0226696721669732,0.000545984232647179
-2.25865460442467,-0.821816605092943,5.26835447602401,0.0527763629641283,-0.0849391282759517,-0.020867754588962,0.0033466360219776
-2.21033628786467,-0.894723430547627,5.46109165070248,0.0680688944981023,-0.0732572563082062,-0.019750577938102,0.000350430853521821
-2.14259611061556,-0.950607321514572,5.77497776626573,0.087361814289479,-0.0486612104663518,-0.0196216370403626,-0.00722268050059305
-2.11187501848466,-1.03950072594898,5.18848278454502,0.0458310885482102,-0.0888791951048507,-0.0151099964173138,-1.42093295558698e-05
-2.07840239360866,-1.13173866966025,5.16835578981367,0.0440330555515095,-0.0897835732124629,-0.0105604306755094,-0.00245437049881225
-2.00577128042419,-1.18669192961279,5.72056704215536,0.0845861422261799,-0.0533402713087632,-0.0119550290417072,-0.00161298864377568
-1.92673245183357,-1.19194139960673,6.15285379426207,0.0991518863836016,-0.0129962851066509,-0.0201130577929831,0.00774681511271424
-1.83768339125103,-1.18351201236709,6.4052031263642,0.0992565057273,0.0121715270531866,-0.0102074451447614,-0.00374213981354532
-1.75873635443773,-1.19265916391884,6.19871875891643,0.099643482154481,-0.0084366144945491,-0.0206964453411862,-0.000710537057204697
-1.67666913711582,-1.19159751718145,6.42506562220211,0.0989951860856806,0.0141404784877128,-0.0169279687637625,-0.0130788317503172
-1.60509594264545,-1.17070154808803,6.6551321122787,0.093162158450075,0.0363429805178816,-0.0215889639797098,-0.0154470114244663
-1.52514868689376,-1.16922136520422,6.39063675063106,0.0994232645920821,0.0107244793744424,-0.019476008840396,-0.00924429649063341
-1.46032360563612,-1.21899007785233,5.86852547226402,0.0915253418683601,-0.0402878616444185,-0.0267002606107143,-0.00948085100369456
-1.39378834775552,-1.25438237446971,5.93970452172186,0.0941588159712198,-0.0336766592003714,-0.0276235580906175,-0.00171563741700442
-1.32821603850766,-1.30602793214218,5.82512068779486,0.0896910027378989,-0.0442213073966635,-0.0241186934900446,-0.0074242502758064
-1.25815350527252,-1.34814569909372,5.91011138161895,0.0931211363651519,-0.0364479623856092,-0.0230586031300133,-0.00566980456593447
-1.19882547199744,-1.39711623989484,5.79390052836024,0.0882669234509951,-0.0469994704703806,-0.0289388901759082,-0.00197107033073562
-1.12422525100898,-1.42047836763307,6.04328756856452,0.0971362277572938,-0.0237603294817883,-0.0225360067688385,0.000398201743558202
-1.07386795320554,-1.49317099535359,5.5196810449286,0.0722417403832221,-0.0691457225459619,-0.0218844425797808,-0.00354690517455847
-1.02020765774056,-1.54382498275175,5.70242553910792,0.0836046037442578,-0.0548659296172554,-0.0299443082792745,0.00421194221909271
-0.968413320557603,-1.59993268476059,5.66886568800631,0.0817165809337329,-0.0576402671792965,-0.0299222437507787,0.00153256517045763
-0.90613419337299,-1.64705942590478,5.75050762394731,0.0861450320825176,-0.0507841850136637,-0.0238659048979049,0.00365744386947409
-0.849667291725454,-1.70836200148486,5.62925774440545,0.0793700756974725,-0.0608308399068884,-0.0229031740499357,-0.0004717356731887
-0.808686327805546,-1.77008895303288,5.36104058424171,0.0604112419571415,-0.0796899105608464,-0.019430278037234,0.0179629590128274
-0.840882123317586,-1.85643565448185,4.68130656787995,-0.0031077407875262,-0.0999516980706058,-0.0290880547245136,0.0136049966216367
-0.917214183879802,-1.93477059845138,4.24313151012905,-0.0452224144617276,-0.0891904323918868,-0.0311096461004885,0.010855488422356
-1.01783816986193,-1.9997973374584,3.94018746388247,-0.0697714042567018,-0.0716376377894183,-0.0308525817254219,0.00661089878239274
-1.13356956764506,-2.05398302986425,3.67565806103909,-0.0860744747136399,-0.0509036816229531,-0.0296569230694912,-0.00328201078289259
-1.23632464861066,-2.12560152418004,3.9230661758976,-0.070987646868271,-0.0704326202274603,-0.0317674340973362,-0.00118587408833015
-1.35252587834731,-2.16606736756093,3.61364813915066,-0.0890635504183871,-0.0454717933104844,-0.0271376793182556,0.00500594992959336
-1.47051748568041,-2.20710929303946,3.58733842845331,-0.0902289389751906,-0.0431130904878244,-0.0277626683579086,0.00207116500929261
-1.5895462033366,-2.25364705144008,3.67230675525661,-0.0862445848353433,-0.0506149344223548,-0.0327841328208534,0.00407717602173419
-1.65022713486266,-2.34635944265118,4.42346332652156,-0.0284922574671221,-0.0958550534110082,-0.0321886740589354,0.0031426621999131
-1.75998431275981,-2.4056522842345,3.80700376588546,-0.0786663038039248,-0.0617382591739402,-0.0310908740932216,0.00244541759061701
-1.86873780738905,-2.45193084072219,3.6807985502628,-0.0858116687986842,-0.0513454720300138,-0.0229418258305607,0.00506691554232663
-1.98061079006465,-2.50693889384447,3.80586273418207,-0.0787366978897448,-0.0616484582566268,-0.0331362847858498,0.00664040513434139
-2.10756511975708,-2.54525960400499,3.54192933032481,-0.0920929833707623,-0.0389728420040481,-0.034861346321672,0.000652131843535741
-2.22058835346886,-2.60123315493804,3.7590152491091,-0.0815373314329254,-0.057893553896762,-0.0314859022788552,0.0019200029637112
-2.33611417505014,-2.67258990491087,3.90503028950285,-0.0722463471491525,-0.0691409091898866,-0.0432794744321248,-0.00221584078294246
-2.40855639008237,-2.77181454895898,4.35102338598274,-0.0353551959872171,-0.0935414887453983,-0.0370870190450141,-0.00568315530271857
-2.49643526205197,-2.86148893117257,4.30680095611749,-0.0394559146732777,-0.0918870545686118,-0.0484229572963271,0.0022126723550262
-2.51630976705549,-2.95912650543715,4.93221291061162,0.0218057793656696,-0.0975935857843933,-0.0416802843691846,-4.3988480183943e-05
-2.57910992954714,-3.05365018530269,4.44794869360528,-0.0261369052120575,-0.0965238943782104,-0.0366632572795895,0.00200021451267007
-2.6621584759587,-3.14883206119616,4.19168850969472,-0.0497487897794187,-0.0867470916831406,-0.0332997566321405,-0.00843478421032962
-2.73671843650206,-3.24475157383823,4.25798919485226,-0.0438923085413685,-0.0898524637998832,-0.0306676520019957,-0.00606704884219322
-2.86519943228195,-3.28872872790308,3.59749599056864,-0.0897863679175258,-0.0440273566794408,-0.0386946278623617,5.02026145960954e-05
-2.98880332293298,-3.3550591112798,3.79585283688199,-0.0793498377217515,-0.060857236657046,-0.0442540529292783,-0.00547314671967758
-3.10638398659923,-3.42623605223241,3.79977775333581,-0.0791103675754157,-0.0611682085897782,-0.0384702960908383,-0.0100087323628255
-3.22276132538415,-3.4960137893892,3.84114905054278,-0.0765127888949894,-0.0643878337538296,-0.0398645498899306,-0.00538990340296586
-3.36048115063741,-3.52029190074857,3.34980736411855,-0.0978401517172567,-0.0206713500271316,-0.0398796735359976,-0.00360676133223592
-3.4603159733312,-3.58824933164471,3.89947149657762,-0.0726295689569941,-0.0687382405442651,-0.0272052537367955,0.000780809648118774
-3.57362448321895,-3.6571219608447,3.74540063763435,-0.0823179486594194,-0.0567781236789769,-0.0309905612283341,-0.0120945055210049
-3.70611762310248,-3.70143240843694,3.47482981102505,-0.0944988410188166,-0.0327103813200095,-0.0379942988647137,-0.0116000662722313
-3.84279524000258,-3.74413595069922,3.36044786044173,-0.0976146637571453,-0.021711227961114,-0.0390629531429596,-0.0209923143011681
-3.96222949410561,-3.79760521433835,3.54398843477333,-0.0920125390421649,-0.0391623883211184,-0.027421715060866,-0.0143068753180138
-4.03250296127155,-3.89678523552504,4.22050119364367,-0.0472290704859867,-0.0881442845624701,-0.0230443966799445,-0.0110357366242166
-4.11607035569492,-3.98408463819073,4.1521124906961,-0.0531420434916026,-0.0847108211123975,-0.0304253509317753,-0.00258858155329289
-4.18256273307004,-4.08062441222412,4.38707837692939,-0.0319603114039733,-0.0947551502292147,-0.0345320659711472,-0.00178462380417854
-4.30954871268071,-4.1235264250725,3.63320985355656,-0.0881570608973088,-0.0472052180796593,-0.0388289187133584,0.00430320523128569
-4.44152040258863,-4.13658666572852,3.24678048227177,-0.0994472859413574,-0.0104993961206298,-0.032524403966562,-0.00256084453539196
-4.56963473033168,-4.14483849319881,3.25137828671848,-0.0993979607949695,-0.010956522705754,-0.0287163669480801,0.00270469523545747
-4.70213753896786,-4.159585733713,3.28915773106952,-0.0989132016715527,-0.0147030110889823,-0.0335896069646235,-4.422942519966e-05
-4.83082294129517,-4.19429123631826,3.46215382891102,-0.0949058741635471,-0.0315099198547531,-0.0337795281637678,-0.00319558275050857
-4.97090440121161,-4.2095657834188,3.25318509212889,-0.0993780022566834,-0.0111360974973569,-0.0407034576597525,-0.00413844960318932
-5.11048704730574,-4.19275484707933,2.97163139757613,-0.0985591320968451,0.0169144163457285,-0.041023513997283,-0.000103480006250045
-5.23832529880304,-4.14623120422162,2.60317163095385,-0.0858519420913013,0.0512781048709081,-0.0419863094059973,-0.00475446201319896
-5.36382424017575,-4.09245381801319,2.50832811364243,-0.0806099919471149,0.0591779452016211,-0.0448889494256015,-0.00540055899319469
-5.49461204840539,-4.04993893305909,2.57576073194091,-0.0844142884199059,0.0536118262192302,-0.0463735198097286,-0.0110969412651301
-5.63140170514971,-4.01497708278551,2.76116363446714,-0.0928505418143228,0.0371318850152627,-0.0439391149299979,-0.00217003474168465
-5.75256855241736,-3.94754633489982,2.48043988198625,-0.0789284923053977,0.0614027125003186,-0.0422383549622598,0.00602803538537566
-5.84740462280324,-3.86093778224675,2.1961658760514,-0.0585396923799115,0.0810746841872686,-0.0362963780059662,0.0055338684657944
-5.94053644498437,-3.78276952496281,2.20109790141546,-0.0589388411737253,0.0807849800464071,-0.0341929810074042,-0.00261672276246561
-6.00840805473727,-3.68699614920745,1.85162499594028,-0.0277151950576017,0.0960826100963077,-0.0401564146952946,-0.000309234340944986
-6.07123050080244,-3.59946716689677,1.83041881970656,-0.0256715714515495,0.096648695900193,-0.0371508746136247,-0.00911971358951336
-6.13199612490404,-3.49281772630485,1.74193027891705,-0.0170299845994151,0.0985392288611175,-0.043735639502188,0.00811021173080739
-6.24344861226863,-3.42008497637401,2.26931995714903,-0.0643087795768722,0.0765792456827127,-0.047143707787713,-0.00384649575187956
-6.33043911946371,-3.3305813445041,1.9759672835726,-0.0394175881396376,0.0919035023557531,-0.0475729190554457,-0.00239987048584411
-6.40140946526995,-3.23628202050957,1.89328226044043,-0.0316925322459877,0.0948450494218704,-0.0392778135602487,-0.000545725427336219
-6.490925562981,-3.14949942348508,2.12570544123762,-0.0526866054351938,0.0849948328295092,-0.0368294922758547,0.00178776419497528
-6.55206509909751,-3.05100080152067,1.77199068503211,-0.0199839739406983,0.0979828596517651,-0.0411555621758097,0.000515762312651935
-6.61477937420652,-2.96164718010557,1.82840926025067,-0.025477298446415,0.0967000892650689,-0.037236976662598,-0.00734646784997017
-6.70922210597221,-2.8799776709702,2.18235578246821,-0.0574144967755332,0.0818753660145241,-0.0370282349901565,-0.000205856879158972
-6.81492564827183,-2.80203276283666,2.28829949141449,-0.065750548341558,0.0753449758961037,-0.0399529939580603,0.00259993223744415
-6.92277061921736,-2.72239111325899,2.31223956589846,-0.067535299570865,0.0737494631293918,-0.040309671374672,0.00589218644827261
-7.04370251809319,-2.68643358386571,2.76356285488771,-0.0929393620698994,0.0369090094426841,-0.0279925368059217,-0.000951480049405928
-7.12572794747151,-2.5924868569139,2.01792856749907,-0.0432381483516014,0.0901690774441267,-0.0387872810267265,0.00377764950768888
-7.20313289529308,-2.50698577446837,2.03331454603735,-0.0446203153590411,0.0894931698916723,-0.0327846324625281,-0.00399208744614099
-7.28952965224005,-2.41405860851504,2.10647336002168,-0.0510423352981244,0.0859923252814683,-0.0353544216488402,0.00693484067185857
-7.3702956759401,-2.31790559676294,2.04915108352584,-0.0460319228795781,0.088775346104696,-0.034734100820474,0.0073776656473985
-7.40231038542877,-2.22076134429789,1.62165650744017,-0.00508382563181282,0.0998706899793194,-0.026930883856858,-0.0027264375142666
-7.42841616468705,-2.1301406844238,1.58114465538382,-0.00103481438931062,0.0999946456525532,-0.0250709648689718,-0.00937398577845894
-7.44750909857469,-2.03888179470693,1.59368650480114,-0.00228881791347188,0.0999738031314152,-0.0168041159741641,-0.00871491341454411
-7.48597425787174,-1.94476099246448,1.70048224603332,-0.01293227057161,0.0991602560397192,-0.0255328887254436,-0.00503945379726933
-7.55424273356052,-1.8494472724652,2.00638525165072,-0.0421944406565282,0.0906621705987824,-0.026074035032245,0.00465154940049306
-7.65016924065814,-1.79007050338473,2.38481816543458,-0.072705436060202,0.0686579898285399,-0.023221071037419,-0.00928122074807325
-7.74640097569946,-1.72764479282135,2.32424291861748,-0.06841565393149,0.072933519708887,-0.0278160811098296,-0.0105078091455038
-7.79600599178966,-1.64090313895773,1.75878068208703,-0.0186879141027128,0.0982382912437387,-0.0309171019874892,-0.0114966373801151
-7.87632130473913,-1.55473258592316,2.06624396652185,-0.0475425512617062,0.0879755978639989,-0.0327727616877649,-0.00180504482942756
-7.95279617159544,-1.47301876787209,2.08684564576242,-0.0493447792371604,0.0869775417106962,-0.0271300876191543,-0.00526372365963024
-8.03708369546025,-1.4032475740997,2.2500434021892,-0.0628207392211172,0.0778045932044657,-0.0214667846436853,-0.00803339943207382
-8.09059626165708,-1.32324725454846,1.91661725428177,-0.0338969117908209,0.0940797500583697,-0.0196156544060138,-0.0140794305071266
-8.17444123630567,-1.25298383007983,2.07642952909558,-0.0484361505787516,0.0874867951013895,-0.0354088240698349,-0.0172233706327651
-8.26136786578103,-1.18682496219096,2.20896294277419,-0.0595723888965307,0.0803189297809708,-0.0273542405788287,-0.0141600618920994
-8.28517178777854,-1.10076910083666,1.55807808248896,0.0012717901438117,0.0999919124221059,-0.0250757121413283,-0.0139360510678093
-8.30517184007766,-1.01485351988728,1.46100323166811,0.0109572644128431,0.0993978790346507,-0.0309573167119535,-0.0134822980852727
-8.32478639842637,-0.923465875250371,1.41345895156706,0.0156689029151226,0.0987647987971244,-0.0352834612638375,-0.00737715416021079
-8.3036084372795,-0.853807266123208,0.966814489118754,0.0567924340951624,0.0823080763324392,-0.0356144729482892,-0.0126494672052766
-8.28258040850318,-0.770334000840217,1.10530052719988,0.0448865902682695,0.0893599127914105,-0.0238585614919504,-0.00588664750841894
-8.23167857555756,-0.716865792019513,0.716997509977803,0.075378213332305,0.065712441400617,-0.0244763803866839,-0.0122442325799135
-8.15004606884465,-0.693688061115284,0.327193061006802,0.0946948184458718,0.0321386272187126,-0.013062311732968,-0.0089608963144836
-8.07321607365358,-0.701155998606964,-0.0049492083925986,0.0999987752693143,-0.000494918818775748,-0.0231687800782456,-0.00697301867290401
-8.00298007044652,-0.656426037064775,0.545320315248524,0.0854961189695047,0.051869197421517,-0.0152601157624428,-0.00713923587932785
-7.92676049801464,-0.665761604228626,-0.0299725961500523,0.0999550855365858,-0.00299681086720962,-0.0237355131047039,-0.00633875629664105
-7.8602541128494,-0.704618944938368,-0.405208686666903,0.091902015069106,-0.0394210556205413,-0.0253956299038673,0.000563714910799096
-7.78617825781889,-0.70865093300595,0.0229970438945046,0.09997355796399,0.00229950168965618,-0.0258977029334826,-0.00633148975723885
-7.70819875022676,-0.750550253375769,-0.268894775172564,0.0964065105878382,-0.0265666090473933,-0.0184270029957005,-0.0153327113224255
-7.63331463015859,-0.79603475278692,-0.302318682176508,0.095464870422317,-0.0297734531966017,-0.0205807503541475,-0.0157110462145489
-7.57075567803584,-0.868437034560558,-0.638890625293271,0.0802757777691537,-0.0596305249310908,-0.0177168256464011,-0.0127717568425474
-7.50692356225381,-0.936208178125973,-0.533172136636749,0.0861199111398192,-0.0508267735083553,-0.0222877953577925,-0.01694437005706
-7.44670455561067,-1.00309194315897,-0.564689506951271,0.0844754802598057,-0.0535153551317299,-0.0242564736166706,-0.0133684099012645
-7.37911856900832,-1.03657801776429,-0.17530494648921,0.0984673399454432,-0.0174408418394449,-0.0308813533430889,-0.0160452327658727
-7.30631644332531,-1.0797960643641,-0.217358865507015,0.0976470418716471,-0.0215651388522496,-0.0248449161886359,-0.0216529077475702
-7.23598212500896,-1.1135975452908,-0.149874132466556,0.0988789879512759,-0.014931367711346,-0.0285446696349307,-0.0188701132153524
-7.1779104047632,-1.1681679766823,-0.411879533789187,0.0916370003625377,-0.0400332382471899,-0.0335652801167754,-0.0145371931443092
-7.11644885841754,-1.22508313468825,-0.452195520158984,0.0899489957305626,-0.0436941433954625,-0.028487449384901,-0.0132210146104894
-7.07069211729402,-1.30458690069196,-0.767672289771177,0.0719529124359808,-0.0694462266216105,-0.0261961713124563,-0.0100575393820996
-7.05647245885302,-1.4034876365643,-1.09886412276029,0.0454608130745349,-0.0890691555736451,-0.0312411546335376,-0.0098315802986928
-7.06612699719345,-1.50654395424957,-1.29109168119847,0.0276071784558619,-0.0961137019248879,-0.0372617167962908,-0.00694261576038402
-7.04146587932311,-1.59116719845597,-0.88295176585168,0.063487333107701,-0.0772616239466387,-0.0388262152373642,-0.00736162025975329
-6.98565934366318,-1.6397861179134,-0.374907521936149,0.0930541490107658,-0.0366186475976681,-0.0372476133508375,-0.0120002718597694
-6.94371578485835,-1.71472692648673,-0.767802627424829,0.071943860366609,-0.0694556042054914,-0.0300003015617758,-0.00548520436783795
-6.88347930327832,-1.74929041918804,-0.34482628244399,0.0941134189106652,-0.0338033190817952,-0.0338769373306356,-0.000760173619512194
-6.85038446019612,-1.83413481473279,-0.865526495570919,0.0648239312519009,-0.0761436664276736,-0.0317290881697065,-0.00870072911707176
-6.79579816579442,-1.91100374387742,-0.67417842070267,0.07812200902874,-0.0624255693231024,-0.023535714627041,-0.0144433598215365
-6.76075453988609,-2.01108291378904,-0.962269325119583,0.0571659498897917,-0.0820490961144474,-0.0221223239814599,-0.018030073797163
-6.70506491002123,-2.08305244136404,-0.581855808814246,0.0835444182447357,-0.0549575306955169,-0.0278547883798694,-0.0170119968794857
-6.6529691891377,-2.15919000785278,-0.62343711932101,0.0811876565928718,-0.0583829120287599,-0.0290919357093422,-0.0177546544599783
-6.58394456711714,-2.20080896058869,-0.420728847634027,0.091279150257213,-0.0408425847409432,-0.02225452823666,-0.000776367994966609
-6.51893282067873,-2.22082366187926,-0.0829673718182344,0.0996560181476309,-0.00828722190839988,-0.0346442717092117,-0.0117274793821718
-6.45347811107734,-2.23324680940661,-0.079719984122788,0.0996824044606403,-0.00796355705356123,-0.0342276948592577,-0.00445959047379185
-6.38368626775527,-2.22842770575637,0.121593241987682,0.099261664533707,0.0121293839084189,-0.0294698212116398,-0.00731028025817837
-6.31316117417629,-2.2456508796341,-0.0919634442427006,0.0995774341850721,-0.00918338723552622,-0.0290523406060856,-0.00803978664220573
-6.25177920774897,-2.28619394043748,-0.293447821989184,0.095725226955134,-0.0289254373240595,-0.0343432605278107,-0.0116176234793195
-6.1794422565619,-2.32480533621899,-0.360939282911136,0.0935565525710667,-0.0353153149641516,-0.0212196013840042,-0.00329608081735877
-6.10952376937212,-2.3518725704904,-0.254168021406485,0.0967872823542036,-0.0251440246278847,-0.0268687951644218,-0.00192320964352444
-6.03978484199932,-2.39325826969833,-0.299205077449918,0.0955571102937709,-0.0294760694853318,-0.0258181829209736,-0.0119096297225978
-5.98195818873009,-2.46184198029495,-0.648377240269028,0.0797064822063928,-0.0603893756738881,-0.0218798289371573,-0.0081943349227287
-5.90688852514063,-2.47490611235675,-0.0373651597641405,0.0999302003632839,-0.00373564657776094,-0.0248605367738222,-0.00932848548404053
-5.84979802555858,-2.53640084228397,-0.55456144623665,0.0850131451499379,-0.0526570522505352,-0.0279226455678927,-0.00883767767668342
-5.79329109523244,-2.60539716173332,-0.635448502567541,0.0804805573872269,-0.0593538531406453,-0.0239736270610891,-0.00964246630870536
-5.75326104235176,-2.67251792491086,-0.764557871586381,0.0721688477204157,-0.0692217987248775,-0.032138794839728,0.00210103554733543
-5.7125717751803,-2.74723283191518,-0.776556886371848,0.0713330790233478,-0.070082749924991,-0.0306438118518937,-0.00463215707932774
-5.64420020587324,-2.81867709765998,-0.63909398042912,0.0802636499359046,-0.0596468481897122,-0.0118920806288472,-0.0117974175550906
-5.56933905950345,-2.85068456059148,-0.271713786161084,0.0963312360617156,-0.0268382741401534,-0.0214700896919169,-0.00516918879134254
-5.51749646997003,-2.88079653613957,-0.19670517843638,0.0980715836929395,-0.0195439113781955,-0.0462289941595238,-0.0105680641698953
-5.46442575276061,-2.95371919373388,-0.62812533928917,0.0809130534349511,-0.0587628946175455,-0.0278423362255342,-0.0141597629767651
-5.4629074606186,-3.06071721676645,-1.24515504410562,0.0319916432164847,-0.094744576437436,-0.0304733510744715,-0.0122534465951372
-5.51607735412059,-3.16314659732507,-1.76063775311945,-0.0188703172581802,-0.0982034170819714,-0.0342995762438143,-0.00422596347664683
-5.62982751783017,-3.22977784366511,-2.49864894723435,-0.0800334317166398,-0.0599553984863578,-0.0337167319929392,-0.00667584785367925
-5.77332218463934,-3.24743201362345,-2.96894464602446,-0.0985133315862254,-0.0171791588787813,-0.0449813352229373,-0.000475011079563714
-5.91826428058834,-3.25597227141023,-3.09846794714342,-0.0999070273947774,-0.00431113408967993,-0.0450350685542293,-0.00422912369709749
-6.05257098178601,-3.27244953559771,-2.99740144247663,-0.0989622446093623,-0.014369208115855,-0.0353444565883105,-0.00210805607162845
-6.19245600608703,-3.28589492700186,-3.0210248344623,-0.0992740500926464,-0.0120275923693285,-0.0406109742083682,-0.00141779903481476
-6.331146975934,-3.24526936506309,-3.59593142106348,-0.0898551418560731,0.0438868258367472,-0.048835827990894,-0.0032612638979832
-6.4665626258184,-3.19944247650995,-3.63337923343811,-0.0881490640185073,0.0472201494349721,-0.0472665858658932,-0.00139326088183545
-6.53042896704005,-3.09739906919785,-4.58568267145509,-0.0126367546808636,0.0991983489335164,-0.051229586540785,0.00284505837859106
-6.58806141416614,-2.99419986299357,-4.66735799287375,-0.00450157701574381,0.0998986276400799,-0.0531308701103512,0.00330057856419463
-6.64392837423563,-2.8893582920699,-4.63799027151559,-0.00743300929712514,0.0997233692410603,-0.0484339507723632,0.0051182016826119
-6.70075608267238,-2.78376712069356,-4.73365559297598,0.00212650095899447,0.0999773874117112,-0.0589542093957434,0.00561378396462997
-6.76943818872637,-2.68491202915682,-4.548422207924,-0.0163233048887264,0.0986587538818005,-0.052358801165262,0.00019633765494298
-6.81774118778057,-2.59026919446918,-4.70319700077304,-0.000919185016998713,0.0999957754052866,-0.047383814037202,-0.00535294071764758
-6.8708872703807,-2.49814290674883,-4.57748977098749,-0.0134490436781391,0.0990914891609946,-0.0396970389219966,-0.00696520144064472
-6.9027807603815,-2.39779803479014,-4.83793927407312,0.0125220714594427,0.0992128909283698,-0.0444155614602426,0.00113198103031831
-6.90745987514107,-2.3059301361961,-5.1232889958167,0.0399434589324236,0.0916761696871864,-0.0446225736919938,0.000191728906856259
-6.89993891761074,-2.23224112716754,-5.33270763497656,0.058129447714098,0.0813693265822813,-0.0506084901837625,-0.0076803175537199
-6.90010595589105,-2.15070205917438,-5.15510885480321,0.0428398697447037,0.0903589816247218,-0.0430069080250135,-0.00881991363156187
-6.93331385545539,-2.06791993174388,-4.85726182240407,0.0144366604969901,0.0989524271238187,-0.0476445600613289,-0.0161702996933251
-7.01976018601087,-1.99041551719721,-4.30551708066124,-0.0395738536566745,0.0918363223717071,-0.0468724768988125,-0.0143319078250328
-7.10190140515103,-1.9149936510888,-4.34866088741383,-0.0355760887492471,0.093457701177087,-0.0465651303909098,-0.0180358350686829
-7.19368616840133,-1.84707678269025,-4.1666617263917,-0.0519039848091195,0.0854750043049703,-0.0398807784411783,-0.0175581359064192
-7.22976190402861,-1.76043661540985,-4.65341715198727,-0.00589376535163543,0.0998261665595743,-0.0301819702756507,-0.0131859992791741
-7.20788097147321,-1.68345174966981,-5.30548659303843,0.0558932281961979,0.0829213304392045,-0.0340122956407907,-0.00593646469915887
-7.19353991731723,-1.61109482821296,-5.24132355472094,0.0504613797659495,0.0863345188908621,-0.0361203256099696,-0.0139775974340135
-7.15099511759883,-1.56538569927989,-5.73252384956272,0.0852178600135013,0.0523251023383547,-0.04267306029511,-0.00661597340528841
-7.09802406722177,-1.55173688652126,-6.09587519464665,0.0982508691038275,0.018621673403391,-0.04527981872676,-0.00497286064476121
-7.03996146992268,-1.52277867173052,-5.98165928945731,0.0954884407867782,0.0296977722415327,-0.0374258434876946,-0.000739557450793349
-6.97528870072326,-1.55325731120388,-6.45066571104582,0.0986007909227046,-0.0166698539110905,-0.0339280217232805,-0.0138087855622619
-6.91923130122393,-1.51242153593471,-5.82459785953032,0.0896678703310598,0.0442681943419003,-0.0336104708317269,-0.00343241907273173
-6.90487172749598,-1.43448343860739,-5.30652233222585,0.0559790830723652,0.0828633951656414,-0.0416195093444198,-0.0049252978383274
-6.89966047596609,-1.34562935211039,-5.14613538979716,0.0420273226794323,0.0907397605705397,-0.0368160711495378,-0.0018856740735349
-6.93233346999602,-1.25682101217684,-4.8422851370178,0.0129531174795408,0.0991575350014371,-0.045626111509474,-0.0103491950678918
-6.98026242572117,-1.16831622570725,-4.66561823461072,-0.00467536957837928,0.0998906448037331,-0.0432535861467684,-0.0113858583341404
-7.03771546711729,-1.07422904140909,-4.55819227333085,-0.0153586386873949,0.0988135224433886,-0.0420944027087256,-0.00472633814523338
-7.10965132652761,-0.991390839638387,-4.39073200233115,-0.0316138990318644,0.0948712885334814,-0.0403219603784564,-0.012033086762774
-7.17192564755479,-0.914836487470521,-4.49357470425319,-0.0217072325044159,0.097615552331579,-0.0405670885227636,-0.0210612001637127
-7.21266884838216,-0.838981164291954,-4.70951308056209,-0.000287589585827161,0.0999995864602956,-0.0404556112415477,-0.024144263281729
-7.25933037039103,-0.761765389423374,-4.7083620714594,-0.000402689804190974,0.099999189201321,-0.0462588322046713,-0.022783414332741
-7.32182940297283,-0.68806503236787,-4.49441513935818,-0.0216251853108544,0.0976337613752088,-0.0408738472709462,-0.0239334043197044
-7.41473579497738,-0.635285124337091,-4.12720528916947,-0.0552352518599279,0.0833610637646277,-0.0376711401446297,-0.0305811557338487
-7.49741919830811,-0.566138142935058,-4.31605508304384,-0.0386039028764843,0.0922482448760027,-0.0440795004542469,-0.0231012634739702
-7.63568829458298,-0.52835032288006,-3.72882603787025,-0.0832476734212819,0.0554060003063169,-0.0550214228535832,-0.0176181802513184
-7.7625006683617,-0.494364956234657,-3.61765720600205,-0.0888805357062812,0.0458284886567786,-0.0379318380724349,-0.0118431220113759
-7.88252124232041,-0.456985154379938,-3.73777025781344,-0.082748786729735,0.0561483596800195,-0.0372717872289812,-0.0187685578253007
-8.01879448911079,-0.472949833245742,-3.11508884949836,-0.0999648794743789,-0.00265007012603485,-0.0363083673159945,-0.0133146087397686
-8.15422822415739,-0.45946466590939,-3.40878511056616,-0.0964515957004233,0.0264024560759428,-0.038982139346178,-0.0129172887395916
-8.29010860876259,-0.460005284075102,-3.25894013292974,-0.0993122681952459,0.011707834381966,-0.0365681164099598,-0.012248452547678
-8.41425799161759,-0.530185433049507,-2.56026394004806,-0.0835733744924642,-0.054913487195245,-0.0405760083625335,-0.0152666617791599
-8.54933897810993,-0.572066241942966,-2.88364310485337,-0.0966915077387282,-0.025509847730072,-0.0383894787536097,-0.0163709611633869
-8.67892181105974,-0.631385130387348,-2.82106034919258,-0.0949067838444955,-0.0315071798213393,-0.0346760491053217,-0.0278117086230427
-8.82014435233393,-0.667044442103294,-2.97757299436809,-0.0986578904571014,-0.0163285226078349,-0.0425646508170878,-0.0193307891081109
-8.96434818762212,-0.670508412129785,-3.18942140239318,-0.0998856423421675,0.00478105154674039,-0.0443181929460152,-0.00824502157323126
-9.09786846382476,-0.646565591992346,-3.47538690920827,-0.0944806034615,0.0327630213739636,-0.0390396727411417,-0.00882020123652483
-9.20578234700795,-0.589036120601577,-3.94625609940439,-0.0693353794333223,0.0720597332692623,-0.0385785037498731,-0.0145302618784933
-9.32118937982743,-0.550868040983375,-3.8004452340748,-0.0790695213543332,0.0612209996063168,-0.0363375114651454,-0.023052919988114
-9.40949287071322,-0.478576692589236,-4.17256309295184,-0.0513986646000424,0.0857798185899944,-0.036904826285749,-0.0134884701958553
-9.52509973562771,-0.425936569301814,-3.88811656151181,-0.0734053882622923,0.0679091229074719,-0.0422014766521936,-0.0152689996200506
-9.60099028783799,-0.342942584466459,-4.43181938738559,-0.0276903014154033,0.0960897872176024,-0.0482002507948796,-0.0130958023822476
-9.68781660777446,-0.254597073033031,-4.39048144656723,-0.0316376685874571,0.0948633645110178,-0.0551886513490096,-0.00651785307758956
-9.79909833034125,-0.188914839055258,-4.06605690195888,-0.0602262368365777,0.079829821473585,-0.0510554857302097,-0.0141475874958124
-9.93198223884254,-0.162163106929937,-3.60112802108389,-0.0896258673518122,0.0443531723942647,-0.0432580411494818,-0.0176014402689431
-10.0607139284856,-0.127319239598175,-3.66073887487184,-0.0868243089019965,0.0496139031289687,-0.0419073807411028,-0.0147700357972074
-10.1707827859221,-0.0601218015385278,-3.962208885614,-0.06817705223075,0.0731566097432459,-0.0418918052056778,-0.00595917168359827
-10.2654875396916,0.00861532414272688,-4.19221766281309,-0.0497028803225812,0.0867734042644356,-0.0450018734469566,-0.0180362785831809
-10.3884558185354,0.0533904197812717,-3.78820186017085,-0.0798131280224207,0.0602483576147656,-0.0431551508213772,-0.0154732619762208
-10.4976530239882,0.0939335646945532,-3.79351799066981,-0.0794917135931481,0.0606718012755919,-0.029705491859648,-0.0201286563623104
-10.627757126964,0.0902179505761645,-3.23718696746264,-0.0995434342019149,0.00954487858953891,-0.0305606687738926,-0.0132604927079276
-10.7408814045702,0.11994906400612,-3.62693065004579,-0.0884517321804937,0.0466507349810291,-0.0246725454257195,-0.0169196215510738
-10.8675718592278,0.138160320816396,-3.56913000548412,-0.090998959845746,0.0414631077826098,-0.0356914948118465,-0.0232518509723341
-11.009488440395,0.154414920215379,-3.45577843483724,-0.0951048322100656,0.0309042212374825,-0.0468117489571629,-0.0146496218384993
-11.15019373496,0.121314543476415,-2.98134199979046,-0.0987187318649829,-0.0159565653876266,-0.0419865626999858,-0.0171438113513367
-11.2836954202342,0.0615600163807799,-2.58347005206859,-0.0848250865459674,-0.05295946272829,-0.0486765987282425,-0.00679506436734556
-11.39936424596,-0.0201940625169152,-2.3972710870915,-0.0735547691965294,-0.0677472946208577,-0.0421140565292717,-0.0140067842768374
-11.520427004645,-0.104837102658911,-2.47517228736521,-0.0786039541693779,-0.0618176219935573,-0.0424588045156131,-0.0228254181484382
-11.6550690494127,-0.154855837624706,-2.79907602180966,-0.0941912416763539,-0.0335858599929598,-0.0404508030913515,-0.0164328749728351
-11.7917136107654,-0.172519017712644,-3.11075194705864,-0.0999524463104333,-0.00308358177448709,-0.0366921150422268,-0.0145795983134516
-11.928081949495,-0.178549846021357,-3.13564053816452,-0.0999982286213279,-0.00059520802804013,-0.0363701101083276,-0.0054356202806729
-12.0552079732633,-0.21453575901088,-2.88014903982601,-0.0966017846252122,-0.0258475377400657,-0.0305242391430376,-0.0101383752494568
-12.1605680266448,-0.301840985487663,-2.37321799142586,-0.0719041175794755,-0.0694967472268808,-0.0334559358020794,-0.017808479249902
-12.2604298165529,-0.398454025107973,-2.25995265960065,-0.0635886280802212,-0.0771782765995413,-0.036273161827836,-0.0194347630207692
-12.3488780331438,-0.497024713400772,-2.21966345981087,-0.0604284160532728,-0.0796768883258662,-0.0280198005376171,-0.0188937999669325
-12.437306800803,-0.58933764937181,-2.18087024536958,-0.0572928045748589,-0.0819605670060123,-0.031135963084381,-0.0103523689650262
-12.5161579278775,-0.695548864554412,-2.01371573728315,-0.0428578987678154,-0.0903504317267366,-0.0359932283066833,-0.0158607834558651
-12.5153396373935,-0.80316979432547,-1.14198707912889,0.0415788154058374,-0.0909461495031389,-0.0407605249217866,-0.0166747802679188
-12.569909905098,-0.920537618712594,-1.78243120100136,-0.0210058578062247,-0.0977688802115718,-0.0335644098983163,-0.0195989441755522
-12.5847789976653,-1.04290988060669,-1.43766297703766,0.0132740411389022,-0.0991150837755926,-0.0281431337062177,-0.0232571781185027
-12.6098180652577,-1.16487764474049,-1.43683279119901,0.0133563204941064,-0.0991040297004048,-0.0383953880864496,-0.0228637344333986
-12.6385441709311,-1.27541958468382,-1.42098287226839,0.0149253679105592,-0.0988798937738833,-0.043651473584017,-0.0116620461694485
-12.7009487636563,-1.38106772502973,-1.73209408862086,-0.0160599257975828,-0.098701969500999,-0.0463446669276095,-0.00694617084491123
-12.7542875664333,-1.49390134320562,-1.74453087239616,-0.0172861871989793,-0.0984946076296659,-0.0360526155780434,-0.014339010546216
-12.808694922827,-1.60659476263178,-1.81296705602281,-0.0239810576468483,-0.0970819698715397,-0.0304262987467698,-0.0156114495546196
-12.8814891088255,-1.7087504057045,-1.97297051245147,-0.0391419977926829,-0.0920212149930526,-0.0336521882058491,-0.0101344280796747
-12.992671130124,-1.80172214810597,-2.23034672084242,-0.0612761604806301,-0.0790267812627597,-0.0499058608178853,-0.0139449611387099
-13.1106080816587,-1.88026324729037,-2.36672824838648,-0.0714515905346961,-0.0699619197139567,-0.0464853610000393,-0.00857917947044395
-13.2082343717301,-1.96809993864849,-2.18671283957409,-0.0577706863161073,-0.0816244314073056,-0.03985560375523,-0.00621225995081032
-13.3245391650541,-2.05152632593647,-2.33208148165783,-0.0689852402458983,-0.0723950041661418,-0.0473195530781609,-0.0110313831218436
-13.4269876893683,-2.14910705476905,-2.16426493926637,-0.055923988147375,-0.0829005883555253,-0.0465245361667819,-0.0146801404770547
-13.5306169135899,-2.24362559759777,-2.27022510832861,-0.0643780690179216,-0.0765210051523353,-0.0392511552036883,-0.0179975376763784
-13.6471496948109,-2.32577448301255,-2.45240574543574,-0.0771763323190151,-0.063590987803186,-0.0393564489019322,-0.0185578976115921
-13.7459935306238,-2.430198279153,-2.1797574560653,-0.0572015642785074,-0.0820242710671164,-0.0416422715344762,-0.0223995250733391
-13.8663929457947,-2.51278259526083,-2.5442091504591,-0.0826810173342632,-0.0562481055020636,-0.0377183978366133,-0.0263362106057632
-13.9529777372682,-2.61027060240904,-2.06688125558183,-0.047598607489572,-0.0879452816531601,-0.0389861839839227,-0.00954272549505175
-14.0680702040889,-2.686012378862,-2.36104114385838,-0.0710525564471557,-0.0703671387959164,-0.0440399103735203,-0.00537463765704471
-14.1395792377503,-2.78694303648484,-1.88540240176228,-0.0309441904704531,-0.0950918349603599,-0.0405648431909267,-0.00583882266247748
-14.188455112096,-2.89677292909335,-1.65258434015828,-0.00816968600477422,-0.0996657224454998,-0.0407061883409536,-0.0101641701630077
-14.2675452536688,-2.99548990496906,-1.9790303086025,-0.0396989055173344,-0.0917823343608439,-0.0393912360555131,-0.00693464151486944
-14.3078781287122,-3.10104457806795,-1.54605529577785,0.00247385070200195,-0.0999693956303838,-0.0428067257453328,-0.00558527746851034
-14.3826662565221,-3.20019078483323,-1.81448396305021,-0.0241282943224196,-0.0970454811575,-0.0506598334875097,-0.00210072560778007
-14.4978041175276,-3.27881852959297,-2.21204009143128,-0.0598192597528004,-0.0801352367103697,-0.0553186012527451,0.00150749195063105
-14.5827051729589,-3.36674671157202,-1.97490421994151,-0.0393198666141246,-0.0919453538219711,-0.0455811888171755,0.00401717184292893
-14.6322689881243,-3.46733212718879,-1.60662406391573,-0.00358200727058187,-0.0999358255277531,-0.045981807894778,-0.000649590089024432
-14.7524025049503,-3.53300696073881,-2.45825021131606,-0.0775466674793167,-0.0631388498695715,-0.0425868493466695,-0.00253598368044861
-14.8816593714588,-3.58451809911649,-2.65433241302705,-0.0883618947198097,-0.0468206745095078,-0.0408949717886529,-0.00469046386816663
-15.0124266395746,-3.62915057650524,-2.68687410526427,-0.0898384680003124,-0.043920947933268,-0.0409288001154984,-0.00071152945548647
-15.1456251769717,-3.66971524689886,-2.84449330005539,-0.0956189668588191,-0.0292747873920897,-0.0375795705383446,-0.0112898830015267
-15.2867571207033,-3.66866173408043,-3.21943857678807,-0.0996971535955467,0.00777673227943286,-0.0414347901360514,-0.00672321946100363
-15.4206576455179,-3.62183619828196,-3.68004923357194,-0.0858501187237018,0.0512811575057185,-0.0480504060908693,-0.00445562170725422
-15.5517523912495,-3.57254953773624,-3.80654042068249,-0.0786949014847433,0.0617018028934855,-0.0523998442469029,-0.0124151423477614
-15.7016368180118,-3.57441263005383,-3.25809315405222,-0.0993221488605047,0.0116237147991397,-0.0505622779017258,-0.013486807116732
-15.8484299816126,-3.56275124767688,-3.46221645902046,-0.0949039005076841,0.0315158637582344,-0.0518892630931838,-0.0198544813812824
-15.9849819212607,-3.54593532681006,-3.4891288908639,-0.0940214679775201,0.0340582377605208,-0.0425304716705206,-0.0172423168936962
-16.1231167529262,-3.51983043428972,-3.59097266304663,-0.0900716603792504,0.0434407181861094,-0.0480631712863016,-0.0173358256657705
-16.2777955584155,-3.50400283099808,-3.40237464908942,-0.0966188646838466,0.0257836185824361,-0.0580599408053999,-0.00995601529080137
-16.421543814143,-3.48249158841724,-3.39689417720814,-0.0967587193753129,0.0252537170501582,-0.0469895363521822,-0.00374247446931308
-16.5536313857132,-3.43216178166998,-3.71898732217075,-0.0837887593432035,0.0545842816910393,-0.0482988122270598,-0.0042544749437794
-16.6784833201182,-3.37323385405251,-3.81676796572845,-0.0780597387050716,0.0625034174529357,-0.046792195699858,-0.00357548983546385
-16.801560346749,-3.3197149287989,-3.74954228046289,-0.0820820886156138,0.0571185672833145,-0.0409949380151708,-0.00359964202971197
-16.9260909448827,-3.27766044810042,-3.57980174197079,-0.0905513031815406,0.0424318452594832,-0.0339792949521716,-0.000377364560999904
-17.0615194741297,-3.254137813767,-3.40754544688668,-0.0964842517461279,0.0262828682793529,-0.0389442775008746,-0.00276023394592917
-17.1765639137136,-3.19019867836101,-3.86777485642492,-0.0747714938495723,0.0664019857195805,-0.0402729457343973,-0.00246285031359195
-17.2252014624887,-3.09097252981768,-4.50573954341844,-0.0205181781635949,0.097872388163603,-0.0281193706114955,0.00135376037972001
-17.2866021047723,-2.99085317059932,-4.49400078372419,-0.0216656385523692,0.0976247924766967,-0.0397350037311668,0.0024945667416687
-17.282150444773,-2.90721435350826,-5.28429212815571,0.0541233332465409,0.0840872451581325,-0.0496716732473068,-0.000448428067070239
-17.2491639264102,-2.83474197686394,-5.54963993446815,0.0742805422599531,0.0669507359299905,-0.0412940238971444,0.00552164071432282
-17.2424777921033,-2.74530689521323,-5.21317508503085,0.0480115262129421,0.0877205412130133,-0.041325391906053,0.00171454043770236
-17.2429083763967,-2.66437500246617,-5.19589442576521,0.0464885644225777,0.0885370734660224,-0.0469191487159115,-0.00760518071897032
-17.2712705618517,-2.57696958695018,-4.81354145510205,0.0100980067237868,0.0994888449033677,-0.0384601921787997,-0.0120834293873706
-17.2573567797295,-2.4977519722958,-5.28864459205159,0.0544888061358253,0.0838508795773333,-0.0405750240136022,-0.00463326492295568
-17.2125604310989,-2.45368765160431,-5.76977857810849,0.087107635879836,0.0491147612375945,-0.0423112872492304,-0.00505044054610071
-17.1687426117243,-2.44043597287123,-6.1172838697255,0.098626989138676,0.016514145858611,-0.0548091697640984,-0.00326246712553591
-17.1476810689691,-2.37974789104687,-5.46985209219572,0.0687080402288638,0.072658139309432,-0.0476464974736466,-0.0119700574850752
-17.147474894398,-2.31227316627047,-5.32609347686614,0.0575899905543912,0.0817520213080089,-0.0573838159833535,-0.0142772965316089
-17.1105404364194,-2.30638739342545,-6.05527148825867,0.0974139878285389,0.0225945784501785,-0.0604795298499567,-0.0167088056051581
-17.0848394130271,-2.26638846432567,-5.77973792015936,0.0875924584985294,0.0482448050486621,-0.0618914351061974,-0.00824587594888282
-17.0934909770046,-2.18363706010261,-5.13061339190637,0.0406138540933408,0.0913811515340271,-0.0492654180707994,-0.00862974731095756
-17.086443848891,-2.11122425643742,-5.37218840717634,0.0612958388365327,0.0790115190420094,-0.0542487107229164,-0.00659871537682521
-17.0898274132795,-2.03857409703274,-5.17661866716838,0.0447734145905609,0.0894166726394007,-0.048156978979133,-0.0167665132347175
-17.0915734290487,-1.95987017284244,-5.10771215848226,0.0385106460981323,0.0922872154586127,-0.0402566618672893,-0.0135832912683171
-17.1370953977057,-1.87723648728859,-4.66915361449117,-0.00432218971967899,0.099906549715357,-0.0411997789372869,-0.0172728641615074
-17.1971628055692,-1.80039686132285,-4.51734728999938,-0.0193807435049366,0.0981039590495504,-0.0406866643585708,-0.0212643330838076
-17.2239478424024,-1.72372568127671,-4.82295811644307,0.0110343979282966,0.0993893458191571,-0.0378194347615377,-0.0227181657730133
-17.2559768095949,-1.63138701092311,-4.83788622464575,0.0125168082547735,0.0992135550774854,-0.0445457754472685,-0.00687488472388553
-17.2881235828134,-1.53500867709878,-4.79599456988921,0.00835082244962583,0.0996507088003634,-0.040497595668171,-0.00327237497603461
-17.3385308755731,-1.44614338500729,-4.5443250332281,-0.0167273888995594,0.0985910465539488,-0.0336799038601185,-0.00972575446246315
-17.3843941144935,-1.35547785586491,-4.58621963789595,-0.0125834866772618,0.0992051201452988,-0.033279752243164,-0.00853959100291757
-17.412638448216,-1.27142887743134,-4.67199454856745,-0.00403834473795748,0.0999184255869627,-0.0242059889844946,-0.0158694471533876
-17.4801541881119,-1.19650278832479,-4.35115486409329,-0.0353428970234702,0.0935461363712494,-0.0321728428723915,-0.0186200472647089
-17.5752543106511,-1.12917815424267,-4.09104254339006,-0.0582130469592296,0.0813095391926589,-0.0368870755800366,-0.0139849051105374
-17.7131840383842,-1.10773073779445,-3.51725771808549,-0.0930263821288659,0.0366891295619592,-0.0449033456042223,-0.0152417131137357
-17.8408012356847,-1.06950847544554,-3.64330476124803,-0.0876760447921079,0.0480927351022198,-0.0399411525083622,-0.00987047275331054
-17.9756961863358,-1.03889212605107,-3.51670560113493,-0.0930466246394079,0.0366377625301154,-0.0418483260116815,-0.00602141313564442
-18.0931162148995,-0.979920663099923,-3.80069530105422,-0.0790542095317977,0.0612407703682981,-0.0383658190319807,-0.00226930741715137
-18.1401510207738,-0.894330255072152,-4.57583208101485,-0.0136132880923136,0.0990690586778519,-0.0334215177819424,-0.0134786506500806
-18.2175377437769,-0.808618337987516,-4.23217614141952,-0.0461967952162133,0.0886896618087545,-0.0311899277868939,-0.00297774472411838
-18.2979742429894,-0.725429358878976,-4.23901753240014,-0.0455889581892815,0.0890036341461176,-0.0348475410232325,-0.00581465503757794
-18.3470368862524,-0.641007281032755,-4.41641965008361,-0.029166717069734,0.0956519869912491,-0.0198959261932252,-0.0112299091450279
-18.3791669778399,-0.560330609187459,-4.72755871512497,0.00151691529349244,0.0999884941780422,-0.0336470068809867,-0.019311822332746
-18.3586061913946,-0.487696624646843,-5.15212684372756,0.0425702281857836,0.0904863286480909,-0.0220094417404901,-0.0178523441074754
-18.3514537269371,-0.416876931188347,-5.0887854636333,0.0367571609824442,0.0929995221305501,-0.0296046965249381,-0.022179828672054
-18.3711484506209,-0.336659456022446,-4.85943226143856,0.0146513965346165,0.0989208601842171,-0.0343461202184372,-0.0187033850183163
-18.4260338242169,-0.25516696427702,-4.5959400241557,-0.0116185952996754,0.0993227478640334,-0.0432667782962888,-0.0178302561186072
-18.5091788726027,-0.170541106037685,-4.27793496340896,-0.0420915202932252,0.0907099990045475,-0.0410535280926396,-0.00608414076521235
-18.5252763300793,-0.0692208642039597,-4.88850115571288,0.017520321824928,0.0984532291148998,-0.0336177793015011,0.00286701271882528
-18.5720629920157,0.024264659578033,-4.60290696453955,-0.0109263432623655,0.0994012828031558,-0.0358603186740503,-0.00591575902116315
-18.5670195648996,0.109492190241162,-5.13705016216221,0.0412012081558462,0.0911178382453108,-0.0361577810397478,-0.0058903075821819
-18.555511712677,0.186273386636399,-5.25401066439421,0.0515526247444404,0.0856873787786679,-0.0400447725217994,-0.00890618238343066
-18.6292800158493,0.26644003164351,-4.43271282544883,-0.027604440101801,0.0961144884326296,-0.0461638630704755,-0.0159478434255185
-18.6477616262447,0.351766967863286,-4.91402278260388,0.0200270299877606,0.097974068354179,-0.0385086403831849,-0.0126471321344033
-18.7396373420911,0.426954950585388,-4.19916207774191,-0.0490990961885141,0.0871164666034559,-0.0427766196579498,-0.0119284838813538
-18.8174144431086,0.510175542530998,-4.36505469118227,-0.0340392496119952,0.0940283440556745,-0.0437378514054636,-0.0108077521100647
-18.8761355405996,0.597185490719184,-4.64783274168423,-0.00645114082699821,0.0997916969593675,-0.0522699566640306,-0.0127817487711814
-18.8944247604817,0.677717816150802,-4.97756433959152,0.0262078501977165,0.0965046557841333,-0.0444970700797889,-0.0159723303525157
-18.9344222809211,0.76528643283939,-4.71404026316859,0.000165128203346324,0.0999998636632894,-0.0401626486427915,-0.0124312469747005
-18.985511023931,0.843724252120275,-4.64494993408105,-0.00673879388492062,0.0997726849241643,-0.0443499491249533,-0.0213348656432792
-18.9756899858452,0.913390485456466,-5.24005385525242,0.0503517202273362,0.0863985200692006,-0.0405306821414761,-0.01673228673301
-18.9532311211936,0.984905110008949,-5.35845371454502,0.0602048926395729,0.0798459197596064,-0.0377460279880637,-0.00833129520712372
-18.9408772718759,1.06344604448229,-5.1070766006162,0.0384519844584836,0.0923116725620576,-0.0260981351407565,-0.0137707380887182
-18.9270848330238,1.12911691256887,-5.22581180804936,0.0491161635416576,0.0871068451899686,-0.0353237246895368,-0.0214359771033896
-18.8964174745418,1.1979226611124,-5.28663301911931,0.0543200238474587,0.0839603180628297,-0.0236526653654607,-0.0151545695192938
-18.8586383296919,1.24667730932523,-5.49634183007207,0.0706084051868265,0.0708128033407303,-0.0328292603368894,-0.0220581551279002
-18.8157419962475,1.27662007311573,-5.73424405126691,0.0853077436155305,0.0521784330852022,-0.0424114101711375,-0.0222356692947097
-18.8113949798405,1.35120063996686,-5.20962952028465,0.0477002062293005,0.0878902174629361,-0.0433531898223265,-0.0133096506117987
-18.7998941162483,1.40927448516301,-5.2952476650233,0.0550412877217519,0.0834892606622632,-0.0435404241296062,-0.0254154154661128
-18.8205087704017,1.48413706236926,-4.93311185879199,0.0218935021195,0.0975739440882834,-0.0425081562728593,-0.0227113668820396
-18.8937730162171,1.55521690999442,-4.48723283352393,-0.022325857045096,0.0974759257827385,-0.0509383887703407,-0.0263960781575729
-18.9241305605645,1.62683017678458,-4.88662435077906,0.0173355135704973,0.0984859379264223,-0.0476930579178685,-0.0268726711362666
-18.9274772926984,1.70324563231337,-5.09594220685643,0.0374217876725433,0.0927340811535386,-0.0407685198064414,-0.0163186256247494
-18.9858946958677,1.78490507300583,-4.70719097209866,-0.000519798487830892,0.0999986490385348,-0.057897604681429,-0.0183392083460721
-19.0496278684624,1.86819923953999,-4.49747697788363,-0.0213261455995644,0.0976995164464297,-0.0424070269951429,-0.0144053499122681
-19.1329337064555,1.94220243382264,-4.38101167930822,-0.032534570577304,0.0945595141556387,-0.0507712674158149,-0.0205563198729939
-19.1869603928868,2.0269718522602,-4.66810202557304,-0.00442724793102077,0.0999019493090964,-0.0495994385002554,-0.0151325308715338
-19.2113197317916,2.11178402308369,-4.9944914900496,0.0278375664601641,0.0960472274122265,-0.0521969053649798,-0.0112350565887374
-19.2604443911192,2.20221486748563,-4.69848700758721,-0.00139015250080356,0.0999903369132463,-0.0477345068267638,-0.00955949251130761
-19.3495664796882,2.2950816436044,-4.31962789462834,-0.0382740715909214,0.092385580280978,-0.0508480169781365,0.000481195837796378
-19.4330254886394,2.38025791472822,-4.42209706675147,-0.0286231937368567,0.0958160361333236,-0.0548358152143003,-0.0106397650095076
-19.5361460597864,2.45619551773438,-4.1436319361565,-0.0538585186477785,0.0842571063416427,-0.0492620524992091,-0.00831950333547571
-19.6422853287802,2.53345767775421,-4.09991733920902,-0.0574891584002602,0.0818229592866806,-0.0486501105935524,-0.00456079926685327
-19.7368782156904,2.613557611566,-4.27579954378033,-0.0422851280894095,0.0906199091947362,-0.0523077588208132,-0.0105199753829517
-19.8158651673795,2.69866948630402,-4.39894206361698,-0.0308339432258774,0.0951276402794864,-0.0481530084632062,-0.010015765541465
-19.9144483952816,2.76510981744317,-4.12286850099438,-0.0555962505782167,0.0831207370133599,-0.0429869773238707,-0.0166804058742036
-20.0146586289659,2.84535067868895,-4.18817418236673,-0.0500533396160083,0.0865717228272866,-0.0501568940683512,-0.00633086158150853
-20.0731786419257,2.9326673694193,-4.56888158878664,-0.0143015324474194,0.0989720474156992,-0.044218480512356,-0.011655356685349
-20.1362899644389,3.01865348191208,-4.58065712517257,-0.0131351188987789,0.0991335899254886,-0.0499762036144311,-0.0131474774327129
-20.1518312220314,3.0980576213257,-5.0822144966705,0.036145275052307,0.0932390427417242,-0.0516865326448155,-0.0138349033281013
-20.1244778584349,3.15947272155685,-5.48580465208005,0.06985833201773,0.0715528716942975,-0.0425049684211913,-0.0101377714631514
-20.0738593783208,3.19641118275025,-5.78344102205702,0.0877705129439274,0.0479201112014556,-0.0371520328298267,-0.0109816500080546
-20.0160722418899,3.2154501501647,-5.91474201635488,0.093288914576508,0.0360163631858769,-0.0355017781455942,-0.0169773957714208
-19.9724842171132,3.24022436114259,-5.88436697628422,0.0921520514461735,0.0388329681361315,-0.0485640266695526,-0.0140587571582422
-19.937240977141,3.27899235502234,-5.73805403878312,0.0855059231501772,0.0518530337225894,-0.0502626831779658,-0.0130850398428386
-19.9205023765278,3.33700860845307,-5.52824310913844,0.072831115299349,0.068524657199091,-0.0560925146860853,-0.0105084037683634
-19.8925733286596,3.3923710259178,-5.5880430902348,0.0767962620364483,0.0640494663305571,-0.0488672141683217,-0.00868704886582439
-19.8393529425512,3.39353066162471,-6.12723712363569,0.0987864705989666,0.0155316846027564,-0.0455660844905665,-0.0143720488958534
-19.7810933437622,3.38543861449026,-6.23916802046981,0.0999031395641489,0.00440030740132765,-0.0416435407751479,-0.0124923545357705
-19.7256750696128,3.38138507701383,-6.27135156753166,0.0999929982120072,0.00118334634555184,-0.0445747240626133,-0.00523688382198184
-19.6747076837919,3.36879853684008,-6.2701716089833,0.0999915323024687,0.00130133308740102,-0.0490241464815604,-0.0138878732611527
-19.6261131729927,3.37046320299446,-6.14186363308967,0.0990030700881664,0.0140851735210328,-0.0504085592889254,-0.012420507366655
-19.5686672957308,3.37483694516193,-6.2210157734457,0.0998068096899913,0.00621294934035914,-0.042360932428096,-0.00183920717289165
-19.5169127342041,3.34835332172091,-6.49673811521731,0.09772841257103,-0.0211933332995674,-0.0459738510443373,-0.00529029014144822
-19.4648440165346,3.37490111592203,-5.98995457344933,0.0957315040722757,0.0289046558197787,-0.0436627864027415,-0.00235686161866511
-19.4026494044364,3.37706740256957,-6.21177570528746,0.0997451417660453,0.00713489271618978,-0.0375505296678362,-0.00496860606864402
-19.3734935440513,3.43274618699989,-5.63692156579311,0.0798339369698967,0.0602207813623052,-0.0506780765848163,-0.00454199693198287
-19.351177974627,3.49689339425825,-5.53035966413421,0.0729759882620506,0.0683703527647551,-0.0506604188377295,-0.00422314550639946
-19.312265620815,3.55473821971271,-5.64360576394959,0.0802346781844426,0.0596858141993467,-0.0413223243724374,-0.00184098874488381
-19.253383257569,3.53617161072658,-6.4248625356995,0.0989980557844972,-0.0141203736101275,-0.0401156925385635,-0.0044462353760073
-19.1968605820212,3.54287419875094,-6.17564573062111,0.0994223190242626,0.0107332418139975,-0.0428996434764493,-0.00403065378963596
-19.160222223952,3.59742110663372,-5.62328027386749,0.0790050453611668,0.0613041826263101,-0.0423666872919348,-0.00675727474352605
-19.1036450389183,3.63109063126228,-5.86363019028725,0.0913270255684138,0.0407354194875454,-0.034749840534765,-0.00706589485898856
-19.0481080116072,3.64499487469809,-6.05110350768722,0.0973189681975082,0.0230004006263456,-0.0417819408863522,-0.00909615719053036
-18.9967611201793,3.60737517776822,-6.54702234847795,0.0965396437844431,-0.0260786728568159,-0.0451927523565416,-0.0115410240730567
-18.9550979775311,3.54505364102881,-6.77207834013719,0.0882853285256517,-0.0469648886628911,-0.0466221858775206,-0.0153566480765202
-18.90430518643,3.50205529233003,-6.51624266646533,0.0972964836249346,-0.0230953301388577,-0.0465036925237996,-0.01990301855992
-18.8539086891794,3.47137097290085,-6.45401219556692,0.0985444535061701,-0.0169997259733881,-0.0481479562555691,-0.0136845934557925
-18.808922884651,3.46895725239088,-6.23870863953967,0.0999011076055916,0.00444620053259011,-0.0549153030771983,-0.0068599210425635
-18.7504332224419,3.47061308420303,-6.27746628292983,0.0999983646425389,0.000571899307422834,-0.0415087024333829,0.00108393250472805
-18.695760929282,3.4455359161182,-6.56617289066928,0.0960225514944558,-0.0279225644326338,-0.0413502583345604,0.00284539634780856
-18.6512272411356,3.37833820303105,-6.94692314923869,0.0787694984210098,-0.0616065428221917,-0.034235810274641,-0.00559117026496114
-18.6116941367649,3.30391584827492,-6.90361909665338,0.0813626333158796,-0.0581388157766025,-0.041829528945172,-0.0162835389795299
-18.5728954840717,3.23417975835274,-6.92664599074812,0.0800024254481164,-0.0599967659329949,-0.0412037727549013,-0.00973932398918897
-18.5432935532403,3.1479942015689,-7.15396430911841,0.0644230937921823,-0.0764831026190994,-0.0348211629608315,-0.00970245416473769
-18.4994530948381,3.06861721142749,-6.98151767535645,0.0765915441191563,-0.0642941316874514,-0.0327510857169457,-0.0150828584539555
-18.4554225533867,3.00220836112384,-6.794740761948,0.0871984114549383,-0.0489534170383977,-0.0431678700034972,-0.0174554332652574
-18.4423202803998,2.89595309766829,-7.27649334322431,0.0545921259372153,-0.0837836486771448,-0.0414898529504057,-0.0224716147784063
-18.4390997888731,2.79341679958895,-7.25237662955566,0.0565966412864837,-0.0824428298585698,-0.0533761497597354,-0.0200934682207654
-18.408346484455,2.71171892191324,-6.94931377091163,0.0786219955382584,-0.0617946746700885,-0.0478686911201613,-0.0199032030056223
-18.3577438974388,2.65197199812705,-6.73763810824287,0.0898501366995749,-0.0438970720557499,-0.0392475496833491,-0.0158498517304437
-18.3358502783632,2.557492028913,-7.15192635242438,0.0645788291521264,-0.0763516524074002,-0.0426852100765664,-0.0181283168066475
-18.3002067050978,2.47911758502941,-6.94572090939316,0.0788435073177462,-0.0615117984929436,-0.0431999340523674,-0.0168626453906411
-18.2485699017044,2.43076769180525,-6.61788722884163,0.0944508266643163,-0.0328487647016943,-0.0428140232709104,-0.0155011285224695
-18.1995251961503,2.37457299907454,-6.74452997616915,0.0895454724361332,-0.0445152599249933,-0.0405007668820296,-0.0116794328057184
-18.1650630010408,2.28701248124618,-7.0399070320582,0.0727090585795039,-0.0686541535559377,-0.0382468634699791,-0.0189063642724241
-18.1666946116905,2.17381913340056,-7.40811938557684,0.0431235994787657,-0.090223916829159,-0.0447552101284359,-0.0229694310164605
-18.173063119529,2.06378284004549,-7.56656604624005,0.028347477567276,-0.095897969298483,-0.0347159854057857,-0.0141383240565824
-18.1708159813597,1.95766005573575,-7.37754613683795,0.0458614552688337,-0.088863529755602,-0.0436143170995393,-0.0172592545541423
-18.1628058971376,1.85085754132771,-7.23393410776062,0.0581073840442672,-0.0813850841342075,-0.0500972998221663,-0.025417430273829
-18.1331221970204,1.76534127117863,-7.07144596426925,0.070507979828127,-0.0709127970154642,-0.0408242797109253,-0.0146034731336178
-18.1162154414469,1.67373302592798,-7.19399585348272,0.0613105618610407,-0.0790000949637626,-0.0444038062876011,-0.0126081502868818
-18.0982729970165,1.5785821426109,-7.1842114757366,0.0620805815682789,-0.0783964373689536,-0.0441381371378355,-0.0167544459481279
-18.0956008100474,1.47637680681921,-7.40198285970437,0.0436764454547814,-0.0899575906326726,-0.0410042584856711,-0.0122477451590228
-18.109168125287,1.35983574658383,-7.58923655874451,0.0261663233658046,-0.09651592366815,-0.039733638605405,-0.0200251365672264
-18.1155771030918,1.24919532312531,-7.47266303121635,0.037214468634586,-0.09281747316236,-0.0436234464394012,-0.0178229502961589
-18.1040113224649,1.15575343985415,-7.30694440267219,0.0520159105585826,-0.085406937942778,-0.04045012993166,-0.00803494532838744
-18.0809321087499,1.07682202486223,-7.19354622917147,0.0613460760257969,-0.0789725202601332,-0.0382668623108238,4.11052682212087e-05
-18.0885917225832,0.975396700065253,-7.55967898345059,0.0290072554012186,-0.095700465694209,-0.0366668692345264,-0.00572485910277187
-18.0902754884806,0.880243337063547,-7.48301812050036,0.0362513573931441,-0.0931978491551953,-0.0379351232905449,-0.00195551384651083
-18.1218915100942,0.775213019341622,-7.74270680074431,0.0111045339551138,-0.0993815341280246,-0.0427205555687244,-0.00564878359390075
-18.1695942674212,0.664662177139379,-7.94655108004518,-0.00924372965273121,-0.0995718507516418,-0.0384590276742252,-0.0109789914506004
-18.2285212899408,0.556048832507067,-8.04154162730349,-0.0186462238271493,-0.0982462128378893,-0.0402807986924536,-0.0103671317944229
-18.3004494556903,0.448598523489044,-8.13167699433558,-0.0274140030154099,-0.0961689785672651,-0.044514162734071,-0.0112813304507577
-18.3850421348727,0.351239963385171,-8.27360187157774,-0.0407413666819994,-0.0913243726552933,-0.0438513125003972,-0.00603418744857986
-18.4229821043376,0.245920945747079,-7.9141009000981,-0.00600830575616751,-0.0998193381161206,-0.0319316637087645,-0.0054996795219715
-18.4392384383113,0.138429226964879,-7.6973679636612,0.0155974222478027,-0.0987761125942085,-0.0318537562215404,-0.00871560618799183
-18.437999673342,0.0431504366559523,-7.46366419280471,0.038048200017654,-0.0924788325803078,-0.0368094350483616,-0.00279995772861863
-18.4108726902673,-0.0443764446170386,-7.0541553072963,0.0717235080712988,-0.069683128445459,-0.0445965249965994,-0.0178437528275319
-18.3852628585742,-0.131660001512864,-7.10395010459485,0.0681661829380638,-0.0731667376862904,-0.0425563512449507,-0.0141168192095353
-18.3721258480724,-0.2255653686946,-7.31900346930054,0.0509822255061136,-0.086027976161501,-0.0378452150042357,-0.00787739102023455
-18.399937930355,-0.340714897645989,-7.7238700701427,0.0129744764257033,-0.0991547425062406,-0.0407865587083727,-0.0159947864451482
-18.4530328865002,-0.449985051971341,-8.10107331573632,-0.0244585011250161,-0.0969627852462871,-0.0286364550201128,-0.0123073690790649
-18.5096818015994,-0.560583931073099,-8.04737042324941,-0.0192185609610438,-0.098135859473419,-0.0374303541381984,-0.0124630196283393
-18.587322719008,-0.65851622593157,-8.20745057475189,-0.0346154366091847,-0.0938177571057607,-0.0430254807994039,-0.00411453775271031
-18.5919502574522,-0.756658109742508,-7.48496536913717,0.0360698093945969,-0.0932682628241646,-0.0406973478388188,-0.00487362098677391
-18.6269333429141,-0.857099036388558,-7.73440805779047,0.0119288839170638,-0.0992859593723766,-0.046911969379007,-0.00115496727367326
-18.7061744614934,-0.958874728932487,-8.11419410525661,-0.0257285876205474,-0.0966335334087076,-0.0535125309586775,-0.00514215913522076
-18.7986983421485,-1.0600040962332,-8.24114830674399,-0.0377566322577891,-0.0925982544141631,-0.0547672483973756,-0.0085311128865504
-18.8959707779057,-1.16898327209354,-8.28112486561457,-0.0414272400300991,-0.0910152942284348,-0.0558451957270556,-0.017963881631907
-19.0108762521064,-1.26492771461864,-8.47340903133955,-0.058056903636088,-0.0814211025483565,-0.0568485705645898,-0.0145233399767459
-19.092080068994,-1.36649144392341,-8.23427686022689,-0.0371194619424661,-0.0928555089647449,-0.0440843549451735,-0.00870822034001684
-19.2069597996118,-1.44749941239661,-8.56591846186277,-0.065330136392167,-0.0757097964531728,-0.0495495942255921,-0.00529817202002913
-19.3443220989944,-1.49418819686111,-9.00504795946586,-0.0913199001820004,-0.0407513905376182,-0.0460423992006582,-0.00593739392687986
-19.4774585843919,-1.54940809145874,-9.0477853480856,-0.0929775935815993,-0.0368125942005579,-0.0401588918158318,-0.0184073003970751
-19.5943931400006,-1.62554886457325,-8.75859005372393,-0.0786183221191417,-0.0617993481128311,-0.0383162334895886,-0.0143414250016818
-19.7028670943137,-1.71205261005081,-8.48744204435439,-0.0591937331803229,-0.0805983991911548,-0.0492802211327579,-0.00590534628640071
-19.8253981101795,-1.77933181263115,-8.77396804962768,-0.0795593390291851,-0.0605830964315888,-0.0429716768366326,-0.00669610614875626
-19.9453551000189,-1.86570499601586,-8.64109080316298,-0.0708315609351997,-0.0705895882937639,-0.0491254289041798,-0.0157835950909462
-20.0756082332982,-1.9338045764279,-8.7768257959357,-0.0797321450447276,-0.0603554889514328,-0.0505209882346414,-0.00774409146060595
-20.2042243699805,-1.99566554338321,-8.80883443788785,-0.0816228709853823,-0.0577728909792788,-0.0469932656968908,-0.00408807597602756
-20.3490110193071,-2.00276253574082,-9.32040079531114,-0.0994557647376051,-0.0104187744220781,-0.0453308845890277,0.00332178206446976
-20.5010667551868,-2.02684724472941,-9.17762465555129,-0.0969612778448081,-0.0244644762605278,-0.0550944580348762,0.000379767271939002
-20.6583411515094,-2.00357380493524,-9.63955544443635,-0.0977023843307108,0.021313002981609,-0.0595720119918646,0.00196043681255809
-20.8113211224156,-2.0303526758345,-9.26122869536226,-0.0986655603778219,-0.0162821127416066,-0.054314410528395,-0.0104967581576565
-20.9474875866355,-2.08274760838958,-9.11193444605091,-0.0951462282251835,-0.0307765374030494,-0.0410202359946723,-0.0216183951520277
-21.0844522534123,-2.14433305725013,-9.02679460815002,-0.0921844440035087,-0.0387560096470724,-0.0447802227733334,-0.0228294392134778
-21.2227031643472,-2.20591995300826,-9.0147168633262,-0.0917096467094095,-0.0398665360977762,-0.0465412642255174,-0.0217203596603586
-21.3421210575392,-2.28227673282025,-8.78961108260709,-0.0804972696890465,-0.0593311854980912,-0.038920623502932,-0.0170255943138944
-21.4538795032487,-2.35156121856053,-8.90408092687377,-0.0867472626589887,-0.049748491647209,-0.0250111830505411,-0.0195359940930739
-21.5885581602627,-2.3868675582796,-9.25166654261162,-0.0985053600044789,-0.0172248091538921,-0.036173297009455,-0.0180815305651709
-21.7094240791554,-2.45872282533356,-8.78140736249393,-0.0800078299497282,-0.0599895586476128,-0.0408580889430326,-0.0118657084063551
-21.8452367611454,-2.50749984161114,-8.98005275859282,-0.0902728920203431,-0.0430209828605005,-0.0455397899696202,-0.00575603341707698
-21.9643670032247,-2.5920447107599,-8.67776145573228,-0.0733719275196342,-0.0679452739493598,-0.0457583145596914,-0.0165995951994002
-22.0123237889815,-2.70703218495466,-7.90257572712159,-0.0048574970504071,-0.0998819539376623,-0.0430992887064079,-0.0151055202570989
-21.9962005333491,-2.80292403854023,-7.18447165302969,0.06206018249446,-0.0784125866730229,-0.0459369268620371,-0.0174792669125461
-21.9837783155104,-2.8904870304208,-7.2802495559425,0.054277032347166,-0.0839881167760338,-0.0418548145084721,-0.00357487510453147
-22.0374805815578,-3.00350251230366,-7.91769796435765,-0.00636732268511412,-0.0997970801267433,-0.047334943362273,-0.0132184017561174
-22.0776429366219,-3.11185115369156,-7.84295970427767,0.0011021706535437,-0.0999939259147798,-0.0412645257176081,-0.0083547154731205
-22.1405940630883,-3.21424876776198,-8.1352865582727,-0.0277609517508623,-0.0960693996956695,-0.0351901747155345,-0.00632821437475162
-22.2174003298124,-3.30737661833976,-8.29226336000322,-0.0424384225812004,-0.0905482207932296,-0.0343678441429205,-0.00257962978454795
-22.3084209242395,-3.39269732291717,-8.50265005163665,-0.0604125818392303,-0.0796888948067314,-0.030608012587841,-0.00563180977068445
-22.3640162451633,-3.49390889453733,-8.13840663664155,-0.0280605601956499,-0.095982315879053,-0.0275347607282157,-0.00522925574110644
-22.4819677648222,-3.53285481306055,-9.01277200250557,-0.0916319384491143,-0.0400448230868577,-0.0263195812097123,0.00109890456364337
-22.6049041208936,-3.5610691157906,-9.152458809007,-0.0963149714436118,-0.0268965848355557,-0.0266213846278696,-0.00131771789449875
-22.734074957111,-3.57899772234712,-9.27537674330071,-0.0988860381616692,-0.0148846046870214,-0.0302847980557175,-0.00304400186950105
-22.864466521857,-3.61048193297829,-9.08163278642641,-0.0941701129293626,-0.0336450565591899,-0.0362214518166226,0.00216084592802002
-22.9921097111796,-3.64355680997804,-9.04511676754938,-0.0928790252643263,-0.0370605810255134,-0.0347641640582346,0.00398570402576226
-23.1059651953704,-3.70436361624062,-8.72267631634663,-0.0763486582653098,-0.0645823689646559,-0.0375068259255222,0.00377556270207968
-23.2132263266549,-3.7901176299266,-8.58219134374182,-0.0665534488557508,-0.074636709770762,-0.0407076824287351,-0.0111173039152224
-23.3024079478899,-3.87143658710135,-8.5252114532344,-0.0621949476167861,-0.0783057372798777,-0.0269866736182038,-0.00301321989486869
-23.3724872863021,-3.97639122847788,-8.29661777947693,-0.0428323039349578,-0.0903625682438442,-0.0272470344772877,-0.0145920731326861
-23.4291813785547,-4.08491459186501,-8.16682514570574,-0.0307765371188272,-0.0951462283171196,-0.0259175551337734,-0.0133771350700087
-23.5029626016718,-4.18660796168247,-8.31300140983935,-0.0443069561540369,-0.0896487235623813,-0.0294742669630601,-0.0120446462550845
-23.6008515260674,-4.27717839391579,-8.58079301829481,-0.0664490174127728,-0.0747297001524629,-0.0314399069827864,-0.0158407320808553
-23.7169312960214,-4.34910900192663,-8.78920555810206,-0.0804732028211816,-0.0593638242341324,-0.0356065671328025,-0.0125667837767036
-23.8240095139307,-4.42955627716093,-8.61944919020988,-0.0692874209673087,-0.0721058478606205,-0.0377907969420193,-0.00834142737368282
-23.9557338013874,-4.47688882256953,-9.09951583628765,-0.0947566995209588,-0.0319557177339945,-0.0369675879357416,-0.0153768276746051
-24.0777644779274,-4.53098605077613,-9.02841134917424,-0.0922469819287444,-0.0386069206883676,-0.0297836946112859,-0.0154903075182293
-24.2151398351513,-4.52474590122357,-9.53964371653768,-0.0993410179443954,0.0114613329840519,-0.0380343392794629,-0.0052211834314928
-24.346050822861,-4.52642424142435,-9.50523381532998,-0.0996765173256796,0.00803690822539957,-0.0312344703840601,-0.00971524842617999
-24.4685544564807,-4.50280105450684,-9.84121536683886,-0.0914535827663793,0.0404504907163437,-0.0310500508533238,-0.0168273037988316
-24.5710788006741,-4.4520652525646,-10.2082512042627,-0.0708466594236587,0.0705744348082796,-0.0316776847696651,-0.0198386328660458
-24.6418611793718,-4.3753616825867,-10.5790712661155,-0.0404564913907854,0.0914509283952181,-0.0303258873069687,-0.014747358417317
-24.7455122234645,-4.32285246005298,-10.20093710597,-0.0713609481752714,0.0700543722798673,-0.032290095917368,-0.0175451497461463
-24.8656655863043,-4.26223126354609,-10.2568964707625,-0.0673310931807504,0.0739359445133766,-0.0528222696591207,-0.0133147480064837
-25.0096863750946,-4.24697510953606,-9.69883183639194,-0.0962681684008513,0.0270636241613228,-0.0477526203894385,-0.0118074701512887
-25.138101758104,-4.19939679400888,-9.90837945299038,-0.0885326079779209,0.0464970679143082,-0.0398827750314474,0.00108124761286632
-25.264889383131,-4.13579826421798,-10.0692871428508,-0.0799394749644869,0.0600806153630451,-0.0468481500624982,0.00351791442785743
-25.3965151052116,-4.0708631998068,-10.0200191825777,-0.0828013267811441,0.0560708505667802,-0.048824395299448,0.00886421384439551
-25.5328163154297,-4.03556181648125,-9.78023041482115,-0.0937489124180613,0.0348014571595886,-0.0425522978000963,0.000499926165966613
-25.6706026406263,-4.01231395015453,-9.77866232811486,-0.0938033688386433,0.0346544080099696,-0.0439829563579686,-0.0114065416832556
-25.7907942445372,-3.95313778782475,-10.1584941327137,-0.0742691060422012,0.0669634220130085,-0.0459224978686876,-0.00778725968322735
-25.9152418751455,-3.90344358560684,-10.0414974116868,-0.0815780188129477,0.0578362070553935,-0.0428696117953393,-0.00814200483748539
-26.0479121190358,-3.91200019253738,-9.35049504192502,-0.0997242292408767,-0.00742146227593081,-0.0329460146494363,-0.00113514465460529
-26.1778580884605,-3.89479200256272,-9.68318490034557,-0.0966798296542194,0.0255540708700418,-0.033266139770415,-0.00834588089538268
-26.3118246661818,-3.90009846733503,-9.36577190638057,-0.099825964781143,-0.0058971819976996,-0.0341406129402131,0.000590717225388282
-26.443206169155,-3.87301981068029,-9.61905966345753,-0.0981186598432534,0.0193061801132161,-0.03326284312989,0.00777247654152458
-26.5771999264889,-3.84732110973469,-9.58716365650971,-0.0986844389546786,0.0161672974921698,-0.0353093183792659,0.00953140345343595
-26.7070683109196,-3.82204217480139,-9.56677141160751,-0.0989935856575623,0.0141516782983109,-0.0308747987731195,0.01112725663498
-26.8273143510152,-3.76349320526043,-10.0345711335562,-0.0819766484893674,0.0572697922333466,-0.0382693916062919,0.00127917730762217
-26.935083766022,-3.68467010598516,-10.1962065756263,-0.0716915428198593,0.0697160145741871,-0.0360778721868869,0.00910708470107924
-27.0585165505621,-3.63478669821355,-9.99852097330302,-0.0839875232787127,0.0542779507121234,-0.0394452612613634,-0.00439454294051433
-27.1868174600943,-3.59442644190807,-9.85775813903001,-0.0907719365741365,0.0419577827176431,-0.0375289729580821,-0.00159752641215949
-27.3228570442386,-3.58095343097962,-9.48562408885824,-0.0998149445388851,0.00608085904287239,-0.0362246396054644,0.00739215188557285
-27.4594121770074,-3.56589190892016,-9.5824412585474,-0.0987596867027477,0.015701091757426,-0.0377954460660632,-0.000639569697967524
-27.596595830217,-3.53450735149392,-9.75096855988325,-0.094726988608733,0.03204368313913,-0.0424566646008344,-0.000659125712888731
-27.732518579996,-3.50047628298537,-9.7420978054,-0.0950075095042098,0.0312021335457607,-0.0409152402747957,0.00282893496279524
-27.868419470296,-3.47496568265211,-9.72943636163618,-0.0953949476801905,0.0299967324402796,-0.04050594261982,-0.00448613210702398
-27.990220964594,-3.44120748105424,-9.85473859564081,-0.0908982159143345,0.041683502055262,-0.0309032783836578,-0.00792530045739426
-28.1272059816599,-3.43840800580164,-9.52453055344404,-0.0995028834344072,0.00995872422746883,-0.0374821336315065,-0.00715924897487152
-28.2611062160882,-3.45591946604798,-9.21341173552569,-0.097774519885315,-0.0209795915402597,-0.0361257145429938,0.00346813129392309
-28.4012320122395,-3.4635484441137,-9.40071459647481,-0.0999710491219714,-0.00240610420646616,-0.0401547470292982,-0.00522287385925502
-28.5202508595674,-3.41481331206167,-10.0024845933893,-0.0837717269332752,0.0546104181142827,-0.0352471203946472,-0.00587528606224641
-28.6465209988909,-3.39235515716847,-9.81035278411653,-0.09265823994078,0.0376091820048887,-0.0336118993826808,-0.0151510271116901
-28.7611484489709,-3.35190132180708,-10.0169235496329,-0.0829745045362772,0.0558142597994394,-0.0316529455437475,-0.0153604244380565
-28.8739889378337,-3.30739415168049,-10.0891982981805,-0.0787274338997346,0.0616602882864078,-0.0341130549630009,-0.0171531181598104
-29.0040297508964,-3.29167131317098,-9.63845795649677,-0.0977257162494767,0.0212057629791238,-0.0323150968132317,-0.00548292446961174
-29.1410178592518,-3.30209770744358,-9.40981349318831,-0.0999888034444451,-0.00149639090752556,-0.0369993049109496,-0.00893000336507654
-29.2667917435857,-3.24893818614235,-9.91858987141678,-0.0880532468687834,0.0473985834795206,-0.0377206374651742,0.00576093782170339
-29.3896033040651,-3.2026962401233,-9.88781743044112,-0.0894698993764528,0.0446669576484386,-0.0333416611029556,0.00157498837061532
-29.5272152649027,-3.18633375362186,-9.61504858472103,-0.098195308941775,0.0189124641924144,-0.0394166518958166,-0.00254997769097454
-29.6542624907566,-3.14914529613647,-9.8213971666354,-0.0922372270990089,0.0386302205156257,-0.0348099987548594,-0.00144176303023524
-29.7862351825451,-3.1519407565266,-9.42080880446912,-0.0999992122909474,-0.000396914587845502,-0.0319734794975517,-0.0023985458022846
-29.9218080068394,-3.1324446863317,-9.66971356555121,-0.0970152942428622,0.0242493852081009,-0.0385575300514205,-0.00475331501320042
-30.0351061423686,-3.20472389275494,-8.76870034061043,-0.0792391025478652,-0.061001349390066,-0.0340590329813821,-0.0112778570331757
-30.1545267008375,-3.27502850878325,-8.81574517427896,-0.082020171951456,-0.0572074417628825,-0.0374003865174402,-0.0130971742654244
-30.2551309844002,-3.37103212670034,-8.4339578233101,-0.0548004019905095,-0.0836475698492106,-0.0458038815721942,-0.0123560480678782
-30.3806493784296,-3.43143455890003,-8.84315112004724,-0.0835569995756098,-0.0549384002490202,-0.0419613944537645,-0.00546403195067224
-30.4888617032069,-3.5176327776385,-8.57415537926611,-0.065951528472391,-0.0751691152811805,-0.0422607963049053,-0.0110291034572905
-30.5866726692017,-3.60692445311571,-8.49502627843917,-0.0598033020249312,-0.0801471463429289,-0.038007663969843,-0.00914452913428132
-30.7098327778391,-3.67821397037129,-8.72285628666125,-0.0763602799380685,-0.0645686274267915,-0.0467998286993918,-0.00672088982878538
-30.7865808000248,-3.77935969249004,-8.18159583533165,-0.0321785041765114,-0.0946812751760465,-0.0445695180091654,-0.0064644469427062
-30.927580693246,-3.82447168216317,-9.01982073420045,-0.0919119249859278,-0.0393979446847317,-0.0490879682353089,-0.00571404498840344
-31.0532401279422,-3.88510752330346,-8.90089108827764,-0.0865881319399734,-0.0500249478475066,-0.0390713027562342,-0.0106108932927835
-31.1751937987541,-3.95390678905132,-8.81259627451465,-0.0818396251112399,-0.0574654310142342,-0.0401140457006655,-0.0113338347336223
-31.3201096359444,-3.98142423579374,-9.22860890438091,-0.0980820475200271,-0.0194913302337002,-0.0468337896702096,-0.00802611650872187
-31.4617364816465,-4.01068118604507,-9.16082342394033,-0.0965365789905687,-0.026090015653458,-0.0450902667115791,-0.00316693459787221
-31.5859066271523,-4.06319121675719,-8.95534061086384,-0.0891822963568962,-0.0452384572737702,-0.0349878491488873,-0.00727157343834328
-31.7047583138057,-4.11629404766445,-8.81521195608115,-0.0819896562438481,-0.0572511682764258,-0.0368620304095195,0.00414833736915821
-31.8113313284941,-4.18567531892688,-8.71293577657278,-0.0757159791993679,-0.0653229706449491,-0.0308570354890811,-0.00405830061747281
-31.939624007758,-4.21223803263415,-9.12249341978414,-0.0954658868678391,-0.0297701938948498,-0.0328267923960475,0.00320748018757744
-32.0754730447434,-4.19929878404295,-9.49487248858262,-0.0997544384252066,0.00700371433395569,-0.0360945985602008,0.00593553425723847
-32.2167655592645,-4.2148183730066,-9.27796353609113,-0.0989242106591946,-0.0146287574815939,-0.042368303861906,-0.000890831482053933
-32.3523582252073,-4.19561023842911,-9.57646394783255,-0.0988517721980855,0.0151104974536848,-0.0367408937447102,0.00409763712380773
-32.4748119719997,-4.14108957125597,-10.0047670766055,-0.0836468614647997,0.0548014832562825,-0.0388068853275705,-0.000280816083144231
-32.567093994256,-4.05621431239279,-10.4428429472156,-0.0525013810981122,0.0851093707108142,-0.0397806411581598,-0.000234111847636775
-32.6213288085726,-3.96179617576941,-10.7505202709869,-0.0242608727932534,0.0970124221494834,-0.0299739415233766,-0.00259428552609808
-32.6736314188929,-3.86680992534666,-10.7919491740251,-0.0202220870234116,0.0979339940797758,-0.0320805232968375,-0.00294774365702999
-32.6807955326627,-3.78023030619857,-11.2932856475293,0.0293333013285812,0.0956010325946674,-0.0364974150984771,-0.00902141344657359
-32.6655980549242,-3.69346327476737,-11.4936624951137,0.0477746907771593,0.0878497519697513,-0.0325772130385822,-0.00108272053855174
-32.6118431457197,-3.64642104365183,-12.0361688992566,0.0862705079252282,0.0505707372135619,-0.0325155987207708,-0.00352850609802235
-32.5848279380493,-3.56633139331502,-11.6447728267047,0.0604548181431305,0.0796568576036051,-0.033439610472751,0.000432792733203513
-32.5177933440293,-3.52731824175676,-12.2663850835033,0.0955340764950053,0.0295506383729097,-0.028499482474988,0.00946251318535207
-32.4616630663051,-3.57086947014614,-13.1466170542893,0.0836327569535553,-0.0548230057945344,-0.0275024792292911,0.0112717774051578
-32.4236032546525,-3.62786989824003,-13.2155891745409,0.0796556472192284,-0.0604564129442513,-0.0415958355666746,0.00345598485036014
-32.4302525330133,-3.71635482241185,-13.8681052679877,0.0265826987305177,-0.0964020753314084,-0.0332319770912974,0.00791715115958258
-32.415489666741,-3.80504345488325,-13.638749833372,0.0478035819964828,-0.0878340341115307,-0.033040715724173,-0.000854598359869563
-32.4149734649165,-3.89852690784386,-13.6850293192716,0.0436889354303983,-0.0899515253953955,-0.0431727336058856,-0.00353192756521459
-32.4180358356616,-3.98882231706911,-13.8741109948842,0.0260032582732452,-0.0965599842542184,-0.0290656290184117,0.00626457502897271
-32.3748251897953,-4.05683381832573,-13.3108521779932,0.0735439288820128,-0.0677590623060669,-0.0303332830156364,-0.000252438950556488
-32.3341274180376,-4.13699447096173,-13.4376137446248,0.0643875888801562,-0.0765129949629472,-0.0236898171224738,-0.00364765767304664
-32.3087494526064,-4.2197055896973,-13.4147328560278,0.0661212675957151,-0.0750198505166188,-0.0407433021645218,-0.00769126821895405
-32.2619681607762,-4.29691307691201,-13.2575113009133,0.0770519423990161,-0.0637416517870278,-0.030270650568859,-0.0134658354276853
-32.1980631807683,-4.33568613871718,-12.8045875245861,0.0971760275609637,-0.0235970266658922,-0.0332710475530078,-0.0151760351392776
-32.155608165533,-4.41408086463106,-13.273095276786,0.0760492780027544,-0.0649346387936345,-0.033594262767469,-0.0134600871202384
-32.0995684038384,-4.46183579432932,-12.9349990804636,0.0932822436369856,-0.0360336373691313,-0.0372424819424353,-0.0117212923291294
-32.0680939423837,-4.54246587396081,-13.424374464969,0.0653948934274406,-0.0756538691252052,-0.0339204319727386,-0.00497621050628716
-32.0189478567703,-4.60512001562844,-13.2978719260137,0.0744172383778091,-0.06679876220575,-0.0252711527644003,0.00414462053812059
-31.9820176339363,-4.67755727442739,-13.3612890053739,0.0700343021393428,-0.0713806453028777,-0.0331040793052999,-0.00105661349607722
-31.9421317486622,-4.7472120545056,-13.2915172031856,0.0748402205678247,-0.0663245157189961,-0.0349543352937545,-0.00333026435921191
-31.8823923527271,-4.78894860695749,-12.9031624757355,0.0943819685030259,-0.0330460893525062,-0.0346425725679254,-0.00869046309938248
-31.8207104943541,-4.78723855637332,-12.5392957360234,0.099963349787104,0.0027071570588146,-0.0382814914141179,-0.000997106474641463
-31.7575051682319,-4.80247002475087,-12.7316884379652,0.0986366102259131,-0.0164565829728193,-0.0354312841036446,0.00122511459526464
-31.6950642897083,-4.7780684011334,-12.3218404899786,0.0970251189176827,0.024210045415272,-0.0345842403941106,0.000191578202197284
-31.6339711356623,-4.7451461507667,-12.24673985004,0.0949351502570982,0.0314216047594993,-0.0338419962110805,0.00150064560720597
-31.5750740689505,-4.70373306037609,-12.1903416438087,0.093013024573136,0.0367229799955995,-0.0341159578614132,0.0046901103950141
-31.5284879150874,-4.64650016776183,-12.0003035608502,0.084401680238097,0.0536316732256791,-0.0378155263749278,0.00360121938857638
-31.4901695720586,-4.57980024463989,-11.8796820376446,0.0773349626637517,0.0633979774897917,-0.0390166196349604,0.00330194563215169
-31.4445639331598,-4.53302167241988,-11.9919804051271,0.0839523771810117,0.0543322957885745,-0.0383467382822218,-0.00755372356857098
-31.4169246033629,-4.46011087143325,-11.6160140275072,0.0581392999214152,0.0813622873612077,-0.0304999701244988,-0.00845148637457882
-31.3686310907595,-4.39791625243157,-11.7947851249458,0.0716806052688894,0.0697272602952796,-0.0233870926654802,-0.00753264129360076
-31.3001831797184,-4.36735718753689,-12.1559951938455,0.091697111207171,0.0398953605856585,-0.0232492001661022,-0.00933629569097327
-31.2269953656527,-4.37161387791132,-12.6497957379226,0.0996522142166776,-0.00833283875479464,-0.0264644001509531,0.0040761483803653
-31.1620040101367,-4.32469070486922,-12.185468891355,0.0928329790551234,0.0371757716766043,-0.0278416235391852,0.00974740136549546
-31.0920353302534,-4.31816722870008,-12.5944976353525,0.0999604461422898,-0.00281233124549298,-0.0299917662589273,0.00933580741463036
-31.0215333191338,-4.33164108727402,-12.7775755350862,0.0977779027161687,-0.0209638197957209,-0.0272758915966023,0.00748996122178536
-30.9596329647342,-4.30685492882961,-12.3291270500183,0.0971989495937764,0.0235024296162444,-0.0352985951941847,0.00128372882816308
-30.9255350277902,-4.2305842288267,-11.82071122362,0.0734640694273808,0.0678456373186145,-0.0393661324833552,0.00842506268429233
-30.9400964893886,-4.13374064654553,-11.2644153023141,0.0265614261542452,0.0964079386806532,-0.0411228877526604,0.000435643600515512
-30.9265951799523,-4.0518491734636,-11.5900244113207,0.0560053290597217,0.0828456584071386,-0.0425040196233795,-0.000954185325205081
-30.8890995818547,-3.99013357697515,-11.8701240429929,0.0767254819091836,0.0641342375475342,-0.0392298838116645,-0.00241864105908007
-30.8663547951179,-3.92053993919667,-11.7066229504808,0.0652628678443666,0.0757677905229441,-0.0425180811075592,-0.00617415274447097
-30.8790183977493,-3.83431630032514,-11.2998683872051,0.029961977954142,0.0954058691961638,-0.0426255805854545,-0.00918223032463139
-30.8825932725543,-3.75643330833491,-11.4006549036805,0.0394092853556023,0.0919070629917022,-0.0429841601606746,-0.0140240710014723
-30.921493810513,-3.67150481674568,-11.0956660430884,0.00999247133551484,0.099499500082206,-0.0488930092942397,-0.01457100849297
-31.0076535674713,-3.58673438390856,-10.6534678774055,-0.0335472178842185,0.0942050113965747,-0.0526125390740049,-0.00943457855945518
-31.0944779549077,-3.51180786440481,-10.5680683945317,-0.0414602450383909,0.0910002641828945,-0.0453641423980606,-0.0160737446791446
-31.1822926539555,-3.43345345977089,-10.54456389644,-0.043587511569054,0.0900007157483627,-0.044227187478679,-0.0116463111144443
-31.2764364273775,-3.36218153322929,-10.5041383102955,-0.047189241244175,0.0881656141066292,-0.0469545321778213,-0.0168936875650276
-31.3542178469111,-3.27061586095656,-10.5411308380943,-0.0438962318118981,0.0898505472032091,-0.0338851877217152,0.00171512506951554
-31.465040659556,-3.2070767418872,-10.1066565937208,-0.0776390076022779,0.0630252687303548,-0.0331838050426114,0.000513850339006083
-31.5752787750682,-3.16121228964286,-9.98921576110842,-0.0844889477523828,0.053494090399736,-0.025749167759848,-0.00762963815539486
-31.7104799323032,-3.1582619784477,-9.64094535763697,-0.0976726667424742,0.0214487801847465,-0.0375284904925692,-0.0184984689895895
-31.8338099983391,-3.148947419681,-9.69007025172706,-0.0965015905945748,0.0262191344768866,-0.0268284754413308,-0.0169045757101829
-31.9490841411508,-3.0980413467139,-10.050194955909,-0.0810719066286102,0.058543538974014,-0.0342022361830665,-0.00763746600691295
-32.0650834989129,-3.04277521779199,-10.108334181212,-0.0775331679997273,0.0631554262112612,-0.0384661897623104,-0.00788929728935184
-32.1749427129235,-2.98599676336244,-10.0652708010623,-0.0801801338508814,0.0597590673927793,-0.029679080159756,-0.00298061296322949
-32.2794184102378,-2.91536616621873,-10.2011476808673,-0.0713461949009987,0.0700693975509188,-0.0331295024133382,0.000561199592793216
-32.3718501471721,-2.84289442352765,-10.2759513647667,-0.0659101136299042,0.0752054314613853,-0.0265216233043439,-0.00273368877030578
-32.4412725298746,-2.76418582625546,-10.5163894205769,-0.0461056003365285,0.0887371039509872,-0.0233167823659777,-0.0100285066788013
-32.5470749916346,-2.69841007840173,-10.1760655020119,-0.0730810624617178,0.0682580274360936,-0.0327213992983246,-0.00248227958236402
-32.6480098975876,-2.63419439785015,-10.2113587679992,-0.0706270031411757,0.0707942541969075,-0.030307902811753,-0.00657857364532433
-32.7476789852539,-2.57086942320468,-10.1680330795072,-0.0736269763061446,0.0676688137919856,-0.0260421113601375,-0.00434383914652159
-32.8360636259258,-2.49751711196102,-10.2773657180377,-0.0658036806942559,0.0752985763948325,-0.0225809599776809,-0.00194626515117147
-32.9226444094376,-2.4267385653744,-10.2728466051826,-0.0661432903678122,0.0750004342608713,-0.0204374931440086,-0.00422188767424814
-33.0159428366809,-2.36184287367941,-10.1088502878116,-0.077500562742803,0.0631954331779508,-0.015797864500513,0.00170025851704381
-33.1359741879175,-2.33564495626163,-9.66408632865815,-0.0971502145286116,0.0237030761093311,-0.0228811367079764,0.00249484130844291
-33.2253047724212,-2.25895327825586,-10.3536397105362,-0.0598746038894015,0.0800938937066195,-0.0294559806142871,-0.00340221570085042
-33.3139372982268,-2.18080089866541,-10.3739972608161,-0.0582317945580272,0.0812961136989446,-0.0304007312475143,-0.00314373410848923
-33.4277506933167,-2.13239723585761,-9.95537630864369,-0.0862504431281541,0.0506049509455059,-0.0275629519617659,-0.00220128813771403
-33.5372286847613,-2.0889903499708,-9.84276160841568,-0.0913909272342819,0.0405918516362361,-0.0180870642102953,0.00281503425057572
-33.6674823776084,-2.06802093038536,-9.54623005338451,-0.0992633755998272,0.0121153730659702,-0.0309903172473192,0.00885404651946953
-33.7954228612264,-2.05531819775184,-9.54621321355464,-0.0992635796065739,0.012113701485895,-0.0286769040114265,0.000589031147629093
-33.9289055888703,-2.03065547165453,-9.65100634737069,-0.0974519310822238,0.0224303617524441,-0.0360307965616649,0.00223236434486473
-34.056356107212,-1.98176645452995,-9.8174462209996,-0.0923891326937816,0.0382654956859417,-0.0350613856479463,0.010623521438637
-34.1684216116462,-1.92568655528189,-10.0574821590758,-0.0806431391572256,0.0591327667783975,-0.0314223652769421,-0.00305286753033585
-34.2986974804458,-1.92402703410303,-9.58031632657307,-0.0987928274630515,0.0154911988514685,-0.0314830413365961,-0.013831677672604
-34.4272012510612,-1.9514987930896,-9.2082458438882,-0.0976648374470045,-0.021484401933733,-0.0308389331683898,-0.00598735705284437
-34.5584939072534,-1.93272088027568,-9.62504088237987,-0.0980014309506526,0.0198927004608343,-0.0332912252415518,-0.00111478764690798
-34.6961508863543,-1.92020715914011,-9.51338043469446,-0.0996077368000097,0.00884865919673623,-0.0380492423008754,0.00366506193882987
-34.826116414862,-1.93025290727709,-9.24406365071417,-0.098371555917689,-0.0179732297134654,-0.031593972590013,0.00792748157648315
-34.9524936359235,-1.92880509642928,-9.46535106386963,-0.0999177024558617,0.00405619722669893,-0.0264595186056518,-0.00260838637888305
-35.0699825703163,-1.89820447132984,-9.79362136564353,-0.0932744964566025,0.0360536865073081,-0.0242144379361733,-0.00545306140787361
-35.2028644265077,-1.92103185227231,-9.29284441065328,-0.099130938622543,-0.0131551133713703,-0.0337509175688879,-0.00967226757109785
-35.3408155510757,-1.92514253794967,-9.49755972446376,-0.0997352576404104,0.00727175242984503,-0.0382158669275974,-0.0113824381072085
-35.4700592857382,-1.92986340168907,-9.49120285901808,-0.0997794677497907,0.00663760616250159,-0.0294642669126119,-0.0113584699018991
-35.6027274335163,-1.93541454588195,-9.47432411883435,-0.0998772840179537,0.00495258893882839,-0.0327908637602441,-0.0105037331317046
-35.7334421692021,-1.9404350192967,-9.52327146365195,-0.0995153434878077,0.0098334333019375,-0.0311993921979763,-0.0148539067166915
-35.8684767098551,-1.97921061143149,-9.11436715619314,-0.0952208170047271,-0.0305449833680144,-0.0398137236482157,-0.00823060876676962
-36.0070562191342,-2.0105475648296,-9.14606010509767,-0.0961408976104525,-0.027512320997264,-0.0424386116686968,-0.00382463240084618
-36.1395977574559,-2.03330370130879,-9.20078202071052,-0.0975017627829482,-0.022212749812162,-0.0350397755387633,-0.000543386667029466
-36.2618925134117,-2.08813326754269,-8.86959584082119,-0.0849804459289219,-0.0527098075287853,-0.0373143100268827,-0.00211975870512227
-36.3958908615963,-2.12033866264007,-9.24097940191202,-0.0983156542095593,-0.0182765461000259,-0.0356826939750192,-0.0139288489973524
-36.5216308773038,-2.18575167934638,-8.94097090415539,-0.088523047965898,-0.0465152660835915,-0.0372169677415926,-0.0188977506227133
-36.6324931378273,-2.26175267480652,-8.6255595300093,-0.0697267159952998,-0.0716811347323046,-0.0411355445281707,-0.00431986072783985
-36.717851628737,-2.35987958956882,-8.3399294559602,-0.0467046664277132,-0.0884232669260532,-0.0386538244820365,-0.00970364783624422
-36.8139954460976,-2.44437075663596,-8.5090044412011,-0.0609177330394791,-0.0793034034662495,-0.0352260843210779,-0.0051877636008868
-36.9403900235435,-2.50378806339748,-8.9272173379189,-0.0878749449381344,-0.0477283359454303,-0.0385196325077821,-0.011688970816091
-37.0426212180941,-2.59242104362181,-8.55459634239017,-0.0644687720423162,-0.0764446036771456,-0.0377624225082265,-0.0121883765471891
-37.1600069086326,-2.66201552942933,-8.82801305514816,-0.0827157964505427,-0.0561969484718912,-0.0346698940880366,-0.0133975373356288
-37.2651459551929,-2.75433757152008,-8.57886208933927,-0.06630459588348,-0.0748578690902193,-0.0388344506767808,-0.0174641730005325
-37.3833817417561,-2.81844019719884,-8.92811963948638,-0.0879179745130194,-0.0476490268266632,-0.0303178120501357,-0.0164535988520944
-37.5061822502554,-2.89620212647204,-8.762928369517,-0.0788856865301338,-0.0614576965128816,-0.0439148219691816,-0.016304232760314
-37.6236585672201,-2.97929274673178,-8.69765158034844,-0.0747087652639993,-0.066472553679911,-0.0427675517007344,-0.0166180665798272
-37.7263127094984,-3.07265891985416,-8.28179353285609,-0.0414880897099042,-0.0909875728449932,-0.061166052568403,-0.0023786002773889
-37.7897253406209,-3.17236198471194,-7.96764276744965,-0.0113416562923005,-0.0993547524406725,-0.0520709748301513,-0.000348312417113306
-37.8668182693656,-3.26611118501492,-8.26559628444837,-0.0400089637305841,-0.0916476012845116,-0.0370839650141974,-0.00210159901846918
-37.8980821558982,-3.35945773242298,-7.82542421543604,0.00285535371430953,-0.0999592264634245,-0.0341192402468877,0.00661267905536622
-37.932400704162,-3.45836465540728,-7.78881185532283,0.00651236580183315,-0.0997877201446306,-0.0408309140656584,0.000880797160334623
-38.0311992879455,-3.53950946383461,-8.43795361636245,-0.0551342019985825,-0.0834279315935586,-0.0436643817849145,0.00228312316622947
-38.1327169663855,-3.60940299522849,-8.54633020188975,-0.0638346748706491,-0.0769748938561042,-0.0376830035692919,0.00708136246221791
-38.2090115050046,-3.70818945436386,-8.16962145109954,-0.0310424743577616,-0.0950597958431834,-0.0452520642613266,-0.0037266632921833
-38.273464307489,-3.81453185242107,-8.00458925312329,-0.0150038901091012,-0.0988680093943133,-0.0494489123753112,-0.00747438866289407
-38.3238971467859,-3.91775216111826,-7.90146872822265,-0.00474692488365528,-0.0998872699804581,-0.0456859144132622,-0.00333303871673252
-38.3772490491545,-4.01915815037905,-7.98623572479603,-0.0131868881960041,-0.0991267167806242,-0.040165014172608,-0.00227927248016435
-38.456237526696,-4.11478126203014,-8.25537849426072,-0.0390704555493868,-0.0920516132567126,-0.0399180219920794,-0.00357149839438442
-38.4972146541178,-4.22175700315045,-7.8825281815706,-0.00285426706315512,-0.0999592574979036,-0.038122860358655,-0.00701648362239826
-38.5499059445514,-4.33690921861722,-7.99153632971712,-0.0137121320466384,-0.099055426074171,-0.038979158387022,-0.0160967893926047
-38.6113502788138,-4.44555795223025,-8.10617386998034,-0.024952744775162,-0.0968367726031058,-0.0364915894871984,-0.011811961009923
-38.6226659280911,-4.55351791859906,-7.45668987742311,0.0386922459845537,-0.0922112254591099,-0.0500078952618424,-0.0157487409096984
-38.635911747119,-4.66346975572614,-7.5119146906296,0.0335434998864427,-0.09420633532501,-0.0467893189142998,-0.01574550180207
-38.6683494672437,-4.77107259271698,-7.71114989688065,0.0142346582784903,-0.0989816877189645,-0.0466723784032013,-0.00862114927187729
-38.6823586367775,-4.86560640174128,-7.64385924103994,0.0208579602358156,-0.097800539337987,-0.0348671297696015,0.0032667303136833
-38.6936312422215,-4.96120916052269,-7.63885121986947,0.0213474837988199,-0.0976948562384895,-0.0326200892428332,0.00209209745708527
-38.7491503118371,-5.06727039038831,-8.00303631845569,-0.0148503365197754,-0.0988911902307249,-0.0406687330958135,-0.00717003963490104
-38.8227794645996,-5.17367755488884,-8.09790928556941,-0.0241515860313301,-0.0970396872015324,-0.0494775667312126,-0.00936747729899068
-38.8741929297485,-5.27214386929222,-7.88502702985941,-0.00310404091139043,-0.0999518130401866,-0.0483094242375586,0.00148549863680447
-38.9291966238021,-5.37608707899398,-7.96394450762209,-0.0109741398797173,-0.099396017293956,-0.0440295541738891,-0.00454719240780843
-38.9885925618349,-5.48092791651563,-8.0469506497123,-0.0191773644321547,-0.098143918270244,-0.0402185736005691,-0.00669691925140281
-39.0686768508603,-5.58334221908048,-8.20666775998587,-0.0345419840849574,-0.0938448258321925,-0.0455423049405113,-0.00856947673266095
-39.1366469810702,-5.68512990819541,-8.03916743932454,-0.0184129165165868,-0.0982902055413112,-0.0495572136932907,-0.00349748357361612
-39.214448523672,-5.78827615420701,-8.21917139945376,-0.0357126552492053,-0.0934056007691799,-0.0420888873525698,-0.00974064524241491
-39.2651590601441,-5.89946679635518,-7.95666966054317,-0.0102507650385867,-0.0994732216032219,-0.0404597714335182,-0.0117174205449562
-39.3016773603675,-6.00767978357537,-7.82015966081946,0.00338155252188337,-0.0999428091587471,-0.0398998527453216,-0.00827017806143981
-39.338820315212,-6.11142598476986,-7.87900038004767,-0.00250161361256589,-0.0999687047497037,-0.0346413412318682,-0.00377749644478609
-39.3734167568398,-6.21419810743348,-7.8052793448767,0.00486830384491567,-0.0998814277915248,-0.0394647454727206,-0.00289069487209126
-39.428723367185,-6.31803654496106,-7.97383645949998,-0.011956807555593,-0.0992826004548557,-0.0433498027896633,-0.00455583707272389
-39.5031435524438,-6.41696873939674,-8.27465052642856,-0.0408371120096605,-0.0912815988176721,-0.0335830732491473,-0.0076505956180144
-39.585318653133,-6.51671978994137,-8.27144747231808,-0.0405445231241715,-0.0914119338195704,-0.0416305775650159,-0.00833911672505394
-39.6840821714279,-6.61345586081973,-8.48209976112766,-0.0587623110600722,-0.0809134772388341,-0.0400012072348446,-0.0158225936395251
-39.7624691450349,-6.71800482775132,-8.19032012849819,-0.033003296301798,-0.0943969408043276,-0.0453836773052032,-0.0101520261272654
-39.8233284682619,-6.82109734261162,-7.94205789725888,-0.00879624332307065,-0.0996123792678467,-0.0520630799039239,-0.00348013559244986
-39.8772770858726,-6.92351433871843,-7.84420811596726,0.000977336241086419,-0.0999952239553063,-0.054925953851793,-0.00242177215151074
-39.9317907481495,-7.02616364800055,-7.89379167539334,-0.00397995268317397,-0.0999207684950416,-0.0505337095937151,-0.00272854078707141
-39.9982679321487,-7.13201433426549,-8.10776979236222,-0.025107256905427,-0.096796826656068,-0.0413699270937613,-0.00905385960887006
-40.0581230248417,-7.2421845186173,-8.0443667846277,-0.0189237100532006,-0.0981931423156546,-0.0409313826397977,-0.0119770420361567
-40.1466909638924,-7.3340760479075,-8.35051043259222,-0.047637639056629,-0.0879241454044924,-0.0409302999940593,-0.00396738388570927
-40.2155013646048,-7.43027662823176,-8.1692708634835,-0.0310091456634973,-0.0950706731080621,-0.037801255048862,-0.00112990721619965
-40.2797918151266,-7.52909223929498,-8.04836945183512,-0.019316591883013,-0.0981166106121951,-0.0449738586387838,-0.000699000451023224
-40.3115479355505,-7.62677730359722,-7.75790709953044,0.0095926802919518,-0.0995388390770979,-0.0413488007158733,0.00185377477485194
-40.2816972043548,-7.70204395337587,-7.10644282350496,0.0679835872361119,-0.0733364293275174,-0.0381328560404413,-0.00193022045112645
-40.246960928949,-7.78211416113905,-7.11352326946096,0.0674626328564685,-0.0738159411514433,-0.0327263574506489,-0.00625426661174
-40.2113851152158,-7.85533828193402,-7.06208420758498,0.0711687487576213,-0.0702496206414994,-0.0355929350244679,-0.00297450015346357
-40.2231097539984,-7.9572224112698,-7.46192625670951,0.0382088647771363,-0.0924125676109181,-0.0499335035596715,-0.00947156172487151
-40.2309830698329,-8.06310821054722,-7.53808316926021,0.031067060306165,-0.0950517636024346,-0.0389403761407081,-0.0108340356749812
-40.2539812026206,-8.17269731377715,-7.68075451048442,0.017236206633979,-0.0985033663428351,-0.0402343394216729,-0.0110857368871002
-40.2420411360835,-8.27293352631647,-7.35245443508808,0.0480765222103752,-0.0876849360617621,-0.0361364556732866,-0.0125512764775486
-40.1970909482823,-8.33661109070981,-6.75356089274617,0.0891398127762913,-0.045322111360877,-0.0441896249750329,-0.0183554530324681
-40.1522071457619,-8.37776399035812,-6.58131732382714,0.095588684887408,-0.0293735139453183,-0.050704882367036,-0.0117793857029911
-40.1087144883593,-8.39233648816389,-6.19327074006249,0.0995960407960935,0.00897934617568999,-0.0561033833934488,-0.023551843981461
-40.0545231209316,-8.44671535506772,-6.56890843727485,0.095945808834883,-0.0281851337946104,-0.0417544414072708,-0.0261937331092179
-40.0061874095825,-8.48630697860773,-6.51939545078076,0.0972231855854392,-0.0234019696739237,-0.0488874742363379,-0.0161896538660891
-39.9572859293834,-8.52323831701898,-6.48498842600909,0.0979706760409973,-0.0200436183377643,-0.0490691958418381,-0.0168877200734832
-39.9108899979265,-8.55889112353137,-6.52724029212777,0.0970366111124146,-0.0241639422242732,-0.050640679655551,-0.0114888642881166
-39.8802858339083,-8.6398003366507,-6.91398941163938,0.0807553513207068,-0.0589794305929552,-0.0501511873024967,-0.0219297825263842
-39.8359307121127,-8.70854820214788,-6.81673650817118,0.0861006383348962,-0.0508594148444849,-0.0417455165392937,-0.0178884506526904
-39.7777711707821,-8.75199023895684,-6.54304319585678,0.0966426502433262,-0.0256943214338523,-0.038483108912736,-0.0177477153751022
-39.7710909504444,-8.85794061136561,-7.45344556397723,0.038991203949575,-0.0920852106180067,-0.0323109836118434,-0.013865161790771
-39.7178388927723,-8.9332293663508,-6.92317456860904,0.0802102170863424,-0.0597186827966075,-0.0269581594142565,-0.0155700721885825
-39.649304927557,-8.97680933878467,-6.5627710874896,0.0961169827810611,-0.0275957536781512,-0.0275830175657248,-0.0159842187557198
-39.6097876130907,-9.06259755733279,-7.01563855421368,0.0743536165646176,-0.0668695723312317,-0.034836302098384,-0.01891864621689
-39.6119527870097,-9.17130863021233,-7.49349333058172,0.0352731192853042,-0.0935724695403766,-0.0374382932042607,-0.0151386033391567
-39.6025304758527,-9.27371641267839,-7.35137271448918,0.0481713446657937,-0.0876328794065864,-0.038749033508779,-0.0147749030594779
-39.591557495312,-9.37612640172467,-7.35440362410622,0.0479055164747285,-0.0877784796592509,-0.0369325359340564,-0.0146315093870255
-39.5405349806809,-9.45384979358739,-6.87975643321727,0.0827266847187344,-0.0561809187842911,-0.0317041700876146,-0.021542473078437
-39.4942607522264,-9.52968825966949,-6.87073694388253,0.0832300361119078,-0.0554324912737153,-0.0369558076574137,-0.0204059748083854
-39.4430394560809,-9.60589425519306,-6.90017983027945,0.0815621065951602,-0.0578586447107061,-0.0303408104496796,-0.0183473508128653
-39.4175908623411,-9.71481034558766,-7.20543955014912,0.060402513953326,-0.0796965263240391,-0.0349539202135603,-0.0292195640705604
-39.3851188738507,-9.81275665769841,-7.14058840282887,0.0654403310611476,-0.0756145691689598,-0.0329683425706619,-0.0223317429417911
-39.4142375560938,-9.93066185461656,-7.88338254458837,-0.00293966750393942,-0.0999567824360422,-0.0261790147391707,-0.0179484144821043
-39.4562574412154,-10.0466209418218,-7.91254174227619,-0.00585266441440966,-0.0998285846802022,-0.0361672207072132,-0.0161305025250629
-39.4663435186959,-10.1568341494618,-7.55048291358851,0.0298860846355988,-0.0954296701511319,-0.0399721621160793,-0.0147835374888139
-39.4670466082679,-10.2660258394084,-7.52124526681134,0.0326630531199462,-0.0945152102091699,-0.0333661426920031,-0.0146764797375054
-39.4732504148953,-10.3765317147497,-7.49998444049367,0.0346649912609642,-0.0937994583186773,-0.0408687978883222,-0.0167064170225686
-39.5185397764742,-10.4938943703259,-7.97881805851872,-0.0124512432532372,-0.0992218047681492,-0.0328381183256496,-0.0181408508080372
-39.6123230243467,-10.5827171690263,-8.48545972877958,-0.0590338455198702,-0.0807155814148427,-0.0347494023526949,-0.00810721728561958
-39.7236955850733,-10.661822796222,-8.64851432651636,-0.0713536278707534,-0.0700618283352786,-0.0400189328557872,-0.00904379886041617
-39.8175079759347,-10.7559702059503,-8.51798562900927,-0.0616275053763183,-0.0787530988665961,-0.0321848854850657,-0.015394310861673
-39.9345453686982,-10.8264474911195,-8.74852475114396,-0.0779923210941744,-0.0625875215226103,-0.0390450716693493,-0.00788976364663174
-40.0681425594894,-10.8962092346034,-8.89941349832453,-0.0865141210838182,-0.0501528349457381,-0.0470830697074263,-0.0196089085381326
-40.1837204292436,-10.9914683242456,-8.67265098864493,-0.0730237388242066,-0.0683193498807919,-0.0425541309299362,-0.0269397397614375
-40.280311571061,-11.0936608266677,-8.49646382010411,-0.0599184550549133,-0.0800610938211085,-0.036672686762536,-0.0221314086009698
-40.3639140019739,-11.2031586456941,-8.28626817033681,-0.0418948094105298,-0.0908010184108933,-0.0417076215023968,-0.0186968006154444
-40.4150391862813,-11.3241893363572,-8.01699944278234,-0.0162296739814825,-0.0986741996798291,-0.0348955103258533,-0.0223564909832801
-40.5092762634272,-11.4187779383818,-8.46052651532579,-0.0570032065185244,-0.0821622446541382,-0.0372338706273894,-0.0124263573704919
-40.6063024991993,-11.5013642267285,-8.58099138544581,-0.0664638400230211,-0.0747165173799894,-0.030562395749115,-0.00786977096674413
-40.7090184912318,-11.5806686039292,-8.56279633445821,-0.0650934427375281,-0.0759133961338587,-0.0376225492949729,-0.00339098106683444
-40.7786456869621,-11.6781934240465,-8.09900397496943,-0.0242577998561112,-0.0970131905780902,-0.0453693958741894,-0.000511629539226455
-40.8527562016205,-11.7848978215119,-8.14922160426419,-0.0290969445837489,-0.0956732345846541,-0.0450135700746586,-0.011031162880669
-40.8547296115842,-11.8759584967179,-7.3480106766032,0.048465696924084,-0.0874704305560618,-0.0504391068877865,-0.00359024465000601
-40.8854082724193,-11.9807935733071,-7.78806495996977,0.00658689496290242,-0.0997828282559063,-0.0372655557979726,-0.0050522483332589
-40.8865566263574,-12.0860488886212,-7.47661906512067,0.0368469893149682,-0.0929639681727422,-0.0379953432530087,-0.0122913471413257
-40.8824445373593,-12.189391329215,-7.50467789758416,0.0342243673356907,-0.0939611232397299,-0.0301122783376613,-0.00938131735405978
-40.8534863123202,-12.2639330852693,-7.12460954053046,0.0666401603679646,-0.0745592987234454,-0.0376819353288056,1.75426690773861e-05
-40.8787154083524,-12.3675622515263,-7.62536941239577,0.0226626071222179,-0.0973981839585523,-0.0478917031544199,-0.00623098229844743
-40.9276092858729,-12.4729177066133,-7.82448416126887,0.00294931952621391,-0.0999564981095891,-0.0518431970467788,-0.00539895697734227
-41.0161055546432,-12.5769659353286,-8.27039427537567,-0.0404482258862984,-0.0914545844813204,-0.0480480428839769,-0.0125936442340482
-41.0881068307289,-12.6797801449426,-8.12313323785551,-0.026591368130543,-0.0963996843404891,-0.0454099079551398,-0.00641452527352993
-41.1350996499574,-12.7907355235636,-7.86513499479434,-0.00111531295796741,-0.0999937801915989,-0.0458775062705143,-0.0109615984293256
