theta_array,theta_org,x_array,y_array,xi_x_array,xi_y_array,fmpi_x_array,fmpi_y_array
3.70732654945423,0,0,0,0,0,0,0
3.68738563158645,1.56103646523887,-0.0854715927826739,-0.0519096024565086,0,-0,-0.0854715927826739,-0.0519096024565086
3.71220648773166,1.56107297498169,-0.169628549982333,-0.105924475916461,0,-0,-0.0841569571996593,-0.0540148734599528
3.7487606064134,1.56100783847481,-0.251755261618525,-0.162978864317581,0,-0,-0.0821267116361918,-0.0570543884011195
3.72178665022966,1.56092675351967,-0.335390893555879,-0.217797484059776,0,0,-0.0836356319373542,-0.0548186197421954
3.7300108621457,1.56096924310009,-0.41857286218646,-0.273302079317656,-0,-0,-0.0831819686305808,-0.0555045952578799
3.7373524265297,1.56094337431679,-0.501345102233453,-0.32941585906562,-0,-0,-0.0827722400469927,-0.056113779747964
3.74953842703959,1.56091974376165,-0.583427410950475,-0.386534110051478,-0,0,-0.0820823087170223,-0.0571182509858578
3.6957499322128,1.56088773403224,-0.668461831431473,-0.439156798442142,0,-0,-0.0850344204809976,-0.0526226883906638
3.65747685236879,1.56098930567019,-0.755447519775675,-0.488487215258598,0,-0,-0.0869856883442021,-0.0493304168164566
3.76268339388591,1.56107678406798,-0.836771941194048,-0.546679469734318,-0,0,-0.0813244214183731,-0.0581922544757192
3.77707169325687,1.5608368472999,-0.917250686049229,-0.60603578049008,-0,-0,-0.0804787448551814,-0.0593563107557623
3.73671171258205,1.56080407303046,-1.00005886198551,-0.66209651539524,-0,0,-0.0828081759362765,-0.0560607349051606
3.73972837484142,1.56086455126513,-1.08269754508775,-0.718406799137443,0,0,-0.0826386831022409,-0.0563102837422029
3.75052215031348,1.56084922994319,-1.16472362554498,-0.775605768750746,-0,0,-0.0820260804572332,-0.0571989696133026
3.7580861478884,1.56081955667961,-1.24631471074907,-0.833423541236543,0,-0,-0.0815910852040872,-0.057817772485797
3.84970277741891,1.56079647790167,-1.32227395135648,-0.898463481014697,0,-0,-0.0759592406074083,-0.0650399397781536
3.86627327589442,1.56066942941253,-1.39714506880225,-0.96475311649734,0,-0,-0.07487111744577,-0.0662896354826432
3.874134500687,1.56064706186349,-1.47149276042671,-1.03162927630122,-0,-0,-0.0743476916244593,-0.0668761598038815
3.85031113145572,1.56063198728456,-1.54741241967058,-1.09671541415172,-0,-0,-0.075919659243878,-0.0650861378504936
3.81120901161903,1.56063820841769,-1.62581840411868,-1.15878393759737,0,-0,-0.0784059844480995,-0.0620685234456595
3.82119027152325,1.5606676794998,-1.70360097120184,-1.22163194677788,-0,0,-0.0777825670831621,-0.0628480091805094
3.75559842814696,1.56064591161418,-1.78533563819833,-1.27924656480989,-0,-0,-0.0817346669964833,-0.0576146180320063
3.74587360562984,1.56073093270462,-1.86762672341619,-1.33606361589199,-0,-0,-0.0822910852178666,-0.0568170510820987
3.72517269690641,1.56073896880033,-1.95107625784919,-1.39116511499062,0,0,-0.083449534432994,-0.055101499098632
3.71585313987661,1.56077047131006,-2.03503568246923,-1.44548651977245,0,0,-0.0839594246200456,-0.054321404781825
3.71102205683213,1.56078087736361,-2.11925655750819,-1.49940167726709,0,-0,-0.0842208750389564,-0.0539151574946461
3.74776314991417,1.56078206511475,-2.20144013755074,-1.55637411947725,0,0,-0.0821835800425469,-0.0569724422101624
3.77716953344208,1.56069654318609,-2.28191307458829,-1.61573830400421,0,-0,-0.0804729370375536,-0.0593641845269514
3.72386332245511,1.56063560614479,-2.36543468596032,-1.67073048921101,-0,0,-0.0835216113720314,-0.0549921852068034
3.74979250998481,1.56072476562679,-2.44750247925452,-1.72786959406767,-0,0,-0.0820677932942011,-0.057139104856659
3.73930557362339,1.56066307991223,-2.53016496302633,-1.784144933042,-0,0,-0.0826624837718037,-0.0562753389743349
3.70230649767831,1.56067339647046,-2.61485253413123,-1.83732402010028,0,-0,-0.0846875711049017,-0.0531790870582809
3.63694206398845,1.56074401595208,-2.70283280164366,-1.88485792934875,0,0,-0.0879802675124292,-0.0475339092484659
3.62670531451956,1.56091061903815,-2.79129504364636,-1.93148873182796,-0,0,-0.0884622420027035,-0.0466308024792102
3.61332887642756,1.56093325486272,-2.88037310697399,-1.97693208814985,0,0,-0.0890780633276319,-0.0454433563218917
3.58044624675812,1.56096730959874,-2.97089704382313,-2.01942228534089,-0,-0,-0.0905239368491386,-0.0424901971910366
3.57762793672427,1.56107164930082,-3.06154037155307,-2.06165718960316,0,0,-0.0906433277299366,-0.0422349042622723
3.59120229744577,1.56107366690413,-3.15160205407436,-2.10511859019534,-0,-0,-0.0900616825212915,-0.0434614005921817
3.62326467199832,1.56101704770181,-3.2402242120739,-2.15144475031577,0,0,-0.0886221579995438,-0.0463261601204318
3.59814799453757,1.56090118126878,-3.32998185489766,-2.19553063870109,-0,0,-0.0897576428237596,-0.0440858883853145
3.54419946070888,1.56097593000129,-3.42198612761151,-2.23471244318221,0,-0,-0.0920042727138438,-0.0391818044811193
3.50797516018795,1.56116818310866,-3.51534906599755,-2.2705364817028,0,0,-0.0933629383860382,-0.0358240385205916
3.47056294201901,1.5613113448475,-3.60998661727535,-2.30284335230551,0,0,-0.0946375512778088,-0.032306870602708
3.4589326587931,1.56147342691985,-3.70499349770737,-2.33404740125073,0,0,-0.0950068804320207,-0.0312040489452205
3.41791845154565,1.56152231223695,-3.80119993125869,-2.36132966917948,-0,0,-0.0962064335513158,-0.027282267928753
3.44840594396216,1.56172166884463,-3.89653001785951,-2.39153189738669,0,-0,-0.0953300866008189,-0.0302022282072096
3.44759895948437,1.56156149886846,-3.99188444614643,-2.42165718586789,-0,0,-0.0953544282869157,-0.0301252884811988
3.46928041717311,1.56155938263128,-4.08656335394389,-2.45384265492271,0,-0,-0.0946789077974679,-0.0321854690548167
3.52819211001628,1.5614479895755,-4.17918300963976,-2.49154675786627,0,0,-0.0926196556958682,-0.0377041029435634
3.48541194740598,1.56117725044445,-4.27333042038584,-2.52525528868279,-0,0,-0.0941474107460824,-0.0337085308165224
3.5077295283313,1.56135872518455,-4.36670215548036,-2.56105639321099,-0,-0,-0.0933717350945176,-0.0358011045282018
3.52099891280456,1.56125098509963,-4.45959062572878,-2.59809329501054,0,-0,-0.0928884702484145,-0.0370369017995487
3.53280759407177,1.5611859316648,-4.55203527283424,-2.63622447938168,0,0,-0.0924446471054666,-0.0381311843711384
3.55103592505101,1.56112835030239,-4.6437695326207,-2.67603434727182,0,0,-0.0917342597864589,-0.0398098678901409
3.54965825617969,1.56104579568847,-4.73555855015108,-2.71571779798881,0,0,-0.091789017530381,-0.0396834507169854
3.56726293286818,1.56104345850199,-4.82663476597564,-2.75701093193477,0,-0,-0.0910762158245537,-0.041293133945964
3.62684400223773,1.56096575084164,-4.91509054000802,-2.80365400259197,-0,0,-0.0884557740323782,-0.0466430706572032
3.65132142401992,1.56074362251532,-5.0023782283727,-2.85244805407316,-0,-0,-0.0872876883646886,-0.0487940514811899
3.69004734137573,1.56065685799553,-5.08771135025143,-2.90458497295441,-0,-0,-0.0853331218787292,-0.0521369188812491
3.71472800765729,1.56053674392881,-5.17173184047825,-2.95881187791907,0,-0,-0.084020490226812,-0.0542269049646593
3.69662134916994,1.56046423824135,-5.25672037237587,-3.01150864675633,-0,-0,-0.0849885318976211,-0.0526967688372545
3.65292827496774,1.56049959210021,-5.34392954331935,-3.06044289348957,0,0,-0.0872091709434871,-0.0489342467332403
3.65723604586375,1.56061350823912,-5.43092710822665,-3.10975236215635,0,-0,-0.0869975649072998,-0.0493094686667801
3.62211841343374,1.56059095515395,-5.51960230975167,-3.15597690795724,-0,0,-0.0886752015250117,-0.0462245458008898
3.65368584366329,1.56069403548488,-5.60677438462011,-3.2049772075801,0,-0,-0.0871720748684469,-0.0490002996228584
3.61410944154923,1.5605829684057,-5.69581694931557,-3.25049008128036,-0,-0,-0.0890425646954526,-0.0455128737002634
3.57433364984881,1.5607032075704,-5.78659891883962,-3.29242615178457,0,-0,-0.0907819695240528,-0.0419360705042086
3.64224163916021,1.56084086875746,-5.87432604252407,-3.34042564938667,-0,-0,-0.087727123684447,-0.0479994976020973
3.63768490217482,1.56059124098677,-5.96227097576267,-3.38802490061667,-0,0,-0.0879449332386075,-0.0475992512300023
3.63715656423238,1.56059659414477,-6.05024104521605,-3.43557768056031,0,-0,-0.0879700694533768,-0.0475527799436381
3.64614538515016,1.56058896938625,-6.13778012308395,-3.48391927596259,0,0,-0.0875390778678989,-0.0483415954022821
3.66936151452954,1.56055054723901,-6.22417340680844,-3.53427998016041,-0,0,-0.0863932837244863,-0.0503607041978208
3.73761997390465,1.56046968949963,-6.30693063079865,-3.59041590339529,0,-0,-0.0827572239902173,-0.0561359232348859
3.70235840912821,1.56028213518092,-6.39161544118593,-3.64359938663652,0,-0,-0.0846848103872811,-0.0531834832412305
3.64372182254785,1.56035748467009,-6.47927142073482,-3.69172868384026,0,0,-0.0876559795488847,-0.0481292972037356
3.64691261356579,1.5605192250161,-6.56677338379623,-3.74013742747609,0,0,-0.0875019630614125,-0.0484087436358268
3.61726105965506,1.56049940239226,-6.65567206731631,-3.78593070283827,-0,-0,-0.0888986835200792,-0.0457932753621839
3.51573682285093,1.56058973593921,-6.74875414215529,-3.82247830664029,0,-0,-0.093082074838985,-0.0365476038020223
3.48511423241853,1.5609909669589,-6.84291158426372,-3.85615880686816,0,-0,-0.0941574421084224,-0.0336805002278631
3.4743696210704,1.5611275737615,-6.93742546826466,-3.88882569730872,0,0,-0.0945138840009453,-0.0326668904405646
3.45923729847868,1.56117341773037,-7.0324228382966,-3.92005868767172,0,0,-0.0949973700319355,-0.0312329903630043
3.4979464558497,1.56124307396908,-7.12614034440571,-3.95494463109725,-0,-0,-0.0937175061091115,-0.034885943425521
3.47379803873287,1.56104501606259,-7.22067288478409,-3.98755749373776,0,0,-0.0945325403783832,-0.0326128626405188
3.50140785673295,1.56115578342388,-7.31426907547092,-4.02276762138473,0,-0,-0.0935961906868239,-0.035210127646967
3.53136578483726,1.56101424487725,-7.40676860436349,-4.06076547862236,0,-0,-0.092499528892577,-0.03799785723763
3.57501195676771,1.56086890110678,-7.49752210747855,-4.10276311751249,-0,-0,-0.0907535031150559,-0.0419976388901275
3.52456183330051,1.5606755813907,-7.59027802888844,-4.14013073776589,0,-0,-0.0927559214098884,-0.0373676202534041
3.61426942672975,1.56088343919599,-7.67931331105907,-4.18565785637443,-0,0,-0.0890352821706349,-0.0455271186085329
3.53638127610833,1.56050778942439,-7.77162109941191,-4.22411916432681,0,-0,-0.0923077883528363,-0.0384613079523822
3.56686140146767,1.56081389260196,-7.86271388838393,-4.26537572498447,-0,-0,-0.0910927889720191,-0.0412565606576603
3.57275467765009,1.56067486521248,-7.95356196060326,-4.3071684010657,0,0,-0.0908480722193326,-0.0417926760812339
3.56888109401019,1.56064202737259,-8.04457123827316,-4.34860885687886,0,0,-0.0910092776699036,-0.0414404558131591
3.56008316920646,1.56064934335283,-8.13594157905902,-4.38924702643258,0,-0,-0.0913703407858544,-0.0406381695537193
3.54715013679888,1.56067764901294,-8.22782983861016,-4.42870013475958,0,0,-0.0918882595511402,-0.0394531083270039
3.53587426822616,1.56072497369097,-8.32015711528427,-4.46711463699432,-0,0,-0.0923272766741101,-0.0384145022347332
3.61398307059988,1.56076684549643,-8.40920543077377,-4.51261625793777,-0,0,-0.0890483154895063,-0.0455016209434494
3.63258352862361,1.56043757943676,-8.49739204018294,-4.55976625179688,-0,0,-0.0881866094091705,-0.0471499938591131
3.64150397400618,1.56036084906076,-8.58515454755262,-4.60770102310318,0,-0,-0.0877625073696771,-0.0479347713063009
3.58313845500781,1.56032009946454,-8.67556376402266,-4.65043477530533,0,0,-0.0904092164700339,-0.0427337522021477
3.59368487935268,1.56052918503674,-8.7655172726335,-4.69411962724051,-0,0,-0.0899535086108436,-0.0436848519351833
3.63437635015831,1.56047801457202,-8.85361920883854,-4.7414276480924,0,0,-0.0881019362050411,-0.0473080208518901
3.64250110467559,1.56031636951248,-8.94133387535574,-4.78944990624189,-0,0,-0.087714666517205,-0.0480222581494823
3.63719013703413,1.56027818121599,-9.02930234827949,-4.83700563956043,-0,-0,-0.0879684729237466,-0.0475557333185396
3.69019569739991,1.56028685311368,-9.11462773439318,-4.88915521755057,0,0,-0.0853253861136896,-0.052149577990141
3.69086560696715,1.56010490066293,-9.19991816586215,-4.94136194412711,0,-0,-0.0852904314689665,-0.0522067265765392
3.71312743048025,1.56009234757807,-9.28402534277456,-4.99545429840961,-0,0,-0.0841071769124113,-0.0540923542825079
3.68155862350406,1.56001829972053,-9.36979796047046,-5.04686497875516,-0,0,-0.0857726176959061,-0.0514106803455464
3.65476315280086,1.56009917136741,-9.45691719629286,-5.0959591611979,-0,-0,-0.0871192358223994,-0.0490941824427413
3.69632634031829,1.56017511714526,-9.54192127050523,-5.14863085537322,-0,-0,-0.0850040742123704,-0.0526716941753142
3.70742276688333,1.56003385673535,-9.62633565587423,-5.20224252894133,0,0,-0.0844143853690008,-0.0536116735681123
3.62389494611131,1.55999119311064,-9.71492859809386,-5.24862453610866,-0,-0,-0.0885929422196247,-0.0463820071673299
3.66945524688167,1.56025365666802,-9.80131716101158,-5.29899333793093,-0,-0,-0.0863885629177187,-0.0503688018222725
3.63143317566767,1.56008518535487,-9.8895579511944,-5.34604185488854,0,-0,-0.0882407901828267,-0.0470485169576084
3.62528464964239,1.56020595866652,-9.97808635064695,-5.39254693515265,-0,-0,-0.0885283994525398,-0.0465050802641126
3.59242706232577,1.56021877751897,-10.068094735636,-5.43611860750593,0,0,-0.0900083849890581,-0.043571672353279
3.51966202416383,1.56033738287314,-10.1610326370745,-5.47303129470425,0,0,-0.0929379014385356,-0.0369126871983202
3.46426779414701,1.56065320828573,-10.2558716883526,-5.50474177172174,-0,-0,-0.0948390512780654,-0.0317104770174856
3.44534180416875,1.56092948563774,-10.3512938711334,-5.53465175389064,-0,-0,-0.095422182780818,-0.0299099821689041
3.47591686090058,1.5610269758336,-10.4457570985097,-5.56746484081723,-0,-0,-0.0944632273763088,-0.0328130869265875
3.4184825246909,1.56085346738306,-10.5419481275618,-5.59480137186836,0,-0,-0.0961910290520419,-0.0273365310511271
3.43569230156425,1.56116845040907,-10.6376544798308,-5.62378919923349,-0,0,-0.0957063522690574,-0.0289878273651389
3.44488192811153,1.56106254901958,-10.7330904074056,-5.65365529586399,0,-0,-0.0954359275747773,-0.0298660966304917
3.34246738582206,1.56100398238876,-10.83107964945,-5.67360795091444,0,-0,-0.0979892420444073,-0.0199526550504581
3.40139808159928,1.56162810614123,-10.9277236475016,-5.69929720237498,0,0,-0.096643998051598,-0.0256892514605375
3.34192001848948,1.56124836388228,-11.0257237962977,-5.71919621832906,-0,-0,-0.0980001487961078,-0.01989901595408
3.29559474401526,1.56162302851927,-11.1245403059163,-5.73453562597114,0,0,-0.0988165096185351,-0.0153394076420817
3.24471536958162,1.56193822169025,-11.2240090622225,-5.74482962999722,0,-0,-0.0994687563062449,-0.010294004026076
3.25222302748569,1.56230849128721,-11.3233977321326,-5.75587011429343,-0,0,-0.0993886699101315,-0.0110404842962133
3.23467085357221,1.56225042400971,-11.4229648672147,-5.76516450031627,0,0,-0.0995671350821071,-0.00929438602283325
3.25552555712186,1.5623819300202,-11.5223165336638,-5.77653315783612,-0,0,-0.099351666449015,-0.0113686575198514
3.24397888324677,1.56222247944876,-11.6217928443861,-5.78675390169726,0,0,-0.0994763107223273,-0.0102207438611384
3.26851897586345,1.56230803983742,-11.7209884106641,-5.79941248103257,0,-0,-0.0991955662779921,-0.0126585793353155
3.33424573994542,1.56212212714055,-11.8191383827292,-5.81855883796072,0,0,-0.0981499720651005,-0.0191463569281466
3.3138251849074,1.56165117104833,-11.917658843345,-5.83569706540858,0,0,-0.0985204606157794,-0.0171382274478621
3.36556575860193,1.56178927323908,-12.0151611133317,-5.85790758875764,0,0,-0.0975022699867072,-0.0222105233490626
3.35168822021216,1.56143360019665,-12.1129622121766,-5.87876292535816,0,-0,-0.0978010988449483,-0.0208553366005121
3.32384850673497,1.56152143485527,-12.2113059447144,-5.89688777764845,-0,-0,-0.098343732537742,-0.0181248522902962
3.33668990384057,1.56170820039866,-12.309408826821,-5.91627397176624,-0,-0,-0.0981028821066306,-0.0193861941177876
3.33280676269683,1.56161571608867,-12.4075862484312,-5.93527907334362,-0,0,-0.098177421610232,-0.0190051015773857
3.30415788291482,1.56163883726022,-12.5062677832226,-5.95146408774623,0,0,-0.0986815347914068,-0.0161850144025997
3.32506982629218,1.56183779355604,-12.6045893061835,-5.96970903561283,0,0,-0.0983215229608698,-0.0182449478666055
3.38088226728274,1.56168608136996,-12.7017399652271,-5.99341028974385,0,0,-0.0971506590436576,-0.0237012541310159
3.38260662009076,1.56130440125991,-12.7988496105335,-6.01727903056701,0,-0,-0.0971096453063067,-0.0238687408231625
3.43261145572035,1.56128838129843,-12.8946448154853,-6.04597186431048,-0,0,-0.0957952049518621,-0.0286928337434758
3.42233794816312,1.56096935010677,-12.9907297359902,-6.07367904842527,0,-0,-0.0960849205048818,-0.027707184114784
3.39326435341397,1.56102602343375,-13.0875794842799,-6.09858138277828,0,-0,-0.0968497482896622,-0.0249023343530094
3.36010159339718,1.56120360331348,-13.1852016600676,-6.12025880869735,-0,0,-0.0976221757876933,-0.0216774259190684
3.37127575381112,1.56141800474219,-13.2825755192816,-6.14302570444014,0,-0,-0.0973738592140463,-0.0227668957427904
3.39744698232698,1.56133853133654,-13.3793202634892,-6.16833290634425,0,-0,-0.0967447442075514,-0.0253072019041112
3.37043940475159,1.56116209736345,-13.4767131297173,-6.19101835559846,-0,0,-0.0973928662281502,-0.0226854492542166
3.42644680977971,1.56133483612117,-13.5726833944698,-6.21912010435785,-0,0,-0.0959702647524983,-0.0281017487593812
3.44205143690223,1.56096863489675,-13.6682034753548,-6.24871595115625,0,-0,-0.095520080885043,-0.0295958467984081
3.39338215861123,1.56086726500238,-13.7650502893481,-6.27362969474014,-0,-0,-0.0968468139932147,-0.0249137435838869
3.36828929694621,1.56116746850251,-13.8624917065784,-6.29610568655685,-0,-0,-0.0974414172303287,-0.0224759918167142
3.41451385082957,1.56132972648041,-13.9587904676006,-6.32306025250742,0,-0,-0.0962987610222304,-0.0269545659505649
3.44196383068441,1.5610213314893,-14.0543131408993,-6.35264773103925,0,0,-0.0955226732986899,-0.0295874785318344
3.41381311298196,1.56084477648245,-14.1506307663616,-6.37953481019102,-0,-0,-0.0963176254622526,-0.0268870791517642
3.452411952468,1.56101440342905,-14.2458390979703,-6.41011868817064,-0,0,-0.0952083316087802,-0.0305838779796242
3.47248722329189,1.56076933367419,-14.3404143065658,-6.44260760811473,-0,-0,-0.0945752085954163,-0.03248891994409
3.45944009328251,1.56064393803075,-14.4354053407562,-6.47385986280838,0,0,-0.0949910341904069,-0.0312522546936528
3.49526480110925,1.56071400273733,-14.5292160618349,-6.50849436310352,-0,0,-0.0938107210787035,-0.0346345002951349
3.46539020285726,1.56049970527219,-14.6240194612656,-6.54031126830143,-0,0,-0.0948033994307536,-0.0318169051979131
3.45290412387795,1.56066486900019,-14.7192127288334,-6.57094200139376,0,-0,-0.0951932675677559,-0.0306307330923314
3.48518432032328,1.56073310265912,-14.8133678101148,-6.60462910083673,0,-0,-0.0941550812814667,-0.0336870994429677
3.50404127461741,1.56053561958356,-14.9068709533895,-6.64008558399218,-0,0,-0.0935031432746907,-0.0354564831554495
3.48744358080981,1.56042151873672,-15.0009496865073,-6.67398531813514,0,-0,-0.0940787331177266,-0.033899734142963
3.5485912578031,1.5605079056554,-15.0927809939569,-6.7135708075485,-0,0,-0.0918313074496098,-0.0395854894133601
3.51173529322594,1.56016760804619,-15.1860085694997,-6.74974564906042,0,0,-0.0932275755427972,-0.0361748415119132
3.45070598982835,1.56035535432557,-15.2812689374936,-6.78016706075787,-0,0,-0.0952603679939056,-0.030421411697449
3.44608145366095,1.56070459548153,-15.3766689712714,-6.81014761370778,-0,-0,-0.095400033777864,-0.0299805529499109
3.42213549963519,1.56072686578568,-15.4727594990859,-6.83783534500419,-0,-0,-0.0960905278144409,-0.0276877312964094
3.43113086620315,1.56087277741493,-15.5685970813326,-6.86638631397381,0,0,-0.0958375822467142,-0.0285509689696216
3.44428402796859,1.56080914785719,-15.6640508487913,-6.89619534411463,0,0,-0.095453767458722,-0.0298090301408186
3.50688618840302,1.56071979297944,-15.7574527431792,-6.93191769180852,0,0,-0.0934018943878387,-0.0357223476938881
3.50342521846931,1.5603397395363,-15.8509777118935,-6.96731656505301,0,-0,-0.0935249687143486,-0.0353988732444991
3.58072238898183,1.56035162843379,-15.9414899119538,-7.00983175810492,0,-0,-0.0905122000603198,-0.0425151930519038
3.4717336284851,1.55993451210218,-16.0360895771734,-7.04224939744439,-0,-0,-0.0945996652195751,-0.0324176393394754
3.4171129864007,1.56052183245422,-16.1323179544301,-7.06945416560257,0,-0,-0.0962283772567117,-0.0272047681581735
3.44067479764794,1.56086113843969,-16.227878687595,-7.09891848770552,-0,-0,-0.0955607331649005,-0.0294643221029551
3.5021541945387,1.56070226540357,-16.3214485735674,-7.13419845991521,0,0,-0.093569885972376,-0.0352799722096908
3.45466368765691,1.56032184106606,-16.4165877970723,-7.16499664412937,0,0,-0.0951392235048756,-0.03079818421416
3.40617894786622,1.56060048847784,-16.5131078742375,-7.191147642275,-0,0,-0.0965200771652571,-0.0261509981456314
3.40692755684019,1.56091070014382,-16.609608347487,-7.21737088888211,0,-0,-0.096500473249528,-0.0262232466071068
3.41593026397225,1.56090042358236,-16.705868833122,-7.24446182657933,-0,0,-0.0962604856349966,-0.0270909376972191
3.43170047720643,1.56083445367324,-16.801690136876,-7.2730673810556,-0,0,-0.0958213037539422,-0.0286055544762683
3.45901105488512,1.56072431748218,-16.8966945707406,-7.30427887807306,-0,-0,-0.0950044338645773,-0.031211497017464
3.44818075837821,1.56054274721703,-16.9920314560307,-7.33445963855348,0,-0,-0.095336885290132,-0.0301807604804156
3.36559185013513,1.56060509227223,-17.0895331464776,-7.35667270587869,-0,-0,-0.0975016904469118,-0.0222130673252164
3.42024168227228,1.56116418438473,-17.1856759374506,-7.38417840972228,0,0,-0.0961427909729547,-0.0275057038435801
3.41451426308458,1.56077767002773,-17.2819746873606,-7.41113301537249,-0,0,-0.0962987499100673,-0.0269546056502097
3.44694549513098,1.56081092030626,-17.3773487810894,-7.44119598670631,0,0,-0.0953740937287562,-0.0300629713338257
3.46027823691382,1.56058991990269,-17.4723135880397,-7.47252784654386,0,0,-0.094964806950364,-0.0313318598375534
3.45105085873353,1.56049797233332,-17.56756345897,-7.5029821087704,0,-0,-0.0952498709302922,-0.030454262226537
3.4095347776928,1.56055064939549,-17.663995234516,-7.52945686401108,-0,-0,-0.0964317755459589,-0.026474755240678
3.47226380420828,1.56082220399114,-17.7585776993957,-7.56192465323805,0,0,-0.0945824648796652,-0.0324677892269694
3.48397027223389,1.56040308494707,-17.8527736090376,-7.59549741908664,0,0,-0.0941959096419566,-0.0335727658485914
3.45127213786406,1.56032329693795,-17.9480167387434,-7.62597275737604,-0,0,-0.0952431297057521,-0.0304753382893986
3.39406252531648,1.5605237603584,-18.0448465798411,-7.65095238653632,-0,0,-0.0968298410977463,-0.024979629160282
3.42452028624787,1.56090784521985,-18.140870805144,-7.67886919428696,0,-0,-0.0960242253028561,-0.0279168077506426
3.42387097882228,1.56069071821643,-18.2369131367942,-7.7067236469146,-0,-0,-0.0960423316502413,-0.0278544526276333
3.49298673677938,1.560689581516,-18.3308025140055,-7.74114435066796,-0,0,-0.0938893772112872,-0.0344207037533609
3.40505573905761,1.56023484489267,-18.4273519033113,-7.76718692013948,0,-0,-0.0965493893057888,-0.0260425694715256
3.37116924285557,1.56080855102065,-18.5247281868968,-7.78994344437036,-0,0,-0.0973762835855294,-0.0227565242308784
3.39524591927838,1.56104886808181,-18.6215283994579,-7.81503764386219,0,-0,-0.0968002125610504,-0.0250941994918242
3.36961888957269,1.56086901359013,-18.7189398466548,-7.83764317316388,-0,-0,-0.0974114471968789,-0.0226055293016924
3.40213494850209,1.56105201182191,-18.8155648889114,-7.86340363140721,0,0,-0.0966250422566202,-0.0257604582433302
3.47034100450381,1.56081052295921,-18.910209607965,-7.89568949759146,-0,-0,-0.0946447190535893,-0.0322858661842476
3.47187918509657,1.56034106728894,-19.0048045535807,-7.92812090619419,-0,-0,-0.0945949456157288,-0.0324314086027313
3.50546429946874,1.5603243481209,-19.0982571467438,-7.96371041070161,-0,0,-0.0934525931631446,-0.0355895045074217
3.46314935450324,1.56010619368879,-19.1931316049517,-7.99531479615305,0,-0,-0.0948744582078688,-0.0316043854514427
3.45156095222408,1.56036727230112,-19.28836592897,-8.02581764075459,0,-0,-0.0952343240182574,-0.0305028446015379
3.49684413461634,1.56043775629862,-19.3821218336488,-8.06060025620895,0,-0,-0.0937559046788752,-0.034782615454357
3.53625579036017,1.56013780380195,-19.4744344476209,-8.09904998054666,0,0,-0.092312613972057,-0.0384497243377113
3.53524443640557,1.55989198625081,-19.5667859006567,-8.13740632450919,0,0,-0.0923514530358239,-0.0383563439625313
3.56818552772483,1.55988940026955,-19.6578239808925,-8.17878346731755,0,-0,-0.0910380802357827,-0.0413771428083574
3.5169903466441,1.55969351497563,-19.7508601693216,-8.21544772297052,0,-0,-0.0930361884290922,-0.0366642556529716
3.43233256563473,1.55998121887976,-19.8466633726948,-8.24411383926557,-0,-0,-0.0958032033731576,-0.0286661162950514
3.36655407715359,1.56052740877257,-19.944143643994,-8.26642071505388,-0,-0,-0.0974802712991971,-0.0223068757883063
3.37972527260459,1.56100439066837,-20.0413216602317,-8.2900095505508,-0,-0,-0.0971780162377239,-0.0235888354969184
3.36556983135347,1.5609003546354,-20.1388238397596,-8.31222047100219,0,-0,-0.0975021795279554,-0.0222109204513985
3.26619947946653,1.56100433200011,-20.2380485007014,-8.32464893273328,0,-0,-0.0992246609417178,-0.0124284617310888
3.30330487044081,1.5618149353553,-20.3367438056084,-8.34074976467761,-0,0,-0.0986953049070757,-0.0161008319443237
3.28107917363589,1.56149889184843,-20.4357725574345,-8.35465322869825,-0,-0,-0.0990287518260569,-0.0139034640206403
3.24206772565488,1.5616849605447,-20.5352682199274,-8.36468383910292,0,0,-0.0994956624929431,-0.0100306104046744
3.29073643058641,1.56202500515711,-20.6341580867118,-8.37954298602864,-0,-0,-0.0988898667844182,-0.014859146925716
3.26719665725772,1.56160113104957,-20.7333703049369,-8.39207038619235,-0,-0,-0.099212218225066,-0.0125274001637162
3.27795436393598,1.56180271898776,-20.832442018892,-8.40566433683263,0,-0,-0.0990717139550427,-0.013593950640274
3.17368565744492,1.56170873245186,-20.9323905252671,-8.40887308633753,0,-0,-0.099948506375107,-0.00320874950489919
3.17226635223213,1.56265839028927,-21.0323434851661,-8.41193997522205,-0,0,-0.0999529598989945,-0.00306688888452116
3.16107880132647,1.5626744808748,-21.1323245002691,-8.41388846667999,0,0,-0.0999810151030602,-0.00194849145793752
3.08619034870297,1.56278495150119,-21.2321710687512,-8.40835106996782,0,-0,-0.099846568482107,0.0055373967121678
3.06884549327123,1.56353641730546,-21.3319065779591,-8.40108276871893,-0,0,-0.0997355092078813,0.00726830124889046
3.1324508386744,1.56372126417464,-21.4319023993492,-8.40016859996078,0,0,-0.0999958213901043,0.000914168758144728
3.19365101736095,1.56307843779559,-21.5317669262866,-8.40537208529019,-0,0,-0.0998645269373798,-0.00520348532940601
3.16967016298544,1.56248670054889,-21.6317275115494,-8.40817946733084,-0,0,-0.0999605852627816,-0.00280738204065257
3.18968011535873,1.56271899079955,-21.7316119136287,-8.41298636042804,-0,0,-0.0998844020793645,-0.00480689309719393
3.25734166258057,1.56252912541383,-21.8309427695654,-8.4245354322042,-0,-0,-0.0993308559366573,-0.0115490717761661
3.25397404484398,1.56190356648275,-21.9303119550399,-8.43574993077231,-0,0,-0.0993691854745012,-0.0112144985681115
3.29006824283873,1.56193408014148,-22.0292117284476,-8.45054299738847,-0,0,-0.098899773407677,-0.0147930666161598
3.20458533149548,1.56161366194749,-22.1290133901722,-8.45683810000842,0,0,-0.0998016617246647,-0.00629510261994171
3.25239063938041,1.56239234470169,-22.2284002081698,-8.46789524287274,-0,0,-0.0993868179975486,-0.011057142864328
3.21460722422241,1.5619496311,-22.328133770193,-8.47519021416528,-0,-0,-0.0997335620232278,-0.00729497129254025
3.18028912809174,1.56230046973151,-22.4280589086783,-8.47905889594171,0,0,-0.0999251384853317,-0.00386868177642909
3.12908698631828,1.56263148208335,-22.5280510891946,-8.47780836181069,0,-0,-0.099992180516214,0.00125053413102774
3.11994564891791,1.56314419794072,-22.6280276604689,-8.47564383040005,-0,0,-0.0999765712743359,0.00216453141063639
3.02438928861318,1.56324197441902,-22.7273416148999,-8.46395030846391,-0,-0,-0.0993139544310323,0.0116935219361338
3.07886440051746,1.56425994383043,-22.8271449377169,-8.45768159610151,-0,-0,-0.0998033228170159,0.00626871236240095
3.10344495262062,1.56368132078765,-22.927072184186,-8.45386775117612,0,0,-0.099927246469044,0.00381384492539061
3.11949616432068,1.56342929926585,-23.0270477724374,-8.45165828205679,0,0,-0.0999755882513861,0.00220946911933774
3.10824418880674,1.56326828132219,-23.1269921715854,-8.44832405366908,0,-0,-0.0999443991480193,0.00333422838770785
3.12286931422352,1.56338986229147,-23.2269746439256,-8.44645182912584,0,-0,-0.0999824723402041,0.00187222454324179
3.10594912525129,1.56324355452515,-23.326911127595,-8.44288823097266,-0,0,-0.099936483669392,0.00356359815318065
3.14860224651645,1.56342431981904,-23.4269086708854,-8.44358918452513,-0,0,-0.0999975432904092,-0.000700953552478422
3.11751465862279,1.56299001508181,-23.5268796847938,-8.44118161767525,-0,0,-0.0999710139083492,0.00240756684988115
3.18512387075519,1.5633138797283,-23.6267849514115,-8.44553336468515,0,-0,-0.0999052666177409,-0.00435174700989306
3.24118723423371,1.56263243456571,-23.7262894072019,-8.45547636613568,0,0,-0.0995044557904554,-0.00994300145053368
3.24336052816935,1.56209335950345,-23.8257720189547,-8.4656355963649,0,0,-0.0994826117527563,-0.0101592302292232
3.28284023210613,1.56207415321904,-23.9247761324201,-8.47971343415801,-0,0,-0.0990041134654054,-0.0140778377931105
3.2693716177126,1.56170938996429,-24.0239608694074,-8.49245658717276,-0,0,-0.0991847369873148,-0.0127431530147443
3.27886339058426,1.56183292102892,-24.1230201851678,-8.50614059101217,0,-0,-0.0990593157604226,-0.0136840038394066
3.28042954955651,1.56174601010836,-24.2220579481226,-8.51997972064188,-0,0,-0.0990377629548036,-0.0138391296297177
3.34765183034303,1.56173183445742,-24.3199424303,-8.54044012505781,-0,0,-0.0978844821773954,-0.0204604044159242
3.33041716155911,1.56113566362738,-24.4181649861735,-8.55921056771871,0,0,-0.0982225558734541,-0.0187704426609013
3.32844695258262,1.56128274976017,-24.5164243330813,-8.57778745511271,0,0,-0.0982593469078161,-0.0185768873940024
3.26758979337101,1.56129857290291,-24.6156316186662,-8.5903538582132,0,0,-0.099207285584861,-0.0125664031004829
3.30214646733602,1.56184922777111,-24.7143455086033,-8.60634035043262,0,0,-0.0987138899371219,-0.0159864922194264
3.3234110271805,1.56153172504926,-24.8126971609822,-8.62442217761755,0,0,-0.0983516523788712,-0.0180818271849302
3.25104926815891,1.56134061596114,-24.9120987212963,-8.63534599595697,0,-0,-0.0994015603141488,-0.0109238183394191
3.16661064838129,1.56200663904085,-25.0120674279254,-8.63784753446488,0,-0,-0.099968706629092,-0.00250153850790822
3.1324903882484,1.56284574462318,-25.1120632853923,-8.63693732049959,-0,-0,-0.099995857466884,0.000910213965293156
3.09695569076958,1.56320542197191,-25.2119636790099,-8.63247510635813,-0,0,-0.099900393617622,0.0044622141414548
3.12242953527381,1.56359091131633,-25.3119453183166,-8.63055891181068,-0,0,-0.0999816393067063,0.0019161945474505
3.09699521146238,1.56332357339392,-25.411845888206,-8.62610064580548,0,-0,-0.0999005698893997,0.00445826600520445
3.09989541866763,1.56360316440484,-25.5117589678309,-8.62193213049638,-0,0,-0.0999130796248311,0.00416851530909429
3.03424027278313,1.5635782613395,-25.6111832943304,-8.61121750030609,-0,0,-0.0994243264995309,0.0107146301902905
2.98934867414691,1.56431340391091,-25.7100266195974,-8.59605184667203,0,0,-0.0988433252670693,0.0151656536340619
3.03848724331829,1.56483702749221,-25.809495554034,-8.58575956402597,0,0,-0.0994689344365047,0.0102922826460569
3.04863816087878,1.56428315624863,-25.9090638381373,-8.57647749525283,0,0,-0.0995682841033762,0.00928206877314364
3.04073200343751,1.56417700526696,-26.0085556256508,-8.5664085222475,0,0,-0.0994917875134327,0.0100689730053244
3.0251898237499,1.56427470856899,-26.107878909333,-8.5547945083599,0,0,-0.0993232836822191,0.0116140138876028
3.13703223396132,1.56446044468954,-26.2078778694634,-8.5543384679778,0,-0,-0.0999989601304428,0.000456040382098946
3.20401235646909,1.5632295944133,-26.307683121742,-8.56057638570777,-0,0,-0.0998052522785958,-0.00623791772996792
3.18666527466431,1.56253582206725,-26.4075815618788,-8.56508212185548,0,0,-0.0998984401368072,-0.00450573614770593
3.21034146833389,1.56271735205829,-26.5073453349663,-8.57195158903679,0,0,-0.0997637730874533,-0.0068694671813131
3.20588543740255,1.56247873909104,-26.607138728047,-8.57837643902989,-0,0,-0.0997933930807351,-0.00642484999310382
3.17500416535244,1.56252753001052,-26.7070829167834,-8.58171696860346,0,0,-0.0999441887363548,-0.00334052957356995
3.16290961566939,1.56285078138998,-26.8070601970001,-8.58384850337006,-0,0,-0.0999772802167512,-0.00213153476659468
3.17962115987174,1.56298290988187,-26.9069878973494,-8.5876504374715,0,-0,-0.0999277003492441,-0.0038019341014388
3.18743745304439,1.56281188289884,-27.0068828284718,-8.59223331168392,-0,-0,-0.0998949311224203,-0.0045828742124243
3.13248782755607,1.56273471751735,-27.1068786836076,-8.59132284166001,-0,-0,-0.0999958551357783,0.000910470023914815
3.04337641278738,1.56332479463557,-27.2063967497084,-8.58151700056683,0,-0,-0.0995180661008609,0.0098058410931796
3.02308103209799,1.56432929705498,-27.3056953210279,-8.56969356054676,-0,0,-0.0992985713194899,0.0118234400200695
2.99678795054759,1.56457344092187,-27.4046487316213,-8.55526364260045,-0,0,-0.0989534105933838,0.0144299179463085
3.00591513291252,1.56489185905779,-27.5037297232277,-8.54173747897982,-0,-0,-0.0990809916064032,0.013526163620623
2.92480452812684,1.5647945644589,-27.601389057283,-8.52022807471389,0,-0,-0.0976593340552993,0.0215094042659358
3.0325396206227,1.56578004067255,-27.700795018154,-8.50934437390396,0,0,-0.0994059608709658,0.0108837008099276
3.11169730266229,1.56450401620232,-27.8007503348817,-8.50635528409851,0,0,-0.0999553167277007,0.00298908980544927
3.13776661091745,1.56361118353767,-27.9007496029524,-8.50597268076474,-0,0,-0.0999992680707663,0.000382603333769884
3.09254678255018,1.56333032326319,-28.0006293521873,-8.50107005975293,-0,0,-0.0998797492348404,0.00490262101180602
3.12316549147557,1.56384026241502,-28.1006123746525,-8.49922744782529,-0,0,-0.099983022465237,0.00184261192764647
3.09787264122686,1.5635051306102,-28.2005168179008,-8.49485683925852,-0,-0,-0.0999044432483164,0.00437060856677121
3.12147737833262,1.56379541113385,-28.3004965873681,-8.49284544738221,-0,-0,-0.0999797694672273,0.00201139187630972
3.07865719588955,1.56353833293679,-28.4002986091364,-8.48655605544415,0,0,-0.0998020217683468,0.00628939193805121
3.08152783138191,1.56402957956632,-28.5001182742203,-8.48055318425252,-0,0,-0.0998196650838735,0.00600287119163241
3.1452767450065,1.56400521103579,-28.6001175955946,-8.48092159256082,0,0,-0.0999993213742892,-0.000368408308297692
3.1452430406351,1.56329701457191,-28.700116929329,-8.48128663045464,0,0,-0.0999993337344608,-0.000365037893821415
3.16720538896327,1.56330387387534,-28.8000841305115,-8.48384762396339,0,0,-0.0999672011824286,-0.00256099350874597
3.1741161108816,1.56306966014098,-28.9000312464096,-8.48709939634774,0,-0,-0.0999471158981606,-0.0032517723843559
3.22097256598873,1.56300040197318,-28.9997163532867,-8.49502905377435,0,0,-0.0996851068770892,-0.00792965742660436
3.25660296705126,1.56250599966046,-29.0990557133693,-8.50650474714699,0,0,-0.0993393600825835,-0.0114756933726385
3.3376618760142,1.56214132431918,-29.1971397062973,-8.52598628536396,-0,0,-0.0980839929280028,-0.0194815382169762
3.38547992556967,1.56134542706557,-29.2941803686515,-8.55013395295039,-0,-0,-0.0970406623541668,-0.0241476675864273
3.34620022736909,1.56090217048113,-29.3920944480736,-8.5704522464542,-0,0,-0.0979140794221794,-0.0203182935038143
3.29189525118163,1.56126376324065,-29.4909670293786,-8.58542597899165,0,-0,-0.0988725813049156,-0.014973732537442
3.29383098014517,1.56179081566275,-29.5898104403738,-8.60059107387527,0,-0,-0.0988434109952241,-0.0151650948836205
3.33320214947548,1.56177331136191,-29.6879803399443,-8.61963499202057,-0,0,-0.0981698995704646,-0.0190439181453005
3.30629266326131,1.56138936077683,-29.7866270984513,-8.63603063278433,-0,-0,-0.0986467585070373,-0.0163956407637598
3.31849232642105,1.56165230972561,-29.8850664998299,-8.6536284808407,0,-0,-0.0984394013786384,-0.0175978480563769
3.3579987588679,1.5615336043361,-29.9827340437854,-8.67510057570116,0,-0,-0.0976675439555199,-0.0214720948604601
3.33738928909366,1.56115452105135,-30.0808233434819,-8.69455537678111,-0,-0,-0.0980892996964486,-0.0194548010799465
3.28063739829329,1.56135090928025,-30.1798582278518,-8.70841509098567,0,-0,-0.0990348843699427,-0.01385971420456
3.31202741513328,1.56191471949512,-30.2784093398305,-8.72537617372755,0,0,-0.0985511119786234,-0.0169610827418778
3.38454191423049,1.5616013231688,-30.375472610276,-8.74943280546233,0,0,-0.0970632704455047,-0.0240566317347799
3.39003798453711,1.56090680870082,-30.4724021984666,-8.77402253773407,0,0,-0.0969295881906246,-0.0245897322717414
3.45463569481727,1.56085479051175,-30.5675422840628,-8.80481805871914,-0,0,-0.0951400855962319,-0.0307955209850664
3.41862396282522,1.56027841110828,-30.6637294457248,-8.83216819457647,-0,-0,-0.0961871616619656,-0.0273501358573388
3.39814329317411,1.56059058016153,-30.7604565448013,-8.85754275475485,-0,-0,-0.0967270990764937,-0.0253745601783791
3.39330168121447,1.56077414691757,-30.8573053634741,-8.88244870427859,0,-0,-0.0968488186728201,-0.0249059495237424
3.38202567960252,1.56081718943714,-30.9544288587107,-8.90626102615242,-0,-0,-0.0971234952366179,-0.0238123218738255
3.36037579608371,1.56092092268989,-31.0520450868201,-8.92796521951909,-0,-0,-0.0976162281093791,-0.0217041933666668
3.4359350791525,1.56112575604776,-31.1477443986739,-8.9569762813871,0,0,-0.0956993118537983,-0.0290110618680094
3.4657189637488,1.56042627665111,-31.2425373328274,-8.98882435251512,0,-0,-0.094792934153471,-0.0318480711280245
3.54708513392732,1.56016321949548,-31.3344281567497,-9.02827148775804,0,0,-0.0918908239223405,-0.0394471352429226
3.47412999813303,1.55949585313788,-31.4289498657734,-9.06091572956646,-0,-0,-0.0945217090236592,-0.0326442418084217
3.46207428409748,1.56008175706392,-31.5238582460874,-9.09241810005147,-0,0,-0.0949083803139916,-0.0315023704850085
3.59206995932499,1.56018128046252,-31.613882184912,-9.13595762736287,0,0,-0.0900239388246244,-0.0435395273114016
3.56927551273551,1.55914084635941,-31.7048751106116,-9.17743397571503,0,-0,-0.0909929256995884,-0.0414763483521535
3.5978377418969,1.55930085021438,-31.7946464268785,-9.2214920144333,-0,-0,-0.0897713162669408,-0.0440580387182735
3.64173553593046,1.55908275559192,-31.8823978320275,-9.26944710690935,0,-0,-0.0877514051489392,-0.0479550924760524
3.61652934549729,1.55876865701958,-31.971329999334,-9.31517532159301,-0,0,-0.0889321673065762,-0.0457282146836626
3.68731712689506,1.55893170487061,-32.0568051479675,-9.36707906872264,-0,-0,-0.0854751486334131,-0.0519037471296239
3.63835870921552,1.55845492178907,-32.1447179885337,-9.41473756705796,0,0,-0.087912840566224,-0.0476584983353199
3.65952453773078,1.55876117160968,-32.23160248141,-9.4642459996491,-0,-0,-0.0868844928762786,-0.0495084325911445
3.62032161590349,1.55860998435412,-32.3203605958969,-9.51031113953511,0,0,-0.0887581144869735,-0.046065139886006
3.59464500779489,1.5588659880362,-32.4102721199837,-9.55408233824375,-0,0,-0.0899115240867853,-0.043771198708642
3.60220139734662,1.55904171339399,-32.4998503280716,-9.59853168734763,0,0,-0.0895782080879129,-0.0444493491038797
3.64124719137021,1.55897789167155,-32.5876251413647,-9.64644392118585,-0,0,-0.08777481329306,-0.0479122338382219
3.61246926609072,1.55869314410418,-32.6767422353551,-9.69181068830342,-0,0,-0.0891170939904343,-0.0453667671175729
3.57057693263552,1.5588853244909,-32.7676811058678,-9.7334054215023,0,0,-0.090938870512636,-0.0415947331988801
3.64154245203421,1.55918896235942,-32.855441768737,-9.78134356970134,-0,0,-0.0877606628692349,-0.0479381481990336
3.75350993274906,1.55866279007546,-32.937296585255,-9.83878735972952,0,0,-0.0818548165180177,-0.0574437900281803
3.79651030230344,1.55795815505604,-33.016606394301,-9.89969675300421,0,-0,-0.0793098090459765,-0.0609093932746891
3.81007567669363,1.55771975379865,-33.0950826728052,-9.96167637636646,0,-0,-0.0784762785042279,-0.061979623362254
3.81116329272584,1.55763896418816,-33.1734914948756,-10.0237413151124,-0,-0,-0.0784088220703499,-0.0620649387459636
3.80736634740889,1.55761870562624,-33.252135408357,-10.0855080931758,-0,0,-0.0786439134814032,-0.0617667780633697
3.72288910308772,1.55762190391267,-33.3357105545371,-10.1404188839274,-0,-0,-0.083575146180122,-0.0549107907516478
3.64822357130369,1.55806398155053,-33.4231489806088,-10.1889422973081,-0,0,-0.0874384260716668,-0.0485234133806523
3.66468393561642,1.55853243471834,-33.5097768845125,-10.2388983406387,0,0,-0.0866279039037081,-0.0499560433306114
3.71205998330997,1.55840980688167,-33.5939417542267,-10.2929008841527,0,0,-0.0841648697142765,-0.0540025435139759
3.61587231017317,1.55809373811611,-33.6829039473877,-10.3385706573948,-0,0,-0.0889621931609671,-0.0456697732421652
3.64949535923797,1.55873176671261,-33.7702805912709,-10.3872052346388,-0,0,-0.0873766438832418,-0.048634577243985
3.75152125893125,1.55848160184765,-33.8522494828143,-10.4444861286538,0,-0,-0.0819688915433197,-0.057280894015016
3.72678043756203,1.5578247755628,-33.9356103205137,-10.4997217216899,-0,-0,-0.083360837699465,-0.0552355930360439
3.75580864363818,1.5579560980509,-34.0173328742191,-10.5573535203419,-0,0,-0.0817225537053912,-0.0576317986520415
3.75924258691461,1.55777350692763,-34.0988570421516,-10.6152656092605,-0,-0,-0.0815241679325167,-0.0579120889185568
3.74232254130156,1.55774032076876,-34.1813493691017,-10.6717900817867,-0,0,-0.0824923269500379,-0.0565244725262258
3.86328809191293,1.55782374577777,-34.2564180394114,-10.7378559181769,0,-0,-0.0750686703097239,-0.0660658363901493
3.90098161909634,1.55719623213991,-34.3289437224281,-10.8067037598493,-0,0,-0.0725256830167425,-0.0688478416724518
3.83456900033089,1.5570281622677,-34.4058785270615,-10.8705867453465,0,0,-0.0769348046333563,-0.0638829854971361
3.81332354660898,1.55729104760424,-34.4841530902562,-10.932820922104,0,0,-0.0782745631946688,-0.0622341767575004
3.79830307933701,1.55737764299856,-34.5633535749465,-10.9938724022238,-0,0,-0.0792004846902876,-0.0610514801198425
3.86012028405532,1.55743855001709,-34.6386311521248,-11.0597001044027,0,-0,-0.0752775771783455,-0.0658277021789325
3.86444965347847,1.55712742414445,-34.7136230322732,-11.1258530930866,-0,0,-0.0749918801483661,-0.0661529886839068
3.82502922619165,1.55709179106214,-34.7911637561283,-11.1889992421697,-0,-0,-0.0775407238551177,-0.0631461490830944
3.85123559450375,1.55725622054179,-34.8670232132097,-11.2541555371175,0,-0,-0.0758594570813868,-0.0651562949477426
3.92190082311222,1.55711694161555,-34.9380928907072,-11.3245053838862,-0,0,-0.0710696774975782,-0.0703498467687757
3.91678078275567,1.5568141786229,-35.0095218291485,-11.3944904305259,-0,-0,-0.0714289384412499,-0.0699850466396653
3.87883328582593,1.55681430212531,-35.0835544644791,-11.4617151946088,-0,0,-0.074032635330655,-0.0672247640828754
3.87390733515908,1.55694454649337,-35.1579173461433,-11.5285744634547,-0,0,-0.0743628816641501,-0.0668592688458647
3.85582926700928,1.55694788256366,-35.2334766972115,-11.5940785432219,-0,-0,-0.0755593510682095,-0.0655040797672257
3.79922910216268,1.55700995364209,-35.3126206128878,-11.6552033386115,-0,-0,-0.0791439156763067,-0.0611247953896097
3.74518793729066,1.55727160715237,-35.3949506364115,-11.7119639519503,0,0,-0.0823300235236578,-0.0567606133387752
3.80118652684482,1.55756353114022,-35.4739747533606,-11.7732435483948,-0,0,-0.0790241169491663,-0.0612795964445303
3.82778005476091,1.55723095368835,-35.5513414798265,-11.8366027595322,0,0,-0.077366726465868,-0.0633592111374153
3.82667621061838,1.55707850554951,-35.6287780978377,-11.8998765312784,-0,-0,-0.0774366180111682,-0.0632737717462174
3.81188830007162,1.55706762292885,-35.7071419017682,-11.9619983006796,-0,-0,-0.0783638039305504,-0.062121769401187
3.77865993048702,1.55712676730221,-35.7875262732568,-12.0214823558574,-0,-0,-0.0803843714885332,-0.0594840551777826
3.74685568160645,1.55729188152157,-35.8697615201389,-12.0783801956251,0,0,-0.0822352468821354,-0.0568978397677297
3.6797055280542,1.55746470240657,-35.9556292594082,-12.1296318429429,0,0,-0.0858677392692591,-0.0512516473177843
3.75692175273948,1.55789260423932,-36.0372876120196,-12.1873545719912,0,-0,-0.0816583526114325,-0.0577227290483304
3.79232642947708,1.55737643383923,-36.1168515633276,-12.2479316109767,-0,0,-0.0795639513080545,-0.0605770389854897
3.75707598029447,1.557156830652,-36.1985010125326,-12.3056669333066,-0,0,-0.081649449204931,-0.0577353223298475
3.80466114911626,1.55734608338916,-36.277311729431,-12.3672207382414,0,0,-0.0788107168984133,-0.0615538049348548
3.84473127829415,1.55705840455822,-36.3535933760152,-12.4318822445214,0,-0,-0.0762816465842314,-0.0646615062799995
3.84396984610696,1.55683596339758,-36.4299242358336,-12.4964856487614,-0,0,-0.0763308598183814,-0.0646034042399208
3.83703908533594,1.55682254296488,-36.5067010095211,-12.5605584746874,-0,0,-0.0767767736874537,-0.0640728259260158
3.78307928131375,1.55683976036721,-36.5868217159782,-12.6203971945668,-0,-0,-0.0801207064571052,-0.0598387198794759
3.87248278364273,1.5571140596466,-36.6612797666289,-12.6871504618524,0,-0,-0.0744580506507193,-0.0667532672855413
3.78170639964645,1.5566368111894,-36.7414825490358,-12.7468791291252,0,-0,-0.0802027824069109,-0.0597286672728407
3.73642199895491,1.55708981798387,-36.8243069630555,-12.802915871021,0,0,-0.0828244140196888,-0.0560367418957881
3.73730235162166,1.55735272881855,-36.9070820128911,-12.8590255058863,-0,-0,-0.0827750498355768,-0.0561096348653044
3.718447275721,1.55733309852015,-36.9909002380619,-12.9135645297978,0,-0,-0.0838182251708076,-0.054539023911469
3.73306566453547,1.55744363440346,-37.0739122632667,-12.9693229701578,-0,-0,-0.0830120252048747,-0.0557584403600499
3.67114553429337,1.55733308456594,-37.1602155650642,-13.0198377214574,0,-0,-0.0863033017974745,-0.0505147512995367
3.65624522311949,1.55775166372199,-37.2472619442025,-13.069060966768,-0,-0,-0.0870463791383247,-0.0492232453105952
3.70540629472668,1.55785198615282,-37.3317842643242,-13.1225023121969,0,0,-0.0845223201216204,-0.0534413454289684
3.7475396534188,1.55748189095608,-37.4139805754552,-13.1794563852422,0,-0,-0.082196311131044,-0.0569540730452933
3.73847805117904,1.55718611277072,-37.4966896000244,-13.2356632998953,-0,0,-0.0827090245691936,-0.0562069146530258
3.7499107094752,1.55723066176344,-37.5787506389322,-13.2928121047241,0,-0,-0.0820610389078523,-0.0571488048288321
3.78267752181895,1.55714212230982,-37.6588953796964,-13.3526186305206,-0,-0,-0.0801447407641573,-0.0598065257964883
3.81560266594006,1.55692366993086,-37.7370279006045,-13.4150310425597,-0,-0,-0.078132520908144,-0.0624124120391004
3.85281309366368,1.55671760166242,-37.8127844793398,-13.4803069246168,0,-0,-0.0757565787352256,-0.0652758820571088
3.77757327392381,1.5565035377414,-37.8932334420947,-13.5397035944869,-0,-0,-0.080448962754945,-0.0593966698700649
3.81622295234804,1.55690590673436,-37.9713272344035,-13.6021644590568,-0,0,-0.078093792308802,-0.0624608645699825
3.78023386295733,1.55666375956593,-38.0516178824782,-13.661774960076,-0,-0,-0.080290648074667,-0.0596105010191156
3.78489147027076,1.55685775048081,-38.1316300183679,-13.7217587754794,0,-0,-0.0800121358897726,-0.0599838154034616
3.79846015991418,1.55681362829429,-38.2108209120794,-13.7828226957039,-0,0,-0.0791908937114842,-0.061063920224437
3.70236712455116,1.55671650257727,-38.2955052589469,-13.836006917007,-0,-0,-0.0846843468675147,-0.0531842213031501
3.77461455790578,1.55733207444975,-38.3761296071992,-13.8951653016106,0,-0,-0.0806243482522337,-0.0591583846035584
3.70758012090769,1.55683066815837,-38.4605355555106,-13.9487902574581,-0,-0,-0.0844059483113846,-0.0536249558475891
3.72336368862599,1.55726710183875,-38.5440846324126,-14.0037407055802,-0,0,-0.0835490769020396,-0.054950448122077
3.71263427835444,1.55714164270432,-38.628218474856,-14.0577915756537,0,0,-0.0841338424434428,-0.054050870073496
3.75670066343658,1.55720406030823,-38.7098895873495,-14.1154962495032,-0,-0,-0.0816711124935061,-0.0577046738494646
3.74014573952941,1.55688706354724,-38.7925047613309,-14.1718410188081,0,-0,-0.0826151739813665,-0.0563447693049545
3.7506732830819,1.55698324931876,-38.8745221962128,-14.2290523845968,-0,0,-0.0820174348818536,-0.0572113657886342
3.72158418248278,1.55689743238895,-38.9581689254382,-14.2838540696975,0,0,-0.0836467292254589,-0.0548016851007591
3.6887374231757,1.55708408185264,-39.0435702691854,-14.3358791644708,0,-0,-0.0854013437472033,-0.0520250947733112
3.68931490440354,1.5573124914402,-39.1289415551787,-14.3879535682395,-0,0,-0.0853712859932502,-0.0520744037686336
3.73090277938552,1.55729565047993,-39.2120739852241,-14.443532332842,-0,-0,-0.0831324300454384,-0.0555787646025016
3.80748079333431,1.55697770160829,-39.2907108292344,-14.5053081109763,-0,0,-0.0786368440103089,-0.0617757781343007
3.77304595933753,1.55646267681121,-39.3714278740178,-14.5643399556148,-0,-0,-0.0807170447834256,-0.0590318446385547
3.79381629787486,1.55666125961408,-39.4509014852389,-14.6250354671415,0,0,-0.0794736112210805,-0.0606955115266405
3.74695869852098,1.55651304123457,-39.5331308702448,-14.6819417782287,0,0,-0.0822293850058891,-0.0569063110872008
3.77741295290243,1.55680478000177,-39.6135893545006,-14.7413255496756,-0,0,-0.0804584842558014,-0.059383771446911
3.77608470640343,1.5565854386316,-39.6941266440458,-14.8006024000703,0,0,-0.0805372895451524,-0.0592768503947392
3.79667232825406,1.55657810131527,-39.7734265831484,-14.8615246427927,0,0,-0.0792999391026362,-0.0609222427223276
3.77358925740606,1.55643020224155,-39.8541115441335,-14.9206003321313,-0,-0,-0.0806849609850918,-0.0590756893386292
3.75338414178173,1.55656218946959,-39.9359735859138,-14.9780338251085,0,0,-0.0818620417803038,-0.0574334929771801
3.70633342235234,1.55668309217204,-40.0204463227686,-15.031553510536,0,-0,-0.0844727368547804,-0.0535196854275418
3.77304517832667,1.55700979173202,-40.1011634136565,-15.0905852921337,0,-0,-0.080717090887913,-0.0590317815976479
3.7735036258656,1.55651966971584,-40.181853433088,-15.1496540720782,-0,-0,-0.0806900194315456,-0.0590687799445426
3.79044092736315,1.55650063922606,-40.2615314610339,-15.210080985475,-0,-0,-0.0796780279458563,-0.0604269133967585
3.83952694787249,1.55637310533338,-40.3381485928993,-15.2743446229749,0,-0,-0.0766171318653972,-0.0642636374999139
3.84188682675899,1.55605587376932,-40.4146138571627,-15.3387888885159,0,0,-0.0764652642634615,-0.0644442655410006
3.8766953641303,1.55602383037605,-40.4887900444748,-15.4058552231097,-0,0,-0.0741761873120281,-0.0670663345938253
3.95674566771055,1.55581374906102,-40.5573657477883,-15.4786382768726,-0,-0,-0.0685757033135325,-0.0727830537629081
3.98508192969719,1.55542186283212,-40.6238517980358,-15.5533350313034,-0,-0,-0.0664860502474818,-0.0746967544307605
4.01478000809602,1.55529133105589,-40.6880905068974,-15.6299730654887,0,0,-0.0642387088615868,-0.0766380341853593
4.08516620378865,1.55516795385523,-40.7467803484867,-15.7109391231562,-0,-0,-0.0586898415893468,-0.0809660576675027
4.00941022724528,1.55496085763694,-40.8114296586742,-15.7872311063018,-0,-0,-0.0646493101874958,-0.0762919831455504
4.01206718115701,1.55513757143198,-40.8758760366245,-15.863694590195,-0,0,-0.0644463779502708,-0.0764634838932339
4.09292288400906,1.55510544524498,-40.9339360911332,-15.9451134459377,-0,0,-0.0580600545087207,-0.0814188557426618
4.05620783127752,1.5548720460339,-40.9949456437373,-16.0243462326554,-0,0,-0.0610095526040831,-0.0792327867176816
4.0913317318794,1.55492963763102,-41.0531351744799,-16.1056726029909,0,-0,-0.0581895307425715,-0.0813263703355764
4.07842940134636,1.554825319277,-41.1123691324787,-16.1862414444856,-0,-0,-0.0592339579988155,-0.0805688414946781
4.08022222897287,1.55482724834111,-41.1714585493142,-16.2669163527163,-0,0,-0.0590894168355452,-0.0806749082307206
4.07209249636121,1.55479825381724,-41.2312018716831,-16.347108219089,-0,0,-0.0597433223688849,-0.0801918663726409
4.10461534096908,1.55479141182004,-41.2883059926639,-16.4292003585849,0,0,-0.0571041209807825,-0.0820921394958869
4.1712620990331,1.55469916742409,-41.3398162127565,-16.5149132352488,-0,-0,-0.0515102200925945,-0.0857128766639673
4.12648757341813,1.55458916338867,-41.3951112799335,-16.5982346343363,-0,-0,-0.0552950671770266,-0.083321399087438
4.16539361832649,1.55461176478432,-41.4471236145226,-16.683643750071,-0,0,-0.0520123345890586,-0.0854091157347728
4.18835797365773,1.55454125786966,-41.4971610421646,-16.770224670804,0,-0,-0.0500374276420132,-0.0865809207329785
4.14852091549277,1.55450014989486,-41.5506069875365,-16.8547440823218,0,-0,-0.0534459453718663,-0.0845194115177542
4.10407102823405,1.55450466539844,-41.6077557838527,-16.9368051271579,-0,-0,-0.057148796316249,-0.0820610448361699
4.02526652314057,1.55454374766639,-41.6711873095086,-17.0141125753953,-0,-0,-0.0634315256558806,-0.0773074482373294
4.07629604169405,1.55471356813404,-41.7305930148993,-17.0945548663064,-0,0,-0.0594057053906776,-0.080442290911162
4.10706194116629,1.55454973528439,-41.7874961185274,-17.176786470921,0,0,-0.0569031036281377,-0.0822316046145606
4.15594436380096,1.55446038286644,-41.8403131715478,-17.2617003031879,-0,-0,-0.0528170530203398,-0.0849138322668729
4.15684992331788,1.55436489183336,-41.8930533083937,-17.3466619296169,-0,-0,-0.0527401368459274,-0.08496162642907
4.2228281156331,1.5543370378038,-41.9400771463284,-17.4349158738115,0,-0,-0.0470238379346869,-0.0882539441945362
4.26628991500187,1.55427999894849,-41.9832221111537,-17.5251295757099,-0,0,-0.0431449648253059,-0.090213701898454
4.32786412517357,1.55427241935083,-42.0207339842462,-17.6178272530114,0,0,-0.0375118730924848,-0.0926976773015015
4.38399636860755,1.55432700109748,-42.0529861795576,-17.7124834514223,0,-0,-0.032252195311398,-0.0946561984108565
4.39865830319763,1.55442985685334,-42.0838471150008,-17.8076023384194,0,0,-0.0308609354432382,-0.0951188869971063
4.40696873266172,1.55444635844706,-42.1139165150698,-17.9029744055014,-0,0,-0.0300694000690233,-0.0953720670819765
4.42038778619934,1.55444627219264,-42.1427034434008,-17.9987413766202,-0,0,-0.0287869283309287,-0.0957669711188047
4.40327412214801,1.55446465917345,-42.1731250000843,-18.0940016983126,0,-0,-0.030421556683515,-0.0952603216924638
4.41346175099297,1.5543831096991,-42.2025745180746,-18.1895669947865,-0,-0,-0.0294495179903615,-0.0955652964738528
4.38819685504715,1.55438995744996,-42.2344288279476,-18.2843578326482,0,-0,-0.0318543098729278,-0.094790837861681
4.3844280369864,1.55428549079731,-42.2666401601676,-18.3790279444924,-0,-0,-0.032211332220053,-0.0946701118442847
4.43945874036023,1.55424817011728,-42.293595596926,-18.4753264617664,0,0,-0.0269554367584241,-0.096298517273957
4.40164662355136,1.55440396578372,-42.3241721492914,-18.5705371462795,0,-0,-0.0305765523653789,-0.0952106845130695
4.40849887739867,1.55424728002212,-42.3540955811495,-18.6659551122284,-0,0,-0.0299234318580903,-0.0954179659489461
4.40320648381756,1.55424292806836,-42.3845235810125,-18.7612133760397,0,-0,-0.030427999863039,-0.0952582638112563
4.42920301415506,1.55419936848418,-42.4124651941124,-18.8572303862898,-0,-0,-0.0279416130999132,-0.0960170102501362
4.42467273225756,1.55426198171818,-42.4408415031191,-18.9531198282903,-0,-0,-0.0283763090066909,-0.0958894420004455
4.4933612526823,1.55421951885759,-42.4625695713219,-19.0507307449552,0,0,-0.0217280682027384,-0.0976109166649773
4.54354130313003,1.55447938795968,-42.4793742238469,-19.1493086514735,0,0,-0.0168046525249782,-0.0985779065182191
4.53305123114911,1.55471374000848,-42.4972120221445,-19.2477048554241,0,0,-0.0178377982976787,-0.0983962039506166
4.53585254744087,1.5546332520506,-42.5147741119237,-19.3461506425487,0,0,-0.0175620897791291,-0.0984457871246394
4.5723235774422,1.55462528433161,-42.5287348996622,-19.4451713293052,-0,0,-0.0139607877385593,-0.0990206867564495
4.55058510799108,1.55481320942348,-42.5448447775106,-19.5438651580672,-0,0,-0.0161098778484035,-0.0986938287620331
4.58203144106365,1.55466246651825,-42.5578436431799,-19.6430167061707,0,0,-0.0129988656692536,-0.0991515481034598
4.70230016330289,1.55482913884123,-42.5588525077734,-19.7430116170023,0,0,-0.00100886459355905,-0.0999949108316611
4.70541963107338,1.55567904447904,-42.5595494370627,-19.8430091884207,0,-0,-0.000696929289243941,-0.0999975714183389
4.73529370322635,1.55568849185158,-42.5572591650469,-19.942982958251,0,0,0.00229027201574178,-0.0999737698303606
4.76966902929811,1.55592634931832,-42.5515342919096,-20.0428189529001,-0,-0,0.00572487313732049,-0.0998359946490322
4.78126591102501,1.55622134114186,-42.5446520434595,-20.1425818450808,0,-0,0.00688224845010149,-0.0997628921807657
4.80737352233668,1.5563172784496,-42.5351678654318,-20.2421310809751,0,0,0.00948417802772137,-0.0995492358942975
4.81880220740668,1.55655765874155,-42.5245466146855,-20.341565426312,0,0,0.0106212507462921,-0.0994343453369327
4.90871782380984,1.55666096197189,-42.505039612461,-20.4396443581181,-0,-0,0.0195070022245336,-0.0980789318060308
4.94626244847164,1.55761306396072,-42.4818648855054,-20.5369219610416,0,0,0.0231747269555244,-0.0972776029234731
5.06952289367674,1.55804329192438,-42.4469058426422,-20.6306122237271,-0,0,0.0349590428632011,-0.0936902626855581
5.06582849498086,1.55959529477809,-42.4122931667464,-20.7244309993924,-0,0,0.0346126758958751,-0.0938187756652532
5.09509129475508,1.55955119902682,-42.3749503011638,-20.8171968896219,-0,0,0.0373428655825564,-0.0927658902295619
5.05064064665161,1.55995170371959,-42.3417664678121,-20.9115305167338,0,-0,0.0331838333516742,-0.094333627111907
4.98198837666164,1.55936036796849,-42.3151319353034,-21.0079182839973,0,-0,0.0266345325086929,-0.0963877672635038
5.05671233429175,1.55848341094976,-42.2813759528188,-21.1020486916587,-0,-0,0.0337559824846557,-0.0941304076613696
5.05921944222089,1.55944781886595,-42.247384081578,-21.196094173685,-0,-0,0.0339918712407684,-0.094045482026257
5.03479144624593,1.5594862500007,-42.2156994659485,-21.2909418680819,-0,-0,0.0316846156294713,-0.094847694396926
4.96450258060345,1.55916675675533,-42.1907543360864,-21.3877806025643,-0,0,0.0249451298621874,-0.0968387344824301
5.00476216430209,1.5582736161548,-42.161931785418,-21.4835368586157,0,-0,0.0288225506683181,-0.0957562560513528
5.04588928424055,1.55878075753945,-42.1291965381991,-21.578027088743,-0,0,0.0327352472189556,-0.0944902301273198
5.03960348852996,1.55932276289781,-42.0970558800549,-21.6727212178855,0,0,0.0321406581442045,-0.0946941291425048
4.99538094277551,1.55924343603131,-42.0691328951493,-21.7687436471089,-0,0,0.0279229849056245,-0.0960224292233865
4.95876507483827,1.5586685755949,-42.044743785619,-21.865723909721,-0,-0,0.024389109530269,-0.0969802626121447
4.93837888235036,1.55820744364553,-42.0223366652925,-21.9631811873286,0,-0,0.0224071203265248,-0.0974572776075375
4.87958993681914,1.55795590067787,-42.0056943657697,-22.0617866327492,0,0,0.0166422995227725,-0.098605445420597
4.88324227512129,1.55725862925032,-41.988692037603,-22.1603306373203,-0,0,0.0170023281667181,-0.0985440045711114
4.96340457877604,1.55729533447327,-41.9638532518639,-22.2571967032206,0,0,0.024838785739104,-0.096866065900329
4.97156468211028,1.55825878439967,-41.9382248647587,-22.3538568593056,0,-0,0.0256283871052027,-0.0966601560850482
4.99785037938512,1.55836235952721,-41.9100648439307,-22.4498100417801,-0,-0,0.0281600208279199,-0.0959531824744292
4.99881423759312,1.55870278158129,-41.8818123509353,-22.5457360374202,-0,0,0.0282524929954646,-0.095925995640083
5.06340214917122,1.55871788397943,-41.8474274134943,-22.6396385191615,0,0,0.0343849374410025,-0.0939024817413169
4.94520429951389,1.55959498785679,-41.8243556336878,-22.7369405899337,-0,0,0.0230717798064585,-0.0973020707722209
4.94566341860258,1.5580357322161,-41.8012391830765,-22.8342320577566,-0,-0,0.0231164506112956,-0.0972914678229059
4.98144206510072,1.55804086194114,-41.7746573122914,-22.9306343613886,0,0,0.0265818707851025,-0.0964023036320404
4.98242477796984,1.55849904585248,-41.7479807185726,-23.0270104961293,-0,0,0.0266765937188643,-0.0963761347407057
4.99248178302213,1.55851375133441,-41.7203362349872,-23.1231134748933,0,-0,0.0276444835853356,-0.0961029787639286
5.04920019949134,1.55864831797051,-41.6872883186202,-23.2174948036813,-0,0,0.03304791636701,-0.0943813287880559
5.02759938972706,1.5594230889717,-41.6562866665393,-23.3125679206401,-0,0,0.0310016520808832,-0.0950731169587695
5.04109805407687,1.5591303974137,-41.6240045177616,-23.4072139077198,0,-0,0.0322821487777189,-0.0946459870797131
4.99649806828896,1.55932233420561,-41.5959742811963,-23.5032050835543,0,0,0.0280302365653483,-0.0959911758345037
4.95481323783339,1.55871816130557,-41.5719686113013,-23.600280970431,0,-0,0.0240056698949666,-0.0970758868766796
4.9756201354547,1.5581714272114,-41.5459484352683,-23.6968363972034,-0,-0,0.0260201760330192,-0.0965554267724538
4.91780085498072,1.55844477149581,-41.5255513959709,-23.794734102937,-0,-0,0.0203970392974227,-0.097897705733584
4.86238105099177,1.55770118144081,-41.5106083667594,-23.8936113292229,0,-0,0.0149430292114519,-0.0988772262858627
4.88078168342571,1.55702407584184,-41.4938485663777,-23.9921968712215,0,-0,0.0167598003817303,-0.0985855419986346
4.96368548128062,1.55723934458257,-41.4689825716984,-24.0890559560232,0,-0,0.024865994679299,-0.0968590848016286
4.9862238278088,1.55828679414525,-41.4419400336295,-24.1853300498117,0,-0,0.0270425380688321,-0.0962740937884941
5.00283323905749,1.55859026794612,-41.4133022431271,-24.2811417242315,0,-0,0.0286377905024597,-0.0958116744198599
4.95274733941756,1.55882048012979,-41.3894971732377,-24.3782669971915,-0,0,0.0238050698893918,-0.0971252729600343
4.96704183588395,1.5581495520786,-41.3643062257926,-24.4750420774903,-0,0,0.0251909474450498,-0.0967750802987047
4.93727377411839,1.55834097058869,-41.3420068199665,-24.5725240578753,-0,0,0.0222994058261917,-0.0974819803850887
4.94135367197123,1.55794938040899,-41.319309884314,-24.6699142478946,0,-0,0.0226969356524235,-0.0973901900192712
4.90686464885356,1.55800331449428,-41.2999846729017,-24.7680291611538,-0,-0,0.0193252114123817,-0.0981149132592327
4.99230753378218,1.55755781084568,-41.2723569356069,-24.864136955489,0,0,0.0276277372947313,-0.0961077943351803
4.98000590584462,1.55869270828516,-41.2459135412482,-24.9605773354903,-0,0,0.0264433943587658,-0.0964403800012567
5.00989987918747,1.55852749731131,-41.2165994048029,-25.0561842463517,0,-0,0.0293141364452289,-0.0956069108614566
5.0708318928392,1.55894765744234,-41.1815177514502,-25.1498286674244,0,-0,0.0350816533527785,-0.0936444210726698
5.07104289500985,1.55983664981946,-41.1464163397024,-25.2434656841075,0,-0,0.0351014117477955,-0.0936370166831031
5.16900660338375,1.55984974910685,-41.1023248611124,-25.3332205809976,-0,-0,0.0440914785899185,-0.0897548968901127
5.15308583815801,1.56136978589643,-41.05966787663,-25.4236660434314,0,0,0.0426569844824025,-0.0904454624338229
5.14765022338858,1.56113375517147,-41.0175031465863,-25.514342035515,0,-0,0.0421647300437755,-0.0906759920835473
5.13599716703492,1.56106349533553,-40.9763979078943,-25.6055032079081,-0,-0,0.0411052386919743,-0.0911611723930524
5.21255215602356,1.56089552172088,-40.9284410346627,-25.6932536398719,-0,-0,0.0479568732316107,-0.0877504319638782
5.18898890056188,1.5621399905701,-40.8825649688021,-25.7821096277464,-0,-0,0.0458760658606033,-0.0888559878745017
5.19350877430744,1.56177449918935,-40.8362877550684,-25.8707573546719,-0,0,0.0462772137336642,-0.0886477269254478
5.24721825242426,1.56186625198012,-40.7853183390594,-25.9567929207576,-0,-0,0.0509694160090478,-0.0860355660857568
5.34966986815402,1.56277416741871,-40.7258171142631,-26.0371645839714,0,-0,0.0595012247962322,-0.0803716632137736
5.38715948806702,1.56455634068751,-40.6633453008605,-26.115249617942,-0,0,0.0624718134025988,-0.0780850339706071
5.45670005727023,1.56524529794192,-40.5955987778044,-26.1888050977774,0,-0,0.0677465230560856,-0.0735554798353682
5.44592536546348,1.56652290916762,-40.5286487094834,-26.263086241763,0,0,0.0669500683210599,-0.0742811439855729
5.46438524112829,1.56635872409229,-40.4603389052199,-26.3361189100799,-0,-0,0.0683098042634483,-0.0730326683169209
5.36796192973153,1.56672446194748,-40.3993775532587,-26.4153887881362,0,0,0.0609613519612337,-0.0792698780562868
5.33960014759148,1.56502207630661,-40.3406886516398,-26.4963555271514,0,0,0.0586889016189125,-0.0809667390152624
5.26534319180608,1.56454895683832,-40.288168303429,-26.5814531947095,-0,0,0.0525203482107891,-0.0850976675580328
5.22516330105206,1.56328649224182,-40.2391086396102,-26.668591873756,0,0,0.0490596638188193,-0.0871386790465889
5.22524156992541,1.56262795491714,-40.1900421556954,-26.7557267126911,0,-0,0.0490664839147764,-0.0871348389350723
5.19515170590922,1.56265085849024,-40.1436193623315,-26.8442982897139,0,0,0.0464227933638619,-0.0885715770227457
5.22181338316835,1.5621685613727,-40.0948518806583,-26.9316008253658,-0,-0,0.0487674816731945,-0.0873025356519193
5.28400474246612,1.56263569104595,-40.0407527151174,-27.0157036213227,-0,0,0.0540991655408999,-0.0841027959569616
5.21076123602299,1.56372354385719,-39.9929530727138,-27.1035397994391,0,0,0.0477996424036729,-0.0878361781163149
5.2073108467328,1.56249445878807,-39.9454567832486,-27.1915403817498,0,0,0.0474962894652174,-0.0880005823107795
5.25025168808744,1.56245774343661,-39.8942266187886,-27.2774209397907,-0,-0,0.0512301644599937,-0.0858805580408162
5.22796436228625,1.56321069874703,-39.8449230669726,-27.3644218580521,-0,-0,0.0493035518159591,-0.0870009182614243
5.23585802157601,1.56285240057398,-39.7949343027226,-27.451030884422,-0,0,0.0499887642500371,-0.0866090263699703
5.33944733317059,1.56301027104155,-39.7362577746742,-27.5320065910024,0,-0,0.0586765280483676,-0.0809757065803635
5.32038663429957,1.56485059934495,-39.6791352652969,-27.6140859362875,0,-0,0.0571225093773382,-0.0820793452851319
5.34480447070213,1.56453894658495,-39.6200257833011,-27.6947461441858,-0,-0,0.0591094819957606,-0.0806602078982744
5.27431247018,1.56500317333179,-39.5667442932179,-27.7793693254928,0,0,0.0532814900831521,-0.0846231813070093
5.26930362826407,1.56378041663227,-39.5138873338749,-27.8642583227128,0,0,0.0528569593430494,-0.0848889972199414
5.22928759442432,1.56371836500686,-39.4644687028453,-27.9511939247821,0,0,0.0494186310295931,-0.0869356020693533
5.24448497399797,1.56304790786207,-39.4137346360914,-28.0373684829221,0,0,0.0507340667538596,-0.0861745581399459
5.22414386357482,1.56333500099882,-39.3647638301851,-28.1245571299404,0,-0,0.0489708059063753,-0.0871886470182908
5.24946922043077,1.56300697983333,-39.3136008801602,-28.2104777476334,0,0,0.051162950024869,-0.0859206176930355
5.31278189556782,1.56347088693875,-39.2571042084906,-28.292989117094,0,-0,0.0564966716695555,-0.0825113694605928
5.29847802501237,1.56461782158835,-39.2017935080547,-28.3763001392776,0,-0,0.0553107004359695,-0.0833110221836369
5.270306855788,1.56439005021569,-39.1488514123468,-28.4611360662311,-0,-0,0.0529420957079032,-0.0848359269534742
5.29178875703661,1.56391669325014,-39.0940992349776,-28.5448152098293,-0,0,0.0547521773691988,-0.0836791435982216
5.3224546017211,1.5643254167399,-39.036807110451,-28.6267762522046,0,-0,0.0572921245265333,-0.0819610423752419
5.25034588279021,1.56490441496509,-38.9855688567247,-28.7126519842543,0,0,0.0512382537263462,-0.0858757320497157
5.19341418546504,1.56364519896393,-38.9393000282839,-28.8013040880912,0,0,0.0462688284407837,-0.0886521038369498
5.13000820493825,1.56267809217415,-38.8987414843067,-28.8927098018647,0,0,0.0405585439772381,-0.0914057137735188
5.07931684621899,1.56162418716021,-38.8628665347752,-28.9860531893976,-0,-0,0.0358749495314967,-0.0933433875328755
5.12068409301059,1.56080722410484,-38.8231620186028,-29.0778330967604,-0,0,0.0397045161723583,-0.0917799073627716
5.14761654467625,1.561505718894,-38.7810003424336,-29.1685105088463,0,-0,0.0421616761692107,-0.0906774120859358
5.14640418474764,1.56197835543946,-38.7389486308833,-29.2592389694069,0,0,0.0420517115503359,-0.0907284605605504
5.18528999081259,1.56197871292055,-38.6934015483893,-29.3482640404615,-0,-0,0.0455470824939652,-0.0890250710546638
5.2236273699637,1.56266745564498,-38.6444757813919,-29.4354779689576,-0,0,0.0489257669973659,-0.0872139284960806
5.28491083771794,1.56336216083342,-38.5903004329253,-29.5195317113997,0,-0,0.0541753484666154,-0.0840537424420876
5.34361411140459,1.56448445772094,-38.531287007413,-29.6002622236569,0,0,0.0590134255122813,-0.0807305122571784
5.42918516262931,1.56558695663346,-38.4655897430689,-29.6756536651983,0,-0,0.0656972643441417,-0.0753914415414374
5.45057131158887,1.56721551151825,-38.3982952923474,-29.7496229622214,-0,0,0.0672944507215085,-0.0739692970230924
5.44619236809466,1.56765360149523,-38.3313253931521,-29.823886227715,0,0,0.0669698991952663,-0.0742632654936199
5.43406304272134,1.56760552682691,-38.265261161444,-29.89895631023,0,0,0.0660642317081739,-0.0750700825149987
5.40205538592291,1.56741090592125,-38.2016331751031,-29.9761021419658,0,0,0.0636279863408859,-0.0771458317357719
5.44569618074055,1.5668421159701,-38.1347001326436,-30.0503986279333,-0,0,0.0669330424595085,-0.0742964859674644
5.50432693039682,1.567699909166,-38.0635285371753,-30.1206453645016,0,0,0.0711715954683011,-0.0702467365683026
5.44605797105583,1.56885127464592,-37.9965686193478,-30.1949176298806,0,0,0.0669599178274961,-0.0742722653790429
5.40310472009287,1.56777736283588,-37.9328597162949,-30.2719966521357,-0,0,0.0637089030528861,-0.0770790222550725
5.35631622843253,1.56699978788963,-37.8728256306034,-30.3519710765174,0,0,0.0600340856914926,-0.0799744243817142
5.37084290255396,1.56615573236647,-37.8116361575833,-30.4310649978485,-0,0,0.0611894730200633,-0.0790939213310792
5.37880868606982,1.56646031783702,-37.7498185875108,-30.5096689928508,-0,0,0.0618175700725308,-0.0786039950023391
5.38762487751939,1.56664318510491,-37.6873104409236,-30.5877249446433,0,-0,0.062508146587183,-0.0780559517925139
5.48759838382841,1.56684279816355,-37.6173238747007,-30.6591523941871,0,-0,0.0699865662229101,-0.0714274495437589
5.50257528472918,1.56877843503834,-37.5462754357478,-30.7295236903408,0,0,0.0710484389529067,-0.0703712961537237
5.42322101629175,1.56910179719032,-37.4810289827845,-30.8053056167858,0,0,0.0652464529633153,-0.0757819264449373
5.43437354196859,1.56762205045205,-37.4149414450572,-30.8803551827881,-0,0,0.066087537727292,-0.0750495660023677
5.39110327201123,1.56786943048768,-37.3521621677745,-30.9581932348184,0,0,0.0627792772826596,-0.0778380520302695
5.45226439102136,1.56708293668181,-37.2847425776678,-31.0320484910283,0,-0,0.0674195901067492,-0.0738552562099538
5.46561646767353,1.56828149782741,-37.2163429054432,-31.1049969991664,-0,0,0.0683996722245794,-0.0729485081380702
5.48402817036356,1.56857302764316,-37.1466117959594,-31.1766738599386,-0,-0,0.0697311094837797,-0.0716768607722264
5.39937984239735,1.56896246571035,-37.0831904441443,-31.2539896547929,0,-0,0.0634213518151345,-0.0773157948542272
5.35910976134348,1.56738096273369,-37.0229331818044,-31.3337960601455,-0,-0,0.0602572623398296,-0.0798064053526342
5.39299742083419,1.56665318958224,-36.960006580375,-31.4115150593191,-0,0,0.0629266014294277,-0.0777189991735737
5.35265244570295,1.56732896209113,-36.9002659058703,-31.4917088982952,-0,-0,0.0597406745047218,-0.0801938389760765
5.36892385433381,1.56659956355744,-36.8392283304786,-31.5709200994621,-0,0,0.0610375753916609,-0.0792112011669266
5.31063772036621,1.56694114515178,-36.7829087073771,-31.6535524179198,0,-0,0.0563196231015555,-0.0826323184577242
5.31244505401073,1.56587736136954,-36.7264398321703,-31.7360828131259,-0,-0,0.056468875206795,-0.0825303952061264
5.34025590338495,1.56594379277966,-36.6676978487656,-31.8170110491482,0,-0,0.0587419834047223,-0.0809282360222891
5.31147338336273,1.56649991550621,-36.6113091925661,-31.899596274534,-0,-0,0.0563886561994557,-0.082585225385777
5.24652347027697,1.56599161688002,-36.5603995648296,-31.9856672324916,0,-0,0.0509096277364739,-0.0860709579575692
5.25122680209107,1.56481504667487,-36.5090856814042,-32.0714977944599,0,-0,0.0513138834254767,-0.085830561968314
5.27899167507023,1.56493237534644,-36.4554088068591,-32.1558707352589,0,-0,0.0536768745450574,-0.0843729407990155
5.29029148433149,1.56547930309649,-36.4007819813132,-32.2396317639702,0,0,0.0546268255459104,-0.0837610287113087
5.24246110653169,1.56572277428978,-36.3502224242293,-32.32590882458,0,-0,0.0505595570839457,-0.0862770606098471
5.23884392883011,1.56486389938014,-36.2999752766842,-32.4123682032708,-0,-0,0.0502471475450718,-0.0864593786907111
5.28910895502716,1.56482762382663,-36.2454475391806,-32.4961937712243,-0,-0,0.0545277375035791,-0.083825567953583
5.27668034278802,1.5657965312417,-36.1919658217415,-32.580690551635,0,0,0.0534817174391158,-0.0844967804106321
5.29424057518419,1.5655958735771,-36.1370086431039,-32.6642352014708,0,-0,0.054957178637618,-0.0835446498358389
5.29256980522908,1.56595874418411,-36.0821911249979,-32.7478715554606,-0,0,0.0548175181060017,-0.0836363539897465
5.33515446467087,1.56596041910745,-36.0238627546077,-32.829098405748,0,0,0.0583283703902171,-0.0812268502874613
5.24766079870011,1.56680200078046,-35.9728552688716,-32.9151114070844,-0,-0,0.0510074857360581,-0.0860130013363435
5.27492138928737,1.56518378507755,-35.9195222599975,-32.9997021285876,0,-0,0.0533330088740713,-0.0845907215032372
5.2627175845997,1.5657271304095,-35.8672255256118,-33.0849374004684,-0,-0,0.0522967343856891,-0.0852352718807929
5.22909315845644,1.56553027015637,-35.8178237989242,-33.1718826096537,0,-0,0.049401726687624,-0.0869452091853329
5.16887227343194,1.56493316711995,-35.773744377503,-33.2616434285402,0,-0,0.0440794214211758,-0.0897608188864963
5.1278208776486,1.56385215117193,-35.7333858646027,-33.3531376383924,0,-0,0.0403585129003757,-0.0914942098521552
5.12084467709358,1.56313542866033,-35.69366661055,-33.4449111686585,-0,-0,0.0397192540526208,-0.0917735302661032
5.08902361400949,1.56303633720206,-35.656887302739,-33.5379019344201,-0,-0,0.0367793078110627,-0.0929907657616556
5.06474383726378,1.56249360202029,-35.6223764084428,-33.631758197796,0,0,0.0345108942961967,-0.093856263375849
5.00559510784197,1.56208888930439,-35.5934741082273,-33.7274904130751,-0,0,0.0289023002155071,-0.0957322152791457
5.01493764624937,1.56108629503019,-35.5636787004553,-33.8229484335642,-0,0,0.0297954077720027,-0.0954580204891139
5.00641503872465,1.56126615531147,-35.5346979161641,-33.9186569187778,-0,-0,0.0289807842911716,-0.0957084852135305
4.98413805475858,1.56114014123509,-35.5078562426835,-34.0149872077048,-0,0,0.0268416734806009,-0.0963302889270078
4.96649719794459,1.56077994986548,-35.4827180063524,-34.1117759935953,-0,-0,0.0251382363311392,-0.0967887858905142
4.97773215388477,1.56050044237291,-35.4564939616631,-34.2082762499687,0,0,0.0262240446892182,-0.0965002563734309
4.93108022672487,1.56070800615257,-35.434798738944,-34.3058944721978,-0,0,0.0216952227191294,-0.0976182222290868
5.00084095538245,1.55994482142669,-35.4063518891846,-34.4017630110349,0,-0,0.0284468497594529,-0.0958685388371134
4.95638537284244,1.5611398655229,-35.3821936326185,-34.4988010378063,-0,0,0.0241582565660899,-0.0970380267714002
4.87520471693243,1.56040131043207,-35.3659838982868,-34.5974785150384,-0,0,0.0162097343317181,-0.0986774772321178
4.84119383024653,1.55908375807199,-35.3531389997884,-34.696650126816,0,-0,0.0128448984983901,-0.0991716117775952
4.78832104351241,1.55855729999326,-35.3455530880364,-34.7963619813916,0,-0,0.00758591175196319,-0.0997118545755289
4.80736231355507,1.5577561343296,-35.3360700258349,-34.8959113235857,0,0,0.00948306220148081,-0.0995493421941243
4.78212431653981,1.55805012586753,-35.3291021429141,-34.9956682712515,-0,0,0.00696788292077782,-0.0997569476658259
4.77614117587773,1.55767470996444,-35.3227312409999,-35.0954651229493,-0,0,0.00637090191426205,-0.0997968516978309
4.80095347930602,1.55759021943475,-35.3138863644137,-35.1950731957054,-0,-0,0.00884487658617819,-0.0996080727560537
4.72550493945719,1.55797104511492,-35.3125748061114,-35.2950645944096,0,-0,0.00131155830228689,-0.0999913987041871
4.78456610911957,1.55685720813872,-35.3053633584306,-35.3948042305747,-0,0,0.00721144768083907,-0.0997396361651
4.79333898669736,1.55773158478538,-35.2972771958628,-35.4944767642784,-0,0,0.00808616256782129,-0.099672533703758
4.79908016845175,1.55787152851409,-35.2886189315709,-35.5941012314512,-0,0,0.00865826429181975,-0.0996244671727433
4.77975804632921,1.55796675533017,-35.2818871198308,-35.6938743877143,-0,-0,0.00673181174010458,-0.099773156263074
4.73497193720548,1.55767727207532,-35.2796290160952,-35.793848889301,0,-0,0.00225810373562797,-0.0999745015867503
4.77744718104684,1.5570123999686,-35.2731277844471,-35.8936373354612,-0,0,0.00650123164812732,-0.0997884461601512
4.77228373762614,1.55765214840726,-35.2671418891702,-35.9934580199796,-0,-0,0.00598589527691475,-0.0998206845184594
4.82395499944032,1.55757921959263,-35.2560084171922,-36.0928363164116,-0,0,0.0111334719779828,-0.0993782964319447
4.87474370475941,1.55839276231222,-35.2398441760996,-36.1915212560422,-0,0,0.0161642410925773,-0.0986849396306297
4.8501738101123,1.55923097377357,-35.2261092483963,-36.2905735238657,-0,-0,0.0137349277032634,-0.0990522678235392
4.86080465985765,1.55883968710905,-35.21132210687,-36.3894741833452,0,0,0.0147871415263472,-0.0989006594794988
4.80917735049842,1.55902706423497,-35.2016583746543,-36.489006149465,-0,-0,0.00966373221574032,-0.099531966119747
4.89661199887002,1.55820148778031,-35.1833400991759,-36.5873140371623,-0,0,0.0183182754783762,-0.0983078876972663
4.87948459398707,1.55965375284447,-35.1667081871223,-36.6859212351827,-0,0,0.0166319120535729,-0.0986071980204398
4.88692663986611,1.55937990498539,-35.14934290312,-36.7844019282729,0,-0,0.0173652840022588,-0.0984806930901733
4.88083354283243,1.55952125088371,-35.1325779901731,-36.8829866009856,-0,-0,0.0167649129469108,-0.0985846727127625
4.87132780889156,1.55943384701464,-35.1167509402074,-36.9817261801289,0,0,0.0158270499657599,-0.0987395791432257
4.85838309861481,1.55928866887965,-35.1022033358064,-37.0806623575676,0,-0,0.0145476044009499,-0.0989361774387583
4.79290885038043,1.55908586414155,-35.0941600467619,-37.1803383602029,-0,0,0.00804328904455732,-0.0996760026352668
4.71448326048184,1.558025707658,-35.0939506189052,-37.2803381409025,-0,-0,0.000209427856622951,-0.0999997806996239
4.74797119690163,1.55681693874251,-35.0903931480466,-37.3802748428748,-0,-0,0.00355747085863181,-0.0999367019722484
4.71028506209353,1.5573312610377,-35.0906035397205,-37.4802746215512,0,0,-0.000210391673900409,-0.0999997786764729
4.7144326916872,1.55676106706085,-35.0903991687325,-37.5802744127135,-0,-0,0.00020437098798276,-0.0999997911622783
4.67512694059135,1.55682648983219,-35.0941245104911,-37.6802049977652,-0,0,-0.00372534175857387,-0.0999305850517339
4.72483856139501,1.55624457754924,-35.0928795845496,-37.780197248262,0,-0,0.00124492594150948,-0.0999922504967268
4.74778179018187,1.5569905740431,-35.0893410424376,-37.8801346222505,0,0,0.00353854211202875,-0.0999373739885204
4.83335886842926,1.55735185942399,-35.0772735360317,-37.9794038283979,0,0,0.0120675064058812,-0.0992692061474454
4.85133183703549,1.55875370359716,-35.0634239123706,-38.0784401243931,-0,-0,0.0138496236611206,-0.0990362959951821
4.8535601751929,1.55907278793696,-35.0493536369198,-38.1774453128872,-0,-0,0.0140702754507433,-0.0990051884940391
4.87163812779264,1.55912640828836,-35.0334959469589,-38.2761799758435,-0,0,0.0158576899609053,-0.0987346629563488
4.90261622766378,1.55945495421899,-35.0145877421701,-38.3743761050527,0,-0,0.0189082047888605,-0.0981961292091624
4.95106797010686,1.56001803496436,-34.9909458149752,-38.4715412185375,0,0,0.023641927194869,-0.097165113484792
4.98660725110191,1.56091375585478,-34.963866365165,-38.5678049365104,0,0,0.0270794498102019,-0.0962637179729557
4.95818185380039,1.56159589606581,-34.9395338207089,-38.6647994068698,0,-0,0.0243325444561232,-0.0969944703593498
4.94707474019073,1.56109377977823,-34.9162800836163,-38.7620581530638,0,0,0.0232537370925937,-0.0972587461939981
4.97143830247881,1.56091356209112,-34.8906639125906,-38.858721547283,-0,-0,0.0256161710256654,-0.0966633942192382
4.99149960626068,1.56138929699961,-34.8631138324365,-38.954851631458,0,-0,0.0275500801541461,-0.0961300841750392
4.99361851030314,1.56179204262349,-34.8353601238573,-39.0509231239004,0,0,0.0277537085791637,-0.0960714924423622
4.94934866455393,1.56185960444639,-34.8118852880422,-39.1481287414513,-0,0,0.0234748358151105,-0.0972056175509091
4.9047006305053,1.56105692186328,-34.7927724441864,-39.2462852450552,-0,-0,0.0191128438558398,-0.0981565036038993
4.9033807559165,1.56026178130191,-34.7737891712157,-39.344466889711,0,-0,0.0189832729706797,-0.0981816446558147
4.90104931000689,1.56025955518988,-34.7550348548246,-39.4426925259609,0,-0,0.0187543163911266,-0.0982256362499196
4.90730443402414,1.5602389876244,-34.7356664957986,-39.5407989307908,-0,0,0.0193683590260009,-0.0981064048298577
4.92181434556275,1.56037497750918,-34.7148767103146,-39.6386139849468,-0,-0,0.0207897854839224,-0.0978150541559554
4.96771015233049,1.56066436438697,-34.6896210921224,-39.7353722081101,-0,-0,0.0252556181922851,-0.0967582231633339
4.98052454140804,1.56154766002771,-34.6631276839114,-39.8317988606568,-0,0,0.0264934082109324,-0.0964266525467358
4.98362507137083,1.56181890320158,-34.6363354297983,-39.9281429062411,-0,-0,0.0267922541130918,-0.0963440455842473
4.97817344928854,1.56190661540509,-34.6100688025443,-40.0246315806682,0,0,0.0262666272539798,-0.0964886744271082
4.94260701320173,1.56183088101275,-34.5872498216102,-40.1219932471963,-0,0,0.0228189809341636,-0.0973616665280863
4.92317787358818,1.56118315263011,-34.5663266819262,-40.2197798629766,0,0,0.0209231396839736,-0.0977866157803047
4.91968776982899,1.56084428440266,-34.5457449544151,-40.3176389069769,-0,-0,0.0205817275110811,-0.0978590440003355
4.87031107364341,1.56080396760436,-34.5300183046232,-40.4163945270009,-0,0,0.0157266497919441,-0.0987556200239842
4.89659914951676,1.55991615947093,-34.5117012923391,-40.514702650068,0,0,0.0183170122840863,-0.0983081230671435
4.96644729675799,1.56042132695268,-34.4865678859145,-40.6114926902659,0,0,0.0251334064245764,-0.0967900401978275
4.91540937827456,1.56176674856479,-34.4664050248037,-40.7094388950511,0,-0,0.0201628611107896,-0.0979462047852137
4.91301430598228,1.56082327604079,-34.4464768095407,-40.8074331103723,0,0,0.0199282152630546,-0.0979942153212595
4.88051780161353,1.56080354808407,-34.4297430246736,-40.906023071545,-0,-0,0.0167337848670325,-0.0985899611726462
4.89633065901327,1.56022143431529,-34.4114524078469,-41.0043361090125,0,-0,0.0182906168267342,-0.0983130374675586
4.88137558264565,1.56053940893987,-34.3946340605479,-41.102911679993,-0,0,0.0168183472990517,-0.0985755709804842
4.88930930776912,1.56028439083517,-34.3770341792734,-41.201350717875,0,0,0.0175998812744736,-0.0984390378819523
4.85254200577884,1.56045625147224,-34.3630647151531,-41.3003701809729,0,-0,0.0139694641202932,-0.0990194630978771
4.84486057756373,1.55979743393604,-34.3498562665781,-41.3994940271767,-0,0,0.0132084485750025,-0.0991238462038349
4.87931282503486,1.55967787727593,-34.3332412924249,-41.4981040805885,0,-0,0.0166149741532134,-0.0986100534118507
4.94640757194824,1.56033878667178,-34.3100524484495,-41.5953783192907,0,0,0.0231888439753666,-0.0972742387021667
4.97840982223973,1.56164595060452,-34.2837630146168,-41.6918607823022,0,0,0.0262894338327108,-0.0964824630114485
4.95144492502762,1.56230312239923,-34.2600844622348,-41.789016976943,0,-0,0.0236785523819566,-0.0971561946408717
4.93392579595592,1.56180440930928,-34.2381115483169,-41.8865730687772,0,-0,0.0219729139179022,-0.0975560918341672
4.90691375893875,1.56149269094707,-34.2187815184961,-41.9846870328553,0,0,0.0193300298208239,-0.0981139640781375
4.98352514265037,1.56099928968908,-34.191998892054,-42.0810337552742,0,0,0.0267826264421377,-0.096346722418881
4.97073998771442,1.56252831511636,-34.166450228744,-42.1777150140738,-0,-0,0.0255486633100124,-0.0966812587995814
4.94679818120029,1.56230656330307,-34.143223390321,-42.2749801875784,-0,-0,0.0232268384229979,-0.0972651735045589
4.95722930827937,1.56186487422391,-34.1189832485382,-42.3719977917868,0,-0,0.0242401417828094,-0.0970176042084595
4.93210781256907,1.56210184580575,-34.0971877261877,-42.469593668777,0,-0,0.0217955223504275,-0.0975958769901271
4.88715509368601,1.56163761273951,-34.0797999443483,-42.5680703921318,-0,0,0.0173877818394295,-0.0984767233548335
4.96317954812046,1.56079318657427,-34.0549829570722,-42.6649420450677,0,-0,0.0248169872760719,-0.09687165293593
4.8824519285455,1.56231274887345,-34.0380585181242,-42.7634994565916,0,0,0.0169244389480161,-0.0985574115239178
4.87015256091029,1.56075941074173,-34.022347522553,-42.8622575682492,-0,0,0.0157109955711923,-0.0987581116575341
4.84567891051708,1.56054973024654,-34.0090579620999,-42.9613705723554,0,-0,0.0132895604531172,-0.099113004106237
4.88509892596343,1.56010867139814,-33.991872701534,-43.0598828397097,-0,-0,0.017185260565877,-0.098512267354289
4.90199204628608,1.56089043070401,-33.9730257926198,-43.1580907519387,-0,0,0.0188469089142847,-0.0982079122289882
4.92962961037579,1.56124814143885,-33.9514721992666,-43.2557403428931,0,0,0.0215535933531673,-0.0976495909544239
4.97395787597452,1.56182395483169,-33.9256125592814,-43.3523388885335,0,0,0.0258596399851652,-0.0965985456403855
4.90345747845893,1.56274755644384,-33.9066217536212,-43.4505190764554,-0,0,0.0189908056601989,-0.0981801879218845
4.89158409086979,1.56136914119574,-33.8887979906165,-43.5489178237663,0,-0,0.0178237630046807,-0.098398747310893
4.89015699485436,1.56116507792322,-33.8711146701744,-43.6473419070901,-0,0,0.0176833204421727,-0.0984240833238463
4.86338569306675,1.56116629748668,-33.8560723122989,-43.746204071084,0,-0,0.0150423578754844,-0.0988621639938447
4.88951307245516,1.56067127634269,-33.8384523729903,-43.8446395206881,0,-0,0.0176199393086084,-0.0984354496040982
4.97532179016452,1.56121158858848,-33.8124610049717,-43.9412027061602,0,-0,0.0259913680186007,-0.0965631854721128
4.97360317055238,1.56297215865343,-33.7866356306405,-44.0378104182781,0,-0,0.0258253743311974,-0.0966077121178922
4.94895448314325,1.56297281075083,-33.7631991132956,-44.1350252816208,-0,0,0.023436517344903,-0.0972148633427115
4.81253854340747,1.56250404511101,-33.7532008901595,-44.234524203897,-0,0,0.00999822313603151,-0.0994989222761841
4.78312550098194,1.55983813468215,-33.7461331356436,-44.3342741254313,0,0,0.00706775451589147,-0.0997499215343205
4.80284342390113,1.5593039212638,-33.7371000212273,-44.4338653039761,0,0,0.00903311441638239,-0.0995911785447915
4.81531571587138,1.55970042944946,-33.7268255113358,-44.5333360757962,-0,-0,0.0102745098914066,-0.0994707718201251
4.75333140198354,1.55996403510872,-33.7227324129308,-44.6332522734092,0,-0,0.00409309840509042,-0.0999161976130309
4.71972530472921,1.55881364814822,-33.7219987870772,-44.7332495823386,0,0,0.000733625853584733,-0.0999973089293255
4.68228983540757,1.55821375937518,-33.7250082471192,-44.8332042878319,-0,0,-0.00300946004201378,-0.0999547054933159
4.62197021702996,1.55755534254875,-33.7340378081005,-44.9327957886162,-0,-0,-0.00902956098127714,-0.0995915007843812
4.61871065671383,1.55651696558182,-33.7433919450424,-45.032357327988,0,-0,-0.00935413694191984,-0.0995615393717464
4.61396501537912,1.55646991048453,-33.7532184582348,-45.1318733550313,0,-0,-0.00982651319245278,-0.0995160270432786
4.63293459698358,1.556397422615,-33.7611555392893,-45.2315578711024,0,-0,-0.00793708105441937,-0.099684516071131
4.618033582996,1.55673177014625,-33.7705770845835,-45.3311130542134,0,0,-0.00942154529428173,-0.0995551831110154
4.60337998343458,1.55648454462352,-33.7814564079403,-45.4305194942628,-0,0,-0.0108793233567949,-0.0994064400494168
4.65340720801064,1.55624270155117,-33.7873511659607,-45.53034560221,0,-0,-0.00589475802041097,-0.0998261079471738
4.62600461459233,1.55712145205174,-33.7959788628399,-45.6299727212417,-0,0,-0.00862769687912085,-0.0996271190317276
4.65428738505642,1.55665137954162,-33.8017857539395,-45.7298039789507,-0,0,-0.0058068910996033,-0.0998312577089829
4.67889041590138,1.55716159022635,-33.8051349839139,-45.8297478765062,0,0,-0.0033492299744454,-0.09994389755547
4.76551783659165,1.55761978627888,-33.7998245973657,-45.9296067759329,-0,-0,0.00531038654820153,-0.0998588994266845
4.70238049704471,1.55926768750873,-33.8008254289907,-46.0296017674877,0,-0,-0.00100083162496266,-0.0999949915548698
4.71800845029695,1.55809025945367,-33.800263484957,-46.1296001885698,0,-0,0.000561944033662012,-0.0999984210820503
4.75547663884117,1.55840245028513,-33.7959560522248,-46.2295073756149,0,-0,0.00430743273218084,-0.0999071870450657
4.82784061966255,1.5591405646491,-33.784436518947,-46.3288416615038,-0,-0,0.0115195332778526,-0.0993342858889137
4.88703444142644,1.56059922690354,-33.7670606186733,-46.427320482017,0,0,0.0173759002737137,-0.098478820513235
4.82568092293768,1.5618452900695,-33.7557556440257,-46.526679414923,-0,-0,0.0113049746475127,-0.0993589329060004
4.80969601601926,1.56061881612728,-33.7460402893131,-46.6262063554105,-0,0,0.00971535471263403,-0.0995269404875268
4.81856556300542,1.56032613541098,-33.7354425694451,-46.7256432114228,-0,-0,0.0105977198679967,-0.0994368560122426
4.82152251688913,1.56053517047486,-33.724550866139,-46.8250482957952,-0,-0,0.0108917033061348,-0.0994050843724361
4.83767149443264,1.560625843207,-33.7120553623204,-46.9242645363223,0,0,0.012495503818543,-0.0992162405270467
4.87489326300828,1.56098746334396,-33.6958763622619,-47.0229470573536,-0,-0,0.0161790000585054,-0.0986825210313705
4.89110870850804,1.56179300093103,-33.6780993782984,-47.1213542666483,0,-0,0.0177769839635705,-0.0984072092946394
4.90547054135522,1.56216994510831,-33.6589109683576,-47.219496025976,-0,-0,0.0191884099407982,-0.0981417593277392
4.86609687746767,1.56251168350469,-33.6436006325381,-47.3183170440698,0,0,0.015310335819432,-0.0988210180938054
4.86005332648938,1.56171763633338,-33.6288878025441,-47.4172287857063,0,-0,0.0147128299940437,-0.0989117416365032
4.83131205212941,1.56162652129438,-33.6170235071037,-47.5165224838634,-0,-0,0.0118642954403981,-0.099293698157048
4.816096019351,1.56106245889824,-33.6066713829587,-47.6159852081659,0,-0,0.0103521241449632,-0.0994627243025611
4.84470611876747,1.56078106237831,-33.5934782450912,-47.7151110933484,-0,0,0.0131931378675373,-0.0991258851824696
4.86088218940743,1.5614084107248,-33.5786834358857,-47.8140106060902,0,0,0.0147948092055005,-0.0988995127418373
4.94209033466305,1.56178374940035,-33.5559147626787,-47.9113840496999,0,-0,0.0227686732069766,-0.09737344360961
4.87862410056254,1.56356533972067,-33.5393677076177,-48.0100055228627,-0,0,0.016547055060996,-0.098621473162838
4.95768202747669,1.56223704954705,-33.5150836465886,-48.1070121431519,0,-0,0.0242840610291466,-0.0970066202891982
4.90768764643267,1.56398979558372,-33.4956776933939,-48.2051111185829,0,0,0.0194059531946282,-0.0980989754309794
4.82358042037672,1.56294208566255,-33.4845814472254,-48.3044935784084,-0,-0,0.0110962461685684,-0.099382459825497
4.76705454110018,1.56118873548887,-33.4791176133867,-48.4043441994369,-0,-0,0.00546383383863825,-0.0998506210285332
4.72677415021105,1.56005232851309,-33.4776791460164,-48.5043338529598,-0,0,0.00143846737035051,-0.0999896535228743
4.75426878835764,1.55926672404456,-33.4734923893411,-48.6042461698609,0,0,0.00418675667527907,-0.0999123169010809
4.70419420239575,1.55984959698267,-33.4743118579681,-48.7042428121603,-0,0,-0.000819468627003413,-0.099996642299476
4.70247262692489,1.55887040962471,-33.4753034770622,-48.8042378954973,-0,0,-0.000991619094137665,-0.0999950833369928
4.65602597009905,1.55886129687911,-33.4809367943417,-48.9040790980964,-0,0,-0.00563331727942311,-0.0998412025990741
4.65897736678388,1.55797395209624,-33.4862754165194,-49.0039364919801,0,-0,-0.00533862217769307,-0.0998573938836972
4.63180348555605,1.55805224939475,-33.4943252467676,-49.1036119665612,0,-0,-0.00804983024825008,-0.0996754745811343
4.5619406942555,1.55754873131076,-33.5093133837478,-49.2024823653157,-0,-0,-0.0149881369802362,-0.0988703987544385
4.51648496170609,1.55625999547642,-33.528778717856,-49.3005695753283,0,-0,-0.0194653341081672,-0.0980872100126078
4.43942309171562,1.55545628911932,-33.5557375875089,-49.3968671316163,0,-0,-0.0269588696529142,-0.0962975562879826
4.46264009490859,1.55414973207586,-33.5804536518564,-49.4937645834051,0,0,-0.0247160643475144,-0.0968974517888346
4.5310305835566,1.55453598643924,-33.5984902376554,-49.5921245425994,-0,-0,-0.0180365857990014,-0.0983599591943554
4.53815092041281,1.5557319414866,-33.6158260161114,-49.6906104339003,0,-0,-0.0173357784559985,-0.0984858913008586
4.54445135930145,1.55587035822036,-33.6325409502578,-49.7892035927729,-0,-0,-0.0167149341463445,-0.0985931588726285
4.58015237784661,1.55599590628232,-33.6457261048957,-49.8883305401544,-0,-0,-0.0131851546378655,-0.0991269473815046
4.57645370037756,1.55667175646546,-33.6592778071167,-49.9874080419745,0,-0,-0.0135517022209999,-0.0990775018201072
4.55217066700225,1.55661743624018,-33.675231179891,-50.0861272898299,-0,0,-0.0159533727743394,-0.0987192478553345
4.47533939371564,1.55617763327619,-33.6987147546392,-50.1833307965415,0,-0,-0.0234835747482451,-0.0972035067116593
4.48856704066212,1.55480406670173,-33.7209105387757,-50.2808364228744,-0,0,-0.0221957841364767,-0.0975056263328785
4.52206290547752,1.55504182319633,-33.7398284479628,-50.379030682951,-0,0,-0.0189179091870436,-0.098194260076599
4.46773134111381,1.55565232275578,-33.7640508653286,-50.4760527139386,0,0,-0.0242224173658019,-0.0970220309875901
4.46520915237344,1.55468882937882,-33.7885179132644,-50.5730133428831,0,0,-0.0244670479358389,-0.0969606289444606
4.49411867975265,1.55464918125292,-33.8101720420909,-50.670640688974,0,0,-0.0216541288265136,-0.0976273460909634
4.48407901892707,1.55516827944301,-33.8328052085915,-50.7680457184856,0,-0,-0.0226331665005468,-0.0974050295116147
4.47968343125352,1.55499548895496,-33.8558663074108,-50.8653503212609,0,-0,-0.023061098819362,-0.0973046027752214
4.46748280131906,1.5549236685565,-33.8801128378639,-50.9623663290173,0,0,-0.0242465304530873,-0.0970160077563879
4.50319846459232,1.55471239409261,-33.9008796509693,-51.0601862629441,0,-0,-0.0207668131054314,-0.0978199339268029
4.45971664452216,1.55536508289977,-33.9258788841876,-51.1570110445782,-0,0,-0.0249992332182706,-0.096824781634138
4.55363509458356,1.55458746817438,-33.9416876727179,-51.2557535491302,0,-0,-0.015808788530261,-0.098742504552019
4.60882604681261,1.55633543851513,-33.9520254636403,-51.355217764197,-0,-0,-0.0103377909224285,-0.0994642150667473
4.60943671253017,1.5574390187582,-33.9623025132527,-51.4546882736521,-0,-0,-0.0102770496123919,-0.0994705094551367
4.62662176281785,1.55747371737349,-33.970868723793,-51.5543206982787,-0,0,-0.00856621054027581,-0.0996324246266228
4.66059169560469,1.5578454657741,-33.9760461364154,-51.6541865803333,0,0,-0.00517741262241549,-0.0998658820545698
4.64869361537968,1.55857306088032,-33.9824113668156,-51.7539837939314,0,0,-0.00636523040019147,-0.0997972135981385
4.65066906141497,1.55835333182341,-33.9885794409143,-51.8537933869669,-0,-0,-0.00616807409868549,-0.099809593035505
4.72821483295045,1.55842226970146,-33.9869969217186,-51.9537808643478,-0,-0,0.00158251919565033,-0.0999874773808971
4.73465273143204,1.56010872318793,-33.9847707305356,-52.053756081641,-0,-0,0.00222619118302453,-0.0999752172931703
4.81357523194267,1.56028579497034,-33.9746693633987,-52.1532445854088,0,0,0.0101013671368836,-0.0994885037678519
4.73781557108212,1.56208757781455,-33.9721269782965,-52.2532122615747,0,-0,0.00254238510220451,-0.0999676761658092
4.83153034493441,1.56043322561638,-33.9602410080391,-52.3525033674756,-0,-0,0.0118859702574379,-0.0992911059009784
4.71454880084527,1.56258353751267,-33.9600250261609,-52.4525031342345,0,-0,0.000215981878137961,-0.0999997667588696
4.67010021907466,1.56000094741031,-33.9642526419604,-52.5524137305927,0,-0,-0.00422761579945009,-0.0999105963582054
4.6938287584355,1.55907268568053,-33.9661085575961,-52.6523965069952,-0,0,-0.00185591563576506,-0.0999827764025031
4.73296572431698,1.55961819531692,-33.9640510284039,-52.7523753376226,-0,0,0.00205752919225983,-0.0999788306274033
4.69516513021221,1.56051501711109,-33.9657733282616,-52.8523605049386,-0,0,-0.00172229985776296,-0.0999851673159572
4.74071591159146,1.55971920690102,-33.9629410139584,-52.9523203868697,0,0,0.00283231430328551,-0.0999598819311398
4.68229049518101,1.56076442068208,-33.9659504080529,-53.0522750943486,-0,-0,-0.00300939409455329,-0.099954707478856
4.65582150760459,1.55951072978613,-33.9716041389958,-53.1521151430586,0,0,-0.00565373094286424,-0.0998400487100527
4.60734769217887,1.55897043904936,-33.9820889619511,-53.2515639665187,0,0,-0.0104848229553159,-0.0994488234600877
4.61684288095236,1.55796873845915,-33.9916290410985,-53.3511078608059,0,-0,-0.0095400791474587,-0.0995438942871949
4.57550004196943,1.55819725815667,-34.0052752232355,-53.4501723938795,0,-0,-0.0136461821369509,-0.0990645330735736
4.53710522008149,1.55735818294922,-34.0227139789237,-53.5486401033077,0,0,-0.017438755688151,-0.0984677094282638
4.57757229716103,1.55659506310539,-34.0361548449146,-53.6477327020294,0,-0,-0.0134408659909206,-0.099092598721671
4.50781245778272,1.55744917592415,-34.0564700980612,-53.7456474123113,-0,-0,-0.0203152531465765,-0.0979147102819107
4.54001618591784,1.55604864683222,-34.0736221441305,-53.8441654680962,0,0,-0.017152046069301,-0.0985180557848995
4.51449591889485,1.55671839373821,-34.0932825392647,-53.9422137667208,0,-0,-0.0196603951342185,-0.0980482986245371
4.49855976296931,1.55622115031512,-34.114502884804,-54.0399363175225,0,0,-0.0212203455393128,-0.0977225508017068
4.53484189517325,1.55592006510368,-34.1321644600551,-54.1383643052071,0,-0,-0.0176615752510699,-0.098427987684656
4.52520375321406,1.55667473396874,-34.1507738632179,-54.2366174991192,-0,-0,-0.0186094031628227,-0.0982531939120735
4.49797948435489,1.55649884555255,-34.1720509114877,-54.3343277197562,0,-0,-0.0212770482698154,-0.0977102206369628
4.44745750357713,1.55596614430581,-34.1982352251192,-54.4308387643036,-0,0,-0.0261843136315527,-0.0965110445474739
4.43334466288203,1.55498256074867,-34.2257789309833,-54.5269706750683,-0,-0,-0.0275437058640751,-0.0961319107647056
4.36145530180209,1.55472154037977,-34.2601564039883,-54.6208758897787,0,-0,-0.0343774730049538,-0.0939052147103327
4.38643445894119,1.55338471074742,-34.2921777233079,-54.7156104405457,-0,-0,-0.0320213193196057,-0.0947345507670345
4.39748225662041,1.55384734312604,-34.3231505016252,-54.8106929678749,0,-0,-0.03097277831728,-0.095082527329203
4.39022577646853,1.55406082746284,-34.3548124229041,-54.9055482404797,-0,0,-0.0316619212789271,-0.0948552726047795
4.33851430379754,1.55393131935081,-34.391334940442,-54.9986401612499,-0,0,-0.0365225175379188,-0.0930919207702388
4.26447706231208,1.55298437696136,-34.4346433784333,-55.088775499485,0,0,-0.0433084379913294,-0.0901353382350739
4.23995636813946,1.55169802280978,-34.4801487567509,-55.1778218949437,0,-0,-0.0455053783175522,-0.0890463954586397
4.23884408137758,1.55128425748562,-34.5257531520257,-55.2668176202995,-0,0,-0.0456043952747809,-0.088995725355893
4.26031686005271,1.55125438799681,-34.569436195398,-55.356772007195,-0,-0,-0.0436830433723014,-0.0899543868954351
4.20235623574967,1.55159902856484,-34.6182567778301,-55.4440448593942,0,0,-0.0488205824321554,-0.0872728521992098
4.24988896199084,1.55064552487766,-34.6628754643301,-55.5335388413987,-0,0,-0.0446186865000142,-0.0894939820044535
4.30081171822819,1.55140245621882,-34.7028810014831,-55.6251879384869,0,-0,-0.0400055371530164,-0.091649097088289
4.32012436855402,1.55227272416276,-34.7411092013272,-55.7175925094598,0,0,-0.0382281998440694,-0.0924045709728793
4.32660623339478,1.55261755024096,-34.7787376483578,-55.8102429275596,0,-0,-0.0376284470305654,-0.092650418099801
4.33347888147522,1.55273609354696,-34.8157284580287,-55.9031497626144,-0,-0,-0.0369908096709021,-0.0929068350547531
4.34100256510629,1.55286417677324,-34.8520192257175,-55.9963322726716,-0,0,-0.0362907676888275,-0.0931825100571752
4.3055004531169,1.55300693478114,-34.8915946063812,-56.0881679370146,-0,0,-0.0395753806637258,-0.0918356643430057
4.37941273789151,1.55235342845411,-34.9242803304285,-56.182675309444,-0,-0,-0.0326857240472521,-0.0945073724293871
4.4432837491237,1.55375012997312,-34.9508672282245,-56.2790762267922,0,0,-0.0265868977960193,-0.0964009173482495
4.40527935611311,1.55504647156407,-34.9810977046415,-56.3743973592635,-0,-0,-0.0302304764169842,-0.095321132471253
4.47337417977577,1.55428778289537,-35.0047722596056,-56.4715545280533,0,0,-0.0236745549641385,-0.0971571687898015
4.42615554227036,1.55571280073543,-35.0330063516439,-56.5674859412961,-0,-0,-0.0282340920382234,-0.0959314132428848
4.41552957524848,1.55474525320995,-35.0622581945755,-56.6631119298406,0,0,-0.0292518429316236,-0.0956259885444518
4.40767886453698,1.55454315607159,-35.0922598603235,-56.7585053261128,-0,0,-0.0300016657480638,-0.0953933962721815
4.38377503358203,1.55439772476113,-35.1245330055769,-56.8531543836647,0,0,-0.0322731452533135,-0.094649057551877
4.43271179875154,1.55392724312065,-35.1521375443591,-56.9492688437558,0,-0,-0.0276045387822707,-0.0961144600911752
4.41000743524485,1.55494568770935,-35.1819169987015,-57.044731842342,0,-0,-0.0297794543424174,-0.095462998586195
4.40947233563282,1.55449100630315,-35.2117475309916,-57.1401788922875,0,0,-0.0298305322900871,-0.0954470499454544
4.35039429802512,1.55449592274279,-35.2471615658031,-57.2336981209967,-0,0,-0.0354140348115041,-0.0935192287092316
4.43661151306545,1.5533127676178,-35.2743910766981,-57.3299194997876,-0,-0,-0.0272295108950092,-0.0962213787908829
4.46064823050826,1.55509686090734,-35.299300098472,-57.4267675283389,-0,-0,-0.0249090217738177,-0.09684802855129
4.41088146645723,1.55563536478447,-35.3289961038099,-57.5222565186308,-0,-0,-0.0296960053379326,-0.0954889902919152
4.42092133764268,1.55459385674495,-35.3577319314401,-57.6180388354247,0,-0,-0.0287358276301981,-0.0957823167939028
4.40629413186569,1.55482419528881,-35.3878656627345,-57.7133905959657,-0,-0,-0.0301337312944312,-0.0953517605410357
4.4566382371368,1.55453362573004,-35.4131628431512,-57.8101379611131,-0,0,-0.0252971804166909,-0.0967473651474054
4.41547936497581,1.55563634310928,-35.4424194874529,-57.905762480794,0,-0,-0.0292566443017075,-0.0956245196809028
4.42371141732844,1.55476872432943,-35.4708879632859,-58.0016245999222,-0,-0,-0.0284684758329863,-0.0958621191281868
4.39524763265832,1.55496554783109,-35.5020731377884,-58.0966376773971,0,-0,-0.0311851745024559,-0.0950130774749001
4.38409566009758,1.55437757969026,-35.5343159343858,-58.1912970777099,0,0,-0.0322427965974487,-0.0946594003127822
4.37961419805222,1.55415943209932,-35.5669826182995,-58.2858110330926,0,-0,-0.0326666839136483,-0.0945139553827147
4.35291323415378,1.55408145152848,-35.6021609720445,-58.3794191707078,-0,0,-0.0351783537450396,-0.0936081376152141
4.36319602012627,1.55353959271459,-35.6363749305204,-58.4733840846141,0,-0,-0.0342139584759405,-0.0939649139062375
4.34183872642023,1.55376667492788,-35.6725877699217,-58.5665969070287,0,0,-0.0362128394012314,-0.0932128224146261
4.34593717740819,1.55333684279437,-35.7084182780698,-58.6599573627145,-0,-0,-0.035830508148075,-0.0933604556857491
4.33776527057298,1.5534337526114,-35.7450105142972,-58.7530219007935,0,-0,-0.0365922362275003,-0.0930645380790708
4.34169269709991,1.55327686946033,-35.7812369651174,-58.846229434078,0,-0,-0.036226450820174,-0.0932075332844589
4.38605998556481,1.55337060909178,-35.8132937577581,-58.9409519870714,0,-0,-0.0320567926406826,-0.0947225529934254
4.43263062396036,1.55432822285988,-35.8409060985206,-59.0370642060532,-0,-0,-0.027612340762542,-0.0961122189818405
4.39124343178554,1.5553774889163,-35.8724714734488,-59.1319516504579,0,0,-0.0315653749281809,-0.0948874444046385
4.40718947317197,1.55448450572743,-35.9025198203067,-59.227330352751,0,0,-0.0300483468578562,-0.0953787022930694
4.48057795347133,1.55485792209721,-35.9254938687822,-59.3246555452586,-0,0,-0.0229740484754924,-0.0973251925076222
4.48878020903402,1.55655852586515,-35.9476688672989,-59.4221659008152,-0,-0,-0.0221749985167213,-0.0975103555566454
4.50449193594627,1.55678568597649,-35.9683091357851,-59.5200126141827,0,-0,-0.0206402684861893,-0.0978467133674812
4.50623028642848,1.5571945284147,-35.9887792812896,-59.6178950597132,-0,-0,-0.0204701455044721,-0.0978824455304716
4.46756141659723,1.55727438983914,-36.0130181847273,-59.7149129733175,-0,-0,-0.0242389034377327,-0.097017913604325
4.38772556983004,1.55639539272155,-36.0449171645816,-59.8096887881874,0,0,-0.0318989798542999,-0.0947758148699075
4.47145804355146,1.55459813904273,-36.0687778423409,-59.9068004149726,0,-0,-0.0238606777593131,-0.097111626785191
4.50686580411968,1.55655083673523,-36.08918577769,-60.0046958498753,0,-0,-0.0204079353490975,-0.0978954349026912
4.41942694416754,1.55743519159896,-36.1180647096496,-60.1004351171008,0,0,-0.028878931959584,-0.0957392672254897
4.46894131251781,1.55540636423998,-36.1421697154298,-60.197486385492,-0,-0,-0.0241050057802136,-0.0970512683911749
4.56980585307554,1.55659761190206,-36.1563797654526,-60.2964716090273,0,0,-0.0142100500227728,-0.0989852235353858
4.57999759195478,1.55911142997412,-36.1695802633854,-60.3955965143455,0,0,-0.0132004979328102,-0.0991249053181181
4.63299378369305,1.55941897912492,-36.1775114444274,-60.4952815000117,0,0,-0.00793118104202918,-0.0996849856662404
4.58315132171799,1.56083227486779,-36.1903992640682,-60.5944475431157,-0,-0,-0.0128878196407445,-0.0991660431040164
4.55530520597791,1.55960527892256,-36.2060431196456,-60.6932163123835,-0,-0,-0.0156438555774648,-0.0987687692677773
4.56348714116929,1.55895024490113,-36.2208783409417,-60.7921097712627,0,-0,-0.014835221296113,-0.0988934588792169
4.53064038936604,1.55920730119352,-36.2389533048514,-60.8904626851985,0,-0,-0.0180749639096407,-0.0983529139358117
4.48586342025016,1.55842832319534,-36.2614126257476,-60.9879079462679,0,-0,-0.0224593208962603,-0.0974452610693758
4.50381154830503,1.55736295412406,-36.2821194631457,-61.0857405936049,-0,-0,-0.0207068373980923,-0.0978326473370161
4.51804168495091,1.55784929135839,-36.3014320790897,-61.1838579868917,0,-0,-0.0193126159439767,-0.0981173932868197
4.50078247206601,1.55825023466599,-36.3224351635864,-61.2816274629138,-0,-0,-0.0210030844966899,-0.0977694760220433
4.46820356632945,1.55786488891115,-36.3466117620036,-61.3786609215194,-0,0,-0.0241765984172406,-0.097033458605635
4.48787655015034,1.55710222728604,-36.3688748675534,-61.4761511986309,0,-0,-0.0222631055497334,-0.0974902771115224
4.47579367140029,1.55763143229954,-36.392314282496,-61.5733653633763,-0,0,-0.0234394149426638,-0.0972141647453993
4.51460836646911,1.55737518065729,-36.4119636522126,-61.6714158721447,0,0,-0.0196493697166032,-0.0980505087683906
4.54502343952306,1.5583944518704,-36.4286221804307,-61.7700185771665,-0,0,-0.0166585282180473,-0.0986027050217616
4.47910101344441,1.55922286985626,-36.4517399472691,-61.8673097322445,-0,0,-0.0231177668384392,-0.0972911550779595
4.41122993475629,1.55759682172908,-36.4814026759187,-61.962809064855,-0,-0,-0.0296627286495847,-0.0954993326105534
4.47971567292757,1.55596806302147,-36.5044606374628,-62.0601144111081,0,-0,-0.0230579615440899,-0.0973053462530773
4.44920210762839,1.55769871615065,-36.5304765377726,-62.1566709900195,0,0,-0.0260159003098106,-0.0965565789113823
4.48109279818464,1.5569800717888,-36.5534004758447,-62.2540079976952,-0,0,-0.022923938072063,-0.0973370076757459
4.54398591739571,1.55782454457712,-36.5701612975666,-62.3525933660579,0,0,-0.0167608217219163,-0.0985853683626842
4.51447309535221,1.55949471592548,-36.5898239305052,-62.450641215937,-0,0,-0.0196626329386224,-0.098047849879133
4.51787333075628,1.55878117630437,-36.6091530646501,-62.5487553564735,0,0,-0.0193291341449345,-0.0981141405364544
4.57474131208622,1.55892198360531,-36.6228744060736,-62.6478095072676,0,0,-0.0137213414234924,-0.0990541507940982
4.58103165797406,1.56047500937094,-36.6359723952708,-62.7469480097729,-0,-0,-0.0130979891972267,-0.0991385025052796
4.60866868498537,1.56070374405034,-36.6463258379358,-62.8464105968344,0,0,-0.0103534426649959,-0.0994625870615813
4.60734429166212,1.56151081595568,-36.6568109990685,-62.9458593846401,0,-0,-0.010485161132645,-0.0994487878056966
4.63900449736436,1.56153963134698,-36.6641428625411,-63.0455902413396,-0,0,-0.00733186347265745,-0.0997308566995106
4.54287927046591,1.56246998406521,-36.6810127731728,-63.1441570010271,0,-0,-0.0168699106316542,-0.0985667596874322
4.56492659294256,1.55993527999151,-36.6957056267839,-63.2430717120299,0,-0,-0.0146928536110785,-0.0989147110027797
4.52043969207814,1.56058465533152,-36.714782901217,-63.3412351349541,-0,-0,-0.019077274433094,-0.0981634229242462
4.53986881789192,1.55945785880143,-36.7319494655114,-63.4397506620061,0,0,-0.0171665642943992,-0.098515527051964
4.58669307788996,1.56003269890461,-36.7444859831086,-63.5389617285588,-0,-0,-0.0125365175972628,-0.0992110665527466
4.60232895315696,1.56135881483747,-36.7554697796155,-63.6383566792067,-0,0,-0.0109837965068406,-0.0993949506478891
4.68820844143967,1.5618524546126,-36.7578875978781,-63.738327445708,-0,-0,-0.00241781826265799,-0.0999707665012566
4.61873683890194,1.56431118687442,-36.7672391280779,-63.8378892299574,-0,-0,-0.00935153019976153,-0.0995617842493944
4.65257967972613,1.56244458163991,-36.7732164929984,-63.9377104256455,-0,0,-0.00597736492046776,-0.0998211956881281
4.59574520502871,1.56345721261477,-36.7848544380484,-64.0370309081001,-0,-0,-0.0116379450500925,-0.0993204824545825
4.62077454167513,1.56194922228369,-36.7940030716499,-64.1366115412735,0,-0,-0.00914863360143454,-0.0995806331734575
4.6265203487693,1.56271167159734,-36.8025793862736,-64.2362430966537,0,0,-0.00857631462375625,-0.0996315553801824
4.66043041277208,1.56294290840467,-36.807772905481,-64.3361081423816,-0,0,-0.00519351920734742,-0.0998650457279368
4.65482793540722,1.56396733804275,-36.8135258319135,-64.4359425244224,-0,0,-0.00575292643248363,-0.0998343820407701
4.61495411490724,1.56388404008184,-36.8232539090599,-64.5354682221845,0,0,-0.00972807714638752,-0.0995256977621053
4.64221624356497,1.56283788692527,-36.8302654250679,-64.6352221125511,0,-0,-0.00701151600804856,-0.0997538903665861
4.64012355802656,1.56367600974961,-36.8374856790945,-64.7349611116026,0,-0,-0.00722025402657694,-0.0997389990514829
4.67839885029927,1.56369134426895,-36.8408840376445,-64.8349033507168,-0,0,-0.00339835854999798,-0.0999422391142287
4.65367242482232,1.56485276033433,-36.8467523198958,-64.934731018542,0,0,-0.00586828225133098,-0.0998276678252012
4.57460889540824,1.56422645797959,-36.8604867776206,-65.0337833515332,-0,-0,-0.0137344577247469,-0.0990523329912382
4.59097793538212,1.56207661427237,-36.8725980761517,-65.1330472243566,0,-0,-0.0121112985311817,-0.0992638728233419
4.60533592478169,1.56260425031017,-36.8832829456557,-65.232474753561,-0,-0,-0.0106848695039651,-0.0994275292043569
4.63560493496486,1.56307996883648,-36.8909538073786,-65.3321801088857,-0,-0,-0.00767086172288949,-0.0997053553247182
4.6388824406905,1.56401116232998,-36.8982978436132,-65.4319100699394,0,0,-0.00734403623466278,-0.0997299610537574
4.69168223119512,1.56418076668143,-36.9003683705617,-65.5318886322323,-0,-0,-0.00207052694843376,-0.0999785622929026
4.68747108649271,1.56577241903932,-36.9028599020996,-65.6318575887668,-0,0,-0.00249153153793459,-0.0999689565344936
4.70763710527224,1.56573148328263,-36.9033350878226,-65.7318564597531,0,0,-0.000475185722932459,-0.0999988709862702
4.63882035124002,1.56639509428532,-36.9106853162215,-65.8315859646274,0,0,-0.00735022839898055,-0.0997295048743491
4.6664682590558,1.56449377506635,-36.9152757746311,-65.9314805475216,-0,-0,-0.00459045840961152,-0.0998945828941171
4.68006891992599,1.56536652626137,-36.9185072180215,-66.0314283227525,-0,0,-0.00323144339038073,-0.0999477752309413
4.70364648142184,1.56583948380799,-36.9193814567812,-66.1314245012124,0,-0,-0.000874238759653422,-0.0999961784599348
4.72598883572864,1.56660435891937,-36.9180215131693,-66.2314152535517,0,0,0.00135994361185338,-0.0999907523392668
4.67685606527121,1.56733740265,-36.921574057004,-66.3313521307908,0,0,-0.00355254383464572,-0.0999368772390999
4.60290273541114,1.5659922592118,-36.932500820647,-66.4307533673842,-0,0,-0.0109267636430567,-0.0994012365933582
4.59687906324005,1.56394276144096,-36.9440261428956,-66.5300869817706,0,0,-0.0115253222485673,-0.0993336143864034
4.66212765196282,1.56384740933328,-36.9490501598346,-66.629960698302,-0,0,-0.00502401693905003,-0.0998737165314085
4.62628835832895,1.56580559689536,-36.9576495877958,-66.7295902613781,-0,-0,-0.00859942796116762,-0.0996295630761306
4.64998191754804,1.56484978262081,-36.9638862439826,-66.8293955924963,0,0,-0.00623665618682387,-0.099805331118169
4.66668496224049,1.56561531322371,-36.9684550548104,-66.9292911678118,-0,-0,-0.0045688108277502,-0.0998955753155275
4.70961531961864,1.56618242409368,-36.9687324205314,-67.0292907831523,-0,0,-0.000277365720966315,-0.0999996153405444
4.75887437631829,1.56751964780343,-36.9640855549225,-67.1291827580053,-0,-0,0.00464686560887163,-0.0998919748529034
4.7071794840366,1.56905148081085,-36.964606502201,-67.2291814010657,0,0,-0.000520947278483157,-0.0999986430604588
4.68080807471428,1.56761864225473,-36.9677640678387,-67.3291315375301,0,0,-0.00315756563771776,-0.0999501364643566
4.70035433605964,1.56693089001317,-36.9689675032212,-67.4291242959843,0,0,-0.00120343538255578,-0.0999927584542001
4.71920545899224,1.56758787537276,-36.9682858606392,-67.5291219727742,-0,-0,0.000681642582042858,-0.0999976767899652
4.7324167474789,1.56822685119634,-36.9662832178165,-67.6291019178719,-0,0,0.00200264282265979,-0.0999799450976287
