X,Y,Theta,FmPi_x,FmPi_y,Xi_x,Xi_y
0,0,0.642290167229368,0,0,0,0
0.133698701072577,-0.0394916191678724,-0.14917055789551,0.0988894688076441,-0.0148617952799108,0.0348092322649329,-0.0246298238879616
0.196098146850745,-0.0388764929674058,-0.0664278582152481,0.0997794481022614,-0.00663790150635911,-0.037380002324094,0.00725302770682576
0.338834595899986,-0.102377208728261,0.313715970775543,0.0951193408404365,0.0308595365824062,0.0476171082088045,-0.0943602523432617
0.551117224630943,-0.165899027956045,-0.231054063673997,0.0973425551327741,-0.0229003703075481,0.114940073598183,-0.0406214489202353
0.639981449750894,-0.178012963217553,-0.765854450928406,0.0720790355291527,-0.0693153131507544,0.016785189590798,0.0572013778892458
0.692426270734538,-0.272445348099171,-0.209572442773031,0.0978119953863587,-0.0208041716619276,-0.0453671744027142,-0.0736282132196899
0.594289929302586,-0.255062792740053,-1.0104189027796,0.0531505934505831,-0.0847054568245212,-0.151286934882535,0.102088012183639
0.646765201348745,-0.338962659985128,-1.70223298274418,-0.0131058541642216,-0.0991374630834689,0.0655811262103806,0.0152375958383935
0.718961533737594,-0.413794699107356,-1.45296226183975,0.0117561569151705,-0.099306559574813,0.0604401754736786,0.0244745204525858
0.856264866349445,-0.696923802742031,-1.66302771615886,-0.00921006819322568,-0.0995749699667348,0.146513400805077,-0.18355413366794
0.911210512267804,-0.833617507575561,-1.27306354889276,0.0293353488987559,-0.0956004043139372,0.0256102970196023,-0.0410933005195925
1.02532802919338,-0.9141104218849,-0.714214838978388,0.0755607773650234,-0.0655024344890583,0.0385567395605564,-0.0149904798202815
1.09150269944953,-0.976503527581993,-0.140561468059423,0.0990137491133968,-0.0140099067273597,-0.0328390788572485,-0.0483831989697331
1.25171964255586,-0.992987792792161,-0.438889625552214,0.0905224057672774,-0.0424934589566958,0.0696945373390467,0.0260091937465277
1.43156074166674,-1.05690603472403,-0.0716715181543096,0.0997432696003706,-0.00716101734586607,0.080097829510515,-0.0567572245860023
1.7122725043805,-1.02364756309274,0.208810912165479,0.0978278100363143,0.0207296788083851,0.18288395267744,0.0125287928228996
1.78515801721091,-1.17290266024047,1.1711404386543,0.0389101371247545,0.0921194942937313,0.0339753757056581,-0.241374591441458
1.9420227670409,-1.16014884598383,-0.229935443505405,0.0973681110406233,-0.0227914666570813,0.0594966387893641,0.0355452809137184
2.10312584925367,-1.30981936260215,-1.14130128666961,0.0416411758069856,-0.0909176136808029,0.119461906405791,-0.0587529029375096
2.10953183230493,-1.36788009160224,-1.57828955445652,-0.000749315753961707,-0.0999971925900966,0.00715529880521915,0.0419364635900085
2.00221607836925,-1.3883438579885,-1.72165292658196,-0.0150285058638739,-0.098864270651735,-0.0922872480718087,0.0784005042654745
1.97276828887711,-1.40857994589824,-2.7277096690394,-0.0915566118876325,-0.0402167479995267,0.0621088223954943,0.0199806600897853
1.94483860040824,-1.46470406921716,-2.95218679532709,-0.098211627073673,-0.0188275411974528,0.0702819386048033,-0.0372965821214669
1.89813197106057,-1.35221762739096,-3.25371251054358,-0.0993721150520695,0.011188509734467,0.0526654857043962,0.101297932091732
1.75644529055224,-1.48191379049035,-2.98765159512638,-0.0988174456286389,-0.0153333766480508,-0.0428692348796834,-0.114362786451345
1.58180441680077,-1.54689037518121,-3.02079928898564,-0.0992713347985421,-0.0120499828761605,-0.0753695389529301,-0.0529266018146931
1.48872337824462,-1.6344183758842,-3.16225227083326,-0.0999786597698199,0.00206581476192713,0.00689762121366533,-0.0895938154649164
1.36153483237363,-1.5771143204548,-3.65473512934454,-0.0871206115768687,0.0490917410413643,-0.0400679342941176,0.00821231438803205
1.43545087651469,-1.42137871507481,-4.61940529727848,-0.00928497520675107,0.0995680131137004,0.0832010193478071,0.0561675922662874
1.37242215339331,-1.32239887318876,-5.20161591925812,0.0469943650376868,0.0882696417501773,-0.110023088159066,0.0107102001358724
1.44368208605478,-1.31760372181956,-5.64346771535071,0.0802264378769124,0.0596968899154882,-0.00896650521543763,-0.0549017385462887
1.46309757548355,-1.19060742433708,-5.11038361623899,0.0387570497833445,0.0921840067044786,-0.0193415603545803,0.0348122907780061
1.46013178464468,-1.09944727475557,-5.26537413234003,0.0525229811529215,0.0850960425096834,-0.0554887719917926,0.00606410707182303
1.40411015700281,-1.16015021967385,-5.32882974752772,0.0578134703395838,0.0815941336573535,-0.113835097981451,-0.142297078575632
1.33436524532014,-1.08606923621481,-5.29246241381037,0.0548085359632051,0.0836422404384893,-0.124553447645875,-0.00956125697944865
1.47707899748712,-1.11780889132177,-5.71700242443805,0.0843954675563737,0.053641449047738,0.0583182846106071,-0.0853811041546988
1.53962884175036,-1.03203684538869,-6.17960963766114,0.0994640833971298,0.0103390576924983,-0.0369142391338945,0.0754329882405813
1.74696756235325,-1.04980207603123,-6.73395103997242,0.0900113771024918,-0.0435654908398037,0.1173273435004,0.0258002601972613
1.73200580569538,-1.19916038473749,-5.99851127557884,0.0959753250115501,0.028084461699084,-0.11093708166942,-0.17744277040534
1.79255692448228,-1.11728606258326,-6.38251834292651,0.0995070529283783,-0.00991697622811109,-0.0389559341414721,0.0917912983823427
1.8532010355681,-1.33989814217422,-6.67299572090533,0.0924981121740039,-0.0380013058228976,-0.0318540010881878,-0.18461077376806
1.88094974113186,-1.31646964669988,-7.05255076512644,0.071835225213382,-0.0695679554000452,-0.044086519649621,0.0929964508743842
2.02179023273047,-1.31475229943502,-7.35264196763658,0.0480600775855581,-0.0876939504325706,0.0927804140130534,0.0894112976974276
2.09005931271811,-1.39726384716552,-6.95274798749478,0.078409316031595,-0.0620643147022301,-0.0101402360439626,-0.0204472330282727
2.25851022042345,-1.49129188663606,-6.19868459072615,0.0996431938324665,0.00844001912708185,0.0688077138728733,-0.102468058597623
2.26570854201007,-1.47504706629851,-6.2096982023203,0.0997301037650544,0.00734209799794832,-0.0925317821784316,0.00890272233960721
2.36829406081403,-1.49911910416067,-5.90499302461191,0.0929333637245498,0.0369241101022156,0.00965215507940664,-0.0609961479643744
2.45517707343609,-1.56691174033597,-6.25842163933895,0.0999693396046485,0.00247611369094121,-0.0130863269825811,-0.0702687498662444
2.73308970073321,-1.44047693809275,-6.12440265353269,0.0987420497263698,0.0158116291328605,0.179170577570743,0.110623173110364
2.887659706897,-1.47245657565662,-5.95566476417015,0.094684288546309,0.0321696363435972,0.0598857176174858,-0.064149273907475
2.90467100617712,-1.4645390728421,-6.45504379574497,0.0985268641534934,-0.0171013753855956,-0.0815155648733769,0.0250188782001171
3.13941181260524,-1.4601072987335,-6.72786008592053,0.0902750611713411,-0.0430164309364529,0.14446574525678,0.0474482050450549
3.24480780031353,-1.41468010654806,-6.09334246862595,0.0982033904326627,0.0188704559438827,0.00719259727562871,0.0265567362415619
3.37836292200874,-1.34929585409437,-6.37562880085655,0.0995730142317113,-0.00923118826649157,0.0339821074634945,0.0746154407201746
3.5815970473608,-1.36771437222424,-6.68309808664025,0.0921094955777236,-0.0389338005390859,0.111124629774345,0.0205152824092203
3.56757695307062,-1.48302954040854,-7.11106499442902,0.0676438887166372,-0.073649876573496,-0.0816639830068251,-0.0416652916108067
3.6303895105775,-1.59836744510783,-7.5395904429648,0.030923756046343,-0.0950984821749867,0.0318888014605421,-0.0202394225243074
3.75592101724352,-1.58406255121493,-7.65429709751392,0.019836014564315,-0.0980129202003709,0.105695492101706,0.112317814093279
3.89112146223359,-1.74956595276834,-7.48929740291825,0.035665430941269,-0.0934236428093744,0.0995350140487953,-0.0720797587440359
3.99630151225257,-1.82507419602624,-7.29977966862291,0.052626488248188,-0.0850320688603031,0.0525535617707908,0.00952382560240017
4.13803941818625,-1.92045529072734,-7.05784198593956,0.0714661219337651,-0.0699470758198526,0.0702717839999187,-0.0254340188812436
4.24755458219975,-1.9129606924584,-6.86627333844763,0.0834766349327925,-0.0550604342545288,0.0260385290807092,0.0625550325234656
4.31503412638128,-1.92967455717907,-6.30134110191188,0.099983518808618,-0.00181547972909097,-0.0325039746270859,-0.0148983849915834
4.39070071580463,-1.9490251083796,-6.22714689278226,0.0998430258909096,0.00560090893937417,-0.0241764364675665,-0.0249514601399022
4.40018970651272,-1.77191299957346,-5.22180347037634,0.0487666162589205,0.0873030190695327,-0.03927762555083,0.0898090897366116
4.419848749064,-1.7188401262053,-4.49819512555196,-0.0212559774263315,0.0977148065732685,0.0409150199776127,-0.0446419332051076
4.37924775511854,-1.64278973319368,-4.58357716445011,-0.0128455893347403,0.0991715222966916,-0.0277554046107182,-0.0231211292850784
4.37724943570296,-1.49768211750995,-4.34900711202981,-0.0355437292609135,0.0934700128930497,0.0335454098453383,0.051637602790686
4.35725700783636,-1.43103533704378,-4.2614218401687,-0.043583618915582,0.0900026008636491,0.0235911910489788,-0.02335582039748
4.34636427564321,-1.26225906513207,-3.81462809947246,-0.0781933088381088,0.0623362370772261,0.067300576644961,0.106440034834483
4.22011678266903,-1.24412837200939,-3.09041238438315,-0.0998690575887044,-0.00511579283630983,-0.0263784353854761,0.0232464859589927
4.04426456211926,-1.29203737910395,-2.89514774433172,-0.0969785840507179,-0.0243957831503285,-0.0788736364990485,-0.0235132239442306
4.02657325176467,-1.27308850379313,-3.03606238396858,-0.0994436846874762,-0.0105334503263566,0.0817523743328841,0.0294823256371691
3.97448054797818,-1.17756731552236,-4.2432958755936,-0.0452077540240754,0.0891978641902299,-0.00688494976241705,0.00632332408054281
3.95152043475894,-1.09802528999559,-4.01476199646941,-0.0642400892268229,0.0766368771292896,0.0412799760075802,0.00290514839748401
3.90707104313621,-1.04857645971394,-4.23018930410719,-0.0463729158481653,0.0885977013005359,0.00192352422543784,-0.0391488710188894
3.98708881323834,-1.01902768346404,-4.4891400083029,-0.0221399129275023,0.0975183277931006,0.102157683029631,-0.0679695515431954
3.98781898124491,-0.802333372027174,-4.13239749324987,-0.0548016816078246,0.083646731513877,0.0555318496143957,0.133047579922984
4.1030006209546,-0.761672068669535,-4.76627581573792,0.00538607597879424,0.0998548455787232,0.109795563730898,-0.0591935422210849
4.10369170722304,-0.463866168076463,-4.55282895016262,-0.0158883841039741,0.0987297283018878,0.0165794703724083,0.199076172291184
4.07033961178302,-0.426258872376223,-4.32708900134544,-0.0375837139948942,0.0926685731105751,0.00423161855488163,-0.0550612774103344
3.99920329863317,-0.509603093341052,-4.12206197364674,-0.055663271636205,0.0830758700872525,-0.0154730415136475,-0.166420091052082
3.98253023913743,-0.503082177150769,-2.97955402266516,-0.0986900441112233,-0.016133046622532,0.0820169846154855,0.0226539628128146
3.89105654936191,-0.543735764491254,-3.18975461944221,-0.0998840436689781,0.00481433487967716,0.00841035389345279,-0.0454679222201619
3.7423062399817,-0.403880653047352,-3.05791888839345,-0.0996501392456815,-0.0083576161862269,-0.0491001701345271,0.148212727630129
3.49608592457366,-0.357086493897813,-3.43431473095043,-0.0957461942245681,0.0288559576432888,-0.150474121183474,0.0179382015062494
3.45349440746828,-0.155861483144843,-3.69295145481229,-0.085181350720714,0.0523845157407675,0.0425898336153321,0.148840495012203
3.26058821190967,-0.176472647950865,-2.79450527151941,-0.0940367457229563,-0.0340160323059005,-0.098869449835653,0.0134048674998781
3.14426929065108,-0.190941917932142,-2.19532795931073,-0.0584717380022478,-0.08112370710832,-0.0578471832563394,0.0666544371270429
2.95990453325205,-0.149502846206225,-2.47717898575311,-0.0787278451458638,-0.0616597632065587,-0.105636912253164,0.103098834932476
2.86012233628209,-0.296499813061072,-2.05665237065064,-0.046696550908938,-0.0884275530205883,-0.0530856460610243,-0.0585694138342588
2.67709215792079,-0.392920289046388,-1.64909140417564,-0.00782151088700762,-0.0996936505874091,-0.175208667474289,0.00327317460209353
2.60416733524083,-0.429643285152727,-1.67151408144146,-0.0100547559732807,-0.0994932253086499,-0.0628700667066783,0.0627702292023105
2.65399558579399,-0.756016564014369,-1.07986934881293,0.0471443588985098,-0.0881896219747454,0.00268389165464467,-0.238183656886897
2.54189358772792,-0.802684934575834,-0.866383245226385,0.0647586714088752,-0.076199176356161,-0.176860669474939,0.0295308057946965
2.64713773365992,-0.935361306344935,-0.499600762575429,0.0877773896563424,-0.047907513660371,0.0174667562756501,-0.0847688581087295
2.76295723336518,-0.954643365650525,-0.510952241632476,0.087227924933082,-0.0489008089081216,0.0285915747721857,0.0296187496025314
2.82127129422648,-1.09582114723218,-1.62527934084585,-0.00544560634988216,-0.0998516167694952,0.0637596672111734,-0.0413261648121555
2.92874692934148,-1.21162994425799,-0.951449846413022,0.058050315096043,-0.0814258000712926,0.0494253200189587,-0.0343829969545258
3.06531686808365,-1.36746343599328,-1.20369755942928,0.0358909015353809,-0.0933372550859387,0.100679037206788,-0.062496236649352
3.18180643324427,-1.39204581740659,0.0408732050980922,0.0999164806836341,0.004086182545723,0.0165730844769854,-0.0286685639590318
3.36912773847486,-1.34998081341935,-0.00614246558783104,0.0999981135117565,-0.000614242696215207,0.0873231917188422,0.042679246683456
3.42673111324392,-1.50856204394203,-0.340839579096125,0.0942474344499261,-0.0334278491621416,-0.0366440596808679,-0.125153381360533
3.54375286292939,-1.46091728254829,0.528349887386398,0.0863640082422931,0.0504108924769749,0.030657741443177,-0.00276613108324142
3.6072158153527,-1.47700921555649,0.317862929891819,0.0949905500753631,0.0312537261199355,-0.0315275976520597,-0.0473456591281335
3.59788152585938,-1.39845430889712,0.663045031607085,0.078812161170235,0.0615519557096028,-0.088146450663551,0.0170029509497687
3.6221396900959,-1.28353263683311,1.61979583301638,-0.00489799010012942,0.0998799764366163,0.0291561543366495,0.0150416956273981
3.49699732786058,-1.06486303854779,1.86325414250429,-0.0288306545886312,0.0957538164043138,-0.0963117076466906,0.122915781880998
3.42247941982492,-0.970686271838952,2.25710551971686,-0.0633686332965546,0.0773590092628311,-0.0111492747391029,0.0168177574460109
3.42919387332647,-0.772429621656804,1.90834440718502,-0.0331174533358602,0.0943569514373325,0.0398319068374136,0.103899698744816
3.34347665441638,-0.827405792259489,2.40686444275923,-0.0742012984326869,0.0670385509308139,-0.0115159204774051,-0.122014721533499
3.29720995455135,-0.795294637603624,2.04860711699244,-0.0459836252542743,0.0888003727946818,-0.000283074610754941,-0.0566892181388166
3.35911699598121,-0.601021167482776,1.54774322992624,0.00230510550130158,0.099973428913026,0.0596019359285533,0.0943000412078215
3.43425309065011,-0.566408304383783,0.637500505927883,0.0803585937262086,0.0595188744378298,-0.00522249905730598,-0.0249060113388372
3.40032180137326,-0.529427115742677,1.18798555394415,0.0373529266103834,0.0927618395335027,-0.0712842158872292,-0.0557806508923965
3.71778124490139,-0.500256572631238,1.27994742623758,0.0286765575733922,0.0958000785267941,0.288782885954733,-0.0666295354153554
3.81255854887996,-0.273966759673241,0.794605112355511,0.0700566607351263,0.0713587015481884,0.0247206432434481,0.154931111409809
3.83086950981674,-0.154484389516157,1.01572422995064,0.0527004573973413,0.0849862447111944,-0.0343894964605682,0.0344961254458892
3.95550421030196,0.131277778490399,0.6622533188412,0.0788608679341558,0.0614895398313537,0.0457738325510695,0.224272628175202
4.04112594590696,0.196887260177156,1.19098392708362,0.0370746245133183,0.0928734204021606,0.0485471110916786,-0.0272639387154033
3.97801834563865,0.247157171608246,1.63023591297866,-0.00594045917185138,0.0998233987841907,-0.0571671410964572,-0.0495534873531012
4.19656012519738,0.394815899249865,0.786776995313968,0.0706131127929567,0.0708081090108271,0.147928666765772,0.0768506186307924
4.3006336677842,0.517969219377967,0.366135504334868,0.0933717841565011,0.035800976570923,0.0107017584303186,0.0873523435571789
4.3837842914498,0.510459432479894,0.767776349241328,0.0719456855088811,0.0694537136275461,0.011204938156715,-0.0769635005256189
4.42779142771723,0.597986614386594,0.923558913428652,0.0602984848717192,0.0797752638489842,-0.0162913486042799,0.00775191805771508
4.66612809085592,0.61525197274895,0.412955389622686,0.0915938773446036,0.0401318032610262,0.14674278579408,-0.0228664448986705
4.63104638428854,0.645526491978595,0.794463739095499,0.0700667482472706,0.0713487966966059,-0.105148454814646,-0.0410742774669606
4.61703821578634,0.721021069410439,1.08143681602772,0.0470060666982494,0.0882634108425441,-0.0610142352004501,-0.0127688334107005
4.62372033490128,0.824842137010682,1.68667812441962,-0.0115622616829747,0.0993293214754556,0.0182443807979087,0.00449174612478753
4.62644370854393,0.879915180001777,1.49965729483283,0.00710790441932179,0.0997470686023694,-0.00438453077666412,-0.0446740256112737
4.57566716189344,0.958041410425287,2.15646107363469,-0.0552753467758568,0.0833344828915905,0.00449880012536652,-0.00520825246808099
4.47315195072535,0.981172424789937,2.0564546806585,-0.0466790687543083,0.0884367827333772,-0.0558361424137912,-0.0653057683687267
4.41041961325825,0.984927553955515,2.0014272237285,-0.0417444183131654,0.090870256628313,-0.0209879191539268,-0.0871151274627352
4.29846858846719,1.00668169926547,2.02837152928402,-0.0441774058101519,0.0897126346502273,-0.0677736189809126,-0.0679584893402742
4.34064437594002,1.0725912001848,1.464277914881,0.0106317096783831,0.0994332275917592,0.0315440777944527,-0.0335237266724245
4.26116792050914,1.27947450283581,1.47575527068682,0.00948980395362823,0.0995486997450077,-0.0889662593845166,0.107334602906002
4.21818042348512,1.37828521212246,1.70728208289607,-0.0136062399612107,0.099070026920951,-0.029381257062806,-0.000259317634299983
4.36501419596052,1.50868728600449,1.66820667035509,-0.00972563658253794,0.0995259362832845,0.156559409057939,0.0308761375987425
4.39797172312804,1.69538052742982,1.7530260460085,-0.0181222821757302,0.098344206177808,0.0510798093432485,0.0883490352475201
4.26220704948528,1.7523478203689,2.4404187973945,-0.0764085441582242,0.0645115057925383,-0.0593561294845311,-0.00754421285345547
4.09753045010575,1.94480745845347,2.59567863659715,-0.0854653090704278,0.0519199474720097,-0.0792112903091031,0.140539690612559
4.08627678549801,1.98027070118159,2.41784970633305,-0.074933242659155,0.0662194015722295,0.063679578051407,-0.0307561588441081
3.93719553971607,1.99520166975666,1.80886512136881,-0.0235826331163255,0.0971795215840292,-0.125498612665615,-0.0822485530089653
3.93863720324007,2.06762779665524,2.06762280444175,-0.0476638101198303,0.0879099607829554,0.0491054736438381,-0.0154838338843703
3.93151976398046,2.17144707502587,2.37072374417836,-0.071730552021404,0.0696758775093981,0.0646131127617915,0.0341434008612306
3.89674154095729,2.26750979128709,2.15056312811358,-0.0547828859905491,0.0836590425629322,0.020004662967384,0.0124036736982921
3.88803350861543,2.24598329096964,2.02380534207891,-0.0437673019990896,0.0899134209988725,0.0350592696572243,-0.111439921316327
3.85899458636168,2.35002271716886,1.60803443614753,-0.00372295037456674,0.0999306741721906,-0.0253159718791822,0.00410875202703265
3.76826833024751,2.45407152917389,1.86975290413591,-0.029452322623154,0.0955644321497368,-0.0612739334910188,0.00848437985528988
3.75089963353633,2.57271280572624,1.47010216082273,0.0100524090571874,0.0994934624593344,-0.0274211057683607,0.0191478140930191
3.74131909345442,2.66133432729321,1.64530764360542,-0.00744423889329688,0.099722531592913,-0.00213630118862218,-0.0111010100259501
3.8960172952229,2.57524428013048,0.918750010430156,0.0606814176822243,0.0794843729803251,0.0940167840862607,-0.165574420143046
4.01007307010843,2.67047970366254,0.591096773274888,0.0830329977547333,0.055727204163339,0.0310227771307969,0.0395082193687176
4.07194992106269,2.84842905336118,1.00877112488821,0.0532900970099718,0.0846177614964364,0.0085867539442892,0.0933315882022059
4.11457326236551,2.91595007141802,0.980854383399847,0.0556312780380441,0.0830972978131891,-0.0130079367352298,-0.0155762797563506
4.26183414906647,3.02284290116136,1.14613197305781,0.0412014971777379,0.091117707556286,0.106059389523227,0.0157751221870568
4.34925439920952,3.17138333923807,0.752864356907828,0.0729733413269314,0.0683731778958911,0.0144469088161165,0.0801672601808135
4.43291725336838,3.12881984469081,0.776524238658378,0.0713353670268701,0.0700804210257169,0.0123274871319958,-0.112643915572974
4.34021404253139,3.21553003003759,0.94492423212252,0.0585804286969235,0.0810452550966722,-0.151283639533922,0.00566493025010117
4.26991683091129,3.38483673860384,1.2450573597035,0.0320008981311373,0.0947414509008627,-0.102298109751231,0.0745652576653878
4.11330530103694,3.391390070253,1.7031499029297,-0.0131967497832011,0.0991254043883786,-0.143414780091154,-0.0925720727392174
4.1452995742872,3.50147246524739,1.11071538094929,0.0444020637238138,0.0896016558835069,-0.0124077904735467,0.0204807391108844
4.22596141625722,3.40349211907542,0.740659448872914,0.0738023739788529,0.067477474723685,0.00685946799116377,-0.165457820895654
4.11979066765823,3.66238465968129,0.841005734140091,0.0666713575389941,0.0745314033405223,-0.172842106137987,0.184361137265347
4.38805074602777,3.70723031720757,0.447000095499701,0.0901747903707826,0.0432262325629404,0.178085287998762,0.001619424963339
4.4193392063476,3.67683247583155,0.230842042899291,0.0973474082990808,0.0228797311490336,-0.0660589479792572,-0.0532775725250519
4.44467929205603,3.60722906514797,-0.00106166400893531,0.0999999436434819,-0.000106166380949635,-0.074659857935046,-0.0694972443026285
4.56272151172555,3.53095776642042,0.398583718598105,0.0921611596017945,0.0388113470631021,0.0258810600677195,-0.115082645790655
4.76096709225046,3.51754489963286,0.591790931139513,0.0829942942758587,0.0557848287409056,0.11525128624906,-0.0691976955284686
4.7249317710113,3.54522371072709,0.105733116672412,0.0994415459622521,0.0105536219677083,-0.135476867201413,0.0171251891265283
4.9071121125479,3.66474047985514,0.604536535904442,0.0822765610087905,0.0568380814997021,0.0999037805278014,0.0626786876283464
4.90842164581113,3.53588097251956,0.725260345582512,0.0748326752218432,0.0663330288705569,-0.0735231419586132,-0.195192536206138
4.98577736509748,3.72194142063966,0.583516484495353,0.0834530364507678,0.0550961950332945,-0.0060973171644102,0.130964253086804
4.9962746481726,3.72473577573166,0.798139177875957,0.0698040374433038,0.0716058402409597,-0.0593067543681932,-0.0688114851489573
5.01445393414514,3.92310068981428,1.42908013344647,0.0141242310416741,0.0989975055114088,0.00405505493087188,0.0993674085712061
5.23386818097085,3.91645453697232,0.239497146185419,0.0971457381712218,0.0237214155388843,0.122268508654491,-0.0303675683808429
5.261472680855,3.87272033450086,0.12349949977241,0.0992383624658171,0.0123185800765793,-0.0716338625816706,-0.0560527825480351
5.31707664339574,3.84259053060976,0.206166725902771,0.0978822811121995,0.0204709316903837,-0.042278318571457,-0.0506007355814809
5.34498590874822,3.71980555321161,-0.752216067031121,0.0730176516282859,-0.0683258556528221,-0.0451083862758098,-0.0544591217453356
5.38819703778371,3.56677667055267,-0.57198065676853,0.0840830498602519,-0.0541298506020328,-0.0408719208247608,-0.0988990320569009
5.4307969945158,3.73085748049628,0.217056530423753,0.0976535573068109,0.0215356157405678,-0.0550536005747253,0.142545194203041
5.48197251627266,3.74719871879964,-0.292313041343764,0.0957579893405464,-0.028816791588513,-0.0445824675836854,0.0451580298918681
5.6827110475694,3.69162201359166,-0.378644433297337,0.0929166589621326,-0.0369661262146138,0.107821872334613,-0.0186105789933609
5.78382090683157,3.80520472203539,-0.0360589669662574,0.0999349945891265,-0.00360511532010506,0.00117486467303729,0.117187823763836
5.74018154867745,3.84376563508044,0.180317866750932,0.098378673553683,0.01793422955741,-0.142018031707803,0.0206266834876366
5.82502353499506,3.90261523080552,0.0413765615347562,0.0999144112196309,0.0041364756296268,-0.0150724249020215,0.0547131200954547
5.8591427174688,3.91989495716784,0.338193219751311,0.0943355664302183,0.0331783198231897,-0.060216383956477,-0.0158985934608744
5.97712237940177,3.86871629386605,0.293774828733435,0.0957157630241047,0.028956738571763,0.0222638989088675,-0.0801354018735538
6.07490811145302,4.00005736555547,0.106353729303527,0.0994349771011212,0.0106153346108117,-0.00164924504987096,0.120725737078613
6.19831858024716,3.94575649952244,-0.0654745921337057,0.0997857304520636,-0.00654278214126967,0.0236247383420726,-0.0477580838917617
6.24661637480968,4.01210217494813,0.219008690630266,0.0976113302860913,0.0217262099727403,-0.0493135357235711,0.0446194654529529
6.29072940997377,4.07259823424014,0.125432445091356,0.0992143659479716,0.012510379272507,-0.0551013307838752,0.047985680019499
6.33808260011963,4.09784893600044,0.0181770939141845,0.099983480117706,0.00181760929583207,-0.052630289971853,0.0234330924644733
6.31913787324326,4.24201767434109,0.499165319199926,0.0877982423433671,0.04786928703684,-0.106742969219739,0.0962994513038038
6.42983581660094,4.16161749211111,0.113750540696701,0.0993537380175935,0.0113505392793204,0.0113442053400876,-0.0917507215093017
6.55728815826833,4.17486149066095,0.717165355405816,0.0753671827377233,0.0657250923634089,0.0520851589296736,-0.0524810938135633
6.61661381888836,4.2095404853081,0.836603677718869,0.0669988019409233,0.0742371910734837,-0.0076731413208953,-0.0395581964263306
6.75952292090965,4.16360768010356,0.47779441639136,0.0888011257097454,0.0459821712480174,0.0541079763115404,-0.0919149764525637
7.06338192955884,4.32228302769124,0.866919386674207,0.0647178085667342,0.0762338852107089,0.239141200082463,0.0824414623769748
7.08129043473727,4.38753138074525,0.95054104596347,0.0581242909171608,0.0813730103005736,-0.0402157857387382,-0.0161246572465625
7.17408199661735,4.52504171325326,1.01621008897394,0.0526591598449083,0.0850118396720622,0.0401324020351728,0.052498492835945
7.18886616283527,4.4629715983533,1.30900780788482,0.025880854654657,0.0965928639307507,-0.0110966884367317,-0.158662978830712
7.37518734464678,4.62741284970219,1.30673188450474,0.0261006253930902,0.0965337109723312,0.160220556418418,0.0679075403765642
7.44265996449287,4.67115927747027,1.63070776106343,-0.0059875599883416,0.0998205846776406,0.0734601798344352,-0.0560741569095643
7.36597693089024,4.74583805855292,2.46021455079841,-0.0776705439233384,0.0629864001722019,0.000987510320706653,0.0116923809104537
7.26702278550436,4.81324021581077,1.9970212976746,-0.0413436468027783,0.0910532968598453,-0.0576104985831088,-0.023651139602003
7.12956151342232,4.86418841609602,2.4372554522413,-0.0762040900390206,0.0647528892121799,-0.0612571820430173,-0.0138046889269287
7.20246985492153,4.80699852999892,1.77696382877291,-0.0204710076543927,0.0978822652251867,0.0933793491536072,-0.155072151322286
7.08595885905306,4.75106686127899,2.22918573731859,-0.0611843704137184,0.0790978686000887,-0.0553266254547523,-0.135029537320022
7.05694649877443,4.79457761383864,2.0182724025492,-0.0432691490843917,0.090154205323505,0.0142567888057571,-0.0466434527638462
7.11956545909276,4.99121142048765,2.17370000593356,-0.0567036599486604,0.082369259729748,0.119322620266992,0.11426454691926
6.99838403212122,5.14595503675882,2.13751479887777,-0.0536866426647734,0.0843667256647129,-0.067494784306767,0.0703768906064546
6.96630041559749,5.17353372879838,2.56692534029143,-0.0839373182578979,0.0543555572473722,0.0518537017341723,-0.0267768652078169
6.80753476655618,5.19877633603383,1.86438586870447,-0.0289390032050805,0.0957211266831745,-0.129826645836237,-0.0704785194477169
6.73698683371812,5.40209579198532,1.62187119222183,-0.0051052662317646,0.0998695962578342,-0.0654426666062919,0.103449859693656
6.69343004251669,5.50937682136911,1.93337710405867,-0.0354688398692694,0.0934984566628141,-0.00808795133216278,0.0137825727209702
6.54317305371103,5.58964734767997,2.48416641380919,-0.079156762897034,0.0611081572923185,-0.0711002259086192,0.0191623690185477
6.49017263108307,5.68234327315902,3.70519433685955,-0.0845336455364985,-0.0534234290579483,0.0315332229085304,0.146119354536991
6.35158628705494,5.57494908995154,3.25931143136482,-0.0993079142490415,-0.011744708063848,-0.0392784297790849,-0.0956494751436316
6.071715194862,5.62852985925614,2.8387873254229,-0.0954503699870696,0.0298199072656425,-0.184420722205868,0.0237608620389556
6.01236834778421,5.69056133105241,2.80051585961423,-0.0942395022150975,0.0334502051152252,0.0348926551373016,0.02858126668105
5.88341638446723,5.67053371592313,3.38811580965098,-0.0969766748618003,-0.0244033713398102,-0.0319752884551801,0.00437575621053321
5.71882377031998,5.68201020123812,2.76813175165957,-0.0931070248928633,0.0364839953349375,-0.0714855892543837,-0.0250075100199509
5.73335492614228,5.79473375465885,2.56183568315654,-0.0836595811231652,0.0547820635454392,0.0981907369454637,0.0579414898752907
5.70827432765784,5.86783186334737,2.98753565853836,-0.0988156672651544,0.0153448331024584,0.0737350687807204,0.0577532755860559
5.65744513500973,5.88946455451305,2.89875960603997,-0.097066065485585,0.0240453515496887,0.0462368728374765,-0.00241266038400256
5.62671195147208,5.9949572056563,2.67124684533199,-0.0891411623072759,0.0453194569970548,0.0584079787696263,0.0601731941461948
5.51460483307563,6.08562462801679,2.58949232591057,-0.0851424828009582,0.052447665558045,-0.0269646355954987,0.0382197568024397
5.43282529480285,6.13711312003642,2.1682391469398,-0.0562530097941865,0.0826776807191346,-0.0255265284785913,-0.0311891886995036
5.50092662205157,6.16659898443869,1.71242656134538,-0.0141157212829306,0.0989987192475874,0.0822170485316501,-0.0695128548453153
5.26362694298199,6.34645310809447,2.32869900229547,-0.0687399714698713,0.0726279307313742,-0.168559707599709,0.107226192924409
5.12586459406523,6.23356998987248,3.31733420997903,-0.0984597157161472,-0.0174838319911708,-0.0393026332006108,-0.0953992862308247
4.98666587355645,6.26817308704431,2.74396621117921,-0.0921982705472568,0.0387231056101502,-0.0470004499615232,-0.00412000843831528
4.89996902671662,6.3888059599937,2.14531274161087,-0.0543428906146322,0.0839455194733234,-0.0323539562251951,0.0366873534760576
4.94394392848098,6.39206762894758,2.30771619208244,-0.0672010134023256,0.0740541950040675,0.111175915166682,-0.0707925260501864
4.80785343445189,6.49891979434221,2.85463291509173,-0.0959108815103093,0.0283037596074339,-0.0401796125187802,0.078548405787201
4.64146468125317,6.51703620830493,3.18835750402695,-0.0998906723648757,-0.00467478068930149,-0.0664980808338454,0.0227911946520152
4.4786943539438,6.43554409127063,3.59624650044705,-0.089841309562085,-0.0439151351605527,-0.0729290177472892,-0.0375769818737428
4.14535537869535,6.34405315381944,3.42994271668721,-0.0958714374117791,-0.0284370794667689,-0.237467537836667,-0.0630538579844245
4.02752304076434,6.09709722333531,3.66808789430907,-0.0864573540487003,-0.0502506311492472,-0.0313749838823111,-0.196705299334879
3.92722231476839,6.06029352859561,4.03821868274937,-0.0624249347307019,-0.0781225161132667,-0.0378757912652421,0.0413188213735636
4.06194655721125,5.87534899451526,5.20033472825865,0.0468812362286356,-0.0883297780461089,0.0878430062142213,-0.0966147560342329
3.92416430227057,5.69883839727115,4.84782835931524,0.0135025679168932,-0.0990842099410884,-0.151284822857579,-0.0774263873030288
4.13515783577565,5.54314392726707,5.08562802013495,0.0364633375096724,-0.0931151170200399,0.17453019599541,-0.0625793529840335
4.06879447626645,5.4288132217593,5.28578339447418,0.0542486694948214,-0.0840064393843807,-0.12061202900402,-0.030324266123396
4.2037225179096,5.38123977422069,5.5341952630945,0.0732376920689013,-0.0680899439008492,0.061690349574253,0.0205164963622413
4.23064297680785,5.32818126998798,5.36088313804691,0.0603986943352352,-0.0796994210932478,-0.0334782354369881,0.0266409168605426
4.34008686120151,5.25187903862944,5.72203023796902,0.0846640989130137,-0.0532164481645237,0.0247797854806486,-0.0230857831940203
4.37038155304217,5.3063108317604,5.83041378147131,0.0899238127411408,-0.0437459472648181,-0.0596291209004888,0.0981777403957833
4.5658000575377,5.44660249373883,6.62290812562554,0.094284706578188,0.0333225765130038,0.101133797917344,0.106969085465427
4.68602627941472,5.24414018175056,6.25624143381636,0.0999637035803387,-0.00269406133972175,0.0202625182966809,-0.19976825064855
4.77380249795254,5.2929324696034,6.01164486631184,0.0963358869028869,-0.026821575170638,-0.00855966836506888,0.0756138630234739
4.82454069284186,5.11030981631897,4.89445463789738,0.0181061474141694,-0.0983471780267048,0.0326320474751556,-0.0842754752577219
4.76020960089528,4.94433447336229,4.54256553075418,-0.0169008341076425,-0.098561462075529,-0.0474302578389349,-0.067413880881152
4.78607747249545,4.85895781414123,4.29361695333935,-0.0406638897382922,-0.0913588970563459,0.0665317613384627,0.0059822378352925
4.63076080746225,4.73480871213623,4.26140113906454,-0.043585482059458,-0.0900016986153298,-0.111731182973751,-0.0341474033896771
4.54429859031631,4.60017842326881,3.93018264440341,-0.0704846220293602,-0.0709360138249834,-0.0159775951165787,-0.0636942750424385
4.44214505227574,4.41045637712867,3.96590450489169,-0.0679062283019137,-0.0734080660268909,-0.0342473097386553,-0.11631398011324
4.43627891975628,4.31858262655683,4.01981433117405,-0.0638520758228315,-0.076960460063044,0.0579859433033759,-0.0149132905087992
4.4357284114028,4.16228088863489,4.86750046504594,0.015449024646235,-0.0987994313621289,-0.0159995329997127,-0.0575023065598128
4.45185143784972,3.97185002249533,4.66381099463651,-0.00485588821129953,-0.0998820321663479,0.0209789146582154,-0.0905488339732143
4.48345315057441,3.86170962681221,4.22107144910826,-0.0471787980495259,-0.0881712028646658,0.0787805107742185,-0.0219691928184478
4.6170363771232,3.80803606216154,4.95111553689232,0.0236465490002288,-0.0971639888043908,0.109936677548558,0.0434904241537204
4.61687991298921,3.75481125462571,5.13229074172526,0.0407670750458663,-0.0913128993746486,-0.0409235391798537,0.0380880918388133
4.76167856864406,3.7283528547913,5.58674955046698,0.0767133472782699,-0.064148751736597,0.0680853083765737,0.0376903519021869
4.71921663893254,3.69947680219584,5.69133416984431,0.0829909355331227,-0.0557898254105269,-0.125452865244639,0.0269137728150708
4.75460808594142,3.59028274574047,5.75341699534013,0.0862924173446144,-0.0505333425455203,-0.0509009703357352,-0.0586607139098503
4.8192742231352,3.52426631375,5.0709154159192,0.0350894747008755,-0.0936414906182971,0.0295766624929009,0.0276250586278304
4.82343765556871,3.38369025433979,4.59491930900112,-0.0117199694635391,-0.0993108368496294,0.0158834018970542,-0.0412652225605896
4.79242834768691,3.23445954165441,4.88161942414305,0.0168423836136502,-0.0985714670389492,-0.0478516914954468,-0.0506592456464239
4.89487234870583,3.14758349894215,5.30157859190319,0.0555687455541998,-0.083139127476373,0.0468752554647117,-0.00373691523589237
4.86758047933473,3.12270711243764,4.39439681860997,-0.0312660016665631,-0.0949865103042873,0.00397413229546562,0.0701101237997792
4.8371277653923,2.79381797449027,4.52399861022203,-0.018727798768384,-0.0982306955757258,-0.0117249151740423,-0.230658442371648
4.72433751381504,2.80291138110685,3.81737354534191,-0.0780218735987103,-0.0625506773756038,-0.0347683779785523,0.0716440839921892
4.60624463468449,2.76554662056141,3.21027862580975,-0.0997642045851174,-0.00686319776043522,-0.0183286745454332,-0.0305015627850007
4.49300444739883,2.61874424119158,3.83452356946249,-0.0769377068134673,-0.0638794902162263,-0.036302480472193,-0.0829228891536127
4.4114314589739,2.55985701001517,3.78609957005549,-0.0799396110838708,-0.0600804342507566,-0.00163337734105828,0.00119320307434756
4.42241682171369,2.59457529385362,3.01161064021329,-0.099156422523491,0.0129616307748266,0.110141785263285,0.0217566530636237
4.22412434934234,2.55440155805494,3.26097509092553,-0.0992882376318363,-0.0119099062953496,-0.0990042347395165,-0.0282638295033284
4.11701795320016,2.63492333442389,3.90889230155394,-0.0719787860070021,-0.0694194091372017,-0.035127610135177,0.149941185506154
3.89233191581404,2.55069145893463,3.34260480077571,-0.0979864993260879,-0.0199661200491877,-0.126699538060036,-0.0642657554400718
3.83282234013311,2.50177105464773,4.15282585636912,-0.0530816001830707,-0.0847487092645347,-0.00642797549785674,0.0358283049776364
3.81347853121977,2.43082573717786,4.2020212713003,-0.0488498129956276,-0.0872564941439445,0.0295060040822862,0.0163111766740676
3.78822568136953,2.27160856846365,3.29532889888025,-0.0988205840335218,-0.0153131372120038,0.0735677341832807,-0.1439040315022
3.86751230655059,2.35175623435514,2.43706020808471,-0.0761914459633996,0.0647677663811742,0.155478071144464,0.0153798995103169
3.83306895932212,2.45863404509112,2.78367092622496,-0.0936626923879916,0.0350328425143102,0.0592193451595205,0.0718449682216611
3.6296038797677,2.44460360675157,3.12404474511248,-0.0999846039404842,0.00175470079059299,-0.103480475613933,-0.0157851391301373
3.34214935544621,2.40726557136311,3.78701393289168,-0.0798846423581358,-0.0601535029346814,-0.207569881963358,0.0228154675462178
3.14090918629695,2.51025465166076,3.15258525944565,-0.099993958191665,-0.0010992384470903,-0.10124621095759,0.104088318744741
3.08393204295022,2.56803863301834,3.29536788415319,-0.0988199869715918,-0.0153169897478072,0.0418428436248576,0.0731009711053907
3.04549797990746,2.58022454273099,3.17181085336512,-0.0999543464942775,-0.00302136010794935,0.0615202834515175,0.0152072698205961
3.04192423038948,2.62611035803153,2.89330001887038,-0.096933341819961,0.0245749312026421,0.0933595923019832,0.0213108840978962
2.9975389007269,2.61016641057887,2.57446247021964,-0.0843446151182352,0.0537213728469105,0.0399592854556521,-0.0696653202995698
2.89899000458863,2.68437198793455,1.89652243060863,-0.0319996794429011,0.0947418625294625,-0.0665492166953634,-0.0205362851737798
2.86188558733919,2.82332562090067,1.32183499879633,0.0246397443776628,0.09691688705795,-0.061744161627109,0.0420367459081703
2.79773765353514,2.9847601303446,2.02999235157865,-0.0443227559563937,0.0896409131168908,-0.0198251778476556,0.071793596327042
2.77925605122112,3.08967706256308,1.45565980968735,0.0114882302706585,0.0993379110171355,-0.0299698325846749,0.00557902120134579
2.76547504663476,3.08021028125155,2.19968814297668,-0.058824895336029,0.0808679892708186,0.045043890749669,-0.0903347705823534
2.70699768314225,3.12944317501369,1.75148645594647,-0.0179708509950965,0.098371990497865,-0.0405065124974134,-0.0491390967357268
2.69658865920174,3.28597362909215,1.72989013853142,-0.0158423527544878,0.0987371250300634,0.00543332881397429,0.0577933290484027
2.59308882873256,3.37821953594529,1.38614258544403,0.0183606172329372,0.0982999884782576,-0.121860447702112,-0.00605408162511667
2.58807397953118,3.49375733639778,1.111429703654,0.04433804790385,0.0896333504231316,-0.0493528971052297,0.025904450029351
2.80592181804177,3.56828622965581,0.683935570207977,0.0775092044254313,0.0631848338554174,0.140338634085152,0.0113440594026157
2.90212178300952,3.59739111798652,0.666630668845159,0.0785909520233546,0.061834151243975,0.0176090129444042,-0.0327292629132656
2.91393905407432,3.64188882167789,0.902090337723899,0.0619971193608226,0.0784624572069975,-0.050179848296028,-0.0339647535156244
3.05334226241024,3.65665933137594,0.502923898067489,0.0876177021178973,0.0481989447558702,0.0517855062180242,-0.0334284350578196
3.077611675744,3.66206642494286,0.794092057612523,0.0700932624334649,0.0713227492559942,-0.0458238490997053,-0.0659156556890705
3.12581406676577,3.664284903458,0.696957377182864,0.0766798755413532,0.0641887582600145,-0.0284774845195814,-0.0619702797448787
3.28796894086724,3.71751748923637,0.626312709638511,0.0810194358167754,0.0586161327616503,0.0811354382846899,-0.00538354698328214
3.42424599089258,3.97767171819532,0.840776336424795,0.0666884531182545,0.0745161071225166,0.0695885969070832,0.185638121836432
3.49387788943961,3.95396809741835,1.1666452572829,0.0393238364436651,0.0919436560473417,0.0303080621033694,-0.115647276824314
3.41692788487715,4.0575802145013,0.839684796891603,0.0667697506506266,0.0744432696625635,-0.14371975521309,0.0291688474203897
3.59571661629003,4.06180962422648,0.0658252373427098,0.0997834301224685,0.00657777112663839,0.0790053012904175,-0.00234836140145811
3.53734424503255,4.0703947575315,-0.955360956236879,0.0577314066704985,-0.0816522178746268,-0.116103777927984,0.0902373511796442
3.63281057260608,3.95382020058051,-0.515468983255123,0.0870061636001378,-0.04929429475696,0.00846016397340008,-0.0672802621940296
3.78305116856082,3.95287705776854,0.0963147849767066,0.0995365315578636,0.0096165942739843,0.0507040643968689,-0.0105597370859538
3.88096667056468,3.8794080428787,-0.046659129242088,0.0998911660300383,-0.00466422010193804,-0.00197566402617423,-0.0688047947878985
3.95222605280059,3.89636834146506,-0.0235653118244089,0.0999722350888432,-0.00235631308214061,-0.0287128528529317,0.0193166116684991
3.91539153488023,3.84256993494617,0.0353194439913594,0.0999376333275551,0.00353121011653805,-0.136772151247921,-0.0573296166354327
4.15833471225473,3.91754575782355,0.578433795160423,0.0837319941386059,0.0546713193326488,0.159211183235895,0.0203045035447358
4.28672182047519,3.92623294980974,0.524048019203615,0.0865800694598794,0.0500389005906651,0.0418070387605816,-0.0413517086044775
4.31328944884446,3.94721760632375,0.327909149648288,0.0946717800629916,0.0322064288567444,-0.0681041516937173,-0.011221772342729
4.41105806312449,3.93732252685178,0.396792210499756,0.092230542511533,0.0386461774051239,0.00553807176849541,-0.0485412568770949
4.32202895849681,3.93826498571257,0.789634873924169,0.0704104637231994,0.0710096232794121,-0.159439568350878,-0.070067164418623
4.22532935209943,3.87998509635649,1.13935423467973,0.0418181180847073,0.0908363638630118,-0.138517724482095,-0.149116253219095
4.22092346046279,4.07522552872052,1.55124793618212,0.00195471456009453,0.0999808936296758,-0.00636060619673101,0.0952595387343562
4.12798345025335,4.13521954245534,1.60495581121732,-0.00341528415282656,0.099941662154256,-0.0895247260566133,-0.0399476484194321
4.17691571013972,4.31452106679053,2.25203211348006,-0.0629753457650006,0.0776795071159609,0.111907605651375,0.101622017219221
4.13420650045137,4.40775311968766,2.55541852530067,-0.083306315845179,0.0553177886425631,0.0405971061568285,0.0379142642545724
4.1172769631493,4.50169474767695,2.68170404788387,-0.0896101945251989,0.0443848289075899,0.0726806572231286,0.0495567990816972
4.05943236813575,4.5021450593771,2.16252469565267,-0.0557796363193161,0.0829977841396072,-0.00206495869424211,-0.0825474724394595
4.02381586399217,4.52391019659781,1.95155598008895,-0.0371625825470502,0.0928382596693501,0.00154607840347204,-0.0710731224486405
4.01972890109373,4.67139726608459,1.96029479198583,-0.0379724493238108,0.092509962124901,0.0338854864253758,0.0549771073618874
4.01165371804482,4.830414026705,1.92112693395849,-0.034320835205839,0.0939259297040686,0.0262456521569248,0.0650908309163341
4.09484054852861,4.89492896465622,2.11415049851834,-0.0517009996332147,0.0855979359384695,0.134887830117002,-0.0210829979872469
3.86050480304723,4.92204664219991,2.02382030113446,-0.0437686470140525,0.0899127662713103,-0.190567098467319,-0.0627950887276181
3.86586000819791,5.07361940931007,2.69602451226575,-0.090236595882484,0.0430970621219274,0.0955918010331634,0.108475704988233
3.77652033493668,5.16773150693388,3.44724659908646,-0.0953650373258319,-0.0300916874874557,0.0060253640646018,0.124203785111263
3.62524578510648,5.20327476195939,2.95080184711629,-0.0981854577235738,0.0189635411147894,-0.0530890921066296,0.0165797139107169
3.62418028491825,5.20130170194788,3.58951303286914,-0.0901349717902001,-0.0433092006435102,0.0890694716019697,0.0413361406319988
3.5521325100932,5.26250134724995,4.04719553216774,-0.0617211348830251,-0.0786797401416109,-0.0103266399420293,0.139879385443689
3.47271625342334,5.20838651741718,3.61618810661453,-0.0889477663733553,-0.0456978649084507,0.00953150970349556,-0.00841696492432353
3.40164004559187,5.168852471511,3.61512915818552,-0.0889961081748122,-0.0456036482064443,0.0179199003433491,0.00606960230026421
3.30943065598644,5.09105292728364,3.94895701633333,-0.0691404994174857,-0.0722467393056646,-0.023068890187948,-0.00555280492169263
3.18727050532541,4.86133165212828,3.8982577366167,-0.0727129471612509,-0.068650035070094,-0.0494472034997747,-0.161071240085269
3.02370327476998,4.87147319074268,3.1192141672481,-0.099974961212424,0.00223766185432968,-0.0635922693430147,0.00790387676007209
2.95165369746109,4.96273608037286,3.26523718095753,-0.0992365748881367,-0.0123329722480528,0.0271869975792485,0.103595861878231
2.94147942750275,4.92868878972272,3.6173590607093,-0.088894195303923,-0.0458019873069717,0.0787199253455806,0.0117546966568334
2.83428393885463,4.90633979439259,3.12198716511156,-0.0999807818566698,0.00196042325251863,-0.0072147067914429,-0.024309418582654
2.69427427728216,4.93421680813867,2.86160709372434,-0.096105942882332,0.0276341770765467,-0.0439037186901399,0.000242836669534618
2.66465041056774,4.89965853791332,3.05911719085822,-0.0996600826501166,0.00823819920686095,0.0700362159356929,-0.0427964694322109
2.63082673408015,4.92665776011326,2.94724122620399,-0.0981173134871796,0.0193130213601739,0.0642936369995937,0.00768620083976512
2.63287672451417,4.89186806315647,2.8957966229115,-0.0969943935346342,0.0243328506930141,0.0990443839686546,-0.0591225476498043
2.53357178225528,4.96382237990096,3.06834285830382,-0.0997318433069893,0.00731843088306047,0.000426901048092419,0.0646358858614327
2.42626407816051,4.98257849230489,3.43111763269908,-0.0958379600676864,-0.0285497007000869,-0.0114697440270747,0.0473058131040229
2.24032495170114,4.97721612704536,3.73014355259834,-0.0831746029684518,-0.0555156322222886,-0.102764523490918,0.0501532669627507
2.29557560393926,4.95868242442263,4.23670729655032,-0.0457944557343405,-0.0888980754797062,0.101045107972453,0.0703643728569814
2.36177035653424,4.93350114544951,5.28684870497854,0.0543381316371661,-0.0839486000489705,0.0118566209578201,0.0587673210758473
2.42972017292539,4.80907865333723,5.54649076119298,0.0740693348094806,-0.06718432585716,-0.00611951841833826,-0.0572381662551222
2.38900928131872,4.75749548277891,4.79839798941446,0.00859030055934327,-0.0996303504776539,-0.0493011921660061,0.0480471799193356
2.37231088678121,4.5534441557113,4.84669968709717,0.0133907257451617,-0.0990993867994039,-0.0300891202826784,-0.104951940268208
2.2830387631406,4.28295723165476,4.96042183766779,0.024549749278682,-0.0969397225617747,-0.113821872919293,-0.173547201494758
2.37419268712016,4.24072841076128,5.36286901409697,0.0605568483055203,-0.079579319696151,0.0305970756740464,0.0373504988026641
2.50956936433254,4.28681199203329,5.63081136221131,0.0794644877465985,-0.0607074557790944,0.0559121894657811,0.10679103705111
2.70750603490709,4.36793006111982,5.88291064910578,0.092095400237136,-0.0389671304455657,0.105841270337415,0.120085199532094
2.67108408882829,4.26221364296691,6.32848244246248,0.0998974260172595,0.00452816465316338,-0.136319372096058,-0.110244582806072
2.84155765231209,4.35377004812408,5.98747081196439,0.0956594165881539,-0.0291423406406216,0.0748141468956403,0.120698745797785
2.79503719805583,4.31004502167308,6.53758853555643,0.0967813656271543,0.0251667889756139,-0.143301819883415,-0.0688918154266109
2.68204347839729,4.60789709933728,6.76184065581304,0.0887615052709595,0.0460586059497401,-0.201755224929496,0.251793471714465
2.75624894152424,4.72070845595745,7.19513850391867,0.0612202523626702,0.0790700999155242,0.012985210764274,0.0337412567046436
2.62493907935492,4.69696520338332,7.11897686180954,0.067059069576898,0.0741827553241368,-0.198368931746216,-0.0979260078982729
2.57387427440411,4.92361175610972,7.2596896649957,0.0559922259226646,0.0828545148813586,-0.107057030873473,0.143792037845042
2.45153054533335,5.13558021766932,7.64043236733249,0.0211929872044512,0.0977284876243973,-0.143536716275208,0.114239973935204
2.54659548599364,5.11237778945579,6.79057884174973,0.0874013958758729,0.0485900812815635,0.00766354478441222,-0.0717925094950862
2.51881153304378,5.13374406273416,7.22504267801054,0.0588287073700665,0.0808652161882171,-0.0866126603199238,-0.0594989429098518
2.72733717397117,5.20238587584293,6.76121524746857,0.0887902933466856,0.0460030847597149,0.119735347580703,0.0226387283490588
2.75645199527237,5.23610425885853,7.46725909256852,0.0377155027463477,0.0926150141855533,-0.00860068144514881,-0.0588966311699586
2.92062670274535,5.53788517182673,7.11635408442831,0.0672534035583361,0.0740066193648891,0.0969213039146467,0.227774293603315
2.96451629396794,5.54581087813279,6.57538794717944,0.0957611701694875,0.0288062196022049,-0.0518715789468975,-0.0208805132961513
3.08147147359714,5.5937616333311,6.62506600392068,0.0942125810540018,0.0335259536947594,0.0227425985751941,0.0144248015035532
3.22357116655592,5.47476865384702,5.83856275035629,0.0902773074487585,-0.0430117165409884,0.0518223855100199,-0.0759812629430855
3.29396515254426,5.37334176009516,5.38493619629376,0.0622980533321354,-0.0782237339368712,0.00809593265620734,-0.0232031598149964
3.34409673485854,5.12967375943086,5.46080832186539,0.0680481358730186,-0.073276539248297,-0.0179165535587423,-0.170391461415996
3.29138660535022,5.17136131898202,5.49224985823221,0.0703180508573119,-0.0711011372878698,-0.123028180365629,0.11278869683902
3.40274647690208,5.10405657123386,5.3124467407762,0.0564690144161359,-0.0825302999562599,0.0548908571357274,0.015225552208106
3.55078958946225,5.05951653071382,5.65336921842128,0.0808135844990412,-0.0588996142637312,0.0672295280611231,0.0143595737436912
3.63874990251889,4.91136419755017,5.6599832144155,0.0812013758852419,-0.0583638291610794,0.00675893717139964,-0.0897885040025714
3.68298427868059,4.98062522371665,5.6441583637183,0.0802676482993946,-0.0596414674239718,-0.0360332721376909,0.128902493590446
3.82006713351305,4.88340216571513,5.89587244328955,0.0925927337403081,-0.0377701688968478,0.0444901210921469,-0.059452889104664
3.93732875927584,4.96919595157075,6.22989996605417,0.099858067208633,-0.00532601289485311,0.017403558554155,0.0911197987504677
3.99274967254849,4.92324493642568,6.02921262959676,0.0967921922374223,-0.0251251173504501,-0.0413712789647686,-0.0208258977946156
4.038463297943,5.03433943740693,6.99199429842913,0.0759137677663302,0.0650930093291106,-0.0302001423718143,0.0460014916521421
4.12877333324797,5.12073920264161,6.77492307260672,0.0881513689377464,0.0472158464331767,0.00215866636721895,0.0391839188015032
4.27655363084309,5.20764752571917,6.73499716984812,0.0899657526956193,0.0436596305746013,0.0578145448994971,0.0432486925029582
4.10292599815172,5.28957419740914,7.64973504011055,0.0202829471646762,0.0979214075384691,-0.193910579856045,-0.0159947358484983
4.11351548693936,5.32427074374473,7.57537725596974,0.0275014109753862,0.0961440190254335,-0.0169119221877481,-0.0614474726898498
4.19861560198924,5.40890159075276,7.31269381078954,0.0515240142129307,0.0857045854046661,0.0335761008369514,-0.00107373839663572
4.15866884455045,5.4027193741367,6.89942331742781,0.0816058540598149,0.0577969253781566,-0.1215526114986,-0.0639791419942135
4.22396817071501,5.43012281542118,7.60876888370675,0.0242762716273271,0.0970085699094479,0.0410230545372272,-0.0696051286249686
4.34850466298207,5.34368385169133,7.62212085729142,0.0229788903529736,0.0973240494335599,0.101557601914094,-0.18376301316341
4.43391956324619,5.41315901651735,8.06528066607657,-0.0209730217157451,0.0977759293492569,0.106387921979857,-0.0283007645232396
4.43776758905796,5.52422798040215,7.58115696926311,0.0269452698621073,0.0963013625659482,-0.023097244050329,0.0147676013188545
4.5498811783548,5.46757012118727,6.50561625770938,0.0975364060893705,0.0220601334349867,0.014577183207469,-0.0787179926498685
4.58827243636716,5.47048846748817,6.76703822296402,0.088520914721298,0.0465193256282234,-0.0501296567089434,-0.043600979327322
4.54134970400718,5.51092216155287,6.14887019256811,0.0990993277734746,-0.0133911625651192,-0.146022060133454,0.0538248566298205
4.61708961422577,5.47780714799388,6.26721382028102,0.0999872458514355,-0.00159708078837417,-0.0242473356328436,-0.0315179327706161
4.77483550932017,5.37360029192642,5.99548254833897,0.0958898247678839,-0.0283750155239521,0.0618560703265142,-0.0758318405435077
4.89412035080126,5.29574856545137,5.9658731050326,0.0950077479632303,-0.0312014074515126,0.0242770935178616,-0.0466503190235386
5.04928663477026,5.4232314300079,6.46278931618109,0.0983914509748101,0.0178639966153024,0.0567748329941833,0.109618867941235
5.02829185727524,5.43966267767712,6.97682539408638,0.0768923859862383,0.0639340361415056,-0.0978871634812514,-0.0475027884722936
5.15759851725229,5.53817080854948,6.4382216270104,0.0988005923063495,0.0154415983600956,0.0305060676706937,0.0830665325122673
5.12824424483165,5.33935546533881,6.05858883341019,0.0974884056971308,-0.0222712988986192,-0.126842678117762,-0.176544044312051
5.17215363117672,5.18156348900194,5.91719919817345,0.093377131613164,-0.0357870268630665,-0.0494677452681009,-0.122004949473807
5.26430115990706,5.10615279738875,5.55911827449934,0.0749117779815579,-0.066243682865929,0.0172357507487815,-0.00916700874725263
5.32790620491699,5.03749296327507,6.24286364449339,0.0999187191892486,-0.00403107375026604,-0.0363136741793137,-0.0646287603634208
5.38857368105568,5.06750309403105,6.15441975627159,0.0991721164920875,-0.0128410011478789,-0.0385046403533946,0.0428511319038609
5.41684448338517,5.06946423740914,5.31853733436528,0.0569706224591137,-0.0821848415258016,-0.028699820129624,0.0841459849038955
5.393974642366,4.86711670122032,5.37815067281595,0.0617658342228152,-0.0786446547627982,-0.0846356752419877,-0.123702881426026
5.54202556619291,4.72680460401283,5.13302694528087,0.0408342888731976,-0.0912828617661621,0.107216634953711,-0.0490292354413222
5.65386384917079,4.66878401583918,4.91136620250667,0.0197666836643565,-0.0980269259791067,0.0920715993135255,0.0400063378054509
5.59389738028061,4.54540469305163,4.83985565215953,0.0127121777594539,-0.099188711739855,-0.0726786466496399,-0.0241906110476904
5.58355219031437,4.48103112479482,4.07267991129373,-0.0596962061644161,-0.0802269466549459,0.0493510161981812,0.0158533783981363
5.47485880276237,4.3936777913001,4.41967200579943,-0.0288554690715907,-0.0957463414687918,-0.0798379184804108,0.00839300797407017
5.40540957982343,4.20493113418919,5.11215619615633,0.0389203923286827,-0.0921151619494935,-0.108369615267618,-0.0966314951614133
5.58428271646424,4.12270719190177,5.36161299936427,0.0604568477674253,-0.0796553171987054,0.118416288873378,-0.00256862508871469
5.62981711763686,4.09336573711339,5.32619618739239,0.0575983870437361,-0.0817461057785628,-0.0120639858711102,0.052404650990181
5.59771102652188,3.8563668469521,5.91739517645422,0.0933841432999273,-0.0357687262862217,-0.125490234414907,-0.201230163875075
5.56939029101639,3.82408272604448,5.32991580413102,0.0579020520737744,-0.0815312968475659,-0.0862227875792676,0.0492471759399491
5.6238640726383,3.764891165646,5.74467167687929,0.0858471929776429,-0.0512860551988485,-0.0313734113557289,-0.00790550519963418
5.88058315108262,3.71679005937564,5.79327022879985,0.0882372821741485,-0.0470550957338277,0.16848179627017,-0.00104601053652553
6.00162635002842,3.60611778775394,5.79331521765184,0.0882393990395889,-0.0470511259921821,0.0328037999062101,-0.0636211456295226
6.10227266084329,3.5586002152957,5.45630586481267,0.0677175227779853,-0.0735821792882831,0.0329287880368807,0.026064606830043
6.11532118292863,3.32008818149368,5.1612496307108,0.0433939327902574,-0.0900942095641814,-0.0303454107049184,-0.148417824237842
6.08692704826724,3.27638559827347,5.0985125471308,0.0376600219374383,-0.0926375882008576,-0.0660541565988284,0.0489350049806507
6.1078407319542,3.34752588751718,4.9037542250631,0.0190199394609827,-0.0981745481420748,0.00189374422598187,0.16931483738579
6.15719197641685,3.32685196093567,5.38485416694885,0.0622916364808956,-0.0782288439421928,-0.0129403920182429,0.0575549173606804
6.19215973884025,3.36447054108866,5.39314541925746,0.0629381030295642,-0.0777096852846539,-0.0279703406061709,0.115328265437638
6.10461185472106,3.36086225877074,4.69598517177756,-0.0016403072947397,-0.0999865460548509,-0.0859075768244517,0.0963782637369339
6.1418078777024,3.27318584259307,4.9363697333199,0.0222112690382733,-0.0975021001194817,0.0149847539430694,0.00982568394181293
6.13277058823935,3.21539534342788,5.45419357619836,0.0675619450243187,-0.0737250539812006,-0.0765992344873623,0.0159345548160095
6.04102373615762,3.11855684047423,5.05114773545113,0.033231664608921,-0.094316787833981,-0.124978516690659,-0.0025217151196677
6.1677848549951,2.90745572003174,5.39110555016275,0.0627794546093737,-0.0778379090093611,0.0639816642281135,-0.133263211433132
6.03864327517386,2.76260663558299,4.23062316919456,-0.0463344720353621,-0.0886178125503234,-0.0828071077858772,-0.0562312718984199
6.04489237261773,2.57014934039652,4.19624539906309,-0.049352977725758,-0.086972889969236,0.0556020751696238,-0.10548440521724
6.07472614179728,2.45953604621133,4.35775176296164,-0.0347250180560372,-0.0937772526842618,0.0645587872355868,-0.0168360415009245
6.11064029630705,2.33886959876342,4.74551178418157,0.00331167475133017,-0.0999451490085507,0.0326024797584441,-0.0207212984393617
6.02050050589291,2.2085695807419,4.11641235271994,-0.0561317279797611,-0.0827600695625983,-0.0340080624343828,-0.0475399484589167
6.07723581037286,1.98787803345617,4.3860790737556,-0.0320549845526791,-0.0947231648823428,0.0887902890326269,-0.125968382403391
6.08126447918402,1.89179605195414,4.5620762629771,-0.0149747331089816,-0.0988724297684383,0.0190034019201422,0.00279044826640318
5.93071969954425,1.86095423556212,4.59606978185648,-0.011605707310502,-0.09932425463009,-0.138939072329262,0.0684824382380733
5.99497507286682,1.82557027385175,5.32305769982003,0.0573415446530246,-0.0819264747002163,0.00691382866954138,0.0465425129898489
6.17517529442189,1.90728134984168,6.10817296539359,0.0984724390024563,-0.0174120290864543,0.0817277825526128,0.0991231050763823
6.26867105546709,1.83992050823486,5.32002016423989,0.0570924259196612,-0.0821002734624435,0.0364033351255366,0.0147394318556207
6.1510668752828,1.81877184004906,4.76484176730713,0.00524287380504791,-0.0998624667944085,-0.122847053989333,0.0787137986086084
6.21224504062974,1.84447206286085,4.58800678697483,-0.0124061723373452,-0.099227450274287,0.0735843376842835,0.124927673086079
6.08391342094868,1.83002550769805,4.94587329926489,0.0231368696997105,-0.0972866139841377,-0.151468489380768,0.0828400588213398
6.01623285181287,1.66415548344263,4.90517591573756,0.0191594940319385,-0.098147408465227,-0.0868400631677515,-0.0677226157901953
5.9859710119503,1.57486552806497,4.38676687847031,-0.0319898259362074,-0.0947451900445144,0.001727986073633,0.00545523466685949
5.76958268850559,1.48667048835212,4.33119183232892,-0.0372031952415573,-0.0928219923499737,-0.179185128203148,0.00462695263711943
5.68878923967189,1.47494746215006,3.04297823597037,-0.0995141537533347,0.00984546610159517,0.0187207049196365,-0.0215684923036541
5.48956095851208,1.56254315240107,3.72758080717561,-0.083316602113809,-0.0553022948186532,-0.115911679046005,0.142897985069659
5.4836772669797,1.71184397620798,3.56603542710114,-0.0911268347564175,-0.0411813062842423,0.0852431432240384,0.190482130091153
5.3709778069192,1.64038559375418,3.58802832127799,-0.0901991740934463,-0.0431753285205819,-0.022500285967054,-0.0282830539332115
5.28301078651761,1.51585624077978,3.45852169436941,-0.095019696162712,-0.0311650018634029,0.0070526757611229,-0.0933643511109998
5.33531273491264,1.39839797186573,3.33823088581304,-0.0980728918640268,-0.01953734581326,0.150374840259053,-0.0979209231007916
5.18639281455371,1.33868186584576,3.94390802282962,-0.069504389910557,-0.0718967299893483,-0.079415530448373,0.0121806239693758
5.22747930572135,1.43236593337915,4.36948703989165,-0.0336221502050334,-0.0941782937602406,0.0747086413726827,0.187862361293635
5.19564037203924,1.40543892691875,4.46268520779692,-0.0247116929984432,-0.0968985667032836,-0.00712724068367621,0.0699715602428834
5.25981045071756,1.31308653286227,4.17232213512314,-0.0514193324265559,-0.0857674311892768,0.11558941110488,-0.00658496286720456
5.35186467944998,1.21388250492362,4.21641922009436,-0.0475884786480542,-0.0879507629299695,0.139642707380474,-0.0112532650086816
5.22397733663546,1.25370024569104,3.90408441305673,-0.0723117135781069,-0.0690725421524199,-0.0555756292364102,0.108890282919841
5.18171865727481,1.19973541216142,3.73404752598987,-0.0829572381363768,-0.0558399197777403,0.0406985587757267,0.00187508624812205
5.13482068052167,0.893088304447067,3.84448435639375,-0.0762976106006207,-0.0646426686998306,0.0293996338474805,-0.242004439014524
4.95449144865558,0.75954033696369,4.61810709453795,-0.00941422681381234,-0.0995558754343414,-0.17091500505228,-0.033992092049036
5.05012000823881,0.539596979833565,4.61603149764693,-0.00962084425225794,-0.0995361208600867,0.105249403835487,-0.120407236270038
5.15388054446184,0.426925806971692,4.4501229269737,-0.0259269781270489,-0.09658049391673,0.129687514350083,-0.0160906789451429
5.04413002850191,0.26837156551547,3.6413692020139,-0.0877689668372491,-0.0479229429430399,-0.0219815491226787,-0.110631298513182
5.09438809097883,0.129272035876892,3.75463849319323,-0.081789935615456,-0.0575361315350586,0.132047998092373,-0.08156339810352
5.05495810781303,0.0133612152666195,4.03449078722617,-0.0627157328686729,-0.0778892601758757,0.0232857497028705,-0.0380215604343963
4.97166945072178,0.0840680925380489,3.3606017998288,-0.0976113203874299,-0.0217262544453138,0.0143226632961782,0.0924331317167433
4.75359849478387,0.0841898386909404,2.98215311451545,-0.0987316419948345,0.0158764879303907,-0.119339313943069,-0.0157547417774992
4.7170916080714,-0.000647051331623683,3.4121639587158,-0.0963618354054764,-0.0267282000383092,0.0598549486929996,-0.0581086899842549
4.57568813471254,0.0672279295612044,2.93652372634031,-0.0979046950869357,0.0203634643401891,-0.0434987782719192,0.047511516552639
4.49691139993743,0.105872825353574,2.0001142723266,-0.0416250741362395,0.0909249866821688,-0.0371516606388753,-0.0522800908897987
4.26837753265619,0.228311149476726,2.14134659621392,-0.0540095239371742,0.0841603904701006,-0.174524343344063,0.0382779336530508
4.18097437950133,0.42085231143899,2.03177067157004,-0.0444820960166052,0.0895619513742835,-0.0429210571382515,0.102979210587981
4.23439316134623,0.585495575212844,2.04908386967233,-0.0460259558424954,0.0887784398870845,0.0994447376873948,0.0758648238867692
4.21101214144501,0.781829911377649,2.12827302663047,-0.0529046630186634,0.0848592754557902,0.0295236431174357,0.111475060709015
4.1025040766093,0.886239056479028,2.20748758597385,-0.0594538250253377,0.0804067328639619,-0.0490542398103728,0.0240024122374176
4.07467784448746,0.960736307139074,1.51099990769512,0.0059760790673714,0.0998212726776238,-0.0338023111892072,-0.0253240220175774
4.12402688236135,1.22103296952291,1.17381045161201,0.0386640384790705,0.0922230563822787,0.0106849993948157,0.168073606001553
4.12641345378712,1.38772063325586,1.56417775307263,0.000661852540069687,0.0999978097320897,0.00172471888570769,0.0666898540008662
4.184152892278,1.48278480293816,1.93148798501207,-0.0352921469689581,0.0935652946466876,0.0930315854598376,0.00149887503561374
4.19952381901366,1.47172720037049,1.76403802602912,-0.0192041259456299,0.0981386852707146,0.0345750526812882,-0.109196287838386
4.09371405260733,1.31816893652894,2.72223652905063,-0.0913351297971597,0.0407172453014198,-0.0144746366091697,-0.19427550914297
4.0424839055544,1.34654188708129,2.10820619175428,-0.0511912688210209,0.085903748442626,-3.88782319127312e-05,-0.0575307978902759
4.10144968647625,1.41975106115527,1.01916675609724,0.0524075783297993,0.0851671634704711,0.00655820259204742,-0.0119579893964954
4.21340800852438,1.43296610952533,0.840411738997555,0.0667156170661065,0.074491787731861,0.0452427049820232,-0.0612767393618041
4.36386684732924,1.45456913576038,1.34151530328111,0.0227277421428184,0.0973830053812756,0.127731096662051,-0.0757799791462197
4.520778151745,1.42296368935521,0.925705488151992,0.0601271025171873,0.0799045151595806,0.0967842018985681,-0.111509961564747
4.2864975015661,1.54251933013901,1.364254863279,0.0205076104245675,0.0978746030115789,-0.254788260603463,0.0216810377722141
4.21829952793674,1.79906896070687,0.946632679106638,0.0584418817506372,0.0811452183276657,-0.126639855379999,0.175404412240193
4.34760605392196,1.93820455979583,1.35950464474872,0.0209723030566312,0.0977760834994981,0.108334222928591,0.0413595155894622
4.32264000962683,2.02717748998072,1.20218400875677,0.0360321310365776,0.0932828254983891,-0.060998175331707,-0.00430989531349835
4.15649478835038,2.03074568133887,1.60487765795509,-0.00340747337547485,0.0999419287646353,-0.162737747900983,-0.0963737374064861
4.26631826638549,2.10676257658901,1.69222836327736,-0.0121133822241041,0.0992636185673924,0.121936860259219,-0.0232467233172491
4.20420913181251,2.11173468729986,1.67872600127269,-0.0107720254361254,0.0994181244442052,-0.0513371091368571,-0.0944460137333505
4.20342924677361,2.10837913944341,2.00177736889837,-0.0417762335349913,0.0908556344517492,0.0409963484960891,-0.0942111823082081
4.22563538827651,2.21664784751723,2.05303879183548,-0.0463767067917631,0.0885957169797211,0.068582848294666,0.0196729910941054
4.12660672427511,2.45082319429716,2.09447601883715,-0.0500070074059107,0.0865984942727366,-0.0490216565954886,0.147576852507194
4.24947455879531,2.59664131299151,1.85502026916951,-0.0280412613961012,0.0959879558034003,0.150909095916304,0.049830162890949
4.17266088946146,2.75235220546723,2.66655067349329,-0.0889273521727415,0.0457375779370226,0.0121136828388879,0.109973314538699
3.99125747434525,2.59883107811505,2.8955550104176,-0.0969885115828503,0.0243562850398684,-0.084414903533357,-0.177877412392053
3.91476753062561,2.46203404553566,3.29482418841913,-0.0988283001473227,-0.0152632594812083,0.0223383564276791,-0.121533773098176
3.91375382430045,2.52189021949672,2.62494338949119,-0.0869479218993307,0.0493969521062575,0.0859342155741738,0.0104592218548016
3.85962208501334,2.47123189616395,2.98087429690819,-0.0987112581364691,0.0160027346761535,0.0445795188493612,-0.0666610580089304
3.75008129283465,2.50972416413175,2.30519876829542,-0.067014374866708,0.0742231335987934,-0.0425264173119857,-0.035730865630986
3.88131168448328,2.51613158674406,1.7143806119149,-0.0143091427144329,0.0989709474279093,0.14553953436306,-0.0925635248155987
4.02580378283618,2.57300700629267,0.893291675190592,0.0626850753524097,0.0779139353906778,0.0818070230004948,-0.0210385158420729
4.13206889644587,2.67683962069211,-0.149037447562249,0.0988914461900812,-0.0148486319381373,0.00737366741961232,0.118681246337576
4.23159612273419,2.66980617314864,-0.475101150756969,0.0889246456943735,-0.0457428397471138,0.01060258059394,0.0387093922036441
4.26870735778972,2.64934027486424,-0.826056512803754,0.0677780527922145,-0.0735264276277297,-0.0306668177366767,0.0530605293433286
4.25828345672456,2.62557609702632,-1.26769858271938,0.0298478171970071,-0.0954416460910752,-0.0402717182621699,0.0716774682531569
4.26487225151354,2.43213734868626,-1.6855143655048,-0.0114466584961112,-0.0993427098949561,0.0180354532850928,-0.0940960384451044
4.39619103107721,2.34796255864861,-0.959691968620072,0.0573772295568932,-0.0819014867287254,0.0739415500067695,-0.00227330330891862
4.39251996791756,2.13574502388891,-1.63575042044825,-0.00649084293627292,-0.0997891224431633,0.00281977977662096,-0.112428412316537
4.32738912240081,1.95587857491834,-1.52521911526221,0.00455614337163994,-0.0998961538677894,-0.0696869888883862,-0.0799702951027874
4.14905906321788,1.88434163840104,-1.71182088432888,-0.0140557574485473,-0.0990072506564424,-0.164274301734381,0.0274703141391401
4.21017445206961,1.80744437080538,-2.48831084066728,-0.079409340652209,-0.0607795740128328,0.140524729503935,-0.0161176935828236
4.00448954736607,1.81928067515703,-3.03623813561593,-0.0994455344228735,-0.0105159727723628,-0.106239370280666,0.0223522771240097
4.01576747704333,1.74899082961995,-1.90484573379438,-0.0327871271636814,-0.0944722408559921,0.0440650568409391,0.0241823953189186
4.16233957969389,1.55917769630709,-1.84167623062073,-0.0267579359022513,-0.0963535825294058,0.173330038552812,-0.0934595507834621
3.95601433623051,1.55208426283035,-2.13525960447106,-0.0534962429357799,-0.0844875848379868,-0.1528290005276,0.0773941513612533
3.87276045070705,1.53774540161464,-2.66011902844696,-0.0886313470535979,-0.0463085771695124,0.00537746153013696,0.0319697159538013
3.74737936766885,1.48651886138779,-2.96611884192485,-0.0984643933907148,-0.0174574692953634,-0.026916689647476,-0.0337690709314837
3.70333483032602,1.51657437522883,-2.51022870500993,-0.0807223193796187,-0.0590246317563679,0.0366777820367854,0.0890801455974035
3.59663907899686,1.53205169648811,-2.58217217157309,-0.0847562800678822,-0.0530695109178021,-0.0219394712612828,0.0685468321770846
3.53854542420302,1.51309968237594,-2.5699095211595,-0.0840991510864471,-0.0541048314528281,0.0260054962926066,0.0351528173406574
3.42968112998497,1.54514844701873,-3.08881383401219,-0.0998607521388166,-0.00527543195102033,-0.00900354207922627,0.0373241965938098
3.35653434995289,1.44638743863588,-2.74901955308047,-0.0923927736093566,-0.0382567037886195,0.0192459935772726,-0.0605043045942313
3.32855743415528,1.48092163833661,-3.2762302806549,-0.0990950038029809,0.0134231226354822,0.0711180880053675,0.021111077065249
3.13647372184354,1.60717663776115,-2.80033822322441,-0.0942335587546046,-0.0334669449523331,-0.0978501535571339,0.159721944376874
3.04497293351776,1.50543644350921,-3.01229243392611,-0.0991652366351095,-0.0128940235420426,0.00766444830933022,-0.0888461707098946
2.98361030673607,1.51093023660055,-4.37926892603097,-0.0326993149902692,0.094502670857321,-0.028663311791419,-0.0890088777659817
2.92781259165488,1.64473129669866,-4.72944938469563,0.00170595767301805,0.0999854474832106,-0.0575036727542046,0.0338156126148925
2.95967547166506,1.76087672082164,-4.46692948570516,-0.0243002072106019,0.0970025769220685,0.0561630872207761,0.0191428472009183
2.86525667866813,1.86612874065611,-3.56321357037805,-0.0912426795326235,0.0409239957935069,-0.00317611346430624,0.0643280240409634
2.75072471999296,1.88901517927809,-3.67387660251462,-0.0861650208805264,0.0507502628235407,-0.0283669377946454,-0.0278638242015621
2.56212368055783,2.00261556591256,-4.48917239955594,-0.0221367541750574,0.0975190448814645,-0.166464285260073,0.0160813417530044
2.66265890538448,2.25544519001329,-4.62712080769461,-0.00851648842458186,0.099636687143411,0.109051713251236,0.153192936957318
2.74233216489457,2.37537637695396,-4.72561687645274,0.00132275103079758,0.0999912512658509,0.0783505084792908,0.0199399356748169
2.78851911450454,2.40665238376682,-3.96301337156045,-0.0681181767106572,0.0732114335443289,0.114305126320626,-0.0419354267314669
2.71396761787833,2.43449496518391,-4.18321482157571,-0.0504820627276792,0.0863224266500813,-0.0240694338985312,-0.0584798452329958
2.76105472328033,2.6154265036929,-4.64280667310911,-0.00695261714532399,0.0997580127850918,0.0540397225473259,0.0811735257239068
2.73418535018555,2.60953858783834,-4.33042301903955,-0.0372745470208735,0.0927933626095568,0.0104051739260917,-0.0986812784641247
2.65253968980731,2.74453609834855,-3.89931673914824,-0.0726402058406246,0.0687269997557852,-0.00900545453761326,0.0662705107544255
2.47967871450338,2.84322539595157,-3.94301355779533,-0.0695686712089302,0.07183453199001,-0.103292304095003,0.0268547656130107
2.42908296627601,2.96718460713188,-4.09690765813303,-0.0577351586672463,0.0816495649325084,0.0071394104398812,0.0423096462478023
2.46819734322714,3.20139750480244,-4.51721385476155,-0.0193938338574687,0.0981013721020705,0.0585082108085941,0.136111525568487
2.48299812120563,3.36300066891594,-4.13020788268842,-0.0549847038578409,0.0835265367512956,0.0697854818363284,0.0780766273622044
2.44702828479736,3.36514171115513,-4.33219681897552,-0.0371098916068594,0.0928593341830919,0.00114005519859006,-0.090718291943894
2.44451883444918,3.53144715387758,-4.1558355802561,-0.0528262899354885,0.0849080861381983,0.0503168395873138,0.0813973565842478
2.45983755284559,3.60008639475422,-4.14072806530205,-0.0541029629793976,0.0841003531315412,0.0694216813758108,-0.0154611122549031
2.4469708920361,3.72875650507392,-4.83021592649502,0.0117554499668858,0.0993066432625534,-0.0246221107763779,0.0293634670571439
2.50932658583337,3.95133419609173,-5.38126505519586,0.0620104638091055,0.0784519112461871,0.000345229988159113,0.144125779771632
2.54868818705488,4.01398503578489,-5.0015999355417,0.0285196038779247,0.0958469206320488,0.0108419973435899,-0.0331960809388943
2.61024028765051,4.17006253301919,-4.50539547470095,-0.0205518517754988,0.0978653227072691,0.0821039523711268,0.0582121745270354
2.53085231940154,4.27660026265239,-4.44145091590663,-0.0267635398441955,0.0963520261074367,-0.0526244284047789,0.0101857035257591
2.4603154602913,4.39497960471691,-3.93380638299546,-0.0702271062378336,0.0711909653640126,-0.000309752872400981,0.0471883767005064
2.49893492930258,4.38986859551311,-3.23815031506862,-0.099534192977327,0.0096407690747281,0.138153661988605,-0.0147517782785271
2.46892708881574,4.37823047031146,-3.16012957945473,-0.0999828196109394,0.00185358642807847,0.0699749791241023,-0.0134917116297266
2.34060465131309,4.41193488688987,-3.3791399458043,-0.0971918067675831,0.0235319505620081,-0.0311306307350658,0.0101724660164006
2.25519080396729,4.528428486814,-3.44720839441255,-0.0953661868993424,0.0300880440753417,0.00995233955353991,0.0864055558487922
2.22665287715613,4.69864356531355,-3.82657108234484,-0.077443269445627,0.0632656306186228,0.0489053426344694,0.106949447880921
2.15283441595439,4.84822905273354,-4.21504070813563,-0.0477096745720622,0.087885078097638,-0.0261087866296869,0.0617004093223559
2.25327560361402,5.01468693301783,-4.52528663504107,-0.0186012596946941,0.0982547359559352,0.119042447354333,0.0682031443283501
2.11191075930804,5.01576772167473,-4.00995975757963,-0.0646073756690847,0.076327498381342,-0.0767574686368976,-0.0752467097244359
2.06817604328461,5.18280391901842,-4.41951906749527,-0.0288701120171609,0.0957419272425439,-0.0148646040062755,0.0712942701011441
2.05855692528014,5.21564679505715,-3.61061723873968,-0.0892009615999233,0.0452016421123061,0.0795818435954593,-0.0123587660735797
2.0747946812365,5.33657820893152,-4.72374153897333,0.00113523147361446,0.0999935560398835,0.0151025244827417,0.0209378578344943
2.19020762673137,5.34116242115495,-4.84318242839477,0.013042085454237,0.099145872364937,0.102370860040639,-0.0945616601415148
2.2646816456091,5.42122934892828,-4.79961246109382,0.00871129243356466,0.0996198443290137,0.0657627264441627,-0.0195529165556763
2.32263355564687,5.51747560855023,-4.55114983294561,-0.0160541404145712,0.09870291067415,0.0740060504523452,-0.00245665105220461
2.2574386341918,5.63722479342967,-4.6716397959624,-0.00407379080487155,0.0999169866863395,-0.0611211306502079,0.0198321981930976
2.34302128568351,5.73039074873163,-4.74512462119758,0.00327297944196965,0.0999464236757496,0.082309672049749,-0.00678046837378088
2.39422635299661,5.871380831163,-5.2206373788271,0.0486647798135566,0.0873598260397653,0.00254028749954099,0.053630256391604
2.34460510212584,5.82235584637313,-4.99789428354323,0.0281642335444726,0.0959519460399444,-0.0777854844152489,-0.144976930829822
2.27293997083182,5.78422373355514,-5.39401730154867,0.0630058327973333,0.0776547811375094,-0.134670964091351,-0.115786893955496
2.21859323207332,5.855578042108,-5.38083614776922,0.0619768094989985,0.0784785007777598,-0.1163235482575,-0.00712419222489857
2.41547395844489,5.92646783231468,-5.87676945854261,0.0918543605198596,0.0395319674881945,0.105026365851713,0.0313578227184785
2.61893129622744,6.11974543639064,-6.27837432206824,0.0999988427233451,0.000481096655252611,0.103458495059206,0.192796507420711
2.62776986732479,6.02004381103566,-6.15553066813673,0.0991863205142925,0.0127308217659367,-0.090347749416944,-0.112432447120913
2.71450397276745,6.10092495627525,-5.8756125262227,0.091808563246031,0.0396382102862823,-0.0050744578033699,0.041242934953303
2.64090612896553,6.1029702205178,-6.08675492261318,0.0980769505371395,0.0195169611706201,-0.171674794339057,-0.0174716969280728
2.80976520636006,6.05998897141053,-6.13277708043455,0.0988709990906441,0.0149841762809257,0.0699880783038861,-0.0579654253881972
2.92505426215031,6.08271768242984,-6.42273819507539,0.0990278288649514,-0.0139100363153336,0.0162612269252975,0.0366387473346474
2.9412904184036,5.97634123624972,-6.54210997476151,0.0966665866395193,-0.0256041212984219,-0.0804304303862253,-0.0807723248816941
3.00647228120294,5.85264193327666,-6.6291588953459,0.0940745742365273,-0.0339112736743419,-0.0288927114371966,-0.0897880292987241
3.0284703980139,5.93694269803865,-6.3418452778695,0.0998279997213873,-0.00586263350608807,-0.0778298829104224,0.0901633982680834
3.14741131344965,5.86575091366833,-6.373646490861,0.0995911176578479,-0.00903378567715042,0.0193497977779012,-0.0621579986931773
3.33899512955264,5.85074209807079,-5.83680098896902,0.0902013910050945,0.0431706967831892,0.101382425097895,-0.0581795123807201
3.52084884239784,5.84317729050179,-5.73758040431569,0.0854813541763285,0.0518935264573634,0.0963723586688743,-0.0594583340263692
3.6959755037873,5.90454873350456,-5.73099759251913,0.0851378992327033,0.0524551057023247,0.0899887621567517,0.0089163373004415
3.76293567092016,5.93943295077258,-5.86018977392432,0.0911863385471053,0.0410493807794063,-0.0242261714142439,-0.00616516351138041
3.90654903642462,5.9497934399066,-5.74937518731459,0.0860874669866,0.0508817062197314,0.0575258985178602,-0.0405212170857165
3.99717094537693,6.08515716207286,-5.64508376058279,0.0803228059494913,0.0595671624672552,0.0102991030028193,0.075796559699014
4.05449469422331,6.10056416600572,-5.68178874344936,0.0824546251103982,0.0565794556168906,-0.0251308762640154,-0.0411724516840357
4.05857384877793,6.06512720710441,-5.76249056494074,0.0867473766652281,0.0497482928521275,-0.0826682221106118,-0.0851852517534406
4.12680317943305,6.12548109444208,-5.58970132673151,0.0769023655652672,0.0639220319644643,-0.00867303491014237,-0.00356814462679078
4.14377845701338,6.22994869020327,-5.1150710479471,0.0391887286524993,0.0920013236133089,-0.0222134510721692,0.0124662721478839
4.16607581687522,6.17954850717192,-5.1447761515132,0.0419039469376296,0.0907968018767639,-0.0196065870757933,-0.14119698490812
4.45356424477111,6.38732183218073,-5.80923815144203,0.0889773734812305,0.045640190713686,0.198511054414661,0.162133134295125
4.49261349948611,6.33021108639837,-5.97954415511316,0.0954254124579088,0.0298996765406915,-0.0563761577429078,-0.0870104223230512
4.55656086441037,6.25828026413326,-6.58114700949445,0.0955936862314412,-0.0293572333962989,-0.0316463213071858,-0.0425735888688126
4.7107604900974,6.09548937759651,-6.77918531480572,0.0879493234650425,-0.047591138902545,0.0662503022219928,-0.115199747634205
4.68352284836945,5.90784838242134,-7.11969498505731,0.0670057799290814,-0.0742308928687748,-0.0942434216570356,-0.113410102306388
4.77914732799798,5.81541674721277,-7.21594810784556,0.0595616987346153,-0.0803268575499311,0.0360627808939171,-0.012104777658646
4.97546522241022,5.86385895574062,-6.16179784976886,0.0992641584720944,0.0121089571320956,0.0970537359401431,0.0363332513957553
5.08173513720626,5.98920964848586,-6.2426480167088,0.0999178476548756,0.00405261890844425,0.0063520671411666,0.121298073836803
5.14524773308025,5.90442913557646,-5.75137543825498,0.086189070881362,0.0507094080088454,-0.0226764750073737,-0.135489920918251
5.39290355709738,5.68975033122504,-6.1523792972035,0.0991457085228801,0.0130433309202862,0.148510115494246,-0.227722135271703
5.38261773488551,5.76362439798288,-5.2402439752323,0.0503681454021372,0.0863889456397586,-0.0606539676140046,-0.0125148788819236
5.48447736585804,5.8859266345544,-4.82014586213834,0.0107548465468468,0.0994199842876359,0.0911047844256779,0.0228822522838836
5.47533638662462,6.06823229927925,-4.68630954630382,-0.00260764779172333,0.0999659950832998,-0.00653333144169094,0.0823396696415535
5.55334320477959,6.12737892576032,-5.01146265277479,0.0294635125430876,0.0955609827734276,0.0485433056118832,-0.0364143562923593
5.80253759174792,6.08667485372612,-5.67025618681938,0.0817966506320443,0.0575265846837729,0.167397736336284,-0.0982306567179738
5.93067099611881,6.21115204733154,-5.8611410797084,0.0912253477935576,0.0409626161267132,0.0369080565773357,0.0835145774787072
6.12534628409975,6.21883901164568,-6.18755827245476,0.0995431218320672,0.00954813573040421,0.0951321661488642,-0.0018611714162633
6.29541053192755,6.02539380746921,-6.76453785023927,0.0886369535428693,-0.0462978451619429,0.081427294284938,-0.147147359014523
6.41290633415437,5.97643555287841,-6.80415451553834,0.0867337191770767,-0.0497721001939037,0.0307620830497369,0.000813845603103935
6.39031596765297,5.8170104620424,-6.94581440467392,0.0788377559102846,-0.0615191697199368,-0.101428122411686,-0.0979059211160789
6.4962472585831,5.80552125261326,-6.41432723596394,0.0991413214289115,-0.0130766350919974,0.0067899695012219,0.00158742566285897
6.51888601505052,5.63597770096586,-6.70644120493555,0.0911756476549493,-0.0410731210732828,-0.0685368911875294,-0.12847043057412
6.4706502505014,5.66130233779007,-6.61779738354764,0.0944537775900222,-0.0328402786068361,-0.142689542139138,0.0581649154310449
6.63933720163907,5.8646382813366,-6.35951241890683,0.099708849991108,-0.00762530218750212,0.0689781011465551,0.210961245734033
6.67957753887493,5.83809629780025,-5.93931957450417,0.0941458452588477,0.0337129028785286,-0.0539055080229807,-0.0602548864148713
6.82700621413215,5.99584462978075,-5.74891971443846,0.0860642828206662,0.050920911446717,0.0613643924365464,0.10682742053378
6.93465767425216,5.83747130398196,-6.62487357903732,0.0942190305374709,-0.0335078242292623,0.0134324295825441,-0.124865501569525
7.04607559884291,5.79270771819094,-6.07195281930846,0.0977773247663745,0.0209665152452887,0.0136405998243715,-0.0657301010363076
7.30608531531897,5.78874416749286,-6.26159830479761,0.0999767009712055,0.00215853258352956,0.160033015504857,-0.00612208328161845
7.3561508430115,5.81505027245744,-6.04404591859236,0.097154218470824,0.0236866593956049,-0.0470886907782894,0.00261944556897475
7.26763455204788,5.91333010780794,-5.17969126413608,0.0450479442060495,0.0892786801135,-0.133564235169675,0.00900115523700507
7.25846614893828,5.97464251156285,-4.56176977886003,-0.0150050352345393,0.0988678356069871,0.00583663212493866,-0.0375554318520788
7.26489090526979,5.96671584819798,-4.81181830627294,0.009926557730312,0.0995060975600329,-0.00350180139880272,-0.107432760924901
7.21612008450941,6.12544781219801,-4.98000667417942,0.0264434684572585,0.096440359683848,-0.0752142892176363,0.0622916043161794
7.21835968949008,6.17488433336846,-4.74604584962128,0.00336505152645742,0.0999433661041306,-0.00112544654578234,-0.0505068449336803
7.06510144692877,6.29456871487559,-4.47147330785126,-0.0238591954155485,0.0971119909904162,-0.129399047145768,0.0225723905167112
7.07337127701328,6.38342787511503,-4.52031614773105,-0.0190894018234668,0.0981610652856937,0.0273592319079778,-0.00930190504625328
7.09642825105471,6.56496050614398,-4.29010582637448,-0.0409844111139322,0.0912155581337098,0.064041385155364,0.0903170728952385
7.11510580405103,6.7072661194358,-4.93450558273285,0.0220294719536605,0.097543335833069,-0.00335191895734481,0.0447622774587555
7.03186510700179,6.70829388183215,-4.62607746730175,-0.00862043875067892,0.0996277473184343,-0.0746202582985571,-0.0985999849220867
7.04770706030225,6.85289785512611,-4.55782135189961,-0.0153952896831833,0.0988078187977595,0.0312372429836463,0.0457961544961987
6.88744357686488,6.95681182610063,-4.23657887151598,-0.0458058720950617,0.0888921935920745,-0.114457611342313,0.0150217773824508
6.85028172728152,6.98781644961004,-3.89462320848909,-0.0729619768343202,0.0683853049743007,0.0358001272509657,-0.0373806814648958
6.71804851981169,6.99447556574319,-3.04814586455971,-0.0995637025098017,-0.0093310847461431,-0.032669504960036,0.0159902008792989
6.65813704845663,7.01335179576399,-2.73795828905076,-0.0919639625945404,-0.0392763234520491,0.0320524912394854,0.0581525534728433
6.59013312806336,6.86959812439783,-2.3783979204732,-0.0722631395378481,-0.0691233583105848,0.0042592191445778,-0.0746303130555717
6.5478771672977,6.69353514320145,-2.26402522172393,-0.0639024132051818,-0.076918668647827,0.021646452439521,-0.099144312548554
6.51489188488111,6.61449956445542,-2.40704680755159,-0.0742135226701871,-0.067025018111759,0.041228240253601,-0.012010560634264
6.53929353695,6.67027069700104,-2.27785992673055,-0.064960411016172,-0.0760272648502496,0.0893620630850585,0.131798397395865
6.47397710148675,6.53660747938181,-2.78385276801513,-0.0936690612742083,-0.0350158101435425,0.0283526258109545,-0.0986474074756849
6.43574725429079,6.47596063365638,-2.86027925727978,-0.096069164501111,-0.0277617656509537,0.0578393173051577,-0.0328850800744762
6.49961622179359,6.33200828104146,-1.9906205147968,-0.0407599914767449,-0.0913160615380213,0.104628958979545,-0.0526362910768969
6.39003610054186,6.24886248158503,-2.32867021486263,-0.0687378806697105,-0.0726299095485919,-0.040842240582018,-0.0105158899078441
6.45050101896802,6.14954948290221,-1.77293186197078,-0.0200761842839307,-0.0979640078018333,0.0805411027100885,-0.00134899088098139
6.41391261344443,5.97512603551795,-1.56142610380344,0.000937008587277582,-0.0999956099781754,-0.0375254141108656,-0.0744278374060885
6.44433068259741,5.70064566995852,-1.11583464335972,0.043942789520635,-0.0898277866205395,-0.0135247203676583,-0.184652578938895
6.58036087378998,5.688106170134,-0.496224028979564,0.08793865982689,-0.0476108402346622,0.0480915313656829,0.035071340410147
6.56644466062288,5.58013845752299,0.264291707849516,0.0965277767061872,0.0261225635066789,-0.11044398987329,-0.134090276117691
6.64143474200395,5.68049947040901,0.362206266349928,0.093511733573163,0.0354338211902383,-0.0185216521920937,0.0649271916957881
6.69185707953291,5.75114493902836,0.499250554573997,0.0877941618678548,0.047876770378973,-0.0373718243388966,0.0227686982403688
6.82925188532975,5.84413040330291,0.506512074564601,0.0874441921294372,0.0485130215800879,0.0499506136674089,0.0444724426944627
6.933162661289,5.83973430783525,0.798907043781353,0.0697490331864996,0.0716594192660573,0.0341617427727414,-0.0760555147337145
6.96386563655343,6.001985510064,1.03800291110016,0.0507941544502318,0.0861391541268313,-0.0200911791857953,0.0761120481019244
6.88940963200543,6.26446412133288,1.4338487018256,0.0136519958695216,0.099063732055574,-0.0881080004175221,0.163414879213299
6.91356770458318,6.29112959079436,1.34309472733641,0.0225739047974066,0.0974187806441737,0.00158416778033933,-0.0707533111826932
6.89361637260585,6.43016767585116,1.37545556828629,0.0194100824046972,0.098098158499754,-0.0393614143820216,0.0409399265570523
6.91527427890901,6.49770183243661,0.899218077919175,0.062222227878857,0.0782840619653298,-0.0405643215757015,-0.0107499053798827
6.91541784327394,6.52508584962085,0.614450228316653,0.0817090518908426,0.0576509396202663,-0.0815654875259103,-0.0302669224360281
6.94306061484401,6.50988724680318,0.560009895989306,0.0847249854358996,0.0531194582322392,-0.0570822138658295,-0.0683180610499132
7.19852141270981,6.62979357644568,0.51259540948556,0.0871474549743548,0.0490440729496726,0.168313342891443,0.0708622566928296
7.20001490698096,6.71307547573096,1.35949804394269,0.0209729484571352,0.0977759450632636,-0.0194794541859849,-0.0144940457779841
7.23354235817145,6.71332675384202,0.9883261688726,0.0550088457599516,0.0835106393710278,-0.0214813945694598,-0.0832593612599677
7.26747898326822,6.81816733818869,0.51129378217286,0.0872112182371409,0.0489305979280224,-0.0532745931403759,0.0559099864186532
7.55217939284496,6.93866575282211,0.842865580344227,0.0665326253623058,0.0746552728372153,0.218167784214438,0.0458431417962042
7.62981497397333,6.87395634810418,0.426684399681664,0.0910342927888651,0.0413854749450962,-0.0133987116604929,-0.106094879663023
7.86091565516717,6.75897580523833,0.233075687566609,0.0972960603108949,0.0230971134122578,0.13380462088294,-0.138077656278109
7.920507829062,6.81062822607958,0.109107274256185,0.0994053703787721,0.0108890927013755,-0.0398131964839388,0.04076332813987
8.09075333434294,6.8656664414239,-0.0403443737252548,0.0999186276136066,-0.00403334300716059,0.0703268776673372,0.05907155835148
8.18379326441755,6.8870259778111,0.325277809698594,0.0947561982769398,0.0319572040094449,-0.00171626820233184,-0.0105976676222426
8.2686106031317,6.9558207126775,0.771968231780628,0.0716539124425643,0.0697546903919251,0.013163426271583,-0.000959955525529743
8.23740482984313,6.90590846520551,-0.121228673708183,0.0992660799257966,-0.0120931954489029,-0.130471853214367,-0.0378190520230857
8.22980645735873,7.08694873703744,0.222370759280014,0.0975377337396849,0.0220542625568467,-0.105136106224087,0.158986009275085
8.4557920301565,6.97211400417312,-0.0306394227801244,0.0999530649605412,-0.00306346290883936,0.126032507837236,-0.111771269955479
8.5568979369104,6.63957260275775,-1.06651261842035,0.0483180436116297,-0.0875520797099912,0.0527878631422621,-0.244989321705384
8.63698680921229,6.61817469436594,-1.09629789786732,0.0456892346166448,-0.0889521997487706,0.0343996376852461,0.067554291356966
8.64952631433091,6.74360484115763,-0.195185029191977,0.0981011800290909,-0.0193948054102097,-0.0855616749104626,0.144824952201902
8.78168659893671,6.83084113830982,0.390093221156601,0.0924873614234765,0.0380274634563394,0.0396729231823133,0.0492088336958449
8.86200360434292,6.97714893111567,0.234376428971545,0.0972659346386543,0.0232236508514277,-0.0169489292324418,0.123084141954421
8.94832278258049,7.04730518721907,0.476320975366016,0.0888687813079134,0.045851278159352,-0.00254960307033839,0.024304977944051
8.87173498297251,6.96566366795203,0.386021407331473,0.092641435043239,0.0376505579391506,-0.169229234651225,-0.119292077206195
8.94306781936153,6.92852969814007,-0.382705842526142,0.0927657584775386,-0.037343192874833,-0.021432922088514,0.000209223062873853
9.08335707606927,6.88606675301264,-0.28603256463895,0.0959370827876149,-0.028214821392352,0.0443521739201221,-0.0142481237350784
9.04701709187329,6.72646148945065,-1.65778944562208,-0.00868834358780983,-0.0996218484354721,-0.0276516406081741,-0.0599834151265122
9.07517115870102,6.56129740661539,-1.4765376028276,0.00941192091010261,-0.0995560934588234,0.0187421459176282,-0.0656079893764354
9.22296208768851,6.30363458137865,-1.72163145972615,-0.0150263835553679,-0.0988645932437239,0.162817312542865,-0.158798231993016
9.32511101013499,6.23570838575411,-1.99806423815044,-0.0414385874690625,-0.0910101283845312,0.143587509915541,0.0230839327599885
9.34640357865478,6.04691863890701,-1.95886545816995,-0.0378401829629056,-0.0925641429136241,0.0591327514826991,-0.0962256039334739
9.3981350931432,6.15114809073397,-1.5253990462002,0.00453816888931659,-0.0998969720418594,0.0471933455991025,0.204126423868817
9.44857439264375,5.99751577617791,-1.08792105106556,0.0464327618189428,-0.0885663515668638,0.00400653768159948,-0.0650659629891956
9.29073997912907,5.92084651164145,-1.30605955946939,0.0261655215198282,-0.0965161410521339,-0.183999935034508,0.0198468765156754
9.15543227861655,5.77299988341254,-1.9015389190456,-0.0324745462697778,-0.0945801450864401,-0.102833154242742,-0.0532664831424658
9.01811944690445,5.65255182770831,-2.17405089760837,-0.0567325591447491,-0.0823493578170926,-0.0805802725673507,-0.0380986978871398
8.85920693872141,5.73599822243049,-2.87214946931317,-0.0963919267210516,-0.0266194752578526,-0.0625205814619847,0.110065869980031
8.82376952556923,5.91641188319359,-3.37580062669442,-0.0972698454187968,0.0232072655046512,0.0618324322666172,0.157206395258445
8.88526053978133,6.02120072634021,-3.63768072780737,-0.0879451319346062,0.0475988841151209,0.149436146146711,0.0571899590315037
8.79117633056396,6.11273794944816,-3.77961019563385,-0.0803278095789169,0.0595604147756987,-0.0137563996384555,0.0319768083322503
8.79253855815393,6.09934150305801,-3.49112926280081,-0.0939531507671,0.0342462473993077,0.0953153783570668,-0.0476426937894541
8.64977799752526,6.06517858618095,-3.51935705067314,-0.092949154507404,0.0368843418859376,-0.0498114061212651,-0.0710472587630067
8.52671386291044,6.04318273630286,-3.23399145444364,-0.0995734267001295,0.00922673805816207,-0.0234907079146976,-0.0312225879362478
8.38608470005971,5.93819054005728,-3.2672987953032,-0.0992109381834007,0.0125375334404116,-0.041418224667329,-0.117529729685989
8.3009143943513,6.01195487542758,-3.371992905851,-0.0973575068496923,0.0228367217439832,0.012187201141287,0.0509276136263139
8.27896937340019,6.07468861102292,-3.1705331853842,-0.0999581252037968,0.00289364920853875,0.0780131042526775,0.0598400863868043
8.30138927807033,6.21711161816608,-3.10900056504573,-0.0999468924895621,-0.00325863187241523,0.122366797159707,0.145681639015578
8.22838869357746,6.20406368431476,-3.66258801035115,-0.0867324176865111,0.0497743681250961,0.0137318331936389,-0.0628223019764174
8.06383613317366,6.19031498719714,-3.13566858694095,-0.0999982452768488,-0.000592403199848419,-0.0645543151269512,-0.0131562939177723
7.98902660744513,6.24878514225273,-3.63768671472967,-0.0879448469622097,0.0475994106349388,0.0131353212336784,0.0108707444206506
7.86801762101889,6.1472475754462,-2.47538180103402,-0.0786169040808654,-0.0618011520340844,-0.042392082345373,-0.0397364147724493
7.81459719315915,6.0737391477689,-2.8067542230514,-0.0944463416363413,-0.0328616577718091,0.0410259137766018,-0.0406467699054915
7.8029708193464,6.02804922548307,-3.0462826622721,-0.0995461440026361,-0.00951657576055757,0.0879197701898844,-0.0361733465252656
7.65484643292616,5.98731999216145,-3.68459885721527,-0.0856159210544362,0.051671211152832,-0.0625084653658018,-0.0924004444744586
7.55355385376002,5.91442856079567,-3.24587775166844,-0.0994567235453499,0.0104096177462887,-0.00183585562078725,-0.0833010491120683
7.61406133544518,5.84088435090794,-4.07263588590675,-0.0596997381289349,0.0802243184286199,0.120207219814092,-0.153768528316348
7.47661874958791,5.82361783977499,-3.88708527439901,-0.0734753830179136,0.0678333847774891,-0.0639672028393547,-0.0850998959104423
7.29614635168882,5.90427515360921,-4.0250933007683,-0.0634449160837289,0.07729645931819,-0.11702748181536,0.00336085451603507
7.15772385451207,6.04938391745596,-4.70672901847374,-0.000565993169136343,0.0999983982458344,-0.137856504007616,0.0451103656009093
7.25374878013432,6.11885965856893,-4.82884324429259,0.0116191224727651,0.0993226861948613,0.0844058031494846,-0.0298469450818906
7.31302633370453,6.18032768785319,-5.59407208436782,0.0771810178331978,0.0635853008660933,-0.0179034642629856,-0.0021172715818305
7.41866682594183,6.10718365234342,-5.2250734901033,0.0490518376135338,0.0871430847901055,0.0565886546237641,-0.160287120299871
7.34093560144991,6.23147341521733,-4.37549353781656,-0.0330558653719958,0.0943785450433968,-0.0446753591199201,0.0299112178305112
7.21541183586698,6.31559099274959,-3.36023939904874,-0.097619187588958,0.021690878600735,-0.0279045779939764,0.0624266989315192
7.08436189126146,6.34934290860653,-2.94904751714457,-0.0981520383407317,-0.0191357615359186,-0.0328979062647827,0.0528876773928566
6.88651425496653,6.38030685624352,-3.04493407869542,-0.0995332195875887,-0.00965081336099957,-0.0983144167073443,0.0406147609979901
6.68012828278012,6.27782295611143,-3.03973968187664,-0.0994817468711825,-0.0101676958775318,-0.10690422531523,-0.09231620425455
6.64958745001344,6.25692009603985,-2.88406746104468,-0.0967023242942117,-0.0254688137944645,0.0661614915275329,0.00456595372288193
6.47868875476273,6.24680440200447,-2.88170899858893,-0.0966419881630428,-0.02569681155113,-0.0742567070876682,0.0155811175157474
6.46256687261312,6.26294550292295,-2.56780242264198,-0.0839849602663284,-0.0542819164092725,0.0678630781167216,0.0704230173277538
6.38863445917162,6.16657739669862,-2.12317752893955,-0.0524715778382626,-0.08512774823266,-0.0214608356032379,-0.0112403579916669
6.35635417497883,6.13412359435534,-2.01866145512622,-0.0433042205347673,-0.0901373645270164,0.0110239363419738,0.0576835621837324
6.2303145476432,6.01465281468754,-2.02582022414097,-0.0439483779735025,-0.089825052593907,-0.0820912493621255,-0.0296457270738952
6.07766066763108,5.99137964792028,-2.28597499934866,-0.0655752320669231,-0.0754976088321291,-0.0870786479451972,0.0522244420648734
5.95663333253103,5.84402298851558,-2.30869592877901,-0.0672735347505127,-0.0739883201740083,-0.0537538003495357,-0.0733683392306919
5.90431724035545,5.77350561151803,-2.64163584277305,-0.0877603267069333,-0.0479387636082985,0.0354442345313543,-0.0225786133892574
5.84651402546715,5.6833680541894,-2.82562029398603,-0.0950494676459359,-0.0310740840609051,0.0372462527576371,-0.0590634732677193
5.6726057600239,5.53303560617441,-3.35796727542238,-0.0976682199226441,0.0214690199390196,-0.076240045520613,-0.171801467954014
5.65593175195106,5.52616622738378,-2.6986235489177,-0.0903483018268764,-0.0428623886058586,0.0736742937540443,0.0359930098152268
5.61184256607393,5.47410553388718,-2.45683380745476,-0.0774571596114203,-0.0632486238975281,0.0333679737342849,0.0111879304009368
5.47402900097622,5.49977080325478,-2.76367684165049,-0.0929435686046141,-0.0368984153459114,-0.0448699964930968,0.062563684713508
5.32674887871307,5.58949548277272,-2.95806091518519,-0.098320527266106,-0.018250312822385,-0.0489595949970389,0.107974992340326
5.24889516108242,5.62397208044176,-2.74161379804102,-0.0921069227834132,-0.0389398866892336,0.0142532051527564,0.0734164843582747
5.13138617584642,5.4918833924636,-3.0080479973807,-0.0991096156931861,-0.0133148066883809,-0.0183993695428108,-0.118773881289779
5.04576739541293,5.53828801356,-3.29530606981003,-0.0988209335924555,0.0153108812259616,0.013202153158972,0.0310937398704345
4.78574295724517,5.57273303231542,-2.7532121292147,-0.0925523552579511,-0.0378690049539991,-0.167472082909813,0.0723140237094162
4.70259515458012,5.41565637613695,-2.02624869086931,-0.0439868609846287,-0.0898062139315479,-0.0391609416804196,-0.0672704422469175
4.59458715672913,5.39572323063702,-3.10127794058266,-0.0999187472015045,-0.00403037934713817,-0.00808925064949173,-0.0159027661527897
4.47231079564653,5.37274758001155,-3.5099116528873,-0.0932933903846999,0.0360047678860451,-0.028982970697898,-0.0589804185115166
4.45819575446231,5.4207423791381,-3.46952448350211,-0.0946710495883326,0.0322085760294284,0.0805560084041189,0.015786223097122
4.32268791033836,5.46595610214113,-3.32581696452306,-0.0983078640217668,0.0183184025361879,-0.0371999801021819,0.026895320466835
4.31717635731405,5.51387879816517,-3.37881602809182,-0.0971994240842334,0.0235004671803211,0.0916878710599188,0.0244222288437248
4.2519006174459,5.67975908928835,-3.80213116764544,-0.078966194492294,0.0613542184972248,0.0136904546241395,0.104526072625954
4.2674424087738,5.66624187572998,-3.82617447895966,-0.077468354717548,0.0632349113809465,0.0930101460454571,-0.0767521249393126
4.18013054735109,5.89596272047441,-3.12699608351095,-0.0999893471962391,-0.00145960517605051,0.0126774857735282,0.231180449920474
4.17373262964237,5.91202382489958,-3.74538346366639,-0.0823189237529566,0.0567767099447909,0.0759210060442358,-0.0407156055196167
4.0903325082572,6.20048490249427,-3.79600688296699,-0.0793404619612441,0.060869459466767,-0.00405965942392625,0.227591618127915
4.08211006589381,6.27607408377097,-3.76186480049435,-0.0813720299604588,0.0581256633520357,0.0731495875970673,0.0174635179246656
3.99487506419758,6.43079753483532,-3.71064846683739,-0.084241011324561,0.0538836896566594,-0.00299399037166859,0.100839761407695
3.80936981189077,6.24262327945432,-2.75121313049199,-0.0924764702964796,-0.0380539412085572,-0.093028782010337,-0.150120314172448
3.76887494419637,6.13476652586195,-2.58206639229766,-0.0847506659393008,-0.0530784760787746,0.0442557982449016,-0.0547782775135905
3.61570083119548,6.24179394072328,-2.8183874396835,-0.0948222290762675,-0.0317607442136964,-0.0583518839246158,0.138788159075024
3.46413989890907,6.28853706645704,-2.95877671726582,-0.0983335656885088,-0.0181799301149295,-0.0532273665979057,0.06492305584869
3.4913784201961,6.36570141510263,-2.80627790151284,-0.0944306782074464,-0.0329066408690055,0.121669199494477,0.110070989514599
3.32752906662061,6.34735005524294,-3.18229257408819,-0.0999171872560136,0.00406886849710275,-0.0639321663194766,-0.022420228356792
3.37387526231774,6.40046977572466,-3.34985165895462,-0.0978392359872134,0.0206756838203325,0.144185431684339,0.0324440366613881
3.3657203726703,6.50676590426933,-3.28581531016899,-0.0989617927139888,0.0143723200226516,0.0908069030665533,0.0919238085220191
3.37326879195322,6.50710742232557,-4.07043143594448,-0.0598764434230764,0.0800925185207902,0.0674248627059923,-0.0797510004645599
3.27051218003002,6.47682905618931,-3.78571366146574,-0.0799627906864281,0.0600495803951908,-0.0227938212367668,-0.0903279465314442
3.14875385664636,6.58752625483664,-3.69799144458938,-0.0849162525500202,0.0528131617389187,-0.0368420708336376,0.0578840369084053
2.97229516845327,6.66550195845849,-3.67314871575011,-0.0862019384959314,0.0506875310065864,-0.0902567496971602,0.0272881726152652
2.85805217926298,6.60101581280924,-3.24254415653849,-0.0994908723084654,0.0100780120708716,-0.0147521168818267,-0.0745641577201233
2.76254894279901,6.81459249247629,-3.93156744857853,-0.0703863219890895,0.0710335531762858,-0.0251169144748785,0.142543126490772
2.66794445480127,6.86256235098812,-3.63896381854482,-0.0878839858710571,0.047711686486812,-0.00672050212667995,0.000258172025018322
2.60801517728057,7.06489594858372,-4.38942602902502,-0.0317377714071915,0.0948299207323556,-0.0281915061135141,0.10750367686324
2.68546767071192,7.1248386394192,-4.55249103178414,-0.0159217457858963,0.0987243536880809,0.0933742392172457,-0.0387816628526032
2.71596033737005,7.24806888183637,-4.93279075125126,0.0218621692620932,0.0975809692263588,0.00863049739603858,0.0256492731908136
2.6707158382258,7.42831706865586,-5.49177257433255,0.0702841074213017,0.0711346908617091,-0.115528606565555,0.10911349595778
2.88364826645943,7.37340707534822,-6.19958947231985,0.099650790254929,0.00834985039196173,0.113281637978704,-0.063259843699607
3.06843271040998,7.27822628979835,-6.87312869730861,0.0830972173294422,-0.0556313982576697,0.101687226621113,-0.0395493872921953
3.16854604919186,7.29519298168736,-6.27209676063445,0.0999938522697678,0.00110883193128922,0.000119486512105818,0.0158578599577228
3.25773432676128,7.50377057020516,-5.89252767008026,0.0924658833863456,0.03807965873774,-0.00327760581692357,0.17049792978006
3.3222556994893,7.5015194979673,-6.18059586425497,0.0994742316776153,0.0102409585561177,-0.0349528589495993,-0.012492030793982
3.41171186174456,7.56412456954714,-6.59204376870727,0.0952681185482222,-0.0303971312508578,-0.00581195629295574,0.0930022028306996
3.43707347835853,7.67017435439261,-6.23375728343138,0.0998778683917333,0.0049407899695895,-0.0745162517777667,0.101108994875885
3.52444439215318,7.65413874581715,-6.32442679261076,0.0999149690471429,-0.00412297954257239,-0.0125440552524957,-0.0119126290328921
3.50947479761772,7.85824661003101,-5.21104222210878,0.0478243212602607,0.0878227436145978,-0.0627939157957162,0.116285120599259
3.49793301155874,7.9724436334598,-5.58679759381826,0.0767164291107494,0.064145066096274,-0.0882582151697264,0.0500519573325233
3.66524466533317,8.00274730159003,-5.58113336245645,0.0763518678953538,0.0645785743795142,0.0909597858790753,-0.0342749062492904
3.79705144808066,8.11043068273196,-5.45666952883294,0.0677442774906632,0.0735575479965722,0.0640625052568239,0.0341258331453571
3.91281916521536,8.1274862615367,-5.56039563865807,0.0749963341495443,0.0661479392281414,0.0407713829851568,-0.049092360423397
4.04312621415645,8.15278209510374,-6.02346907233046,0.0966462889726982,0.0256806313747484,0.0336607599683905,-0.000384797807710058
4.12203483467237,8.20360335492019,-5.30003628229646,0.0554404532388338,0.0832247327702089,0.0234681672770835,-0.0324034729537537
4.06710888915019,8.32697759589588,-5.18311579548498,0.0453534170995922,0.0891238888143376,-0.100279362621764,0.0342503521613546
4.12394716155122,8.54986607146337,-5.10535915107997,0.0382933871875871,0.0923775757297275,0.0185448852134401,0.130510899837753
4.10438719768116,8.5593777389634,-5.35731578497527,0.0601139946469003,0.0799143769768147,-0.0796739585169639,-0.0704027094767818
4.05954277634365,8.68154981716575,-5.08414766764809,0.0363254544113091,0.0931689935644467,-0.0811698757488204,0.0290030846378999
4.02079177452476,8.62853437519103,-5.41303369790799,0.0644710660476251,0.0764426689924074,-0.103222067866512,-0.129458110967123
4.15950755199391,8.59026343312748,-5.9800346170105,0.0954400656319786,0.0298528704174928,0.0432757118371712,-0.0681238124810459
4.31999017913288,8.43252460379379,-6.303330178212,0.0999797098947388,-0.00201435085421377,0.0605029172442276,-0.155724478479475
4.49496813531777,8.43196252942591,-6.20168868130362,0.0996680987586018,0.00814064431390973,0.0753098574262959,-0.00870271868179007
4.6519844067312,8.38180991538122,-6.4636469570758,0.0983760938968375,-0.0179483745670912,0.0586401775165921,-0.0322042394775974
4.73980279705025,8.27743709694122,-6.61063201994978,0.0946866633801972,-0.0321626456922504,-0.0068682730611534,-0.0722101727477455
4.78512275721284,8.24558044080316,-6.31244080030522,0.0999572088582501,-0.00292513200867379,-0.0546372486956604,-0.0289315241293862
4.89722973896072,8.12359617438712,-6.12523290522692,0.0987551433244096,0.015729642938583,0.0133518384234666,-0.137713909354626
4.94167526195422,8.21391842599493,-5.72039493601074,0.084576960785034,0.0533548283135352,-0.0401314377915337,0.0369674232942687
5.08835122053581,8.24637532883964,-5.07111809283178,0.0351084529482515,0.0936343768686502,0.111567505633347,-0.0611774740239315
5.02077267637138,8.22597849206077,-4.79823675842187,0.00857423694745935,0.0996317342053666,-0.0761527811118975,-0.120028570984242
5.07130167762889,8.36695570201846,-5.58723391158928,0.0767444094397466,0.0641115872502353,-0.0262154081822282,0.0768656227074538
5.04311575303571,8.39896885074555,-5.53573197397007,0.0733422401103616,0.0679773183907255,-0.101528164703546,-0.0359641696636279
5.11296232796616,8.49740381122451,-5.89069798953423,0.0923960550390242,0.0382487779311393,-0.0225494801085698,0.0601861825478198
5.1532858799727,8.65492992777283,-5.46487888864446,0.0683458483341624,0.0729989384544986,-0.0280222963276225,0.0845271780938153
5.0498147748103,8.68580167203721,-6.38555405382021,0.0994764893965566,-0.0102190047136093,-0.20294759455896,0.041090748977989
5.16709251565215,8.66115584176808,-6.70394729962922,0.0912777964871345,-0.0408456101491123,0.0259999443547115,0.0161997798799836
5.32887342470316,8.51956036802903,-6.57320240240996,0.0958238986953511,-0.028596860646286,0.0659570103556623,-0.112998613092762
5.33895997493286,8.45540029686615,-7.49311545998421,0.0353084750511805,-0.0935591341856057,-0.0252219248214764,0.0293990630227303
5.35552111239198,8.43355635988542,-7.28430712444286,0.0539357989410671,-0.0842076575650266,-0.0373746614819511,0.0623637205842944
5.514888237297,8.41844095993455,-6.82993334798606,0.0854219768781933,-0.0519912095091219,0.0739451480268252,0.0368758095582478
5.60859738958466,8.3151753157336,-6.97360210393803,0.0770980641380359,-0.0636858579762203,0.0166110881496271,-0.0395797862247282
5.75475196239477,8.36574361127251,-6.98321768642239,0.0764821327602644,-0.064424245191087,0.0696724400498483,0.114992540729999
5.96838499573513,8.41534868276804,-6.75317452191915,0.0891573172640008,-0.0452876669556547,0.124475716076355,0.0948927384511831
6.05857909565149,8.52777395330022,-6.79011022564772,0.0874241563728069,-0.0485491182464009,0.00276994354355389,0.160974388778583
6.05873550824425,8.5705039925588,-6.32619849927741,0.0999075075268915,-0.00429999299582209,-0.0997510949341281,0.0470300322544088
6.16081334889469,8.53893166561149,-6.9427528471302,0.0790257306160345,-0.0612775154571556,0.0230521100344056,0.0297051885098447
6.19658213743561,8.40440005345098,-6.96277151382939,0.0777832842545574,-0.0628471215774814,-0.0420144957136413,-0.0716844905830272
6.14586140279197,8.47828200278709,-6.1075453359156,0.0984614913053774,0.0174738298584221,-0.149182225949022,0.0564081194776844
6.31200123975175,8.4928740153089,-6.18271729696091,0.0994957333250923,0.010029907781337,0.0666441036346976,0.0045621047404738
6.41862356519127,8.46971918289618,-6.5465261801583,0.0965525713119931,-0.0260307697358815,0.0100697541275173,0.00287593732315727
6.45622329233364,8.39720346086721,-6.41870974053266,0.0990830611295729,-0.0135109954183003,-0.0614833339871954,-0.0590047266106637
6.57336354717676,8.24839997021321,-6.01414937907912,0.0964027596727903,0.0265802168439282,0.0207374951703272,-0.175383707497929
6.65172631730931,8.20198794614821,-6.80294568145542,0.0867938220024068,-0.0496672171780797,-0.00843105186985704,0.00325519311307421
6.612623539958,8.25329104248618,-6.59445385286845,0.0951945822920015,-0.0306266469312486,-0.134297359643312,0.0819297432692245
6.8061769848908,8.14707732387136,-6.47781785436709,0.0981118803374917,-0.0193406033163838,0.0954415645953064,-0.0868731152984421
6.84480066501916,8.23799538546,-6.02796409535911,0.0967607472346839,0.0252459461020104,-0.0581370671063269,0.0656721154866324
6.91012420802457,8.33448306440272,-6.12747687673086,0.0987901915291881,0.015507999794504,-0.0334666485237755,0.0809796791482089
6.98614993644021,8.37478311619067,-5.70924889352089,0.0839770242913101,0.054294192978409,-0.00795129587566856,-0.0139941411904556
6.99656376790902,8.45420093384887,-6.3251052866999,0.0999121486319699,-0.00419077030427017,-0.089498317163163,0.0836085879624742
7.06902588261553,8.39639111645027,-6.47441127102619,0.0981771963028037,-0.0190062654438145,-0.0257150815962858,-0.0388035519547931
7.12406883609044,8.50972370936024,-6.74889259697029,0.0893504177192719,-0.0449054880097258,-0.0343074642443674,0.158238080919696
7.24082532126082,8.5428908936034,-5.67713473052521,0.0821904115680692,0.0569625863727359,0.0345660736023162,-0.0237954021295728
7.3049952902897,8.56957374505282,-6.08344424956149,0.0980117988893095,0.0198415543363302,-0.0338418298604354,0.00684129711308201
7.38762408165768,8.60130812857305,-6.32731306893926,0.0999026528303245,-0.00441134417878112,-0.0172738614623452,0.0361457276990127
7.61378248281944,8.58952084986344,-6.42063203904282,0.099056905911834,-0.0137014375586678,0.127101495249931,0.00191415884906188
7.65449752973269,8.51692486175744,-6.52374997391114,0.0971203597239182,-0.0238251070741921,-0.0564053128106751,-0.0487708810318142
7.67765207136097,8.53482798820834,-6.77556546611189,0.0881210195980563,-0.047272464553892,-0.0649664779697717,0.0651755910047973
7.81090452929021,8.61124847128417,-6.83754928386709,0.0850235416567267,-0.0526402637165399,0.0482289162725176,0.129060746792364
7.93863430051548,8.37940317022064,-6.97203770296725,0.0771975999724708,-0.0635651678082452,0.0505321712527907,-0.168280133255282
8.06323606795914,8.40294911399981,-6.52842463171919,0.0970079247509524,-0.0242788495508655,0.0275938426927084,0.0478247933300404
8.13662809769982,8.3242645514593,-6.83682473586259,0.0850616597340266,-0.0525786462672127,-0.0116696299933408,-0.0261059162732946
8.26764497318699,8.29831082522901,-6.55857578033903,0.096231909247038,-0.0271922717452928,0.0347849662401298,0.00123854551499347
8.23177190206833,8.217743238348,-6.82955871099491,0.0854414487134246,-0.0519592036289168,-0.121314519832081,-0.028608383252094
8.46493066768696,8.2080966350318,-6.7615028635105,0.088777058449214,-0.0460286203693402,0.144381707169416,0.0363820170531484
8.49904513732581,7.99496123521167,-7.33982816183394,0.0491797945611245,-0.087070935488977,-0.0150653249222756,-0.126064464331161
8.52053486109894,7.92728482505899,-7.8814853942484,-0.00275002928371818,-0.0999621795427585,0.0242397530568398,0.0322857693900831
8.52290516204621,7.7798119516596,-7.90196879217664,-0.00479687431123652,-0.0998848837254276,0.00716717525850818,-0.0475879896739615
8.5513351102235,7.73754149008247,-7.31754739574077,0.051107434478362,-0.0859536511210544,-0.0226774863010732,0.0436831895439287
8.71743174409773,7.73431666741909,-7.11085522189643,0.0676593369493392,-0.0736356851232864,0.0984372969248892,0.0704108624599056
8.83462970269207,7.54883796380578,-8.08570984762369,-0.0229659885798477,-0.0973270947298351,0.140163947174193,-0.0881516088834795
8.6830261120859,7.46059805879372,-8.62210736838543,-0.0694788461434619,-0.0719214150206539,-0.0821247444627051,-0.016318489991404
8.66282966210172,7.48047084701703,-8.90384619414792,-0.0867355826701812,-0.0497688526978889,0.0665391326859952,0.0696416409211977
8.67890669588344,7.42550531037561,-8.68262318402136,-0.0737013905563195,-0.0675877579896305,0.0897784243380378,0.0126222213482112
8.36403822668177,7.33088933407068,-8.3757817804938,-0.049844153359905,-0.0866923317014502,-0.265024315841761,-0.00792364460348249
8.25625813595855,7.37676814314722,-8.71196826302958,-0.0756527429122498,-0.0653961962949913,-0.0321273478109665,0.111275005371535
8.18478673559656,7.21976553017636,-8.94202206471624,-0.0885718940638195,-0.0464221884657277,0.0171004937018303,-0.110580424505138
8.14433781899601,7.3250455312892,-9.34984895462915,-0.0997194135148354,-0.00748589128008561,0.0592704969142806,0.11276589239293
8.04042392111591,7.33838681121592,-8.64708540678012,-0.0712534423302363,-0.0701637153811833,-0.0326604555498654,0.0835049953079026
7.95274717718603,7.25785518396754,-8.4463686951194,-0.0558342942149161,-0.0829610245206879,-0.0318424497149594,0.00242939727230906
7.99386293300335,7.07545113266195,-7.94950569159506,-0.00953788501736252,-0.0995441045436422,0.0506536408346845,-0.0828599467619506
7.78090580222355,6.8662785951358,-8.63904310329255,-0.0706868662444489,-0.0707344819768929,-0.14227026453535,-0.138438055549253
7.81808515111063,6.82756112503167,-8.11392596606364,-0.0257026754582706,-0.0966404287774367,0.0628820243453475,0.0579229586733041
7.79937650260764,6.65488893726741,-7.43193652986696,0.0409626960981523,-0.0912253118842047,-0.0596713446011367,-0.0814468758800546
7.90619049019345,6.55358470959351,-6.78954228271048,0.0874517154004103,-0.048499458486932,0.0193622721853978,-0.0528047691869664
7.83265873723829,6.48886505329559,-6.7047157093374,0.0912463833792029,-0.0409157368284566,-0.164778136334367,-0.0238039194694628
7.90099603509402,6.47465742920319,-6.50027385146384,0.097652867818571,-0.0215387419968928,-0.0293155699628422,0.00733111790449392
8.06245149019593,6.46163864382784,-6.44760990487291,0.0986512703215718,-0.016368471643381,0.0628041847803397,0.00334968626802512
8.0734679768479,6.30653143117721,-6.48232212307231,0.0980237700911577,-0.0197823278993108,-0.0870072834391901,-0.13532488475132
8.24400035489363,6.29779310437005,-5.89698565620532,0.0926347225990281,0.037667070087825,0.0778976554467026,-0.0464053968949845
8.22744270954237,6.50919403841922,-6.56302612434122,0.0961099417210946,-0.027620266153095,-0.112667587072354,0.239021200202267
8.33336363729746,6.63947101154321,-6.23621688602111,0.0998897186466187,0.00469511540852382,0.0060312091084691,0.125581857715465
8.38608631792199,6.7454992619224,-5.7396489087163,0.0855885132127045,0.0517165970075247,-0.0328658325881758,0.0543116533716625
8.50705603684248,6.76522241932934,-5.68719695175508,0.0827594112574865,0.056132698566114,0.038210307663007,-0.0364095411591749
8.6438327319705,6.80765395731045,-6.3205155517782,0.0999303307330916,-0.0037321574959983,0.0368463643949292,0.046163695477111
8.65106748887486,6.87313956056221,-6.19049572413432,0.0995707395193753,0.00925569184689656,-0.0923359826150119,0.0562299114048608
8.65960330782817,6.75352000873586,-6.84547945218164,0.084603426432749,-0.0533128524451509,-0.0760676074794461,-0.0663066993811965
8.67467963434958,6.67426702350698,-7.14897927867779,0.0648035623354976,-0.0761610025448016,-0.0497272358140807,-0.00309198268407651
8.691541533143,6.54629335638334,-6.94788538347555,0.0787101820393107,-0.0616823089981121,-0.061848283245891,-0.0662913581255231
8.74464706099419,6.51660168699653,-7.2565847800383,0.0562492093552305,-0.0826802663693789,-0.0031436815040482,0.0529885969825639
8.87659042169482,6.43240398038317,-6.60895612678509,0.0947404315437421,-0.0320039158683047,0.0372029291568918,-0.0521937907450543
8.98124499959185,6.39250290199795,-6.87342523368803,0.0830807169427345,-0.0556560371593345,0.0215738609542975,0.0157549587741166
8.96401253404024,6.26426515866341,-6.71236646012956,0.0909306798328031,-0.0416126358831575,-0.108163145384418,-0.0866251074513895
8.89633003435093,6.1378190352315,-7.09978464942831,0.0684703634467906,-0.0728821605707762,-0.136152863136099,-0.0535639628611331
8.90426787506057,5.9961147957642,-7.37988135920103,0.0456538143082501,-0.0889703840562005,-0.0377159735986163,-0.0527338554110977
8.74892353891258,5.86241511318164,-7.76651362453445,0.00873565208698583,-0.0996177111894022,-0.164079988234974,-0.0340819713931615
8.79471817765168,5.91269075929772,-7.4847905985159,0.0360861093958799,-0.0932619574567711,0.00970852934322686,0.143537603572855
8.70400139819436,5.9001420513258,-7.11945975202122,0.0670232396333528,-0.0742151288421045,-0.157740019090674,0.0616664208701856
8.74594340360096,5.94017628218327,-7.30929717124212,0.051814824017235,-0.0855290828435741,-0.00987281861064027,0.125563313701039
8.85348375766142,5.90267012140463,-7.04332818317562,0.0724737573005342,-0.068902499974553,0.0350665967599335,0.0313963391959196
8.84107787702726,5.98290331441154,-6.78756552750592,0.0875474160335485,-0.0483264932086819,-0.0999532966677059,0.128559686215585
8.94597264271641,5.98895463408943,-7.24880191280289,0.0568909888113311,-0.0822399865762939,0.0480037768778119,0.0882913062541879
8.84508979619529,5.92829016772025,-7.82605147339942,0.00279265293588642,-0.0999609978420568,-0.103675499456998,0.0392965314728733
8.76491958577519,5.86862954671966,-8.61496897419563,-0.0689636768947104,-0.0724155457699656,-0.0112065335253952,0.0127549247693839
8.65230897100466,5.87448740903591,-8.76947815056703,-0.0792865260306373,-0.0609396979808161,-0.0333240887398851,0.0667975602970585
8.54102910378003,5.83280966334514,-8.54701734151182,-0.0638875522958428,-0.0769310123529253,-0.0473923149287894,0.0352532666621597
8.50754878512426,5.70889141931658,-8.39108958180507,-0.0511653306751889,-0.0859192000480601,0.0176850120194165,-0.0379990439805036
8.35559008225795,5.62896989708329,-8.30635555836968,-0.0437101899819086,-0.0899411990788729,-0.108248512884407,0.0100196768455871
8.215700255285,5.71631236096934,-9.07257303763162,-0.0938614366683777,-0.0344968216876298,-0.0460283903045644,0.121839285573679
8.34339304582478,5.69246432867546,-7.17605065202172,0.0627182867298852,-0.0778872037607456,0.0649745038098948,0.0540391714668704
8.54996883924788,5.69918368201999,-6.63822284824309,0.0937633439246652,-0.0347625565237218,0.112812449498428,0.041481909868242
8.54801905224414,5.64657404208014,-6.7094289011438,0.0910525268978275,-0.0413453424888512,-0.0930023139015628,-0.0112642974509889
8.60860079272066,5.69652332594222,-6.96810393333931,0.0774470527560481,-0.0632609991969927,-0.0168653122795255,0.113210283059068
8.70981694774575,5.57060599424406,-7.23062434491749,0.0583764306106724,-0.0811923170574492,0.042839724414417,-0.0447250146407088
8.70074708984854,5.40948182826677,-7.11046170863431,0.0676883083286378,-0.0736090545762358,-0.076758166225845,-0.0875151114010546
8.71174255175789,5.31804115101318,-7.36755159856859,0.046747299881915,-0.0884007350294686,-0.0357518379725645,-0.00303994222412141
8.65114313505486,5.07076729070618,-7.84322373535642,0.00107576911130605,-0.0999942134366742,-0.0616751858143452,-0.147279646870327
8.59230323742302,4.97973306851342,-7.60985070373364,0.0241713116284105,-0.097034775694914,-0.0830112092602477,0.00600055350215789
8.57144395676302,4.87067167358477,-7.06956256576337,0.0706414117525542,-0.0707798766995683,-0.0915006924125539,-0.0382815182290901
8.66514134251868,4.83844576491233,-6.87204213553528,0.0831576152153244,-0.0555410751759457,0.0105397705403329,0.0233151665035107
8.77813124940044,4.8209577726785,-6.67199748724715,0.0925360002644175,-0.0379089521757555,0.0204539066173437,0.0204209599419272
8.81891298650457,4.88496572822094,-6.48503456419328,0.0979697511605662,-0.0200481385055257,-0.0571880140564378,0.0840560940479655
8.93611539451844,4.92589394864566,-6.09111146021744,0.0981610459231006,0.0190895013890602,0.0190413620907735,0.0218387190356528
9.00581329679756,4.99793020810766,-5.7401319041362,0.0856134821079806,0.0516752521169127,-0.0159155798288633,0.0203610073450864
9.01035104317651,5.13768647156882,-6.24952641848705,0.0999433593083535,0.00336525335767595,-0.0954056129294023,0.136391010103487
9.07169220969295,5.27610004054601,-5.83900000574766,0.0902961059229469,0.0429722381910921,-0.0289549394065087,0.0954413307861017
9.17252525839153,5.25806660816462,-5.60583913869609,0.0779238689385278,0.062672726521599,0.0229091797600538,-0.0807061589029923
9.3018787975938,5.39946832394402,-5.29110035854211,0.0546945598039517,0.0837168150842586,0.0746589793983228,0.0576849006951415
9.33145841109345,5.4364491501112,-5.72127036332227,0.0846236366442293,0.0532807668967466,-0.0550440231445828,-0.0162999407295618
9.51750077292671,5.45162989954168,-6.11523586618444,0.0985929612966922,0.0167160995076291,0.087449400536566,-0.00153535007715622
9.44403758591398,5.47979718366638,-5.63603481513438,0.0797805047715757,0.0602915504726209,-0.153243691784305,-0.0321242663479164
9.47370427411177,5.64498689919513,-5.36382028573379,0.0606325224443263,0.0795216776862653,-0.0309658342465333,0.0856680378424841
9.44042079395188,5.59327244836198,-5.51982369738409,0.0722516034552466,0.0691354163807943,-0.105535083615139,-0.120849867213942
9.4129739738514,5.61914900591299,-4.83128787645351,0.0118618949446657,0.0992939849553925,-0.0393087150451468,-0.0734174274043846
9.3673685250244,5.75818457088832,-4.33066216974484,-0.0372523543570485,0.0928022741901129,-0.00835309446994659,0.0462332907852157
9.22554936266519,5.9493965023229,-4.19210585592123,-0.0497125818765256,0.0867678465975141,-0.0921065804826844,0.104444084837071
9.21899475540558,5.99240279467847,-4.52945606315137,-0.0181914331404451,0.0983314383109325,0.0116368258808328,-0.0553251459553687
9.27660877926721,6.08265272922496,-4.81442740498882,0.0101861448801351,0.0994798595318716,0.0474278789814901,-0.00922992498538178
9.25972132298405,6.12552382821652,-4.36670485957054,-0.0338840407360763,0.0940843865016716,0.0169965844529143,-0.0512132875101088
9.26357886167294,6.20049741400664,-4.10473862545467,-0.0570939998596544,0.0820991789241877,0.0609515385485495,-0.00712559313407146
9.25083893120699,6.20277664094509,-4.63069381629386,-0.00816043207974453,0.0996664805652928,-0.00457949838620531,-0.0973872536268401
9.14952396077237,6.40102268557108,-4.60741649014041,-0.0104779810541765,0.09944954455918,-0.0908369893804442,0.0987965000668114
9.14216925300935,6.47803829595195,-5.30699984606584,0.0560186451067211,0.082836654932507,-0.0633733528697422,-0.00582104455164001
9.28019440243059,6.5385632357319,-5.80878261129643,0.0889565733106757,0.0456807187424014,0.0490685761105669,0.0148442210375472
9.41765860430819,6.63204751329525,-6.39032513865736,0.0994266016411127,-0.0106934973745489,0.0380376002364882,0.104177774937903
9.46503075668181,6.53815470606934,-6.95361242739343,0.0783556358724386,-0.0621320716460173,-0.030983483498821,-0.0317607355798977
9.51441703502833,6.39286615371459,-7.41773866156293,0.0422537289984466,-0.0906345540383238,0.00713254934807228,-0.0546539983164227
9.58848276980562,6.37788989175979,-6.66834322871698,0.0926739112240362,-0.0375705493497162,-0.0186081764467447,0.0225942873949194
9.63589237497342,6.43080888687746,-6.28358087040006,0.099999992176487,-3.95563210159845e-05,-0.0525903870086926,0.0529585514386817
9.84095400516794,6.49931364088567,-5.48903961829701,0.0700894372030351,0.0713265083441059,0.134972192991487,-0.00282175433589682
10.0010227218917,6.69990096840278,-5.00818360050762,0.0291500052489939,0.0956570812537348,0.130918711474814,0.10493024626338
10.0170938237359,6.78392357284499,-5.23917420201227,0.0502757000181911,0.0864427786901883,-0.034204598174012,-0.00242017424798391
10.1265266840558,6.80138849123956,-6.09361291597895,0.0982084903060754,0.0188438964070995,0.0112243700138119,-0.00137897801252529
10.1638588985457,6.86177505384511,-6.07805782854589,0.0979035026100902,0.020369196760699,-0.060571288120244,0.0400173658448552
10.3364678132962,6.84527179484228,-6.72923841869567,0.0902156844811628,-0.043140819111316,0.0823932302694197,0.0266375601084845
10.3595085413539,6.72327376027764,-6.69508007166167,0.0916363906179516,-0.040034633937557,-0.0685956625603286,-0.0819634006270823
10.5000347837273,6.59060643826407,-6.87862498133407,0.0827901977588729,-0.0560872815801116,0.0577360446145572,-0.0765800404334643
10.6387675554942,6.53970352201023,-6.72409187846105,0.0904365146991414,-0.0426759511794638,0.0482962570677832,-0.00822696507437737
10.6936113034956,6.59814246140307,-5.9861063736823,0.0956195646311288,0.0292728348431337,-0.0407758166297136,0.0291661045497089
10.6889960656871,6.55432655943291,-5.83726722948282,0.0902215091282156,0.0431286365495979,-0.0948367469367795,-0.0869445385197511
10.695469398481,6.5172577921041,-6.08694732079725,0.0980807037497438,0.0194980909823242,-0.0916073709558489,-0.0565668583111349
10.704888191167,6.59461268981264,-6.1578083050168,0.0992150594075472,0.0125048785182773,-0.0897962667215477,0.0648500191902541
10.8451942838488,6.45540957411234,-6.54456093489893,0.0966035416738087,-0.0258409701071131,0.0437025510079958,-0.113362145593177
10.8637698747902,6.36104757955272,-6.61683525038787,0.0944853305882332,-0.032749386309247,-0.075909739646812,-0.0616126082503783
10.9724874994432,6.37252390128912,-6.42728865845123,0.0989635067037462,-0.0143605132532784,0.0097541179492362,0.025836834989678
11.1213759642693,6.4085016045743,-5.99968255925314,0.0960081540409901,0.027972028128856,0.0528803107851528,0.00800567515631956
11.2788868681518,6.40766817389258,-6.09173051348995,0.0981728445316725,0.0190287308184246,0.0593380593508508,-0.0198621615001362
11.4791584498612,6.40962932836069,-6.3877475719549,0.0994538345258212,-0.0104371834376219,0.1008177471835,0.0123983379057231
11.5457147980313,6.59226208799392,-5.6487435224776,0.0805402691787312,0.0592728018623848,-0.0139839210086037,0.123359957770851
11.6557196253776,6.54572831915502,-5.69000071454651,0.082916468533706,0.0559004404803659,0.0270883588126405,-0.102434209319269
11.6758196856777,6.4843766389361,-4.90849093248381,0.0194847484637241,0.0980833552510588,0.000615311836350774,-0.159435035469976
11.7239794170517,6.55504563682446,-3.69210081333437,-0.0852258803390057,0.0523120380069586,0.133385611712982,0.0183569598813949
11.5580782054717,6.50296131501867,-3.48416923849778,-0.0941892279297174,0.0335915069921512,-0.071711983650236,-0.0856758287979325
11.6086314731475,6.60016802954004,-3.38444008050494,-0.0970657197186559,0.0240467472956183,0.147618987394396,0.073159967225749
11.6090597230741,6.6249074938523,-3.20458661981772,-0.0998016536144612,0.00629523119663648,0.100229903541134,0.018444233115622
11.5027508097863,6.57006609517204,-3.43506765298704,-0.0957244408013686,0.0289280388769318,-0.0105844724864399,-0.0837694375571949
11.4044368121911,6.60313990472166,-3.42546299837255,-0.0959978651249486,0.0280073185337722,-0.00231613247032536,0.00506649101585177
11.3072309951842,6.58153658925684,-3.92421448958704,-0.0709067213410414,0.0705140898591473,-0.0262990956658689,-0.0921174053239675
11.3417043577735,6.60768243660281,-5.01086411345362,0.0294063102631016,0.0955786007258435,0.00506705232623039,-0.069432753379872
11.4630463969509,6.7781788736517,-5.21118424015193,0.0478367931921236,0.0878159508124464,0.0735052459853032,0.0826804862364421
11.6694414062697,6.80177329728711,-5.08670130935698,0.0365632559400255,0.0930759276884426,0.169831753378809,-0.0694815040530272
11.6342279847821,6.90051182189758,-4.95407147768005,0.0239336562727776,0.0970936666184594,-0.0591470777604446,0.00164485799200653
11.4684082220557,7.05625593799678,-4.3577734139128,-0.0347229876811806,0.0937780044919521,-0.131096775045215,0.0619661116072439
11.5326383517619,7.09432915314874,-3.49130535591631,-0.093947118782046,0.0342627913712841,0.158177248488221,0.00381042378068197
11.4289172764078,7.06994144640295,-3.99784258819694,-0.0655274833065758,0.0755390556699409,-0.0381935920475105,-0.0999267624157327
