X,Y,Theta,FmPi_x,FmPi_y,Xi_x,Xi_y
0,0,1.98830501196366,0,0,0,0
-0.098583980799569,0.048582350553416,2.4045265159559,-0.0740443645619782,0.0672118447642442,-0.0245396162375908,-0.0186294942108283
-0.134835200934943,0.0478776755423414,2.56597281197474,-0.0838855049796902,0.0544354852490761,0.0476342848443161,-0.0551401602601507
-0.281940717832897,-0.00719210031590228,2.98179329124422,-0.0987259228736047,0.015912012844234,-0.0483795940243494,-0.0709817887024777
-0.363056093055736,0.0677264504482115,2.62463851515453,-0.0869328579957241,0.0494234580001772,0.00581748277288529,0.0254950927639366
-0.412482489339351,0.184327868803392,1.84153098283255,-0.0267439404752992,0.0963574680440165,-0.0226824558083155,0.0202439503111642
-0.439140358573658,0.314785199471484,1.84208292506024,-0.0267971201545264,0.0963426922575027,0.000139250920219536,0.0341146384105889
-0.382035703776251,0.392134440569304,0.746731781192822,0.0733912701849268,0.067924380458294,-0.0162866153875206,0.00942486063952598
-0.361450145538953,0.374910623320988,0.0402794652645102,0.0999188892012087,0.00402685743435058,-0.0793333309639109,-0.0212506746826666
-0.282062655335004,0.300554839386715,-0.631467449749001,0.0807162098288665,-0.0590329862946336,-0.00132871962491703,-0.0153227976396395
-0.167667729699191,0.287944061345336,-0.0413191972941257,0.0999146483410222,-0.00413074410849642,0.0144802772947907,-0.00848003393288239
-0.00293543621794798,0.214439776226825,-0.324640792076545,0.0947765363520415,-0.0318968361614466,0.0699557571292017,-0.0416074489570645
0.104557738163128,0.148642370950376,-0.560644340373353,0.0846912670444652,-0.0531732008290181,0.022801907336611,-0.0126242044474309
0.238725910820163,0.122548825876438,-0.273762907959195,0.096276038965088,-0.0270356120920696,0.0378921336919471,0.000942067018132109
0.293297869526436,0.128256032216544,0.371346678826591,0.0931839520499492,0.036287064917857,-0.0386119933436761,-0.0305798585777511
0.344864240149865,0.212846214374005,1.38564071049493,0.0184099492202588,0.0982907613649803,0.0331564214031701,-0.0137005792075195
0.362902134945754,0.360777963111819,1.90358869644802,-0.0326683461558362,0.0945133808486527,0.0507062409517244,0.0534183678891618
0.270027832932857,0.407297251657328,2.23238779941848,-0.0614373326005525,0.0789015472784222,-0.0314369694123444,-0.032382258732914
0.135226085878974,0.34512007228396,3.33110762572139,-0.0982095721431695,-0.018838257335953,-0.0365921749107131,-0.043338922037415
0.0717754306262604,0.334130391003711,3.17099831807307,-0.0999567684601174,-0.00294014268539489,0.0365061132074037,-0.00804953859485362
0.0555384000734651,0.401737848401786,2.30269346570455,-0.0668282133431939,0.074390791777992,0.0505911827903986,-0.00678333437991672
-0.0804004972739658,0.520719857544584,2.34541722993977,-0.0699445190306195,0.0714686242876922,-0.0659943783168113,0.0475133848551057
-0.0969611345813327,0.565092398050621,1.50359750950937,0.00671482539656951,0.0997743008990471,-0.0232754627039364,-0.0554017603930103
-0.0186565552600122,0.685595190173474,1.23110266385762,0.0333198275802607,0.0942856780747834,0.0449847517410598,0.0262171140480695
0.0177210171649796,0.798121212000977,1.8710447274619,-0.0295757503762783,0.0955263052236402,0.0659533228012701,0.0169997166038631
-0.0529093190816858,0.849042639499215,2.03405720782189,-0.0446867662050983,0.0894600074118647,-0.0259435700415671,-0.0385385799136267
-0.0217568282433618,0.94173620200549,1.43506089712882,0.0135319012779738,0.0990802081538143,0.0176205895603501,-0.00638664564753908
0.0286695247790931,1.04062632120471,1.40108964443002,0.0168893252400275,0.0985634348677874,0.0335370277824274,0.000326684331435523
0.138662791920721,1.08416550142462,0.405167653242633,0.0919036325726364,0.0394172845329792,0.0180896345689916,0.00412189568692272
0.20041037583475,1.14929592039764,1.26389653533549,0.0302104742503246,0.0953274737186005,0.0315371096637039,-0.0301970547455708
0.224730703506856,1.26771780974702,1.42830998472021,0.0142004696481638,0.0989865983947907,0.0101198580239426,0.0194352909545876
0.300741733467949,1.32550912100608,0.851648180037912,0.0658744004657911,0.0752367155268795,0.0101366294953015,-0.0174454042678202
0.331451507379104,1.43919397261467,1.35926776576914,0.0209954635669058,0.0977711128586083,0.0097143103442491,0.0159137387499821
0.237231762591116,1.5405454630816,1.75386290963139,-0.0182045765089097,0.0983290058636375,-0.0760151682790784,0.00302248460328736
0.213049035318442,1.5865633303366,1.76495070434186,-0.0192936869845399,0.0981211172100206,-0.00488904028813366,-0.0521032499550197
0.118486813842247,1.62122609176216,2.81011436191826,-0.0945562279877902,0.0325441200329805,-5.99348840515379e-06,0.00211864139258369
0.0216124403613586,1.65805326757751,2.77166416787413,-0.0932353203890736,0.0361548756317429,-0.00363905309181436,0.000672300183608376
-0.0769979654449667,1.66768311352866,2.84649285017933,-0.0956773120727244,0.0290835340792435,-0.00293309373360091,-0.019453688128101
-0.162933997042012,1.6704853869559,2.73944008500775,-0.0920220611070355,0.0391400085540746,0.00608602950999035,-0.036337735126829
-0.27583141854386,1.71207840404344,2.92004714802195,-0.0975559008859361,0.0219737616791803,-0.0153415206159125,0.0196192554083531
-0.378913236819589,1.70044824106604,2.99890236207364,-0.0989837001582651,0.0142206576141426,-0.00409811811746308,-0.0258508205915386
-0.463653522401969,1.78663584595904,2.50232796484645,-0.080253466553556,0.0596605489929256,-0.00448681902882472,0.0265270559000726
-0.508544088061799,1.80306048628612,2.59362640922005,-0.0853585776332261,0.0520952322620076,0.0404680119733966,-0.0356705919349258
-0.579114473291856,1.84306452341366,2.66952223343737,-0.0890628713057943,0.0454731234331612,0.0184924860757373,-0.0054690863056166
-0.686856930299597,1.91512711799171,2.56536371500775,-0.0838523329320551,0.0544865695548159,-0.0238901240756859,0.0175760250232335
-0.750453337137637,1.96413984205012,2.69249617884803,-0.0900839737102213,0.0434151779977481,0.026487566872181,0.00559754606065677
-0.812831979240838,2.05227817071543,2.16290370734803,-0.0558110894430722,0.0829766370442753,-0.00656755266012872,0.00516169162103282
-0.84579607523416,2.12975275489249,2.45964086874586,-0.0776343969768684,0.0630309480020569,0.0446703009835465,0.0144436361750088
-0.924117532640875,2.21228797806695,2.86996709346169,-0.0963336035212589,0.0268297751129021,0.0180121461145437,0.0557054480615524
-0.958293718485891,2.26769057776232,2.25050442672713,-0.062856602370404,0.0777756230347847,0.0286804165253879,-0.0223730233394134
-1.02144876551209,2.2697827350057,3.00948591941767,-0.0991286588800601,0.0131722810720345,0.0359736118538617,-0.011080123828656
-1.07377127039583,2.31779791257246,2.51889999035884,-0.08123109760557,0.0583224552106165,0.0289085927218318,-0.0103072776438494
-1.21456503333022,2.33374230694955,3.03162137118719,-0.0993959250115885,0.0109749756760856,-0.0413978379228057,0.00496941870100378
-1.25734833485806,2.34696032885849,2.36837803352949,-0.0715669153799308,0.0698439447840815,0.0287836138520938,-0.0566259228751396
-1.36533446352899,2.44348652105593,2.3980398075825,-0.0736068261920821,0.0676907315511409,-0.0343793024788514,0.0288354606462919
-1.40766370590564,2.42519590808698,2.34948581245513,-0.0702347153158421,0.0711834585033814,0.0279054729391918,-0.0894740714723307
-1.43111243991768,2.47564196387236,2.2014615543288,-0.0589682149692878,0.0807635414239363,0.0355194809572467,-0.0303174856385549
-1.46863738448308,2.53639825001531,2.35267822528717,-0.0704616040179637,0.070958877945016,0.0329366594525703,-0.0102025918020687
-1.52932776126335,2.54985924115369,2.91409988176708,-0.0974234925751415,0.0225535605717003,0.0367331157948664,-0.00909256943331602
-1.61912971897865,2.58071445933437,2.56788896464691,-0.0839896576176964,0.0542746479791636,-0.00581230009760527,-0.0234194297984887
-1.69227760671935,2.6953545536499,2.3107109224472,-0.0674224840743571,0.0738526143155614,-0.00572540366633674,0.040787479999971
-1.82270914442527,2.82153567414078,2.13321497951207,-0.0533233858112076,0.0845967879155533,-0.0771081518947144,0.0415843325753334
-1.93397204366858,2.79155544489781,3.33380673505098,-0.0981583679512417,-0.0191032667664109,-0.0131045312920653,-0.0108769624765671
-2.01181380968244,2.77698140228125,3.37910036372096,-0.0971927381350739,-0.0235281034893795,0.0193509721212114,0.00895406087282256
-2.062391122656,2.70360474167641,3.87388550268482,-0.0743643413496936,-0.0668576453042302,0.0237870283761349,-0.0065190153006113
-2.12002365472043,2.68627006286116,3.57301330169121,-0.0908372605904255,-0.041816170178857,0.0332047285259971,0.0244814913636063
-2.23047298452726,2.62427539923906,3.44728019570717,-0.0953640262930003,-0.0300948914134601,-0.0150853035138335,-0.0318997722086407
-2.28983998689066,2.48763198124401,4.04019451480101,-0.0622704560091477,-0.0782457047282009,0.00290345364574325,-0.0583977132668417
-2.44499505922903,2.47877836168698,3.39334813586266,-0.0968476615711962,-0.0249104485746653,-0.0583074107671674,0.0160568290176334
-2.54430717891016,2.40888207707713,3.43879869741643,-0.0956158429789964,-0.0292849888409728,-0.00369627670213029,-0.040611295768878
-2.62310837718192,2.31589858117932,4.18532058190469,-0.0503001765960659,-0.0864285383100084,-0.0285010216757019,-0.00655495758780571
-2.57789835618861,2.21974201705278,5.18197574140316,0.0452517815949284,-0.0891755362332344,-4.17606016114735e-05,-0.00698102789329811
-2.50611651346213,2.08964692407237,5.21934436850725,0.0485517820076965,-0.0874226770573695,0.0232300607187773,-0.0426724159230473
-2.5005036082697,2.03475462251844,4.65436988240979,-0.00579865526530686,-0.0998317364224129,0.0114115604577374,0.0449394348684846
-2.5523336162779,1.91079506960614,4.5777017437187,-0.0134280386825506,-0.0990943377652827,-0.0384019693256516,-0.0248652151470125
-2.48747677223598,1.83090389075044,5.22072726711959,0.0486726322425379,-0.0873554512928796,0.0161842117993888,0.00746427243717447
-2.43229854934111,1.73938251645656,5.09035099318136,0.0369027093790857,-0.0929418637669954,0.0182755135157815,0.00142048947311402
-2.42593877613943,1.59912552698005,4.95741798313404,0.0242584461336227,-0.0970130289764325,-0.0178986729319441,-0.0432439605000726
-2.35614622966927,1.59262854783308,5.96399157177012,0.0949488733402951,-0.031380112354939,-0.0251563268701358,0.0248831332079668
-2.22670910965613,1.61735694706199,6.03560104361134,0.0969507256707366,-0.0245062602597292,0.0324863943424035,0.049234659488643
-2.07984189635577,1.56300296445189,6.0392170231521,0.0970387057837361,-0.0241555289699378,0.0498285075166293,-0.030198453640168
-2.02983766278969,1.52403883186626,6.14731007136718,0.0990783153425513,-0.0135457531677628,-0.0490740817764729,-0.0254183794178668
-1.9119426681476,1.49054423678037,6.28325149349793,0.0999999997809686,6.6186318300081e-06,0.0178949948611199,-0.0335012137177184
-1.81508486754795,1.60149309734676,6.85515610271206,0.0840835836433979,0.0541290214365982,0.0127742169562481,0.056819839129792
-1.72551518867015,1.6459252960542,6.66422025604396,0.0928280254571255,0.0371881391001385,-0.0032583465793226,0.00724405960729762
-1.63242651911572,1.67027237015585,6.3441242654424,0.0998143796216085,0.00609012485532321,-0.00672571006718306,0.0182569492463337
-1.55162145229335,1.69394497151458,6.48429029866703,0.0979846451632955,0.0199752174512087,-0.0171795783409234,0.00369738390751566
-1.46045372378357,1.80414009906013,7.18378033876973,0.062114375399712,0.0783696648500149,0.0290533531100707,0.0318254626955354
-1.38945157080891,1.8915180391176,7.49696207233438,0.0349483289983472,0.0936942596972904,0.0360538239763151,-0.00631631963981718
-1.33433620932614,2.01614559047357,7.72221780403933,0.0131382886611446,0.0991331698830237,0.041977072821628,0.0254943814729445
-1.32039542856394,2.09450452105154,7.7857156735201,0.00682129501659007,0.0997670784091458,0.00711948574560841,-0.0214081478311707
-1.35782337805107,2.16237983367125,8.27513940494242,-0.0408817327401757,0.0912616235235865,0.0034537832530392,-0.0233863109038807
-1.38992075957856,2.26205838329404,8.32675268860746,-0.0455355127855095,0.0890309894102087,0.0134381312580266,0.0106475602125837
-1.41541202651578,2.358262701919,8.10769821213177,-0.0251003281019532,0.0967986235913213,-0.000390938835273058,-0.000594304966364057
-1.44141867056723,2.38925607468425,8.42995021080092,-0.0544647357676748,0.0838665163086996,0.0284580917162225,-0.0528731435434465
-1.52348407086286,2.46894293089934,8.39818298334125,-0.0517734977290218,0.0855541052954385,-0.0302919025666068,-0.00586724908035157
-1.53690040445513,2.51206681164462,8.65255142398026,-0.0716358920664436,0.0697731966291129,0.058219558474174,-0.0266493158838326
-1.5901683063116,2.62745227160571,8.11902674463621,-0.026195280384436,0.0965080684998968,-0.0270726214720332,0.0188773914611893
-1.60992349182148,2.75923694767036,7.90833950323412,-0.00543311039752926,0.0998522974768646,-0.0143220751123508,0.0319323785877856
-1.5945697430424,2.91092814606726,7.87812529047076,-0.00241413109434289,0.0999708556083188,0.017767879873421,0.051720342788586
-1.56136131581221,2.9737662097774,7.64749562104908,0.0205021831885115,0.097875740020215,0.0127062440416857,-0.0350376763100733
-1.52129399715865,3.06554600556175,7.34351460938324,0.0488584786776384,0.087251642169685,-0.00879116002408429,0.00452815361466312
-1.39420564177022,3.1436922913026,6.79195040192074,0.0873346694678276,0.0487099118141811,0.0397536859206029,0.0294363739266669
-1.26938900500095,3.20504930591333,6.81768561735989,0.0860523284241019,0.0509411108319254,0.0387643083451686,0.0104159037788027
-1.12845688582652,3.20124981492492,6.47956669983284,0.0980779065927032,0.0195121561697572,0.0428542125817325,-0.0233116471581646
-1.0047411133994,3.21367348867464,6.19521293742512,0.0996132926030127,-0.00878589419390953,0.0241024798241016,0.0212095679436289
-0.948985733193668,3.1575541376677,5.76737254235628,0.0869892119890725,-0.049324202958793,-0.0312338317833385,-0.00679514804814207
-0.867748877095562,3.18627220244137,6.09677991609038,0.0982676763185836,-0.0185327761262602,-0.0170308202204777,0.047250840899931
-0.752728612915829,3.07782236492166,5.67678390611516,0.0821704226448143,-0.0569914172693801,0.0328498415349183,-0.0514584202503396
-0.642810011125985,3.0577266689953,6.21249938741559,0.0997502790408861,-0.00706270707769835,0.0101683227489576,-0.0130329888486568
-0.632947483262557,3.16427131440012,7.82258008501283,0.00313963885950998,0.0999507011872946,0.00672288900391873,0.00659394421752673
-0.714924490666449,3.26495257364796,7.85095855403154,0.000302307533828519,0.0999995430497309,-0.0822793149377205,0.000681716198111548
-0.723049613721408,3.34873450103475,8.00744234697827,-0.015285908369588,0.0988247995460479,0.00716078531462863,-0.0150428721592581
-0.713558404362143,3.48633314105069,7.74155126429451,0.011219365500935,0.0993686360868279,-0.00172815614166959,0.0382300039291095
-0.620509890831144,3.60565098485557,7.79708852923432,0.0056862417532935,0.0998382023812684,0.0873622717777049,0.0194796414236134
-0.605066514548625,3.71665894738711,7.50082566781536,0.0345860723376013,0.0938285862637726,-0.0191426960550818,0.0171793762677678
-0.539295191517193,3.85418635052593,7.25275641322658,0.0565653267650449,0.082464318392646,0.0092059962663865,0.0550630847461737
-0.525108152112335,3.95464658816182,7.59622770841227,0.0254909321424191,0.096696496205967,-0.0113038927375603,0.00376374142991867
-0.50567238765759,4.04412350997336,7.61392381012836,0.0237758792527306,0.0971324228348062,-0.00434011479798615,-0.00765550102326995
-0.628165414025699,4.14947626831756,8.38725745015152,-0.0508357021079561,0.0861146409804463,-0.0716573242601532,0.0192381173637616
-0.597833353113002,4.23099817656219,7.29961501614826,0.0526404882753235,0.0850234026261918,-0.0223084273626262,-0.00350149438156331
-0.566271154569528,4.34352519448347,7.6898329979297,0.0163412470532692,0.0986557836355478,0.0152209514902045,0.0138712342857339
-0.46314434626458,4.41072764780224,7.30172714231011,0.0524607908391974,0.0851343962480852,0.0506660174657507,-0.0179319429293169
-0.461551060700491,4.45669554267976,7.10002700346352,0.0684526981504348,0.0728987524991029,-0.0668594125863457,-0.0269308576215831
-0.4541680116612,4.5769571649171,7.31141522785843,0.0516335524880291,0.0856386376436824,-0.044250503448738,0.0346229845936548
-0.390141046502335,4.67731269986114,7.31985860660429,0.0509086411428726,0.0860715415046473,0.0131183240159925,0.0142839934393931
-0.349696661281922,4.79549620921177,7.56898088792762,0.0281158167247786,0.0959661442900498,0.0123285684956339,0.0222173650605854
-0.288712625855303,4.93104211164601,7.32654587956724,0.0503319232371688,0.0864100544106284,0.0106521121894503,0.0491358480236045
-0.241600313315342,5.00119785600631,7.43534242118836,0.0406517556154443,0.0913642969949542,0.00646055692451748,-0.0212085526346544
-0.141503166047704,5.05406607985081,6.84787642528808,0.0844753940380452,0.0535154912349405,0.0156217532295923,-0.000647267390439676
-0.080920499979368,5.1441762085093,7.27370119124703,0.0548258495105229,0.0836308927696548,0.00575681655781315,0.00647923588883703
-0.101340773403609,5.24326120703936,7.99058576723165,-0.0136179674938809,0.0990684155588228,-0.00680230593035995,1.6582971234147e-05
-0.0772546287186068,5.35068613906176,8.043227554171,-0.0188118331790032,0.0982146370580544,0.0428979778640054,0.00921029496434897
-0.0675848554480432,5.43756448000518,7.92073998359482,-0.00667087739324988,0.0997772488837221,0.0163406506638134,-0.0128989079403016
-0.0332707107129354,5.59122914293395,7.51337204086375,0.0334061726891913,0.0942551198941465,0.000907972045916505,0.0594095430346248
0.088992008758243,5.70817999491405,7.19742003077887,0.0610396926255774,0.0792095696502325,0.061223026845601,0.037741282329867
0.173805731396473,5.8717824486832,7.65872674871176,0.0194016583258547,0.0980998249448326,0.0654120643123756,0.0655026288243114
0.127714590152614,5.98642203798201,8.56593660608322,-0.0653315100766505,0.0757086110763136,0.0192403688327907,0.0389309782224982
0.090535249638808,6.07296001855741,8.07746678071551,-0.0221629436676595,0.0975130961870463,-0.015016396846146,-0.0109751156116478
-0.0374151755965386,6.08427807955089,8.64778550950339,-0.0713025466722198,0.0701138134610856,-0.0566478785631268,-0.0587957524676026
-0.157297025390203,6.17112544402728,8.89565609224886,-0.0863250662536875,0.0504775488340754,-0.0335567835399774,0.0363698156423176
-0.25343051779916,6.14198616209189,9.43221286643753,-0.0999972361216171,-0.000743483717077698,0.00386374371266029,-0.0283957982183134
-0.304547696212111,6.15447037752004,9.39798396193313,-0.099964106228795,0.00267907929673231,0.0488469278158442,0.00980513613141687
-0.408515577681579,6.14658170447205,9.12168114377569,-0.0954416737624032,0.0298477287147782,-0.00852620770706434,-0.0377364017627744
-0.466910080871783,6.12036996872667,9.94204961950442,-0.0869171606625396,-0.0494510584554293,0.0285226574723355,0.0232393227100544
-0.529294432984321,6.0452413763265,10.425900171143,-0.0539357658381652,-0.0842076787677383,-0.00844858627437279,0.00907908636756713
-0.608607157928459,5.98090438005373,10.1446834919212,-0.0751868017096573,-0.0659313646808003,-0.00412592323448049,0.00159436840802916
-0.714248216224251,5.95645107532253,9.42375778899893,-0.0999999479624825,0.0001020171593492,-0.00564111033331018,-0.0245553218905495
-0.841628272042287,5.96200302258578,9.28140691479286,-0.098973996447072,0.0142880379092088,-0.0284060593709639,-0.00873609064595551
-0.910590790642989,5.99291091379533,9.2362538805909,-0.0982281906033614,0.018740933028793,0.0292656720026589,0.0121669581807584
-1.02481317563753,6.03287576763583,9.02633096998351,-0.0921664653308987,0.0387987457066365,-0.0220559196636382,0.00116610813385509
-1.11947624243248,5.98421428024874,9.65444878890525,-0.0973741386040041,-0.0227657007607543,0.0027110718090519,-0.0258957866263343
-1.15617314848688,5.89526629934338,10.1573903737737,-0.0743429722624716,-0.066881406049674,0.0376460662080659,-0.0220665748556819
-1.25467248400229,5.87407019279814,10.041947084456,-0.081552003198672,-0.0578728846203798,-0.0169473323167339,0.0366767780751396
-1.32154687781351,5.76929974588326,9.73645585905281,-0.0951820372191112,-0.0306656125133631,0.0283076434078909,-0.0741048344015193
-1.42351385851955,5.74078303923129,9.54786759981951,-0.0992434030324851,-0.0122779051361264,-0.00272357767355418,-0.0162388015158454
-1.54068595309354,5.78374385518082,9.34173168242875,-0.0996553639215294,0.00829508539242029,-0.0175167306524589,0.0346657305571141
-1.58983464190565,5.75862956307614,9.27569848288967,-0.098890822010019,0.0148527883638981,0.0497421331979072,-0.039967080468574
-1.6507602817797,5.82472244539285,8.8376878169819,-0.0832556089500212,0.0553940753001722,0.0223299690759713,0.0106988070165374
-1.71780927786617,5.89371267128425,8.74948891227165,-0.078052629289067,0.0625122952791168,0.0110036332025985,0.00647793061227642
-1.79580337338514,5.92994305980657,9.1620985710883,-0.096569769106364,0.0259668961322592,0.0185756735873904,0.0102634923900585
-1.8999606174243,5.97531000479692,9.2481943487166,-0.0984449584513288,0.0175667343440993,-0.00571228558783172,0.027800210646255
-2.00576905220371,5.94453057166083,9.76866758482013,-0.0941450397843626,-0.0337151521426314,-0.0116633949950488,0.00293571900654337
-2.10671667597378,5.97002996465035,9.58624840495792,-0.0986991947634765,-0.0160769696473354,-0.00224842900658775,0.041576362636853
-2.17494064406594,6.02418975672877,9.24324793697584,-0.0983568621812463,0.0180534667545965,0.0301328940890804,0.0361063253238211
-2.24596240089091,6.01742171453211,9.17919688224579,-0.096999621692495,0.0243120009771481,0.0259778648675258,-0.0310800431738044
-2.37687902374795,6.05997671555221,9.43242625239731,-0.0999970751960163,-0.000764821706193496,-0.0309195476610187,0.0433198227262904
-2.45178984178841,5.97630059450671,9.91854502087904,-0.0880553726321771,-0.0473946341963774,0.0131445545917117,-0.0362814868491195
-2.48024373189604,5.93306414974464,9.92619114162597,-0.0876904170821362,-0.0480665242342423,0.0592365269745105,0.00483007947217378
-2.5932926711879,5.95456011241927,9.20395086288254,-0.0975716618289818,0.0219036711062511,-0.0154772774628768,-0.000407708431626896
-2.70166620542911,5.964491315941,9.19236056176398,-0.0973112437940301,0.0230330595288347,-0.011062290447183,-0.0131018560070975
-2.80415948033132,5.91430474366881,9.92119595337688,-0.0879294234014375,-0.0476278962404465,-0.0145638515007708,-0.00255867603174906
-2.82229408495156,5.80786986278562,10.8532753582169,-0.0141819180505128,-0.0989892580051419,-0.0039526865697308,-0.00744562287804189
-2.83417903367239,5.68524291339625,11.1023798972865,0.0106602662445691,-0.0994301700873276,-0.0225452149653933,-0.0231967793020498
-2.77847935220208,5.57283817938747,11.3517174527047,0.0348662022662268,-0.0937248523046613,0.0208334792040758,-0.0186798817041111
-2.76829621317611,5.46909282244676,10.8893971970575,-0.0105977703705892,-0.0994368506297955,0.0207809093965691,-0.00430850631091748
-2.78680299387604,5.35168973101975,10.9643323932244,-0.00312368122816982,-0.0999512011712955,-0.01538309947176,-0.017451890255714
-2.74178997967497,5.2808533806451,11.267102309929,0.0268203788210681,-0.0963362199792705,0.0181926353800016,0.0254998696046215
-2.6844823467,5.15901243525293,11.4610671383232,0.0448863267603356,-0.0893600451542208,0.0124213062146278,-0.0324809002379534
-2.71293575645492,5.07749833981651,11.2397956490039,0.024180086500653,-0.097032589457465,-0.052633496255566,0.0155184940210478
-2.66791658843565,4.96040784207724,11.205796740931,0.0208677460956167,-0.097798451791881,0.0241514219236437,-0.0192920459473862
-2.70154526252959,4.83655998007846,10.5735027864154,-0.0409651041622095,-0.0912242305584395,0.00733643006827069,-0.032623631440344
-2.71719113866836,4.78088640005862,10.79388283761,-0.0200326779376125,-0.0979729136784647,0.00438680179884461,0.0422993336586206
-2.74475484477787,4.70504329372329,11.0040531902865,0.000847880112870165,-0.0999964054319664,-0.0284115862223813,0.0241532990966435
-2.7762675803164,4.63740670285431,11.0064435759115,0.00108690743295854,-0.0999940929866969,-0.0325996429714866,0.032357502117709
-2.74071257514703,4.5212276952779,10.8617242918561,-0.0133450681476374,-0.0991055455367403,0.0489000733170104,-0.0170734620396671
-2.75886906396529,4.40118763641048,10.8688961611711,-0.0126339590147653,-0.0991987050299208,-0.00552252980349515,-0.0208413538374985
-2.73461120350302,4.30121618975811,11.2734227891117,0.0274287301253587,-0.0961647792266495,-0.00317086966308873,-0.00380666742571742
-2.74247032251482,4.16743745278718,10.7961237994908,-0.0198130742553447,-0.0980175601030356,0.0119539552435399,-0.0357611768679009
-2.78917388944343,4.05110542959634,10.3340107936657,-0.0614351250118109,-0.0789032661857744,0.014731558083208,-0.0374287570050668
-2.79341720489243,3.9253110873781,11.1456659451149,0.0149528760180894,-0.0988757376649482,-0.0191961914670905,-0.0269186045532858
-2.77933708738663,3.8915038707806,11.5271399109562,0.0506883552009691,-0.0862014538567674,-0.0366082376951763,0.0523942372592651
-2.78096552718001,3.83222058101996,11.2620068346855,0.026329153941659,-0.0964716313364526,-0.0279575937350362,0.0371883415758184
-2.7810376396032,3.70350468816364,11.0086494485565,0.00130747884408496,-0.099991452130031,-0.0013795912672693,-0.0287244407262956
-2.88402099015945,3.65414772777046,10.2891132691309,-0.064914586601773,-0.0760663949870172,-0.0380687639544862,0.0267094345938387
-2.93643881003882,3.54905787709058,10.6130846297169,-0.0373231374666632,-0.0927738293358885,-0.0150946824127032,-0.0123160213439911
-2.90658500055014,3.42262210651283,11.1582662876338,0.0161975242041473,-0.09867948221214,0.0136562852845377,-0.0277562883656104
-2.89779263871284,3.34561701718766,11.8846183082302,0.0776469687646897,-0.0630154603383591,-0.0688546069273919,-0.0139896289868129
-2.79746625742252,3.33144285141317,11.7152018535475,0.0659104628219722,-0.0752051254276823,0.0344159184683432,0.0610309596531977
-2.80946409731944,3.25231647969717,11.3719641821323,0.0367565482374961,-0.0929997643097262,-0.0487543881344158,0.013873392593726
-2.7998747642112,3.11858329227503,10.8481839158655,-0.0146857301565434,-0.0989157688630544,0.0242750632647859,-0.0348174185590894
-2.70306127313805,3.06273774012627,11.762724299695,0.0694086377544296,-0.0719891728322695,0.027404853318717,0.0161436206835156
-2.58709082766089,3.12116827762941,12.459137280454,0.0994256013385237,-0.0107027939563909,0.0165448441386369,0.0691333314595308
-2.52267003372976,3.09652775619138,12.111553557471,0.0898341409749767,-0.0439297975785003,-0.0254133470438451,0.0192892761404656
-2.40262223444773,3.10716226542192,12.8122242085201,0.0969929926903077,0.0243384339877882,0.0230548065917281,-0.0137039247572489
-2.26942843429446,3.13837047794062,12.7190806639899,0.0988362462728432,0.0152117199124191,0.0343575538804249,0.0159964926062816
-2.23479403126334,3.15201404109294,12.2132602074887,0.093830161883247,-0.0345817975380641,-0.059195758852126,0.0482253606903846
-2.14350417852478,3.10764977776097,11.8847942513529,0.0776580546996845,-0.0630017979129232,0.0136317980388703,0.0186375345809515
-2.09181369553388,3.02143577711836,11.6289612656043,0.059187814491687,-0.0806027457081807,-0.00749733150078233,-0.00561125493442588
-2.05224861491662,2.96352085897425,11.6692337715648,0.0623850205417382,-0.0781543934274133,-0.0228199399244835,0.0202394752832989
-1.95784389688972,2.82114820008008,11.7056034461571,0.0651855883509569,-0.0758342869112619,0.0292191296759452,-0.0665383719829001
-1.9262537929978,2.71353032535469,11.6951422409933,0.0643887179677439,-0.0765120447934201,-0.0327986140758195,-0.0311058299319729
-1.88182845273336,2.62643764635634,12.0306702514104,0.0859911344545753,-0.0510443414612742,-0.0415657941901383,-0.036048337537077
-1.79359376130711,2.46077171355403,11.4698652566692,0.0456707796259708,-0.0889616765149804,0.0425639118002777,-0.0767042562873273
-1.82538846237326,2.34012048699008,11.3722429218098,0.0367824695335628,-0.0929895151886089,-0.0685771705997116,-0.0276617113753462
-1.75218783413933,2.3433184099265,12.1946101842223,0.0931689302536347,-0.0363256167930202,-0.0199683020197015,0.0395235397294381
-1.65071855123972,2.38167268134147,12.8678135899691,0.0954909066232711,0.0296898425773145,0.00597837627633657,0.00866442883766276
-1.56797859738706,2.43150069768476,12.7591188638293,0.0981481495937235,0.0191556970984633,-0.0154081957410693,0.0306723192448276
-1.44661370575681,2.47117177761478,13.1043690211483,0.0858736053636129,0.051241817901539,0.0354912862666391,-0.0115707379715242
-1.39263837458661,2.56245874535856,13.2261035841798,0.0790155924033122,0.0612905878349493,-0.0250402612331127,0.0299963799088363
-1.37289631217722,2.66413362610214,13.824325620539,0.0307763286423099,0.0951462957518606,-0.0110342662329153,0.00652858499171804
-1.2835512061858,2.80838203013211,13.6305516101991,0.0485220504930905,0.0874391823837917,0.0408230554983282,0.0568092216461785
-1.22729392738498,2.85590783359492,13.287717259605,0.0750917090493334,0.0660396489394837,-0.0188344302485113,-0.018513845476681
-1.14573571252037,2.86465018520616,13.037756492375,0.0890939787050986,0.0454121454954007,-0.00753576384049319,-0.0366697938841562
-1.04356506458966,2.962664008582,13.472013170516,0.0617180130128424,0.0786821890248779,0.0404526349178667,0.0193316343509625
-0.982754710141035,3.07026177488689,13.4699574946998,0.0618796275680343,0.0785551506397981,-0.00106927311940632,0.029042615665096
-0.927819576250948,3.10130251308614,12.9559544045677,0.0925067217882436,0.0379803425997251,-0.0375715878981568,-0.00693960440047978
-0.785805350020721,3.1153400434702,12.5335583259673,0.0999461725162145,-0.00328064008374661,0.0420680537140121,0.0173181704678032
-0.698735839210314,3.13925506570006,12.8154992728404,0.0969127627208378,0.0246559611821278,-0.00984325191043061,-0.00074093895226075
-0.579002731449581,3.14043211646788,12.4083269038305,0.0987537066614401,-0.015738660064511,0.0209794010992925,0.0169157108323232
-0.493059430827061,3.17378934575605,12.6837015403634,0.0993124619853526,0.011706190431045,-0.0133691613628325,0.0216510388571315
-0.456614337151518,3.20013889505113,13.3211014383651,0.0728455980055375,0.068509261061667,-0.0364005043299943,-0.0421597117665895
-0.459600858878744,3.3762927078527,13.7349411355128,0.0391467478742413,0.0920191943611255,-0.0421332696014674,0.084134618440441
-0.469003280730462,3.46100610232178,13.5894500059481,0.0520739499676274,0.085371562799149,-0.0614763718193458,-0.00065816833006358
-0.34711328544172,3.55061497300084,13.1186173304981,0.0851348041557282,0.0524601288729432,0.036755191133014,0.037148741806118
-0.31001820496168,3.65110302817954,13.3414966986985,0.0714332805138413,0.0699806147088668,-0.0343382000338008,0.0305074404698308
-0.225166462229532,3.69824000337699,13.1867172830574,0.0813676981058195,0.0581317271802604,0.00348404462632885,-0.0109947519828117
-0.147706762660038,3.69153947702761,12.6348167407691,0.0997658478248096,0.00683926953679589,-0.0223061482553156,-0.013539795886177
-0.050697891780025,3.63744940253186,11.9511681574655,0.0816656620932147,-0.0577123871874736,0.0153432087867978,0.00362231269172068
0.0901825823891802,3.6055142818933,12.2988982904791,0.0964442027495788,-0.0264294486510435,0.0444362714196264,-0.00550567198750732
0.205264842468337,3.57303214829404,12.6890193346914,0.0992488069435796,0.0122341456700525,0.0158334531355769,-0.0447162792693207
0.291010373409188,3.55403089965922,12.6996828141333,0.0991127081279099,0.0132917676609149,-0.0133671771870585,-0.0322930162957269
0.440755585257539,3.60863160853981,13.0518455067342,0.0884453450564624,0.0466628432250255,0.061299866791889,0.00793786565556464
0.532411954938339,3.7350553181348,13.4780848417253,0.061239145946651,0.0790554678926434,0.0304172237341481,0.0473682417023416
0.590140327227902,3.78694196070585,12.6051356188294,0.0999248731300504,0.0038755296339131,-0.042196500840487,0.048011112937136
0.662515296544701,3.79861568238097,12.4944323397926,0.0997413558042834,-0.00718762424750718,-0.027366386487484,0.0188613459226257
0.751853056431432,3.83397868885808,12.9716732424866,0.0918983113920535,0.0394296888561039,-0.00256055150532237,-0.00406668237899311
0.826151962970763,3.86923851217583,13.3349082576844,0.0718927899639694,0.0695084653203952,0.00240611657536158,-0.034248642002638
0.958437537640529,3.90604924699928,12.8340581008382,0.0964385138883233,0.0264501992244231,0.0358470607814419,0.0103605355990231
1.01515846898469,3.87482773256819,12.169551878361,0.0922295173699673,-0.0386486238526405,-0.0355085860258062,0.00742710942154693
1.13358881403741,3.82920281608324,11.8494297385748,0.0753819347825331,-0.0657081723109229,0.0430484102701857,0.0200832558259761
1.26671999508538,3.84591102213912,12.4344390899509,0.0991309652707554,-0.0131549125610277,0.0340002157772188,0.0298631186169025
1.38542853661776,3.8496582534233,12.9248436694122,0.0936433635779378,0.035084476023024,0.0250651779544424,-0.0313372447388398
1.55028288908569,3.89628839700355,12.9330095280568,0.0933537497792753,0.0358479762629421,0.0715006026886476,0.0107821673173098
1.61137519464687,3.95170897386782,13.2619198374337,0.0767701871509586,0.0640807175740628,-0.0156778815897717,-0.00866014070979472
1.65238740771849,3.97927579041167,13.9241122585234,0.0211446496669484,0.0977389573837475,0.0198675634046719,-0.0701721408399018
1.58734152807965,4.09357757464189,14.4252846814461,-0.0284148055782436,0.0958780414065213,-0.0366310740605988,0.0184237428236993
1.68035951222059,4.08947961574275,12.4372072697797,0.0991670005767417,-0.0128804501711901,-0.00614901643579984,0.00878249127205185
1.77221631720191,4.04578193111172,12.0276310137045,0.0858356016578811,-0.0513054528099067,0.00602120332343246,0.00760776817887497
1.81710738767069,3.91644792107751,11.6801165146693,0.0632318437189429,-0.0774708586495798,-0.0183407732501597,-0.0518631513846315
1.87382960509384,3.82091972283937,11.3970990521608,0.0390822290278753,-0.0920466152240956,0.0176399883952765,-0.00348158301403456
1.86637872480007,3.77869629325953,10.7467191357597,-0.0246294539725968,-0.0969195026659327,0.0171785736788225,0.0546960730860844
1.81502368816914,3.70832763797599,10.2403198731978,-0.0685473929220501,-0.0728097172332792,0.0171923562911268,0.00244106194974495
1.69943679447054,3.62133788845513,9.94091477916354,-0.0869732237378543,-0.0493523895332853,-0.0286136699607513,-0.0376373599875741
1.68106784604513,3.54662388135477,10.2612250839204,-0.0670104232911946,-0.0742267011952904,0.0486414748657841,-0.000487305905069591
1.65020229089832,3.45136245420388,10.4762265461066,-0.04963139897141,-0.0868143089366075,0.0187658438246062,-0.00844711821428453
1.51398951833201,3.38626209294022,9.83113325389205,-0.0918567542300673,-0.039526405127674,-0.0443560183362511,-0.0255739561359894
1.44127031402774,3.36259416917097,10.1166017434485,-0.0770083827500673,-0.0637942707946343,0.00428917844580221,0.0401263470253864
1.37460620459379,3.35164436604141,10.347747387431,-0.0603455008546685,-0.0797397048314026,-0.0063186085792843,0.0687899017018418
1.3506469990844,3.29109473555214,11.2399944997831,0.0241993810284925,-0.0970277793100401,-0.0481585865378843,0.0364781488207748
1.41578195794856,3.30038140406931,12.1444144766092,0.091228955825042,-0.0409545799523391,-0.0260939969608774,0.050241248469504
1.47627737722956,3.21121736730183,11.6477898102856,0.0606948660746404,-0.0794741041609244,-0.000199446793636504,-0.00968993260655047
1.51191435673894,3.11032993098724,11.6899128225189,0.0639877258795615,-0.0768477126319456,-0.0283507463701903,-0.0240397236826434
1.56981381545115,3.02066089844807,11.6582540228591,0.0615231618116181,-0.0788346406137648,-0.00362370309940028,-0.0108343919254061
1.60285443649766,2.95825848444268,11.5699555165428,0.0543315418727518,-0.0839528650954178,-0.0212909208262471,0.0215504510900289
1.73532857833508,2.86078919951557,12.0376750555441,0.0863465774776556,-0.0504407430347256,0.0461275643597683,-0.0470285418923884
1.8356309321964,2.83834986546271,12.4047295961779,0.0986964510147348,-0.016093804929104,0.00160590284657935,-0.0063455291237583
1.90871042753312,2.72877555055,11.7734890260104,0.0701795450565891,-0.0712378512846238,0.00289995028013799,-0.0383364636280892
1.96570498586586,2.63835637531501,11.6702654062425,0.062465614112653,-0.0780899932995843,-0.00547105577991243,-0.0123291819354021
2.03749229382172,2.55452811139767,11.5291427084265,0.0508608974787958,-0.0860997625295878,0.0209264104770567,0.00227149861225127
2.05828072473034,2.47735195201517,11.3624809811993,0.035872973238652,-0.0933441470635356,-0.0150845423300252,0.0161679876810329
2.15529913766466,2.4116393655394,11.5127429288696,0.0494421042105547,-0.0869222545222606,0.0475763087237644,0.0212096680464947
2.26494800743685,2.40897877262222,12.0644796781485,0.087667443036028,-0.0481084133133154,0.0219814267361611,0.0454478203961288
2.31340007088517,2.4181299328839,12.5080946287045,0.0998302435253203,-0.00582430061683393,-0.0513781800769987,0.0149754608785158
2.3707078006931,2.48127362129194,12.2941669407164,0.0963180767684555,-0.0268854623844544,-0.0390103469605297,0.0900291507924944
2.47673289614566,2.44370233177448,12.1790967888855,0.0925942081573319,-0.0377665541943753,0.013430887295232,0.000195264676911755
2.52433817609525,2.36974577136345,12.3781661004691,0.0982341745580082,-0.0187095416541074,-0.0506288946084162,-0.0552470187569133
2.56830668402001,2.2870243669408,11.8950672931434,0.0783011656180621,-0.0622007030736213,-0.0343326576933031,-0.0205207013490347
2.6268529935509,2.26044965536369,11.9434290509508,0.0812165786200858,-0.0583426718384359,-0.0226702690891954,0.0317679602613317
2.73757818876247,2.18334045967839,12.1621495861615,0.0919409047784352,-0.0393302686047618,0.0187842904331346,-0.0377789270805397
2.80586589483026,2.1534754208928,11.5456226847815,0.0522728488132958,-0.0852499224453742,0.0160148572544861,0.0553848836597818
2.86344202034417,2.12857168367475,11.9520619985229,0.0817172151640684,-0.0576393680207317,-0.0241410896501512,0.0327356308026826
2.91533773866932,2.02111616718356,11.7002967974945,0.0647822464946167,-0.0761791345389978,-0.0128865281694695,-0.0312763819521913
3.00996934617345,1.94913866973246,12.0347222754615,0.0861972608489487,-0.0506954852244093,0.00843434665518243,-0.0212820122266886
3.05530190629059,1.85080490591539,11.4859250323738,0.0470935332886611,-0.0882167734752852,-0.00176097317152557,-0.0101169903417913
3.16317521803102,1.76311670692342,11.6856614794663,0.0636604426209262,-0.0771190511177865,0.0442128691195042,-0.0105691478741792
3.24662137702951,1.83668606569774,12.7116843784966,0.098946052062316,0.0144802894059974,-0.0154998930638229,0.0590890693683155
3.39474331079356,1.89883023496716,13.0825779128463,0.0869697451608381,0.0493585192915962,0.0611521886032116,0.0127856499778326
3.43776839485045,1.91087433091577,12.6490156972829,0.0996586838515306,0.00825510345063462,-0.0566335997946452,0.00378899249796671
3.53709094684067,2.00030577284625,13.0945814371761,0.0863710177762363,0.0503988818159398,0.012951534213992,0.0390325601145469
3.67726917055988,2.04396911899916,13.0762439174908,0.0872806351169269,0.0488066668969095,0.0528975886022753,-0.00514332074400676
3.78690428606883,2.08567275486725,12.9353638188895,0.0932690945802437,0.0360676585902322,0.0163660209287097,0.00563597727786678
3.84588493103606,2.07324041055597,12.0083311858855,0.0848294910524718,-0.0529524073841653,-0.0258488460852424,0.0405200630728771
3.95953024172551,2.02927643686072,12.0842798306343,0.0886027504404256,-0.0463632679434018,0.0250425602490258,0.00239929424815633
3.96377846183173,2.01322593017195,12.4637253161533,0.0994736595108251,-0.0102465147013233,-0.0952254394046028,-0.0058039919874485
4.09830690831191,2.00055511160328,12.38879624867,0.0984275058318194,-0.0176642604070241,0.0361009406483552,0.00499344183835655
4.15964801265672,1.96071253362867,11.9105673697943,0.0792558368464955,-0.0609796058183528,-0.0179147325016826,0.0211370278437437
4.17923832586675,1.8232542176468,11.3199716713782,0.031873765824719,-0.0947842974977975,-0.0122834526146904,-0.0426740184840741
4.23653612006276,1.74905000814466,12.1479072108516,0.091371442538759,-0.0406356922961362,-0.0340736483427477,-0.0335685172060024
4.28183610584995,1.65520893639959,11.431045610246,0.0421837782963971,-0.0906671321297879,0.00311620749079227,-0.00317393961528349
4.36036113162731,1.51962903895846,11.5853933845881,0.0556210694168033,-0.0831041312867847,0.0229039563605578,-0.052475766154347
4.4066717903348,1.44507641302706,11.0726446211316,0.00769940586961424,-0.0997031551619855,0.0386112528378734,0.0251505292305874
4.43334120700775,1.38549964326033,10.9666009314257,-0.00289693026688454,-0.09995803016781,0.0295663469398327,0.0403812604010798
4.4727063982026,1.29960641115752,11.5155629520748,0.04968703006566,-0.0867824812001489,-0.0103218388708085,0.000889249097334233
4.48746477725378,1.18588918505058,11.0599601513327,0.00643413872986077,-0.0997927946236847,0.00832424032131955,-0.0139244314832535
4.40986296426339,1.13019814433071,10.1197996876111,-0.076803978805771,-0.06404021267612,-0.000797834184616075,0.00834917195625722
4.28510033782824,1.06096566654127,9.8703335681812,-0.0902371360501896,-0.0430959311009703,-0.0345254903849652,-0.0261365466884742
4.15423785265755,1.03782887169294,9.4481646343413,-0.099972654421354,-0.00233845417926538,-0.0308898307493351,-0.0207983406690672
4.0682869930244,0.952196943354853,9.80658764283579,-0.0927991867157003,-0.0372600448859712,0.00684832708254888,-0.0483718834521135
4.01634154904967,0.931271563805272,10.1956922664828,-0.0717273889203141,-0.0696791337394058,0.0197819449455824,0.0487537541898251
3.91657661482876,0.907286695734579,9.90337447168237,-0.0887642151006991,-0.0460533833453832,-0.0110007191202036,0.0220685152746903
3.81445969309903,0.918973109824576,9.52953830290931,-0.0994517652050276,-0.0104568827861871,-0.00266515652470591,0.0221432968761838
3.70815436169369,0.811429377938024,10.0351873044072,-0.0819413449530886,-0.0573202929797026,-0.024363986452247,-0.0502234389068498
3.57434344597089,0.826537318254079,9.41457793956099,-0.099994798023469,0.00101998443402098,-0.0338161176993321,0.0140879558820347
3.4310059291607,0.751035401870029,9.74995218913802,-0.0947595079383027,-0.0319473888649878,-0.0485780088718859,-0.0435545275190621
3.33584298607405,0.766614921473169,9.56710563633079,-0.0989888502877903,-0.0141847636110528,0.00382590720113596,0.029764283214192
3.25947189403007,0.721368105549408,10.2913386078636,-0.0647451525137073,-0.0762106634663207,-0.0116259395302752,0.0309638475425601
3.16282132022214,0.701677889695854,9.56498021560905,-0.0990187752689157,-0.0139743387766278,0.00236820146098751,-0.0057158770769266
3.11137661204203,0.757824050079701,9.20779643764492,-0.0976551723604808,0.0215282909503936,0.0462104641803707,0.0346178694334542
3.02718808974068,0.777106657720273,9.47685998439256,-0.0998644037957354,-0.00520584810787862,0.0156758814943879,0.0244884557484499
2.90977324535634,0.79737324205476,9.42380013445921,-0.0999999521927892,9.77826154344163e-05,-0.0174148921915514,0.0201688017190531
2.79257787681925,0.770032633675989,9.54164968247841,-0.099317827047151,-0.0116605844893044,-0.0178775414899421,-0.0156800238894665
2.67200925148548,0.766007749953194,9.21875187043596,-0.0978851590853478,0.0204571657576546,-0.0226834662484221,-0.0244820494804499
2.62796659768525,0.740477271896463,9.22792279407728,-0.0980686512326405,0.0195586207440792,0.0540259974324122,-0.0450890988008106
2.53579570281254,0.7555527724212,8.97177005216819,-0.0899134694353386,0.0437672024934246,-0.00225742543736871,-0.0286917019686874
2.4397270444455,0.811103561247508,8.99302580670867,-0.0908233932897357,0.0418462809737973,-0.00524526507730894,0.0137045078525106
2.36727123591203,0.877752503764131,9.01373714559675,-0.0916705447498275,0.0399563665173634,0.0192147362163639,0.02669257599926
2.28931031388533,0.985286438125831,8.28446139230218,-0.0417306838325307,0.0908765647836083,-0.0362302381941697,0.0166573695780917
2.24619063042385,1.00559641535473,8.78757534723425,-0.0803763203803605,0.059494933583572,0.0372566369188779,-0.0391849563546709
2.21713949622479,1.08221135138691,8.11433592650137,-0.025742292049752,0.0966298835765897,-0.00330884214930762,-0.0200149475444164
2.13665738487585,1.15577540920674,8.74891441766984,-0.0780167034344553,0.0625571257749287,-0.00246540791448515,0.0110069320449051
2.07793418689279,1.29444926512941,8.63995274876888,-0.0707511802920315,0.0706701527328508,0.0120279823089686,0.0680037031898222
2.00592342722252,1.25683594477488,8.95756474682436,-0.0892826921710192,0.0450399919926173,0.0172719325007562,-0.0826533123471541
2.006233496804,1.24736979595014,9.76967969275356,-0.0941108681979094,-0.0338104197997558,0.0944209377793865,0.0243442709750249
1.90650691957496,1.11502128578829,10.4770756224094,-0.0495576691174095,-0.0868564184827429,-0.0501689081116331,-0.0454920916791103
1.88530732673327,1.09112904085014,10.2599767653075,-0.0671030296286647,-0.0741429930246584,0.0459034367869748,0.0502507480865111
1.81049408640005,1.00022393198356,10.3508468156935,-0.0600980639026232,-0.0799263580751445,-0.0147151764305962,-0.0109787507914391
1.78765757056245,0.900249670871532,10.7408321658595,-0.0251995860888749,-0.0967728312128429,0.0023630702512742,-0.00320142989918588
1.80277974861531,0.804368732340523,11.1275279989815,0.013157111977401,-0.0991306733781938,0.00196506607546514,0.00324973484718489
1.90310761968837,0.739434828683764,11.6655041610128,0.0620931018799313,-0.0783865211559263,0.0382347691931281,0.013452617499167
1.91959947714658,0.602778603892189,10.8666557706588,-0.0128561709593063,-0.0991701510953023,0.0293480284175149,-0.0374860736962727
1.94190242201735,0.485586659059283,11.4315893087621,0.0422330676442399,-0.0906441834722839,-0.019930122773477,-0.026547761360622
1.9155047876145,0.443200432130549,10.8298048496089,-0.016501127001656,-0.0986291681384124,-0.00989650740118906,0.0562429412096787
1.96009831455019,0.355596927918063,11.6019445544965,0.0569888589369579,-0.0821721969833076,-0.0123953320012699,-0.00543130722917904
2.0004615827644,0.271658639619998,11.9076065418004,0.0790749395883388,-0.0612140010871742,-0.0387116713741253,-0.0227242872108904
2.08230334521542,0.190843034674066,11.7751067142598,0.0702946938143195,-0.0711242294970642,0.0115470686367015,-0.00969137544886722
2.169130757932,0.088518868718012,11.7252458335725,0.0666624843529422,-0.0745393398139112,0.0201649283636344,-0.0277848261421432
2.17760849673036,8.38871369138131e-05,11.0040483554296,0.000847396644543911,-0.0999964095301767,0.00763034215381992,0.0115614279490785
2.12643127493818,-0.0642321276308843,10.5250369168456,-0.0453365322658438,-0.0891324791650502,-0.00584068952634285,0.0248164643972521
2.0758484791511,-0.127030580158379,10.8614269457784,-0.0133745362024995,-0.0991015730519351,-0.0372082595845725,0.0363031205244404
1.97075283752533,-0.196840729967649,10.1203406797187,-0.0767693223186294,-0.0640817536490568,-0.0283263193071452,-0.00572839616021366
2.02985559547751,-0.260362510971926,11.2344306977904,0.0236591659060814,-0.0971609173928927,0.0354435920461004,0.0336391363886157
2.06000034530177,-0.274316382660545,11.2270824782273,0.0229445738261078,-0.0973321454193746,0.00720017599815623,0.0833782737307565
2.1179453864745,-0.390756311151418,11.2303045592356,0.023258066237767,-0.0972577110304352,0.0346869749349628,-0.0191822174604379
2.0965312388866,-0.471423376272248,10.8314807703988,-0.0163358092322228,-0.0986566841969079,-0.00507833835567757,0.0179896190760772
2.09073820160564,-0.528616885749812,11.1120912107518,0.011625345937923,-0.0993219579540376,-0.0174183832188864,0.0421284484764737
2.11809986298284,-0.59782077162038,11.0815730831878,0.00858928299365153,-0.0996304382086869,0.0187723783835459,0.030426552338119
2.12052512930514,-0.705295774567366,11.273203982167,0.0274076879473965,-0.0961707785212231,-0.0249824216250939,-0.011304224425763
2.09518285016779,-0.803550888889761,10.8772405491458,-0.0118057762980628,-0.0993006729383044,-0.0135365028392858,0.00104555861590923
2.00253954443005,-0.884658718557757,10.3639589161596,-0.059044925324143,-0.0807074766887577,-0.0335983804135955,-0.000400352979237617
1.99259127315056,-0.981265773584782,10.8886240206879,-0.0106746494184219,-0.0994286269632332,0.000726378138932216,0.00282157193620809
1.98157058090621,-1.04576646086361,10.4443768188695,-0.0523707725364652,-0.0851898009384564,0.041350080292107,0.020689113659633
1.89706281308969,-1.15062249780669,10.3947171657672,-0.05653496790444,-0.0824851344427828,-0.0279727999120726,-0.0223709025003035
1.91014846410807,-1.24777392353124,11.1837990254735,0.0187115283401048,-0.0982337961557908,-0.00562587732172597,0.00108237043123842
1.94857237626394,-1.36761653253542,10.9394740268724,-0.00560708384984358,-0.099842679304498,0.0440309960057109,-0.0199999296996824
1.90563964019024,-1.45973305173085,10.616348710802,-0.0370201178784732,-0.0928951606504018,-0.0059126181952216,0.000778641454977702
1.89827693529733,-1.5742722958071,10.6779602749287,-0.031230080364849,-0.094998326724238,0.0238673754719327,-0.0195409173520104
1.87151665912834,-1.66868857761099,10.5619326095641,-0.0420178191456867,-0.0907441616537415,0.0152575429767033,-0.0036721201501531
1.80882495848867,-1.75100331546855,10.6803617045791,-0.0310018587358082,-0.0950730495720264,-0.0316898419038649,0.0127583117144718
1.73647224045714,-1.79193758447468,10.0333948978512,-0.0820439545396931,-0.0571733287774008,0.00969123650816464,0.016239059771266
1.58453244336568,-1.77881467774254,9.73110569920923,-0.0953447401129724,-0.0301559369410032,-0.0565950569784872,0.0432788436731442
1.43709763958458,-1.73698150017473,9.43014269544849,-0.0999985609845424,-0.000536470894596332,-0.0474362427965591,0.0423696484624044
1.42948860993834,-1.71350365029366,8.40598322214762,-0.0524392583756912,0.0851476610424943,0.0448302287294494,-0.0616698111614237
1.36843463937,-1.68033072861089,8.43838486358761,-0.0551701749346995,0.0834041473649522,-0.00588379563364008,-0.0502312256821797
1.22554453072991,-1.60365420955358,8.84634027189179,-0.0837317812633167,0.0546716453609372,-0.0591583273767737,0.0220048736963739
1.11212580881838,-1.63164030941312,9.01779553909827,-0.0918319480314385,0.0395840033441689,-0.0215867738800887,-0.0675701032037131
1.00474574223623,-1.61623012853691,9.18427415522799,-0.0971218095684189,0.0238191961693879,-0.0102582570137297,-0.00840901529317288
0.929943220935028,-1.56742632244921,8.64558484098014,-0.0711480768774555,0.0702705568260255,-0.00365444442374985,-0.0214667507383265
0.901561234812197,-1.4853936930505,8.28308975578652,-0.0416059950011705,0.0909337186084599,0.0132240088783395,-0.00890108920975616
0.793903998054131,-1.43584584765308,8.88323977696647,-0.0856916831347621,0.0515454696508969,-0.0219655536233045,-0.00199762425347392
0.725092981950368,-1.4771527588776,10.0899134047874,-0.0786833200942385,-0.061716571023896,0.00987230399047538,0.0204096597993724
0.700596231790863,-1.58282296259152,10.5808548395763,-0.0402933176796586,-0.0915229400225217,0.0157965675201543,-0.0141472636913924
0.614032380517835,-1.69860391784578,10.3245905986649,-0.0621756723137425,-0.0783210429727166,-0.0243881789592855,-0.037459912281544
0.549640518267115,-1.74665369660871,10.2438185483145,-0.0682922363612554,-0.0730490961804349,0.00390037411053541,0.0249993174175011
0.510332837065522,-1.75581202576573,10.1430305835652,-0.0752956774545059,-0.065806997778861,0.035987996252913,0.0566486686218476
0.491339280655785,-1.83968758006649,10.1242972525793,-0.0765151779621011,-0.0643849946915274,0.0575216215523636,-0.0194905596092416
0.307489817194766,-1.81592347310818,9.16830245080851,-0.0967290051846571,0.025367293036242,-0.0871204582763618,-0.00160318607792509
0.253550228755883,-1.87895558093704,9.86226574890334,-0.0905818857236092,-0.0423665195496988,0.0366422972847261,-0.0206655882791668
0.230655475213589,-1.95170925250432,10.472241809416,-0.0499769361917419,-0.0866158521801094,0.0270821826494474,0.0138621806128308
0.265630268960571,-2.01642028804757,10.9868024579,-0.000877171717331555,-0.0999961527748859,0.0358519654643144,0.0352851172316422
0.24413088666991,-2.1000906144357,11.1169781044827,0.0121105810432415,-0.0992639603622336,-0.0336099633339033,0.0155936339740978
0.309553855097186,-2.17404192395495,11.5712699747101,0.0544418474331447,-0.0838813760501471,0.0109811209941316,0.00993006653090105
0.389124180134185,-2.20828714027233,12.0496993805027,0.086946836639272,-0.0493988623191237,-0.00737651160227273,0.0151536460017436
0.477011754078506,-2.20832160871607,12.3750782838287,0.0981759347037813,-0.0190127810969063,-0.0102883607594602,0.0189783126531646
0.58764533952995,-2.26576755229797,12.3271777037585,0.0971529505739666,-0.0236918592510676,0.0134806348774767,-0.0337540843308329
0.621056199579116,-2.30746487657691,12.0528160180638,0.0871003724641551,-0.0491276410649387,-0.0536895124149892,0.00743031678600077
0.679594449358662,-2.36097152113438,12.2536976678186,0.0951514763389974,-0.0307603080366438,-0.0366132265594508,-0.0227463365208308
0.788589158498357,-2.45208799347226,12.1998706585891,0.09335873023845,-0.0358350036732846,0.0156359789012446,-0.0552814686645935
0.914274096444112,-2.53488088314303,11.8998825160309,0.0785997669514966,-0.0618229458629272,0.0470851709942584,-0.0209699438078447
1.01831367120332,-2.55974400340382,12.2309490807971,0.0944271638491093,-0.0329167241294371,0.00961241091010132,0.00805360386865006
1.1449843536343,-2.6254011515844,12.0559576004093,0.0872542809201892,-0.0488537660892249,0.0394164015107917,-0.016803382091357
1.19686603983875,-2.67538434706354,11.9961138308339,0.0841762378787415,-0.0539848217240876,-0.0322945516742903,0.00400162624494582
1.30706036510378,-2.74070283043403,11.8011738449666,0.0721246073387622,-0.0692678931123892,0.0380697179262597,0.00394940974190181
1.37477471221294,-2.83202968053433,11.7793881141593,0.0705985598896173,-0.0708226188552225,-0.00288421278045607,-0.0205042312450735
1.49903146271199,-2.91620689922826,12.3186826268448,0.0969481832631922,-0.0245163162397312,0.027308567235862,-0.0596609024541991
1.50649249867502,-2.9769964510451,11.6949593627025,0.064374724499122,-0.0765238188125902,-0.0569136885360937,0.0157342669957449
1.54210866730221,-3.03568426046337,11.108420630076,0.0112606991820162,-0.0993639605386789,0.0243554694451694,0.0406761511204104
1.65823866771758,-3.0665122088005,12.1067877235401,0.0896237594403781,-0.0443574316634004,0.0265062409749927,0.0135294833262748
1.83044872527055,-3.06040712533031,12.4645799503565,0.0994823802039264,-0.0101614973779176,0.0727276773490455,0.0162665808481069
1.90043230813435,-3.02972447811372,12.7906965077915,0.0974944283038763,0.0222449196379829,-0.0275108454400753,0.0084377275785998
1.99836618613761,-3.00167050043993,12.7964231666689,0.0973654412915436,0.0228028691638349,0.000568436711712739,0.00525110850995731
2.05548683259476,-2.89714075227102,13.6224192526392,0.0492315248511525,0.0870416966794097,0.00788912160600042,0.017488051489499
2.14788175168128,-2.84108740610932,13.2049126879125,0.0802965572156674,0.0596025410474339,0.0120983618708571,-0.00354919488572798
2.22974204770822,-2.8493422489859,12.7480147602584,0.0983548012411173,0.0180646913292288,-0.0164945052141816,-0.026319534205809
2.36320451339067,-2.85711073560489,12.8943880570543,0.0946682917755642,0.0322166809633868,0.038794173906884,-0.03998516758238
2.4489366087258,-2.80249100991803,12.618190613038,0.0998657644295821,0.00517968096461769,-0.0141336690944514,0.0494400447222427
2.59741753256719,-2.68389115925648,12.9865874518389,0.0913000501097986,0.0407958435376482,0.0571808737315886,0.0778040071239065
2.71957923590318,-2.59664584194063,13.2858428929672,0.0752153595836542,0.0658987836208045,0.0469463437523414,0.0213465336950444
2.81380872582864,-2.50856230465677,13.6792688009296,0.0442063751011136,0.0896983634210772,0.0500231148243478,-0.00161482613722237
2.88387187136667,-2.45692224682303,13.7587648013545,0.0369436120274631,0.0929256128866756,0.0331195335105605,-0.0412855550529375
2.88848461708429,-2.38280237081695,14.3387514025448,-0.0200221958416829,0.0979750563851703,0.0246349415593091,-0.023855180379091
2.87697665644823,-2.32807268332212,14.2342821530795,-0.00969626290712436,0.0995288022917785,-0.00181169772893774,-0.0447991147969478
2.79592659265598,-2.20617968920882,14.5204781405199,-0.0373993424154475,0.0927431355243724,-0.0436507213768017,0.029149858588932
2.73123379156543,-2.06009823158964,14.3651918273769,-0.0226053978195876,0.0974114777088315,-0.0420874032709594,0.0486699799103495
2.70381888787779,-1.93240978229018,14.1997484201416,-0.00625406375356174,0.0998042418265195,-0.0211608399340818,0.0278842074729348
2.73485530962274,-1.81922004272811,13.728320766034,0.0397550866059294,0.0917580137587723,-0.00871866486097508,0.0214317258033055
2.79429601866182,-1.69713154264565,13.6464925756178,0.0471220795984391,0.0882015284125982,0.012318629440637,0.0338869716698551
2.83041000836032,-1.70362928501839,12.5691030004927,0.0999996267035331,0.000273238273358878,-0.0638856370050297,-0.00677098064609325
2.91404837806474,-1.70480633786712,12.4655302751729,0.0994919920034795,-0.0100669522289309,-0.0158536222990668,0.00888989938019882
3.00442230755293,-1.77842957883511,12.1796088578026,0.0926135350952192,-0.0377191346290792,-0.00223960560702761,-0.0359041063389118
3.02766724851172,-1.76392200146679,12.6639697985753,0.0995240979131165,0.00974443095210787,-0.0762791569543214,0.00476314641621012
3.08005711062136,-1.71827447206316,12.8716983809915,0.0953748475250397,0.0300605798276653,-0.0429849854154073,0.015586949575968
3.23018277586227,-1.71830330976403,12.4421139134976,0.099229006375128,-0.0123937199340958,0.050896658865786,0.0123648822332262
3.31817276480133,-1.6625274430762,13.0146293948631,0.090120310743027,0.0433396999479721,-0.00213032180396686,0.0124361667398578
3.38390014912037,-1.65660785666025,12.7356152839543,0.0985712274319746,0.0168437858735479,-0.0328438431129388,-0.0109241994576034
3.49092020838736,-1.68257523552883,12.4761805289903,0.0995935630421818,-0.00900678636157009,0.00742649622481286,-0.0169605925070061
3.6182044494836,-1.65957812157146,12.255340697279,0.0952018879757175,-0.0306039299087377,0.0320823531205266,0.0536010438661092
3.72269049619032,-1.6500024018518,12.7940104560877,0.097420174571511,0.0225678883916134,0.00706587213519994,-0.0129921686719549
3.83702921813729,-1.54902965115915,12.9858508949665,0.0913300738001364,0.0407285847981689,0.0230086481468385,0.0602441658944822
3.9520677099735,-1.60393444132308,12.5692883769456,0.0999995743333764,0.000291775844645989,0.0150389175028327,-0.0551965660085751
4.02086309288836,-1.61127285021496,12.430776431807,0.0990821185074464,-0.0135179063495924,-0.0302867355925836,0.006179497457713
4.10880964961155,-1.67706063543685,12.1106698220055,0.0897952835802092,-0.0440091700302314,-0.00184872685702606,-0.0217786151916571
4.25110968163213,-1.64148300654941,12.4872113054035,0.0996868537611756,-0.00790766635601081,0.0426131782594048,0.043485295243444
4.36978293562086,-1.68504529892147,11.8827592102454,0.0775296827334034,-0.0631597046799445,0.0411435712553289,0.0195974123078899
4.39401936113596,-1.78399906281423,11.2651784081893,0.0266349878777591,-0.0963876414316256,-0.00239856236266105,-0.00256612246114019
4.40350774996721,-1.83714453837087,11.4799761364579,0.0465679106779517,-0.0884953653876309,-0.0370795218466978,0.0353498898309909
4.49823386297668,-1.88253584251601,12.2927244806669,0.0962791953724423,-0.0270243693438919,-0.00155308236297822,-0.0183669348012396
4.57709377828187,-1.85509200319125,12.3113649700226,0.0967661871915179,-0.0252250870447678,-0.0179062718863271,0.0526689263695189
4.62910339840429,-1.85475823356874,12.8601857897134,0.095714594639649,0.0289606003557883,-0.0437049745172259,-0.0286268307332721
4.69273450900098,-1.78260172569105,13.3533597907148,0.0705980870652144,0.0708230901806212,-0.00696697646852016,0.00133341769706989
4.76330341791022,-1.7265221468845,13.5921726696628,0.0518413191891894,0.0855130260529037,0.0187275897200501,-0.0294334472463611
4.83736608407726,-1.71486189380568,12.9754574983367,0.0917484416991249,0.039777172420652,-0.0176857755320908,-0.0281169193418249
4.85398494272009,-1.55853318630684,14.145409083929,-0.000824204945641063,0.0999966033733525,0.0174430635884748,0.0563321041254888
4.84714266758482,-1.47491862160123,14.0870271831465,0.0050118752128553,0.0998743265651928,-0.0118541503481302,-0.0162597618595865
4.87279583693438,-1.38939434620995,13.7677237027513,0.0361096291882308,0.093252853467808,-0.0104564598386663,-0.00772857807652345
4.94333410870795,-1.32103994667409,13.6972931235628,0.0425825297931259,0.0904805402084755,0.0279557419804455,-0.0221261406726153
5.02396826250881,-1.25500397166649,13.2331483507923,0.0785818573739942,0.0618457087569803,0.00205229642686664,0.00419026625061703
5.02980146763927,-1.12870303436533,13.5261656119564,0.0573687910259708,0.0819073978112996,-0.0515355858955136,0.0443935394898594
5.13794567694385,-1.08634429319621,13.0646447863504,0.0878408660570534,0.0477910268810664,0.0203033432475256,-0.00543228571194527
5.12143846402796,-1.02372890168016,13.9556038133956,0.0180567227468212,0.0983562644860226,-0.0345639356627103,-0.0357408729699793
5.24658251045107,-0.987311273795688,13.0068023201407,0.0904567698386777,0.0426330011886624,0.0346872765844295,-0.00621537330418533
5.36182327440318,-0.879508868571235,13.0296263854064,0.0894602357591694,0.0446863090656839,0.0257805281929456,0.0631160961587686
5.40373539774423,-0.828029915722238,12.7654162038423,0.098025574354014,0.0197733854604027,-0.0561134510129624,0.0317055673885943
5.50358438793724,-0.845844700107671,12.2714056733386,0.0956812334775405,-0.0290706305438389,0.00416775671546397,0.0112558461584068
5.57733696998241,-0.99038735487511,11.6941848860791,0.0643154392898079,-0.0765736525768428,0.00943714275536385,-0.0679690021905964
5.64205624023223,-1.03487130384994,11.9931125103466,0.0840138332442335,-0.0542372180666573,-0.0192945629944179,0.00975326909182543
5.74647315716663,-1.04830479620675,12.3712748870154,0.098102911629887,-0.019386044716202,0.00631400530451458,0.00595255235939662
5.85327505426798,-0.990031565015243,12.7519531721984,0.0982828924349872,0.0184519119500592,0.00851900466636462,0.0398213192414446
5.94567242278394,-1.00623983083513,12.8300171314139,0.0965446106516633,0.0260602792409969,-0.00414724213570548,-0.0422685450608833
6.00723033984805,-0.919868650104079,13.7226612017459,0.0402737575221518,0.0915315489601641,0.0212841595419663,-0.00516036822911357
5.97781069054665,-0.849684124222374,13.9273559946972,0.020827499591221,0.0978070307328552,-0.0502471488926227,-0.0276225048511501
5.937481963727,-0.764492092381712,14.6058837810104,-0.0451741887961629,0.0892148679683416,0.00484546197650859,-0.00402283612767977
5.99431211014357,-0.630650609493167,14.0900114054441,0.00471380614612471,0.0998888383735478,0.0521163402704486,0.033952644514997
5.9228428651069,-0.5876551446208,14.643960019194,-0.048537591786288,0.0874305563495262,-0.0229316532503836,-0.0444350914771596
5.83187897339163,-0.456353669909114,14.74638883437,-0.0572229513060302,0.0820093521729546,-0.0337409404092441,0.0492921225387321
5.86897724766951,-0.347957597955167,13.7165552057757,0.0408318945536987,0.0912839327984702,-0.00373362027581647,0.0171121391554761
5.91700457550464,-0.272160549898083,13.9900827593796,0.014655442456821,0.0989202608488009,0.033371885378307,-0.023123212791717
5.890538854633,-0.155576257196142,14.2533960339818,-0.0115967575818608,0.0993252999672669,-0.014868963289779,0.0172589927346747
5.88124895911447,0.0113386329189372,13.9157643933771,0.0219598150786106,0.0975590412094811,-0.0312497105971364,0.0693558489055978
5.8736718684713,0.0981637218065166,14.6431400203239,-0.0484658825186097,0.0874703277214183,0.0408887918754371,-0.000645238833838935
5.91804206907891,0.201841563209927,14.1427392343808,-0.000557226438977528,0.099998447481427,0.0449274270465874,0.00367939392198391
5.94967055402524,0.326627562676882,13.9431439140461,0.0192807985663158,0.0981236505978307,0.0123476863800208,0.0266623488691236
5.89939074999736,0.436875736020544,14.5498664067373,-0.0401083608719452,0.0916041450381249,-0.0101714431559381,0.0186440283055374
5.82465078359037,0.482563992834227,15.2687977628036,-0.0905106792444471,0.0425184306237756,0.0157707128374568,0.00316982618990727
5.72364245653148,0.453501383275213,15.8056531929562,-0.0995232132860093,-0.00975346180735382,-0.00148511377287601,-0.01930914775166
5.67146310272065,0.409719387301457,16.225451437403,-0.0869064519412006,-0.0494698757931712,0.034727098130367,0.00568787981941474
5.56646306384421,0.319806316586291,16.261101130928,-0.0850880206792477,-0.0525359756441995,-0.0199120181971896,-0.0373770950709664
5.5224705774544,0.225386546976573,16.4362576049168,-0.074631077271445,-0.0665597649132238,0.0306385908816353,-0.0278600046964936
5.4892911617681,0.146459368717255,16.5060642549525,-0.0698067720819053,-0.0716031743116528,0.0366273563955965,-0.00732400394766586
5.52359447682351,0.0567221204705656,17.2265865924628,-0.00521493361574492,-0.0998639297613677,0.0395182486711554,0.0101266815146785
5.5728500796425,-0.0260091434775011,17.680934874227,0.0391420984479111,-0.0920211721784397,0.0101135043710878,0.00928990823037301
5.62424256563413,-0.107569623169602,17.7817657210774,0.0482061492446367,-0.0876137385060346,0.00318633674699145,0.0060532588139341
5.64998850407604,-0.183419544667248,17.7515530392008,0.0455375061622778,-0.0890299698557767,-0.0197915677203667,0.0131800483581306
5.79419649989016,-0.283912360389811,18.1332611960306,0.0754243763969074,-0.0656594505394131,0.0687836194172117,-0.0348333651831499
5.91047028544198,-0.366233435742183,18.2745014928266,0.0839162700950332,-0.0543880466034351,0.0323575154567832,-0.0279330287489371
5.97657510252211,-0.452371945749985,18.1706716912762,0.0778273822816217,-0.0627925040684819,-0.0117225652014895,-0.02334600593932
6.01689149469197,-0.5375165997489,18.0177540650075,0.0673545018775246,-0.0739146201832259,-0.0270381097076653,-0.0112300338156897
6.02217680208367,-0.610733069924824,17.5492532422385,0.0267207167258336,-0.096363910763614,-0.0214354093341369,0.0231474405876906
6.06644826757223,-0.660657266478138,18.1139864581272,0.074144875828998,-0.06710094923548,-0.0298734103404316,0.0171767526821659
6.07889386007471,-0.751598149219083,17.319457785123,0.00406869562844974,-0.0999171942954917,0.00837689687402552,0.00897631155454652
6.08234076615038,-0.809392540065152,17.205269218445,-0.00734242425891941,-0.0997300797452906,0.0107893303345938,0.0419356888992222
6.05667252409615,-0.835772163302533,16.597689868683,-0.0629624453893054,-0.0776899637700954,0.0372942033350746,0.0513103405327143
6.04592755393784,-0.942264929424803,17.5266524281509,0.0245361751623619,-0.0969431591624798,-0.0352811453206742,-0.00954960695979059
6.13141391599706,-1.02882812988116,18.1876956689636,0.0788850313053081,-0.0614585375351591,0.00660133075390847,-0.0251046629211981
6.22988319351665,-1.0649995690328,18.4143782059461,0.0906795136779751,-0.0421571559658136,0.00778976384161423,0.00598571681417193
6.23810385573968,-1.19592731265482,17.7350643077629,0.0440633912288264,-0.0897686891595025,-0.0358427290057928,-0.0411590544625142
6.27654464755181,-1.29655422976267,17.638462369632,0.0351996045680668,-0.0936001487084916,0.00324118724405817,-0.007026768399363
6.2488402229907,-1.33957261938683,17.0679323453602,-0.0209268903896394,-0.0977858131766568,-0.00677753417146905,0.0547674235525031
6.17786326392004,-1.39429866020337,16.9282199303628,-0.0343404703492143,-0.0939187526332986,-0.036636488721442,0.0391927118167524
6.11365864574257,-1.49451356664996,16.4397543665693,-0.0743978778428114,-0.0668203245463992,0.0101932596653371,-0.0333945819001827
6.10257685629496,-1.56007983464818,17.7225010835809,0.0429321594112149,-0.0903151686500669,-0.0540139488588198,0.024748900651846
6.09761282899196,-1.61596243656328,17.7220197792016,0.0428886853540024,-0.0903358216246766,-0.0478527126570068,0.0344532197095762
6.05388765625415,-1.67801249614055,17.8385220456269,0.0530984918231983,-0.0847381269919376,-0.0968236645610066,0.0226880674146671
6.13297417436741,-1.78987587177493,18.3379424272183,0.0871955700736768,-0.0489584779126815,-0.00810905196041283,-0.0629048977217021
6.22860471885374,-1.83811407838178,18.3115182926419,0.0858715954854604,-0.0512451860059211,0.00975894900086436,0.00300697939907417
6.33780930807614,-1.86478511183696,18.6577820918477,0.0981667686853723,-0.0190600505212504,0.0110378205370343,-0.00761098293393312
6.44758915913729,-1.85850050050594,18.5558421495366,0.0957175308494992,-0.0289508944261687,0.0140623202116482,0.0352355057571859
6.52715041786247,-1.92989534816283,18.4178735611991,0.0908263136761877,-0.0418399419693044,-0.0112650549510091,-0.0295549056875841
6.60721236667408,-2.0191801878893,18.3850021205605,0.0894021562438367,-0.0448023934511608,-0.00934020743222526,-0.044482446275303
6.64204148115439,-2.02003472544733,18.6355042187054,0.0977178271656774,-0.0212420868564932,-0.0628887126853667,0.0203875492984629
6.7143165998952,-2.13380370757792,18.198735720256,0.079558715616362,-0.0605839151052063,-0.00728359687555686,-0.0531850670253848
6.71216807880653,-2.1943687036243,17.4677749541999,0.01878918823976,-0.0982189717177433,-0.0209377093284298,0.0376539756713613
6.71945841693696,-2.27765102874462,17.0615609332407,-0.0215494951285028,-0.0976504954401494,0.0288398332589309,0.0143681703198276
6.65157059773286,-2.38733880240979,16.8777902276282,-0.039031100544504,-0.0920683071978888,-0.0288567186595892,-0.0176194664672845
6.61596778017527,-2.53283202142021,17.2265464621797,-0.00521894117932424,-0.0998637204041926,-0.0303838763782733,-0.0456294986062265
6.60143359441016,-2.62876846249212,17.3436008307948,0.00647958093385686,-0.0997898543486341,-0.0210137666989656,0.00385341327672375
6.67568989023887,-2.7653494247718,17.3961913389925,0.0117162028796002,-0.099311281283065,0.0625400929491128,-0.0372696809966158
6.65612631918601,-2.89476147511199,16.896515429223,-0.0373003610790226,-0.0927829890840694,0.0177367900261653,-0.0366290612561166
6.65706084608465,-2.98917894177494,17.3510221515611,0.00721996822037004,-0.0997390197410063,-0.00628544132172779,0.00532155307805846
6.68900774585302,-3.06699655040191,17.5169094926439,0.0235905146211865,-0.0971776086344359,0.00835638514717667,0.0193600000074674
6.70925876436234,-3.15488261458865,17.2773706565305,-0.000138893776679478,-0.0999999035425475,0.0203899122859974,0.0121138393558004
6.65332099787401,-3.20002618418525,16.7737496138607,-0.0483816175314037,-0.0875169645557075,-0.00755614895692167,0.0423733949591128
6.60833273018119,-3.28165272201636,16.7844132008057,-0.0474456396961948,-0.088027900541924,0.00245737200337555,0.00640136271081664
6.59798796776536,-3.4419221636048,17.4347447366091,0.0155353355742761,-0.0987858965065086,-0.0258800979901054,-0.0614835450819359
6.62528803446037,-3.59661855884753,17.2995857707652,0.00208246705657874,-0.0999783143034442,0.0252175996384258,-0.054718080939281
6.6602230224298,-3.74211543966969,17.4854595157881,0.0205231191347206,-0.0978713521975765,0.0144118688347162,-0.047625528624591
6.68735854446542,-3.85915173892047,17.7833411043118,0.0483441145825099,-0.0875376866568517,-0.0212085925468942,-0.0294986125939297
6.7603276966088,-4.00537042411698,17.8816160582371,0.0566997707676974,-0.0823719369378344,0.0162693813756838,-0.063846748258675
6.86043542695444,-4.06340519049024,18.2818864589093,0.0843156320328427,-0.0537668503345906,0.0157920983127935,-0.00426791603866516
6.94635131910337,-4.10755402665193,18.0904638925253,0.0725461232557655,-0.0688263031155915,0.0133697688931649,0.0246774669539048
7.03976738625473,-4.22655557121992,17.6659341581579,0.0377573629165232,-0.0925979564871167,0.0556587042348405,-0.026403588080874
7.09825971666832,-4.36887461894471,17.8443437477048,0.0535909093563625,-0.0844275691605422,0.00490142105723086,-0.0578914785642477
7.14219686919709,-4.43369608221031,17.6442416428331,0.035739954556148,-0.0933951585914627,0.00819719797262026,0.0285736953258644
7.18439846319268,-4.47034865945277,17.9276376621938,0.0604292872713348,-0.0796762275705778,-0.0182276932757514,0.0430236503281106
7.26062055349885,-4.54051954991837,18.0237437830841,0.0677960187411132,-0.0735098622149071,0.00842607156505624,0.00333897174930558
7.29605840881526,-4.64727434030257,18.1372073676865,0.075682891923451,-0.0653613025428903,-0.0402450366070348,-0.0413934878413103
7.36054691927546,-4.72476341159304,18.0657240866507,0.0708213474841831,-0.0705998352726449,-0.00633283702399021,-0.00688923601782086
7.47737734165467,-4.75116220955425,18.5634166068324,0.0959340703069054,-0.0282250625216267,0.0208963520723056,0.00182626456042181
7.59644880904323,-4.7417840758828,19.0433826562895,0.0981274333808188,0.0192615372723201,0.0209440340077449,-0.00988340360087583
7.67520256099212,-4.77708263815756,18.8429641601527,0.0999978274419582,-0.000659171364942574,-0.0212440754930703,-0.0346393909098203
7.76449420126314,-4.7604850351674,19.659621166913,0.0689451175096457,0.0724332159411768,0.0203465227613715,-0.0558356129510089
7.85329103878637,-4.73405613671981,19.6570014445695,0.0691346356236647,0.072252350530506,0.0196622018995654,-0.045823452082923
7.84018368786178,-4.67392450190083,20.2852471086854,0.0134694493280693,0.099088717494973,-0.0265768002526546,-0.0389570826759868
7.89732532850325,-4.56242700292744,20.1795344787666,0.0238496877492299,0.0971143264110102,0.0332919528922378,0.0143831725623783
7.91892680192949,-4.45461851865219,20.6101053158924,-0.0188616400517945,0.0982050840565627,0.0404631134780335,0.00960340021868921
7.8538514621265,-4.32300414856125,20.7655339477823,-0.0338367664555001,0.0941013986922402,-0.0312385733474877,0.0375129713987002
7.89260152012085,-4.22684395224272,19.8660489400895,0.0526351053737438,0.0850267351031126,-0.013885047379393,0.0111334612154167
8.01002611243315,-4.19593594442313,19.8962191783562,0.0500462641115792,0.0865758132995241,0.0673783282007215,-0.0556678054799382
8.09491746572096,-4.12107264217834,19.8940423405158,0.0502346068940562,0.086466665659083,0.0346567463937515,-0.0116033634142924
8.17395560287437,-4.08477785868789,19.3784275972869,0.0863376926696233,0.0504559493467883,-0.00729955551621009,-0.0141611658563419
8.30915832480372,-4.05292071935392,19.2582695124317,0.0917632838496998,0.0397429205912126,0.0434394380796473,-0.0078857812572379
8.39717926550609,-4.13210574830779,18.1165832762421,0.0743188745971361,-0.066908182448899,0.013702066105233,-0.0122768465049723
8.41890990287123,-4.2330797569879,17.4682541444921,0.0188362516584929,-0.0982099568448023,0.0028943857066448,-0.00276405183531306
8.49715668403475,-4.31896479794453,17.8856237412515,0.05702943515479,-0.0821440413293965,0.0212173460087351,-0.00374099962723081
8.54385065658708,-4.3933320453246,17.9475247448839,0.0620017611751687,-0.0784587892538327,-0.0153077886228417,0.00409154187375949
8.64165619996152,-4.45691975946834,18.0422358216426,0.0691436971961483,-0.0722436788795211,0.0286618461782924,0.00865596473578041
8.76081941650096,-4.49392953212882,18.3124406127361,0.0859188234191596,-0.0511659631226392,0.033244393120275,0.0141561904621681
8.8413194222706,-4.58450076992872,18.3692132689812,0.0886836640895486,-0.0462083079505419,-0.00818365831990811,-0.0443629298493663
8.96975188342441,-4.58610950582584,18.2582469105761,0.08302116847176,-0.0557448256395483,0.0454112926820571,0.0541360897424341
9.13903451190008,-4.66970306548192,18.668520740869,0.0983657837724567,-0.0180047933292861,0.070916844703212,-0.0655887663268008
9.23603093943097,-4.63998543080744,18.9675967073066,0.0993041272106604,0.0117766853965357,-0.00230769967977,0.0179409492779541
9.33065560471627,-4.57498778424151,19.1156530849448,0.0964804562800814,0.0262967974473565,-0.00185579099478392,0.0387008491185717
9.42149280080899,-4.55059281701125,18.7365389265759,0.0993620374259199,-0.0112776557213855,-0.00852484133319962,0.0356726229516426
9.47356529513052,-4.58942414836973,18.701086943485,0.0988998712053667,-0.0147924127701294,-0.0468273768838356,-0.0240389185883508
9.58586047913062,-4.65070073911302,18.5455838849721,0.0954155138947558,-0.0299312496932497,0.016879670105341,-0.0313453410500408
9.65284288863256,-4.65171616087072,18.3900761453227,0.089628332862858,-0.0443481899092255,-0.0226459233609177,0.043332768151531
9.78011273858235,-4.63018381044273,19.0096433821863,0.0987213345526296,0.0159404549542283,0.0285485153971619,0.00559189547376034
9.87071557898362,-4.68637768062983,18.989825165792,0.0990178389139789,0.0139809719549584,-0.00841499851270822,-0.0701748421420595
9.94606590246427,-4.76619773828218,18.220541012594,0.0808607477392894,-0.058834849154587,-0.0055104242586415,-0.0209852084977623
9.98196262512509,-4.81677772715565,18.455082281076,0.092319898395386,-0.0384322307479752,-0.0564231757345711,-0.012147758125495
10.0650049639901,-4.86546670482781,18.0941115489247,0.0727966947770832,-0.0685612224915235,0.010245644087899,0.0198722448193644
10.060176184453,-4.96970061184504,17.0225285693023,-0.0253436435340068,-0.0967352042041634,0.0205148639969201,-0.00749870281306589
10.1153178371507,-5.0305065408816,16.9434074772231,-0.0329101692902325,-0.0944294485702857,0.0880518219879051,0.0336235195337218
10.0288493391804,-5.08587188726258,16.1977424738152,-0.0882436748537709,-0.0470431062781994,0.00177517688351507,-0.00832224010278351
9.95589031419179,-5.1513676281789,16.284606917951,-0.0838297295193743,-0.0545213393884317,0.0108707045307657,-0.0109744015278875
9.8375118183329,-5.1796719276516,15.8066288223622,-0.0995136501576515,-0.00985055492348284,-0.0188648457012384,-0.0184537445492135
9.76975071732813,-5.18857047079102,15.9873744519326,-0.0961217994332437,-0.0275789715855264,0.0283606984284795,0.0186804284461032
9.66748497626803,-5.14364801303709,15.3215876833046,-0.0926280942595358,0.037683367071515,-0.00963764680057064,0.00723909068241164
9.57367649861675,-5.17330882526288,15.8236595253754,-0.0993314650300549,-0.0115438319020584,0.00552298737877752,-0.0181169803237244
9.49939645492453,-5.1380127124181,15.5721492378016,-0.0990791442338022,0.013539688988209,0.0247991005415809,0.0217564238565672
9.37318994364337,-5.1390099216215,15.2768242797375,-0.0908490349249973,0.0417905833076857,-0.0353574763561671,-0.0427877925110867
9.29796485789816,-5.04440882042081,14.872000099642,-0.0670463378140635,0.0741942624851981,-0.00817874793114299,0.0204068387154964
9.21692236135206,-4.93650992153094,15.0143135894796,-0.0768917727553912,0.0639347736566986,-0.00415072379070427,0.043964125233171
9.15940323185506,-4.85969818886392,14.6289535288902,-0.0472201501302746,0.0881490636460441,-0.0102989793667312,-0.0113373309790239
9.10993699072253,-4.86219151786738,14.6946769889742,-0.0529074928750501,0.0848575111447214,0.00344125174252632,-0.0873508401481828
9.07486806292289,-4.80353883661638,14.5882962409293,-0.0435982131245714,0.0899955321799058,0.00852928532492356,-0.0313428509289062
9.06103792131498,-4.76491384773352,14.4909369679037,-0.0346436822503745,0.0938073306311137,0.0208135406424731,-0.0551823417482577
8.97326471697044,-4.63916055710592,14.9579907990325,-0.0731707634850188,0.0681618615577615,-0.0146024408595249,0.057591429069842
8.88640539048416,-4.56792782173254,15.4672954590405,-0.0971179018339151,0.0238351241527716,0.0102585753476301,0.0473976112206057
8.74758073810533,-4.61858156488875,15.7925303021544,-0.0996426338902536,-0.00844662722113837,-0.0391820184885768,-0.0422071159350699
8.62271442775381,-4.72154767977074,16.2235738081841,-0.086999184776932,-0.0493066105927921,-0.0378671255745862,-0.0536595042891966
8.5061400950792,-4.71395284774807,15.7787469224455,-0.0997495882926888,-0.00707245611079196,-0.0168247443819197,0.0146672881334581
8.43435736401667,-4.75798207500657,16.5296292547837,-0.0681002181768109,-0.0732281386099001,-0.00368251288571795,0.0291989113514016
8.39108783479677,-4.81658611897168,16.3998501278244,-0.0770043586331273,-0.0637991281406001,0.033734829413225,0.00519508417548584
8.30058771245616,-4.8436060996611,15.7996176222682,-0.0995802679208411,-0.00915260841582863,0.00908014558023584,-0.0178673722735902
8.20843572184059,-4.78392796137623,15.6833449731717,-0.0999696985085372,0.00246158081569092,0.00781770789296399,0.0572165574691789
8.02513007106423,-4.77347003679913,15.3373138318888,-0.093209230290857,0.0362220842661765,-0.0900964204855043,-0.0257641596890737
7.94395725770833,-4.67514309182548,14.9805379102961,-0.0746888881451844,0.066494886928516,-0.00648392521071539,0.0318320580451368
7.86928301382611,-4.55398515046575,15.0365510992579,-0.0782943947647366,0.0622092255893254,0.00362015088252115,0.058948715770402
7.80154544874575,-4.46668883054459,15.0401559319707,-0.0785181394203044,0.0619265838067437,0.0107805743399386,0.0253697361144172
7.74772536200055,-4.47753552741942,15.3028096448418,-0.0919041855934313,0.0394159951086883,0.0380840988482307,-0.0502626919835156
7.68141257877839,-4.48804241502989,15.6537470917739,-0.0998530663086695,0.00541896196300098,0.0335402830865149,-0.0159258495734765
7.56552148807135,-4.57376866352596,15.8321115653706,-0.0992303493139653,-0.0123829630956582,-0.0166607413930775,-0.0733432854004086
7.45244437306561,-4.64454882963742,16.2463053131404,-0.0858559916372316,-0.0512713243439998,-0.02722112336851,-0.0195088417674602
7.35190264107063,-4.58793614877046,16.1989419443523,-0.088187184567961,-0.0471489180997442,-0.01235454742702,0.103761598966697
7.25909850826333,-4.53267875020627,15.7218279293135,-0.0999903887122277,-0.00138642171708767,0.00718625590493502,0.0566438202812786
7.12955303474058,-4.54966490509813,15.5284888889396,-0.098393765857862,0.0178512419822329,-0.0311517076648959,-0.0348373968740859
6.98550522394083,-4.6154179614045,15.9218192011907,-0.0977219838477667,-0.0212229562704359,-0.0463258269519766,-0.0445301000359375
6.84128458359251,-4.53352207545221,14.8205365680158,-0.0631409579204467,0.0775449510470436,-0.0810796824278784,0.00435093490524373
6.76146540990975,-4.4674429450791,15.2535415616797,-0.0898515016265497,0.0438942781630378,0.0100323279437875,0.0221848522100802
6.70780438968305,-4.42108616785488,14.9356290929754,-0.0716283813912637,0.069780906982266,0.0179673611645637,-0.023424129758051
6.55868556699324,-4.37510834365483,15.0053866980058,-0.0763179778408908,0.0646186216061384,-0.0728008448489139,-0.0186407974060921
6.50341488766881,-4.37922026373164,15.865616943666,-0.0987598377750388,-0.0157001414849681,0.0434891584506117,0.0115882214081585
6.47135402504228,-4.47885150866599,16.4374372712892,-0.0745525070444574,-0.0666477583522967,0.0424916444179271,-0.0329834865820521
6.39205169817014,-4.55427552995303,16.4487221274295,-0.0737956656374284,-0.0674848111290894,-0.00550666123471073,-0.0079392101579451
6.31394616482653,-4.54711100643979,16.3622160472295,-0.0793502883072672,-0.0608566491482531,0.00124475496365291,0.0680211726614855
6.2042036356326,-4.55327961607896,16.0663791157681,-0.0936453705105277,-0.0350791188878225,-0.0160971586833968,0.0289105092486565
6.06624015755383,-4.57140089916403,16.0049487698719,-0.0956222992208162,-0.029263900828917,-0.0423411788579588,0.0111426177438477
5.96224701240239,-4.52537322924874,15.4972099616554,-0.097787360308271,0.0209196597472421,-0.0062057848431655,0.0251080101680519
5.89287065649624,-4.55729290887444,15.8774796238226,-0.0985666475685916,-0.0168705657015125,0.0291902916624348,-0.0150491139241941
5.81709922645957,-4.6453884490334,15.9245103054087,-0.0976645168764276,-0.0214858591472157,0.0218930868397645,-0.0666096810117428
5.70716267499737,-4.64476266838635,15.7609035172642,-0.0998598992260608,-0.00529155237723061,-0.0100766522361372,0.00591733302427872
5.63785518128476,-4.64214138063619,15.75771705132,-0.0998762535823988,-0.00497332588358892,0.0305687598697859,0.00759461363375116
5.56508479171754,-4.58645963705859,14.9960787455995,-0.0757132134775897,0.0653261762611048,0.00294282391037077,-0.00964443268350667
5.48216753602542,-4.51092340674121,15.1263111129204,-0.083555608821342,0.0549405154189045,0.000638353129216451,0.0205957148984743
5.40334286480885,-4.46579736808832,15.8662010545779,-0.0987506503038846,-0.0157578255022667,0.0199259790873156,0.0608838641551594
5.37573803059052,-4.5164376592035,16.5143344245899,-0.0692122212059521,-0.0721780329167979,0.0416073869876294,0.021537741801622
5.26227605924356,-4.55519787634078,16.5620920211458,-0.0656875678095897,-0.0753998901541677,-0.0477744035373764,0.0366396730168837
5.11889359948629,-4.54881949359186,16.4889100763922,-0.0710247348571872,-0.0703952202813959,-0.0723577249000853,0.0767736030303215
5.03695130399361,-4.6130001208592,16.6418342029013,-0.0594726492381274,-0.080392810577804,-0.0224696462545443,0.0162121833104592
5.03346273216597,-4.61775303776226,16.8521301209557,-0.0413804747427989,-0.0910365657857357,0.037891902915157,0.0862836488826744
4.9487701802653,-4.72693744808441,17.2298111854102,-0.00489288653779057,-0.0998802265782788,-0.0797996653628831,-0.00930418374386965
4.95601561135019,-4.90629791780575,17.2542228717857,-0.00245342609734294,-0.0999698989715648,0.00969885718223429,-0.0793905707497801
4.94032902003181,-5.04560297771657,17.3248814592225,0.00461055142766219,-0.0998936575340641,-0.0202971427460373,-0.039411402376748
4.94095911763113,-5.10769948941556,17.8923501898406,0.0575806785124073,-0.0817585803573594,-0.0569505809130947,0.0196620686583693
5.05140261676119,-5.18950593033385,17.932865600045,0.0608450019352079,-0.0793592196250981,0.0495984971948611,-0.00244722129319226
5.05558227974554,-5.27241270523033,17.3251923932158,0.00464161153812355,-0.099892219128064,-0.000461948553773706,0.0169854442315749
5.0813951173706,-5.34369031376663,17.4860372339081,0.0205796577602917,-0.0978594792877484,0.00523317986476934,0.026581870751455
5.03783053126277,-5.46861362300665,17.5441819332237,0.0262316840478796,-0.0964981800450776,-0.0697962701557146,-0.0284251291949434
5.04174921997619,-5.61739820234693,17.3591440146645,0.00802978784876954,-0.0996770911850048,-0.00411109913534586,-0.0491074881552748
5.05756794548754,-5.64015011513913,18.0135462572649,0.0670428880076185,-0.0741973797893021,-0.0512241624962674,0.0514454669971018
5.11041629942115,-5.75304643804915,18.1622171844164,0.0772937274666883,-0.0634482442176717,-0.0244453735330801,-0.0494480786923493
5.20945745222077,-5.79504971408719,18.3267509150965,0.0866422015492723,-0.0499312418300935,0.0123989512503417,0.00792796579205859
5.30956838128753,-5.82143120736664,18.5694854134602,0.0961035950616111,-0.0276423410049487,0.00400733400514728,0.00126084772549362
5.44639332663966,-5.87547037064318,18.5899225459685,0.0966484165195214,-0.0256726232447933,0.040176528832613,-0.0283665400317476
5.55160472125122,-5.88655622630211,18.7858896320152,0.0997973986280934,-0.00636232874546885,0.00541399598346981,-0.00472352691346172
5.64909055672819,-5.94737045600471,18.3350990089387,0.0870560083411708,-0.0492062131412488,0.0104298271357909,-0.0116080165613499
5.74933039687012,-5.92435268062947,19.2052424985043,0.0937407620302266,0.0348234049741323,0.00649907811170252,-0.0118056295988914
5.7193057723807,-5.81227682720087,20.5294727921992,-0.0108904117708474,0.0994052258760141,-0.0191342127185663,0.0126706275525887
5.65091374304266,-5.78504303614353,21.3279566188655,-0.0788031168197004,0.0615635344948668,0.0104110874816607,-0.0343297434375305
5.55106592239892,-5.73870578845502,20.99063875594,-0.0539873237615557,0.0841746331923399,-0.0458604968821878,-0.0378373855038298
5.43199345026554,-5.78625642514377,21.9187794973686,-0.0997382500973316,0.00723059247379785,-0.0193342220360448,-0.0547812291625502
5.30686936032901,-5.8428450110056,22.1047585289181,-0.0993553327729522,-0.0113365713324587,-0.0257687571635763,-0.045252014529363
5.14453750087864,-5.88150566294074,21.7554354138782,-0.0972348039442146,0.0233536485785446,-0.0650970555061584,-0.0620143005136934
5.03284817845822,-5.8351660806634,21.631761036764,-0.0936112402585701,0.0351700966341048,-0.0180780821618494,0.0111694856432375
4.95439345631503,-5.79314147526848,21.5224571708531,-0.0892160169712126,0.0451719195495642,0.0107612948280196,-0.00314731415464682
4.87536648228656,-5.75380201841113,21.6316695922019,-0.0936080237530949,0.0351786567259187,0.0145810497246273,0.00416080013143681
4.70603967160562,-5.71269566538216,21.9282263401975,-0.0998021049228003,0.00628807227839864,-0.0695247057581371,0.0348182807505672
4.63157642432784,-5.72051862026444,22.1210763697464,-0.0991571251412777,-0.0129562546176356,0.024693877863499,0.00513329973535936
4.54018600848513,-5.7469348188952,22.1143581488005,-0.0992419297728054,-0.0122898077678031,0.00785151393009405,-0.014126390862956
4.49123284845527,-5.70078642537906,21.7809967195659,-0.0977999247652127,0.0208608416876868,0.0488467647353514,0.0252875518284495
4.35434542430929,-5.72021802053325,22.2569513682726,-0.0964881930949212,-0.026268395331219,-0.0403992310510559,0.00683680017702866
4.29817128588196,-5.78952405031187,22.9200962325329,-0.0598677229912833,-0.0800990370968276,0.00369358456394955,0.0107930073182062
4.26581917655169,-5.84401371234919,23.19924145073,-0.0354803094254511,-0.0934941048573344,0.00312820009518524,0.0390044428200134
4.2796984043036,-5.97674888799905,23.4607729158775,-0.0100999478814089,-0.0994886478589031,0.023979175633318,-0.0332465277909529
4.18256060258381,-6.0834690768708,22.9312988774898,-0.0589666640480336,-0.0807646737815881,-0.0381711376717542,-0.0259555150901617
4.10068740614291,-6.21072286340783,22.9729287848515,-0.0555543205410429,-0.0831487670938244,-0.0263188758998577,-0.0441050194432034
4.05325365185037,-6.25343142836629,22.6324190376543,-0.0801336396338292,-0.0598213991731688,0.0326998853412836,0.0171128342147057
4.00116802229246,-6.31074739997095,22.1342782756811,-0.0989774419171057,-0.0142641505721849,0.0468918123591969,-0.0430518210324732
3.94020308989638,-6.28634046463935,21.4330908966745,-0.0848285246579491,0.0529539555118947,0.0238635922618643,-0.0285470201802929
3.83778652811533,-6.33169304935804,22.0475245919999,-0.0998411293204047,-0.00563461587211006,-0.00257543246064316,-0.0397179688465784
3.74019208321545,-6.26004414386196,21.8513921663749,-0.0990249958315438,0.0139301902557983,0.00143055093166851,0.0577187152402778
3.66043344106801,-6.30702525829423,22.288717123811,-0.0956052207461435,-0.0293196481234201,0.0158465785986998,-0.0176614663088493
3.5861647019321,-6.33274705146053,22.1516183915315,-0.0987152324117546,-0.0159782004585396,0.0244464932758444,-0.00974359270776328
3.49852791181738,-6.4137730578772,22.4525495725319,-0.0895429648200958,-0.0445203038087915,0.0019061747053768,-0.036505702607879
3.33205247913945,-6.47065486368493,22.2177897395916,-0.0974426640235233,-0.0224705858401326,-0.0690327686544018,-0.0344112199675901
3.21493224045806,-6.50059436673296,22.3143266022477,-0.0948230925138185,-0.0317581662901972,-0.0222971461675738,0.00181866324216466
3.13501962043015,-6.46543627621326,22.1159925715012,-0.0992217104866279,-0.0124519945433571,0.0193090904587129,0.0476100850630561
3.05899051232967,-6.4323777670319,21.7871623320118,-0.0979266849001794,0.0202574525659317,0.0218975767996988,0.0128010566154289
3.01270545577861,-6.39433799608986,21.6160913916882,-0.093048667566765,0.0366325738114271,0.0467636110157039,0.00140719713060717
2.94359813419593,-6.3533577224171,21.7831843042716,-0.0978453255750496,0.020646846323653,0.02873800399237,0.0203334273491144
2.80327209263555,-6.33852814451198,21.6702879694251,-0.0948964348817793,0.0315383361439411,-0.0454296066785944,-0.0167087582388225
2.6850301826338,-6.30434347529508,21.6759947416294,-0.09507487075122,0.0309962731895113,-0.0231670392505342,0.00318839602738323
2.56209113309884,-6.21624103748675,21.467052206189,-0.086577649991053,0.0500430866556682,-0.0363613995439064,0.0380593511526624
2.50905558002235,-6.17378001882852,21.7424317870648,-0.0969229095615702,0.0246160435919276,0.0438873564850834,0.0178449750663044
2.40401440839946,-6.14767791312417,21.8655058903013,-0.0992117335764819,0.0125312377979664,-0.00582943804640568,0.0135708679063882
2.36468878447981,-6.19927164481991,22.3743378952493,-0.0927476930391502,-0.0373880386743617,0.0534220691194998,-0.0142056930213766
2.28542253761354,-6.20971227469127,22.4099613945118,-0.0913572382052032,-0.0406676164474605,0.0120909913389337,0.0302269865760953
2.24836101489384,-6.28755629513727,22.6508648095588,-0.0790166181141599,-0.061289265469583,0.0419550953944592,-0.0165547549764122
2.14788872228358,-6.36028184199521,22.1682229304761,-0.098436325840386,-0.0176150434301298,-0.0020359667698818,-0.0551105034278103
2.04958156971916,-6.37860864776966,22.0901384151502,-0.0995104505320261,-0.00988282524955271,0.00120329796760892,-0.00844398052489828
1.94192043229751,-6.37292330940126,21.907954854406,-0.0996541397911688,0.00830977872642744,-0.00800699763048121,-0.00262444035802776
1.8226634039662,-6.31550254057119,21.4530393620829,-0.0858679269224238,0.0512513329196938,-0.0333891014088828,0.00616943591037689
1.70821415443577,-6.25055596828913,21.4263959319982,-0.0844721013363964,0.053520688484114,-0.0299771481940376,0.0114258837979426
1.56547896151242,-6.19620658964958,21.64889814349,-0.0942001788996184,0.0335607850813996,-0.0485350140237258,0.0207885935581467
1.49181672475864,-6.18252009189083,21.6097435193829,-0.0928142555135081,0.0372224928433499,0.0191520187597234,-0.0235359950845941
1.34706020245228,-6.10809316560153,21.376814772616,-0.0817157633940481,0.0576414261874907,-0.063040758912314,0.016785500101811
1.27264403070733,-6.10324649790975,21.709479774707,-0.0960592917883158,0.0277959072729637,0.0216431200433728,-0.0229492395811864
1.17807857041359,-6.03949348761368,21.3281354790038,-0.0788141268214424,0.0615494387738312,-0.015751333472299,0.00220357152224273
1.06294039118985,-6.06088777725997,21.8845271267434,-0.0994321316100958,0.0106419548708213,-0.0157060476136451,-0.0320362445171138
0.979216316576655,-6.06125132418446,21.6887725140821,-0.0954631618980689,0.0297789308139678,0.0117390872848716,-0.0301424777384586
0.878249090033363,-6.02610498009364,21.3137861796972,-0.0779228519412019,0.0626739909799075,-0.0230443746020901,-0.0275276468890851
0.765018406680666,-6.02295912336047,21.8403925638974,-0.0988657818472782,0.0150185611736412,-0.0143649015054188,-0.011872704440473
0.652615781896217,-6.04216114191635,22.4489113012871,-0.0897043487636564,-0.0441942282757409,-0.022698276020793,0.0249922097198596
0.582503436045511,-6.08049791617313,22.3440737612963,-0.0938365655385512,-0.0345644176564452,0.0237242196878455,-0.00377235660033035
0.520172439138519,-6.15169862051591,21.7510111820635,-0.0971305306991823,0.0237836079284704,0.03479953379219,-0.0949843122712565
0.379510508546592,-6.14270628969707,21.9481151179175,-0.0999074203665317,0.00430201763189399,-0.0407545102253949,0.00469031318694482
0.284473001276517,-6.25058005288839,23.1280588992016,-0.0420399889333831,-0.0907338929534109,-0.0529975183366917,-0.017139870237906
0.289335428042982,-6.31582043889862,23.7479951173973,0.0184978726756321,-0.0982742525103911,-0.0136354459091671,0.0330338665001572
0.277496563211047,-6.40804186769828,23.6369837900941,0.00749684860649614,-0.0997185903478949,-0.019335713438431,0.0074971615482367
0.339260570873944,-6.40534374048715,24.6589057234146,0.0889824686737236,-0.0456302560668883,-0.0272184610108268,0.0483283832780195
0.427761592410705,-6.45705371014161,24.2618541343997,0.0644148261752601,-0.0764900658177978,0.0240861953615012,0.0247800961633395
0.494107695778083,-6.52783911824623,24.3680720720074,0.0721611439170575,-0.0692298296154318,-0.00581504054968018,-0.00155557848918511
0.573402505843223,-6.6247171089745,24.3614078450928,0.071698181636676,-0.0697091869841717,0.00759662842846418,-0.0271688037441047
0.611536422132572,-6.67596014028769,23.9165484988541,0.034721865198999,-0.0937784201034681,0.00341205109035059,0.0425353887902854
0.647696490043346,-6.7305744847612,24.2420994085383,0.0628913156641214,-0.0777475556788497,-0.0267312477533478,0.023133211205333
0.722236664917634,-6.79529523858489,24.6311210131691,0.0876804637647828,-0.0480846781625147,-0.0131402888904949,-0.0166360756611701
0.778792610389437,-6.858094179929,24.2998286665235,0.0672723629606337,-0.0739893856015359,-0.0107164174888307,0.0111904442574247
0.872915363050527,-6.96900081619208,24.3077468620193,0.0678561103541778,-0.0734543959719338,0.0262666423069128,-0.0374522402911483
0.95884033532899,-7.02239131931122,24.4214775182021,0.075753754148016,-0.0652791600166696,0.0101712181304468,0.0118886568975318
0.984597501598731,-7.14475470723576,24.2022357975153,0.0597428742211934,-0.0801922002428582,-0.0339857079514527,-0.0421711876816805
1.02068476080857,-7.25935195586175,23.9274462926977,0.0357417610625882,-0.0933944672673112,0.000345498147251111,-0.0212027813586853
1.03326555089461,-7.39612130757039,24.0756215810269,0.049138274156861,-0.0870943741747144,-0.0365574840708226,-0.049674977533926
1.16077832323404,-7.38467229428525,24.9861878607685,0.0989280262238464,-0.0146029321526181,0.0285847461155821,0.0260519454377667
1.22613737952203,-7.489268865545,24.3765759208548,0.0727472476613717,-0.0686136863730193,-0.00738819137338105,-0.0359828848867393
1.28923989250646,-7.53143868056195,24.5597640152666,0.0840290646523069,-0.0542136172345881,-0.0209265516678736,0.0120438022176459
1.37293582350897,-7.50617556842917,25.1416852159415,0.0999960002812908,0.000894386797805588,-0.0163000692787798,0.0243687253349682
1.49146047456176,-7.49983690268109,25.1340066201412,0.099999919939238,0.000126539108520272,0.0185247311135541,0.00621212663956037
1.59878084330165,-7.53626126264365,24.9368910731996,0.0980882583347221,-0.0194600507928634,0.00923211040516547,-0.0169643091696973
1.7298342459645,-7.51758982716253,24.8699491354222,0.0965668419299854,-0.0259777797293999,0.0344865607328656,0.0446492152105225
1.83897576418673,-7.44803660860608,25.1494495433925,0.0999860419357621,0.00167075372811936,0.00915547628646145,0.0678824648283295
1.96014597924888,-7.42715089201424,24.953421541607,0.0983965261230949,-0.0178360210503101,0.0227736889390585,0.0387217376421528
2.04320068138264,-7.39615952385493,24.8675330957021,0.096503796801218,-0.0262110130088334,-0.0134490946674608,0.057202381168137
2.09660644339649,-7.50624031113655,24.4981792459424,0.0805331441203176,-0.0592824822194225,-0.0271273821064669,-0.0507983050621913
2.1463250111994,-7.62841074116619,23.9477674153922,0.0376321313817027,-0.0926489216757015,0.0120864364212069,-0.0295215083539416
2.11779220252797,-7.72237599867218,23.2434790814711,-0.0313109893424375,-0.0949716902366056,0.00277818067101405,0.00100643273061789
2.09976988902891,-7.8262644038279,23.6440258887858,0.00819888506917022,-0.0996633246667125,-0.0262211985682314,-0.0042250804890049
2.07609524718169,-7.92004609003292,23.4571204147002,-0.0104632621064313,-0.0994510942428092,-0.0132113797407952,0.00566940803778182
2.03847843459281,-7.99358778588155,23.1019145868775,-0.0443975270634113,-0.089603903880655,0.00678071447453501,0.0160622080320295
2.06480151566461,-8.10670841559213,23.6576908594807,0.00955997361285215,-0.0995419856368235,0.0167631074589504,-0.0135786440737543
2.04026155694258,-8.21542392771971,23.7524059538105,0.0189311629793376,-0.0981917056998694,-0.0434711217013676,-0.010523806427715
2.05156041045589,-8.30448580229305,23.2095542196852,-0.0345142567083958,-0.0938550269504354,0.0458131102217033,0.00479315237709275
2.07351610321679,-8.33680626265956,24.4323059336463,0.0764561690046905,-0.0644550558228461,-0.0545004762437866,0.0321345954563388
2.07796350980412,-8.42060747343586,23.6707438992244,0.0108584477995249,-0.0994087225115834,-0.00641104121219844,0.0156075117352816
2.11031501350441,-8.55307718776738,23.6830050783929,0.012076469216942,-0.0992681161866803,0.0202750344833465,-0.033201598144839
2.02935667626223,-8.7181720983553,23.3378573005743,-0.0222216868562202,-0.0974997263240471,-0.0587366503859551,-0.0675951842638677
2.03265753646996,-8.79176501969597,23.8759909099554,0.0308909278274332,-0.0951091508634175,-0.0275900676197103,0.0215162295227405
2.00589405466134,-8.89753512123675,23.4990918333853,-0.00628116931177,-0.0998025396073511,-0.0204823124968506,-0.00596756193342936
1.90064928327337,-8.90774100669745,22.4588188264189,-0.0892620978885399,-0.0450807928117587,-0.0159826734994232,0.0348749073510599
1.85926587114336,-9.02188404891074,22.8986084041381,-0.0615749241741998,-0.0787942175095454,0.0201915120441907,-0.035348824703743
1.81309373676671,-9.13829935386179,23.3484727508223,-0.0211854507562671,-0.0977301216424792,-0.0249866836203895,-0.0186851833085764
1.8206035259398,-9.23300253855632,23.5247493542686,-0.00371869715203945,-0.0999308325367672,0.0112284863251319,0.00522764784224115
1.80443315621575,-9.35052350438115,23.4345508282048,-0.01270497681829,-0.0991896343578638,-0.00346539290575583,-0.0183313314669636
1.82049480665069,-9.51012246950633,23.897382075417,0.0329182009597868,-0.0944266490222495,-0.016856550524848,-0.0651723161029326
1.87129920419446,-9.52841240461778,23.3882808091636,-0.0172792479311098,-0.0984958252462268,0.0680836454748808,0.0802058901347734
1.77232393513677,-9.55500225177961,22.8099365222871,-0.068310689333504,-0.0730318404723687,-0.0306645797241887,0.0464419933105396
1.69393561654809,-9.5832551218652,22.0863076487959,-0.0995475790882454,-0.00950155238208631,0.0211592604995665,-0.0187513177034983
1.60270706460726,-9.52598263069904,21.3674502668435,-0.0811724048514372,0.0584041153570052,-0.0100561470893954,-0.00113162419084729
1.55038205915834,-9.4471504309287,20.9441577812186,-0.0500179046374257,0.0865922006631163,-0.0023071008114916,-0.00776000089277085
1.53675901669546,-9.31581699906468,20.4678989000232,-0.00475287390545987,0.0998869870886033,-0.00887016855742086,0.031446444775412
1.58979376794646,-9.26488222867862,19.395511456291,0.0854631533968697,0.05192349575542,-0.0324284021458747,-0.000988725369352883
1.59990870353103,-9.18891723297904,20.3834927671914,0.00368511353628657,0.0999320766231978,0.00642982204829162,-0.0239670809236248
1.6048495516481,-9.11579350891908,20.303538361014,0.0116548404839245,0.0993185012638344,-0.00671399236685789,-0.026194777203867
1.60580154977968,-8.96508832097176,20.4128051029966,0.000754707369041987,0.0999971520433813,0.000197290762537747,0.0507080359039361
1.55821118053439,-8.93126611835161,21.1069377855199,-0.0633900085951718,0.0773414947509036,0.0157996393498784,-0.043519292130751
1.48922585806395,-8.86137891563053,21.1683318941486,-0.068015909919397,0.0733064526343791,-0.000969412551042304,-0.00341924991330398
1.48073004630154,-8.8161463266959,20.7946190477951,-0.0365590182006743,0.0930775922991284,0.0280632064382638,-0.0478450033644969
1.43282402890601,-8.7219718225647,21.0586634112101,-0.059583998126222,0.0803103179379485,0.0116779807306966,0.0138641861932544
1.37802405007546,-8.63920271230829,20.6213303381973,-0.0199627828798241,0.0979871792618453,-0.0348371959507298,-0.0152180690054422
1.3877027601046,-8.49275174800875,20.4633771058772,-0.00430115846113662,0.0999074573587587,0.0139798684902749,0.0465435069407859
1.42588415788703,-8.42883216190832,20.6945850474198,-0.0270808483621482,0.0962633245425605,0.065262246144584,-0.0323437384421356
1.41446200420184,-8.31935209523237,20.3822688019374,0.00380742413497415,0.0999274913197385,-0.0152295778201668,0.00955257535621459
1.4433118543493,-8.22507692778654,20.8501004665271,-0.0416641928179533,0.0909070681345978,0.070514042965418,0.0033680993112279
1.35853751769568,-8.15494491310168,20.977958150639,-0.0529156266050287,0.084852439334395,-0.0318587100485955,-0.0147204246495277
1.30147657714711,-8.10038543312722,20.7468695965122,-0.0320746333829403,0.0947165133086622,-0.0249863071656321,-0.0401570333342005
1.30820153815159,-8.04472700940328,20.19760512563,0.0220909706293946,0.0975294264140379,-0.0153660096249172,-0.0418710026901053
1.28875089859297,-7.92696145798566,20.2130853212424,0.0205786094812249,0.0978596997329301,-0.040029249039838,0.0199058516846902
1.35927842268059,-7.87685217000581,19.5963272736181,0.073388582299515,0.0679272845627389,-0.00286105821189675,-0.0178179965828856
1.49323421147983,-7.89420297775115,18.6658947990819,0.0983181651437311,-0.0182630337778263,0.0356376236555114,0.000912226032488217
1.67570265663803,-7.94115666336985,18.6322943119483,0.0976491387471816,-0.0215556419977153,0.0848193064110173,-0.0253980436209874
1.78351597188871,-7.87122407385235,19.5118847464858,0.0788562248736565,0.0614954941331096,0.0289570903770227,0.00843709538439312
1.81062201423187,-7.83920644489802,19.4565605566741,0.0821360285317029,0.0570409748955896,-0.0550299861885422,-0.0250233459412657
1.92340653162166,-7.81550830827313,18.9928427930352,0.0989751987846002,0.014279706773911,0.013809318605183,0.00941842985098371
1.98059890226708,-7.79454978328961,19.1181756911448,0.0964138129075978,0.0265400957160809,-0.0392214422621723,-0.00558157073256118
2.07931136721135,-7.82358965569903,18.9277256000457,0.0996946306122283,0.00780900935403123,-0.000982165667956236,-0.0368488817634542
2.15292098431705,-7.89309669262335,18.5094849780727,0.0942731004425731,-0.0333553973585163,-0.0206634833368781,-0.036151639565799
2.28083346589075,-7.92428459324352,18.5555003680975,0.0957076303807319,-0.0289836072100281,0.0322048511929666,-0.00220429341013961
2.36861360418272,-7.93581850260054,19.0296940870795,0.0983818947679732,0.0179165505012393,-0.0106017564760035,-0.0294504598582612
2.47898017333171,-7.88840315426076,19.3528842972408,0.0875981995560436,0.0482343802130759,0.0227683695929491,-0.000819031873293596
2.55838385527585,-7.87721580093052,19.3443092280384,0.0880085870279407,0.047481455425728,-0.00860490508379852,-0.0362941020954923
2.59775877133528,-7.82086787935716,19.3385735745736,0.0882794750720697,0.0469758904226395,-0.0489045590126427,0.00937203115072141
2.72318273207288,-7.7776194485656,18.8545404147946,0.0999987577439212,0.000498447261573342,0.0254252029936767,0.04274998352999
2.8356636088642,-7.81378763199463,18.8637127670572,0.0999899793536084,0.0014156372646161,0.0124908974377168,-0.0375838206936502
2.90504973277391,-7.77489585650662,19.0352020115808,0.0982817199460244,0.0184581560414691,-0.0288955960363204,0.0204336194465384
2.99702271824668,-7.78780042978907,18.7753378859885,0.099724710559884,-0.00741499182382233,-0.00775172508710504,-0.00548958145862493
3.15796498670024,-7.71145582891155,19.4875647053998,0.080328331216849,0.0595597112477571,0.0806139372367047,0.0167848896297603
3.2420057243735,-7.64847394392727,19.6305591881019,0.0710207603622005,0.0703992300922027,0.0130199773110588,-0.00741734510791972
3.28507432121258,-7.51480628615649,20.1551417620347,0.0262112401094775,0.096503735119027,0.0168573567296066,0.0371639226517576
3.39569160740867,-7.44990946639741,19.2023621161146,0.0938406777493062,0.0345532516494595,0.016776608446785,0.0303435681096176
3.47451580781748,-7.43705387365365,19.2924235882985,0.0903526492332618,0.042853223642232,-0.0115284488244509,-0.0299976308984676
3.52984045674807,-7.41583087057311,19.2378786222232,0.0925545448288482,0.037863653171937,-0.037229895898264,-0.0166406500914056
3.60898502548263,-7.36294106384423,19.8899297954156,0.0505897791448277,0.086259342949489,0.0285547895897293,-0.0333695362206098
3.67747924415802,-7.22513234661994,20.0468988174787,0.0364832997243257,0.0931072974649411,0.0320109189510682,0.0447014197593528
3.7357673088558,-7.15415699809219,19.1865567708457,0.0943750602081351,0.0330658133229908,-0.0360869955103566,0.0379095352047638
3.80631189298642,-7.20337512425073,18.4396014551787,0.091713897199946,-0.0398567567721928,-0.0211693130693202,-0.00936136938635546
3.85740135187832,-7.24499715139053,18.4601011429094,0.0925116209223666,-0.0379684078454225,-0.0414221620304692,-0.00365361929436947
3.94767306593084,-7.32261485618717,18.2453504435572,0.082295373196921,-0.0568108400781004,0.00797634085559644,-0.0208068647185467
3.96009696699445,-7.35443803152403,18.0686073600236,0.0710246114491915,-0.0703953447927587,-0.0586007103855839,0.0385721694558969
4.02658415030776,-7.44589437560593,18.1529235903812,0.0767007357909242,-0.0641638303807592,-0.0102135524776094,-0.0272925137011343
4.0521141649472,-7.49146717719543,17.9769222017893,0.0642811284938818,-0.0766024576600063,-0.038751113854447,0.0310296560704997
4.13849188759994,-7.54622319219872,18.6357222438886,0.0977224561530107,-0.0212207814046256,-0.0113447335002639,-0.0335352335986552
4.17990305509848,-7.64137535130641,18.424874204969,0.0911169921678495,-0.0412030792330387,-0.0497058246693093,-0.0539490798746523
4.32314103063462,-7.68237219853892,18.7806579593722,0.0997627474145133,-0.0068843466144599,0.0434752281216206,-0.0341125006180517
4.43394860366093,-7.76441611445356,18.1842024856445,0.0786698645136945,-0.0617337218819419,0.0321377085126198,-0.0203101940327007
4.48950450250498,-7.83997517865058,17.7694149203177,0.047120400236117,-0.0882024255992325,0.00843549860793885,0.0126433614022133
4.54969314588192,-7.96483218094334,17.1822283736318,-0.00963813735079353,-0.0995344478480051,0.0698267807277248,-0.025322554444752
4.54832509688584,-8.07275376444602,17.0586919943502,-0.021829559363395,-0.097588269469235,0.0204615103673144,-0.0103333140334462
4.57488104271574,-8.12862651959143,17.549943510761,0.0267872273290343,-0.0963454433381394,-0.000231281499127012,0.0404726881927235
4.57643730363134,-8.21880896727699,17.3471384707336,0.00683256022615239,-0.0997663075429576,-0.00527629931055367,0.00958385985740078
4.64178356120205,-8.29892099499883,17.5344062014242,0.0252871053410113,-0.0967499989843545,0.0400591522296977,0.0166379712625075
4.62183526360781,-8.33248482900116,17.3123267377791,0.0033560839743285,-0.0999436676351096,-0.0233043815685655,0.0663798336327818
4.62087363138256,-8.47476599498516,17.2111375180904,-0.00675705520136524,-0.0997714498491713,0.00579542297610978,-0.0425097161348215
4.58952321822753,-8.53486132961443,16.1739186062923,-0.0893392762292989,-0.0449276498698188,0.0579888630742721,-0.0151676847594519
4.54981619136034,-8.56750420871687,16.1514967984688,-0.0903240947967119,-0.0429133766925255,0.0506170679295182,0.0102704975900866
4.52839618247656,-8.47383911306039,14.9936421422991,-0.0755538149025044,0.0655104652225742,0.0541338060187313,0.0281546304338991
4.44708771514823,-8.49077911061612,15.8806786110407,-0.098512174595187,-0.0171857922868688,0.0172037072668555,0.000245794731136595
4.37751066736642,-8.54550618141637,15.6909099560346,-0.0999854595800242,0.00170524853653084,0.0304084117982116,-0.0564323193367843
4.33892546322015,-8.5953076274638,16.1371005078431,-0.0909325070831314,-0.0416086427990179,0.0523473029368572,-0.00819280324841056
4.24131291801336,-8.5534239797273,15.5887642447867,-0.0992904204073772,0.0118916952250845,0.00167787520059646,0.0299919525114163
4.14216088125699,-8.48699560901835,15.5526670742739,-0.0987965761026482,0.0154672735281188,-0.000355460653731043,0.0509610971808382
4.00248059361252,-8.50613693079974,15.9797753435957,-0.0963285976762385,-0.0268477423581459,-0.0433516899682314,0.00770642057675666
3.90504354518664,-8.49145980781997,15.8140353416683,-0.0994379630252711,-0.0105873277735611,0.00200091459939546,0.0252644507533269
3.8119315228394,-8.49788906916059,15.7677401651029,-0.0998213893232943,-0.00597413036075567,0.00670936697605349,-0.000455130979865448
3.7890994926595,-8.57695854768511,16.2727234553659,-0.0844716975585806,-0.0535213257643314,0.0616396673786798,-0.0255481527601855
3.73180373653232,-8.65873591358294,15.849635203441,-0.098998130522641,-0.0141198496104645,0.0417023743954589,-0.0676575162873669
3.57385342827062,-8.66036415659739,15.7861413328055,-0.0996945651196395,-0.00780984542778914,-0.0582557431420605,0.00618160241334067
3.50602313237015,-8.67678624496645,15.5424041595737,-0.0986326366318954,0.0164803820052963,0.0308023407314324,-0.0329024703743594
3.42227412283429,-8.65838759951136,15.5149539627754,-0.0981431455453973,0.0191813185796746,0.0143941360095321,-0.00078267312457756
3.40050177373902,-8.54704678880692,14.6589250685414,-0.0498405105793771,0.0866944260329751,0.0280681614841074,0.0246463846714614
3.276984806807,-8.46968463110395,14.9268212041599,-0.0710109884602975,0.0704090868985779,-0.0525059784717226,0.00695307080439287
3.21134256508104,-8.37024394740778,14.8332270788434,-0.0641199322193335,0.0767374373574469,-0.00152230950662267,0.0227032463387146
3.0711218367066,-8.31925628392569,15.7473856564506,-0.0999223038274852,-0.00394121780769994,-0.0402984245469567,0.0549288812897993
3.00706101328593,-8.27739002886088,15.3829847914919,-0.0947657598851672,0.0319288388981943,0.0307049364644922,0.00993741616661543
2.94544611990771,-8.24025319794901,14.9826503762608,-0.0748291895761895,0.06633696094464,0.0132142961979706,-0.0292001300327729
2.97579735720115,-8.12926808825529,14.1378554065083,-6.88465299837193e-05,0.0999999763007737,0.0304200838234236,0.0109851333929508
2.96827610413462,-8.04697276507605,14.001124136233,0.0135623554424935,0.0990760441017478,-0.0210836085090217,-0.0167807209225139
2.98590698488189,-7.93969198971197,14.0525168323269,0.0084549049661013,0.0996419318460566,0.00917597578117215,0.00763884351802737
2.99336008943022,-7.79454479745779,13.7980117978584,0.0332690480617139,0.094303607783941,-0.0258159435133898,0.0508435844702353
2.98268049118892,-7.74209870479775,14.4172915875122,-0.0276475438477363,0.0961020984119884,0.0169679456064445,-0.0436560057519505
2.95528585124616,-7.67849614136569,14.8063661122649,-0.0620358080942197,0.0784318718002901,0.0346411681514567,-0.0148293083682232
2.90450186139292,-7.58144822249542,14.6687903848992,-0.0506933393147483,0.0861985228940716,-9.06505384902445e-05,0.0108493959761998
2.91831489923374,-7.4679442264646,14.1639656250111,-0.00267954763061795,0.0999640936761558,0.0164925854714341,0.0135399023546588
2.93800439290413,-7.38412856975338,13.7556498081376,0.0372328949779988,0.0928100831351708,-0.0175434013076125,-0.00899442642394499
2.91635434709347,-7.2714493705051,13.9099849096676,0.022523286074466,0.0974304961724396,-0.0441733318851166,0.01524870307584
2.8910676698412,-7.16857190203109,14.2796082941359,-0.0141960163165305,0.0989872371608623,-0.0110906609357479,0.00389023131314534
2.90338965719763,-7.0721629462298,13.7778521530875,0.0351632862954168,0.0936137986458543,-0.0228412989389827,0.0027951571554313
2.97044598991094,-6.93267882843872,13.4653077060238,0.0622442221676031,0.0782665752844091,0.00481211054570965,0.0612175425066768
3.01457110648847,-6.84406025036022,13.4943867877142,0.0599423079834255,0.0800432365263935,-0.0158171914058998,0.00857534155209994
3.02422432804357,-6.71013800477733,13.5864282597613,0.0523316830272493,0.0852138190174311,-0.0426784614721486,0.0487084265654591
3.08214174661927,-6.6787776440829,13.6696554548683,0.0450666205462852,0.0892692540157985,0.0128507980294124,-0.0579088933213658
3.15027774701406,-6.54395451436466,13.3377087330806,0.0716978515561899,0.069709526481153,-0.00356185116139471,0.0651136032370817
3.16103553301298,-6.37496903523545,14.057265200984,0.00798167480173569,0.0996809553894792,0.00277611119718078,0.069304523739734
3.21543485850548,-6.29281270475486,13.5253760994552,0.0574334400539287,0.0818620789106396,-0.00303411456142983,0.000294251569948489
3.24622209977284,-6.22018962785757,13.6741219814868,0.0446674488371116,0.0894696541537074,-0.0138802075697486,-0.0168465772564114
3.21092299501344,-6.1325881657193,14.219196011746,-0.00819371091001055,0.0996637501879353,-0.0271053938493942,-0.0120622880496688
3.1952196483616,-6.0312515885463,14.4090285244196,-0.0268525113247276,0.096327268390396,0.0111491646728882,0.00500930878260153
3.18129207934208,-5.9623131985863,14.052160784848,0.00849038168806393,0.0996389151827286,-0.0224179507075836,-0.0307005252227224
3.18539051999681,-5.84415389655628,13.7428332399902,0.0384193111898533,0.0923252756708434,-0.0343208705351227,0.0258340263591778
3.28271602923245,-5.75794669115484,13.4156800428427,0.0660501801323052,0.0750824460475952,0.0312753291033419,0.0111247593538411
3.34733257626995,-5.6672783132669,13.5986198263262,0.0512889297227971,0.0858454756401872,0.0133276173146932,0.00482290224775457
3.36573741081824,-5.55929846690978,14.0911344767059,0.00460162091322406,0.0998940693183083,0.0138032136350723,0.0080857770388135
3.31952289032044,-5.48952240164557,14.2852504087099,-0.0147542847332694,0.0989055664864704,-0.0314602357645307,-0.0291295012222636
3.28764555679062,-5.43737802572676,14.9954261509882,-0.0756705658476521,0.0653755723821685,0.0437932323178297,-0.0132311964633602
3.25145427537584,-5.28977861520761,14.2406485579028,-0.0103297027742494,0.099465055374215,-0.0258615786405311,0.0481343551449365
3.28809055781638,-5.23977619645709,14.1176568438109,0.00195088596335096,0.0999809684087827,0.0346853964771935,-0.0499785496582593
3.31746754155703,-5.19295512474245,13.7129901789383,0.0411570640601202,0.0911377862247661,-0.0117800803194732,-0.0443167145101263
3.33043345060076,-5.06107236709792,13.9023564970881,0.0232658635466009,0.0972558460630051,-0.0102999545028734,0.0346269115815174
3.32572999472194,-4.98150380805298,13.7248041152684,0.0400775210081834,0.0916176419137636,-0.0447809768869972,-0.0120490828688194
3.31729619126642,-4.87881756799699,14.1857250481121,-0.0048539026763842,0.0998821286757956,-0.0035799007791371,0.00280411138020034
3.27721115333356,-4.83891401821706,14.7597927791803,-0.0583170267956698,0.0812349948342039,0.018231988862807,-0.0413314450542818
3.22587222997009,-4.76220660701178,14.5202054563576,-0.0373740514411031,0.092753330284566,-0.0139648719223644,-0.0160459190792855
3.18391066229423,-4.70339105807565,14.9349952516536,-0.0715841369833825,0.0698262939897596,0.0296225693075206,-0.0110107450536247
3.13711305842744,-4.61558602539107,15.1579833493996,-0.0852535018205411,0.0522670108896137,0.0384558979537548,0.0355380217949652
3.05569795537474,-4.59625352282662,15.4011241967766,-0.0953293079315338,0.0302046858830681,0.0139142048788349,-0.010872183318616
3.0114603954499,-4.54724905666043,15.3408939025183,-0.0933383103075467,0.0358881572239664,0.0491007503827046,0.0131163089422249
2.94775555260682,-4.49032838789915,14.9646397597008,-0.0736223482969291,0.0676738489465884,0.00991750545384242,-0.0107531801853086
2.86815680206988,-4.41283117021944,15.3908432158907,-0.0950137415624807,0.0311831511284239,0.0154149910255435,0.0463140665512855
2.82404135240463,-4.38915089315194,15.2991268292276,-0.0917584008257955,0.0397541932114419,0.0476429511605414,-0.0160739161439434
2.73036521539411,-4.36661835783244,15.1150830829626,-0.0829334812132947,0.0558751974837145,-0.0107426557972217,-0.0333426621642133
2.6732759147086,-4.2696530730704,14.8135226638028,-0.0625955164223634,0.077985904648325,0.00550621573685905,0.0189793801137145
2.58252741516333,-4.25944272327737,15.8311010467536,-0.0992428118621513,-0.012282682674955,0.0084943123168812,0.0224930324679835
2.48472775632371,-4.29154857948018,15.9201912502443,-0.0977564042716931,-0.0210638416218246,-4.32545679308838e-05,-0.01104201458099
2.35395982670702,-4.29726989202002,15.6574956589974,-0.0998726780496443,0.00504461883516423,-0.0308952515670498,-0.0107659313750009
2.31550433334522,-4.14123788156289,15.1802696907841,-0.0863970748235782,0.0503542000425886,0.0479415814617812,0.105677810414541
2.24646132020386,-4.08435286930824,14.8314658362093,-0.0639846795936953,0.0768502490385825,-0.00505833354766709,-0.0199652367839299
2.22363073500991,-4.11323906844698,14.5589054216217,-0.0409347223357967,0.0912378677265708,0.0181041371418536,-0.120124066865311
2.14700808048912,-4.05897003073953,14.8021447330708,-0.0617041656662412,0.0786930488634991,-0.0149184888545491,-0.0244240111560456
2.08434225651524,-3.96666243777006,14.7951840612788,-0.0611549187972616,0.0791206414717445,-0.00151090517661894,0.0131869514977183
2.02393925928354,-3.9738529498643,15.4827989743644,-0.0974757438969126,0.0223266511538005,0.0370727466652062,-0.0295171632480388
1.91152695505028,-3.91886429541019,14.8830978392672,-0.0678655808542785,0.0734456461290347,-0.044546723378977,-0.018456991674919
1.82841907948178,-3.93791770750211,15.8511202015654,-0.0989770534238787,-0.0142668460258975,0.015869177855374,-0.00478656606602246
1.71909407213722,-3.95183508282341,15.8625290353099,-0.0988078474501343,-0.0153951057895356,-0.0105171598944194,0.0014777304682315
1.6395846893731,-4.0321862081497,16.1997228061632,-0.0881503408962817,-0.0472177657229704,0.00864095813216101,-0.0331333596033247
1.64861711654764,-4.07975321860891,16.6579362409367,-0.0581705073442239,-0.0813399783336312,0.0672029345187632,0.033772967874422
1.62473727790698,-4.17690584644386,17.0762860483828,-0.0201092960668139,-0.0979572162308486,-0.00377054257385012,0.000804588395896655
1.59866782056159,-4.32687716960026,17.2148219418823,-0.00638940986609352,-0.0997956684509056,-0.0196800474792952,-0.0501756547054904
1.68127258250543,-4.4467534573239,17.6970525125,0.0406201141766215,-0.0913783690173897,0.0419846477672234,-0.0284979187062456
1.77621651625365,-4.49504662122761,18.178904899994,0.0783417224549649,-0.062149614019632,0.0166022112932518,0.0138564501159194
1.86507070687735,-4.42298700009928,18.9157867751988,0.0997807538628267,0.0066182443718861,-0.0109265632391211,0.0654413767564442
1.96973340706999,-4.4354605993029,18.5824223612465,0.0964531505502514,-0.0263967753509882,0.0082095496423829,0.0139231761473648
2.09037988448011,-4.49345208179474,18.310646840512,0.0858269051579378,-0.0513199995227041,0.0348195722521804,-0.00667148296913229
2.12204633645552,-4.47929994623767,18.8876207208651,0.0999275622996694,0.00380556077939883,-0.068261110324253,0.0103465747776665
2.20901021173358,-4.47293364172071,18.6665616081345,0.0983303212412646,-0.0181974702799514,-0.0113664459632082,0.024563774796918
2.27706938031191,-4.54284440609241,18.4820974196257,0.0933243378496577,-0.0359244758475743,-0.025265169271326,-0.0339862885241287
2.37067783424122,-4.60521218518181,18.4316314896787,0.0913933307524597,-0.0405864397794573,0.00221512317684693,-0.0217813393099428
2.43742513990506,-4.65034119384738,18.2355605615302,0.0817352670222914,-0.0576137667992185,-0.0149879613584502,0.0124847581336477
2.55705843799522,-4.64030506042888,18.6610950341054,0.0982293746982365,-0.0187347256823649,0.0214039233919265,0.028770859100863
2.63624841832816,-4.63469357205174,19.0006514216451,0.0988606775156612,0.0150521241406138,-0.0196706971827203,-0.00944063576347132
2.73989179042281,-4.51073472931803,19.6400002479114,0.0703529617491174,0.0710665939322213,0.0332904103455316,0.0528922488014893
2.87555623400572,-4.50535199936339,19.0315617584382,0.0983482609715781,0.0181002641932753,0.0373161826113313,-0.0127175342386411
2.9654119985364,-4.51077926170902,19.1174270044915,0.096433656099685,0.0264679045496181,-0.00657789156900819,-0.0318951668952434
3.07890116758438,-4.57734492004026,18.3700840259101,0.0887238666680259,-0.0461310685273425,0.0247653023799556,-0.0204345898038937
3.18238695699128,-4.55146395115633,18.6409019500934,0.0978310621622514,-0.0207143253862081,0.00565472724464664,0.0465952942701368
3.2562760674769,-4.51640771971414,18.622336369701,0.0974296510222535,-0.0225269416850556,-0.0235405405366347,0.057583173127239
3.32581017225098,-4.60435637491696,17.7764918133307,0.0477434142085576,-0.0878667536654798,0.0217906905655259,-8.19015373378473e-05
3.31453687683719,-4.6789415748891,17.2646536504291,-0.00141054765247802,-0.0999900512817155,-0.00986274776131655,0.0254048513095793
3.25608736832391,-4.74248309224907,16.9978550956627,-0.0277224809160666,-0.0960805081786016,-0.0307270275972106,0.0325389908186303
3.23725923009984,-4.77272703700334,16.7693156763494,-0.0487691854262151,-0.0873015839081024,0.0299410472021508,0.0570576391538342
3.14349611732503,-4.84534755657938,16.4420080580967,-0.0742470966330055,-0.0669878245770763,-0.0195160161418071,-0.00563269499896746
3.08119617028586,-4.94710720434132,16.4280696592519,-0.0751735572091744,-0.0659464653830588,0.0128736101700015,-0.0358131823788835
2.93332198596941,-5.00431228752529,15.929077636635,-0.0975653655179375,-0.0219316996913432,-0.0503088187985122,-0.0352733834926202
2.86074766241448,-5.03255115961693,15.8452428705324,-0.0990591944397756,-0.0136848820580495,0.0264848708848453,-0.0145539900335987
2.79986177484518,-5.13771362178976,16.8479052230678,-0.0417647244778119,-0.0908609255361867,-0.019121163091486,-0.0143015366366395
2.703057657125,-5.14682070385132,15.9776758462859,-0.0963847520948826,-0.0266454417041271,-0.000419365625298962,0.0175383596425684
2.61190999539457,-5.22637204817494,16.3450249095522,-0.0803847066973951,-0.0594836021872732,-0.0107629550330369,-0.0200677421363523
2.43575650460179,-5.31248391546763,16.1782332633487,-0.0891445978486609,-0.0453126988205351,-0.0870088929441201,-0.0407991684721493
2.34546377992095,-5.28779098801049,15.6486767115256,-0.0998243066823932,0.00592518315155831,0.00953158200155935,0.0187677443055842
2.22140791213811,-5.30846511067473,16.0405920876463,-0.09451872249115,-0.0326528880597258,-0.0295371452916911,0.0119787653954821
2.15852000093659,-5.23505322895572,15.2828361342572,-0.0910986305728454,0.0412436602128405,0.0282107193713199,0.032168221506172
2.04666177050754,-5.15590667257525,15.2226662893952,-0.0884536456213717,0.0466471068372819,-0.0234045848076737,0.0324994495431881
1.97402972580577,-5.1503508450336,15.1983810917545,-0.0872948403534443,0.048781255084988,0.0146627956516759,-0.0432254275433435
1.93267421141747,-5.15047320620741,15.1659101654048,-0.0856651300473843,0.0515895870691435,0.044309615659078,-0.051711948242951
1.79407180331979,-5.06875326887233,15.0000445185001,-0.0759716861945281,0.0650254019346297,-0.0626307219031474,0.016694535400446
1.7129542064344,-4.99701362020109,15.0247499203013,-0.0775548177193344,0.0631288384854404,-0.00356277916605654,0.00861081018580006
1.70664818505981,-4.87849418274103,14.1884869927547,-0.0051297527222357,0.0998683415152606,-0.00117626865235589,0.0186510959448029
1.79806023799322,-4.70646246179173,14.1128338794178,0.00243306605482574,0.0999703965660478,0.0889789868785876,0.0720613243832486
1.84135563322545,-4.60626137213115,14.0669393846263,0.0070169844766566,0.0997535058474356,0.0362784107555691,0.000447583813147734
1.85765761542562,-4.55326205443883,14.2628611668579,-0.012536351241032,0.0992110875737257,0.0288383334412064,-0.0462117698814074
1.79037411472996,-4.48548702596075,14.5319404992141,-0.0384599173811682,0.092308367741141,-0.0288235833144924,-0.0245333392630555
1.8393059020684,-4.35825779333294,13.977856167478,0.0158637745796056,0.0987336855186084,0.033068012758836,0.028495547109202
1.79585379025529,-4.29871276898837,14.4241778320572,-0.0283086656426679,0.0959094335794537,-0.0151434461704434,-0.0363644092348905
1.71773932437309,-4.28313007987385,15.2932801005079,-0.091524401825887,0.0402899971508262,0.01340993594369,-0.0247073080363063
1.65887202861519,-4.23491397354282,14.7157474203265,-0.0546836008892814,0.0837239738293745,-0.00418369486862433,-0.0355078674983394
1.61172078851829,-4.15753172463664,15.150404877927,-0.0848549533808686,0.052911595012158,0.0377037132839676,0.0244706538940189
1.55830559197138,-4.11124143113224,15.5743747211483,-0.0991090312029824,0.0133191566552186,0.0456938346560743,0.0329711368491827
1.51317630713669,-4.13236660559342,15.8306963100795,-0.0992477749855797,-0.0122425144644286,0.0541184901508953,-0.00888265999675033
1.4146152095317,-4.12581599269879,15.7021861991057,-0.0999983312784201,0.00057770367087842,0.00143723367342181,0.005972909223749
1.34686539515694,-4.1414353673343,15.8546634219931,-0.0989258816507201,-0.014617453253824,0.0311760672759648,-0.00100192138168826
1.27252625210996,-4.18274717477118,16.1512543767479,-0.0903344952771422,-0.0428914789092657,0.0159953522301625,0.00157967147238822
1.2308144129111,-4.23297281992866,15.7890339263068,-0.0996715573662464,-0.00809818820397783,0.0579597181673821,-0.0421274569535
1.09278757633736,-4.26382943440118,16.0179845631626,-0.0952327073380952,-0.0305078916521073,-0.0427941292356437,-0.000348722820412206
1.00323324962386,-4.36079891565288,16.1865312199532,-0.0887655302988742,-0.0460508483174811,-0.000788796414621906,-0.0509186329342184
0.875801961174381,-4.38642740135302,15.5795683166678,-0.09917686855186,0.0128042471175422,-0.0282544198976209,-0.0384327328176887
0.74141606168854,-4.39844390257258,15.9055455598485,-0.0980544037427392,-0.0196299237557331,-0.0363314957431027,0.00761342253617912
0.673741742775173,-4.37844217145595,15.481070934674,-0.0974370170396109,0.0224950596892422,0.0297626981262441,-0.00249332857261253
0.589435391992063,-4.37203256077453,15.7065206823713,-0.0999998959473606,0.000144258507736094,0.0156935451642506,0.00626535217368591
0.497161189505222,-4.38065810760221,15.6438342357549,-0.0997944438223569,0.00640850857738724,0.00752024133551572,-0.0150340554050699
0.41132060801916,-4.3284458434644,15.5478400710275,-0.098720764837127,0.0159439828767054,0.0128801833510655,0.0362682812611042
0.286843632541701,-4.33708060148811,15.8626798760734,-0.0988055241165463,-0.0154100098654931,-0.025671451360913,0.00677525184178323
0.184496627938812,-4.31428552604713,15.645077259345,-0.0998023326510757,0.00628445681057949,-0.00254467195181292,0.0165106186303978
0.0408288717299703,-4.34209185830716,15.8779585328037,-0.0985585568001511,-0.0169177682178054,-0.0451091994086909,-0.010888564042224
0.00413502604575653,-4.2964263740012,15.3456377222696,-0.09350750638552,0.0354449749550192,0.0568136607013062,0.0102205093509492
-0.0698820331911427,-4.23155208942977,14.9736746882366,-0.0742307634941956,0.0670059232536109,0.00021370425729641,-0.0021316386821856
-0.177021147317185,-4.23642739611727,15.6721208233715,-0.0999357728347279,0.00358347707201512,-0.00720334129131457,-0.00845878375951466
-0.327081865662914,-4.26924692697042,15.8709159029255,-0.0986752572202973,-0.0162232429713719,-0.051385461125432,-0.0165962878817761
-0.486951356677715,-4.21451120951928,15.6404657443238,-0.0997722906869565,0.00674462831277202,-0.0600972003278439,0.0479910891383627
-0.560631123377407,-4.26957453086752,16.2266823306401,-0.0868454939851244,-0.0495768108542666,0.0131657272854325,-0.0054865104939763
-0.579097436549072,-4.33928848020315,16.9041598466566,-0.0365900062301743,-0.0930654148654365,0.0181236930585091,0.0233514655298079
-0.625645126579248,-4.41660991775952,16.5370450930456,-0.0675553025566059,-0.0737311406156546,0.0210076125264304,-0.00359029694071293
-0.73473076254812,-4.48524901368942,16.3498370688108,-0.0800975325075752,-0.0598697359790232,-0.028988103461297,-0.00876935995087287
