theta_array,theta_org,x_array,y_array,xi_x_array,xi_y_array,fmpi_x_array,fmpi_y_array
5.5052309236379,0,0,0,0,0,0,0
5.61673484599087,1.57087076390609,0.0849761445131518,-0.0653022944528424,0.00637405077848624,-0.0034823069040985,0.0786020937346656,-0.0618199875487439
5.53462372813158,1.57199338304731,0.1677000821135,-0.125720937888052,0.00945707809457284,0.00763991442609787,0.0732668595057751,-0.068058557861308
5.63638456227193,1.57118522000546,0.257310646076432,-0.182821737922273,0.00980897727408798,0.00316284374826954,0.0798015866888442,-0.0602636437824903
5.59140234271303,1.5722079186776,0.34582844288871,-0.234889590002779,0.0115068101582576,0.0117232753164476,0.0770109866540203,-0.0637911273969532
5.62615880114911,1.5717711821235,0.440404358565567,-0.28317572019121,0.015394732111709,0.0127903805929025,0.0791811835651477,-0.0610765107813338
5.59841119752327,1.57212569563995,0.52737626906512,-0.339127343915989,0.00951571629387334,0.00729818243438559,0.0774561942056806,-0.0632498061591646
5.66511080643139,1.57186029425928,0.626079215327845,-0.387683359498071,0.0172033732635143,0.00939068062181226,0.0814995729992101,-0.0579466962038944
5.64300941849638,1.57252932107514,0.717518493463849,-0.441403801556102,0.0112402075802157,0.00601320911103515,0.0801990705557888,-0.0597336511690656
5.52407284115513,1.57232129903538,0.806761686142956,-0.497425262901983,0.0166984760424069,0.0128063243812569,0.0725447166367002,-0.0688277857271384
5.43532113533744,1.57115033600807,0.885930149050442,-0.563454717996288,0.0130098383908521,0.00895745311017555,0.0661586245166334,-0.07498690820448
5.30381601195897,1.57027536974031,0.960691349329554,-0.635324624199455,0.0190065768187377,0.0111446826519958,0.0557546234603746,-0.0830145888551636
5.15094571736295,1.56898364067878,1.02366634537914,-0.715524702968804,0.0205116733213564,0.0103364675690107,0.0424633227282335,-0.0905365463383593
5.29150945661773,1.56752006834597,1.09785903827563,-0.789591132220138,0.019463889282418,0.00962800338891105,0.0547288036140701,-0.0836944326402453
5.15956173434633,1.56888300639098,1.16793515322061,-0.878826972380631,0.0268343135858126,0.000931485491399306,0.0432418013591664,-0.0901673256518923
5.32235867562532,1.56762158940058,1.23467097915891,-0.960344714107089,0.00945156387814822,0.000448796081505873,0.057284262060148,-0.0819665378079634
5.30108802378089,1.56920702366107,1.28832510034042,-1.04666984318928,-0.00187383228216148,-0.00315875135575779,0.055527953463674,-0.083166377726435
5.36552739023906,1.56900718729491,1.35383641480842,-1.12162474817979,0.00474312862316187,0.00446315082256009,0.0607681858448342,-0.0794180558130687
5.22435797516508,1.56965303694186,1.40801031435826,-1.21252977838059,0.00518442666625132,-0.00372687039808524,0.0489894728835955,-0.0871781598027136
5.32767069041437,1.56827848990559,1.46670572094479,-1.28195007908896,0.000976547320478111,0.0122407872407079,0.0577188592660455,-0.0816610879490742
5.32918503002605,1.56929718291557,1.52354802865486,-1.34880293867573,-0.00100014794778344,0.0147207288071993,0.0578424556578576,-0.0815735883939697
5.31751929965525,1.56932069189689,1.58840457698832,-1.43063371683612,0.0079696224032294,0.000412018838544664,0.0568869259302319,-0.0822427969989367
5.44428359864522,1.56921566319504,1.66673126570487,-1.50564945446848,0.0114986628866546,-0.000624777404126475,0.0668280258298972,-0.0743909602282334
5.53301664299885,1.57048580168674,1.7443750177359,-1.5631689847797,0.00448636298862837,0.0106566856918615,0.0731573890423949,-0.0681762160030877
5.35167561619047,1.57138091500554,1.80536701272151,-1.63663688171084,0.00132968467921632,0.00678426022929651,0.0596623103063979,-0.0802521571604345
5.56730688805479,1.56958307595452,1.88800305267999,-1.70028566909301,0.00718433564990772,0.00197925781904509,0.0754517043085673,-0.0656280452012135
5.55591998029863,1.57174188340706,1.95804901391354,-1.76106377591914,-0.00465356718328785,0.00570482673055359,0.0746995284168387,-0.0664829335566799
5.55855180080002,1.57163774634324,2.02607795514665,-1.82315260219936,-0.0068452994270477,0.00419728150688106,0.0748742406601633,-0.0662861077871068
5.66438962312904,1.57167298326095,2.10824280295284,-1.87664900771616,0.000707086187266226,0.00450905174400038,0.0814577616189224,-0.0580054572608027
5.6469048263323,1.57272738194168,2.18688127535634,-1.93298944776485,-0.00179267601895883,0.00308035061791861,0.0804311484224609,-0.0594207906666015
5.87330938865221,1.57256488076454,2.2797467614101,-1.96841557796913,0.00114845847487463,0.00442342251710454,0.0917170275788803,-0.0398495527213909
5.68997965812873,1.57473056229564,2.37174088009405,-2.01806087218616,0.00907882723166062,0.00625689217474615,0.082915291452296,-0.0559021863917755
5.59685441678466,1.5730027354655,2.4494503881819,-2.07948395697679,0.000351873782429069,0.00194722698602723,0.077357634305414,-0.0633703117766501
5.70878619726374,1.57209848406807,2.52542719951363,-2.13426686475523,-0.00797508225136939,-0.000449864758459234,0.0839518935831013,-0.0543330430199859
5.83002175244935,1.57320273100869,2.61068511012128,-2.17337441432611,-0.00464874554296096,0.00467364707580775,0.08990665615061,-0.0437811966466882
5.64239261738831,1.57436160428368,2.69589291840167,-2.21950885454712,0.00504559676010302,0.0136486664578623,0.0801622115202835,-0.0597831066788714
5.72053731361688,1.5725720176578,2.77860975261623,-2.26561975142131,-0.00186772224592685,0.00723188903338895,0.0845845564604939,-0.0533427859075763
5.88733814061064,1.57333961820778,2.87303165429371,-2.30362953557326,0.00215487802189424,0.000549214094102662,0.0922670236555861,-0.0385589982460583
5.83160009225306,1.57490928369459,2.96532600996976,-2.34013536991129,0.00231870993455932,0.00713340458066045,0.0899756457414871,-0.0436392389186889
5.9568865929596,1.57440468993404,3.06240759480182,-2.36717478728707,0.0023580611831476,0.00501450699447933,0.0947235236489108,-0.0320539243702583
5.9460651076782,1.57553996723841,3.16322684325592,-2.39713429442368,0.00644813532937344,0.00311756963263893,0.0943711131247341,-0.0330770767692466
6.08250007887323,1.57545053809687,3.26560865395633,-2.41105942918359,0.00438878930903597,0.00600895058632941,0.0979930213913671,-0.0199340853462371
6.19879935269003,1.57660426947155,3.37046111019078,-2.41326501423777,0.00520829446498078,0.00622299876873267,0.0996441617694688,-0.00842858382291641
5.89639293671205,1.57750021134233,3.45907360890588,-2.44835354950962,-0.00399988160649128,0.00263343460207102,0.092612380321592,-0.0377219698739184
5.98940819580856,1.57502239135865,3.54389934040303,-2.47327693551879,-0.0108899654289682,0.00403357104691823,0.0957156969261155,-0.028956957056086
5.88854812724545,1.57584191177321,3.64107468555333,-2.50385857353148,0.00486173317615124,0.00786569016865965,0.0923136119741566,-0.0384473281813556
5.84052581928944,1.57496250943602,3.73326195297818,-2.53770037707348,0.00182569901386048,0.00899260965939669,0.0903615684109817,-0.0428344132013907
5.74017365906105,1.57453227783539,3.82989473219834,-2.5804649992715,0.0110171394905458,0.00890705508933204,0.0856156397296164,-0.0516716772873547
5.82053590314191,1.57360220418499,3.93345819772939,-2.62386535819572,0.0140761499163616,0.00123169619400254,0.0894873156146918,-0.0446320551182279
5.65035599925103,1.57436315012212,4.0192569040238,-2.69074563167942,0.00516296584639581,-0.00773741793544475,0.0806357404480095,-0.0591428555482506
5.5035613382075,1.5727578957509,4.09044900158394,-2.75765243945176,7.43032973775093e-05,0.00339439662131746,0.0711177942627611,-0.0703012043936631
5.50406893234574,1.57132753318464,4.16584704484017,-2.82786189335324,0.00424457367756198,5.56424616328099e-05,0.0711534695786755,-0.0702650963631055
5.63408113602628,1.5713425386454,4.24497575128103,-2.8960949496553,-0.000533855807553441,-0.00778575548541627,0.0796625622484117,-0.0604473008166447
5.49248433778494,1.57262849009995,4.33286864515029,-2.97119534115106,0.0175581731823017,-0.00401574430745061,0.0703347206869624,-0.0710846471883133
5.33365946168929,1.5712492836613,4.40144694695587,-3.05766111179248,0.0103714309364163,-0.005151810071161,0.0582068708691573,-0.0813139605702567
5.50674203385965,1.56969140506558,4.47356592369579,-3.13011444085609,0.000777935861865642,-0.00237868395972604,0.0713410408780549,-0.0700746451038869
5.31928706324637,1.57141085746926,4.5350422909699,-3.21505920839656,0.00444414448289382,-0.00280266162947518,0.0570322227912165,-0.0821421059109946
5.34394743506464,1.56957020253961,4.59760305242378,-3.29737892654316,0.00352042983061085,-0.00160888094480474,0.0590403316232731,-0.0807108372017905
5.48726046838659,1.56982259071567,4.66463774450987,-3.36878919309596,-0.00292773370334021,4.08284539136217e-05,0.069962425789426,-0.0714510950067181
5.62171801553288,1.57124833502669,4.73813771886498,-3.43842178541506,-0.00540920166290021,-0.00820505826344858,0.0789091760180146,-0.0614275340556497
5.64284443462854,1.57257869294014,4.81406796074221,-3.50212454481177,-0.00425897249829943,-0.00395587748781193,0.0801892143755271,-0.0597468819088976
5.56941138104653,1.57279297536141,4.89320053422642,-3.5703555304097,0.00354292260001848,-0.00276187319210497,0.0755896508841906,-0.0654691124058222
5.58667183886637,1.57208670589369,4.96903834927856,-3.63174359062557,-0.000870546892319968,0.00276665284402416,0.0767083619444609,-0.0641547130598959
5.51058407908539,1.57226482918407,5.04288367824311,-3.69744563276122,0.00223558533620588,0.00409799094087182,0.0716097436283413,-0.0698000330765196
5.64343710074365,1.57152674026441,5.13343486700486,-3.75622975273917,0.0103265785192675,0.000915226010428816,0.0802246102424892,-0.0596993459883833
5.59289803344492,1.57283578223977,5.22676775609668,-3.82044092099585,0.0162265768156168,-0.000535296789026113,0.0771063122762032,-0.0636758714676497
5.6535333099337,1.57235476264944,5.31918219998446,-3.88724090532833,0.0115911955499868,-0.00791363168496037,0.0808232483377895,-0.0588863526475194
5.6645431276711,1.57295327839791,5.40908065498526,-3.95438769958357,0.0084317902404813,-0.00915384181419984,0.0814666647603206,-0.057992952441047
5.69211994512138,1.57306919468319,5.50262327849305,-4.01139673106716,0.0105078753347324,-0.00128443551522317,0.0830347481730552,-0.055724595968363
5.41845792379494,1.57334239098286,5.56907883578586,-4.10094269858329,0.00157079941328114,-0.0134541269882905,0.0648847578795336,-0.0760918405278405
5.51817556890567,1.5706802288085,5.64601444451765,-4.18266163550462,0.00479804740304363,-0.0124645345663744,0.0721375613287415,-0.0692544023549555
5.57080892996248,1.57167464139252,5.72294123826121,-4.25138372605807,0.0012457204207641,-0.00335868228315231,0.0756810733227916,-0.0653634082703025
5.64579766831056,1.5722005395071,5.81114574620749,-4.30999673005467,0.00783919701162439,0.000896800224016947,0.0803653109346559,-0.0595098042206163
5.56184732773542,1.57293786346383,5.88170185931782,-4.37644164675257,-0.00453616822268421,-0.000405918490750556,0.0750922813330157,-0.0660389982071444
5.35075296187394,1.57213157632066,5.93106057640594,-4.45273419880498,-0.0102295228345702,0.00401461862938671,0.0595882399226967,-0.0803071706817961
5.25759525496774,1.57006168481128,5.970738948418,-4.53505922893742,-0.0121810750378947,0.00317700347888858,0.0518594470499486,-0.0855020336113333
5.4483145774349,1.569157323471,6.04241020150803,-4.59651833842846,0.00454390262594012,0.0126618647313173,0.0671273504640948,-0.0741209742223521
5.78936176851781,1.57104168112785,6.14051551663618,-4.62068797532709,0.0100526194167314,0.0232299704621054,0.0880526957114202,-0.047399607360737
5.69548282441402,1.57433372734524,6.22296942407287,-4.65373476570745,-0.000767765955274502,0.022398255185874,0.0832216733919592,-0.0554450455662367
5.95580603624336,1.57346111806529,6.3330615612346,-4.66839852397825,0.0154033048890571,0.0174925015060846,0.0946888322726697,-0.0321562597768805
6.14187291593466,1.57581853696713,6.43941396391485,-4.66421400299301,0.00734920184587501,0.0182687754755124,0.0990032008343833,-0.014084254490273
6.00138599268617,1.5772998764916,6.54127911072294,-4.67445189846089,0.0058094835949325,0.0175705486576283,0.0960556632131525,-0.0278084441255067
5.95911727954175,1.57620279475243,6.64874306152194,-4.69319933569204,0.0126691606206464,0.0130951090715944,0.0947947901783509,-0.0318425463027447
6.00406742678663,1.57585408105268,6.7564858965449,-4.70314169853983,0.0116129507129789,0.0176084146829548,0.0961298843099858,-0.0275507775307476
5.69128646982689,1.57623009132029,6.85048371940539,-4.73980576004157,0.0110095485974284,0.019129722514388,0.0829882742630654,-0.0557937840161271
5.85840003292577,1.57345444301603,6.95228495767762,-4.76636627057894,0.0106885134884033,0.0146520043393992,0.0911127247838184,-0.0412125148767722
5.80213591890184,1.57499506193527,7.04423582861479,-4.79001143832479,0.00329988605435944,0.0226258045727363,0.0886509848828156,-0.04627097231858
5.95593544969522,1.5744944421232,7.13645416182157,-4.8063941424701,-0.00247465972553379,0.0157613013536863,0.094692992932318,-0.0321440054990036
5.74121297723373,1.57584573038752,7.22667942595481,-4.85064955118433,0.00455596734031832,0.00732725879149521,0.0856692967929223,-0.0515826675057251
5.73954622149826,1.57394622972922,7.30962724621334,-4.88582749306288,-0.00263538186946172,0.0165474437026158,0.0855832021279892,-0.0517253855811607
5.86051923660386,1.5739368184946,7.39715623578899,-4.91925676382033,-0.00367086826126112,0.00759006529920292,0.0911998578369049,-0.0410193360566493
5.9871694245917,1.57503889071248,7.49723624344707,-4.94261541693603,0.00442937854785447,0.00581251674115557,0.0956506291102267,-0.0291711698568613
5.78917950266471,1.57612306110019,7.59065664118062,-4.98034980369437,0.00537634281454979,0.00968126881467951,0.0880440549190034,-0.0474156555730226
5.78728552646752,1.57441045060111,7.68469131169986,-5.02650982867711,0.0060805775829551,0.00142229879150291,0.0879540929362788,-0.0475823237742382
5.69589614753509,1.57440025461767,7.77562916997541,-5.07878947796557,0.00769327527359881,0.00313099410095935,0.0832445830019594,-0.0554106433894237
5.23513768918165,1.57356376720476,7.83888914881693,-5.17243851714694,0.0133336148424785,-0.00700402675805606,0.0499263639990412,-0.0866450124233082
5.1702343210347,1.56911757042869,7.89265250032161,-5.26939407257973,0.00956171250059606,-0.00725485805894777,0.0442016390040758,-0.0897006973738408
5.27425664819528,1.56850617814321,7.94018426932796,-5.35457463528255,-0.00574499715984578,-0.000554407249135414,0.0532767661662056,-0.0846261554536861
5.14671387293158,1.56951438739981,7.98688338983577,-5.4437293801592,0.00461931344225386,0.00156068841518453,0.0420798070655475,-0.0907154332918401
5.11846636329711,1.5683002741071,8.02927638190694,-5.53512766689802,0.00289211639944953,0.000469448735432976,0.0395008756717288,-0.0918677354742492
5.0689659902905,1.56804241910521,8.0602792719275,-5.64441421292052,-0.00390397099967466,-0.0155768290572076,0.0349068610202276,-0.0937097169652887
5.25316331344701,1.56758925136542,8.10709957766037,-5.74271879721172,-0.00465969323120163,-0.0125735531142776,0.051479998964074,-0.0857310311769253
5.24470091061798,1.56934686807559,8.14725850192476,-5.8333462350276,-0.0105937495493058,-0.00446383702784525,0.0507526738137007,-0.0861636007880364
5.14433355640536,1.56927362976675,8.18283077979149,-5.93202396355651,-0.00629147874760694,-0.00786238906394271,0.0418637566143321,-0.0908153394649602
5.25715126216051,1.56832031373707,8.23157907502512,-6.02105506934934,-0.00307318441811982,-0.00350605538826781,0.0518214796517533,-0.0855250504045623
5.2119781641296,1.56941230957348,8.29127245196005,-6.11350221721487,0.0117868796372861,-0.00466920350208938,0.047906497297641,-0.0877779443634397
5.39139509090615,1.56898579971306,8.37240204582212,-6.19522539690072,0.0183276046384991,-0.00390345114891905,0.0628019892235763,-0.0778197285369322
5.40224860685362,1.57074448509607,8.44466919964369,-6.28010738170456,0.00862426247911707,-0.00774844876682629,0.0636428913424478,-0.0771335360370143
5.16464263433099,1.57086152626016,8.4937935562337,-6.37850817454739,0.00542498419259563,-0.00845433737030277,0.0436993723974137,-0.0899464554725319
5.28455603551761,1.56856306502551,8.54604771925744,-6.46783771282789,-0.00189135958080888,-0.00525657959651255,0.0541455226045557,-0.084072958683988
5.28782012002438,1.56973021723913,8.61024861722414,-6.56074739688469,0.00978124304720052,-0.0090139084870916,0.054419654919495,-0.0838957755697096
5.1288444757356,1.56977269985301,8.65990697841944,-6.66154637158959,0.00920621615598061,-0.00934612367379162,0.0404521450393218,-0.091452851031106
5.05367613971399,1.5682518421185,8.69587373836781,-6.76386805520234,0.0024967308472158,-0.0080892202470455,0.0334700291011526,-0.0942324633657
4.86925287942969,1.56755605458551,8.71125381594383,-6.87451764790451,-0.00024206080459277,-0.0118773861235153,0.0156221383806115,-0.0987722065786577
4.63251837440567,1.56591857707512,8.71043925943874,-6.99246388121893,0.00716401480687134,-0.0182650294702665,-0.00797857131196322,-0.0996812038441547
4.64516448510794,1.56405885218737,8.71560347375473,-7.11213609769419,0.0118816017139705,-0.0198980880323349,-0.00671738739797872,-0.0997741284429259
4.62187848148748,1.56415199986384,8.73150282921021,-7.22500284789631,0.0249380524790966,-0.0132760781684647,-0.00903869702362177,-0.0995906720336557
4.71703372424065,1.56398813133559,8.74072338969241,-7.33218087742211,0.00875608776667613,-0.00717910820613665,0.000464472715530142,-0.0999989213196649
4.47259189659888,1.56469631869436,8.734689219739,-7.4441642001849,0.0177163821776096,-0.014844703905647,-0.0237505521310234,-0.097138618857134
4.50500863159831,1.56300846136382,8.72195161314201,-7.55775258987244,0.0078521021648752,-0.0157310246448361,-0.0205897087618638,-0.0978573650427071
4.56024295251347,1.56320681999036,8.71124487856435,-7.66840122480345,0.00444923712460987,-0.0118038246385136,-0.0151559717022657,-0.098844810292499
4.5983840044758,1.56356518518569,8.71490050491477,-7.78411750838038,0.0150314443514799,-0.0163654367521146,-0.0113758180010605,-0.0993508468248094
4.8192359398326,1.56382780880382,8.73579187993588,-7.89718637268906,0.0102269973753938,-0.0136391351054398,0.0106643776457077,-0.0994297292032405
4.86596190942353,1.56553342263088,8.76275136102291,-8.01324058091821,0.0116624830865435,-0.0172311246293525,0.0152969980004912,-0.0988230835997995
4.721825675861,1.56593610290646,8.77445310572941,-8.1061320241613,0.0107580891646268,0.00710410422887672,0.000943655541872388,-0.0999955474719664
4.63308501345942,1.56475444261072,8.77654867770505,-8.21165017491356,0.0100176587467268,-0.00583244194106133,-0.00792208677108397,-0.0996857088112003
4.60907282066484,1.56408683659796,8.77284008798792,-8.31468494525435,0.0066046557232643,-0.00356800720612779,-0.0103132454403942,-0.0994667631346581
4.39449467281458,1.56391532405667,8.75036084684395,-8.40763028383656,0.00877746554349668,0.00204423077702598,-0.0312567066874699,-0.0949895693592379
4.41424906809101,1.56255569266413,8.74344218141487,-8.49729423491406,0.0224556032497482,0.00592450188405083,-0.0293742686788324,-0.0955884529615568
4.32634364696952,1.56266463370367,8.72671324495984,-8.58762957005263,0.0209238380200784,0.00230519904775703,-0.0376527744751024,-0.0926405341863219
4.27806833177919,1.56219590767944,8.70265063620493,-8.67615170847351,0.0180168133192752,0.00219347345437715,-0.0420794220741861,-0.0907156118752583
4.34601522314637,1.56196373569129,8.68061170088901,-8.78078074456967,0.01378428633736,-0.011265784276295,-0.0358232216532773,-0.0933632518198684
4.63955167028232,1.56228785718908,8.6787964704584,-8.88869141030521,0.00546206192332199,-0.0081758121687141,-0.00727729235393621,-0.0997348535668216
4.84789265577795,1.56413575160814,8.70148326195028,-9.00136059797134,0.00917785283869677,-0.0135858460972013,0.0135089386531887,-0.0990833415689256
4.79593043734094,1.56581170435617,8.72304635373425,-9.11089952167371,0.0132186602054041,-0.00988767954741968,0.0083444315785639,-0.0996512441549561
4.78045234052819,1.56537712945217,8.74002067963088,-9.21811108095638,0.0101732438610007,-0.00744310092460607,0.00680108203563066,-0.0997684583580634
4.87530909503517,1.56525359301838,8.77013151107956,-9.31900155863925,0.0138907974374285,-0.00221469292959484,0.0162200340112556,-0.0986757847532702
4.8833175992041,1.56606834405072,8.7981150425423,-9.41455606695631,0.010973780607493,0.00298821528971493,0.0170097508552387,-0.0985427236067824
4.52409000575993,1.56614512847884,8.79265156092333,-9.5063857253644,0.0132553392239487,0.00640274839461144,-0.0187188208429187,-0.0982324068026978
4.50140604258384,1.56334553405926,8.78455075980805,-9.6008009387546,0.0128413131391544,0.00336734052691956,-0.0209421142544276,-0.0977825539171201
4.62400523607319,1.56319694237391,8.79084348934279,-9.70902452496906,0.0151196013581992,-0.0086139163334106,-0.00882687182345911,-0.0996096698810523
4.82722139692943,1.56404631429109,8.81136100224684,-9.82786121681282,0.0090594918787742,-0.0194952918426267,0.0114580210252765,-0.0993414000011291
5.04232455961601,1.56567489135665,8.85438503845839,-9.93507966704754,0.0106258279167899,-0.012612128568088,0.032398208294754,-0.0946063216666293
5.0677281598504,1.56763201180259,8.89838466832312,-10.032142416878,0.00920879229763927,-0.00330989589324038,0.0347908375670917,-0.0937528539372548
5.20424023088173,1.56788288034271,8.95990063405887,-10.126264612829,0.0142901157423694,-0.00597618587450953,0.0472258499933784,-0.08814601007648
5.08312699941414,1.56922137741375,9.00563019578711,-10.2171449660232,0.0094992208538045,0.00232566807119022,0.0362303408744325,-0.0932060212653798
5.10355311614469,1.5680499989003,9.05931761571752,-10.3101585541738,0.0155609322330789,-0.000567003920246043,0.0381264876973361,-0.0924465842303807
5.02811125793184,1.56825676624496,9.10462078337734,-10.4010223531827,0.014252854736712,0.00419343673561902,0.031050312923102,-0.0950572357444579
5.31639218508163,1.56754425786814,9.16854210467611,-10.4729673808004,0.00712712853819597,0.0103618352108443,0.0567941927605766,-0.0823068628285301
5.34964648788451,1.57037541587113,9.23875863143218,-10.5418278104666,0.0107171810872468,0.0115126246802256,0.0594993456688232,-0.0803730543464779
5.21957684880998,1.57071740799673,9.29100064565175,-10.6153708674667,0.00366990947367463,0.0138683303619482,0.0485721047459,-0.0874113873620212
5.26090272028212,1.56943076180913,9.35564003790529,-10.6931235915141,0.0124974343621725,0.00757731888735688,0.052141957891369,-0.0853300429347993
5.19804127072547,1.56985104334335,9.41174342074547,-10.7799415311803,0.0094248503251767,0.00161912610514153,0.0466785325149991,-0.0884370657713505
4.97824754183807,1.56923798497306,9.44424564850409,-10.8813609015146,0.0062284514848524,-0.00493264233334503,0.0262737762737636,-0.0964867280008822
4.83049971701006,1.56713115371277,9.46198662084446,-10.9945562049724,0.0059573405638027,-0.0138920002793431,0.0117836317765712,-0.0993033031784652
4.8305411102671,1.5658078661161,9.49064285507592,-11.0961959275505,0.0168684919778268,-0.00233690724765595,0.011787742253628,-0.0993028153304932
4.8098907458952,1.56581490774819,9.52171261180936,-11.2016565487662,0.0213350213363619,-0.00593557448494553,0.009734735397084,-0.0995250467307037
4.76448757385679,1.56564365975441,9.5371038169205,-11.3104174861957,0.0101837022658875,-0.00889661990761224,0.00520750284524698,-0.0998643175219094
4.61631880788941,1.56526457504855,9.54305978811196,-11.417082239061,0.0155482173000085,-0.00712587194641473,-0.00959224610854455,-0.0995388809189309
4.3158414795219,1.56409522354963,9.52014567511382,-11.5101053121463,0.0157094935475111,-0.000783076243245973,-0.0386236065456536,-0.0922399968419695
4.54219893000191,1.56218655555162,9.51710974599123,-11.60925434017,0.0139010365546817,-0.000593768429744138,-0.0169369656772721,-0.0985552595940313
4.40420494925611,1.56356167116427,9.50454426962138,-11.7062698489198,0.017767396257504,-0.00172691112043533,-0.0303328726273498,-0.0952885976293752
4.01797446845192,1.56267239340739,9.45984823250272,-11.7915706713352,0.019297527233197,-0.00845797159930671,-0.0639935643518575,-0.0768428508160953
3.56523745447878,1.56103949968749,9.39481856710584,-11.833347338513,0.0261300018980393,-0.000668090716415035,-0.0911596672949236,-0.0411085764613522
3.62085185621526,1.56095874020879,9.32461033331157,-11.8761324107843,0.0185254426223338,0.00332712426713788,-0.0887336764165993,-0.0461121965383807
3.68934834132869,1.56084920303671,9.25711988674285,-11.9352613382154,0.0178790981688703,-0.00705166913832696,-0.0853695447375857,-0.0520772582928225
3.70530438262344,1.56075729413622,9.19312008207579,-11.9988571152095,0.0205279613355347,-0.010163045690032,-0.084527766002596,-0.053432731304046
3.71134243939439,1.56073561042309,9.13990928444938,-12.0592370545572,0.0309927996141119,-0.00643780172080471,-0.0842035972405241,-0.0539421376268646
3.70722037696234,1.56072343623053,9.08358486719193,-12.1236710920406,0.0281008168449701,-0.0108394496340424,-0.0844252341024267,-0.0535945878494317
3.66452036150927,1.56071754649118,9.02600179762149,-12.1802052376866,0.0290530046894915,-0.00659227306563485,-0.0866360742599269,-0.0499418725803151
3.57540490057465,1.56074766918027,8.96085256656697,-12.2331413642371,0.0255877623424612,-0.010902829876657,-0.0907369933969829,-0.0420332966738976
3.81153869951857,1.56087808787289,8.89657668096543,-12.3168765161087,0.0141096313446722,-0.0216407822953267,-0.0783855169462135,-0.0620943695762738
3.82158488840276,1.5606742403421,8.84396465142055,-12.3999319145374,0.0251457305974196,-0.0201766998284954,-0.0777577601422921,-0.0628786986001918
3.84957786491029,1.56066930685997,8.77801095504818,-12.4829940552301,0.0100136679444518,-0.018031689681253,-0.0759673643168242,-0.0650304510114677
3.59945374501724,1.56067646625406,8.69386920194735,-12.5456812270966,0.00555824805170024,-0.018484120012185,-0.0897000011525359,-0.0442030518543128
3.93645215086969,1.56079057641625,8.62113963051449,-12.6382846384757,-0.00269106554217369,-0.0212268907816397,-0.0700385058906819,-0.071376520597469
4.0832705388742,1.56075958948664,8.56173545531291,-12.7443171593657,-0.000560954641652511,-0.0251778649069405,-0.0588432205599273,-0.08085465598304
3.9238902548747,1.56109969387362,8.49778729362013,-12.8405385075522,0.00698141903635596,-0.0257302524537877,-0.0709295807291361,-0.0704910957326453
3.90598202117361,1.5607186136037,8.44280981069604,-12.9348307200645,0.0172030279218482,-0.0250825755098141,-0.0721805108459436,-0.0692096370025058
3.58658096816473,1.56068300458182,8.37778342871469,-13.0040211636957,0.0252351875604342,-0.0261457103430385,-0.0902615695417811,-0.0430447332882227
3.487712643364,1.56075695820082,8.29932074310106,-13.0685718732205,0.0156069229497529,-0.0306256635449839,-0.0940696085633829,-0.0339250459798057
3.46975720972566,1.56098146769807,8.21326014678738,-13.1310009019061,0.00860295493069296,-0.0301984210927377,-0.0946635512443722,-0.0322306075928475
3.51022857711115,1.56102390566931,8.12426705993131,-13.1903303945335,0.00428888806045968,-0.0232951596146926,-0.0932819749165346,-0.0360343330127117
3.66299086070973,1.5608979679035,8.04242115268547,-13.2591397696725,0.00486645178133793,-0.0190000708681885,-0.0867123590271732,-0.0498093042708148
3.71229126636158,1.56059856653791,7.96948919855618,-13.3204053737231,0.0112204234609661,-0.00724359607319269,-0.0841523775902617,-0.0540220079773607
3.75142910863135,1.56054599601072,7.89568725390792,-13.3847053625551,0.00817222499859538,-0.00702664851812601,-0.0819741696468472,-0.0572733403138836
3.87200223179108,1.56051964580546,7.83246465687272,-13.4593742912763,0.0112675234231787,-0.00795145009610482,-0.0744901204583803,-0.0667174786251399
3.74685956406974,1.56055943797463,7.7603661043017,-13.5234046809199,0.0101364734067195,-0.00713223060096707,-0.0822350259777415,-0.056898159042628
3.56788028106428,1.5605004010618,7.67516707559048,-13.5697068962442,0.0058516775177746,-0.00495286351315605,-0.0910507062289919,-0.0413493518111448
3.57724599005421,1.56070008425084,7.59551087323199,-13.6275997266553,0.011003250240422,-0.0156925501458722,-0.090659452598916,-0.0422002802652412
3.64910273963773,1.56067072583091,7.5319914921445,-13.6919056259391,0.023876350948981,-0.0157056315704297,-0.0873957320364654,-0.0486002677133607
3.8069571120138,1.56054420457415,7.46981506792481,-13.7685053869504,0.0164927598274438,-0.0148651719921131,-0.0786691840471322,-0.0617345890191102
4.05069287530733,1.56046358283326,7.43006367541139,-13.8617383803476,0.021694195413307,-0.0143378748895981,-0.0614455879267298,-0.0788951185076651
4.0689162875927,1.56085106865651,7.38818411910175,-13.9503422005555,0.0181181703860327,-0.0086021152800741,-0.0599977266956729,-0.0800017049277785
4.14207089353815,1.5608975367463,7.34891691737849,-14.0450342088228,0.0147227801823335,-0.0105190799956275,-0.0539899819055961,-0.0841729282717039
3.79444080813,1.56114026111621,7.28877828567401,-14.113193239878,0.0192970590518002,-0.00741389928263209,-0.0794356907562828,-0.0607451317726138
3.61810178926756,1.56042275346265,7.22070421493162,-14.1617100305855,0.0207860816016145,-0.0026487917822674,-0.088860152344003,-0.0458679989251828
3.631324700002,1.56052897557994,7.14434186615923,-14.2133692690292,0.0118835445104548,-0.00462029374131395,-0.0882458932828492,-0.0470389447023632
3.6981767008508,1.56049937715066,7.0763929234203,-14.2665589588882,0.016957524385097,-0.000360797759004883,-0.0849064671240209,-0.0528288921000389
3.45342332386821,1.56041750293436,6.99342803659066,-14.2992234738709,0.0122124644319439,-0.00198436167750993,-0.0951773512615881,-0.0306801533051625
3.4762784410409,1.56089789553714,6.9086344587828,-14.3328685214623,0.00965777883306451,-0.000797806783589927,-0.0944513566409216,-0.0328472408078583
3.45081443833474,1.56081801252841,6.82244797624207,-14.3679782134769,0.00907058573634067,-0.0046779496513758,-0.0952570682770688,-0.0304317423631619
3.36452471119153,1.56088946076841,6.73172344787912,-14.3875475598918,0.00680081099190888,0.00253966043117404,-0.0975253393548606,-0.0221090068460634
3.29939560910097,1.56120162233878,6.63169148851437,-14.401358455791,-0.00127446640399764,0.00190398825902899,-0.0987574929607535,-0.015714884158234
3.21532462131091,1.56148402945649,6.52641632354789,-14.408944682815,-0.00554686199833743,-0.00021970904782409,-0.099728302968145,-0.00736651797621417
3.09872105059472,1.56191052981322,6.42818311107979,-14.411455419974,0.0016749028894949,-0.006796584297458,-0.099908115357593,0.0042858471384178
3.11227813070971,1.56261037665012,6.33781873398746,-14.4033277303916,0.00959265892194749,0.00519665712935063,-0.099957036014275,0.00293103245306842
3.2977106879784,1.56252071882002,6.23187803737684,-14.4098024607209,-0.00715686550635075,0.00907373301487341,-0.0987838311042691,-0.0155484633441136
3.25267580978695,1.5614715235104,6.13577990172081,-14.4197087884447,0.00328552513045755,0.00117915686983677,-0.0993836607864901,-0.0110854845936419
3.2197666865831,1.56169189393072,6.04276612749885,-14.42840180171,0.00668082238510381,-0.000883569792461625,-0.0996945966070581,-0.00780944347287049
3.14834507013864,1.56186406515859,5.95086644319228,-14.4300964091593,0.00809803594562908,-0.00101937092564547,-0.0999977202521997,-0.000675236523608015
3.14186769774732,1.56227835597051,5.8550039399945,-14.4403749395454,0.00413749301974664,-0.0102510259707663,-0.0999999962175356,-2.75044154063718e-05
3.45740522840817,1.56231420948689,5.76555963790803,-14.4802873113126,0.00561012951194129,-0.00885347556165655,-0.0950544315984051,-0.0310588962055018
3.52012755244126,1.56079018078874,5.68310925236996,-14.5271679224241,0.0104703219308013,-0.00992466269335407,-0.0929207074688778,-0.0369559484181267
3.48127789792658,1.56059344738272,5.58742224894312,-14.5634674994449,-0.00140104484908266,-0.00298054319518737,-0.0942859585777589,-0.0333190338256248
3.34764879877881,1.56069508316733,5.49281075808269,-14.5820259683032,0.00327305334354921,0.00190163881443123,-0.0978845442039755,-0.0204601076727365
3.19979781935722,1.56118675582035,5.39894931250238,-14.5864515911294,0.00596921017098251,0.00139160780939046,-0.0998306557512859,-0.00581723063564198
3.11496125292127,1.56193462931176,5.3042203384194,-14.588241564522,0.00523556643775946,-0.00445279867341902,-0.0999645405207443,0.00266282528087741
3.01190052491821,1.5624524169524,5.20913416808701,-14.574882694883,0.00407400540334746,0.000425983338664615,-0.0991601757357379,0.0129328863003424
3.02662115148835,1.56316620294557,5.11338371234404,-14.5608729654036,0.00358934965206292,0.00253789161100321,-0.0993398053950318,0.0114718378683282
2.94651856663654,1.56305850835093,5.02556237853638,-14.5506312561751,0.0102819973208317,-0.00914221249782687,-0.0981033311284948,0.0193839217263407
3.13344596344741,1.56366305349794,4.933441521931,-14.5480484327009,0.00787582498495798,0.00176816347136793,-0.0999966815903394,0.000814660002866465
2.95050590314025,1.56232599615479,4.84763300702331,-14.5313567002618,0.0123713263705332,-0.0023008652395286,-0.0981798412782179,0.0189925976786733
2.80715929308199,1.56363192630493,4.7661520548049,-14.4946368153822,0.0129786929418205,0.00389648718517865,-0.0944596451602366,0.0328233976943611
2.88422030417002,1.56483003196099,4.68344323352957,-14.4689001036112,0.0139973946224323,0.000282678559443861,-0.0967062158977631,0.0254540332115606
2.78920154760839,1.56417343695523,4.60185920623958,-14.4349025088085,0.01227098503526,-0.000516701676120612,-0.0938550123252477,0.0345142964788158
2.88474251066472,1.56499679839483,4.51722177049199,-14.4158804900431,0.012082059225152,-0.0063815103637222,-0.0967194949727444,0.0254035291291836
2.94822536800783,1.56417451577832,4.42489299742797,-14.4059184369098,0.00580749965675365,-0.00925439754000257,-0.0981362727207638,0.019216450673209
3.06182256270268,1.56365941616071,4.33546396933258,-14.4064761350172,0.0102529772120317,-0.00852624991362877,-0.0996820053074283,0.00796855180630988
3.09052173174219,1.562807128202,4.24587737300251,-14.4056321812248,0.0102830200600155,-0.00426091859566591,-0.09986961639008,0.00510487238804978
3.22424861524731,1.56260569871486,4.15378158486954,-14.4217088214165,0.00756280590758962,-0.00782045258123071,-0.0996585940405602,-0.00825618761044187
3.23696197167547,1.56176223972793,4.06808859448541,-14.4395603301871,0.0138525888556376,-0.00832902727581153,-0.0995455792397697,-0.00952248149479559
3.21545681463563,1.56168514732204,3.97599394963131,-14.4483589153021,0.0076326834381697,-0.00141888378733795,-0.0997273282922651,-0.00737970132774894
3.10899323774419,1.56180271482939,3.8930858901503,-14.4490963933594,0.0170388091288893,-0.00399684227056646,-0.0999468686099007,0.00325936421334769
3.10690037866031,1.56246618465341,3.81168745491561,-14.4541041232302,0.0185413931036653,-0.00847626150527614,-0.0999398283383607,0.00346853163442242
3.13010509700618,1.56247746006142,3.72779885672925,-14.4733689041635,0.0161048036883868,-0.0204135113261127,-0.099993401874747,0.00114873039280469
3.15976439411558,1.56231852431637,3.64669517695355,-14.4872132503527,0.0188798100709462,-0.0120272721437538,-0.0999834898466418,-0.00181707404540313
3.10945796796869,1.56212350485781,3.55889364058761,-14.5003058646457,0.0121468361759971,-0.0163055298253949,-0.0999483725419374,0.00321291553236296
3.24278396460356,1.56244805296086,3.47662263197178,-14.5171696078394,0.0172174440433257,-0.00676187269920636,-0.0994884526591581,-0.0101018704944406
3.23124938838898,1.56161941508374,3.3859693992677,-14.53180188905,0.00894511994717995,-0.00567861441113049,-0.0995983526512576,-0.00895366679945855
3.14668686996414,1.56167919244708,3.29867286568982,-14.5367479514077,0.0127021688729014,-0.00443664292364654,-0.0999987024507826,-0.000509419434100363
3.07944101151808,1.56219023656444,3.20619805448464,-14.533481216527,0.00733210962882902,-0.00294442874891987,-0.0998069208340073,0.00621116362964348
2.98216824099063,1.56264214030807,3.12459070451245,-14.5200960050974,0.017124532166644,-0.00248978303724467,-0.0987318821388396,0.0158749944668425
2.93546118109165,1.56336467662042,3.03808773915875,-14.4986649311984,0.0113800373677133,0.0009635929049574,-0.0978830027214131,0.0204674809940022
2.94034744451319,1.56373909343296,2.95226953658002,-14.4802636948628,0.0121636407445078,-0.0015877200898633,-0.097981843323234,0.0199889564255175
3.19778945934208,1.56370080767918,2.87586609261118,-14.4864791059575,0.0234386935340964,-0.000598687953491717,-0.0998421375029354,-0.00561672314120522
3.25287452904288,1.56186114668972,2.79802761449975,-14.5044895659551,0.0215429778135281,-0.00690522617587275,-0.0993814559249569,-0.011105233821755
3.1402882459148,1.56153554409205,2.7064567779052,-14.5107220623351,0.0084290783314902,-0.00636293711049829,-0.0999999149260429,0.000130440730509343
3.14596856125275,1.56221650900656,2.62041960454528,-14.5210497279958,0.013961869213218,-0.00989007629099758,-0.0999990425731341,-0.000437589369757724
2.9741997415263,1.56217540538622,2.53040338439484,-14.5138466561391,0.00858602887044224,-0.0094581552296612,-0.0986022490208874,0.0166612270863494
2.68237740451551,1.5634210234704,2.45400996564141,-14.4743343236011,0.0132466422733621,-0.00481214669313845,-0.0896400610267888,0.0443244792311605
2.9131866157001,1.56602172855037,2.36896552687387,-14.4582398297703,0.0123584157806387,-0.00654803089296241,-0.0974028545481766,0.0226425247237747
2.93945172492826,1.56392444611936,2.28541894150309,-14.4543628223775,0.0144173141490076,-0.0161997052582776,-0.0979638995197967,0.0200767126511087
2.61605804997543,1.56370643297204,2.21322328333217,-14.4062844335261,0.0143099285987418,-0.00208916498208744,-0.0865055867696607,0.0501675538334959
2.59855553740148,1.56669212313505,2.1313061432023,-14.369712944193,0.00369718359409621,-0.0151023684026498,-0.0856143237239677,0.0516738577356835
2.67666502884991,1.56687549052056,2.04707113149324,-14.3338708272871,0.00515039008919915,-0.00899369406436323,-0.0893854017982589,0.0448358109702927
2.75427229881616,1.56610348072591,1.97264392514945,-14.2956369459536,0.0181652444619815,0.000463018836290074,-0.0925924508057715,0.0377708624971787
2.79051821989112,1.56536357889473,1.89018114782944,-14.2591520615824,0.011437597654917,0.00209419406750821,-0.0939003749749204,0.034390690303763
2.92781369792114,1.56503129459813,1.81361655917659,-14.2365326095917,0.0211590285970504,0.00140401818428981,-0.0977236172499038,0.0212154338064133
2.77368974059726,1.56382604722294,1.73750216701491,-14.198232526419,0.0171939712375804,0.00233413650426473,-0.0933083633992584,0.0359659466683686
2.84546040135053,1.56519658637819,1.6580894777872,-14.1679143275009,0.0162345445960095,0.00113589842845674,-0.0956472338237224,0.0291823004896832
2.92852194558553,1.56454584403326,1.58244939611353,-14.1507773888439,0.0220985368466211,-0.00400927731051404,-0.097738618520287,0.0211462159675394
2.7779991614626,1.56382940926906,1.51011428341284,-14.1105016910076,0.0211273762013406,0.00471218889465408,-0.0934624889020279,0.0355635089415866
2.74013227375642,1.56516998017015,1.43328982037358,-14.066735614712,0.0152246682941093,0.00468977374827151,-0.0920491313333695,0.0390763025473507
2.58876452857141,1.56553396800705,1.35317674925255,-14.006862125176,0.00499121786234102,0.00736387140147454,-0.0851042889833739,0.0525096181345321
2.62326607573127,1.56704364012884,1.27564469800057,-13.9545010127562,0.00933289418992533,0.00281839092234182,-0.0868649454419085,0.0495427214974537
2.5695499956663,1.56670121597439,1.19630169078149,-13.9064674145071,0.00473668636630409,-0.00610146549504431,-0.0840796935853849,0.0541350637441925
2.34020778187292,1.5672585085643,1.12345003934414,-13.8396248746097,-0.00328039189662199,-0.00498948531364851,-0.0695712595407277,0.0718320252110207
2.2392270053446,1.56970938592164,1.0703871705786,-13.7806352829578,0.00891264670599679,-0.0194899310405615,-0.0619755154715365,0.0784795226924664
2.14327471098877,1.57081917060196,1.02532830976152,-13.7012402037507,0.00911283351828329,-0.00466101832802623,-0.0541716943353625,0.0840560975351346
2.08053043186037,1.57187531195658,0.980917779970611,-13.6106583307668,0.00438398733757461,0.00329444491887121,-0.0487945171284826,0.0872874280649752
2.00243521112721,1.57256530375844,0.935718034143816,-13.5373656923315,-0.00336375266250943,-0.0175354941886628,-0.0418359931642853,0.0908281326239722
1.94894396763194,1.57340945604937,0.898223752907997,-13.4592032745838,-0.000574319876585072,-0.0147725942404106,-0.0369199613592335,0.0929350119881237
1.84996222783213,1.57398097024697,0.873770023033863,-13.3667735848649,0.00310166384382482,-0.00369887147413561,-0.027555393717959,0.096128561193062
1.59670012586534,1.57500410561702,0.869464248490561,-13.2805341367947,-0.00171568432029678,-0.0137270034655279,-0.00259009022300562,0.0999664515356862
1.34132375187498,1.57739306121425,0.888985661086911,-13.1872123557357,-0.00322498298100626,-0.0040568690047349,0.0227463955773562,0.0973786500637508
1.28648395597368,1.5793676191972,0.912310877210842,-13.1017356709996,-0.00472453322834809,-0.0105087910468697,0.0280497493522792,0.0959854757829241
1.14682220905017,1.57971933236402,0.956317259292776,-13.0253990006319,0.00286778743522476,-0.0148094542371797,0.0411385946467092,0.0911461246049099
1.22180148281483,1.58049202671393,0.990432581904046,-12.9398723402524,-8.00192143026734e-05,-0.00844503002470753,0.034195341825573,0.09397169040425
1.45799285764799,1.5800913241935,0.9924343756648,-12.8486857702127,-0.00925464534358911,-0.008177873191763,0.0112564391043433,0.0993644432314206
1.51196880567011,1.57851966752185,0.992748470118175,-12.7566199556997,-0.00556526519510925,-0.00776120152033299,0.00587935964848373,0.0998270160333553
1.65890206170312,1.57809864030129,0.980714168088325,-12.6590844711585,-0.0032351229720291,-0.0020766354438484,-0.0087991790578205,0.0996121199850119
1.79376841200027,1.57685045648306,0.961518862226155,-12.5668945794823,0.00291760467180779,-0.00533456262992726,-0.0221129105339783,0.0975244543061702
1.97631415418277,1.57559295251641,0.933295549707011,-12.4851977369101,0.0112261518724468,-0.0101929814520789,-0.0394494643915905,0.091889824024299
2.15476245935276,1.57375772189226,0.880516380400031,-12.4079542345003,0.00235454465143325,-0.00618475170807409,-0.0551337139584132,0.0834282541178459
2.07652624404546,1.57187205613516,0.826225335124283,-12.3215941246568,-0.00584643364253745,-0.00112200034883625,-0.0484446116332107,0.0874821101923552
2.09957860632221,1.57272251382202,0.766994025466595,-12.2304646613646,-0.0087830787759402,0.00478726039633781,-0.0504482308817479,0.0863422028958137
2.03179949366477,1.57248865910267,0.726982529328852,-12.1497870558256,0.00447318122343177,-0.00888306373088821,-0.044484677361175,0.0895606692698986
2.46483020015907,1.57321861884414,0.649468079435452,-12.0946012193619,0.000445988781682338,-0.00744139404819766,-0.0779604386750822,0.0626272305118847
2.43831295142885,1.56857742225532,0.572075902010752,-12.0346214632667,-0.00111965388039437,-0.00469251116198222,-0.0762725235443058,0.0646722672571738
2.34340150654282,1.56886978806153,0.513308998688279,-11.9706655298634,0.0110334127304124,-0.00765353439892003,-0.0698003160528848,0.0716094678022215
2.41078662567637,1.56989864541154,0.453697729910299,-11.9120350274234,0.014852395702003,-0.00811650252810892,-0.0744636644799835,0.0667470049681066
2.1930267885261,1.56918334378098,0.397112001673466,-11.8382844920711,0.00169917561026178,-0.00750751030187169,-0.0582849038470945,0.0812580456541686
2.03771952167441,1.57154653126852,0.352631220281004,-11.7630511999444,0.000533315023387715,-0.0140624587457028,-0.0450140964158502,0.0892957508723934
1.9753968923388,1.57321857709401,0.320669638241135,-11.6834192032065,0.00740357873833108,-0.0122939741131307,-0.0393651607782,0.0919259708510411
2.11308116014925,1.57387966053464,0.27521355868861,-11.6034649580283,0.00615335738127598,-0.00569892767233948,-0.0516094369338005,0.0856531728506076
1.92498600806747,1.57243611926366,0.242995349598318,-11.5145888859821,0.00246483677896503,-0.00491671194720955,-0.034683045869257,0.0937927839933916
1.85717902343657,1.57441668959121,0.217775053454714,-11.4264780133287,0.00302811416153226,-0.00781632534196564,-0.0282484103051363,0.0959271979953166
1.91179994720773,1.57510664099837,0.191103388164275,-11.3359582551745,0.00677164389511287,-0.00372219147923802,-0.0334433091855517,0.0942419496334811
2.10153426511145,1.57456649571141,0.140122768077303,-11.2591252742541,-0.00036362989703731,-0.00941039739999772,-0.0506169901899352,0.0862433783203789
2.02338692982975,1.57259781275918,0.0969813561184845,-11.1864383148811,0.000588265333515192,-0.0172447665300934,-0.0437296772923334,0.0899317259030893
2.12102822089749,1.57343365427037,0.0568094497924075,-11.1048771799451,0.0121165847023379,-0.00367919416928342,-0.0522884910284149,0.0852403291052503
1.93223535696203,1.57240888546719,0.0264279738125689,-11.0211189565398,0.00498058920284272,-0.00978066875194372,-0.0353620651826813,0.0935388921573043
1.98088796074862,1.57439390148019,-0.00319621475174192,-10.9334802908863,0.0102451480074719,-0.00406976362827927,-0.0398693365717827,0.0917084292817509
1.82307007339827,1.57390266048091,-0.0221018808220926,-10.8459015901699,0.00605497184510639,-0.00925603765185345,-0.0249606379154571,0.0968347383682811
1.94741904152959,1.57549593021632,-0.0603918972506087,-10.7757452082938,-0.00151181696678293,-0.0228348222475183,-0.0367781994617331,0.0929912041235781
1.71933402829621,1.57426225801882,-0.0827678184236125,-10.6991452909725,-0.00757671169769703,-0.0222989370648484,-0.0147992094753068,0.0988988543862162
1.88920477053051,1.57648903912474,-0.117126059118401,-10.6168680599815,-0.00305270056765261,-0.0126962556110969,-0.0313055401271359,0.0949734866020422
1.83031995159566,1.57486552373215,-0.133745045623031,-10.5348941660902,0.00904302934748147,-0.0146773396362581,-0.0256620158521118,0.0966512335275964
2.00577099686973,1.57545201788779,-0.176081792070457,-10.4547061332617,-0.000198003419309867,-0.0105000388018089,-0.0421387430281158,0.0906880716302338
2.08500626405342,1.57369231541357,-0.224284606418238,-10.3801617234713,0.000981896605585675,-0.0125237486167795,-0.0491847109533665,0.0870681584072719
1.92017161063617,1.57287113395484,-0.265410744138396,-10.2978971274996,-0.00689504779321526,-0.0116940783613799,-0.0342310899269433,0.0939586743329935
2.13300604176936,1.57458732011072,-0.315753032164642,-10.2271710529723,0.00296342115926729,-0.0138818528094455,-0.0533057091855128,0.0846079273368018
2.35934363645353,1.57238093424662,-0.386754043132352,-10.1677420262077,-6.80055724133766e-05,-0.0110586228315381,-0.0709330053952965,0.0704876495961586
2.39430324138872,1.56995929699852,-0.458710877878892,-10.114781924592,0.00139654728899652,-0.0150051935278539,-0.073353382035537,0.0679652951435405
2.17137417335664,1.56959407578763,-0.522498022726068,-10.0388394986716,-0.00727521520248375,-0.00655849412195231,-0.0565119296446917,0.0825009200423451
2.08453454874399,1.57200343569079,-0.595015972953728,-9.95684028722923,-0.0233743161282312,-0.00509213845820922,-0.0491436340994291,0.087091349900558
2.00250819944129,1.57294033325083,-0.639332507322552,-9.86817075629018,-0.00247391192371005,-0.00215554790438288,-0.041842622445114,0.090825078843432
2.05651523221093,1.5738085418184,-0.688596558856489,-9.78387674944671,-0.00257962788071975,-0.00413994923770367,-0.0466844236532173,0.0884339560811735
2.36368686625462,1.57325601177248,-0.761854124282053,-9.71640594562425,-0.00201908595889977,-0.00270810357339957,-0.0712384794666648,0.0701789073958663
2.29951963244676,1.5699806699901,-0.828692536838864,-9.6508152336628,-0.000246639373531199,-0.00901180638951815,-0.0665917731832796,0.0746025183509689
2.20609405276569,1.57068212789757,-0.893224222400276,-9.57536810136243,-0.00518996767993096,-0.00504237334400015,-0.0593417178814813,0.0804895056443676
2.2867499230254,1.57169932617161,-0.951920096648771,-9.51241818200121,0.00693784300801248,-0.0124968510076497,-0.0656337172565067,0.0754467703688696
2.60632543649037,1.57084124860098,-1.03143080018264,-9.46644094162624,0.00650253249802546,-0.00502984959615538,-0.0860132360318923,0.0510070899711205
2.58511379313913,1.56746210124223,-1.11203098400124,-9.41589780607884,0.00431183973835303,-0.0022768252199401,-0.0849120235569509,0.0528199607673445
2.63823913607413,1.56768951176538,-1.19746408804633,-9.37204837137142,0.0021638827834618,-0.00438714786801997,-0.0875969868285605,0.0482365825754375
2.55054731753022,1.56715401615115,-1.26784009800572,-9.31720403344072,0.0126598541377052,-0.000878595172737917,-0.0830358640970877,0.0557229331034358
2.29794476750361,1.56806661290109,-1.3257589000016,-9.24372702124872,0.00855539976471631,-0.00123028665015612,-0.066474201760597,0.0747072988421576
2.29729360617909,1.57077272790583,-1.38196951475818,-9.16916383461905,0.0102149264108911,-0.000187381800335507,-0.0664255411674715,0.074750568430003
2.58069788178617,1.57079058568304,-1.46053835185592,-9.11403402612433,0.00610911105038614,0.00193539997819259,-0.0846779481481241,0.0531944085165311
2.518995486935,1.5677841633352,-1.53308392688023,-9.05459208845677,0.00869109180563177,0.00112724001456632,-0.0812366668299499,0.0583146976529907
2.47778869343342,1.56843892596991,-1.60698340116216,-8.98193549296595,0.00486595065952145,0.0110448447139389,-0.0787654249414476,0.0616117507768866
2.37973927619309,1.56888645824916,-1.67656090378856,-8.91107718962345,0.00277829088651194,0.00183193776298296,-0.0723557935129114,0.0690263655795156
2.63049905196553,1.56994690913063,-1.76711051044394,-8.86201204109927,-0.00332859521173923,0.000152009565928868,-0.0872210114436368,0.048913138958249
2.48842358845329,1.56731304796409,-1.85250498216368,-8.80487972331245,-0.00597827880987545,-0.00363830261236786,-0.0794161929098708,0.0607706203991879
2.34698684069236,1.56880607030075,-1.93531545132609,-8.7243275319551,-0.0127538584170654,0.00919344073155526,-0.0700566107453469,0.0713587506257989
2.32954672972498,1.57033565974889,-2.02170353218435,-8.64608194595212,-0.0175865654064351,0.0056759541206739,-0.06880151545182,0.0725696318823031
2.26011117374719,1.5705374052668,-2.10221502606206,-8.56886143532286,-0.0169106327477806,5.23146964042098e-05,-0.0636008611299288,0.0771681959328551
2.27391366723127,1.57130026931864,-2.17040645715148,-8.49530211288434,-0.0035315484230769,-0.00272370040125458,-0.0646598826663449,0.0762830228397807
2.33594959251836,1.57116298400577,-2.23956075233216,-8.4254837443232,0.000110460181109495,-0.0023092521168715,-0.0692647553617897,0.0721276206780137
2.44309247865289,1.57050435675084,-2.32647293584757,-8.36390272326665,-0.0103314294645074,-0.00272596230447664,-0.076580754050904,0.0643069833610235
2.51161553562849,1.56936282587249,-2.41531905172355,-8.31139159661903,-0.00804201698259988,-0.00640150019951635,-0.0808040988933761,0.0589126268471326
2.33069389880082,1.5686434216781,-2.49275172627526,-8.2418264006357,-0.00854795475189718,-0.00292546119468495,-0.0688847197998159,0.0724906571780175
2.24191509876893,1.57059674313984,-2.55947479269473,-8.16726967809204,-0.00453681482573876,-0.00375592083351761,-0.0621862515937312,0.0783126433771786
2.25518318894171,1.57156754165543,-2.6215654979717,-8.09730504343286,0.00112910142215483,-0.00751604706810594,-0.0632198066991221,0.0774806817272901
2.25503578461547,1.57143530579884,-2.68555445934855,-8.02035639257539,-0.000780576352200857,-0.000541348901052396,-0.0632083850246555,0.0774899997585166
2.62971080545626,1.57144852106432,-2.7649933152992,-7.96882448253561,0.00774357278931381,0.00255003462650971,-0.0871824287399627,0.0489818754132723
2.88945138588788,1.56746368402734,-2.8642835655687,-7.94214829795866,-0.0024522059930896,0.00172837544025395,-0.0968380442764056,0.024947809136694
2.96613854903816,1.56493867628705,-2.96870420284873,-7.9216640437622,-0.00595589987210765,0.00302872535345244,-0.09846473740792,0.0174555288430161
2.93585494868308,1.56426258460605,-3.06976708323736,-7.90349503955356,-0.00317182582526021,-0.00225993204536734,-0.0978910545633761,0.020428936254003
3.04681084063502,1.56453063534455,-3.17650248549089,-7.90228441977076,-0.00718424568703169,-0.00825337653339475,-0.099551156566496,0.00946399631619737
3.27426409383222,1.56359092657747,-3.27787821098872,-7.92613532929802,-0.00225452089017031,-0.0106226520030661,-0.0991212046076598,-0.0132282575241959
3.21880737936928,1.56194419272003,-3.37470151204073,-7.94171644307469,0.00287874133637223,-0.00786731162823662,-0.0997020423883823,-0.00771380214843655
3.05594098829013,1.56230241189059,-3.47728012254016,-7.94169080668228,-0.00294519669292503,-0.0085290613381539,-0.0996334138065072,0.00855469773056294
2.92953811722808,1.56351313882816,-3.57443955452427,-7.92114638105827,0.000600624254812221,-0.000502460230258128,-0.0977600562389229,0.021046885854269
3.04389181484609,1.56459292307137,-3.67683867396683,-7.91844623348256,-0.00287601260919024,-0.00705440040117922,-0.0995231068333705,0.00975454797689423
2.89571544408237,1.56361440298689,-3.76953525290841,-7.90058054852244,0.00429583896113828,-0.00647503954401119,-0.0969924179027109,0.0243407245041285
2.77589885029679,1.56490523231818,-3.86352897071178,-7.87175553861261,-0.000606129427145774,-0.00693472075571577,-0.0933875883762295,0.0357597306655396
2.68607510126141,1.56604941315609,-3.9549347620892,-7.82670436669737,-0.00160244506335161,0.00105845671379767,-0.0898033463140687,0.0439927152014449
2.73674591976588,1.56695782188196,-4.05033823791314,-7.78261031833391,-0.00348719821202081,0.0047062595200964,-0.0919162776119149,0.0393877888433636
2.63943547072133,1.56645460511524,-4.14357510107929,-7.73310229576005,-0.00558223194148644,0.00137626980225347,-0.0876546312246701,0.0481317527716069
2.74339768829933,1.56745753831576,-4.24581279967593,-7.70417092723702,-0.010061457919798,-0.00984414765257435,-0.0921762406768411,0.038775516175611
2.89375124372206,1.5664047582724,-4.34454944135996,-7.6900333653756,-0.00179222091275255,-0.0103936281081436,-0.0969444207712705,0.0245311899695645
2.82340791263202,1.56496079136011,-4.44120827096561,-7.66813886635362,-0.0016783422437614,-0.00938979448925181,-0.0949804873618962,0.0312842935112281
2.83248008902117,1.5656300798427,-4.54217121682831,-7.64357860609989,-0.00570255439353229,-0.00586107793415103,-0.095260391469166,0.0304213381878781
2.98510464596943,1.56554882328693,-4.64461001745668,-7.63260184382423,-0.00366072879997015,-0.00460824737672239,-0.0987780718283932,0.0155850096523807
2.90816143473315,1.56415307002736,-4.74677644086259,-7.61373264748211,-0.00487858099060645,-0.00426250740347367,-0.097287842415308,0.0231317037455998
3.06854102697056,1.56484613373014,-4.85836811347923,-7.61090344310125,-0.0118583809842447,-0.00446946263221437,-0.0997332916323949,0.00729866701307018
3.20583943540282,1.56345429896303,-4.96683634535198,-7.61964634759588,-0.00867454334166151,-0.00232264520396508,-0.0997936885310921,-0.00642025929066625
3.04820976027769,1.5624063609417,-5.07375157464962,-7.61926620626736,-0.00735093077471793,-0.00894458170432277,-0.0995642985229182,0.00932472303284248
3.07763198805996,1.56362172475633,-5.1796485550629,-7.61989861392637,-0.00610145902616432,-0.00702411408802517,-0.0997955213871106,0.00639170642901741
3.29121233109073,1.56338040165993,-5.28779117123017,-7.63415263164751,-0.00925983205645808,0.000652189257612124,-0.0988827841108174,-0.0149062069787548
3.2442005922154,1.56182465249291,-5.40447175159576,-7.64281796851138,-0.0172065381186983,0.0015774615361408,-0.0994740422468934,-0.0102427984000111
3.22175804996747,1.56213100487999,-5.52440826090438,-7.64750971167182,-0.0202576618018626,0.00331621286624517,-0.099678847506754,-0.00800795602668299
3.26828445150366,1.56228355922951,-5.63304199704227,-7.66266428732014,-0.0094352038426786,-0.00251926043759187,-0.0991985322952182,-0.0126353152107315
3.46414459768077,1.56196295450602,-5.7387055566129,-7.71120968679531,-0.0108206023935629,-0.0168466065342743,-0.0948429571770631,-0.0316987929408956
3.6475252625571,1.56083419378672,-5.83846993948899,-7.76816447695833,-0.0122920938022202,-0.00849244762597356,-0.087472289073869,-0.048462342537041
3.559693653415,1.56011719151266,-5.9406198876239,-7.81940654170718,-0.0107637850721516,-0.0106394884676975,-0.0913861630627605,-0.0406025762811494
3.59247133629643,1.56040087134938,-6.03149802103956,-7.87219204129197,-0.000871677605758236,-0.00920984224562216,-0.0900064558098991,-0.0435756573391691
3.69423697182328,1.56027018964201,-6.12032502215214,-7.92346269130841,-0.00371306194279519,0.00122332448542273,-0.0851139391697834,-0.0524939745018646
3.54995800547716,1.5599588835294,-6.20904774013223,-7.961513602836,0.00305440034039028,0.00166005109973222,-0.0917771183204803,-0.0397109626273219
3.48646277783504,1.5604087743466,-6.30450206645945,-7.99182899855153,-0.001342389505397,0.00349204943558257,-0.0941119368218209,-0.0338074451511142
3.49445377384592,1.56067248789909,-6.39387889050227,-8.02238539344904,0.0044619557040817,0.00400201096289599,-0.0938387797469022,-0.0345584058604037
3.55494822796283,1.56062836485435,-6.4853537041901,-8.06346552076399,0.000102996187252735,-0.000911672795474328,-0.0915778098750825,-0.0401684545194765
3.62689627508933,1.56036320643478,-6.56489204816377,-8.11496535381797,0.0089149917715452,-0.00485213862495404,-0.0884533357452182,-0.0466476944290251
3.53059789939632,1.56009780833939,-6.64833518298847,-8.15723119649331,0.00908554479528512,-0.00433902567494049,-0.092528679619987,-0.0379268170003996
3.14029836498216,1.56044296414614,-6.74531813786263,-8.15038239185909,0.00301696136670149,0.00671937580959381,-0.0999999162408617,0.00012942882462728
3.33757668499905,1.56281604478903,-6.84544267435862,-8.17401194570956,-0.00203888427189547,-0.00415637157909776,-0.0980856522240953,-0.0194731822713656
3.29188764422539,1.56143145520241,-6.94543960365917,-8.19206346158536,-0.00112423409396323,-0.00307853545819103,-0.098872695206583,-0.0149729804176099
3.13029810145577,1.56171644055964,-7.04484600253122,-8.19684521758434,0.000587222850356284,-0.00591118719902073,-0.0999936217224098,0.00112943120003704
3.05512802540113,1.5628885430802,-7.15252168272055,-8.18951973910068,-0.00804925395813161,-0.0013102146789723,-0.0996264262312006,0.00863569316263309
3.09304851662414,1.56350918510761,-7.26241667928608,-8.1859850998005,-0.0100128000904904,-0.00131786802315315,-0.0998821964750325,0.00485250732333308
3.13746005067169,1.56319204979425,-7.38097794091567,-8.18171629991911,-0.0185621155487161,0.00385554076588401,-0.0999991460808714,0.000413259115506551
3.0727695415401,1.56283328857721,-7.48948938308807,-8.17295743814274,-0.00874817974320141,0.00188198243448778,-0.0997632624291987,0.00687687934188376
2.80253010109133,1.56336432490231,-7.59222944870512,-8.13934024241077,-0.00843337782966813,0.000356879459071813,-0.0943066877873823,0.033260316272898
2.89365845683507,1.56589531337823,-7.69149662099442,-8.11406038561587,-0.00232502810810375,0.00073967175993328,-0.0969421441812052,0.0245401850349671
2.86166457718931,1.56500006530596,-7.79734217495806,-8.07987039679496,-0.00973802273183733,0.00656133629261313,-0.0961075312317973,0.0276286525282922
2.96457367571203,1.56531958118633,-7.91158829695878,-8.06461379953865,-0.0158088208347373,-0.00235299499215369,-0.0984373011659844,0.0176095922484675
3.10829701671717,1.56434173616927,-8.02198425404105,-8.05948695960793,-0.0104513819333887,0.00179789140142828,-0.099944575148876,0.00332894852929134
3.04079561184925,1.56308549508756,-8.12465655127398,-8.04890662218906,-0.00317986944939586,0.000517692948494908,-0.0994924277835396,0.0100626444703742
3.0241939530223,1.56366133082393,-8.22780776023512,-8.03271289504966,-0.00383954058581715,0.00448080587650468,-0.0993116683753187,0.0117129212628928
3.22313615922509,1.56381121956979,-8.33255434503945,-8.04157106183588,-0.00507886778669819,-0.000712850064775727,-0.0996677170176348,-0.0081453167214458
3.11839672371175,1.56219151349441,-8.42949401155103,-8.0420022099353,0.00303343213650065,-0.00275053308286899,-0.0999730986480791,0.00231938498344996
3.04439020628171,1.56300627926844,-8.53183707391653,-8.03899035441538,-0.00281510630963444,-0.00669308978344652,-0.099527956055867,0.00970494530337068
2.91874544567893,1.56363647043051,-8.63816128129551,-8.02651603248649,-0.00879699243278864,-0.00962640984270235,-0.0975272149461896,0.0221007317715894
2.66291249515456,1.56479755917525,-8.73382408886054,-7.99139666628127,-0.00690244502627602,-0.0109414418856906,-0.0887603625387585,0.0460608080909156
2.7683547025225,1.56743652441058,-8.82631250820434,-7.96147551795636,0.000626737373202957,-0.00654208781189758,-0.0931151567169991,0.0364632361368091
2.87703314368871,1.56632319218084,-8.92820619156605,-7.94145283687898,-0.00537290579292771,-0.00612573182889631,-0.0965207775687851,0.0261484129062764
2.95036545506308,1.56522462200796,-9.03787649295433,-7.93091103253271,-0.011493128552202,-0.00846458231496405,-0.098177172836071,0.0190063866612318
2.94896746591964,1.56451901091349,-9.14083558326363,-7.91624538234208,-0.00480858412421448,-0.0044779684748637,-0.0981505061850935,0.0191436186654958
2.80997167223527,1.5645369025277,-9.24343431989886,-7.88346582550248,-0.00804715332018846,0.000221944939773788,-0.0945515833150368,0.0325576118998255
2.91290226336065,1.56592111409093,-9.34762270286764,-7.86850345474562,-0.00679197081321359,-0.00770784978070949,-0.0973964121555723,0.0226702205375663
3.22710496290622,1.56489589976722,-9.44521720019072,-7.88389269425755,0.00204010766429796,-0.00684842637673277,-0.099634604987372,-0.0085408131351963
3.58352172711171,1.56217260791279,-9.52982422091794,-7.93524936982929,0.00578581044765158,-0.00858827517856953,-0.0903928311748767,-0.0427684003931669
3.69164250678839,1.5601047199147,-9.61450063925956,-7.99975052741472,0.000573427995367748,-0.0122281846498959,-0.0852498463369882,-0.052272972935542
3.86187967224304,1.55972489407116,-9.68261966472478,-8.06873008771241,0.00704261878240242,-0.00301951759004759,-0.0751616442476202,-0.0659600427076437
3.8514428000619,1.55939658201225,-9.75083881750508,-8.13716347068174,0.00762680192623888,-0.00326137091926748,-0.0758459547065412,-0.0651720120500611
3.98838493550852,1.55939393627988,-9.81250920473433,-8.21191539516416,0.00456857697687951,0.000164025894655806,-0.0662389642061282,-0.0749159503770676
3.9155977144497,1.5593497873225,-9.87984755080896,-8.2895861104958,0.00417333945010689,-0.00777022296276342,-0.0715116855247335,-0.0699004923688783
3.91097046855272,1.55932624567453,-9.94188524815665,-8.37364143290223,0.00979666820786385,-0.0144864793426631,-0.0718343655555543,-0.0695688430637666
4.08405196917768,1.55931396921591,-9.99926066684766,-8.46558436464427,0.00140460163116751,-0.0110423185742545,-0.0587800203221804,-0.0809006131677879
4.23616940473391,1.55941524588923,-10.0383147328449,-8.56097513017422,0.00678820065728969,-0.00651733537236354,-0.0458422666545307,-0.0888734301575837
4.44809588715154,1.55978719294281,-10.0609338000942,-8.66352253418103,0.00350362998534548,-0.00601966349048921,-0.0261226972346561,-0.0965277405163225
4.60491707048048,1.56073589647835,-10.0768892372658,-8.77363409616914,-0.00522892295787214,-0.0106885169089004,-0.0107265142137422,-0.0994230450792088
4.54607433205638,1.56173368113252,-10.0878664172597,-8.88864405371277,0.00557771819811315,-0.0163898006493508,-0.0165548981920157,-0.0986201568942779
4.48900607812227,1.56132517186058,-10.1108095428558,-8.99256284343857,-0.000790152219962259,-0.00640342800984151,-0.0221529733761547,-0.0975153617159644
4.55896744988113,1.56095728373343,-10.1200352728508,-9.10335704241216,0.00605630616020392,-0.0119688005632959,-0.015282036155124,-0.0988253984102947
4.77535726924857,1.56140204166076,-10.1066858561929,-9.21380709625239,0.00705674810666945,-0.0106482386137206,0.00629266855116865,-0.0998018152265034
4.78486915494285,1.5630747702541,-10.0922367761525,-9.32334621297774,0.00720740701099709,-0.009801670539199,0.00724167302939423,-0.0997374461861509
4.87353585091752,1.56316003489906,-10.0712035014773,-9.439139315107,0.00498824232828454,-0.0170887104489335,0.0160450323469986,-0.0987043916803289
4.73769817311244,1.56396735374497,-10.0695446946677,-9.553505037645,-0.000871842272954115,-0.01439774859024,0.00253064908249668,-0.0999679739477662
4.91849375192367,1.56276083811707,-10.0464221783921,-9.66897874116944,0.00265764885900444,-0.0175901543365389,0.0204648674166476,-0.0978835491878949
4.98952801601129,1.5644050623906,-10.0074133061787,-9.77244748023442,0.0116483746189675,-0.00728452429257409,0.027360497594423,-0.0961842147724125
4.84392223554827,1.56511878457141,-9.9799460323739,-9.87975039863163,0.0143518431006702,-0.0081667217915018,0.0131154307040993,-0.0991361966057099
4.99300803012577,1.56371235395907,-9.9365317457581,-9.9802793670042,0.0157192329464513,-0.00444055074456973,0.0276950536693504,-0.0960884176279941
4.85520983302149,1.56517109299434,-9.90694324464985,-10.0864086111958,0.0153549201925283,-0.00714740154200788,0.0142335809157203,-0.0989818426496276
4.86506610127312,1.56383076445598,-9.88807940334314,-10.1892473986777,0.00365537595581511,-0.00400204035981311,0.0152084653508864,-0.0988367471220643
5.0807373579219,1.56392780831299,-9.84246742996673,-10.2874492485421,0.00960446471032261,-0.00490951727670019,0.0360075086660933,-0.0932923325877385
5.00523206990476,1.56611257458769,-9.80204263378695,-10.3843392569148,0.0115572522940797,-0.00114730677083985,0.0288675438856987,-0.0957427016017788
5.15135002817948,1.56532963279248,-9.75313949457245,-10.4710480961998,0.00640321505296937,0.00381053127321174,0.0424999241615309,-0.090519370558263
5.12027306887017,1.5668993733764,-9.71112814445964,-10.5529515243294,0.00234456105078085,0.00989279099470264,0.0396667890620318,-0.0917962191242552
5.13850961585613,1.56656928554342,-9.67358598141568,-10.6306624594047,-0.00379198345090215,0.0133466748952107,0.0413341464948627,-0.0910576099705084
5.29008466063045,1.56677753981863,-9.62482696653895,-10.7009544564585,-0.00585048573498526,0.0134803279881208,0.054609500611713,-0.083772325041981
5.35190506880385,1.56848980980864,-9.5655218793366,-10.770109062957,-0.000375635600508684,0.011083858876495,0.0596807228028606,-0.0802384653749566
5.4107725046215,1.56921365407648,-9.49692709458999,-10.8414666695703,0.00429673502166317,0.00523064837118947,0.0642980497249454,-0.0765882549844847
5.48824907429502,1.56991061648872,-9.42331296478119,-10.9108635757038,0.00358110124477795,0.00198498870092867,0.0700330285640142,-0.0713818948344185
5.484199894097,1.57082839882414,-9.34823161149743,-10.9815521396466,0.00533793621006051,0.000976321286210835,0.0697434170737,-0.0716648852289874
5.57215662739255,1.57079516183074,-9.26908591280665,-11.047157887753,0.00337660402662587,-0.000344394352688848,0.0757690946641562,-0.0652613537537657
5.71544863417389,1.57183473458288,-9.18455372657279,-11.0987702231973,0.00022016808169445,0.00216018165416521,0.0843120181521679,-0.0537725170985003
5.7872130760215,1.57349683099083,-9.09102934987979,-11.1449104064407,0.00557373134813188,0.00144851271930158,0.0879506453448633,-0.0475886959626136
5.90605762061767,1.57431547485958,-8.99573051840771,-11.1791025986664,0.00232621115851206,0.00263296048309503,0.0929726203135659,-0.0368251527088418
6.17952362524399,1.57561841109128,-8.89827008296697,-11.1771065978148,-0.00200275830111618,0.0123436136520547,0.0994631937418634,-0.010347612800475
5.89298014479744,1.5783076183392,-8.8095492396218,-11.2002340435821,-0.00376226065798546,0.0149103705993205,0.0924831040031496,-0.0380378163666452
6.00572283305007,1.57549056248459,-8.71565065631513,-11.2217378035356,-0.00227677699647844,0.00588784588767743,0.096175360303152,-0.0273916058411861
6.20895143377349,1.57666565089941,-8.61651653342563,-11.2195890509565,-0.000590470220305228,0.00956532382766384,0.0997245931098054,-0.0074165712484785
5.93853416592162,1.5785735419604,-8.51894606729748,-11.2535158005291,0.0034511283075549,-0.000139914144983599,0.0941193378205923,-0.0337868354276222
5.90956009133373,1.57598964083271,-8.42755438582221,-11.2833292272826,-0.00170934733258354,0.00668586686864603,0.0931010288078575,-0.0364992936221853
5.56840257581209,1.57569401999195,-8.3452396611405,-11.3392892447135,0.00679115783293893,0.00958531688389597,0.0755235668487669,-0.0655453343148071
5.59336514956128,1.57190031622077,-8.27121526163093,-11.4020839539085,-0.00311164837913447,0.000845137725909328,0.0771360478887064,-0.0636398469208655
5.49175354682099,1.57220128414134,-8.20403880107472,-11.4624190144684,-0.00310629333621426,0.0108009676205674,0.0702827538924264,-0.0711360281804981
5.4498921667196,1.57103691251246,-8.13663122765739,-11.5231825757221,0.000163374079884093,0.0132514213881159,0.0672441993374433,-0.0740149826418016
5.28360227020681,1.57056310473271,-8.08873001748934,-11.5937905046715,-0.00616410194985573,0.013516633608718,0.0540653121179138,-0.0841245625581052
5.27910171688453,1.56865576453571,-8.03728390276609,-11.657618811256,-0.00224004404828726,0.0205387270029747,0.0536861587715304,-0.0843670335875218
5.43064388939478,1.56861508425565,-7.96392421999583,-11.7121073086462,0.00755251284952241,0.0208070296152605,0.0658071699207437,-0.0752955270054096
5.49545616352906,1.57037418771988,-7.88354402479282,-11.7649922613832,0.00983453423151559,0.0179903583246657,0.0705456609714905,-0.0708753110617197
5.07279047120377,1.57113908249232,-7.85220219366693,-11.8401254147786,-0.0039231647595992,0.0184423779426888,0.0352649958854905,-0.0935755313380391
4.88158680442654,1.56635763022145,-7.83707679777532,-11.9317332220615,-0.00171377233976466,0.00696420909734941,0.0168391682313797,-0.0985720163802856
4.90782724005933,1.56440429435723,-7.80649001883117,-12.0189536738301,0.0111671319468862,0.0108758137591953,0.01941964699726,-0.098096265527806
4.95440868274737,1.56466811627402,-7.77105861233312,-12.1089141881527,0.0114650111102161,0.00712507622576553,0.0239663953878307,-0.0970855905483104
4.76327852093414,1.56514297269655,-7.75747932064144,-12.1956884635217,0.00849253386817805,0.013096265306622,0.00508675782350911,-0.0998705406756415
4.63447751002743,1.56331877737191,-7.76081249439543,-12.2757902204864,0.00445009337390223,0.0195948866739593,-0.0077832671278984,-0.0996966436386691
4.60056740324742,1.56223523211018,-7.76586197531166,-12.356970321363,0.00610938762471003,0.0181953470614657,-0.0111588685409357,-0.0993754479380401
4.58622362422393,1.56197153763493,-7.77012199153332,-12.449247657348,0.00832307499134899,0.0069278343214032,-0.0125830912130147,-0.0992051703064157
4.60747511569486,1.56186213482237,-7.78430330162017,-12.5351293549893,-0.00370915933536242,0.0135684610244653,-0.0104721507514838,-0.0994501586657266
4.64246556993639,1.562021113414,-7.78311948508969,-12.6246911675747,0.00817046104533725,0.0101938228364049,-0.00698664451485634,-0.0997556354218799
4.89213596418143,1.56229584749884,-7.76413676916991,-12.7177529564771,0.00110465198955279,0.00532710696557737,0.017878063930224,-0.098388895867912
4.79487148442249,1.56454342811802,-7.75240808105017,-12.8053736945549,0.00348978717592052,0.0120392865621615,0.00823890094381728,-0.0996600246399627
4.59471129015357,1.56361804509017,-7.76092834060176,-12.8844261262601,0.0032203681840568,0.0202559650212217,-0.0117406277356488,-0.0993083967264245
4.50752389762308,1.5619251219877,-7.7846095297674,-12.9693102255122,-0.00333768258081246,0.0130247447806795,-0.0203435065848202,-0.0979088440327705
4.47645316588639,1.56129006936866,-7.80674598192322,-13.0530213041909,0.00123884548858344,0.0135185230896706,-0.0233752976444035,-0.0972296017683686
4.55897590279756,1.56107755299819,-7.82666608335712,-13.126360880532,-0.00463890064215677,0.0254859512433656,-0.0152812007917444,-0.0988255275845386
4.54828770020549,1.5616470640973,-7.84583079057106,-13.1949221653541,-0.00282813210902289,0.0300952725567061,-0.0163365751049187,-0.0986565573788248
4.55088740655582,1.56156581623353,-7.86081649349808,-13.266336012808,0.00109433918295254,0.0272848467915232,-0.0160800421099793,-0.0986986942453713
4.68692133694128,1.56158192178672,-7.8592607020625,-13.3430559738893,0.00410228048326022,0.0232476106283277,-0.002546489047677,-0.0999675717096802
4.78327896390197,1.56265554956456,-7.84501085671225,-13.4147041674419,0.00716678300341611,0.0281006421689427,0.00708306234683706,-0.0997488357214801
4.76430599403004,1.56351224997407,-7.84178687501651,-13.4977760408721,-0.00196538771828347,0.0167933880227986,0.00518936941402371,-0.0998652614530438
4.89470005078374,1.56334058312905,-7.81917429101217,-13.5876682598093,0.00448230147082951,0.00845051264612262,0.0181302825335089,-0.0983427315832499
4.97330105520403,1.56459352075224,-7.78817498875379,-13.6710503427882,0.00520311577792754,0.0132334269719481,0.0257961864804529,-0.096615509950865
4.70821760198603,1.56540619786156,-7.78271832237957,-13.7632599533739,0.00587380300435925,0.00778951939569261,-0.000417136630139272,-0.0999991299813743
4.62930503915541,1.56285373014418,-7.78740156524041,-13.8480392219462,0.00361559583456694,0.0148757828615969,-0.00829883869541119,-0.0996550514339717
4.39978137897024,1.56219188473491,-7.82154033479536,-13.9253782015296,-0.0033846792691965,0.0178145065886444,-0.0307540902857564,-0.0951534861720554
4.39059805317771,1.56057635498801,-7.85759131050411,-14.0128492033157,-0.00442436903174537,0.0073960512412734,-0.0316266066769967,-0.0948670530273738
4.56752930634519,1.56051501916945,-7.87211295797742,-14.0941812714826,-8.62899811506779e-05,0.0176205490500527,-0.0144353574921688,-0.0989526172168947
4.46222200817125,1.56169731266442,-7.89958890652436,-14.171307051969,-0.00271937482126949,0.0197613293753046,-0.0247565737256674,-0.0968871098617644
4.56438213586964,1.56094880108444,-7.92537161299934,-14.2497737885717,-0.0110360002302654,0.020439960111593,-0.0147467062447115,-0.0989066967142882
4.5750369059971,1.56166521158779,-7.94482432908615,-14.3334771377922,-0.00576065506617196,0.0153548531911275,-0.0136920610206406,-0.0990582024115472
4.40876159459522,1.56174299811292,-7.98086957373251,-14.4054679532177,-0.00614688176115097,0.0234350086305514,-0.0298983628852015,-0.095425824056095
4.414136841061,1.56059463269875,-8.0141204799632,-14.4898354927167,-0.00386591012869397,0.0112176162736389,-0.0293849961020055,-0.0955851557726676
4.46759513200476,1.56062048717377,-8.04565979117289,-14.5731167765066,-0.007303678784226,0.0137374469837742,-0.0242356324254614,-0.0970187307736909
4.41810185173894,1.56095610544813,-8.07328147103675,-14.6527552771929,0.00138409008289297,0.0160624152435577,-0.0290057699467574,-0.0957009159297642
4.51854585490713,1.56063239948501,-8.0912777086273,-14.7359618404225,0.00126690805914453,0.0149205544273551,-0.0192631456496841,-0.0981271176570425
4.40126878655215,1.5613000909607,-8.12607483140172,-14.8187554088904,-0.0041845984731359,0.0124055562964895,-0.0306125243012856,-0.0951991247643758
4.47634894616731,1.5605177727541,-8.15947357578684,-14.8978675726179,-0.0100133136258993,0.0181150013459235,-0.0233854307592192,-0.0972271650733773
4.55022999009615,1.56099312518255,-8.1731295315587,-14.9797139695859,0.0024889690047134,0.0168417046651944,-0.0161449247765817,-0.0986881016331681
4.60049643168877,1.5615190760952,-8.18184510093243,-15.0604990813333,0.00245035196953625,0.018589543978077,-0.0111659213432581,-0.0993746557254725
4.36402968295438,1.56190711379448,-8.21009305997198,-15.1354468521268,0.00588765250034351,0.0190456333622931,-0.0341356115399014,-0.0939934041558074
4.22416032612281,1.56027822713175,-8.25255375107867,-15.2056631405742,0.00444553230397782,0.0181002230628925,-0.0469062234106604,-0.0883165115103015
4.24928738258892,1.55957884509919,-8.29311437073977,-15.2805124630793,0.00411189649813304,0.0146178016244113,-0.0446725161592348,-0.0894671241294974
3.93553974481643,1.55967810020221,-8.3515067258787,-15.3319844933996,0.0117112459591722,0.0198405570193393,-0.0701036010981059,-0.0713125873396671
4.14097720332596,1.55883307526599,-8.39881214345358,-15.3968269945757,0.00677659112986495,0.0192713284504942,-0.0540820087047463,-0.0841138296266419
4.19126948979252,1.55924009269006,-8.44100712506749,-15.4719921247525,0.0075901525549309,0.0115611081585024,-0.0497851341688396,-0.0867262383352964
4.03028345015027,1.55940778879892,-8.49878201751744,-15.5300940139663,0.00526799073779172,0.0195228161279064,-0.0630428831877371,-0.0776247053416458
3.91918168979583,1.55893034112427,-8.5617381687588,-15.588330040612,0.00830455389936624,0.0119203123611203,-0.0712607051407284,-0.070156339006865
3.90905278641172,1.55877458713907,-8.6335954246867,-15.6526386578304,0.000110388388232074,0.00512234253000676,-0.0719676443161261,-0.0694309597484261
3.98097601316975,1.55875488570712,-8.69857506134873,-15.7245349222977,0.00181255093383692,0.00252687491932946,-0.0667921875958657,-0.0744231393866094
3.87398552854277,1.55880856967023,-8.76870501440716,-15.7921152319107,0.00422770042592235,-0.000715226286151838,-0.0743576534843584,-0.0668650833268014
4.06052459744131,1.55871640758508,-8.83207983716444,-15.8627551568603,-0.00270786694315994,0.00885548669315295,-0.0606669558141127,-0.0794954116427388
4.14518061130869,1.55892850236671,-8.88561504767591,-15.9296621529665,0.000192756714492148,0.0174334185107866,-0.0537279672259714,-0.0843404146169851
4.01765167525918,1.55915654828164,-8.94148200483082,-15.9894189141569,0.00815140821175797,0.0170654289357028,-0.0640183653666627,-0.076822190126164
3.73009406677135,1.55881608443782,-9.01738450792677,-16.0227315652866,0.00727484700762648,0.0221988650605713,-0.0831773501035814,-0.0555115161903028
3.71150125839962,1.55877971420139,-9.08469468405484,-16.0588871090076,0.0168848530139005,0.0177999663570773,-0.0841950291419687,-0.0539555100780546
3.34034749226448,1.55880212563668,-9.16958528839016,-16.0670044135917,0.013140715003078,0.0116275790259703,-0.0980313193383941,-0.0197448836100345
3.27238740744593,1.56029615088767,-9.25740570908126,-16.0695788020652,0.0113254346427958,0.0104678264499216,-0.0991458553338966,-0.0130422149234724
3.38195327258123,1.5607320888644,-9.33663253648862,-16.0793154473358,0.0178983917539579,0.0140686441178696,-0.0971252191613148,-0.0238052893884231
3.73811144677477,1.56004053265039,-9.39959587309648,-16.1129728999302,0.0197662881053384,0.0225191367895649,-0.0827296247131981,-0.0561765893839542
3.77921471151791,1.55871976300375,-9.46863289097377,-16.1591346375434,0.0113143406170515,0.0133669041327307,-0.0803513584943424,-0.0595286417459164
3.4981064010405,1.55865255012539,-9.55171555045512,-16.1784924829931,0.0106292655901394,0.0155430871938578,-0.0937119250714957,-0.0349009326436181
3.36988897249062,1.55942529550261,-9.64240660413633,-16.1847638219753,0.00671428459560097,0.0163604986626481,-0.0974053382768094,-0.0226318376447944
3.37097708165414,1.56007997893585,-9.7368098977545,-16.1978982582031,0.00297736109051394,0.00960337563939173,-0.0973806547086843,-0.022737811867196
3.31790796317529,1.56006703208376,-9.83350522310557,-16.2003397840065,0.00175434275503461,0.0150987948834251,-0.0984496681060989,-0.0175403206868909
3.40750965301037,1.56038870663478,-9.9368262532445,-16.2287388277985,-0.00683583768888019,-0.00211962907479263,-0.096485192450056,-0.0262794147171442
3.41409725204509,1.55984472396558,-10.0305108102857,-16.2531708287882,0.00262542486359907,0.00248244467613856,-0.096309981904773,-0.0269144456658928
3.51576710083351,1.55980012710656,-10.1272268396836,-16.2808340025145,-0.00363506118932078,0.00888724839641358,-0.0930809682086074,-0.0365504221227091
3.61576695144386,1.55929502813787,-10.2188301103216,-16.317889514106,-0.00263626626147362,0.00860488845358309,-0.0889670043764741,-0.0456604000450766
3.69965090435833,1.55891093637436,-10.306867168037,-16.3581674158663,-0.00320856336385944,0.0126761023001775,-0.0848284943516212,-0.0529540040604766
3.88678541041378,1.55867673485656,-10.3802934709686,-16.4128343525143,6.94175717512735e-05,0.0131444124589701,-0.0734957205033051,-0.0678113491069161
3.93464710933379,1.55847661413929,-10.4511019466994,-16.4811968688164,-0.000641246424573083,0.00288746567321424,-0.070167229306264,-0.0712499819753112
3.99516781954342,1.55848312519498,-10.522776488562,-16.5489555309398,-0.00594524370308491,0.00760485267955374,-0.0657292981595162,-0.0753635148029696
4.08800633261408,1.5585357488685,-10.5878560171674,-16.6214331043507,-0.00661987744685133,0.00865484419399104,-0.0584596511585244,-0.0811324176049478
4.12785045426439,1.55871244421388,-10.643353915253,-16.7028195035425,-0.000316439366081944,0.00201028307790913,-0.0551814587195378,-0.083396682269644
3.86934233804916,1.55881326606208,-10.722678912494,-16.7569182467909,-0.00465767909790182,0.0124203637909858,-0.074667318143056,-0.0665191070394339
4.00257205972511,1.55840179429164,-10.7958199147425,-16.8168089651288,-0.00797151027788701,0.0159574017198283,-0.0651694919706157,-0.0758481200577302
4.07315028620273,1.55848934553288,-10.8621373403463,-16.8899975516933,-0.00665896278476241,0.00706643081175384,-0.0596584628191066,-0.0802550173762444
4.02520730161948,1.55861753507746,-10.9266092387239,-16.9711903495086,-0.00103579456825642,-0.00388910622499544,-0.063436103809321,-0.0773036915903312
3.95034103355149,1.55849851409917,-10.99899477001,-17.0384591038688,-0.0033450887872255,0.00507360736223156,-0.0690404424988237,-0.0723423617223451
3.90294068832126,1.55837736436289,-11.072155924779,-17.1032817944994,-0.000770488528865521,0.00416710166722678,-0.0723906662401866,-0.0689897922978603
3.81158763964724,1.55833098931646,-11.1559547850646,-17.1510341376502,-0.00541638233968511,0.0143458625483769,-0.0783824779459061,-0.062098205699195
3.70882000376245,1.55833535663866,-11.2368233699809,-17.1910002333214,0.00347080986980952,0.0137634724186249,-0.084339394786053,-0.0537295680898544
3.99446469632225,1.55846830405088,-11.2934108756394,-17.2470437770521,0.00919476608621306,0.0192737366511112,-0.0657822717447378,-0.0753172803817389
3.77818715680654,1.55837525024985,-11.3680030437666,-17.2863228948455,0.00582031687239759,0.0201669271228059,-0.0804124849996275,-0.0594460449162489
3.95123053602696,1.55833032937986,-11.4312834816153,-17.3456131610234,0.00569562863587914,0.0131134785616671,-0.0689760664845723,-0.0724037447395911
4.01808669636807,1.55829546045061,-11.4892357108926,-17.4079727185926,0.00603271075858647,0.0144904746273667,-0.063984940035855,-0.0768500321965322
4.27651076102376,1.55837453472525,-11.5229558332976,-17.4751169378027,0.00850054455323379,0.0235057409752048,-0.0422206669582833,-0.0906499601853069
4.28063383068431,1.55923775757527,-11.5497212848117,-17.5468092157163,0.0150811015336778,0.0191309900193059,-0.0418465530477697,-0.0908232679329487
4.01190664753181,1.55925051479325,-11.6031609597874,-17.6063865762173,0.0110189771043645,0.0168757765963251,-0.0644586520800576,-0.0764531370973231
3.96766568351346,1.55833120469064,-11.6532274911553,-17.6659501421967,0.0177103069702249,0.0139639811365976,-0.0677768383381471,-0.0735275471159257
4.06888967098081,1.55825462871125,-11.7088111125509,-17.726938583326,0.00441623465320662,0.0190116668338927,-0.0599998560487501,-0.080000107963235
3.99865118166007,1.55842611043801,-11.771339510519,-17.7857265321383,0.00293798353680863,0.0168040672519374,-0.0654663815049072,-0.0755920160642243
4.21705295312692,1.55827109235908,-11.8199868684256,-17.8518083975056,-0.00111462611468127,0.021899038290298,-0.0475327317918941,-0.0879809036575543
4.0392767107473,1.55889952747254,-11.8829606182248,-17.9106091346765,-0.000631505802393573,0.0193877825326363,-0.0623422439968485,-0.0781885197035819
3.9994752443518,1.55831980605714,-11.9553278545176,-17.9627631169188,-0.00696316956954979,0.0234919565519189,-0.0654040667232947,-0.0756459387941932
4.11834676250166,1.55823209851679,-12.0212644526092,-18.0265627202469,-0.0099650669207958,0.0190688930888559,-0.0559715311707258,-0.0828684964169404
3.83693470852715,1.55849583667274,-12.104545199903,-18.0813443888435,-0.00649728630751367,0.00928314326575014,-0.0767834609863187,-0.0640648118623826
3.95133453171495,1.5581090049966,-12.1756885698943,-18.1493955203539,-0.00217483355692938,0.00435978605113259,-0.0689685364343474,-0.0724109175615397
3.99342673312427,1.55812343806467,-12.2361865455258,-18.2108120657736,0.00536243722851015,0.0138324148249947,-0.0658604128600676,-0.0752489602446535
4.04169441383833,1.5581626625109,-12.3053192523537,-18.2657041830328,-0.00697968147674866,0.0234468988163697,-0.0621530253511357,-0.0783390160756508
4.08399342523932,1.55823679039105,-12.3618020456675,-18.321242221921,0.00230196314816444,0.0253591329271005,-0.0587847564619573,-0.0808971718152642
4.06878143848732,1.55832588326605,-12.4204096337731,-18.3745369299526,0.00140092620283783,0.0266989055290615,-0.0600085143084705,-0.0799936135606468
4.02872345232715,1.5582741061054,-12.4836998881601,-18.4313976768514,-0.000126353587332595,0.0206655172687028,-0.0631639007996237,-0.0775262641675406
3.90422988648674,1.55817109528265,-12.5513261598437,-18.4816046411369,0.00467539290972496,0.0188760965690268,-0.0723016645933667,-0.0690830608545127
4.05870199957599,1.55800928729696,-12.6140446125473,-18.5431363085128,-0.00190670956571148,0.0178530408274859,-0.0608117431378294,-0.0793847082033981
3.8741312884465,1.55820836689207,-12.6844141469914,-18.6039431992327,0.00397837200227924,0.00606903026102323,-0.0743479064463849,-0.0668759209808703
3.65895069146437,1.55797352705726,-12.7566437342626,-18.6460763853187,0.0146833015271559,0.00732538001445296,-0.0869128887984063,-0.0494585661004832
3.72382329568618,1.55825439247156,-12.8266776376155,-18.6848443256095,0.0134899091117786,0.0162209017717448,-0.0835238124646141,-0.0549888420625127
3.72059377272755,1.55809131002596,-12.9045093669382,-18.728880010578,0.00586923499235992,0.0106831287313485,-0.0837009643150971,-0.0547188136998862
3.75793414047643,1.55808379709893,-12.9828058170268,-18.7767558893881,0.00330342290278285,0.00992949055806513,-0.0815998729913831,-0.0578053693681664
3.73697554871565,1.55800475457115,-13.0646503682553,-18.8159118828103,0.000948830978271697,0.0169265873204856,-0.0827933822067858,-0.0560825807426966
3.64613997670926,1.55802514456679,-13.146890123629,-18.8576881809331,0.00529958394559582,0.00656482382880441,-0.0875393393192807,-0.0483411219516453
3.87124713000873,1.5582246484879,-13.2253262063044,-18.9188736664979,-0.00389560497109853,0.0054757264225766,-0.0745404777042779,-0.0666612119873172
3.81048658588134,1.557872055154,-13.308397503431,-18.9837429939382,-0.00462049324361402,-0.00285746268761899,-0.0784508038830377,-0.0620118647526839
3.83298762602777,1.55788133160158,-13.3959368313765,-19.0464384698564,-0.0105035966396674,0.0010657670290411,-0.0770357313057904,-0.06376124294728
3.73291739133081,1.55784797228233,-13.4909634759566,-19.0990368052179,-0.012006352805118,0.00314779592665659,-0.0830202917749763,-0.0557461312881693
3.84755840135936,1.55795035191587,-13.5744369032975,-19.15053346869,-0.00737489139406877,0.0133802417157376,-0.0760985359468246,-0.0648769051878235
3.61508893682986,1.55780752873768,-13.672998273529,-19.1806197108228,-0.00956342788815201,0.0155138264926649,-0.0889979423433785,-0.0456000686254383
3.71623595776312,1.55822795061294,-13.7615602589753,-19.2263413875592,-0.00462336218317416,0.00863186523377418,-0.0839386232630756,-0.0543535419701371
3.71318864930322,1.55793748296968,-13.847500572101,-19.2769448246382,-0.00183644784115566,0.00349406604452568,-0.0841038652845461,-0.0540975031235169
3.91450264292418,1.55792806428031,-13.9312592353908,-19.3448965370952,-0.0121704746193791,0.00187042760528211,-0.0715881886705016,-0.0698221400622802
3.78846827433675,1.55774451805088,-14.0114978082392,-19.4036296128532,-0.000441498674145002,0.00153654306630724,-0.0797970741742418,-0.0602696188243344
3.92591516921099,1.55776977222566,-14.0905573980142,-19.4771307802072,-0.00827289279409804,-0.00286658991109806,-0.0707866969808982,-0.070634577442882
3.97313893972527,1.5577155476314,-14.159950358375,-19.5502321375962,-0.00201957029434841,0.000796046563740493,-0.0673733900663814,-0.0738974039527995
3.8415861320906,1.55774325183771,-14.2376669514263,-19.6169341968089,-0.00123195419805544,-0.00228078928203052,-0.076484638853335,-0.0644212699306286
3.73494033340941,1.55767329258792,-14.3205218930936,-19.6763553451532,5.24091182212416e-05,-0.00350718599383287,-0.0829073507854997,-0.0559139623504729
3.81894330416411,1.55778034422091,-14.4094368148959,-19.7390616485933,-0.0109913337693914,-3.32276573052348e-05,-0.0779235880328927,-0.0626730757828273
4.08252391986409,1.55765130962534,-14.4814728194722,-19.8234526478554,-0.0131324327995004,-0.00358029927787201,-0.0589035717767522,-0.0808106999842286
4.03166457732584,1.5578868528692,-14.5508334659494,-19.9033758452438,-0.00642503297301955,-0.00221149587021152,-0.0629356135042508,-0.0777117015181341
3.79479334470592,1.55774910120653,-14.636126808849,-19.9622336103151,-0.00587907195983206,0.00191536691236294,-0.0794142709397528,-0.0607731319836943
3.7150061705349,1.55761836166646,-14.7259644687964,-20.0120089577435,-0.00583225688287747,0.00447492681940881,-0.0840054030645526,-0.0542502742478051
3.85668924154977,1.55773039622684,-14.8118326755734,-20.0792139685405,-0.0103652154829161,-0.00163597614153438,-0.0755029912940629,-0.065569034655458
3.63573672695806,1.55753980883361,-14.9112318328811,-20.1329702130817,-0.0113616593385619,-0.00632841567097009,-0.0880374979690704,-0.0474278288702521
3.73230446733258,1.55790520197722,-15.0081395254036,-20.1895347813345,-0.0138532482024374,-0.00086933256182592,-0.0830544443201543,-0.0556952356909493
3.5187899670993,1.5576395872887,-15.1068300527691,-20.2326352596077,-0.00572047130021813,-0.00626885225387214,-0.0929700560652286,-0.0368316260193364
3.50000951393469,1.55833340720547,-15.2006104355737,-20.2746810524147,-0.000135047812639399,-0.0069665791009062,-0.0936453349919697,-0.0350792137061505
3.61296127158741,1.55840966511863,-15.2955038625831,-20.3273149875573,-0.00579866450308497,-0.00722332741764703,-0.0890947625062853,-0.0454106077249427
4.03823699558373,1.55791538129016,-15.3565595844003,-20.4106671041,0.00136778225829692,-0.00522845726503418,-0.0624235040755374,-0.0781236592776565
3.89891477866494,1.55759466491522,-15.439497688255,-20.4765944080733,-0.0102702783450495,0.00277049173891286,-0.072667825509598,-0.0686977957121378
3.97112535904142,1.55740955795536,-15.5111627407249,-20.5457817477225,-0.00414300070184526,0.00457425282963703,-0.0675220517681162,-0.0737615924789035
3.83986139926791,1.55744566015233,-15.5908576590574,-20.6114606016706,-0.00309928381503921,-0.0013895953361478,-0.0765956345174517,-0.0642892586119093
3.94992422687472,1.55738098230973,-15.6618398048443,-20.6848477563011,-0.00191155650669872,-0.00107357570865313,-0.069070589280207,-0.0723135789218384
3.84319097208972,1.55738573424594,-15.7341111351812,-20.7532070906573,0.00410982423649742,-0.00381540182937756,-0.0763811545734256,-0.0645439325268492
3.77224994695242,1.55734286888261,-15.8110403024589,-20.8146400507217,0.00383484200762618,-0.00246538588875933,-0.0807640092853114,-0.0589675741756614
4.08172556461606,1.55739345533534,-15.8693758331196,-20.8909437459992,0.000632537983956905,0.00445995298291268,-0.0589680686446118,-0.0807636482603674
4.11671928952104,1.55757540997406,-15.9302231227718,-20.9694896047069,-0.0047409664271254,0.00423143584916746,-0.0561063232250588,-0.0827772945569329
4.03772722689247,1.55766195739449,-15.9909338233965,-21.046467669667,0.00175262033378054,0.00111376262021878,-0.0624633209585445,-0.0780918275802908
4.383185436452,1.55743457738791,-16.0270540246333,-21.1382431904786,-0.00379125678346037,0.0028544921364026,-0.0323289444533001,-0.094630012947983
4.25908702882426,1.55893989998149,-16.0813821114281,-21.2288219911159,-0.0105344477712599,-0.000678204526575688,-0.0437936390235878,-0.0899005961107694
4.34282113765955,1.55820424333411,-16.1244834438557,-21.3233307303673,-0.006980083811019,-0.00126038592332584,-0.0361212486164917,-0.0932483533280111
4.22018031755739,1.55865855263717,-16.1815281633141,-21.4030285947625,-0.0097873680112337,0.00843126095046765,-0.0472573514471725,-0.0881291253457019
4.1404722400809,1.55798790498563,-16.2510289616251,-21.4805121602255,-0.0153763221109142,0.0066029440142189,-0.054124476200176,-0.0840865094771841
4.0583888830205,1.55764585602122,-16.3269044347259,-21.5468327677798,-0.0150388762780289,0.0130450555942925,-0.0608365968227628,-0.0793656631486477
4.06409891884875,1.55738034076552,-16.4013996242043,-21.6060757902598,-0.0141127627440487,0.0204687240927701,-0.0603824267342755,-0.0797117465727596
4.08039581321754,1.55737704305283,-16.4622081858057,-21.6758783933017,-0.00173314954901604,0.0108825609651148,-0.0590754120523799,-0.0806851640070312
3.96576280701638,1.55740389541761,-16.536695972788,-21.7464050404509,-0.00657115759522453,0.00287179597254578,-0.0679166293871452,-0.0733984431216982
4.05197082305409,1.55715603381372,-16.6001677731687,-21.8250058717495,-0.002127086440328,0.000372747014488695,-0.0613447139403084,-0.0789735783131405
4.28974265717005,1.55729384935148,-16.6380321286106,-21.9025902633077,0.00315317965021178,0.0136162762845956,-0.041017535092127,-0.0912006678427638
4.49925554098354,1.55822691233054,-16.6459846064144,-21.9872427096536,0.0131998694021513,0.0130848454504592,-0.0211523472059975,-0.0977372917963094
4.30674213061214,1.55964689500751,-16.6821203935011,-22.0682367623456,0.00332553282078862,0.0108906807034414,-0.0394613199074274,-0.0918847333955085
4.2696177703115,1.55830532851083,-16.7201377869121,-22.148202685366,0.00482711491470988,0.0103908592725367,-0.0428445083257291,-0.0903567822929
4.34617803744356,1.55808827468363,-16.7586746063167,-22.2362557559919,-0.00272879909827806,0.00531601248912383,-0.035808020306306,-0.0933690831150396
4.23596786120773,1.55851996406519,-16.8071615363818,-22.3206925395261,-0.00262675247723099,0.00442740560634269,-0.0458601775878552,-0.0888641891405666
4.42826569432529,1.5578896798915,-16.8340941852905,-22.4114685124552,0.00109895055142539,0.00521480491807697,-0.0280315994601284,-0.0959907778471814
4.4336104798203,1.55905596428941,-16.8675646368084,-22.5057402669813,-0.00595230011689063,0.00186747442585317,-0.0275181514010856,-0.0961392289519056
4.3324169829597,1.55908576555485,-16.9131702509502,-22.6012345159597,-0.0085161677151242,-0.00262674678439123,-0.0370894464266439,-0.0928675021940674
4.21389898945683,1.55838766167705,-16.9589171473774,-22.6869519070382,0.00206308706306446,0.00211315872438278,-0.0478099834902232,-0.087830549802814
4.30299667115242,1.5577312225959,-16.9943748544127,-22.7841832601867,0.00434748582075839,-0.00549506468157557,-0.0398051928560972,-0.0917362884669361
4.33764742852678,1.55818639282414,-17.0301610234531,-22.8794463437393,0.000817033848643067,-0.0022028582237314,-0.0366032028889974,-0.0930602253289067
4.04263380540204,1.5583844449285,-17.0939064615627,-22.9551197197744,-0.0016660311821779,0.00272399149426494,-0.0620794069274795,-0.0783973675293528
4.07360050566475,1.55707732194833,-17.1565881342286,-23.0308631606939,-0.00305934826262622,0.00453842772310115,-0.0596223244032666,-0.0802818686426247
4.22346948810889,1.55714040635347,-17.2147667889562,-23.1141158459741,-0.0112114301115174,0.00503140055566725,-0.0469672246160506,-0.0882840858358144
4.11571454696758,1.55770008298007,-17.275336257086,-23.2027916220839,-0.00438000336832767,-0.0059548957360403,-0.0561894647614892,-0.082720880373805
4.04127676548563,1.5572357720377,-17.3463237448859,-23.2964776699133,-0.00880174970941461,-0.015372996693934,-0.0621857380905203,-0.0783130511354092
4.02214307734503,1.55699713561619,-17.4120623052454,-23.3810573476583,-0.002065878888029,-0.00747073121972541,-0.0636726814714311,-0.0771089465252747
3.87827581619572,1.55693358975574,-17.4872791701971,-23.4536257221263,-0.00114676536224856,-0.00538489177460783,-0.0740700995894388,-0.0671834826933721
4.00221921703127,1.55674688484311,-17.5604573795226,-23.5222307377496,-0.00798195895721676,0.00722010513430094,-0.0651962503683301,-0.0758251207576356
3.8604442415046,1.55685349713235,-17.6396307276618,-23.5905346945092,-0.00391710028510905,-0.00245187130351565,-0.075256247854097,-0.0658520854561396
3.67268859223444,1.55670591131517,-17.7353944219171,-23.63505992137,-0.00953844236030044,0.00612263524257789,-0.0862252518950127,-0.0506478621033663
3.58692977415149,1.55695398489805,-17.8350881132063,-23.6743701023899,-0.00944714149861481,0.00376603342501231,-0.0902465497905514,-0.0430762144448827
3.69464478485004,1.55722231414413,-17.9222038722723,-23.7291924540417,-0.00202323469996735,-0.0022936709428783,-0.0850925243660368,-0.0525286807088798
3.96311284666663,1.55685926559979,-17.9902877699848,-23.8045761680581,2.69959460501568e-05,-0.00216550477147887,-0.0681108936585193,-0.073218209244954
4.07551466353702,1.55668793300616,-18.0494125612559,-23.8852241606316,0.000343751827090788,-0.000252144535355159,-0.0594685430981709,-0.0803958480381978
3.93045927281498,1.55690845771231,-18.1157501197423,-23.9550364273092,0.00412743792945669,0.00114324248205089,-0.0704649964159257,-0.0709555091596387
3.87297197999183,1.55661325249566,-18.1879951315748,-24.0221422145682,0.0021803744554898,-0.000316103355760489,-0.0744253862879829,-0.0667896839031637
3.85054442304851,1.5565660148348,-18.2581610415044,-24.0860772022869,0.00573856319972021,0.00116885977865949,-0.0759044731292856,-0.0651038474974065
3.8921095727841,1.55654883833256,-18.3264306119352,-24.1571537825831,0.00486407146668055,-0.00287489100039601,-0.073133641897525,-0.0682016892958274
3.95642926850102,1.55653073447972,-18.3901358379569,-24.230862949849,0.00489350235963926,-0.000947814444051787,-0.0685987283813218,-0.0727613528218493
3.97834451204912,1.55656284505104,-18.4584490999631,-24.3022291639164,-0.00132546132273026,0.00288090412315134,-0.0669878006834565,-0.0742471181904962
4.11438258408273,1.55657410446776,-18.5148851659063,-24.3840979328488,-0.000136469915355431,0.00077719580335045,-0.0562995960278073,-0.0826459647357674
4.09715760119046,1.55690154942403,-18.5660723031363,-24.4576781697138,0.00652761189207363,0.00808375601904909,-0.0577147491221605,-0.0816639928840494
4.18692207905929,1.55682683405537,-18.6182873616036,-24.544243360195,-0.00205336137492163,-5.62074515433886e-05,-0.0501616970922939,-0.0865089830296308
4.01491175577732,1.55715934508181,-18.6875752746818,-24.6117883302544,-0.00505930165744584,0.00910152676168313,-0.0642286114208031,-0.076646496821156
3.80363339843149,1.55656698477365,-18.766844912616,-24.6748164117921,-0.00039570070450079,-0.0015553068656014,-0.078873937229696,-0.0614727746720934
3.79555324853701,1.55641696069786,-18.8400244980624,-24.7363483738087,0.00618848083291157,-0.000698500376748123,-0.0793680662793392,-0.0608334616397786
3.79972168208936,1.5564049933261,-18.9185715648339,-24.7964415657738,0.000566730457312481,0.00107058071155147,-0.0791137972287512,-0.0611637726767082
3.97661447512491,1.55638041924313,-18.9926698941226,-24.8647804167249,-0.00698217866154582,0.0057922648167768,-0.067116150627218,-0.0741311157678379
3.94329117964882,1.55641379553428,-19.065797558049,-24.9365568632407,-0.00357893823405009,7.73964891225831e-05,-0.069548725692307,-0.0718538430049238
3.81948226273366,1.55634766793226,-19.1443651442587,-25.0064998078063,-0.000677787683938558,-0.00722788030179106,-0.0778897985257763,-0.0627150642638113
3.80155776395107,1.55629941380413,-19.2126970913184,-25.0714318208911,0.0106694151844957,-0.0036230841790989,-0.0790013622441997,-0.0613089289056719
3.84258508494614,1.55629417363922,-19.2836524881222,-25.1389591329111,0.00546485008637942,-0.00302966969698049,-0.076420246890216,-0.0644976423230992
3.60665944418317,1.55624682576273,-19.3782108136117,-25.1882321928319,-0.00517916417068154,-0.00442480998897854,-0.0893791613188089,-0.0448482499318126
3.39911978448684,1.55671213294587,-19.4814807090676,-25.217286010775,-0.00656762052934878,-0.0035848167055636,-0.0967022749265056,-0.0254690012375541
3.24994427208235,1.55777391398235,-19.5898169844321,-25.2328494576008,-0.00892270496186454,-0.00474947346725624,-0.0994135704026406,-0.0108139733585405
3.14744283600808,1.55889000329862,-19.6802855686133,-25.2347575549385,0.00952970459193025,-0.00132308243287399,-0.0999982887731642,-0.000585014904828703
3.17863931612149,1.55981712502808,-19.7753885108544,-25.243595193594,0.00482844284680572,-0.0051338197588513,-0.0999313850878761,-0.00370381889657296
3.41635906851627,1.55951590709701,-19.870216053272,-25.2737395378307,0.0014213176506841,-0.00301213209780804,-0.0962488600682981,-0.0271322121389535
3.33234251120342,1.55761937399198,-19.9609540539523,-25.2972269420637,0.00744823349636459,-0.0045278837165954,-0.0981862341766422,-0.0189595205163418
3.14326287720642,1.55819563253826,-20.0432823130216,-25.2978258508451,0.017671601448348,-0.000431886497405998,-0.0999998605176859,-0.000167022284007112
3.07247925399218,1.55983530343406,-20.1276345465267,-25.2946000569243,0.0154090284483051,-0.00368004516376597,-0.0997612619534169,0.00690583908455312
3.17812992630915,1.56055524468929,-20.2192725102832,-25.3021510513753,0.00829529505391635,-0.00389808006227887,-0.0999332588104105,-0.00365291438874771
3.10988596957187,1.55949422842953,-20.3177591870602,-25.3103623133548,0.00146306174342437,-0.0113813991551679,-0.0999497385203544,0.00317013717570599
3.00235821712513,1.56016099899712,-20.4126316893398,-25.3023188892205,0.00415975123494006,-0.00583507592248367,-0.0990322535145772,0.0138785000567245
3.21580779415335,1.5613207786985,-20.504746469036,-25.3132519123862,0.00760995232959516,-0.00351832004359948,-0.0997247320257691,-0.00741470312207715
2.9777970671132,1.55913326777392,-20.5906307387853,-25.299886623752,0.0127772770079337,-0.00294112701953586,-0.0986615467572182,0.016306415653762
3.15276809217687,1.56160448794549,-20.683733410739,-25.3005528702909,0.00689108358990431,0.0004512740581743,-0.0999937555436091,-0.00111752059709757
3.17912104960066,1.55972626879281,-20.7744868847054,-25.3125283650195,0.0091761152725125,-0.00822353596983871,-0.0999295892389865,-0.00375195875876064
3.54681375291184,1.559465961315,-20.8628838349659,-25.3589020664003,0.00350457548160588,-0.00695150501529529,-0.0919015257420573,-0.0394221963655246
3.71160688231561,1.55677223150354,-20.9480084732707,-25.4117012054409,-0.000935308624800069,0.00116526374516351,-0.0841893296800581,-0.0539644027857484
3.83315113905879,1.55614574007725,-21.0306761296594,-25.4691420085232,-0.00564235190678053,0.006333035358487,-0.0770253044819075,-0.06377383844077
3.75662847322101,1.55592979122523,-21.10126255474,-25.5250794860707,0.0110888529129278,0.00176130029644905,-0.0816752779935352,-0.0576987778438914
3.67587429578199,1.55600728131392,-21.1827077703941,-25.5785129766021,0.00461824990280046,-0.00251119780678788,-0.0860634655569054,-0.0509222927246542
3.56383530043327,1.55618359918355,-21.2663910076916,-25.621884849662,0.00753398092378044,-0.00239115686339231,-0.0912172182212494,-0.0409807161964865
3.63302190021884,1.55659684321324,-21.3390321652443,-25.6658258233091,0.0155247741656743,0.0032476741850348,-0.0881659317184142,-0.0471886478321208
3.60666460674101,1.55629148484205,-21.4240283495592,-25.7022910812745,0.00438274547104012,0.00838345339088803,-0.0893789297859335,-0.0448487113563051
3.55699973536847,1.55637639068549,-21.5083302085111,-25.7363089103124,0.00719335238816621,0.00633841337685614,-0.0914952113400648,-0.0403562424147352
3.47631660871654,1.55658028934954,-21.5929246856953,-25.7643403299253,0.00985562568511877,0.00481942615968722,-0.094450102869292,-0.0328508457726762
3.63264669680063,1.55699918536244,-21.6714931935327,-25.8156185958916,0.00961512301669432,-0.00412270161390355,-0.088183630854072,-0.0471555643523939
3.75063740842916,1.5562236149431,-21.7501379255644,-25.8806230061199,0.00337475523525743,-0.00779598682347765,-0.0820194872669559,-0.0572084234048244
3.43404859500158,1.55586368249388,-21.8444397229763,-25.9074589160438,0.00145207302941319,0.00199456519359487,-0.0957538704413726,-0.0288304751174313
3.58678633920466,1.55721113841529,-21.9369591929708,-25.9480976726493,-0.00226674249774073,0.00242451288720102,-0.0902527274967111,-0.0430632694927407
3.44434951379206,1.5563531745381,-22.0455530649497,-25.9769612964137,-0.0131420567936891,0.000951657181076926,-0.0954518151851662,-0.0298152809454628
3.2831907951682,1.557112274735,-22.1495328885668,-25.9865542348391,-0.00498065140507986,0.00451960568708909,-0.098999172212054,-0.0141125441125292
3.49383015418314,1.55831746879491,-22.2520866202929,-26.0227852339164,-0.00869341892619557,-0.00173111964114359,-0.0938603127998945,-0.0344998794361076
3.53106890358296,1.55678039013015,-22.3384846851028,-26.0549413828349,0.00611274085762936,0.00581424526887708,-0.0925108056675447,-0.0379703941873373
3.41927104531675,1.5565583262916,-22.4350626740924,-26.0765296333321,-0.000408545258009596,0.00582412065802695,-0.0961694437316073,-0.0274123711552508
3.51429316441217,1.55722543442369,-22.5310253361312,-26.1084280638059,-0.00282792195998516,0.00451475656667022,-0.0931347400788313,-0.0364131870405289
3.5674331152946,1.5566185834714,-22.6312293948862,-26.142967481976,-0.00913487161495485,0.00676921474930237,-0.0910691871399808,-0.0413086329193203
3.63593894459852,1.55632464520256,-22.7236149521477,-26.1818347483681,-0.00435765183602488,0.00857836424338765,-0.0880279054254758,-0.0474456306355336
3.74667489851658,1.55600921189286,-22.8111211545771,-26.2313025093432,-0.00526067072388559,0.00741521112086757,-0.0822455317055317,-0.0568829720960007
3.80271471007117,1.55565422446999,-22.9055321759864,-26.2843213296581,-0.0154806431493415,0.00838146785820232,-0.0789303782599822,-0.0614002881730707
3.77891725784935,1.55553154344429,-22.9961496153093,-26.3255310283817,-0.0102483773706803,0.0182950395828509,-0.0803690619522616,-0.0595047383064033
3.77231506103177,1.55554654988249,-23.0888608575156,-26.3732176779989,-0.011951072711422,0.0112861833075517,-0.080760169494797,-0.05897283292476
4.00028409494195,1.55553548638524,-23.1570808398183,-26.4318473248467,-0.00287712322994738,0.0170691693132722,-0.0653428590727765,-0.0756988161611215
4.02598178641975,1.5554968074202,-23.225773450179,-26.5010086753401,-0.00531639610492274,0.0081914482058571,-0.0633762142558315,-0.0773527986991999
3.92356530083204,1.55552208100251,-23.3067417100107,-26.5743815179333,-0.0100157764813353,-0.00290479943594218,-0.0709524833503538,-0.0704680431572906
4.15913442570648,1.55536448576129,-23.3612210684236,-26.6608587165802,-0.00193345406063505,-0.00139530905927709,-0.0525459043521996,-0.085081889587676
4.11081143646962,1.55588585411808,-23.4115162830338,-26.7438183551549,0.00629916273327424,-0.00051525457485746,-0.0565943773435057,-0.0824443839997661
4.07941569831676,1.55568486244908,-23.4718479604568,-26.8169689770282,-0.00117721302640961,0.00747660269729489,-0.0591544643965706,-0.0806272245705808
3.94961385331448,1.55556446156187,-23.5340513739448,-26.8829698786732,0.00688961668796484,0.00629123610937488,-0.0690930301759452,-0.0722921377544331
3.91981225334051,1.5552935436867,-23.6006599489732,-26.9442968985405,0.00460787791843442,0.00887423959198286,-0.0712164529468569,-0.0702012594592726
3.67470415642635,1.5552510894782,-23.6825881473997,-26.9832425923583,0.00419479437538639,0.0118758578196829,-0.0861229928019385,-0.0508215516374426
3.69514569797584,1.55558500577529,-23.7598207801939,-27.0300869252502,0.00783356859187601,0.0057269651873933,-0.0850662013860384,-0.0525712980793698
3.65320614172754,1.55549976790038,-23.8485485674356,-27.0697108051565,-0.00153221686533911,0.00933459746732618,-0.087195570376372,-0.0489584773735781
3.66386863006052,1.55562046329157,-23.9389209078844,-27.1085387527997,-0.00370373590174644,0.0110574508803838,-0.0866686045470892,-0.0498853985236188
3.77153137057407,1.55556183367803,-24.0188568391652,-27.1573228701699,0.000870429855452493,0.0101254064772192,-0.0808063611362278,-0.0589095238473503
3.86095377586557,1.5552483099984,-24.1044089752343,-27.2118420204247,-0.0103294518830315,0.0113712722953433,-0.0752226841860559,-0.0658904225502075
3.69545681263313,1.5551176679919,-24.1908767192197,-27.2575641769243,-0.00141790241736706,0.0068756043771705,-0.0850498415680387,-0.0525977608767855
3.9024502955179,1.55539189233762,-24.2692135199886,-27.3191402695407,-0.00591231113684065,0.00737819152568786,-0.072424489632041,-0.0689542841420197
3.62021270548389,1.55506274264017,-24.3611867326277,-27.3661054731039,-0.0032100817048315,-0.000909730633885886,-0.0887631309342766,-0.0460554729293325
3.4130475237727,1.55562231689279,-24.4587200585689,-27.3998572113186,-0.00119514425050271,-0.00693840667003964,-0.0963381816907378,-0.0268133315446328
3.40935538697368,1.5568057387698,-24.5520989500844,-27.4254905219417,0.00305763180422369,0.000824145226115625,-0.0964365233196776,-0.0264574558492174
3.48720489598933,1.5568191516739,-24.6479770158858,-27.4660284281852,-0.0017912440116441,-0.00666062823157187,-0.0940868217897544,-0.0338772780120098
3.41133952652967,1.55626903756386,-24.741856129696,-27.4974264380036,0.00250472443312022,-0.0047492626530683,-0.0963838382433585,-0.0266487471652627
3.18226120449453,1.5567719864673,-24.838411281995,-27.4990746761328,0.00336216254666821,0.00241749600434749,-0.0999173148456032,-0.00406573413353692
3.30635513885044,1.55881288100999,-24.920365387159,-27.5173786254036,0.0166916288231325,-0.00190214552473311,-0.0986457339872032,-0.0164018037461113
3.36243591491938,1.55760835933984,-25.0092964030306,-27.5359691005443,0.00864029190598803,0.0033147730566806,-0.0975713077775024,-0.0219052481973589
3.6635282975466,1.5571218680137,-25.0901705152352,-27.5757757858471,0.00581146494597551,0.0100492141883183,-0.0866855771506007,-0.0498558994911059
3.67881542682811,1.5553076280787,-25.1651434060476,-27.6269940682081,0.0109404335892958,-4.30863160115758e-05,-0.0859133244016996,-0.0511751960450405
3.49008931500504,1.55523119172115,-25.2484847018172,-27.6726462520224,0.0106474184957697,-0.0115036612879469,-0.0939887142654183,-0.0341485225263636
3.59079112233586,1.55614283895569,-25.3265334511778,-27.7244928337112,0.0120307957932324,-0.00842221589163805,-0.0900795451538157,-0.0434243657971152
3.61118051957352,1.55555637387602,-25.4083677636626,-27.7725439725125,0.00734117374679588,-0.0027992586705462,-0.0891754862315333,-0.0452518801307704
3.48492467902501,1.55543916915633,-25.5016342306175,-27.804582834765,0.000897357714999991,0.0016237895077672,-0.0941638246699362,-0.0336626517602152
3.45140807395111,1.55611961802726,-25.5924544432205,-27.8352027968393,0.00441877352450559,-0.000131677088155202,-0.0952389861275454,-0.0304882849861585
3.71390346561841,1.55632945473797,-25.6689764841145,-27.8774368444854,0.00754313312902299,0.0119235604664006,-0.0840651740230415,-0.0541576081125796
3.88310088688893,1.55499062941814,-25.7340378692612,-27.9386877641476,0.00868368842453426,0.00628917305305654,-0.0737450735711585,-0.0675400927152489
3.90092922667824,1.55468690728345,-25.8043478277993,-28.0034513042071,0.00221933148395204,0.00408050172258534,-0.0725292900221068,-0.0688440417820534
3.77492796029062,1.55465922388651,-25.8830126160783,-28.051126180561,0.00194101563525662,0.0115087732070044,-0.0806058039142147,-0.0591836495608641
3.80032413581065,1.55476653140227,-25.9609435445757,-28.0952519050642,0.00114600603392567,0.0170856994724066,-0.0790769345313284,-0.06121142397566
3.71888369697572,1.55469758148148,-26.0473226437065,-28.1352440160898,-0.00258468393065447,0.0145834877458294,-0.0837944152001596,-0.0545755987714589
3.51496096105152,1.55486355345978,-26.1488447152319,-28.1559164551523,-0.00841166881555866,0.0158029349205681,-0.0931104027098775,-0.0364753739830649
3.5909305888692,1.55577897393963,-26.2378607561438,-28.1839269931816,0.00105744712010081,0.0154263904273788,-0.0900734880320103,-0.0434369284566404
3.46420355065822,1.55533743626982,-26.3350552862873,-28.2089755066223,-0.00235344186946218,0.00665587071982399,-0.0948410882740277,-0.031704384160524
3.43822377169446,1.55607989226784,-26.4293116974369,-28.2340896818711,0.00137625271940811,0.00411583674768379,-0.0956326638690111,-0.0292300119965206
3.47165867329719,1.55625081840389,-26.5170803747542,-28.2700652717719,0.00683341750684807,-0.00356504138802838,-0.0946020948240772,-0.0324105485127343
3.64585955812791,1.55599579574158,-26.5967137581981,-28.3155953876488,0.0079195081821628,0.00278645651710585,-0.0875528916261316,-0.0483165723939815
3.45606540772249,1.55500597654433,-26.6835172057079,-28.348889938031,0.0082925121108075,-0.00236303790953629,-0.0950959596205477,-0.0309315124726735
3.30690297633947,1.55606970585296,-26.7808990280369,-28.3549299817431,0.00125491133258526,0.0104157994011562,-0.0986367336616025,-0.0164558431133165
3.14578356563819,1.55728809511477,-26.873813847619,-28.345296353515,0.00708430223197043,0.0100527182061481,-0.0999991218140955,-0.000419089978039157
3.29307935563526,1.55895316742236,-26.9649620089572,-28.3606655965792,0.00770662019268853,-0.000278445587600484,-0.0988547815308929,-0.0150907974765895
3.15938690679842,1.55740697112596,-27.0536049925907,-28.3645446359168,0.01134118501195,-0.00209970792003689,-0.0999841686453747,-0.00177933141749413
3.17696271468496,1.55879224869334,-27.1510491626011,-28.3642335933397,0.00249328444943808,0.00384731124267135,-0.0999374544599015,-0.00353626866557263
3.07047873313843,1.55859499871071,-27.2421368566592,-28.3595765571553,0.00865955300308574,-0.00244836343318866,-0.0997472470611377,0.00710539961749958
3.09812043117813,1.55984089848657,-27.3462866089864,-28.3528492979153,-0.0042442291531084,0.00238140612436366,-0.0999055231741297,0.00434585311572314
3.06902885428477,1.55950724476048,-27.4445971218172,-28.3472894254172,0.00142632742358728,-0.00169014102473719,-0.0997368402543408,0.00725001352275341
2.92560915871993,1.55986479498256,-27.5389561381438,-28.3278207654627,0.0033175932376599,-0.00196215766907437,-0.0976766095643346,0.0214308176236124
2.78776235512616,1.5617566573012,-27.6290464177838,-28.297463446017,0.00371496278660777,-0.0042920166703726,-0.0938052424266199,0.034649336116051
2.86864128992488,1.56375999494094,-27.7144467547901,-28.2703156656768,0.010897610849308,0.000190309412613332,-0.0962979478555181,0.0269574709276654
2.73503154774544,1.56258670385006,-27.8029190758378,-28.2284781198137,0.00337629619988222,0.00229223628408348,-0.0918486172476325,0.0395453095789868
2.95171060031729,1.56459452484505,-27.9004546767367,-28.2043364173831,0.000667049458666913,0.00526739548281241,-0.0982026503575298,0.0188743069477201
3.17224059420116,1.56144931439147,-27.9907629900581,-28.2061540989485,0.00964472554137963,0.00124663272676495,-0.0999530388628551,-0.00306431429206769
3.21958178092486,1.55867960392795,-28.0744808155771,-28.2119788965679,0.0159782133940989,0.00196621162498112,-0.0996960389130515,-0.00779100924446433
3.09002634597328,1.55815308980108,-28.1533289909164,-28.2128561836563,0.0210188999153504,-0.00603163283469699,-0.099867075254696,0.00515434574634685
2.90458301982989,1.55965201366066,-28.2376615115065,-28.1970716895293,0.0128719242811273,-0.00769519703969268,-0.0972044448712075,0.0234796911666313
2.8285228376976,1.56212813670081,-28.321263239733,-28.1623023680794,0.0115375327959071,0.00397125313198343,-0.0951392610223805,0.0307980683179213
2.94906778878336,1.5632489341796,-28.4069930123975,-28.1439114594243,0.0124226535692635,-0.000742863174195141,-0.0981524262338101,0.0191337718293195
2.97824926871679,1.56152861830286,-28.4931166417565,-28.1381212113786,0.0125452810978715,-0.0104715510327297,-0.0986689104568077,0.0162617990784068
2.99361486363238,1.56113414387459,-28.5769637645271,-28.1332675192826,0.0150600023609346,-0.00989014045215764,-0.0989071251315677,0.0147438325481678
3.20061513947068,1.56093137936922,-28.660585301351,-28.1451961438191,0.0162043310443072,-0.00602980225006533,-0.0998258678681676,-0.00589882228645273
3.45368662324255,1.55836937218671,-28.7407031595091,-28.1848647320795,0.0150514117392637,-0.00896337588187079,-0.0951692698973523,-0.030705212378437
3.46541548732614,1.55594948043533,-28.8190983628354,-28.2177304585054,0.0164073916005321,-0.00104642418463929,-0.0948025949269004,-0.0318193022413448
3.45119055004847,1.55584437495303,-28.9039836632423,-28.2398079540188,0.0103603153981155,0.00839007199568931,-0.0952456158050333,-0.0304675675090742
3.51212837536654,1.55594071134348,-28.990944796777,-28.2711793499133,0.00625221512189489,0.00484008891665477,-0.0932133486565633,-0.0362114848111751
3.74556851037036,1.55547620809253,-29.0561364950153,-28.3219287841508,0.0171167177622804,0.00604250758073033,-0.0823084160005851,-0.0567919418181368
3.67437614213738,1.5542723230208,-29.1242458271743,-28.3626095370307,0.0180303262046562,0.0101125464517018,-0.0861396583636327,-0.0507932993316701
3.51577139647842,1.55452089770163,-29.2121091659115,-28.3949490272517,0.00521747246291149,0.0042113317441369,-0.0930808112001136,-0.0365508219651599
3.45356512934106,1.55539641036349,-29.2964904301713,-28.4146284238836,0.010791735431245,0.01101425303406,-0.0951729996910053,-0.0306936496659472
3.35337752846235,1.5558425820287,-29.3815840311434,-28.4289267793492,0.0126721272468551,0.0067221675014828,-0.0977657282190111,-0.0210205229670065
3.51529273988066,1.55669523480256,-29.4660399247958,-28.4482475025064,0.00864240217613332,0.0171855408780636,-0.093098295828561,-0.0365062640353371
3.50726665824765,1.55536041415386,-29.5503801127419,-28.4751931091407,0.0090481084057572,0.00881227507745153,-0.0933882963517865,-0.0357578817117415
3.96020668842593,1.55540143506614,-29.6069201435873,-28.5386303927361,0.0117833585919986,0.00958267570193105,-0.0683233894373837,-0.0730199592973565
3.79408728823521,1.55381815133722,-29.6784869285975,-28.5792231630538,0.00789037539437976,0.0201242755626905,-0.0794571604046387,-0.0607170458803088
3.73867317040847,1.55397303193675,-29.7512221472825,-28.621593568592,0.00996283725994296,0.0138526461658692,-0.0826980559449584,-0.0562230517041233
3.85116136793286,1.5541143011272,-29.814727468084,-28.686645875255,0.0123589723993405,9.83573179046404e-05,-0.0758642932007511,-0.0651506639808872
3.70716659592346,1.55381008235919,-29.878739675811,-28.7450797475449,0.0204159086258717,-0.00484382499475922,-0.0844281163529421,-0.0535900472951282
3.56820694945117,1.5541803167188,-29.9478225036077,-28.7809853373683,0.0219543660484196,0.00547350316832129,-0.0910371938450645,-0.0413790929917047
3.70983966338741,1.55487047458867,-30.0133413901702,-28.8290937030868,0.0187656785177297,0.00570717190065273,-0.0842845650802254,-0.0538155376191417
3.69333612224397,1.55412848736178,-30.0827383748531,-28.8738623141846,0.0157642091190371,0.00764866725792701,-0.0851611938019801,-0.0524172783557253
3.70739111204313,1.55417403464763,-30.1486761140353,-28.9257989638161,0.0184783432134448,0.00167235178584368,-0.084416082395667,-0.0536090014173736
3.9562680050842,1.55409336839545,-30.1960038945292,-29.0001767287836,0.0212826807397364,-0.00162747555708498,-0.0686104612336535,-0.0727502894104575
3.95019343742409,1.55359988787593,-30.2409212675949,-29.069462169609,0.0241337461335975,0.00304673000705902,-0.069051119199212,-0.0723321708324602
3.86369507010103,1.55357471754053,-30.2875105457066,-29.1331256022314,0.0284524986275128,0.00243294960711748,-0.0750417767392179,-0.0660963822294487
3.67222705393484,1.5536024248416,-30.3475930197335,-29.1760397626654,0.0261661446116568,0.00769390002014003,-0.0862486186385883,-0.050608060454194
3.88585154024258,1.55415053589713,-30.396682546688,-29.2430654297012,0.0244694884874699,0.00071701705038707,-0.0735590154419974,-0.0677426840862095
3.82152496134312,1.55353100548489,-30.4490408465519,-29.3047051630761,0.0254032282743561,0.00123430531847391,-0.0777615281381871,-0.0628740386933585
3.68161341649912,1.55360391573801,-30.5216291779877,-29.3497423129285,0.0131814691861609,0.00637823015457761,-0.085769800621997,-0.051415380006987
3.83129819494533,1.55403731958903,-30.577143859539,-29.4260193065146,0.0216286599920883,-0.0126459881287626,-0.077143341543444,-0.0636310054573362
3.83817613545822,1.55353210306815,-30.6293748056488,-29.5035199019883,0.0244729239471799,-0.0133405119458534,-0.0767038700569119,-0.0641600835277852
3.6866527808183,1.55349125593588,-30.6905847012409,-29.560199408232,0.0242997162270444,-0.0048325556436366,-0.0855096118191797,-0.0518469506001386
3.71038004819782,1.5539345855988,-30.7516939393556,-29.6050488371477,0.0231462335616839,0.00901164694253842,-0.0842554716763376,-0.0538610758581545
3.96179411964952,1.55381410819704,-30.808675587044,-29.6651984302418,0.0112257415489134,0.0129787328364837,-0.0682073892374013,-0.0731283259306381
4.0875538976836,1.55333016204575,-30.8570405633966,-29.7407929761963,0.0101313759611648,0.00551141415938294,-0.0584963523137226,-0.0811059601138464
3.9721234763547,1.55348764362999,-30.9179253700335,-29.8146888685185,0.00656358878692087,-6.69416676620793e-05,-0.0674483954238122,-0.0738289506545574
3.92821379221715,1.55327896456078,-30.9710233169014,-29.878699299913,0.0175262009846655,0.00678667123059196,-0.070624147852525,-0.07079710262507
3.96282400372737,1.55324612217159,-31.0233620662992,-29.9465802133342,0.0157932899819184,0.00531761941897857,-0.0681320393797365,-0.0731985328402013
4.12667115478106,1.55322294579466,-31.0581810398335,-30.0260718737134,0.0204607964549899,0.00383988844792116,-0.0552797699893263,-0.083331548827123
3.91994522123172,1.55349974831283,-31.1156895432756,-30.0892823004102,0.0136986143617444,0.00700030164345111,-0.0712071178038834,-0.0702107283402179
3.96401260873682,1.55317034287952,-31.1602267448403,-30.1544056108092,0.0235077855648651,0.00815615279859316,-0.0680449871295554,-0.0732794631976698
4.11031607894756,1.55314796729738,-31.2019549593949,-30.2334230857946,0.0149069952895173,0.00339886445001181,-0.0566352098440635,-0.0824163394353261
4.19184918063098,1.55337448004648,-31.2378041336498,-30.3130526914299,0.0138856771459586,0.00712547811272479,-0.0497348514009036,-0.0867550837480435
4.08549432068346,1.55365521541086,-31.2874625108477,-30.3869115028974,0.00900489490118916,0.00712649896981332,-0.0586632720991025,-0.080985310437305
4.01555470217149,1.55325459813102,-31.3274729554519,-30.4594184099997,0.0241688739559147,0.0041808694279809,-0.0641793185600277,-0.0766877765303604
3.87213111816331,1.55309117141211,-31.3794529580333,-30.526127552552,0.0225015182844444,1.79362800618588e-05,-0.0744815208659161,-0.0667270788323609
3.73942217448166,1.55304934036719,-31.4511798519467,-30.5952694969728,0.0109290275436473,-0.0128569673124368,-0.0826559214570652,-0.0562849771083144
3.72943914515102,1.55332890889789,-31.5314295499523,-30.6440759030494,0.00296398994928371,0.00665062356763524,-0.0832136879548019,-0.0554570296442287
3.69331414465642,1.55333805060184,-31.612253156026,-30.6928688298264,0.00433873971301546,0.00362247992848241,-0.0851623457867369,-0.0524154067054741
3.64699500702989,1.55345657826832,-31.6907299954256,-30.7343277532833,0.00902113480069344,0.00695702960440048,-0.0874979742003247,-0.0484159530613548
3.72285420088633,1.55365279593371,-31.767103685117,-30.7889013120843,0.00720337294526763,0.000334314960622972,-0.0835770626366946,-0.0549078737616203
3.8121961963611,1.55328354711355,-31.8396989625805,-30.8556054257164,0.00574939569068889,-0.00455821925138744,-0.0783446731541088,-0.0621458943806899
3.65758731591194,1.55297838970303,-31.9204063785358,-30.92009173427,0.0062728226455544,-0.0151462832907492,-0.0869802386008786,-0.049340025262805
3.65043029547684,1.55351147258687,-31.998382266633,-30.9666479847057,0.00935524737577342,0.00215999713125548,-0.0873311354729271,-0.0487162475670003
3.61039627531944,1.55352265470335,-32.0788768127956,-31.004562205168,0.0087164011690537,0.00726771039714769,-0.0892109473316727,-0.0451819308594212
3.5915462744511,1.553720251817,-32.1577914087569,-31.0406719321466,0.011132131509775,0.007382650189663,-0.0900467274711062,-0.0434923771682386
3.88648533084667,1.55381235465804,-32.2157547153453,-31.1022668027664,0.0155527594058191,0.00619442087029964,-0.0735160659942227,-0.0677892914901247
3.84777268922876,1.55271736671521,-32.2733774381179,-31.1621456260201,0.018461909093372,0.00501438743754135,-0.0760846318659494,-0.0648932106912808
3.86299270493216,1.55274209416076,-32.3322836142617,-31.2159158812091,0.0161820058785818,0.0122734040114252,-0.0750881820223825,-0.066043659200362
4.05869429261351,1.55269241055852,-32.3769824739691,-31.2902890189099,0.0161134952435189,0.00501110182636733,-0.0608123549509912,-0.0793842395272176
4.13221438357599,1.55273472119061,-32.4154386894195,-31.3687887131334,0.0163607817643641,0.0051370011700812,-0.0548169972147409,-0.0836366953935836
4.00706039445659,1.55291514155921,-32.4720258160966,-31.4341032462604,0.00824127826149379,0.010825324458376,-0.0648284049386,-0.0761398575853468
3.81933815153902,1.55259316560354,-32.5381748619506,-31.4827828086828,0.0117497898057786,0.0140242763982616,-0.0778988356597688,-0.0627038388207001
3.72384712128705,1.55265984647293,-32.6091925022021,-31.5283358997232,0.0125048620472255,0.00943774101153461,-0.0835225022987043,-0.0549908320519242
3.58811009774559,1.55292782229834,-32.686521398412,-31.5579565600888,0.012866746856131,0.0135620441804978,-0.090195643065998,-0.0431827045460459
3.53849039084145,1.55360606955945,-32.7628942038067,-31.5910781254135,0.0158536583977158,0.00553434465480862,-0.0922264637924307,-0.0386559099795035
3.68863516037817,1.5539222706657,-32.8270776283423,-31.6321705942137,0.0212232389967664,0.0109238923207016,-0.0854066635323772,-0.0520163611209715
3.54215334998621,1.55301110289808,-32.9086658946383,-31.6626711895094,0.0104959840810785,0.00849287636922036,-0.0920842503771313,-0.0389934716649057
3.50399752775541,1.5538556739826,-32.9966159779924,-31.6911747319749,0.00555461094103116,0.00694885018694313,-0.093504694295093,-0.0354523926524177
3.49491663702245,1.55412326297505,-33.0870791568655,-31.706004062895,0.00335959500875349,0.0197725057524983,-0.0938227738818423,-0.0346018366725914
3.28120753257179,1.55418081845082,-33.1847510197756,-31.7057542091684,0.00135510346629975,0.014166028857821,-0.099026966376415,-0.0139161751312772
3.23648287406581,1.5562583072653,-33.2844584630377,-31.7074143458837,-0.000157313248982938,0.00781465163940032,-0.0995501300131443,-0.00947478835468493
3.47864700880085,1.55678024285372,-33.3681494901079,-31.7304453475277,0.0106822637866428,0.0100398612545687,-0.0943732908568069,-0.0330708628985777
3.60432170251801,1.55427747516034,-33.4508702423344,-31.7584193253698,0.00676300838921406,0.0166652043420349,-0.0894837606157282,-0.0446391821841201
3.68196128466614,1.55333607142647,-33.5296673257384,-31.8064055593007,0.00695482625481869,0.00345897954789576,-0.0857519096587591,-0.051445213478768
3.40400375648793,1.55287466623389,-33.6208864109258,-31.8227295251962,0.00535764701837405,0.0096170209098736,-0.0965767322058672,-0.0259409868053669
3.49573907001211,1.55489911442109,-33.7141656885924,-31.8452322039849,0.000515006795870132,0.0121763091173599,-0.0937942844623941,-0.0346789879060432
3.53000826975738,1.55406253917384,-33.8102539552161,-31.8771905424115,-0.00353724031398173,0.00591391433209387,-0.0925510263097014,-0.0378722527587277
3.71847795529034,1.55376962673438,-33.8807812532442,-31.9319664729795,0.0132892538694431,-0.000234335175200995,-0.0838165518975956,-0.0545415953928528
3.62223573488219,1.55260794686554,-33.966219263946,-31.9782404281152,0.00323176708229278,-3.90061498478644e-05,-0.0886697777840799,-0.0462349489858255
3.83709055151618,1.55308212689311,-34.0369722537726,-32.0300891513671,0.00602048617557305,0.0122280539965245,-0.0767734760021655,-0.06407677724843
3.81712933859946,1.55216160402695,-34.1083611852779,-32.0817670528151,0.00664821506392288,0.0108537205950572,-0.0780371465692258,-0.0625316220430366
3.80997699588736,1.55217938507793,-34.1810231019865,-32.1346180792437,0.00582047761274262,0.00912085252948347,-0.078482394321327,-0.0619718789580544
3.99591189483974,1.55216809846936,-34.2444159280508,-32.1993293927028,0.00228037777533618,0.0107010880239404,-0.0656732038396336,-0.0754124014830315
3.9434451186826,1.55195676638915,-34.3044530628015,-32.266030540282,0.00950052900635923,0.005163400837916,-0.069537663757129,-0.071864548417147
3.9190969917156,1.55190955355437,-34.3772960319553,-32.3369734826318,-0.00157632216136472,-0.000792639239499238,-0.0712666469923479,-0.0701503031103079
3.80610954166585,1.55188386339663,-34.4628688481469,-32.391936930018,-0.00685133600067722,0.00670444179887264,-0.0787214801909573,-0.0616678891850914
3.651557943328,1.55204581546647,-34.563320010467,-32.4277405844053,-0.0131750171321059,0.0130110409525193,-0.0872761451880046,-0.0488146953398498
3.77062771383642,1.55267418497444,-34.6614575332879,-32.4737274432756,-0.0172779606968061,0.012849619721754,-0.0808595621240655,-0.0588364785919789
3.66242948244416,1.55209364425842,-34.7558346981842,-32.5155976356227,-0.00763685767329658,0.00789042564397824,-0.0867403072230384,-0.0497606179910672
3.64167786655156,1.55255386376009,-34.8547662377359,-32.5553581662558,-0.0111773690082693,0.008189501194098,-0.0877541705434157,-0.0479500318272795
3.97231709052477,1.55264431685112,-34.9260481565269,-32.6267352008082,-0.00384781896226993,0.00246497368345677,-0.0674340998286928,-0.073842008235786
3.77252446064727,1.55166136246388,-35.0126976623166,-32.6777499582313,-0.00590168695400983,0.00797498535703833,-0.0807478188357537,-0.0589897427801504
3.75696585874113,1.55195518864943,-35.1009988142046,-32.7355800808231,-0.00664534527474947,-0.000103791976231893,-0.0816558066132244,-0.0577263306156186
3.87425065006949,1.55197748876794,-35.1828529962832,-32.7911992299117,-0.00751425858024524,0.0112656457026201,-0.0743399234983117,-0.0668847947912316
3.84716266067324,1.55162050259113,-35.2703661591026,-32.8517191414054,-0.0113889584011928,0.00432687332788229,-0.0761242044182045,-0.0648467848215732
4.1071280836261,1.55163453348046,-35.3439497873905,-32.9223932280573,-0.0166859637848629,0.0115612814940014,-0.0568976645030675,-0.0822353681459284
3.8619896127858,1.55168252182785,-35.4275292366261,-32.9754957221651,-0.00842505712512942,0.0128658115132518,-0.0751543921105026,-0.0659683056209633
3.97717436175707,1.55153208160951,-35.4873085356747,-33.0430924886961,0.00729533604048749,0.00657191505129795,-0.0670746350890896,-0.0741686815823597
3.91241894300453,1.55140693260671,-35.5567789804595,-33.0959672737512,0.00226307675719983,0.0167980352351607,-0.0717335215419249,-0.0696728202902265
3.99405259232072,1.55139454533868,-35.6268710371007,-33.1407079321107,-0.00427875193061311,0.0305495064900003,-0.0658133047105974,-0.0752901648495344
4.04937862302213,1.55135188003437,-35.6908316263424,-33.197235393258,-0.00241136632124306,0.0222868342431661,-0.0615492229204535,-0.0788142953904197
3.99017365030772,1.55138461766728,-35.760131755204,-33.2516057296832,-0.00319527381891538,0.0206639766574506,-0.0661048550426743,-0.0750343130826626
4.15423233389365,1.55128401276788,-35.8227935454302,-33.3308949703718,-0.00969943966117981,0.0055340428048567,-0.0529623505651106,-0.084823283493498
4.1760830201,1.55159993677181,-35.8851294040473,-33.4175357528258,-0.0112394505172375,-0.000680576083273987,-0.0510964080998226,-0.0859602063707177
4.03653181679033,1.55164785362714,-35.9490844515438,-33.4957309205289,-0.00139841943076613,-0.000178065186704268,-0.062556628065692,-0.0780171025163757
4.23301461036426,1.55121411697457,-35.9904436599374,-33.5826072689571,0.00476320706530986,0.00185201677840952,-0.0461224154589109,-0.088728365206599
4.33803398098796,1.55184892288995,-36.0284531909137,-33.6742786780672,-0.00144230348025198,0.00140295832397763,-0.0365672274960777,-0.0930743674340583
4.41630801357671,1.55247998809484,-36.0564519339647,-33.7722557176375,0.00117865209065826,-0.00232830924552729,-0.0291773951416694,-0.095648730324803
4.65314288834778,1.55308159432557,-36.0644156731175,-33.8594761218945,-0.00204259533543194,0.0126041421025611,-0.00592114381738259,-0.0998245463595697
4.49756785383514,1.55561501117102,-36.076955169233,-33.9523686394342,0.00877777085951603,0.00480893653710623,-0.0213172669749978,-0.0977014540767775
4.14006261352241,1.55382099165625,-36.1356623014356,-34.0345593399391,-0.00454821647678472,0.00187363109533267,-0.0541589157258265,-0.0840643316002859
4.05067487796962,1.55128883730512,-36.2021191402128,-34.1152797016604,-0.00500983095828778,-0.00182634908341428,-0.0614470078188699,-0.0788940126378913
4.12386576405942,1.55100262646715,-36.2633000532806,-34.1940832971647,-0.00566758336298134,0.00437254425395683,-0.0555133297048259,-0.0831761397582461
4.04656252720817,1.55115445293425,-36.324566864975,-34.265092754117,0.000504115485305601,0.00763119764413389,-0.0617709271797427,-0.0786406545964295
3.98347393721528,1.55091930278122,-36.3896439186409,-34.3426996465593,0.00152902239492825,-0.0030171436037878,-0.0666060760607982,-0.0745897488384508
3.75447103706703,1.55080482776839,-36.4741473911374,-34.403559492094,-0.00270390325018344,-0.00333741103212715,-0.0817995692463563,-0.0575224345026405
3.86323348871241,1.55116323302939,-36.5554181610867,-34.4812127661431,-0.00619849234535197,-0.0115915367471138,-0.0750722776039246,-0.0660617373020062
3.84130237198477,1.55079829058811,-36.6290362899588,-34.5470256135851,0.00288478708807327,-0.00141328339382762,-0.0765029159601995,-0.0643995640481102
3.73351143188841,1.55080498849781,-36.7140544299764,-34.6105804027256,-0.00203097835184041,-0.00775935027080643,-0.0829871616657362,-0.0557954388697227
3.57779298764644,1.55113044461313,-36.8142166351789,-34.6584652284909,-0.00952584961705227,-0.00563496131352315,-0.0906363555854281,-0.042249864451757
3.46144898267095,1.55202856315791,-36.9099164723224,-34.6892150316902,-0.000771776908293109,0.000693214785261853,-0.0949280602352345,-0.0314430179845334
3.26783486943258,1.55300359332059,-37.0085425645863,-34.7082377219102,0.000578110617127425,-0.00643197416631347,-0.0992042028810043,-0.012590716053686
3.5122511632277,1.55518436479788,-37.1034725448743,-34.747355664373,-0.00172107866487803,-0.00289501245698598,-0.0932089016231229,-0.0362229300058817
3.46474329940966,1.5524892996337,-37.1947388193061,-34.7846895889651,0.00355768762626951,-0.00557835469328838,-0.0948239620581269,-0.0317555698988211
3.48854251736993,1.55290401494265,-37.280665394039,-34.8244088955662,0.00811484792746553,-0.00571620638919912,-0.0940414226603674,-0.0340031002118063
3.53984166755454,1.55265253436739,-37.380667157053,-34.8660678032189,-0.00782761823700628,-0.00287840953014906,-0.0921741447769629,-0.0387804981225806
3.69174284043085,1.55216942342845,-37.4719870393007,-34.9229498420666,-0.00607528107752087,-0.00460051274769224,-0.085244601170122,-0.0522815261000177
3.93885211353498,1.55107459618062,-37.5420717241878,-35.0054706240941,-0.000217681521138324,-0.0109763773500045,-0.0698670033659891,-0.0715444046774929
3.84203117774695,1.5502817871754,-37.6136907203546,-35.0772973705717,0.0048369647065738,-0.00737144377164767,-0.0764559608734331,-0.0644553027059843
4.0578529260956,1.55038510219523,-37.6679094742599,-35.1649131640547,0.00666037075461023,-0.0082827475270062,-0.0608791246598396,-0.0793330459559679
4.02842166324183,1.55028151218702,-37.7193552866842,-35.2479508597171,0.0117414820789437,-0.00553049720078236,-0.0631872945032418,-0.077507198461566
4.29091057792988,1.55019306904774,-37.7582100163345,-35.3367331395475,0.00205626233802736,0.00246623103152599,-0.0409109919883051,-0.0912485108620017
4.22979655876142,1.55121619973829,-37.7960437283695,-35.4243492125974,0.00857399657055158,0.000963408671214028,-0.0464077086056165,-0.0885794817210859
4.12975073168906,1.55081156876733,-37.8409597815744,-35.5057674047504,0.0101068291457871,0.00208319955884995,-0.0550228823507153,-0.0835013917118712
4.17210141054587,1.5503265929509,-37.8873843879366,-35.5973981964839,0.00501365579172175,-0.00587471214381496,-0.0514382621538366,-0.0857560795896896
4.2658623505103,1.55045328857946,-37.921329551881,-35.6971997156488,0.00923836911158205,-0.00960627276687465,-0.0431835330560197,-0.0901952463980207
4.25648929212957,1.55091739838229,-37.955288741375,-35.790607081541,0.0100678395794831,-0.00362083733162133,-0.0440270290734966,-0.0897865285605891
4.22960353543947,1.55082631854042,-37.9943323820897,-35.8860039306121,0.00738116493207075,-0.00682632677017758,-0.0464248056467998,-0.0885705223009149
4.45733895926727,1.5506326597846,-38.0116633989723,-35.9827095587909,0.00789836430926449,5.94395093205247e-05,-0.0252293811918122,-0.0967650676880776
4.49939274687208,1.55239987508007,-38.0269364808555,-36.0828206601612,0.00586585499178671,-0.00237090826741593,-0.0211389368749738,-0.0977401931029189
4.36648139331391,1.55282065225847,-38.0561704258515,-36.1789907568111,0.00467111957948418,-0.0020932844370618,-0.0339050645755244,-0.0940768122128376
4.46680729717075,1.55151112051144,-38.0743747688809,-36.2739552932262,0.00610771660253562,0.00203507057619712,-0.0243120596318782,-0.0969996069912451
4.49257106446766,1.55243112461099,-38.0915099702348,-36.3733397157633,0.00466999105323529,-0.00179070560779038,-0.0218051924072056,-0.0975937169293431
4.49754045770857,1.55268449514832,-38.1122056476051,-36.4705454673597,0.000624266238172133,0.0004951184331905,-0.021319943608399,-0.0977008700295688
4.47606624540937,1.55271837023585,-38.1348360485685,-36.5726530669884,0.000782515054174926,-0.00488704951945618,-0.0234129160176331,-0.0972205501092812
4.81833779665398,1.55246407336751,-38.1246740205249,-36.6726086219052,-0.000413043179774863,-0.000516287679844574,0.0105750712234086,-0.0994392672369414
4.51266012425207,1.55710435887252,-38.14482615227,-36.7651144536954,-0.000311773299814355,0.00550620918824474,-0.0198403584453126,-0.0980120409784508
4.55054240729329,1.55284015807035,-38.151552522887,-36.857070575618,0.00938772151204681,0.00673701884638467,-0.0161140921290711,-0.0986931407690312
4.51905881022447,1.55327279498156,-38.1633849650464,-36.948861037113,0.00738036613141224,0.00634652438486638,-0.019212808290824,-0.0981369858798407
4.34300167493587,1.55288598450133,-38.1951755715372,-37.0399592034639,0.00431380673344073,0.0021567066892989,-0.0361044132241894,-0.0932548730401633
4.47551172316333,1.55110559500053,-38.2121148786892,-37.1442362157482,0.00652751622099634,-0.00706946010458376,-0.0234668233730014,-0.0972075521797579
4.309984299248,1.55235367335454,-38.2507964385045,-37.2399041008178,0.000481647411575636,-0.00365569457446169,-0.0391632072268546,-0.0920121904950993
4.42253859286521,1.5507808269388,-38.2684692033899,-37.3346736636003,0.0109081207807904,0.00105910189845915,-0.0285808856661853,-0.095828664680963
4.59986743676177,1.55175205783349,-38.2764368803164,-37.4311758026469,0.00326074835807244,0.00286547371347212,-0.0112284252846485,-0.0993676127600289
4.41022904275564,1.55379582659027,-38.3048223724792,-37.52580441521,0.0013728061310756,0.000840983029647413,-0.0297582982938689,-0.0954695955928018
4.37466486304085,1.55158655104189,-38.3322913714377,-37.6295269485404,0.0056650641744711,-0.00937141325062329,-0.0331340631329287,-0.0943511200797484
4.26353387490783,1.55122151461495,-38.3660232116238,-37.7297039278229,0.00966159304468173,-0.0100825291068674,-0.0433934332307801,-0.090094450175612
4.21837526509368,1.55029297092681,-38.4026357601536,-37.8224017234052,0.0108038035385341,-0.00465411576069075,-0.0474163520683473,-0.088043679821612
4.04384490695083,1.54996375887614,-38.4539490877354,-37.9009733750559,0.0106710866676369,-9.91571691799642e-05,-0.0619844142494487,-0.0784724944815235
4.00434974567716,1.54918797765682,-38.5170292578073,-37.9730461405431,0.00195438485897981,0.0038910855535641,-0.065034554930893,-0.0759638510407461
3.906028262044,1.54906702028457,-38.5864159118972,-38.0380867591185,0.00279065636500242,0.00417235604273003,-0.0721773104549213,-0.0692129746181589
4.00739656586981,1.54897948168842,-38.656330667126,-38.106224285311,-0.00511194999632369,0.00802412054656743,-0.0648028052323869,-0.0761616467391122
3.77069391304218,1.54897995096147,-38.732745457736,-38.1574889707348,0.00444087640866719,0.007577145878092,-0.0808556670187395,-0.0588418313018444
3.9478882780819,1.54917868952998,-38.7970694655484,-38.2240016603924,0.00489366495803578,0.0056601153055531,-0.0692176727704379,-0.0721728049631202
4.21908476794999,1.54883727153268,-38.8482056480834,-38.3189674474706,-0.00378230963828674,-0.00688848738253167,-0.0473538728967141,-0.0880772996956756
4.22233352090404,1.5496665758233,-38.892032182371,-38.4040525802227,0.00324094782934781,0.00314554290640245,-0.0470674821169471,-0.0882306756585875
4.04887033227994,1.54964808777638,-38.9565585696236,-38.480231894154,-0.0029371117080319,0.00260368637906971,-0.0615892755445148,-0.0787830003103578
3.82969819581018,1.54883731579687,-39.0322829360402,-38.5387441148654,0.00152068589371845,0.00499527407134437,-0.0772450523103565,-0.0635074947826656
3.88689095455517,1.54876835381753,-39.1093208599285,-38.5995305324081,-0.00354936088497126,0.00703268822917269,-0.0734885630033452,-0.0678191057719236
3.90041239937341,1.54862409605096,-39.1751526645844,-38.6580868011048,0.00673305615855879,0.0102502787750152,-0.072564860814425,-0.0688065474717568
4.08004976997602,1.54856840927529,-39.2265541208718,-38.7275064665404,0.00770187278309109,0.0112450510939111,-0.0591033290704982,-0.0806647165294989
4.09863139142655,1.54874713278127,-39.2739242140502,-38.8024466482625,0.0102242377120816,0.00680878187552714,-0.057594330890507,-0.0817489635975576
4.04957761274491,1.54876985856653,-39.3237693667196,-38.8798490575191,0.0116883857977994,0.00142413223607196,-0.0615335384671869,-0.0788265414927437
4.15791530499571,1.54857374279668,-39.3619233437331,-38.9612645209652,0.0144956133584047,0.00360230313051035,-0.0526495903719038,-0.0850177665765853
4.06008410474871,1.54894493167795,-39.4108634190189,-39.0334513681975,0.0117618917894311,0.00728183334815724,-0.0607019670751835,-0.0794686805804861
4.09546675097431,1.54852000592609,-39.462559589739,-39.1189017342621,0.00615657741373488,-0.00388407686766357,-0.0578527481339074,-0.0815662891969144
4.06574213509397,1.54858813888556,-39.517652075741,-39.1956432587862,0.00515887563332962,0.00306933577134338,-0.0602513616352417,-0.0798108602954468
3.96164629906506,1.5484434369913,-39.5734701261287,-39.2563274656675,0.0124001479762774,0.0124340357942458,-0.0682181983640446,-0.0731182426755722
3.94153804439514,1.5482102685419,-39.6261642652535,-39.3162539915783,0.016980449129917,0.0118052784130331,-0.0696745882546706,-0.0717318043237595
3.88343645282466,1.54816066766332,-39.6836676277625,-39.3757112805578,0.0162190427561666,0.00810754626718424,-0.073722405265159,-0.067564835246744
3.73427876253742,1.54814382671353,-39.7598629177533,-39.4200614753806,0.00674903369753643,0.0115089062072411,-0.0829443236883507,-0.0558591010300211
3.7798482611715,1.54851809689718,-39.8322761035468,-39.4651817640987,0.00790044222702013,0.0144592476528111,-0.0803136280205872,-0.0595795363708947
4.08614476217605,1.54829652206313,-39.8821372796251,-39.5400488357874,0.00874940740886299,0.00615637864077878,-0.0586105834871617,-0.0810234503294845
4.19751163703948,1.54825323753188,-39.9246820326199,-39.6244108089347,0.00669805681896385,0.0026733396955283,-0.0492428098137359,-0.0870353128428239
4.14919313985799,1.54873969327193,-39.9625620523865,-39.7033638414849,0.0155090975260515,0.00560228753499215,-0.0533891172926633,-0.0845553200851977
4.22789417060625,1.54843645979634,-39.9907976443083,-39.7819415266804,0.018340545162391,0.00991335081556444,-0.0465761370841949,-0.0884910360110802
4.1788318491913,1.54886258833857,-40.0260746495161,-39.8516299216926,0.0155829202299502,0.016411941714614,-0.0508599254377504,-0.0861003367267891
4.19349241152568,1.54852426823462,-40.0595443648234,-39.9322870688483,0.0161225103766984,0.00617954527151965,-0.0495922256839717,-0.0868366924272799
4.19358918676055,1.54857301885484,-40.0941301153008,-40.0267400079696,0.0149980713330242,-0.00761144780134937,-0.0495838218104537,-0.0868414913199283
4.0887800428624,1.54853265645739,-40.133312775172,-40.1117945789881,0.0192142008128804,-0.00387694687084128,-0.0583968606840381,-0.0811776241476002
4.0703958246795,1.54797789696953,-40.1794280398693,-40.1896645039053,0.0137640308836979,0.00222046127690501,-0.0598792955810092,-0.0800903861941128
4.00939596326039,1.54786866707466,-40.2367377682315,-40.255005299437,0.00734067004642958,0.0109502654493105,-0.0646503984086142,-0.0762910609810052
3.95009967561312,1.54766298970887,-40.2942439314713,-40.3121903828337,0.0115517376512244,0.0151406127598299,-0.069057900891007,-0.072325696156538
3.92912185370893,1.54754621735572,-40.338183588287,-40.3861620094467,0.0266201738055782,-0.00311042211650703,-0.0705598306212619,-0.0708612044965285
3.7908291458687,1.54749476621597,-40.4117436052795,-40.444992300983,0.00609454610359617,0.00162754979108981,-0.0796545630961502,-0.0604578413273368
3.83542798493191,1.54765816397927,-40.4849218288912,-40.5027016871669,0.00370167814422828,0.00623966154936539,-0.0768799017559491,-0.0639490477332979
4.02639025620738,1.5474905528216,-40.5413551383414,-40.5677134263839,0.00691130323815869,0.0123669402972066,-0.0633446126883698,-0.0773786795141945
4.22254181634694,1.54746278942501,-40.5847156207605,-40.653743455781,0.00368862062931363,0.00221044828942585,-0.047049103048358,-0.0882404776865187
4.20675016858891,1.54832257608749,-40.6289429891491,-40.7468710609368,0.00420927294611673,-0.00564108175811562,-0.0484366413347373,-0.0874865233976641
4.09682901912042,1.54817057742307,-40.680428331498,-40.8325891323401,0.00625623698096689,-0.00407304695913502,-0.0577415793298863,-0.0816450244441781
3.89716160028925,1.54753786931375,-40.7500787423004,-40.8975573279572,0.00313774245826792,0.00360209492407404,-0.0727881532606645,-0.0685702905411813
3.76731573283077,1.5471435958333,-40.8309594619136,-40.9559474348885,0.000173263971475102,0.000178244121575855,-0.0810539835846646,-0.0585683510529101
3.89658571306102,1.54737335192571,-40.904052940066,-41.0156322243857,-0.000265848209271446,0.00884357190796869,-0.0728276299430873,-0.0685283614051346
3.90768444866435,1.54703617759325,-40.9753372712125,-41.0824603694313,0.000778250768827426,0.00250427368972073,-0.0720625819153052,-0.0693324187353934
4.06997838264388,1.54697483693499,-41.0359208847085,-41.1657222516991,-0.000670890039361716,-0.00319649918617548,-0.059912723456666,-0.0800653830816107
4.12966325441895,1.54716462032012,-41.0923352089573,-41.2491156402603,-0.0013841376348589,0.00010318957962796,-0.0550301866139781,-0.0834965781408481
3.92151968896026,1.54735977542593,-41.1677569797653,-41.3184753724103,-0.00432528574379809,0.000963022428605464,-0.0710964850642117,-0.0703227545785454
3.91142907659465,1.54679809630287,-41.253023051579,-41.379560474491,-0.0134636186420636,0.00851667748374019,-0.0718024531716257,-0.0696017795644371
3.94690355826645,1.54674038085166,-41.3388025076651,-41.4606744964724,-0.0164907468952222,-0.00900941201320982,-0.0692887091908808,-0.0721046099681674
3.87619495954184,1.54667554342168,-41.4165331252775,-41.525784438943,-0.00352087928727229,0.0019192656233471,-0.0742097383251549,-0.0670292080940244
3.82311326250837,1.54663970417182,-41.4981528498228,-41.5918729386429,-0.00395815735846483,-0.00309103163884128,-0.0776615671867479,-0.0629974680610122
3.82827612105623,1.54667620583343,-41.5882896295168,-41.6623570093301,-0.0128014931152496,-0.00708648832178893,-0.0773352865787433,-0.063397582365447
3.51514677524673,1.54659787268745,-41.6944747398901,-41.6976527074682,-0.0130814869130855,0.00119697644972017,-0.0931036234602472,-0.0364926745878199
3.59554471310512,1.54846100082946,-41.7879944546477,-41.7367674397131,-0.00364760823575683,0.00473734261276459,-0.0898721065218626,-0.0438520748576733
3.30386334515314,1.54770425353221,-41.8855684810587,-41.7549166273324,0.00111227119777446,-0.00199323935664908,-0.0986862976088183,-0.0161559482625978
3.0015141333575,1.55095194429645,-41.9990822485775,-41.7340674423205,-0.0144932638985167,0.00688709839143642,-0.099020503620232,0.0139620866204028
3.16766640377447,1.55614157648008,-42.1135154686791,-41.7472218810939,-0.014467210198299,-0.0105473591780612,-0.0999660099032844,-0.00260707959534289
3.18071094834084,1.55308374146734,-42.2270425148428,-41.7514502042386,-0.0136035484565786,-0.000317491266855763,-0.0999234977071137,-0.00391083187780462
3.009076997567,1.55285887401454,-42.3368165465507,-41.7403458427452,-0.0106507675492384,-0.00210845435081541,-0.0991232641586545,0.0132128158442324
3.14299496264014,1.55601961007384,-42.4456581185201,-41.7460711986245,-0.00884167029295302,-0.00558512502019903,-0.0999999016764825,-0.000140230859074543
2.9536661637199,1.55351339540184,-42.5526341981259,-41.7272401827072,-0.00873670714251418,0.000148786446036109,-0.0982393724633074,0.0186822294712263
2.9367540506012,1.55717147793501,-42.6561924026609,-41.7011696739244,-0.00564882184514071,0.00572959480904478,-0.0979093826898814,0.0203409139737219
3.09458833892865,1.55755321681631,-42.7559239117418,-41.6859719992264,0.000158040977237928,0.0104989739006238,-0.0998895500581352,0.00469870079738145
3.00413152475099,1.55443987122836,-42.8582966419899,-41.6731646185227,-0.00331602160579125,-0.000895482973345851,-0.0990567086423063,0.0137028636771023
2.98786514858795,1.55621170339942,-42.9719333803264,-41.6600639209087,-0.0148160204654766,-0.00221157587703091,-0.0988207178709859,0.0153122734909941
2.94669364703933,1.55656276282059,-43.0853177867147,-41.6448468307756,-0.015277683018597,-0.00414965532547118,-0.098106723369713,0.0193667454586107
