theta_array,theta_org,x_array,y_array,xi_x_array,xi_y_array,fmpi_x_array,fmpi_y_array
2.99312562990966,0,0,0,0,0,0,0
2.99891384395648,1.56484898060194,-0.0609748001396665,-0.0362463559944989,0.0380090632919985,-0.050465877088456,-0.098983863431665,0.014219521093957
3.19806790918248,1.56479982523445,-0.117905116188613,-0.0880448332334359,0.0429102536077513,-0.046153953288583,-0.0998405696566976,-0.00564452395035391
3.24132685109387,1.56332786749832,-0.16887347825077,-0.141933396503209,0.048534704547846,-0.0439316694165032,-0.0995030666100032,-0.00995689385326951
3.21321872724549,1.56304042487748,-0.219726231716966,-0.190170792157681,0.0488908414600218,-0.0410809110988758,-0.0997435949262183,-0.00715648455559625
3.1851989209863,1.56321668093482,-0.267457035731292,-0.236809342896147,0.0521741357224368,-0.0422793058274866,-0.0999049397367623,-0.00435924491097948
3.2189086250631,1.56339876056564,-0.314596779559516,-0.286760674711947,0.052561517059902,-0.0422274353044608,-0.0997012608881258,-0.00772389651133987
3.31466994076463,1.5631690001189,-0.361313212526201,-0.339043003590962,0.0517895148800846,-0.035060881819915,-0.0985059478467703,-0.0172214470590998
3.41300234761945,1.56257325901061,-0.415140717631944,-0.403347151037137,0.0425118878098619,-0.0374951681173616,-0.0963393929156047,-0.0268089793288132
3.74414689501893,1.56203803366476,-0.457375572636277,-0.497388216048703,0.0401542140931465,-0.0373661914497238,-0.0823890690974792,-0.0566748735618422
3.65245977305943,1.56089550084707,-0.498607133895646,-0.579116038138616,0.0460005259003097,-0.0328344383885754,-0.0872320871596787,-0.0488933837013376
3.52038928762066,1.5610951702946,-0.542805542421216,-0.649182390063791,0.0487126230888489,-0.0330860841551269,-0.0929110316144186,-0.0369802677700487
3.70417577401245,1.56153039954194,-0.584204357446597,-0.733902932781399,0.0431892017711428,-0.0313832441880524,-0.0845880167965243,-0.0533372985295554
3.83342366645145,1.56094924762914,-0.618233593326712,-0.831084261175647,0.0429786856237172,-0.0333865008166178,-0.0770079215038325,-0.0637948275776303
3.60723936705651,1.56073539651745,-0.663101798840514,-0.908229270152483,0.0444849322509241,-0.0322449335693491,-0.0893531377647256,-0.0449000754074863
3.57845956818025,1.56119083814266,-0.709223858481525,-0.977286364287499,0.0444861128730956,-0.0267468226438775,-0.0906081725141067,-0.042310271491139
3.88489310635457,1.56127739719122,-0.737164079706958,-1.07632824756275,0.0456836873052288,-0.0313697317454743,-0.0736239085306616,-0.0676721515297747
3.96439020034548,1.5606742538424,-0.767025462224212,-1.18500125649574,0.0381559300517966,-0.0353678577437074,-0.068017312569051,-0.0733051511892856
4.03111292649666,1.56066451031528,-0.789725522648272,-1.29538930966149,0.0402784132263559,-0.0327110819537885,-0.0629784736504158,-0.0776769712119614
3.93155187969422,1.56070543904882,-0.821009168714152,-1.39717032315798,0.0391037818278505,-0.03074855616532,-0.07038742789373,-0.0710324573311733
3.84356253756496,1.5606372752089,-0.861403364093203,-1.49413189517545,0.0359629716253377,-0.0323892633467676,-0.0763571670043889,-0.0645723086706977
3.90466378507015,1.56065849490484,-0.89857214638012,-1.59977015457836,0.0351029004591037,-0.0365238334625978,-0.0722716827460208,-0.0691144259403095
3.8206820504005,1.56061796398959,-0.938475423500076,-1.69857627045491,0.0379112206024396,-0.0359976455543802,-0.0778144977223959,-0.0628084703221727
3.79586951906562,1.56065805185332,-0.97995976374718,-1.79552915746389,0.0378644822320101,-0.0360943266318413,-0.0793488224791135,-0.0608585603771411
3.86946670176844,1.56067603308744,-1.007201597685,-1.90011665868554,0.047417211064284,-0.0380591087912463,-0.0746590450021073,-0.0665283924304001
3.72217595577052,1.56059978418566,-1.03340424912041,-1.99201144878178,0.0574116329722218,-0.03704361469406,-0.0836142844076273,-0.0548511754021773
3.75807047856649,1.56077722103497,-1.05537507449475,-2.08422381213686,0.0596211657850223,-0.0343958693533615,-0.0815919911593602,-0.0578164940017196
3.72996037002989,1.56070244118692,-1.07994714938155,-2.17930683368818,0.0586126961821907,-0.0395826263977934,-0.0831847710689976,-0.0555003951535344
3.80442605389392,1.56074299126422,-1.10927510666721,-2.27481134803257,0.0494972284401547,-0.0339692391334027,-0.0788251857258122,-0.0615352752109813
3.80622348711397,1.56061799886581,-1.13471685666988,-2.37326584956818,0.0532727029019915,-0.0367776427965407,-0.0787144529046621,-0.0616768587390744
3.61694060512597,1.56060620423433,-1.17110940012875,-2.45535289687512,0.0525208101588968,-0.0363222622813086,-0.0889133536177674,-0.045764785025627
3.69154487235124,1.56099402508038,-1.19900976607456,-2.54780802702055,0.0573545836271439,-0.0401904807797864,-0.0852549495729495,-0.0522646493656452
3.81579956021847,1.56078489839021,-1.2311308627124,-2.64965667164224,0.0459991341090509,-0.0394208499461464,-0.0781202307468954,-0.0624277946755436
3.83176625054111,1.56056680985015,-1.25999324382925,-2.76086611586065,0.0482511691293899,-0.0475423383597184,-0.0771135502462331,-0.0636671058586903
3.71163023542889,1.56054067297904,-1.29943709869406,-2.85406794819851,0.0447442145554722,-0.0392354634838736,-0.0841880694202896,-0.0539663688539862
3.7908280707647,1.56070792660387,-1.32520482960215,-2.95831789123013,0.0538868971864817,-0.0437921873412559,-0.0796546280945709,-0.0604577556903629
3.90128273980198,1.56056402719267,-1.35152653430138,-3.06223833795722,0.046183243519081,-0.0350507691914672,-0.0725049482183043,-0.0688696775356253
3.69192147799898,1.56047569560952,-1.38308110077891,-3.15078595063338,0.0536806938878154,-0.0362508595221656,-0.0852352603653546,-0.0522967531539981
3.59871567745145,1.56071967916922,-1.419150605401,-3.22753768778448,0.0536630969346135,-0.0326149019919399,-0.0897326015567009,-0.0441368351591543
3.50637071332311,1.56096622066696,-1.46706924532973,-3.29900624265344,0.0455016560292016,-0.0357943582678903,-0.093420295957934,-0.0356741966010732
3.48042796887879,1.56129451839688,-1.51334758028462,-3.3695083366106,0.0480359083790387,-0.0372632085313727,-0.0943142433339276,-0.0332388854257884
3.4663098914926,1.56139519956909,-1.56518236148387,-3.43676498980038,0.0429393164958647,-0.0353525718509047,-0.0947740976951131,-0.0319040813388688
3.34743988527377,1.5614487881801,-1.61958105568936,-3.50377074665953,0.0434901222551856,-0.0465660990359733,-0.0978888164606737,-0.0204396578231764
3.19193648138813,1.56203773576623,-1.68373969806547,-3.55499838641373,0.0357146593371536,-0.0461953833129218,-0.0998733017132665,-0.00503225644128264
3.19399339383853,1.56299872542197,-1.74732090333502,-3.60446479567344,0.0362815342637446,-0.0442287329709865,-0.099862739533294,-0.00523767628872502
3.27182115056821,1.56297876899746,-1.80399375905488,-3.65873435517795,0.0424803689621425,-0.0412834886914855,-0.0991532246820003,-0.0129860708130198
3.04188471475423,1.56246327637716,-1.85954202749733,-3.68666936538772,0.0439550595880287,-0.0378892912415676,-0.0995033280304737,0.00995428103179493
3.20458883024029,1.56409862210325,-1.9156264427537,-3.73206765791383,0.0437172244427249,-0.0391028407256626,-0.0998016396990963,-0.00629545180044898
3.30375339337638,1.56289126144414,-1.97287390304266,-3.7913740818004,0.0414406130985356,-0.043161326455373,-0.0986880733875027,-0.016145097431198
3.24770036997993,1.56225123458083,-2.03082841290583,-3.84803914074168,0.0414830757382996,-0.0460741869398609,-0.0994375856014697,-0.0105908720014163
3.34966600197055,1.56259219232428,-2.09075012744297,-3.91646660691566,0.0379213583489753,-0.0477699472473474,-0.0978430728861064,-0.0206575189266298
3.20392948386689,1.56196999080049,-2.13955581710444,-3.96596209223258,0.0510000792268692,-0.0432658387293317,-0.0998057688883452,-0.00622964658758664
2.94765167906129,1.56286820639769,-2.18955216288613,-3.98075646545369,0.0481288865250851,-0.0340671204238954,-0.0981252323067695,0.0192727472027864
2.9974962582875,1.56485229708839,-2.25337583249357,-3.99987930163137,0.0351399369851952,-0.0334826610434975,-0.0989636065926421,0.0143598248658114
2.69710023694815,1.56442986572743,-2.31342026374844,-3.99481210978398,0.0302384729819911,-0.0379327756242036,-0.0902829042368571,0.042999967471598
2.47139220150461,1.56717461485786,-2.36886833370182,-3.96473624317529,0.0229216472664495,-0.032038442716007,-0.0783697172198328,0.0621143093246914
2.1026024030325,1.56947033460101,-2.3807661949153,-3.90957163139436,0.0388112199068309,-0.0310246514247177,-0.0507090811203111,0.0861892632056552
1.91783818514623,1.57330700683979,-2.38409335176271,-3.83852836833133,0.0306845945208525,-0.022995031098791,-0.0340117513682621,0.0940382941618122
1.88373891853443,1.57513382367283,-2.38970393093877,-3.78093205998219,0.0251753848807832,-0.0375468701614117,-0.0307859640568368,0.0951431785105541
1.9389136719543,1.57545844078236,-2.38988419419511,-3.72290528346882,0.0358056908995401,-0.0352738724848574,-0.0359859541558878,0.0933006489982269
1.81711415919285,1.57493765526523,-2.3790808997219,-3.66456006218131,0.035186753692642,-0.0386364621196909,-0.0243834592194239,0.0969816834072017
1.70378496566405,1.57607339115827,-2.35818101161825,-3.59394520879691,0.0341595860718118,-0.0285021502516685,-0.0132596979681687,0.0991170036360712
1.72043502127225,1.57705794721176,-2.33719448565421,-3.52601741516909,0.0358946133916702,-0.0309547069941272,-0.0149080874276326,0.0988825006219506
1.64279755498317,1.57691699371755,-2.3046602857765,-3.46073034231429,0.0397281031905616,-0.034453830264868,-0.00719390331284525,0.0997409031196602
1.7598647232928,1.57755089415099,-2.28965352821311,-3.38886131040728,0.0338011550204307,-0.0263489431496216,-0.0187943974570418,0.0982179750566399
1.85352484721,1.57657720883799,-2.27888441614533,-3.32825131419977,0.0386667996662768,-0.0354197857700531,-0.0278976875984989,0.096029781977554
1.82797175599437,1.57574211479245,-2.26873716297398,-3.26372800650756,0.0355822424801775,-0.0321879187443321,-0.0254349893088218,0.0967112264365421
1.83297845854823,1.57597544131256,-2.25663506011892,-3.20066208849259,0.0380209756956686,-0.0335167513966317,-0.0259188728406119,0.0965826694116092
1.84370881657354,1.57593078544649,-2.24105639810897,-3.13317955970329,0.0425323894417704,-0.0288164669351141,-0.0269537274318248,0.096298995724415
1.69018681626387,1.57583387456384,-2.20969330905595,-3.05596382627016,0.0432737948301036,-0.0220724082953407,-0.0119107057770809,0.0992881417284653
1.66916362658051,1.57716282641304,-2.17750174251662,-2.99160027374559,0.042012440618453,-0.0351530311804678,-0.00982087407911865,0.0995165837050393
1.48539994559929,1.57733125576556,-2.13275088586573,-2.93163533466434,0.0362215940255775,-0.0396706553570234,0.00852926262530617,0.0996355944382757
1.46903132854015,1.57868946999302,-2.08280926217065,-2.86496453299766,0.0397826796102057,-0.0328118393069099,0.0101589440848767,0.0994826409735907
1.37432441686856,1.578792543428,-2.0250731103602,-2.81048457825371,0.0382151179759815,-0.0435961852597915,0.0195210338344646,0.0980761400037425
1.2024220660168,1.57937284215024,-1.96071670478283,-2.75921775978318,0.0283464822154249,-0.0420245820949416,0.0360099233619482,0.0932914005654681
1.31317196973849,1.58023033576218,-1.90915314687812,-2.69368829753989,0.02608515479676,-0.0311703359729849,0.0254784031079534,0.0966997982162767
1.1960611223154,1.57969624889817,-1.8320373646075,-2.6385021720099,0.040513170070827,-0.0378743321314254,0.0366026121997949,0.0930604576614119
0.908725288323383,1.58023972013585,-1.72899100854673,-2.60563298778851,0.041571192039028,-0.0460028907386314,0.0614751640217428,0.0788720749600251
1.09893369944688,1.58102581422667,-1.65512705597499,-2.56617305370753,0.028409336743954,-0.0496123842898211,0.0454546158277814,0.089072318370798
1.00396983114602,1.58058010730481,-1.57505056928309,-2.53047017937108,0.0263807307458244,-0.0486580514134491,0.0536957559460767,0.0843609257498955
1.27725526439345,1.58083442329653,-1.50781249858864,-2.48062214825227,0.0383037080365081,-0.0458744984005115,0.0289343626579361,0.0957225295193301
1.10305064228313,1.57983197874086,-1.42659809382845,-2.43315084148217,0.0361268787491045,-0.0417873902750636,0.0450875260110919,0.0892586970451569
1.0765323119366,1.58053872261268,-1.33747797618957,-2.39004055483825,0.0416817297611161,-0.0449215221274417,0.0474383878777643,0.0880318087713685
1.10516795607428,1.58061188328047,-1.25492896997246,-2.3399329168353,0.037650569799097,-0.0392463233374354,0.0448984364180145,0.0893539613403766
1.20212282144252,1.58051116732804,-1.18497731357559,-2.28217248274978,0.0339138177021838,-0.0355201865289243,0.0360378386946822,0.0932806206144452
1.49475739367168,1.5801368837002,-1.1385724637547,-2.22938970754245,0.0388082819068192,-0.046928268092433,0.00759656791407205,0.0997110432997614
1.57946061505616,1.57851610667521,-1.10579637214257,-2.15495582869148,0.0336425095978443,-0.0255623676779488,-0.000866417985714014,0.0999962465289274
1.64406457363336,1.5779155096208,-1.07867493378613,-2.07935644970113,0.0344417094455927,-0.0241323292632565,-0.00732027108915709,0.0997317082536003
1.50748426963224,1.57742371833125,-1.03667239036905,-2.00127637494999,0.0356755665381812,-0.0217195713583203,0.00632697687890567,0.0997996461094617
1.50723086581673,1.5784179751241,-0.99118289634272,-1.91679169371765,0.0391372277397197,-0.0153133583928113,0.00635226628660723,0.0997980396251551
1.67760987332412,1.57841451982044,-0.958541232961206,-1.8379914605525,0.0433027187838113,-0.0206298523105732,-0.0106610554022978,0.0994300854757208
1.56331580890843,1.57714927615407,-0.914543720349704,-1.76286505596837,0.0432494677994351,-0.0248707975215212,0.000748044812067437,0.0999972021056546
1.85331469149791,1.57801361706395,-0.899937077949876,-1.69605177069072,0.042484148175205,-0.0292223574376744,-0.0278775057753771,0.0960356427153159
1.98540855197498,1.57565463094718,-0.894816916018872,-1.63848081542776,0.0454036660324477,-0.0339563045961055,-0.0402835041014441,0.0915272598590657
1.98331643439667,1.57443498729607,-0.900839192596313,-1.57867789113128,0.0340696537149157,-0.03180841302283,-0.040091930292356,0.0916113373193125
1.87969571995998,1.57445798734291,-0.885609136251902,-1.53154486455208,0.0456310870498879,-0.0481338476848632,-0.0304010307054774,0.0952668742640621
1.98614726473361,1.57542069929751,-0.872756700338311,-1.48820140487828,0.0532035413722221,-0.0481540172764716,-0.0403511054586312,0.0914974769502768
2.11743118288393,1.57443229836613,-0.874624907555995,-1.43850292957877,0.0501133334961184,-0.0357293856418668,-0.0519815407138025,0.0854278609413773
2.32578833494888,1.57316058799323,-0.898621002890087,-1.41001623993801,0.0445321895060617,-0.0443410123473367,-0.0685282848401537,0.0728277019880949
2.33334367015561,1.57106802907929,-0.918329922520983,-1.36909335648282,0.0493676417814264,-0.0313849906903703,-0.0690765614123223,0.0723078741455567
2.27781493773533,1.57099564762307,-0.94166392982543,-1.32415232691431,0.0416229832557322,-0.031089157708418,-0.0649569905601785,0.0760301872769289
2.41422895747971,1.57156421531227,-0.984492837912097,-1.2957208683313,0.0318640800938423,-0.0380588227870224,-0.0746929881805099,0.0664902813700333
2.28465995996193,1.57018410956093,-1.00339563954474,-1.25856820286597,0.0465730914331193,-0.0384311120748237,-0.0654758930657669,0.0755837775401591
2.25783278505208,1.57150409038613,-1.01654861485853,-1.23150730169964,0.0502719017453099,-0.0502520018320629,-0.0634248770590938,0.0773129029983924
2.25805444831575,1.57177860000431,-1.03314497677012,-1.20014561815501,0.0468456510195914,-0.0459371585892687,-0.0634420129311779,0.0772988421338913
2.42874104265275,1.57177974070554,-1.05845117317535,-1.16763419546423,0.0503438054768877,-0.0328879443950987,-0.0756500018821262,0.0653993670858848
2.51272583560863,1.57005195763156,-1.08850851499424,-1.13856004708726,0.050812117943198,-0.0297487253864648,-0.0808694597620859,0.0588228737634296
2.57863233651035,1.56920884620131,-1.12970113296759,-1.11830223517987,0.0433752741554887,-0.0331113891442025,-0.0845678921288358,0.0533692010515953
2.45076213666361,1.56855542229096,-1.16020149947959,-1.09187896036861,0.0465713429047163,-0.0372944747377026,-0.077071709416722,0.0637177495489629
2.34903571249383,1.56984174535645,-1.18326499745065,-1.05459493785978,0.0471391705595225,-0.0339310414256011,-0.070202668530582,0.0712150639344319
2.68280463158482,1.57087845793744,-1.22547463741165,-1.05340589791807,0.0474493495018935,-0.0430971385849346,-0.0896589894628883,0.0442861785266428
2.58299572124334,1.56754734192872,-1.25779271776076,-1.04796414055328,0.0524818763497503,-0.047557934557628,-0.084799956698862,0.0529996919224171
2.43308282779266,1.56852538259623,-1.28203955734746,-1.02809936906428,0.0516863983617881,-0.0452055241508615,-0.0759332379484847,0.0650702956398601
2.33143661093095,1.57003395020954,-1.30197332061074,-1.00003577454923,0.0490047772228541,-0.0443758811569976,-0.0689385404861342,0.0724394756720508
2.19402285102563,1.57107003113738,-1.3152551556714,-0.958858318891664,0.045083977951708,-0.0400224942894969,-0.0583658130123668,0.0811999499470624
2.22827475010415,1.57246301194508,-1.33680411912674,-0.919785220181132,0.0395633244329758,-0.0400804752394501,-0.061112287888319,0.0791535739499817
2.03211109864442,1.57212291573947,-1.34631436289847,-0.877632623575616,0.0350023389798437,-0.0473942066695576,-0.0445125827515695,0.0895468032750733
2.06917465560213,1.57406400023223,-1.35670204585456,-0.831364635916818,0.0374124928906472,-0.0415679001605929,-0.0478001758467396,0.0878358878193918
2.23370116167484,1.57370848645132,-1.37886476812319,-0.798501402481646,0.0393781836290437,-0.0459575563432431,-0.0615409058976787,0.0788207897784148
2.04929466752088,1.57207929781211,-1.3952465348922,-0.74684376737503,0.0296629023548736,-0.0371111006356033,-0.0460446691238844,0.0887687357422196
1.95031714809115,1.57390883669492,-1.39572641381624,-0.688166504236668,0.0365676641289436,-0.0342069634759445,-0.037047543052978,0.092884226614306
1.91080031664027,1.57485088453642,-1.38748989083684,-0.626656169262894,0.0415856083377442,-0.0327649985221168,-0.0333490853583502,0.094275333495891
2.15197884049707,1.57521655303979,-1.40201297907093,-0.574604802323383,0.0403781799603848,-0.0315300350027767,-0.0549012681944753,0.083581401942288
1.86924083257031,1.57291191875534,-1.39842900401181,-0.510781578210406,0.032987357994581,-0.0317562772037343,-0.0294033829354522,0.095579501316711
1.81336849637756,1.57559654466214,-1.38205373782411,-0.454368206455068,0.0403952945215966,-0.0406589633295802,-0.0240200283339008,0.097072335084918
1.94765737886531,1.57608731131096,-1.37715243655459,-0.403085511170591,0.0417016629622866,-0.0416997405799444,-0.0368003616927717,0.0929824358644211
1.76133459468177,1.57488428859668,-1.35373995262255,-0.348237578665679,0.0423512288256651,-0.0433423111135562,-0.0189387448936252,0.0981902436184685
2.03917699407538,1.57652858232377,-1.35603291295324,-0.303241939391673,0.0428512343214598,-0.0442344099762817,-0.0451441946521494,0.0892300492502882
2.06593117199047,1.57402292297867,-1.3572251860732,-0.259968535050438,0.0463227575305005,-0.0447170602687796,-0.0475150306504561,0.0879904646100145
1.86851135996016,1.57376737244562,-1.33802055289799,-0.213275977771725,0.0485382856653294,-0.0489083675682203,-0.0293336524901183,0.0956009248469333
2.02875614266779,1.57560563517337,-1.33433477498996,-0.164744464980238,0.0478976851297848,-0.0411641240021439,-0.0442119072217558,0.0896956367936304
1.99738721986874,1.5741267381335,-1.32348303130195,-0.118255968032799,0.0522287061442821,-0.0445496652588169,-0.0413769624562681,0.091038162206256
2.18322646583012,1.57442525814548,-1.33005248203644,-0.0863050317539781,0.0509163117883134,-0.0498744088605179,-0.0574857625228026,0.081825345139339
2.0542493374221,1.57262305883537,-1.32686626816374,-0.0366551449962168,0.0496701358117653,-0.0388896242029553,-0.0464839219390657,0.0885395109607166
1.97642692431079,1.57388760820698,-1.31957581206513,0.012620892206696,0.0467502826665553,-0.0426093375159597,-0.0394598265679461,0.0918853747188725
2.19740945970849,1.57462674300998,-1.33325831074816,0.0494663358960606,0.0449579715573289,-0.0441563788209285,-0.0586404702403636,0.0810018225102931
2.0383115489088,1.57249015461812,-1.34009496638233,0.0944354076965637,0.0382302984063863,-0.0443000138535252,-0.0450669540405579,0.0892690856540283
2.20420867645864,1.57404740445315,-1.36121104573001,0.128163697684392,0.0380737801474949,-0.04687295400345,-0.0591898594951738,0.0806012439912784
1.98191692899275,1.57242941343182,-1.36040863213817,0.174901922502789,0.0407660941020804,-0.0449291316400249,-0.0399636805102414,0.0916673564584217
1.9815575665628,1.57458555320633,-1.35299546101796,0.222209582083135,0.0473439072467148,-0.0443740524040814,-0.0399307361265038,0.0916817119844276
2.03532345944109,1.57459003575862,-1.35641541115475,0.260659544463465,0.0413800590920497,-0.0509533886368194,-0.044800009228842,0.0894033510171496
2.10683063869625,1.57408466627023,-1.36321797697369,0.298382612041624,0.0442704894448092,-0.048251015877419,-0.0510730552637438,0.0859740834555773
2.11332300503947,1.57339815632784,-1.37890704692167,0.340936839403202,0.0359410802585138,-0.0430864615056592,-0.0516301502064928,0.0856406888672376
2.34294044424735,1.57333843194293,-1.4049104002542,0.372787588603182,0.0437639388768991,-0.0397908932837305,-0.0697672922094318,0.0716416424837102
2.43245035849273,1.57105734202866,-1.43365640077705,0.407324964422931,0.0471460672767368,-0.0305809322441304,-0.0758920677995904,0.06511830806388
2.47700887779382,1.57016075045228,-1.46672198809192,0.432557655877979,0.0456517678754969,-0.0364404630924087,-0.0787173551903618,0.0616731545474562
2.68976307941266,1.5697177307079,-1.51438868001634,0.443098640190231,0.042298287479162,-0.0331202396847035,-0.089964979403586,0.0436612239969557
2.65189649942993,1.5676305656769,-1.5559209856915,0.458093078859087,0.046715275884524,-0.0320413386593383,-0.0882475815596807,0.0470357773281945
2.68688512448012,1.56799835743694,-1.60088953166802,0.466892774689637,0.0448704059927412,-0.0351202621505813,-0.0898389519692639,0.0439199579811308
2.82349003712652,1.56766432938948,-1.65303358785319,0.463671238709803,0.0428390000632204,-0.0344980291610621,-0.0949830562483888,0.0312764931812281
2.67281891100327,1.56639027911266,-1.7023231448042,0.471627615483882,0.0399227403382234,-0.0372228885185111,-0.089212297289229,0.0451792652925899
2.5923147377748,1.56780475904562,-1.74471037667813,0.487733767250247,0.0429029405213539,-0.0361009980579787,-0.0852901723952913,0.0522071498243439
2.65242173396041,1.56859282490338,-1.78931025774685,0.50073466820906,0.0436723931317635,-0.0339885192065355,-0.0882722742004778,0.0469894201653484
2.85978316514699,1.56800882548726,-1.84316666344784,0.48964901294554,0.0421989745854843,-0.0388950766530431,-0.096055380286478,0.0278094213895236
2.79848041073803,1.56607255174626,-1.8966208189991,0.491597315218864,0.040717065308927,-0.0316936531053775,-0.0941712208601835,0.0336419553787016
2.700216325931,1.56663021345731,-1.94811418868878,0.491306814110237,0.0389230877316118,-0.0430089307073791,-0.090416457421293,0.0427184295987517
2.57787119226286,1.56755522468627,-1.98856796011454,0.5013223446759,0.0440734745498244,-0.043418023384862,-0.0845272459755807,0.053433553950525
2.89491255000067,1.5687503732367,-2.04566587615239,0.489685670063505,0.0398749275807644,-0.0360552659009716,-0.0969728436186206,0.0244185912885768
2.95920040787704,1.56576785099682,-2.11470556146478,0.476682862449491,0.0293015742154763,-0.0311410730898665,-0.0983412595278681,0.0181382654758523
2.99980446562142,1.56521503065199,-2.17719690164486,0.459382648239033,0.0365051482061256,-0.0314315725033065,-0.0989964883862005,0.0141313582928486
2.88158661518085,1.56487656765975,-2.2309031434862,0.454750243346774,0.042932600734594,-0.0303410436267946,-0.0966388425759391,0.0257086387345356
2.83806913282127,1.56588730462001,-2.285278685831,0.443303857261337,0.0410533865906544,-0.0413348374041718,-0.0954289289354524,0.0298884513187347
2.81733360801888,1.56627797956394,-2.33895289556609,0.444017690608997,0.0411144962164904,-0.031146819878928,-0.09478870595158,0.0318606532265881
2.75715337709152,1.56646896762307,-2.38916215252225,0.442336507483219,0.0424916302237097,-0.0391851231330023,-0.0927008871798675,0.0375039400072242
2.74502375289976,1.56702989660546,-2.44246266444629,0.445782429884682,0.0389386583583002,-0.035179658055343,-0.0922391702823415,0.0386255804568063
2.74750767422265,1.5671469766688,-2.50021427095323,0.447610052768365,0.0345832220281705,-0.036568723809606,-0.0923348285351136,0.0383963466932881
2.54237109054776,1.5671261651738,-2.55316136880952,0.471453215529482,0.0296303924809918,-0.0325568203026849,-0.0825774903372751,0.0563999830638027
2.59850539623729,1.56913492909068,-2.60333284641933,0.486644891838776,0.0354402550191431,-0.0364864741632935,-0.0856117326289609,0.0516781504725867
2.51518086140296,1.56858009593658,-2.65205187164943,0.497444986039533,0.0322946023531845,-0.0478240658853162,-0.0810136275832799,0.0586241600860739
2.43427191125611,1.56941611542016,-2.69612378203837,0.515138245339332,0.0319386478720771,-0.0472866994016945,-0.0760105582610224,0.0649799587014928
2.57429268681336,1.57023795141807,-2.74493199571966,0.524933257386903,0.0355272792236487,-0.0439406803410289,-0.0843354929049311,0.0537356923886006
2.81050687773131,1.56883216390071,-2.80602622714399,0.514639782919353,0.0334747633607888,-0.0428004771797621,-0.0945689947851213,0.0325070027122112
2.82388307624308,1.5665560044034,-2.86411528551448,0.5040848682793,0.0369062834263483,-0.0417940733499327,-0.0949953417968425,0.0312391587098801
2.94789580603899,1.56643398774713,-2.92015881827172,0.480287602740521,0.0420864016229752,-0.0430460571510949,-0.0981299343802167,0.0192487916123162
3.01080894808679,1.56533055176579,-2.97758154951081,0.450634987043345,0.0417232681837598,-0.0426937352214312,-0.0991459994228416,0.013041119524255
3.10216553020574,1.56480000061874,-3.03380694548971,0.416945140777961,0.0436968891862568,-0.0376315371934028,-0.0999222851651621,0.00394169092801878
3.26698392740232,1.56407165288036,-3.08406539775217,0.372735085953615,0.0489564286697393,-0.0317037603447652,-0.0992148809321969,-0.012506294479581
3.29409268884463,1.56290263339064,-3.124991804583,0.323743389303614,0.0579130319422196,-0.0338007341054727,-0.0988394387730462,-0.0151909625445281
3.28791380632454,1.56272525586802,-3.16548862687131,0.268454127506383,0.0584345922912393,-0.0407093026310239,-0.0989314145795547,-0.0145799591662071
3.68646416627565,1.56275780207156,-3.19752201442372,0.170220396084666,0.053486001834564,-0.0464029101000474,-0.0855193893869756,-0.0518308213216696
3.61816257003135,1.56093666710128,-3.23100637888274,0.0850714742841976,0.0553729998288377,-0.0392755219720842,-0.0888573642878586,-0.0458733998283842
3.84296516772685,1.56113263058851,-3.24586941093606,-0.0200278776238487,0.0615326948743036,-0.0405726682244643,-0.0763957269276165,-0.064526683683582
3.82668590679458,1.56062147987836,-3.26201087351254,-0.123706087544367,0.0612945419174062,-0.0404036873381823,-0.077436004493888,-0.0632745225823361
4.04280749447789,1.56063094871159,-3.25960516436921,-0.23832062988036,0.0644714983681602,-0.0362063934744175,-0.0620657892248304,-0.0784081488615752
4.14991156731073,1.56059016941358,-3.26203727117928,-0.355884636533978,0.0508962498465158,-0.0329703521852851,-0.0533283566565885,-0.0845936544683328
4.47327829737207,1.56074417567461,-3.23966438808987,-0.482944320251661,0.0460567536075871,-0.0299047853477195,-0.0236838705181798,-0.0971548983699643
4.51493850031761,1.56191736013983,-3.21943042580469,-0.624235561892552,0.0398509611397939,-0.0432342512937547,-0.0196169988546081,-0.0980569903471359
4.82538150078242,1.56213847352877,-3.16298961106705,-0.766409296654864,0.0451655908622799,-0.0428114213504323,0.0112752238753566,-0.0993623134118796
4.84074299355614,1.56425129813731,-3.10528488952434,-0.901652058559959,0.0449045345494286,-0.0360653692546684,0.0128001869932841,-0.099177392650427
4.78303789625304,1.56438136256528,-3.06216782620028,-1.04100743898867,0.0360580474001075,-0.0396048401084439,0.00705901592394792,-0.0997505403202682
4.93938972128796,1.56393314552345,-3.00037557409244,-1.1796797239161,0.0392866296348853,-0.0412377070964283,0.0225056224729615,-0.0974345778309966
5.20977805852726,1.5652216886243,-2.90627677148073,-1.30673517700097,0.0463855418502312,-0.0391723218963094,0.0477132607614773,-0.0878831311885693
5.37844985101873,1.56775387251746,-2.79933058135426,-1.42577230018259,0.0451568299017939,-0.0404109509294601,0.0617893602246782,-0.0786261722521513
5.37581561058626,1.56946678774783,-2.68881603699626,-1.54358424765961,0.0489325185207186,-0.039023280184221,0.0615820258372832,-0.0787886672928041
5.3156435255234,1.56945677590941,-2.58953104509276,-1.66347075341285,0.0425524348730466,-0.0375371464795524,0.0567325570304489,-0.0823493592736875
5.12076555332882,1.56886041469246,-2.5086135455927,-1.78892991607854,0.0412055070389847,-0.0336824899499479,0.0397119924610762,-0.0917766727157366
5.01407344989543,1.56694918572045,-2.44054294513661,-1.92161085583622,0.0383576982732148,-0.0371972058347234,0.0297129021828787,-0.0954837339229603
5.07975269127265,1.56596307539535,-2.37800955166082,-2.04179485886831,0.026617764099246,-0.0268562602838252,0.0359156293765379,-0.0933277427482695
4.90628676873722,1.56658257073505,-2.33488120214365,-2.17115148992638,0.0238598399859065,-0.0312305665265473,0.0192685095312654,-0.0981260645315175
4.8826080519185,1.5650264637729,-2.28546469796623,-2.300920313879,0.032476678320208,-0.0312140559303282,0.0169398258572129,-0.0985547680222895
4.82775575529294,1.56483276507716,-2.23537095652786,-2.42480584196821,0.0385826381435415,-0.0245502649600713,0.0115111032948286,-0.0993352631291415
4.95572336652196,1.56438580492758,-2.17221709355676,-2.5516148891925,0.0390598514810705,-0.029755048799089,0.0240940114900255,-0.097053998425199
4.86630427997578,1.56548360963236,-2.12284688121863,-2.6826651444994,0.0340393811211381,-0.0322324147405544,0.0153308312169986,-0.0988178405663466
4.99054015389351,1.56471955191787,-2.06539205010298,-2.81580978901437,0.0299969958647601,-0.0369881716005853,0.0274578352508821,-0.0961564729143879
5.01694451661847,1.56581482616314,-2.012328057314,-2.93615581900058,0.023077073273674,-0.0249479972078417,0.0299869195153122,-0.095398032778366
5.08641846529414,1.56606574375333,-1.94156827464259,-3.05354246521193,0.0342228541671155,-0.0243003805462614,0.0365369285042923,-0.0930862656650928
4.66544021673428,1.56672898042457,-1.91081134998416,-3.1682141086614,0.0354500764830927,-0.0147818325278797,-0.00469315182466736,-0.0998898109215881
4.65168920594018,1.56319067702175,-1.88166955718036,-3.28327148179513,0.0352080435007149,-0.0152415397079526,-0.00606625069690648,-0.0998158334257761
4.59901496206241,1.56309704417787,-1.86014861282346,-3.40758802871286,0.0328340739271731,-0.0249585422108778,-0.01131312957028,-0.0993580047068481
4.54151483449876,1.56274237340416,-1.85157607664645,-3.54193627452731,0.0255769190957924,-0.0358045957828441,-0.0170043829187763,-0.0985436500316059
4.57999518993775,1.56237757627202,-1.83784564825663,-3.67732886504667,0.0269311644222956,-0.0362677169093493,-0.013200736032482,-0.0991248736100114
4.62418151771557,1.56261836847152,-1.81508353437423,-3.81377768321211,0.0315714262126043,-0.0368375938166361,-0.00880931233019772,-0.0996112243488104
4.73146930535934,1.56291209412817,-1.77617486060306,-3.95175272601759,0.0370007570442628,-0.0379932451932907,0.00190791672690156,-0.0999817976121814
4.85086201405292,1.56369087540322,-1.73096324986481,-4.09140421639299,0.0314085181319292,-0.0406086984392893,0.0138030926063261,-0.0990427919361181
4.69821121504335,1.56465685404003,-1.71008383320527,-4.2259462313702,0.0222971456965002,-0.034552065260355,-0.00141772903696405,-0.0999899497168478
4.46090044371844,1.56344912251074,-1.70506405920543,-4.36323006258777,0.0299043686294844,-0.0404295233623335,-0.024884594629646,-0.096854307855243
4.23648464590012,1.56190988576754,-1.72003893200172,-4.4888630894129,0.0308393750171039,-0.0367451497141698,-0.045814247813393,-0.0888878771109594
4.22961166854773,1.5609032905017,-1.73346352160627,-4.61295640668768,0.0329994956870667,-0.035522417398818,-0.0464240852916182,-0.0885708998759556
4.14422300833938,1.56087310923543,-1.76268481798625,-4.73653527740558,0.0245874108307529,-0.0392899448242297,-0.0538087072107338,-0.0842889258936755
4.12241198175621,1.5606155323743,-1.79682986423785,-4.86096894026204,0.0214891447474379,-0.041338315261763,-0.0556341909990342,-0.0830953475946938
4.04671595498183,1.56055348324905,-1.82406553891248,-4.97940139703765,0.034523186117557,-0.0397823257289875,-0.0617588607921903,-0.0786501310466223
3.92459301780365,1.56040107289675,-1.85859884946601,-5.08561737017855,0.0363467141355827,-0.0356750481393835,-0.0708800246891135,-0.0705409250015242
3.93368542333708,1.56028522466027,-1.89283930035163,-5.19961127953879,0.0359952660732965,-0.0428114391637884,-0.070235716958908,-0.0711824701964477
4.03060172459522,1.56027648716143,-1.92318453114616,-5.31073952432944,0.0326729432405362,-0.0334834784423208,-0.063018174035068,-0.0776447663483243
4.06717286282079,1.56034774093571,-1.94385355058989,-5.4391670041309,0.0394680929530278,-0.0485304979274321,-0.0601371123967616,-0.0798969818740312
4.23955791698231,1.56039433836894,-1.9671950060718,-5.56799925785215,0.0221993998617211,-0.0398039970014246,-0.0455408553436322,-0.0890282567198211
4.38958112900011,1.56083970995143,-1.95977526749692,-5.70308932631126,0.0391428014820434,-0.0402552263398395,-0.0317230629071651,-0.0948348421192762
4.32062092779276,1.56147386600687,-1.96485300118432,-5.84377666939282,0.0331045771021525,-0.0482638009357945,-0.0381823107895523,-0.0924235421457652
4.36874049102224,1.56114720742844,-1.96366788433764,-5.98307855995885,0.0348775663745133,-0.0451487236261148,-0.0336924495278288,-0.0941531669399108
4.19590239250798,1.56136287650347,-1.97780408742844,-6.11245975457438,0.0352466040024719,-0.0424252381571737,-0.0493828070932739,-0.0869559564583617
4.17585342239619,1.56066770294126,-1.98889675375001,-6.24334889626243,0.0400234766973053,-0.044940669200896,-0.0511161430188752,-0.0859484724871472
4.40389143991686,1.56059911591678,-1.98117989586172,-6.37343003691016,0.0380796028897503,-0.0348020573399221,-0.0303627450014615,-0.0952790833078081
4.42185023920332,1.56152530750799,-1.96564649991886,-6.51236192707424,0.0441802388448327,-0.0431229219421638,-0.0286468429019714,-0.0958089682219247
4.6287935257551,1.56161814401621,-1.93538396856491,-6.65812604003766,0.0386123438556787,-0.0461133195336263,-0.00834981250172641,-0.0996507934297867
4.87462948363289,1.56291972638426,-1.88086615493158,-6.79835303270698,0.0383648445511433,-0.0415402073846138,0.0161529690821837,-0.0986867852847078
4.96758318555973,1.56490726222486,-1.80796680104942,-6.93407462846205,0.0476560209725481,-0.0389601667473602,0.0252433329096115,-0.0967614290077122
4.97619428844036,1.56576878240014,-1.73848175331662,-7.06244002239571,0.0434094384050656,-0.0318249226369698,0.02607560932774,-0.0965404712966903
5.06187383222832,1.56586214517098,-1.66395590584936,-7.19179760245546,0.0402844628815604,-0.0354026569228854,0.0342413845856984,-0.0939549231368654
4.93200391571345,1.56670222761336,-1.59594972840802,-7.32327055736316,0.0462207951132694,-0.0338748139580858,0.0217853823280685,-0.0975981409496097
4.68950058471348,1.56547406864137,-1.55841416215606,-7.46120597502765,0.0398242059786131,-0.0379616104537988,-0.00228863972665613,-0.0999738072106968
4.45712884676543,1.56341620625541,-1.54331632004577,-7.5966388874877,0.040347554295515,-0.0386731479162883,-0.0252497121852207,-0.0967597645437582
4.45946480071183,1.56183886423166,-1.52188393695233,-7.72884555883606,0.0464560002406049,-0.0353881886868734,-0.0250236171471621,-0.0968184826614849
4.4779674650685,1.561852481474,-1.49713759354362,-7.860064650306,0.0479743796019818,-0.0339542039996772,-0.0232280361932731,-0.0972648874702685
4.42579555118593,1.56196300602705,-1.4870753153878,-7.99432133898988,0.0383309028172967,-0.0383354456782303,-0.0282686246614837,-0.0959212430056458
4.32551339700997,1.56165870990212,-1.48159893123335,-8.11672908631475,0.0432060604431719,-0.029798506278695,-0.037729676288717,-0.0926092410461755
4.22195459569503,1.56114276222155,-1.48560918628148,-8.23520901512207,0.0430906565161511,-0.0302670945380754,-0.0471009115642852,-0.0882128342692456
4.00925145334227,1.56070828328287,-1.51142290062123,-8.34821954690749,0.0388477082087562,-0.036728814224757,-0.0646614225485006,-0.0762817175606597
4.2129253499042,1.56015767339575,-1.51315840933982,-8.48183748994101,0.0461599673940309,-0.045833984544819,-0.047895476112621,-0.0877839584886974
4.32591950238538,1.56066196505048,-1.50743736461917,-8.62501932603376,0.0434131087885739,-0.0505572804592784,-0.03769206406793,-0.0926245556334769
4.07947615793136,1.56112548808108,-1.51347544668984,-8.76043611449077,0.0531115075268644,-0.0547859875776648,-0.0591495895975343,-0.0806308008793369
4.25730791405423,1.56026054892791,-1.50541117262628,-8.89347224316139,0.0520177871722716,-0.0432135887076406,-0.0439535131087101,-0.0898225399629873
4.49325680155751,1.56081514070274,-1.47851906953423,-9.030872372978,0.0486303667462806,-0.0397914832052599,-0.0217382636542301,-0.0976086466113488
4.52249085184497,1.56204311493859,-1.44494742910644,-9.16881687191945,0.0524475260069188,-0.0397421520061378,-0.0188758855791276,-0.0982023469353135
4.56601605885458,1.56223374631672,-1.41034670798687,-9.30398375127762,0.0491858018263951,-0.0362362196981003,-0.0145850807068242,-0.098930659660064
4.56977291238013,1.56253133960874,-1.38370224601519,-9.43981485611831,0.0408577726288417,-0.0368463494479414,-0.0142133106571616,-0.0989847553927524
4.50514322901728,1.56256029860684,-1.36092821321438,-9.57234213041174,0.0433505700274424,-0.0346671388154878,-0.0205765372266353,-0.0978601354779406
4.61343705510523,1.56212681677327,-1.33572516908884,-9.69525309485493,0.0350820964549161,-0.0234001392779177,-0.00987905232937544,-0.0995108251652727
4.69062947287152,1.56288007826076,-1.29822637953592,-9.81905809585608,0.0396745685981656,-0.0238286738754372,-0.002175779045245,-0.0999763271257065
4.70941862177229,1.563478837065,-1.2585110063523,-9.94074131626088,0.0400124086080691,-0.0216836615559952,-0.000297035424447625,-0.0999995588488101
4.55988871912303,1.5636365954627,-1.23303211024603,-10.065576559757,0.0406698809891868,-0.025995808156388,-0.0151909848829153,-0.0988394353397825
4.57725800157738,1.5625074782384,-1.20247089433709,-10.1972712655812,0.0440332256016411,-0.032606336401539,-0.0134720096927019,-0.0990883694226509
4.53248265468322,1.56263377865582,-1.17958663189452,-10.3223266037564,0.04077800361984,-0.0266692922809995,-0.0178937411772691,-0.0983860458941252
4.3908833911409,1.56232403282656,-1.17533956262939,-10.4478488554073,0.0358466054833215,-0.0306461782141199,-0.0315995362181959,-0.0948760734368519
4.6462792926043,1.56144813549293,-1.1477027367358,-10.579984529807,0.0342429801941062,-0.0323541193638626,-0.00660615430051628,-0.0997815550357769
4.80408793175204,1.5631561565917,-1.0889856270821,-10.715014938793,0.0495600602609763,-0.0354505493435688,0.00915704939272685,-0.0995798596424958
4.76719355026364,1.56447801143511,-1.03468516681997,-10.8539651686608,0.0488227463250297,-0.0391003693269703,0.00547771393710373,-0.0998498605408303
4.6737567628945,1.56416519930851,-1.00793814382717,-10.9993971061877,0.030609283870449,-0.0455065506578975,-0.00386226087764906,-0.0999253868689683
4.72632149585675,1.5633936590479,-0.983625815048878,-11.1391489018929,0.0229191223058134,-0.0397615012975354,0.00139320647247556,-0.0999902944076326
4.70631239386054,1.56382957315335,-0.943793546262815,-11.2755715364059,0.0404399236988624,-0.0364244807524887,-0.000607654912799343,-0.0999981537604918
4.68741002120843,1.56367027756549,-0.899986863309545,-11.407214705689,0.0463043191193044,-0.0316743650811073,-0.00249763616603531,-0.0999688042020215
4.79549607557911,1.5635226717141,-0.84635564216501,-11.5424539774778,0.0453300750417629,-0.0355844125325504,0.00830114610277297,-0.0996548592562371
4.59028193662289,1.56445351515527,-0.817271276253191,-11.6749560736589,0.0412647490363014,-0.0332466768483037,-0.0121803831244825,-0.0992554193328547
4.63177568374222,1.56277867883231,-0.789195508642794,-11.8076386333054,0.0361283690145235,-0.0330073089037661,-0.00805260140412658,-0.0996752507427308
4.61615817526403,1.56309850344937,-0.761098603441992,-11.9394760499165,0.0377051403772928,-0.0323000778039795,-0.00960823517649112,-0.099537338807069
4.72948051398802,1.56298263433564,-0.714003794147722,-12.0692214130566,0.0453857391458499,-0.0297599688105894,0.00170907014841981,-0.0999853943295109
4.5704184220525,1.56390803112553,-0.691626128065691,-12.1940015749698,0.0365270781653866,-0.0257862523141785,-0.014149412083355,-0.0989939095990021
4.25771195868618,1.56264968970749,-0.701494812765958,-12.3079812807911,0.0340485325065796,-0.0241394140096443,-0.0439172172068471,-0.0898402918116733
4.37879834147697,1.56078489522808,-0.700734130337613,-12.4281443353335,0.0335044652935608,-0.0256757819408744,-0.0327437828652155,-0.0944872726015288
4.38875476514085,1.56139739731762,-0.699269599640255,-12.5551686374929,0.033265950850252,-0.0322157072101135,-0.0318014201528936,-0.0948085949492931
4.44208718974922,1.5614523696236,-0.6913250494758,-12.6800068909325,0.0346467783213598,-0.0284692178967685,-0.026702228156905,-0.096369035542837
4.33971288947957,1.5617734834462,-0.689226553233614,-12.8031692404662,0.0385094089292117,-0.0300267202756412,-0.0364109126870252,-0.0931356292580762
4.1454461764263,1.56117587227966,-0.701659364034037,-12.9144165871298,0.0412727566591062,-0.0268926667468836,-0.0537055674595298,-0.0843546799167059
4.0215988884456,1.56031857575162,-0.730744938228443,-13.0141444980043,0.0346290596796361,-0.0226536257315715,-0.0637146338740423,-0.0770742851429499
3.80778098692686,1.55996998210384,-0.762637106140634,-13.1013890120141,0.0467261278623994,-0.0254451323826501,-0.0786182957745906,-0.061799381627157
3.86762324242846,1.55976358817008,-0.78812522091387,-13.20118993724,0.0492934456873471,-0.0334102766744344,-0.0747815604605829,-0.0663906485514352
3.84769703401363,1.55975845888952,-0.81737042100915,-13.2936279338507,0.0468443410627373,-0.027550542304283,-0.0760895411580171,-0.064887454306379
3.867547364729,1.55974253811127,-0.854266617340642,-13.3927669471115,0.0378904014834891,-0.0327540391532768,-0.0747865978149809,-0.0663849741075516
4.01565430399852,1.55973782511205,-0.876990090429559,-13.504967842111,0.0414482069101236,-0.0355067264721498,-0.0641716799990411,-0.0766941685273441
3.88256126897836,1.55991326591208,-0.903526314964525,-13.6103821787961,0.0472452841413133,-0.0379140479638256,-0.0737815086762791,-0.0675002887212503
4.01605535223761,1.55972487284805,-0.929534724047361,-13.7177043319812,0.0381325076951171,-0.0306022548869169,-0.0641409167779528,-0.0767198982981842
3.96485369685996,1.55989595079469,-0.955866062517451,-13.8109260285284,0.0416519901120616,-0.0198850274458007,-0.0679833285821515,-0.0733366691014203
4.13657633672786,1.55979443214161,-0.970581935067053,-13.9168313072816,0.0397357849842539,-0.0220302706052387,-0.0544516575338565,-0.0838750081479317
4.18358738006879,1.56021285168937,-0.983604970562326,-14.0345793585449,0.037426863576508,-0.0314068230832483,-0.0504498990717804,-0.0863412281800946
4.25615828965125,1.56037854979619,-0.985733933480311,-14.1527074940588,0.0419277833065834,-0.0283561849274037,-0.0440567462245688,-0.0897719505864941
4.30255832167261,1.56068598391089,-0.983337275503069,-14.2852121353501,0.042242059562092,-0.0407858102229852,-0.0398454015848498,-0.0917188310683365
4.36447407588608,1.56091069054525,-0.972472062201687,-14.4196024133646,0.0449590514675879,-0.040381713515826,-0.0340938381662064,-0.0940085644986484
4.45330383390504,1.56124764038691,-0.951144501858051,-14.5522141540353,0.0469471942595643,-0.0359492641970682,-0.0256196339159281,-0.0966624764736235
4.03363551921695,1.56179934641212,-0.975601124838817,-14.6633996467391,0.0383257031345199,-0.0333498997687194,-0.0627823261152853,-0.0778355929350703
4.29661721534733,1.5598761953408,-0.976251685072164,-14.7871147861209,0.0397390462689078,-0.0322346513715406,-0.040389606502255,-0.0914804880102473
4.34265313339171,1.56086859404171,-0.972751368492516,-14.9197196074804,0.0396372308076245,-0.0393625378714049,-0.0361369142279767,-0.093242283488125
4.23147679949147,1.56111440438183,-0.990829860106227,-15.0494746555105,0.02818031669959,-0.0410977152627083,-0.0462588083133011,-0.0886573327674213
4.31585693587136,1.56054372420341,-0.995319322564819,-15.1757313711979,0.0341327183888218,-0.0340161218765083,-0.0386221808474142,-0.0922405938109119
4.22308024986333,1.56095883179424,-1.00984700349966,-15.2934736732832,0.0324739036651049,-0.029476504376925,-0.0470015845999467,-0.0882657977083652
4.41080427614805,1.56049571246046,-1.0014821976361,-15.4240271489195,0.0380681819377031,-0.0350667778726503,-0.02970337607414,-0.0954866977636058
4.36646991310093,1.56151151501302,-1.00367440201058,-15.5523044010901,0.0317139402206443,-0.0342008292013158,-0.0339061445951303,-0.094076422969276
4.1100814984385,1.56123776038418,-1.03113283119468,-15.6680998801815,0.0291961123683855,-0.0333924274399298,-0.0566545415524844,-0.0824030516514881
4.21517813421846,1.56003718403138,-1.04747364736004,-15.7845037788898,0.0313567802541979,-0.0285122648869098,-0.0476975964195565,-0.0878916338214116
4.15951003610039,1.5604397536095,-1.0588734607249,-15.8999797995641,0.0411141296393573,-0.0303744003010973,-0.0525139430042177,-0.0851016203732325
4.0925674052665,1.56020217730345,-1.0845828294766,-16.0249168549607,0.0323796247604875,-0.0435388439129003,-0.0580889935121883,-0.0813982114836742
4.1382894419968,1.55995727810443,-1.10264667601458,-16.1402696184156,0.0362440444473364,-0.0313845970063706,-0.0543078909853184,-0.0839681664485225
4.20791642750927,1.56010684711754,-1.11449521463979,-16.2676069647544,0.0364860378535496,-0.0397943927867459,-0.0483345764787597,-0.0875429535520645
4.3356872572938,1.56038329799925,-1.12747627829473,-16.393317568926,0.0238044827741728,-0.0327223061232758,-0.0367855464291127,-0.0929882980482576
4.19124708515418,1.56102930551005,-1.15039616176812,-16.5165308104212,0.0268671937529614,-0.0364881185996371,-0.0497870772263488,-0.0867251228956038
4.267737154769,1.56029770696884,-1.15802129095949,-16.6439543639569,0.0353892296389677,-0.0371475050266188,-0.0430143588303348,-0.0902760485090879
4.5811434627881,1.56065195288424,-1.13941355495378,-16.7764454500941,0.0316946409592589,-0.0333511198333412,-0.0130869049535489,-0.0991399663038917
4.48489003017894,1.56272105484851,-1.12465556992957,-16.9127643716635,0.0373121475151308,-0.0388955683406209,-0.0225541624909236,-0.097423353228746
4.42335798375259,1.5619928922201,-1.11970251780753,-17.0457609162695,0.0334554070677981,-0.0371444931801115,-0.028502354945759,-0.0958520514258614
4.5960754195155,1.56156719338625,-1.1038468588098,-17.1890079828804,0.0274608063517654,-0.0439227465533882,-0.0116051473540374,-0.0993243200575321
4.51488166838311,1.5628532405473,-1.09447989068348,-17.3326647141458,0.0289895397177045,-0.0456008559485834,-0.019622571591378,-0.0980558753167868
4.46827648382294,1.5622198232086,-1.09693716545687,-17.4718630767367,0.0217122481429985,-0.0421631413463146,-0.0241695229163873,-0.0970352212446297
4.63227068929192,1.56187931425619,-1.07477823380792,-17.6155447822595,0.0301621922662374,-0.0440024809096151,-0.00800326061728934,-0.0996792246132149
4.59899614681639,1.5631676613342,-1.05884662414849,-17.7541344700864,0.0272466086730105,-0.0392318959969238,-0.0113149990135802,-0.099357791829945
4.57065540322957,1.56289403071854,-1.03361567289525,-17.8979277182465,0.0393569032462793,-0.0447959881965243,-0.0141259519930393,-0.0989972599635482
4.41351999094596,1.56266893787301,-1.02137177491321,-18.0337744356289,0.0416878502040827,-0.0402797059321056,-0.0294439522220455,-0.0955670114503216
4.57794296235032,1.56151080504864,-1.0037588958362,-18.1749453364482,0.0310170139685688,-0.0420733268439406,-0.0134041348915606,-0.0990975739753948
4.4143539130154,1.56273681176374,-1.00185801842101,-18.3171436018008,0.031265123968474,-0.0466067331733679,-0.0293642465532793,-0.0955915321791539
4.49207359204103,1.56151824497973,-0.986092137467555,-18.4613263067169,0.0376196208436799,-0.0465998475445115,-0.0218537398902265,-0.097582857371622
4.33128559228027,1.56207281106502,-0.979498338046893,-18.6023516915408,0.0437882915132199,-0.0481999047121704,-0.0371944920925574,-0.0928254801117489
4.34796956563514,1.5609903164008,-0.970970899093383,-18.7423484336455,0.0441681285404556,-0.046563657783496,-0.0356406895869458,-0.0934330843211706
4.32843745609337,1.56109124531945,-0.982988564994037,-18.8868110755859,0.0254410545849186,-0.0517434731586643,-0.0374587204855727,-0.0927191687817774
4.25268134310096,1.56096931886463,-1.00071159451894,-19.0101140612674,0.0266455820404659,-0.0336847603712211,-0.0443686115653708,-0.089618225310264
4.23732358799395,1.56053883350817,-1.01111902848006,-19.1336919067367,0.0353322259567026,-0.0346515641425675,-0.045739659917822,-0.0889262813267371
4.16926807064702,1.5604551443807,-1.03316870733197,-19.2549912804441,0.029631352630421,-0.0356893802199085,-0.0516810314823251,-0.0856099934874599
4.15201643157195,1.56012504935533,-1.04701455102805,-19.3739638588218,0.0393043367976045,-0.0342668624342473,-0.0531501804936914,-0.084705715943424
4.19647347195853,1.56004474573712,-1.061888539197,-19.4965601447925,0.0344591521145343,-0.0356121421870963,-0.0493331402834871,-0.0869841437836218
4.0124112293901,1.56023822472656,-1.09408180463489,-19.6099881512485,0.032226801572147,-0.0369423544261842,-0.064420067010028,-0.0764856520297991
4.0910991115697,1.55954179096679,-1.11544226663659,-19.7325876511972,0.0368479853317645,-0.0412866678800743,-0.0582084473334727,-0.0813128320686614
4.14162537559006,1.55978305071844,-1.13406269354292,-19.8532322092891,0.0354070501901873,-0.0364956916789207,-0.0540274770965095,-0.0841488664129597
4.2374552787004,1.55997313380414,-1.14517620132211,-19.9806197290557,0.0346144409772364,-0.0384552157228804,-0.0457279487564278,-0.0889323040437473
4.29750223489269,1.56041878364919,-1.15015122215221,-20.1046150373049,0.0353336078450361,-0.0324791104788922,-0.040308628675143,-0.0915161977702824
4.18857578433106,1.56074815077694,-1.16082787069381,-20.2198719403939,0.0393419196649951,-0.0286650857240591,-0.0500185682065948,-0.0865918173649348
4.33217602211443,1.56016745108592,-1.16257473891249,-20.3475925924647,0.0353649545628372,-0.0348620896770608,-0.0371118227815084,-0.0928585623937497
4.43260944373628,1.56095305447454,-1.156713248341,-20.4814230237619,0.0334758670061657,-0.0377187971725128,-0.0276143764346827,-0.0961116341247179
4.61197563846859,1.56162821741916,-1.1285406982234,-20.6161736387067,0.0381970186211014,-0.0352543334503412,-0.0100244685034969,-0.0994962814944478
4.6669769333671,1.56306718183206,-1.09526042751481,-20.7490323239086,0.0378199147183444,-0.0329617801834274,-0.00453964400975689,-0.0998969050184473
4.63088278137871,1.56356839470796,-1.06186128609254,-20.8770332507883,0.0415407398714756,-0.0283329060571589,-0.00814159844920506,-0.0996680208225883
4.72433857594757,1.56325111000435,-1.01182487894714,-21.0036394261282,0.0488414760275155,-0.0266133148965864,0.00119493111788068,-0.0999928604432513
4.72817809017956,1.56412790450311,-0.962244588696962,-21.1343632326759,0.0480014448725719,-0.0307362710881982,0.00157884537760976,-0.0999875354595442
4.55635955859906,1.56417724265396,-0.940417427941222,-21.2549788291538,0.0373668705464141,-0.0218303879716686,-0.0155397097906741,-0.0987852085062416
4.59504476926226,1.56263394362101,-0.904138471261074,-21.3817329038509,0.0479864664879575,-0.0274417682386652,-0.0117075098078096,-0.0993123064584649
4.84360885398274,1.56297254170573,-0.855453174332686,-21.5082711682596,0.0356009343242931,-0.0273979625368153,0.0130843626040946,-0.0991403018718653
4.86840124587138,1.5653667265541,-0.797237033574796,-21.6372152845673,0.0426781257580711,-0.0301586412120791,0.0155380149998192,-0.0987854750956101
4.99164582094811,1.56564090266366,-0.725184553293972,-21.7532937174009,0.0444883447910112,-0.0199523779124515,0.0275641354898127,-0.0961260549211256
5.10314080332486,1.56698950648071,-0.649706730369385,-21.8628945944577,0.0373894553787864,-0.0171385806453106,0.0380883675458012,-0.0924622964115426
4.96163298093279,1.56826286283831,-0.584242022378462,-21.9879735310815,0.0407975688544706,-0.0281690184170369,0.0246671391364519,-0.0969099182066672
5.01800265163687,1.56669311849106,-0.510440246106799,-22.1128416253168,0.0437139295634399,-0.0295018450669087,0.0300878467082232,-0.0953662491684687
4.99630134558279,1.56733612702902,-0.446777325498948,-22.2380872162187,0.0356515682286425,-0.0292489027408518,0.028011352379209,-0.0959966881610391
5.05666897437696,1.56711144701273,-0.364226409503922,-22.3589807205177,0.0487990150285569,-0.0267616330695617,0.033751900966469,-0.094131871229407
5.16836313963605,1.56780845942332,-0.28454132080211,-22.479944294817,0.035651373258176,-0.0311803247244242,0.0440337154436355,-0.0897832495749009
4.98731569569603,1.56910928228192,-0.21615726869854,-22.606435058619,0.0412364115839683,-0.0302462542743367,0.0271476405196022,-0.0962445095276528
5.12026690838899,1.56706732661915,-0.13810566101851,-22.734720483418,0.0383853841276309,-0.0364889613100079,0.0396662235523986,-0.0917964634890209
5.05370961445304,1.56859276000946,-0.0502208397981318,-22.8600001186791,0.0544116377308583,-0.0310482923486344,0.0334731834895201,-0.0942313429124138
4.99103055677393,1.56785258425871,0.0181517744689188,-22.9998236461757,0.040867626908506,-0.0436805315457232,0.0275049873585446,-0.096142995950856
5.05189948238632,1.56716710087998,0.0959411039993844,-23.1289957100373,0.0444867719620277,-0.0348802844776586,0.0333025575684379,-0.0942917793839998
4.99552571537838,1.56787156474734,0.170981312244732,-23.2573371963121,0.0471033222153796,-0.0323231005408768,0.0279368860299682,-0.0960183857339237
4.94952053888595,1.56725567892128,0.242573381531845,-23.3898051749025,0.0481005266682324,-0.0352663971969864,0.0234915426188806,-0.0972015813934388
4.75605841270181,1.56676413002859,0.29223696597348,-23.5208600623702,0.0452980290517679,-0.0311502232815659,0.00436555538986655,-0.099904664186103
4.6563704411511,1.56473638562487,0.33234996583048,-23.6454886828101,0.0457119243987805,-0.0247854832497154,-0.00559892454178047,-0.0998431371901717
4.71201976855803,1.56377791397877,0.37417787893387,-23.7709758595884,0.0418648342852173,-0.0254871835941657,-3.69211818271241e-05,-0.0999999931841314
4.72757334852915,1.56432392704653,0.424327630846861,-23.8910649109147,0.0486313734476127,-0.0201005793565958,0.0015183784653789,-0.099988471969702
4.58460437639564,1.56449010123106,0.454755058373468,-24.0114409993561,0.0431711399297985,-0.0211914233253037,-0.0127437124031919,-0.0991846651160588
4.47281861315429,1.56315166723277,0.477552242899522,-24.1405622285773,0.046525713113807,-0.0319772282172206,-0.0237285285877528,-0.0971440010039745
4.38240401034113,1.56221035086727,0.49381058866327,-24.2662623881851,0.0486612267020536,-0.0310954382304356,-0.0324028809383057,-0.0946047213774132
4.21104726589987,1.56152410250239,0.485134417220923,-24.3769582712115,0.0393840857532037,-0.0230020310281507,-0.0480602571955509,-0.0876938519982872
4.31139969365544,1.56042304361393,0.479250136176129,-24.492638198461,0.0331486534570722,-0.0236123975542828,-0.039032934501866,-0.092067529695181
4.67272416753088,1.56103239855466,0.507777235920499,-24.6293957048835,0.032492541035797,-0.0368361609783197,-0.00396544129142757,-0.0999213454441254
4.36462236850162,1.56400469600493,0.50221525945963,-24.7523434505516,0.0285179205546022,-0.0289341263387399,-0.0340798970154713,-0.0940136193294082
4.29874202320564,1.56140287148273,0.492353069215061,-24.8797883954792,0.0303329467685103,-0.0358788433369828,-0.0401951370130785,-0.0915661015905987
4.15698299189664,1.56095204683451,0.479660688066632,-25.0025547333881,0.0400364495077117,-0.0377976941770122,-0.0527288306561413,-0.0849686437318849
4.12508715690887,1.56012513954219,0.466627117635919,-25.1123035716388,0.0423781271496253,-0.0265049569664857,-0.0554116975803383,-0.0832438812842429
4.3400065710367,1.55996422488468,0.467764548748625,-25.2348454436008,0.0375209900133004,-0.0293955535069195,-0.0363835589005943,-0.093146318455036
4.19246780817436,1.56122899880607,0.453308946161079,-25.3597590195607,0.0352255702156814,-0.0381277414654875,-0.0496811728032275,-0.0867858344944372
4.22720455711658,1.56030419797818,0.444944656765383,-25.4877487753182,0.0382728612207792,-0.0395308603180489,-0.0466371506164754,-0.0884588954394988
4.54638357726099,1.56049982678059,0.463187191640571,-25.626037005397,0.0347669344654999,-0.0396629583773169,-0.0165243995903112,-0.0986252717014241
4.49181322053409,1.56287525507309,0.473694883560634,-25.761751609279,0.0323868388648592,-0.0381374399092813,-0.0218791469447962,-0.0975771639727658
4.43630175254549,1.56241056261992,0.474917962800866,-25.8975156561086,0.0284823944127321,-0.03955110728233,-0.0272593151725006,-0.0962129395472682
4.48616173034667,1.56196011441193,0.483883257772206,-26.0341264209373,0.0313955459634823,-0.0391588082530152,-0.0224302509921424,-0.0974519565756865
4.39490137163206,1.56237299182728,0.479443382796064,-26.1607667576975,0.026778196981871,-0.0316380631914175,-0.0312180719580127,-0.0950022735687117
4.3679349110427,1.56164405080381,0.466731345791422,-26.2957523990956,0.0210562494887689,-0.0408596469688423,-0.0337682864934114,-0.0941259944292696
4.18489679505261,1.56144227207645,0.444012639108568,-26.4193865760536,0.0276180926734586,-0.0372269629619897,-0.0503367993563126,-0.0864072139960682
4.03318471533943,1.56024937835973,0.407276209753874,-26.5358473322371,0.026080978967066,-0.0386534736724951,-0.0628174083217592,-0.0778072825109409
4.1959718765158,1.55951863427159,0.373832572698884,-26.656530095405,0.0159331278707189,-0.0337233756041737,-0.0493767649257095,-0.0869593875638003
4.11498927811947,1.56029987951781,0.33320449957524,-26.7761990700632,0.015621371731962,-0.0369888685053485,-0.056249444855606,-0.0826801061527871
4.06761072958763,1.55986279862972,0.295727249055521,-26.8886885038995,0.0226248718800637,-0.0325661275794271,-0.0601021223997829,-0.0799233062569456
4.09142963861552,1.55963590332936,0.260122611502768,-26.9968590342049,0.0225769305114571,-0.0268384632125933,-0.0581815680642098,-0.0813320670928123
3.90780119463476,1.55973565013885,0.220516359708508,-27.0925327886949,0.0324482353494648,-0.0263329232110436,-0.0720544871437249,-0.0693408312789426
4.06448305586347,1.55906301604088,0.184881287542397,-27.198907407996,0.024716729881499,-0.0266396834849019,-0.0603518020476094,-0.0797349358161539
3.96204925630217,1.55959855838894,0.139951160421818,-27.2969998988527,0.0232586021807624,-0.0249467651013848,-0.0681887293013421,-0.0731457257552914
4.05989174638433,1.55919975893736,0.114563591415374,-27.4054425819548,0.0353296834110228,-0.0289856805229274,-0.0607172524174662,-0.079457002579217
4.01317939245192,1.55956319087558,0.0867710669791964,-27.5119900163879,0.0365687701206614,-0.030012319858379,-0.0643612945568394,-0.0765351145747347
3.58687556219076,1.55936489357044,0.0315172009937441,-27.5806462630323,0.0349950189185293,-0.0255849247052051,-0.0902488849039816,-0.0430713219391729
3.4186557447715,1.55878950875277,-0.030957977753395,-27.6408257441666,0.0337111136256993,-0.032826288275551,-0.0961862923728384,-0.0273531928587296
3.48568105582211,1.55915259096714,-0.0813161818219088,-27.7060256401614,0.0437801320192932,-0.0314660305386099,-0.0941383360878071,-0.0337338654562308
3.46711529169587,1.5589508405829,-0.131424570663957,-27.7620384626962,0.0446399825637158,-0.0240324204742368,-0.0947483714057643,-0.0319804020605643
3.5410653427967,1.55898713875812,-0.190985675962608,-27.8234308527667,0.032565515744821,-0.0224991297917381,-0.0921266210434721,-0.0388932602787744
3.67178722941127,1.55881078622872,-0.239804854187443,-27.8952608815727,0.0374516907369049,-0.0212599075030617,-0.08627086896174,-0.050570121302863
3.49064704550394,1.5586701349665,-0.304083219093591,-27.9405493702326,0.0296912890695324,-0.0110875510749917,-0.0939696539756805,-0.0342009375849681
3.52549064757983,1.5588915092001,-0.363097579643635,-27.9913431229938,0.033706813275483,-0.0133399956142597,-0.0927211738255267,-0.0374537571468665
3.62552499701323,1.55880454071265,-0.421998996760893,-28.0574820503056,0.0296158024046136,-0.0196125708231367,-0.0885172195218711,-0.0465263564887353
3.61210793171326,1.55865622552263,-0.479400521510845,-28.1267258927279,0.0317319559950029,-0.0239092793352658,-0.0891334807449549,-0.0453345630869953
3.53350165607783,1.5586544702612,-0.535719044859781,-28.1907804353833,0.0360996360860248,-0.0258592051565234,-0.0924181594349609,-0.0381953374988904
3.55786645382384,1.55875066950524,-0.594645221312865,-28.2553230731928,0.0325340230256295,-0.0241071099742616,-0.091460199478714,-0.0404355278352323
3.35501084415857,1.55869620179218,-0.655173431585182,-28.3023291344157,0.0372030544060813,-0.0258258840669185,-0.0977312646783983,-0.0211801771560311
3.15596646105737,1.55924738207546,-0.721437246544792,-28.3243576894439,0.0337258549011921,-0.0205912237762416,-0.0999896698608021,-0.00143733125193975
3.33271372072716,1.56025240452146,-0.779471710904149,-28.3785709316687,0.0401447250980063,-0.0352172753503446,-0.0981791894573625,-0.0189959668744533
3.39642658158002,1.55931823692276,-0.830717195004021,-28.4359162645926,0.0455250332247594,-0.0321368625870626,-0.0967705173246316,-0.0252084703368369
3.18862011764414,1.55906056359103,-0.882904374539448,-28.4731758197589,0.0477022617238703,-0.0325585419876386,-0.0998894412592977,-0.00470101317859314
3.22685221878716,1.5600248007993,-0.929213964952959,-28.5089410153149,0.053327170031821,-0.0272495647538129,-0.0996367604453321,-0.00851563080220739
3.14985511018611,1.55980108213908,-0.982445019167658,-28.5400005315993,0.0467655323952698,-0.0302332800258274,-0.0999965866099686,-0.000826236258615031
3.07609985808562,1.56024339898795,-1.0313433908852,-28.5711533263509,0.0508872396173068,-0.0376973933283793,-0.0997856113348437,0.00654459857680483
2.74592875306014,1.56072639359248,-1.07864483176017,-28.5620904245802,0.0449726477860004,-0.029479186415994,-0.0922740886609739,0.0385420881866399
2.92797606734723,1.56355000174101,-1.13774631254969,-28.5690222785514,0.0386255799099899,-0.0281314201703626,-0.0977270606995155,0.0211995661991751
3.00838327628344,1.56187012782477,-1.2041101668229,-28.5914574089625,0.032750220023118,-0.0357167069884756,-0.0991140742963269,0.013281576577432
2.99417618551494,1.56121330995983,-1.27072330857867,-28.6200638145899,0.0323022438292639,-0.0432947171220839,-0.0989153855850356,0.0146883114946453
3.07974903934826,1.56131652434562,-1.32479115739872,-28.6567191425063,0.0457409804902902,-0.042835747942549,-0.0998088293103354,0.00618042002620727
3.20305961267968,1.56067086586091,-1.38684374418775,-28.704418033077,0.0377585633283957,-0.0415560644917488,-0.0998111501174281,-0.0061428260789504
3.12850784961009,1.55987224447659,-1.45144324226169,-28.7398178091899,0.0353919414434394,-0.0367082191732813,-0.0999914395173799,0.00130844306034446
3.11138622734319,1.56032037945711,-1.50445971008436,-28.7727496614829,0.0469379142367501,-0.0359520355853427,-0.0999543820594199,0.00302018329237112
3.10388744807218,1.56042579378451,-1.56369937517246,-28.8006134698483,0.0406892592069354,-0.0316334355668886,-0.099928924295033,0.00376962720140501
2.94719985871848,1.56046875316099,-1.61517039631623,-28.8270007129257,0.0466454933283238,-0.0457043232875591,-0.098116514472096,0.0193170802101914
2.85924951880152,1.56165106251428,-1.66350676289889,-28.8424569958769,0.0477041596311807,-0.0433169599811478,-0.0960405262138388,0.0278606770299817
3.00467449391048,1.56241514844103,-1.71758416363506,-28.8663401044488,0.0449867335364225,-0.0375321854939443,-0.0990641342725874,0.0136490769220039
2.94178090860565,1.56117613735056,-1.76771790236287,-28.8904750129369,0.0478766573694145,-0.0439833909707747,-0.0980103960972285,0.019848482482658
2.87603443021376,1.56168053840023,-1.81887574512953,-28.9094217949792,0.0453367718978548,-0.0451915784931334,-0.0964946146645199,0.0262447964508363
2.88919395711798,1.56224815743602,-1.87539824604577,-28.920893500551,0.0403091178677109,-0.0364444427801338,-0.0968316187839507,0.0249727372083966
3.15922883439878,1.56212682407939,-1.92914292419772,-28.967986843522,0.0462397705074657,-0.0453298163132096,-0.099984448659414,-0.00176352665786553
3.07607522929256,1.56005871830131,-1.99220561630064,-28.9970038580085,0.0367227580161043,-0.035564070660401,-0.0997854501190159,0.00654705617399104
2.95637646232325,1.56060775996593,-2.05391759305296,-29.0203277608327,0.0365776692502671,-0.0417398059703054,-0.0982896460025919,0.0184159031460629
2.86467868706512,1.56152676568626,-2.10258675257537,-29.0310305965135,0.0475212108164129,-0.0380416844875864,-0.0961903703388237,0.0273388488067794
2.95984005788099,1.5623236290238,-2.15197133871394,-29.048654441476,0.0489682554118218,-0.0356992027449508,-0.098352841550393,0.0180753577824421
2.70587391947464,1.56148937365137,-2.19377609041669,-29.0520773888512,0.0488519409031092,-0.0456291564653917,-0.0906566926058596,0.042206209090212
2.55561311675668,1.56387051600834,-2.2303801201279,-29.0459644022158,0.0467130489257066,-0.0491885902626468,-0.0833170786369144,0.0553015768980435
2.3472775787355,1.56550262185156,-2.25327004411587,-29.0191881939428,0.0471874304997115,-0.0445621712152278,-0.0700773544876791,0.0713383794882401
2.49807409710206,1.56795861860061,-2.29204039951163,-29.0147438367322,0.0412285977303952,-0.0555570385958273,-0.0799989531261562,0.0600013958064232
2.49826752253924,1.56616739734948,-2.33664796724213,-29.0132061020764,0.0354029896952817,-0.0584481861957826,-0.0800105574257827,0.0599859208516093
2.43518207596528,1.5661665506017,-2.36987405772202,-29.00181876563,0.0428435787546135,-0.0535234132223668,-0.0760696692345068,0.0649107496687008
2.21384127353362,1.56690977672325,-2.39253593444816,-28.9771253409638,0.0373016240682489,-0.0553339367327617,-0.0599635007943861,0.0800273613989719
2.30977010028038,1.56961554634187,-2.41627887244899,-28.9513027835277,0.0436100340677754,-0.0480934567524116,-0.0673529720686013,0.073916014188579
2.37873615084602,1.56843497757259,-2.44817325470325,-28.9377803823891,0.0403921327689432,-0.0555765116300044,-0.0722865150232105,0.0690989127685752
2.35067808426606,1.56759869691457,-2.48166443574975,-28.919235981026,0.0368283543604733,-0.052555267694828,-0.0703195354069712,0.071099669057934
2.57256158517077,1.56794322407247,-2.53104313626888,-28.9061111163472,0.0348636441223071,-0.0407567404319806,-0.0842423446414335,0.0538816051107792
2.4124656614752,1.56533809293396,-2.56756846492495,-28.8790136634154,0.038050301419549,-0.0395244308514719,-0.0745756300756191,0.0666218837832166
2.42306415761876,1.56720680292283,-2.60646392505131,-28.8525628975905,0.0363820600777203,-0.0393770015071127,-0.075277520204079,0.065827767332065
2.49127361715285,1.56708554513941,-2.65433224576925,-28.8339067372512,0.0317207474343917,-0.0418878751278164,-0.0795890681523364,0.0605440354671107
2.42283234600968,1.56628416828986,-2.69490498429798,-28.8168523226068,0.0346895200122397,-0.0487908011218856,-0.0752622585409684,0.065845215766314
2.38537831879835,1.56709717300338,-2.73658355725822,-28.8012841012289,0.0310653106954426,-0.0530490314867436,-0.0727438836556863,0.0686172528646257
2.32590678809433,1.56755179742563,-2.77179400600185,-28.7821834552514,0.0333264622861194,-0.0537189381088297,-0.0685369110297449,0.072819584086294
2.38534330958745,1.56828113191936,-2.8123812962739,-28.7590840599519,0.0321541911031815,-0.0455204042290518,-0.0727414813752306,0.0686197995285397
2.37877491413967,1.56756197965034,-2.84757286299861,-28.7337442034328,0.0370976267456342,-0.0437562541341201,-0.0722891934703479,0.0690961106532532
2.63650698077282,1.56764698888226,-2.90066100936163,-28.7239547601297,0.0344251558437954,-0.0385987984179756,-0.0875133022068148,0.0483882417210907
2.67776111235194,1.56466114656901,-2.95559329703931,-28.7109349446184,0.0345022042096836,-0.0317179946815926,-0.0894344918873609,0.0447378101928289
2.69169588422834,1.56421745524738,-2.9970505254475,-28.708835597018,0.0485919715242638,-0.0413879102059695,-0.0900491999324592,0.0434872578064424
2.69411010623311,1.5640695193035,-3.04047861695856,-28.7114104031888,0.0467258337898322,-0.0458445386964712,-0.0901539253008887,0.0432697325256556
2.59454675247,1.5640434680255,-3.08432112287533,-28.7171647475293,0.0415639810543453,-0.0577709953597285,-0.0854064869711166,0.0520166510191928
2.65444246490302,1.56512879966587,-3.12332352627895,-28.7163187347027,0.0493646434841502,-0.0459649370071276,-0.0883670468877696,0.0468109498337166
2.90598254073955,1.5644681624206,-3.17655290079427,-28.7252370331719,0.0440078354687472,-0.0322619270327209,-0.0972372099840667,0.0233436285635829
2.99667468872789,1.56196151934935,-3.2298620045483,-28.7462597483103,0.0456426718458971,-0.0354638406354582,-0.0989517755999236,0.0144411254970783
2.9775992043361,1.56118153481564,-3.28340858540129,-28.7709808526335,0.0451117375402781,-0.041047041105319,-0.0986583183932695,0.0163259367820733
2.93798187697007,1.56133194857617,-3.33245955250138,-28.7913819673905,0.0488833168920486,-0.0406217977065602,-0.0979342839921428,0.0202206829495525
2.71506782422018,1.56166335315137,-3.37294417594357,-28.8045673332548,0.0505562720808115,-0.0545563139120979,-0.0910408955229995,0.041370948047758
2.75323069509385,1.56380668672136,-3.41570611669529,-28.8157522846592,0.0497911175616501,-0.0490522380360332,-0.0925530583133696,0.0378672866316298
2.88711150400679,1.5634091535092,-3.46713009806215,-28.8416961471671,0.0453554229399238,-0.051118192727813,-0.0967794043067897,0.025174330219947
2.96630354002799,1.56210454862471,-3.5120503189053,-28.8654472325064,0.0535473952295398,-0.041190368150346,-0.098467616072684,0.0174392828110135
3.07431674801772,1.56140183804943,-3.55867770269345,-28.9111579676783,0.0531463991800578,-0.0524332519784139,-0.0997737829682037,0.00672251680650795
2.86907417349942,1.56053654841353,-3.60965458772808,-28.9296981261558,0.0453327232443463,-0.0454559410807782,-0.0963096082789804,0.0269157826033232
2.8744478136348,1.56225311041356,-3.6657110601661,-28.9482653844642,0.0403963803593754,-0.0449651216167588,-0.0964528527973918,0.0263978633083184
2.95764154089589,1.56219847936751,-3.71439286100555,-28.976726237806,0.0496310640688513,-0.0467523976592652,-0.0983128649083098,0.018291544317537
2.9700522547399,1.56144946833836,-3.76517383126013,-29.0023617337974,0.0477513286859264,-0.042705530130231,-0.098532298940506,0.0170700341387696
2.95096454440024,1.56133779764321,-3.81275499038672,-29.0269945872523,0.0506073826141069,-0.0435804198114553,-0.0981885417406892,0.0189475663565784
3.02097544975316,1.5614948343963,-3.86393625972746,-29.0582830124047,0.0480921866516901,-0.0433209201271012,-0.0992734559924386,0.0120324949747489
3.36426481837402,1.56090656304854,-3.9207360597794,-29.1158189994328,0.040731281981305,-0.0354523270636591,-0.0975310820332383,-0.0220836599644565
3.17201161836721,1.55879050190722,-3.98733519569991,-29.1503557352905,0.0333546019759972,-0.0314953084761989,-0.099953737896504,-0.0030414273815072
3.33463482234697,1.55979859915687,-4.05448153599227,-29.203225332373,0.0309961748331666,-0.0336850531777166,-0.0981425151255317,-0.0191845439047891
3.28692729951364,1.55889496426933,-4.12622293205592,-29.2474265017719,0.0272043536027873,-0.0297188138257631,-0.0989457496664327,-0.0144823555731668
3.37457059773786,1.5591121741765,-4.18207793107722,-29.3020636411545,0.041443318415638,-0.0315495361302141,-0.0972983174369424,-0.0230876032523949
3.31925265481904,1.55869787891197,-4.24183274337169,-29.3530202491343,0.0386711804879631,-0.0332839187448926,-0.098425992782435,-0.0176726892348633
3.12775734670963,1.55892840025605,-4.30334375991616,-29.386626736389,0.0384794128223689,-0.0349899738049047,-0.0999904293668422,0.0013834865501854
3.13501109482381,1.56003550307973,-4.37396436201054,-29.4224775676565,0.029377232067656,-0.0365089823925473,-0.0999978341620286,0.000658151125061533
3.05935311273597,1.55997538482495,-4.4464864412137,-29.4365790541741,0.0271399442448654,-0.0223161735015971,-0.0996620234480279,0.00821468698397818
3.09531893176668,1.56051642562046,-4.50775249592622,-29.4565387896676,0.0386269015236422,-0.0245854564535222,-0.099892956236164,0.00462572096000371
3.04479689627471,1.56024122637057,-4.57834256548787,-29.4860077559063,0.0289418251674469,-0.039133433716863,-0.0995318947290956,0.00966446747815081
3.06809354198689,1.5606135332249,-4.64266540671867,-29.5122501795232,0.0354071743723772,-0.0335857190481086,-0.0997300156031775,0.00734329543120556
2.87819319101891,1.56042641458305,-4.70387970240981,-29.5152707136333,0.0353367503229514,-0.0290569607770408,-0.0965510460140912,0.0260364266669765
2.9240283402218,1.56204087945367,-4.76897342396577,-29.5246333693111,0.0325488877432889,-0.0309478554506342,-0.0976426092992459,0.0215851997728725
3.06402014909676,1.5616149247663,-4.82742207151792,-29.5527178606014,0.0412506286208725,-0.035833964212749,-0.0996992761730217,0.0077494729224342
2.82639792195492,1.56043989602499,-4.88044100281578,-29.557985710584,0.0420546716840562,-0.0362680115311314,-0.0950736029819187,0.0310001615485548
2.75332213256772,1.56252869991719,-4.9285007699964,-29.5648774581676,0.044496753234867,-0.0447505712391099,-0.0925565204154872,0.0378588236554903
2.81827527681896,1.56327028681565,-4.97589368860838,-29.5761831055189,0.0474257474917898,-0.043077026897997,-0.094818666103768,0.0317713795467266
2.64904820984261,1.56260415802031,-5.02070969770883,-29.5648089947145,0.043297243160378,-0.0359128300568869,-0.0881132522608323,0.0472869408612879
2.65504825918963,1.56440081769949,-5.06799209160907,-29.5553425357795,0.0411129945769879,-0.0372909500604628,-0.0883953884772292,0.046757408995364
2.73169789064567,1.56433555842618,-5.11554278958124,-29.5621428939708,0.0441655786488475,-0.0466516392594585,-0.0917162766210168,0.0398512810682056
2.53369869399215,1.56349743710155,-5.1555988392002,-29.5489806458875,0.0420292185044886,-0.0439517498252577,-0.0820852681234507,0.0571139979085795
2.57617875286277,1.56573902605234,-5.20290064327799,-29.5399447160706,0.0371348878311473,-0.0445406047806216,-0.0844366919089328,0.0535765345974893
2.53420261766122,1.56524115430688,-5.25641285854245,-29.5252747951774,0.0286018235308241,-0.0424027050559133,-0.0821140387952858,0.0570726259491036
2.59372088400657,1.565739611282,-5.30663843060885,-29.5006478513682,0.0351379268718297,-0.0274602239868678,-0.0853634989382322,0.0520871677961322
2.73195169582727,1.56504557590746,-5.36199194535847,-29.4929376945953,0.0363728733788768,-0.0321178449458479,-0.0917263881284899,0.0398280017186605
2.62819557744022,1.56350472023357,-5.40613012888283,-29.4837536313101,0.0429699264523506,-0.0399298571069338,-0.0871081099767133,0.0491139203921334
2.59366959381467,1.56465355009088,-5.44928439734215,-29.4674525542827,0.0422065588058018,-0.0357904690104647,-0.0853608272651195,0.0520915460378596
2.578667019536,1.56505415992897,-5.50037949209885,-29.4452442506188,0.033474648326635,-0.031157964285164,-0.0845697430833408,0.0533662679491243
2.56839365688363,1.56523372189332,-5.54577507153037,-29.4274132119166,0.0386214594818242,-0.0364012134383032,-0.0840170389133379,0.0542322521405359
2.62324810217966,1.56535821991689,-5.59341927012821,-29.4102050145877,0.0392198563713677,-0.0323360854321884,-0.086864054969216,0.0495442827610313
2.80887761071093,1.5647247202944,-5.64469804336622,-29.4079623209589,0.0432371334659045,-0.0304183440145209,-0.0945159067039106,0.0326610376433093
2.8590719036385,1.56271343096453,-5.69536152909694,-29.4264580464102,0.0453720904895469,-0.0463734602954382,-0.09603557622027,0.0278777348441497
2.73006270718895,1.56220989840552,-5.73923412923639,-29.4136184305681,0.0477783897384754,-0.0271615848198223,-0.0916509898779181,0.040001200661952
3.07996048116278,1.56353633880199,-5.80263882790639,-29.4377856549768,0.0364054352084331,-0.0303265405369508,-0.0998101338784418,0.00615931612823378
3.34910339346728,1.56027595727339,-5.85812900572984,-29.4969714546776,0.0423645016728038,-0.0385833313854,-0.0978546794962461,-0.0206024683153973
3.40279636797461,1.55860985590108,-5.91226678115562,-29.5549128434396,0.0424702072278222,-0.032117026473653,-0.0966079826536054,-0.0258243622883642
3.50207383431896,1.55836884995194,-5.96186799262125,-29.6173749127924,0.0439715093109356,-0.027189616553617,-0.0935727207765658,-0.0352724527991866
3.66078035814496,1.55802927848758,-6.0093134930313,-29.7011191318666,0.0393767502701436,-0.0341267142313626,-0.0868222506801964,-0.0496175048427985
3.39993129147883,1.55775532283602,-6.06315567007571,-29.762839211833,0.0428393977704538,-0.0361726125514998,-0.0966815748148606,-0.0255474674149616
3.29821846512802,1.55833646993716,-6.12306668035062,-29.8099127941964,0.0388649129402019,-0.0314749608537426,-0.0987759232151162,-0.0155986215096552
3.37555071682133,1.55878854748429,-6.17710656390536,-29.8751936245864,0.0432357585512833,-0.0420978743045239,-0.0972756421060221,-0.0231829560854757
3.18941590113761,1.55840903318355,-6.24003283475395,-29.9145688374978,0.0369593977938507,-0.0345947108610858,-0.0998856686424426,-0.00478050205022093
3.34930522214474,1.55939775906638,-6.30012356126298,-29.9731376115087,0.0377597928252733,-0.037946556234786,-0.0978505193342958,-0.0206222177761899
3.58892008810519,1.55849853641875,-6.3457448142069,-30.048254388746,0.0445393829635385,-0.0318610292636272,-0.0901606359074641,-0.0432557479736703
3.63785751216165,1.55774953665549,-6.39053690031514,-30.1261230706094,0.0431446297141598,-0.0302542511687882,-0.0879367158223956,-0.047614430694604
3.37480410512965,1.55767653900984,-6.44826230944524,-30.1883556285596,0.0395675145282439,-0.0391222354510887,-0.0972929236583436,-0.0231103224990851
3.24319337009115,1.55834085036958,-6.50325846322141,-30.2299085906337,0.0444881547841192,-0.0314103613089074,-0.0994843085602867,-0.0101426007651721
3.09872214530265,1.55899623656853,-6.55794550874262,-30.2533314716225,0.0452210745280688,-0.0277086187570106,-0.099908120049284,0.00428573776820942
2.86945681006704,1.55995538387259,-6.60498568245688,-30.2612356203065,0.0492797264767653,-0.0347830777399238,-0.0963199001910187,0.0268789290559019
2.60786525765257,1.56194190495433,-6.65296379539998,-30.2439369295346,0.0381135628835203,-0.0335758937803874,-0.0860916758266267,0.0508745845522401
2.65057983691493,1.56477619168517,-6.69082082350869,-30.227654656509,0.0503285467309951,-0.0308696557810393,-0.0881855748397019,0.047151928806692
2.980359753431,1.56428328880376,-6.73274577528245,-30.2441493041558,0.0567780591931815,-0.032548171436364,-0.0987030109669389,0.0160535237895095
2.79684980105683,1.56091051729442,-6.78574335056262,-30.2486225983251,0.0411186635108507,-0.0382687612592143,-0.0941162387910245,0.0337954670899937
2.76663514745701,1.56267379621041,-6.83264787669415,-30.2417261305231,0.046147792409311,-0.029726830986867,-0.0930523185408405,0.0366232987888032
2.85038148120119,1.56299319763672,-6.88188798279188,-30.2571859766568,0.0465495774338223,-0.0441711074944529,-0.0957896835315511,0.02871126136075
2.82518633390495,1.56212345290284,-6.93278539223792,-30.2596898477513,0.0441385643383612,-0.0336191999028195,-0.0950359737843983,0.0311153288083406
2.82090193147274,1.56237646782482,-6.98608609828634,-30.2631301027152,0.0416010853096047,-0.0349624693061052,-0.0949017913580317,0.0315222143422162
2.86132497799744,1.56241861611015,-7.04610858739064,-30.274126424607,0.0360756539176812,-0.0386576108662808,-0.0960981430219806,0.0276612889744306
2.76654744928412,1.56200707331471,-7.10167210087313,-30.2707836426092,0.0374855929041331,-0.0332886771684002,-0.0930491063866242,0.0366314591662779
2.89913452348072,1.56298599291468,-7.16279708233467,-30.2944109516464,0.0359500922235512,-0.0476362671369266,-0.097075073685086,0.0240089580997411
3.0526656023027,1.56163057980626,-7.230126029077,-30.3279385515887,0.0322759127364058,-0.0424085890888648,-0.0996048594787401,0.00888098914651019
3.1208563913266,1.56025945807369,-7.30447755544511,-30.3651237213251,0.0256269747736368,-0.039258647358551,-0.0999785011417466,0.00207347762220137
3.11226684273262,1.55972053478758,-7.37806667057127,-30.4019745434988,0.0263678877963258,-0.0397829829393714,-0.0999570029224796,0.00293216076561332
3.22953426340092,1.5597731183183,-7.44137428668155,-30.442569616093,0.0363059466992119,-0.0318122425036584,-0.0996135628094945,-0.00878283009051768
3.21633809376741,1.55896189871275,-7.50803503403655,-30.4862795654163,0.0330600386345665,-0.0362423632594151,-0.0997207859895708,-0.00746758606393158
3.18615310374891,1.5590314111148,-7.57784310665811,-30.5249263613841,0.0300926621195217,-0.0341922254843752,-0.0999007347410822,-0.0044545704834408
3.23163688620751,1.55921522025484,-7.64571998122686,-30.5770508724363,0.0317180010786764,-0.0431322507815324,-0.0995948756474185,-0.00899226027065787
3.31082321370382,1.5589099317686,-7.71569761352964,-30.6314939109093,0.0285938327764548,-0.0376006433899398,-0.0985714650792417,-0.0168423950829989
3.04703556087632,1.55844642205834,-7.78385659807925,-30.6575322663017,0.0313942962547813,-0.0354799803099191,-0.0995532808043877,0.0094416249174984
2.87011629866547,1.56021675648176,-7.84144733903679,-30.6686758611701,0.0387468646334632,-0.037958996207724,-0.0963376055910084,0.0268154013393666
2.87539585092261,1.5618274942059,-7.90427212438551,-30.6898746417544,0.0336530502589767,-0.0475051911425197,-0.0964778356076894,0.0263064105581826
3.0859430300821,1.56176926012517,-7.97221250694292,-30.728158959669,0.0319048133697528,-0.0438464083728292,-0.0998451959271703,0.00556209045817993
2.90892402587942,1.55988001779025,-8.03516424028878,-30.7389997484459,0.0343537208115805,-0.0338982949563054,-0.0973054541574325,0.0230575061794595
3.11474348471452,1.56142763350853,-8.09507225867697,-30.776229132144,0.0400559398835618,-0.0399139780144111,-0.0999639582717538,0.00268459431629387
3.123622809922,1.55964184896468,-8.17332586878907,-30.812799572528,0.0217302445582952,-0.0383673280400743,-0.0999838546703992,0.00179688765605584
3.31594333835058,1.55956348683879,-8.24229990160394,-30.8709614661251,0.0295099054229944,-0.0408150232982969,-0.0984839382378591,-0.0173468702987471
3.23242073025177,1.55832997843347,-8.31147892622844,-30.9240291893419,0.0304087718978643,-0.0439973988665514,-0.0995877965223665,-0.00907032435030443
3.30052407055783,1.55879035683061,-8.38979249410777,-30.9841529410585,0.020426128563976,-0.0442974335635178,-0.0987396964433092,-0.0158263181531002
3.36435940163991,1.55837901993473,-8.46662729941682,-31.0418841927152,0.0206941875432491,-0.0356383669826918,-0.0975289928523031,-0.0220928846739265
3.51285550146582,1.55804436506215,-8.53097524382635,-31.119063409247,0.028839049292138,-0.0408999634407294,-0.09318699370166,-0.0362792530910821
3.64118654041855,1.55748907952152,-8.58002942549821,-31.2054084399294,0.0387235373823316,-0.0384381205583253,-0.0877777190541952,-0.0479069101241437
3.64110637267643,1.55724413286584,-8.62752336165991,-31.2906690980387,0.0402876231992373,-0.0373607850805442,-0.08778155936094,-0.0478998730286602
3.44815253814732,1.55722782007271,-8.68830341525717,-31.3648659185626,0.0345576833629408,-0.044018750484458,-0.0953377369601987,-0.0301780700394833
3.54198539785278,1.55763445024289,-8.74154300768473,-31.445305540487,0.0388512056875463,-0.0414616165556794,-0.0920907981151042,-0.0389780053687091
3.41948559166739,1.55734859816587,-8.80316072762937,-31.5122854579622,0.0345458403494696,-0.0395469141477989,-0.0961635602941124,-0.0274330033273904
3.78136873573821,1.55770505080685,-8.84767872097531,-31.6138270394194,0.0357049527035755,-0.0418399991738667,-0.080222946049516,-0.059701582283357
3.98479653468318,1.55717094537786,-8.87700776354525,-31.7284024409459,0.037178323050874,-0.0398976249247553,-0.0665073656208148,-0.0746777766017392
3.96466274685013,1.55765075427752,-8.90828888264483,-31.8357533867926,0.0367162118807727,-0.0340272594994708,-0.0679973309803513,-0.0733236863472409
4.23737124409048,1.55756554984218,-8.9172485960098,-31.956803299971,0.0367757086214624,-0.0321214521790267,-0.0457354219864371,-0.088928460999404
4.44808565338532,1.55900633891813,-8.89949569782054,-32.083122953173,0.0438765832648755,-0.0297921800242804,-0.0261236850756183,-0.0965274731776913
4.47158623588933,1.56073847316222,-8.88456893728948,-32.2097728896741,0.0387749891278801,-0.0295352517577818,-0.0238482285968204,-0.0971146847433167
4.09662532171393,1.56096835459759,-8.90439906114977,-32.3229993366404,0.0379280851512895,-0.0315931860258232,-0.0577582090115782,-0.0816332609404699
4.26951761257206,1.55813259596391,-8.90708734041272,-32.4490642663986,0.0401652787789288,-0.0357124391276535,-0.042853558041873,-0.0903524906305954
4.4919258686268,1.5592405099318,-8.87939698895593,-32.5869927973549,0.0495585063813735,-0.0403489029584421,-0.0218681549245864,-0.0975796279978269
4.66136629382025,1.56118334971192,-8.8399360914293,-32.7259889436365,0.0445609526695172,-0.0391262837727666,-0.00510005514288672,-0.0998698625088646
4.63333996515999,1.56300037218315,-8.79569584764199,-32.8608136437353,0.0521369152602134,-0.0351369747779238,-0.0078966714729068,-0.0996877253208688
4.77448941586101,1.56270275831702,-8.74605149196204,-32.9977754496615,0.0434383028310634,-0.0371545671704574,0.00620605284889011,-0.0998072387556974
4.69862091558315,1.56437373740879,-8.70755327889859,-33.1320793009743,0.0398749760461996,-0.0343133291435329,-0.00137676298274973,-0.0999905221693003
4.64641496513918,1.56348561937976,-8.67299255009231,-33.2666596457432,0.0411533454295281,-0.0347978943777463,-0.00659261662325247,-0.0997824503911325
4.48555521645043,1.56290163313971,-8.6666491197067,-33.4021608860366,0.0288327832144262,-0.0380629059000697,-0.0224893528288112,-0.0974383343933036
4.41424366013069,1.56119831946781,-8.66431205745211,-33.539951923546,0.0317118478715521,-0.0422027434042036,-0.0293747856169633,-0.0955882941052797
4.46872796378561,1.5605203685569,-8.65672835292315,-33.6743163330735,0.03170941552548,-0.0373182861173973,-0.0241257109965237,-0.0970461234100168
4.19766292124595,1.56104711859434,-8.67254539995693,-33.7971009091092,0.0334125951482633,-0.0357418145295654,-0.0492296421820404,-0.0870427615062175
4.2175014584556,1.55877000855402,-8.68131825061433,-33.918662776356,0.0387204164509392,-0.0335596537554217,-0.0474932671083329,-0.0880022134913466
4.25718934809121,1.55890716695579,-8.68603877592977,-34.0386660132453,0.0392436373802454,-0.0301859089482441,-0.04396416269569,-0.0898173279410321
4.36667675897774,1.55919982593963,-8.6845771301433,-34.171658839657,0.0353483303362054,-0.0389093921088559,-0.0338866845497316,-0.0940834343028941
4.13114111864301,1.5601067851959,-8.68979450642849,-34.2973843112918,0.0496893536728074,-0.0421476575611983,-0.0549067299580025,-0.0835778140735865
4.01100815122511,1.55832875391586,-8.70268335087243,-34.4097567398191,0.0516384744696019,-0.0359772381431078,-0.0645273189135411,-0.0763951903841477
4.06783308116092,1.55767420759054,-8.70801280972855,-34.5387448198523,0.0547548909851905,-0.0490514119506358,-0.0600843498413089,-0.0799366680825965
4.22124064706389,1.55795454460923,-8.70888132313255,-34.6771479231222,0.0462953655830098,-0.0502239191111471,-0.0471638789870108,-0.0881791841587265
4.28993893854273,1.55893121869155,-8.70971661696806,-34.8168389960038,0.0401643394743338,-0.0484823558176366,-0.0409996333098405,-0.091208717063988
4.34358859119623,1.55946464243114,-8.70450207861168,-34.9559246685691,0.0412642125639096,-0.0458096253209526,-0.0360496742075302,-0.0932760472443538
4.23780416580935,1.55992322251009,-8.71787393158167,-35.0858441050318,0.0323250656695606,-0.0409711839399911,-0.0456969186395535,-0.0889482525227451
4.12231198572275,1.55905628963493,-8.72848166993531,-35.2016329701042,0.0450347615723885,-0.0326990810915859,-0.0556424999260294,-0.083089783980835
4.30391259477677,1.55825498620175,-8.72551771639997,-35.3193175742177,0.0426851062727636,-0.0259118956146764,-0.0397211527374216,-0.0917727084988257
4.51959666598647,1.55958822219154,-8.69750636275225,-35.4528180696034,0.0471713756187455,-0.0353531899816169,-0.0191600219710229,-0.0981473054040197
4.59562149447274,1.56166107315296,-8.6740295145426,-35.579221275,0.0351270801627628,-0.0270841634387367,-0.01165023195311,-0.0993190419579183
4.54692873716511,1.56250947472729,-8.64421789939236,-35.7116747804403,0.0462822457440311,-0.0338192399549015,-0.0164706305937892,-0.0986342654853927
4.43528394268839,1.56198348892651,-8.63273631784062,-35.8437792460992,0.0388388090661174,-0.0359193207417512,-0.0273572275143812,-0.0961851449171148
4.25235982888807,1.56083051204116,-8.64470362536932,-35.9745084350422,0.0324301152761173,-0.0411252334037258,-0.0443974228048231,-0.0896039555393051
4.19557624240648,1.55919631379392,-8.65680145666848,-36.1001126786534,0.0373133338611247,-0.0386643979850376,-0.0494111651602755,-0.0869398456261798
3.98276486850529,1.55876255810634,-8.68159110143486,-36.2195570124109,0.041869303802919,-0.0449018319505115,-0.0666589485693047,-0.0745425018069208
3.69925984043003,1.55748340242499,-8.72366368108336,-36.3204120772391,0.0427766166169938,-0.0479342381802468,-0.0848491962654878,-0.0529208266479346
3.83767201349509,1.55670750955986,-8.75738866296103,-36.439705871317,0.0430112229384108,-0.0551723868068095,-0.0767362048160841,-0.0641214072710822
3.97388420622539,1.55692800676054,-8.78692344538514,-36.5613732382945,0.0377835156774218,-0.0477197724208942,-0.0673182981015317,-0.0739475945566406
3.83611448975523,1.55741015029446,-8.82487448745099,-36.6735242669957,0.0388849402475131,-0.0481492176178904,-0.0768359823133614,-0.0640018110832875
3.89265144205638,1.55689658674046,-8.870236894456,-36.7937849220003,0.0277342677577401,-0.0520193468501695,-0.0730966747627524,-0.0682413081544339
3.87451201176903,1.55705635857652,-8.91584042467168,-36.9069518162443,0.0287189096201139,-0.0462626721287158,-0.0743224398357931,-0.0669042221153113
3.94123836265448,1.55698022688483,-8.94536041927788,-37.02539467879,0.0401760872314156,-0.0467319416446159,-0.0696960818376215,-0.0717109209010982
3.80795813156198,1.55721838483034,-8.98998527884499,-37.1344238941716,0.0339824875450994,-0.0472159079148717,-0.078607347112209,-0.0618133074667639
3.76718569357932,1.55676421231932,-9.02815664733432,-37.2309601192425,0.04289023059453,-0.0379784147124873,-0.0810615990838526,-0.0585578103583864
4.10958618873175,1.55666448661297,-9.04925845153185,-37.3504929497189,0.0355935454350487,-0.0371578504761025,-0.0566953496325863,-0.0823749800002331
3.9643648905796,1.5580921826641,-9.08608841199942,-37.4450395421643,0.0311892074159132,-0.0212431627818539,-0.0680191678834801,-0.0733034296635495
3.76325348207433,1.55727658764404,-9.13399993325063,-37.5333020208124,0.0333797122367905,-0.0300238715391394,-0.0812912334879958,-0.0582386071090316
3.96709090054879,1.55661505672955,-9.16570679198276,-37.6434908003278,0.0361122307892998,-0.0367002015152735,-0.0678190895214346,-0.0734885780001466
4.11868427901668,1.5572665478247,-9.19209507644543,-37.758581654538,0.0295552740344078,-0.0322034711974837,-0.0559435584970758,-0.0828873830126411
4.01147990291247,1.55812164653305,-9.22792396281547,-37.8609107297119,0.0286623858046013,-0.0259034524201702,-0.0644912721746419,-0.0764256227537353
4.0137323001264,1.55746942461345,-9.26060354746807,-37.9768999270531,0.03163938321633,-0.0394185086132914,-0.0643189678689345,-0.0765706887279654
3.95974825670659,1.55747214870213,-9.29220005538668,-38.083777919227,0.0367603490036821,-0.0338893621572787,-0.0683568569222885,-0.0729886300166387
4.01281591570895,1.55719219612949,-9.32501857696821,-38.2011020723099,0.0315705874573133,-0.0408124373970331,-0.0643891090388381,-0.0765117156857995
3.8976791601334,1.55744912091529,-9.36572649494466,-38.3195381695238,0.0320447363080909,-0.0498281436330821,-0.0727526542845475,-0.0686079535808577
3.87502683007529,1.55690403156203,-9.40110592350277,-38.4313308143966,0.0389085579117641,-0.0448501690726069,-0.0742879864698723,-0.066942475800138
3.93104395923351,1.55680779307672,-9.4338678574503,-38.5425555185878,0.0376615637037148,-0.0402280072358607,-0.0704234976512451,-0.0709966969553167
3.91756292214166,1.55701789534097,-9.48360679273788,-38.6487626082325,0.0216352432498041,-0.0361661970311467,-0.071374178537383,-0.0700408926136281
3.86067548618475,1.55694605366678,-9.53756331730492,-38.7542911683678,0.0212844933306258,-0.0396590738330076,-0.0752410178976641,-0.0658694863022583
3.9391000250903,1.55671404239743,-9.57589047809086,-38.8564044907738,0.0315221037485784,-0.0305515990897618,-0.0698492645345151,-0.0715617233162207
3.71227527627497,1.55701316675669,-9.62998209482047,-38.9386245151358,0.0300616246664767,-0.0281993619954086,-0.0841532413960899,-0.0540206623666484
4.06008990883542,1.55633162286153,-9.66555069036315,-39.0459382092472,0.0251329102883631,-0.0278446612127716,-0.0607015058310483,-0.0794690328986279
4.01619610716003,1.55763950288934,-9.6911301473417,-39.1568268894068,0.0385506604607251,-0.0341597544716166,-0.064130117439277,-0.0767289256879343
3.87005839156343,1.55737307437394,-9.73062323247659,-39.2541352571475,0.0351265826296938,-0.0307358119635879,-0.0746196677645796,-0.0665725557771652
3.84482205986214,1.55668298800982,-9.76393809022302,-39.362065172286,0.0429609184505537,-0.0432614841574193,-0.076275776196981,-0.0646684309810286
3.79786853218135,1.55658319447621,-9.80152913434076,-39.4668900996465,0.0416359628409779,-0.0438078693491697,-0.079227006958725,-0.0610170580113639
4.10661589853902,1.55642982369015,-9.81908518143841,-39.5798450741864,0.0393837296696873,-0.0307487593144344,-0.0569397767673371,-0.0822062152254063
4.14268944206601,1.55791076307603,-9.83556723903728,-39.6859388161376,0.0374558489408408,-0.0218874343602558,-0.0539379065397035,-0.0842063075910244
4.35690237673173,1.55816625933158,-9.83525114695699,-39.8192176865692,0.0351207507075522,-0.0395311465240731,-0.0348046586272658,-0.0937477239075141
4.34980992103887,1.56003507828906,-9.8387741967342,-39.953205461352,0.0319456294693339,-0.0404892571875664,-0.0354686792465402,-0.0934985175952328
4.25853100335897,1.55997182072354,-9.84298357746949,-40.0826122571876,0.039634238536788,-0.0395305639990688,-0.0438436192720794,-0.0898762318364814
4.13102237724483,1.55911945554293,-9.85559392161161,-40.2041572417488,0.0423063095752774,-0.0379736907786636,-0.0549166537174002,-0.0835712937825133
3.91165420253302,1.5580824735431,-9.88598147765327,-40.3201352225954,0.0413992261446303,-0.0463600384514748,-0.071786782186287,-0.0696179423951799
4.03416682310928,1.5567750681334,-9.91384344554776,-40.4444953703141,0.0348789950080359,-0.0464912092768586,-0.0627409629025251,-0.0778689384418715
4.02346013766194,1.55741594014654,-9.94891161110724,-40.5668791736973,0.028502903582929,-0.0451910629985548,-0.0635710691424114,-0.0771927403846421
4.13966450379297,1.55734220203535,-9.96054445253916,-40.6908085861097,0.0425595368294722,-0.0398866486645701,-0.0541923782613914,-0.0840427637478342
4.00402744174696,1.55813170982947,-9.97991105298105,-40.8029095870205,0.0456924345584291,-0.036158114707824,-0.0650590350003243,-0.0759428862028998
4.35833374711556,1.55721796111801,-9.97654834242107,-40.939825204694,0.0380331458632632,-0.0431181714615754,-0.0346704353032798,-0.0937974462119364
4.46286468487913,1.56008972911996,-9.95810555613297,-41.0795791773297,0.0431370878166071,-0.0428509723105748,-0.0246943015285071,-0.0969030003251663
4.56465307062045,1.56122799884794,-9.93145531318869,-41.2182608782953,0.0413701513868467,-0.0397710124863337,-0.0147199084425666,-0.0989106884792663
4.34163832993026,1.56244423682358,-9.9231424265778,-41.3633974526052,0.0445444048072936,-0.0519310106927584,-0.0362315181964073,-0.0932055636171115
4.20794692297743,1.55995912006774,-9.92063084922042,-41.510754961028,0.0508434841503167,-0.0598130809258777,-0.0483319067929326,-0.087544427496896
4.04249214575886,1.55871531503672,-9.93880884966729,-41.6404318876968,0.0439125116007979,-0.05128835407276,-0.0620905120476652,-0.07838857259613
4.00470803731016,1.55746024961245,-9.96547511410662,-41.7589375755687,0.0383410691055701,-0.0425185403705868,-0.0650073335449002,-0.0759871475012854
4.14707067087577,1.55721685601077,-9.98599562100827,-41.8923332712244,0.033047956044836,-0.0489538826863409,-0.0535684629464866,-0.0844418129693512
3.89533203664568,1.55820984740181,-10.0230934479072,-42.0069658113085,0.0358156581804181,-0.0461955347902787,-0.072913485079306,-0.0684370052938454
3.96732681449423,1.55661901366332,-10.0521090253294,-42.1230372117612,0.0387861732317631,-0.042566825028679,-0.067801750653966,-0.0735045754239654
3.85005675623237,1.55697673386163,-10.0966166090532,-42.2317992662967,0.0314286293644273,-0.0436952308708207,-0.0759362130882948,-0.0650668236646687
3.83778209718237,1.55640191061459,-10.1329724042719,-42.3537567022857,0.0403733504115458,-0.0578275817021066,-0.0767291456301914,-0.0641298542869145
3.7955956813052,1.55634135683303,-10.1758374132344,-42.4600724175924,0.036500475913158,-0.0454788859149176,-0.0793654848757113,-0.0608368293917693
3.7158753999182,1.55617852619457,-10.2258129965942,-42.5602045003648,0.0339826320427328,-0.0458088090637929,-0.083958215402515,-0.05432327370865
3.9077567094874,1.55595052632401,-10.2604872127977,-42.6803242365077,0.0373833555060408,-0.0507821102870274,-0.072057571709526,-0.0693376258558549
3.84740236817632,1.55660765997063,-10.3026876436585,-42.7893448028382,0.0339082271096451,-0.044155535829205,-0.0761086579704445,-0.0648650305013256
3.63151809106562,1.55632509360693,-10.3546915852232,-42.882322516177,0.0362328531564593,-0.045921703548963,-0.0882367947211558,-0.0470560097897879
3.56326234242251,1.55577489729339,-10.4145678854456,-42.9642112009878,0.0313643832547932,-0.0409602389739447,-0.0912406834771622,-0.0409284458368541
3.4543007335879,1.55573027696847,-10.4755531829567,-43.0282781732054,0.0341650980531725,-0.033303321199643,-0.0951503955642949,-0.0307636510180151
3.23959762235025,1.5558159519327,-10.5383356364389,-43.0789617458096,0.0367376820976091,-0.0408987571147428,-0.0995201355798783,-0.00978481548945304
3.40123360277377,1.55652026426117,-10.6061118328848,-43.151270258371,0.0288720256364066,-0.0466351573395727,-0.0966482220822187,-0.0256733552218276
3.4439959454852,1.55589087340083,-10.6778175936806,-43.2234043940932,0.0237565901613053,-0.0423526053762622,-0.0954623509571071,-0.0297815303458723
3.21307057753755,1.5557722514375,-10.7481118325886,-43.2737040809636,0.0294504151547095,-0.0431579793777992,-0.0997446540627082,-0.00714170749265694
3.13238933009963,1.55659053502143,-10.8206949678537,-43.3107273409192,0.0274126297066104,-0.0379435793123903,-0.0999957649717296,0.000920319356867505
3.36702875903288,1.55704733955067,-10.8877548472884,-43.37479681305,0.0304097922128719,-0.0417163267389924,-0.0974696716476065,-0.0223531453918185
3.25964908390375,1.55590461796188,-10.9550160228782,-43.4273697327681,0.0320427673677806,-0.0407946807550346,-0.0993039429576104,-0.0117782389630904
3.47427745986278,1.55629952464109,-11.0181670168374,-43.4948032632972,0.0313659002604645,-0.0347753507409969,-0.0945168942196275,-0.0326581797881595
3.46931109071723,1.55562166484873,-11.0801211311428,-43.5601397025619,0.0327238062051514,-0.033148066087314,-0.0946779205105231,-0.0321883731773301
3.47803653780361,1.55560893409911,-11.1329096637885,-43.6330208724171,0.0416049294272298,-0.0398679252723717,-0.0943934620729314,-0.0330132445828347
3.64090560729149,1.55557716710898,-11.1886014407386,-43.717496874994,0.0320993972781025,-0.0365937540120633,-0.0877911742282282,-0.0478822485648793
3.54328887296146,1.5555364748038,-11.2412035833317,-43.7886433085718,0.0394377704432891,-0.0320484232926823,-0.0920399130364046,-0.0390980102850655
3.57928634074015,1.55548118060871,-11.2992434956364,-43.8595742732762,0.0325332482742482,-0.0285457953317341,-0.090573160578885,-0.0423851693726888
3.65702606069992,1.55545902926127,-11.3657505723356,-43.9408178308548,0.0205008405467701,-0.031952358196687,-0.0870079172460549,-0.049291199381874
3.69392772647643,1.55550003631292,-11.4308636165556,-44.0322227074619,0.0200171243970431,-0.0389372257045935,-0.0851301686170399,-0.0524676509025738
3.62022032476358,1.55554134311062,-11.4963699971309,-44.1224846520064,0.0232563994469039,-0.0442057953053805,-0.0887627800221704,-0.0460561492391166
3.66573362479975,1.55541436067654,-11.555140059069,-44.2141395439699,0.0278053559315907,-0.041607943797807,-0.0865754178696517,-0.0500469481656493
3.7290511198561,1.55544984344722,-11.6057872529945,-44.3077191297967,0.0325880064945814,-0.0381548493724715,-0.0832352004200677,-0.055424736454323
3.75198471029095,1.55556371809087,-11.6534550578394,-44.4021861815636,0.0342745309882133,-0.0371481753106018,-0.0819423358331211,-0.057318876456295
3.62625312324151,1.55561051949458,-11.7051463239911,-44.4853867644519,0.0367920528481491,-0.0366097870295192,-0.0884833189999099,-0.0465907958588409
3.66472119249531,1.55534304803791,-11.7535524522301,-44.5776757079568,0.0382199143983613,-0.0423296727236036,-0.0866260426373297,-0.0499592707812627
3.46933902836009,1.55537614684428,-11.8095009218689,-44.6606769944853,0.038728551567516,-0.0508102682858436,-0.0946770212063006,-0.032191018242698
3.40647870961154,1.55532984834911,-11.8688874040628,-44.7339471034777,0.0371257515660588,-0.0470901789952549,-0.096512233760021,-0.0261799299970618
3.3102708660942,1.55542517307967,-11.9304771999928,-44.7968217225946,0.0369909569689924,-0.0460866723134643,-0.0985807528989536,-0.0167879468034493
3.49868126723925,1.55569960504285,-11.9851389845041,-44.8811865979598,0.039030061710271,-0.0494100766733325,-0.0936918462215757,-0.0349547986919194
3.52257282898767,1.55523398866001,-12.0386085121905,-44.9685553798566,0.0393605345547918,-0.0501857273651254,-0.0928300622411672,-0.0371830545316146
3.42532053890926,1.5551961920776,-12.0978478435475,-45.0422692677637,0.0367625227013519,-0.0457202454618049,-0.0960018540583777,-0.0279936424452759
3.14849262306717,1.5552974661546,-12.152859276602,-45.080514680458,0.0449861864759917,-0.0375554212216791,-0.099997619530505,-0.000689991472673405
3.17397837856565,1.5564212914463,-12.2050087216712,-45.1273820863987,0.0477981177551534,-0.0436293995348755,-0.0999475628242927,-0.00323800640581117
3.10695722343119,1.55625146903846,-12.2660143321166,-45.1582556794203,0.0389344148992983,-0.0343364435938192,-0.0999400253447775,0.00346285057217686
3.13992137983266,1.55665750719926,-12.3230827341985,-45.1873899502956,0.0429314582603801,-0.0293013981732244,-0.0999998603422339,0.000167127297911535
2.98557949801221,1.55642712262516,-12.3825630909026,-45.2082082841738,0.0393051045611941,-0.0363564368060665,-0.0987854612653252,0.0155381029278654
3.01736942044672,1.5575555939409,-12.442912481252,-45.2379325832554,0.0388800307597137,-0.0421146980402902,-0.0992294211090854,0.0123903989587018
2.77035396579404,1.55727893131964,-12.4974977241293,-45.231800013728,0.038602627306787,-0.0301444321477753,-0.0931878701841295,0.0362770016752464
2.9530149182218,1.55965066910262,-12.5607625517068,-45.2415488713193,0.034962357336223,-0.0284950610453265,-0.098227184913655,0.0187462034539962
3.000493143571,1.55780753194681,-12.6262514905361,-45.2646759910443,0.0335172580350687,-0.0371902979735346,-0.0990061968643915,0.0140631782485095
3.11719299342296,1.55738516956188,-12.690481634814,-45.3024954965289,0.0357400900280211,-0.0402592294054784,-0.0999702343059653,0.00243972392093932
3.08303214953597,1.55649269942672,-12.7499016081878,-45.3241293606751,0.0404086089902655,-0.027486568067971,-0.0998285823639901,0.00585270392178282
3.16704355697031,1.55671578432745,-12.8106991079604,-45.3560849920612,0.0391701145514212,-0.0294108158022297,-0.0999676143240601,-0.00254481558388245
3.01502668229025,1.55614684080979,-12.8695495749419,-45.3867422489715,0.0403496543873594,-0.0432800902056272,-0.0992001213688757,0.0126228332952762
2.89845790934301,1.5572059261687,-12.9330716418661,-45.4037396744789,0.0335367397408213,-0.0410720604736561,-0.0970588066650352,0.0240746349662736
2.90475834825083,1.55823264870905,-12.9959078339454,-45.4199123714466,0.0343723679550081,-0.0396353450717442,-0.0972085600343279,0.0234626481040073
2.68545713328438,1.55816072332456,-13.0390231758676,-45.4175304060665,0.0466608011572234,-0.0416662370099701,-0.0897761430793329,0.0440482023900992
2.89801222752908,1.56054989489229,-13.0989374291125,-45.4366953237606,0.0371338141539184,-0.0432828076129397,-0.097048067398903,0.0241178899188543
3.00404168328936,1.55820959893493,-13.1577452379756,-45.4681173103632,0.0402476682942208,-0.045133749623897,-0.0990554771572391,0.0137117630212781
2.81935671230999,1.55723779854342,-13.2042735869998,-45.4821941682479,0.0483246203248946,-0.045745678602259,-0.0948529693491732,0.0316688207176209
2.74781628409352,1.55898993962965,-13.2526542543288,-45.4865622938031,0.0439660063005682,-0.0427359749810385,-0.0923466736295336,0.0383678494257941
2.91946712500094,1.55977880000534,-13.3083332073876,-45.5194843861225,0.0418641861300664,-0.0549524349675181,-0.0975431391888141,0.0220303426480763
2.96674008221045,1.55795954909292,-13.3571038871736,-45.5642477746343,0.0497045398865446,-0.0621596843944516,-0.0984752196725798,0.0173962958826629
3.12138447610159,1.55750998629894,-13.4124939628122,-45.6135113389894,0.0445895065344146,-0.0512842445663253,-0.0999795821729809,0.00202068021125715
2.70647233877551,1.55628519097489,-13.470236128376,-45.6141899238282,0.0329397678183128,-0.0428305356605314,-0.0906819333821512,0.0421519508217008
2.6214500543525,1.56021628152319,-13.5269799147927,-45.6064743602716,0.0300310451959227,-0.0419848247578152,-0.0867748316125852,0.0497003883144536
2.55875937427126,1.56127251596245,-13.5910052359197,-45.5989930719056,0.019465337849855,-0.0475578782666517,-0.0834906589768518,0.0550391666325994
2.3739375184662,1.56209698212638,-13.6333440818618,-45.577268118667,0.0296152578088318,-0.0477200390458989,-0.0719541037509374,0.0694449922845365
2.37869878925399,1.56472467961195,-13.6666469308516,-45.5634208913825,0.0389810843375074,-0.0552543861750934,-0.0722839333273706,0.0691016134596309
2.15827290462195,1.56465783828829,-13.6860435717443,-45.5303972458802,0.0360296030719027,-0.0502105510756259,-0.0554262439646209,0.083234196577935
2.44279841946719,1.56805612661603,-13.7328857354518,-45.5245188731775,0.0297196769735244,-0.0584511271519013,-0.0765618406810148,0.0643294998545372
2.43647033641507,1.56373044767781,-13.7804210815716,-45.5053246216391,0.0286178819200344,-0.0456184467476746,-0.0761532280397684,0.0648126982860845
2.35490870945779,1.5638263473419,-13.8176558985536,-45.4794000758663,0.0333848842834321,-0.0448769922979082,-0.0706197012654811,0.0708015380706819
2.14312566110096,1.56503563061321,-13.8323962117241,-45.4358825400729,0.0394188520112486,-0.0405466350928982,-0.0541591651817664,0.0840641708863779
2.20932592771815,1.56832914096926,-13.8501043710473,-45.4029044916391,0.0418933802103574,-0.047319252176127,-0.059601539533544,0.0802973006098673
2.20310911132978,1.56729356008894,-13.8750056322883,-45.3689282116476,0.034199936173259,-0.0466899983669151,-0.059101197414244,0.0806662783584476
2.35155626331409,1.56740101403003,-13.911538221062,-45.3439183327487,0.0338493577497658,-0.0460280096083174,-0.0703819465234778,0.0710378885072347
2.31015919375461,1.56512226136182,-13.9462963679855,-45.3174724913144,0.0326235802847741,-0.0474439605578247,-0.0673817272082285,0.0738898019921279
2.04060486339517,1.56575731362107,-13.9668061132559,-45.2790826275168,0.0247618121679416,-0.0507756345025001,-0.0452715574383556,0.089165498300103
2.15696923395781,1.57001719259187,-13.9902895314623,-45.2413706420431,0.0318342687085966,-0.0455943979215014,-0.0553176869149967,0.0833063833951181
1.97408834571778,1.56816850636721,-13.9867033407984,-45.1974755320638,0.0428310283555327,-0.0480822933029685,-0.0392448376916234,0.0919774032823179
1.87912881631357,1.57110785301809,-13.9729881542655,-45.1471895314816,0.0440622052177027,-0.0449980928276581,-0.0303470186848303,0.0952840934098791
1.85595931040835,1.57263995618315,-13.9619767597311,-45.0942861536738,0.0391427802027806,-0.0430582037776333,-0.0281313856684161,0.095961581585418
1.88321776874189,1.57301932462275,-13.9710964788741,-45.0378847109111,0.0216166568876943,-0.0387577669256771,-0.0307363760306495,0.0951592096883035
1.9891598120716,1.572598670378,-13.9810128742779,-44.9934089925323,0.0307101670165792,-0.0468997839502556,-0.0406265624204149,0.0913755023291261
2.03340693375756,1.57091282518699,-13.9874508652024,-44.9448636956344,0.0381905923140913,-0.0409437502426186,-0.0446285832385421,0.0894890471405329
1.96071987313967,1.57021478662585,-13.9801775410833,-44.8929165025136,0.0452850942524492,-0.0405466192740676,-0.0380117701333725,0.0924938123948173
2.05334725549516,1.57139236807658,-13.9961528604391,-44.8387889502674,0.0304287137882646,-0.0344538549900726,-0.0464040331440532,0.0885814072363135
2.16717425977885,1.56992132975256,-14.0051444865418,-44.787293214184,0.0471733094123898,-0.0312418008547297,-0.0561649355151085,0.0827375369381014
2.06194793602735,1.56812104366738,-14.0209149337049,-44.7437175916044,0.0313937206908399,-0.0446034070739181,-0.0471641678539743,0.0881790296535528
1.94231573592382,1.56980871626795,-14.0149265291967,-44.6980732959577,0.0422915645769173,-0.0475333871375163,-0.0363031600686614,0.0931776827841793
1.88584946102846,1.57173581111722,-14.0139394950574,-44.6532399791642,0.0319737332019727,-0.0502446747776588,-0.03098669906271,0.0950779915711152
1.90425747005723,1.57264721319526,-14.0161947498824,-44.6067999937226,0.0304762920753774,-0.0480515265449242,-0.0327315469003614,0.0944915119865771
1.89666392649987,1.57236446767975,-14.014252616411,-44.5588039299794,0.0339552181781748,-0.0467412700147207,-0.0320130847067989,0.0947373337578978
1.94147411373337,1.57249582094226,-14.008807941175,-44.5102381014851,0.0416694020512232,-0.0446423748312128,-0.0362247268151629,0.093208203325495
2.03603010137178,1.57179102054842,-14.0172492475614,-44.4677219932082,0.0364218678084995,-0.0468555628563756,-0.0448631741948765,0.089371671133308
2.17929034561042,1.57028882338749,-14.0363115246995,-44.4466122051694,0.0381009665067182,-0.0609411935274835,-0.0571632436448644,0.0820509815663279
2.07487008984348,1.56801631805875,-14.0424645233535,-44.418859364581,0.0421466627430185,-0.0598093813394485,-0.0482996613969925,0.0875622219278147
2.05480534659712,1.56968196316776,-14.0581591253406,-44.3757623727523,0.0308385415447034,-0.0454166599604555,-0.0465331435318114,0.0885136517891327
2.17482880897601,1.57001431942823,-14.0857449984986,-44.3314353331787,0.029210729316091,-0.0379781604285405,-0.0567966024741087,0.0823052000021752
2.1809351559385,1.56811849507913,-14.1093717075639,-44.2913325130504,0.0336714154958599,-0.0418540277965391,-0.05729812456119,0.0819568479248095
2.09948154570275,1.56803366787953,-14.1190084260787,-44.250121910128,0.0408031317016402,-0.0451364961031935,-0.0504398502164322,0.0863470990256412
2.03669517853996,1.56933664022978,-14.1212788640471,-44.2079516104331,0.042652165357989,-0.0471715142019775,-0.0449226033263365,0.0893418138968793
1.94856325291561,1.57034984168002,-14.1065876260932,-44.1663057336283,0.0515758149115619,-0.0513031844204939,-0.0368845769577044,0.092949061225228
1.74531909335826,1.57176714505013,-14.0749862186677,-44.1073391617144,0.0489652247609307,-0.039514379785107,-0.0173638173354413,0.0984809516990033
1.64871805638609,1.57497607979846,-14.0329139670209,-44.0461762013468,0.0498565415854983,-0.0385336034154662,-0.00778428993867847,0.0996965637830642
1.71313709894953,1.57644753459139,-14.0095861024886,-43.9847232887895,0.0375139245588088,-0.0375357519498856,-0.014186060026542,0.098988664507222
1.72767714563931,1.57548218094735,-13.9886055059039,-43.9284660475068,0.0366044061689976,-0.0425147009583426,-0.0156238095842979,0.0987719422410717
1.8427240201347,1.57526713997739,-13.9761472206699,-43.8730597397057,0.0393171647029504,-0.0409191851573496,-0.0268588794689147,0.0963254929583769
1.89380248644889,1.57349067746643,-13.9698742277145,-43.812516013856,0.0380148617721225,-0.0342848234591173,-0.0317418688166895,0.0948285493088663
1.88876585329419,1.57269754235447,-13.9594436443652,-43.7572616292338,0.0416944349620323,-0.0397328333723692,-0.0312638516127313,0.0949872179945129
1.92901231393392,1.57278753709417,-13.9541835390047,-43.7072228976715,0.0403205075203239,-0.0436136480143539,-0.035060402159898,0.0936523795767423
2.13196985551867,1.57216079801032,-13.9642944087815,-43.6499487312568,0.0431071412367885,-0.027388950134192,-0.0532180110135088,0.0846631165488612
2.06910634204419,1.56895218672755,-13.9754747052241,-43.596016306656,0.036613878910515,-0.0339067284137222,-0.0477941753531972,0.0878391530145176
2.1033355299169,1.56996204249195,-13.9910857070634,-43.5511790658861,0.0351612533139516,-0.0413148230861218,-0.050772255153222,0.0861520638560454
2.17403090272102,1.56943104501028,-14.0036207202734,-43.5125441504776,0.0441958993572484,-0.0437155767533248,-0.0567309125672754,0.0823504921617604
2.11991449795628,1.56832563542783,-14.0143282809322,-43.4725546957687,0.0414859638504197,-0.0453090564112024,-0.0521935245092356,0.0852985111200882
2.04751852749019,1.56918927847203,-14.0181318250469,-43.4230010748117,0.042083386759181,-0.0392967565040614,-0.0458869308738286,0.088850377461103
2.08773602586276,1.57034939157331,-14.0287859144967,-43.3752032777647,0.0387681132897271,-0.0391357745831051,-0.0494222027395488,0.08693357163013
2.06758461593135,1.56972317880336,-14.019486229751,-43.330204453475,0.0569601376803242,-0.0429129566390642,-0.0476604529346235,0.0879117809287614
1.96464948432356,1.57005239936008,-14.0040879323099,-43.2875032322305,0.0537732378731732,-0.0496425059211134,-0.0383749404320367,0.0923437271656155
1.84565730728481,1.57169419984485,-13.9913765380256,-43.2288809100404,0.039852708129569,-0.0376239716749325,-0.0271413138453059,0.0962462938650139
1.95821863949454,1.57357954634489,-13.9896346950937,-43.17614046474,0.039522145767009,-0.0398481539853321,-0.0377803028350885,0.0925885992857058
2.07628276785668,1.57181872286008,-13.9882690935772,-43.1402492743877,0.0497889119031925,-0.0516027123563561,-0.0484233103867312,0.0874939027086476
2.36878318154571,1.56995550372989,-14.0145429313072,-43.1231860250667,0.0453213689111891,-0.0527516945377506,-0.0715952066411587,0.0698149438588171
2.29572512971984,1.56543058406785,-14.0373565569943,-43.0990512767428,0.0434945893142391,-0.0507199150134809,-0.0663082150013145,0.0748546633372928
2.38951700859531,1.56654132145984,-14.0731771901415,-43.0843451862534,0.0372066122169024,-0.0536095112023851,-0.0730272453641661,0.0683156016918675
2.4368893909878,1.5651333417267,-14.1066788978825,-43.073603776972,0.0426786736691014,-0.0540393709564775,-0.0761803814100514,0.0647807802378074
2.07571472601425,1.56444074714994,-14.1084949825054,-43.0398369034915,0.0465575177563622,-0.0537545215772113,-0.0483736023792966,0.0875213950577212
2.15229790574149,1.56999959598276,-14.1148482876887,-43.0047368327562,0.0485746281366453,-0.0484638098662771,-0.0549279333199151,0.0835638806016269
2.39870735542858,1.56879800131197,-14.1380625125724,-42.9890716694081,0.0504377717067364,-0.0519764170462089,-0.0736519965904319,0.0676415803943329
2.43580073003444,1.56502259184353,-14.1606183717414,-42.9775007686396,0.0535539528052063,-0.0532927756710322,-0.0761098119741796,0.0648636764395531
2.47831307694564,1.56448140119973,-14.1917211880311,-42.9654366299268,0.0476949060071234,-0.0495063003049232,-0.0787977222968511,0.0615704390176677
2.52291317400615,1.56387107931273,-14.2282836425466,-42.9684627694917,0.044902047046623,-0.0610221306783529,-0.0814645015621644,0.057995991113422
2.46866657848011,1.56323955056729,-14.2686838573355,-42.9683872165354,0.0377999113439458,-0.0622521316854652,-0.0782001261328565,0.0623276846417813
2.35605722026283,1.56400883598156,-14.2973338069067,-42.9601158905633,0.0420510214314795,-0.0624490579300883,-0.0707009710026819,0.0707203839022239
2.29050357902186,1.56567064336918,-14.314529729912,-42.9339608461164,0.0487205324213598,-0.0490448285848011,-0.0659164554266608,0.0751998730317083
2.38525009958909,1.56667536600787,-14.3383456363892,-42.9052817412912,0.0489191785306744,-0.0399474746385984,-0.0727350850078452,0.068626579463802
2.40443734952422,1.56524816296696,-14.3703325447061,-42.8805477041652,0.0420514629104076,-0.0424844096428068,-0.0740383712272718,0.06721844676882
2.41485801961408,1.56497002254598,-14.4029478335066,-42.8589839127564,0.0421195111168302,-0.0448794902780385,-0.0747347999173418,0.0664432816868259
2.430531414943,1.56482208118968,-14.4413571802977,-42.8387471616961,0.0373576229976429,-0.045027069614175,-0.0757669697887313,0.0652638206745015
2.47963570973177,1.5645972583955,-14.480201246321,-42.8120069466226,0.040035022408393,-0.0347259496692125,-0.0788790884317265,0.0614661647427255
2.47439555413603,1.56389158994907,-14.513177856912,-42.790588569875,0.0455793040706496,-0.0404602808953243,-0.0785559146616028,0.0618786576428333
2.40619160399171,1.56397250641339,-14.5503167997651,-42.767965586087,0.0370172326510705,-0.0444654774745743,-0.0741561755041973,0.0670884612626544
2.43856141018341,1.56497639237644,-14.588587626363,-42.7366613671129,0.0380177629829674,-0.0333490957109603,-0.0762885895808993,0.0646533146849958
2.40279424697517,1.56450759090582,-14.637357726551,-42.7057721112835,0.0251577243439165,-0.0364507527834483,-0.0739278245318835,0.0673400086128822
2.5487615477749,1.56504465305927,-14.6907644286907,-42.691012519078,0.0295295212821003,-0.0411115349043598,-0.082936223421807,0.0558711271098778
2.70653324274295,1.56294427367028,-14.750707477586,-42.6844823631201,0.0307414515397575,-0.0356162718961635,-0.0906845004350072,0.0421464278540089
2.57597190869295,1.56085612762087,-14.7948094345976,-42.665209971982,0.0403236510972249,-0.0343216075505453,-0.0844256081089,0.0535939986886819
2.35824630823826,1.56257350641453,-14.8350472355794,-42.6355566524706,0.0306178136360771,-0.0409121244191937,-0.0708556146178415,0.0705654439306373
2.24578680715375,1.56573794785664,-14.8682201459363,-42.5945794626358,0.0293160781080353,-0.0370941001547678,-0.0624889884649371,0.0780712899895279
2.19021337379858,1.56748469793765,-14.8863031273382,-42.5517677176869,0.0399730794931941,-0.0386099585049919,-0.0580560608951425,0.0814217034539287
2.11524966302619,1.56837082501531,-14.9012761845744,-42.5158401569019,0.0368219973596808,-0.0496134955530074,-0.0517950545957934,0.0855410563379877
2.30488169545896,1.56957157174363,-14.9353711804147,-42.4975645899467,0.0328958415185809,-0.0559688113501835,-0.0669908373589499,0.0742443783053419
2.56784150417205,1.56659404587275,-14.9792935382721,-42.4984399689858,0.0400647237651697,-0.0551540131461792,-0.0839870816225381,0.0542786341070694
2.52892812840774,1.56272483706453,-15.0171621209447,-42.4859562305904,0.0439432863528175,-0.0450212012755173,-0.0818118690254729,0.0575049396709436
2.44416433045372,1.56327181573066,-15.0536094119803,-42.4779676817427,0.0402023465675185,-0.0562363143698335,-0.0766496376031082,0.0642248632175436
2.57262167644814,1.56449851587964,-15.0908334995195,-42.479554902811,0.0470214947646923,-0.0554637638517477,-0.0842455823038116,0.0538765427834017
2.17021532240142,1.56266186032065,-15.1013971816502,-42.4504110303487,0.0458526033194104,-0.0534224810722925,-0.0564162854501585,0.0825663535346344
1.98667606504329,1.56873023776638,-15.096409338979,-42.4117999970879,0.0453873263800268,-0.0528650932207597,-0.0403994837088373,0.0914761264815
2.13324238410835,1.57167435439961,-15.118639963928,-42.3801678827693,0.0310950791829754,-0.052963212259268,-0.0533257041320035,0.0845953265779264
2.11388311146666,1.56933770228964,-15.1267027026117,-42.3459118755627,0.0436153713218808,-0.0513557498496731,-0.0516781100055641,0.0856117570562176
2.03214194371412,1.56965585004992,-15.127958736072,-42.3000762729553,0.0432593113474873,-0.0437098276313073,-0.0445153448077832,0.0895454302387574
1.92305759197302,1.57097534344935,-15.1235261605114,-42.2571146487283,0.038934685538301,-0.0508978686710897,-0.0345021099777265,0.0938594928980808
1.93549236094206,1.57272671885559,-15.1168903819392,-42.2048938284333,0.042302312198732,-0.0412024015455401,-0.0356665336265354,0.0934232218405425
1.75504664545036,1.57253914376312,-15.0914673756301,-42.1456468471321,0.0437439656027365,-0.0390604062673781,-0.0183209592936089,0.0983073875685949
1.73874546435962,1.57537282493277,-15.0654462881049,-42.090823657554,0.042737157116715,-0.0437697767908034,-0.0167160695915244,0.0985929663688608
1.72743139388451,1.57562728066065,-15.036211947275,-42.0435968231036,0.044833876564585,-0.0515489443866457,-0.0155995357346207,0.0987757788370423
1.68649673917496,1.57580245154923,-14.9948142787789,-41.9923121697672,0.0529419131156743,-0.0480467637286779,-0.0115442446195929,0.0993314170651109
2.01548598116153,1.57641976514977,-14.9840931650319,-41.9513182604593,0.0537388875766496,-0.049280511957182,-0.043017773829712,0.0902744212650281
2.2842388104092,1.57130236179372,-15.0036338505251,-41.910780937247,0.0459033696928088,-0.0350740227670521,-0.0654440551859738,0.0756113459793913
2.31293445908938,1.56706327827307,-15.0328410169539,-41.8938244362561,0.0383793648320889,-0.0567460145165271,-0.0675865312608982,0.0737025155074074
2.2894230036713,1.56662578835572,-15.0622550291629,-41.8622929684893,0.0364211456208992,-0.0437395890446162,-0.065835157829868,0.0752710568114755
2.23381494150199,1.56699844728158,-15.0821527391632,-41.823196320799,0.0416521637148435,-0.0397171394643792,-0.0615498737151462,0.0788137871545934
1.92544362962299,1.56787651813114,-15.0776180048087,-41.7780709581319,0.0392606981903256,-0.0486515397964951,-0.0347259638358487,0.0937769024636201
1.89454285434501,1.57278328688359,-15.0666991121138,-41.7337386426713,0.0427309608191706,-0.0504727071998978,-0.0318120681242524,0.0948050226605
1.92368510000768,1.57327862189432,-15.0585435639029,-41.6887598893082,0.0427165489777508,-0.0488590707057668,-0.0345610007668991,0.0938378240689244
1.79612189373282,1.57282697684448,-15.0245213670088,-41.6486421557116,0.0563645679975906,-0.0573544083388597,-0.022342371103473,0.0974721419353996
1.72199740296232,1.57482259033653,-14.9922829880363,-41.6018277484876,0.0473009403501408,-0.052044680596655,-0.0150625613776295,0.0988590878207216
1.73803553437073,1.57595445296859,-14.957882184325,-41.5572326520129,0.0510468749927142,-0.0540097122868985,-0.0166460712814307,0.0986048087615078
1.71077816073789,1.57571412966014,-14.9175443352983,-41.5127949575852,0.0542903616568395,-0.0545841586719789,-0.0139525126300981,0.0990218530997423
1.43198188967592,1.57612438785659,-14.8599777811342,-41.4744685019789,0.043729648811869,-0.0607116181344551,0.0138369053521894,0.0990380737407314
1.42430859865394,1.58002707292485,-14.8094191383212,-41.4348572592603,0.0359622043085679,-0.0593177418257476,0.0145964385044243,0.0989289845444021
1.32425737163904,1.58011882177898,-14.745072039084,-41.3877365337326,0.0399421957568435,-0.0498555637708264,0.0244049034804314,0.096976289298523
1.30769263948655,1.58134131728027,-14.6712183081657,-41.3380881297661,0.0478458628007772,-0.0469103387551328,0.0260078681175376,0.096558742721624
1.54900474156759,1.58152215023299,-14.6180107572406,-41.2877850072732,0.0510285648688935,-0.0496731347874118,0.00217898605616653,0.0999762572802515
1.51143235326094,1.57843285194288,-14.5632376115062,-41.235838122101,0.0488402344912018,-0.047876962500446,0.00593291124318272,0.0998238476726905
1.60736812588817,1.57894156565807,-14.522755116306,-41.1881498649204,0.0441388599197978,-0.0522448754484159,-0.00365636471963028,0.0999331326289587
1.57400229630142,1.57760964640211,-14.4896066261494,-41.143942845124,0.0334690865581138,-0.0557924662919689,-0.000320596401456725,0.0999994860884163
1.63598458562554,1.5780792500099,-14.4518949490307,-41.099800149031,0.0442258870143419,-0.055644903684879,-0.00651420989565033,0.0997875997779053
1.55768648158913,1.57720015560847,-14.4171692537176,-41.0450736349612,0.0334147483448746,-0.0452648926512822,0.00131094696817558,0.0999914067210109
1.54083453565361,1.57830466580351,-14.3853516825613,-40.9826875553529,0.0288218403049285,-0.0375690383029834,0.00299573085145895,0.0999551179113187
1.54926103158402,1.57853795074367,-14.3470889271458,-40.9240836848092,0.0361093923471856,-0.0413729419055002,0.00215336306826374,0.0999768124491686
1.48202473383154,1.57842255053838,-14.3071845543454,-40.8740603372651,0.0310388681656022,-0.049582891354703,0.00886550463476724,0.0996062388988306
1.51104181360888,1.57932373538543,-14.283669617061,-40.8193555103107,0.017543041323961,-0.0451166960685896,0.00597189596048114,0.0998215230230294
1.53035596881667,1.57894056110613,-14.2627152768158,-40.7643707556937,0.0169114066417677,-0.0449334853989782,0.00404293360339572,0.0999182400159177
1.22934075505504,1.57868344349994,-14.210329912858,-40.7189199180527,0.0188994654151244,-0.0487759876200542,0.0334858985427344,0.0942268252610991
1.20319049415425,1.58232695758774,-14.1466127791572,-40.6737157385092,0.02777890870059,-0.0481148645141545,0.035938225000225,0.0933190440576477
1.41843168915931,1.58258638922654,-14.1053027069036,-40.6213566246849,0.0261324924728967,-0.0464823808629617,0.015177579780626,0.0988414946872149
1.55276423672711,1.58012405111882,-14.0718127028716,-40.567962296703,0.031686892744446,-0.0465894146450125,0.00180311128758114,0.0999837426269121
1.44575775084603,1.57836563050038,-14.0315863530096,-40.5030290066006,0.0277550490361094,-0.0342859956020618,0.0124713008258934,0.0992192857044943
1.63932783609315,1.57977589973183,-14.0059599930115,-40.4407313406479,0.0324741478062407,-0.0374675975518741,-0.00684778780810077,0.0997652635045647
1.61637874992097,1.5771656384229,-13.9695065267756,-40.3806611559299,0.0410101302255512,-0.0398259454036705,-0.00455666398971283,0.0998961301216661
1.6330862183616,1.57749119654153,-13.9276432988811,-40.3224892422045,0.0480881897211489,-0.0416341474645492,-0.00622496182664476,0.0998060611899739
1.68636657838997,1.57725638002376,-13.8996949228608,-40.2675662661822,0.0394796914869175,-0.0444099428093025,-0.0115313154666198,0.0993329188316204
1.45236149612667,1.57649867674085,-13.8411949939599,-40.2135327710089,0.0466841141347984,-0.0452659837851286,0.0118158147661451,0.0992994789584122
1.51994440637087,1.57968241822166,-13.793585995583,-40.153582355406,0.042525997699272,-0.0399203163665121,0.00508300067764413,0.0998707319694367
1.33000935194093,1.57880224933331,-13.7358917411915,-40.1035677496662,0.0338475572613319,-0.0471004550694616,0.0238466971301033,0.0971150608092541
1.23403381404339,1.58115069099722,-13.6720468120188,-40.0524441040297,0.0308016098154482,-0.0432592926832029,0.0330433193572923,0.094382938319656
1.11443475395492,1.582191709881,-13.6015656326296,-40.0045208698129,0.0264126839999932,-0.0418429493609906,0.0440684953891872,0.0897661835778551
1.35462190121964,1.58333872828225,-13.5477436069705,-39.9388858059899,0.0323725589622725,-0.0320374521598978,0.0214494666968382,0.0976725159828558
1.41421531919139,1.58083723233963,-13.4962970541825,-39.8934333022901,0.0358523568440106,-0.0533241182957838,0.0155941959439844,0.0987766219955948
1.4037482114598,1.58011699313763,-13.4397061268996,-39.8466538593105,0.0399636989191094,-0.0518285449166669,0.0166272283637655,0.0986079878962105
1.45916127984685,1.58023686290486,-13.3889595634009,-39.7822044419768,0.0396062316728845,-0.0349281103413901,0.0111403318258072,0.0993775276750781
1.39692676019544,1.57954672615761,-13.3277122917864,-39.7155692997636,0.0439477857329464,-0.0318571305203221,0.017299485881609,0.098492272733611
1.44571769963364,1.5803073977929,-13.2695298913318,-39.6468549198788,0.0457071257860449,-0.030504406249392,0.0124752746685745,0.0992187861341975
1.39799167663334,1.57970430362948,-13.2108284295369,-39.5756786218687,0.0415068717429179,-0.0273343413794791,0.0171945900519781,0.0985106393895828
1.11544680496429,1.58028237798243,-13.1236700707285,-39.522406134399,0.0431807339288497,-0.0365382496944733,0.0439776248794826,0.0898107371641026
1.1592727243964,1.58323221878626,-13.0430835366804,-39.4802448715903,0.0405859148210936,-0.0494899808350695,0.0400006192270526,0.0916512436437845
1.06610917605354,1.58281516539529,-12.9521604917399,-39.4434743735441,0.0425696830438085,-0.0507620809932163,0.0483533618966679,0.0875325790394061
0.983158721834813,1.58361569058886,-12.8542716120236,-39.4090599117268,0.0424492335062538,-0.048810808552382,0.0554396462100143,0.0832252703696927
1.07783303822232,1.5842296312767,-12.7751675276637,-39.3635461353742,0.0317802418677857,-0.0425796622893699,0.0473238424921698,0.0880934386420255
0.904802910678042,1.58347930568463,-12.6811733142325,-39.3290239610654,0.0322101570376105,-0.0441081657359987,0.0617840563936207,0.0786303400447302
0.950679553719692,1.58470423419955,-12.5897869034206,-39.2921109191,0.0332733912452383,-0.0444680182197104,0.0581130195665833,0.0813810601851187
0.911717892097603,1.58439178192024,-12.4846477572536,-39.2489003664259,0.0439002899378877,-0.0358451396430155,0.0612388562291808,0.0790556923171363
1.11301007725892,1.58461587736987,-12.403770054991,-39.2106620736339,0.0366813638497874,-0.0514650163492973,0.0441963384127706,0.0897033091413236
0.954572085590828,1.58309780572237,-12.310870182059,-39.1681864511336,0.0351040711939632,-0.0391310273601846,0.05779580173807,0.0816066498604967
0.88767497695482,1.58430118909571,-12.2065617186864,-39.1280027140613,0.0411867600274576,-0.0373768880336414,0.063121703345104,0.077560625105866
0.853690273737632,1.58469310380928,-12.0994643889111,-39.0982186361687,0.0413767069784541,-0.0455870023648686,0.0657206227969015,0.0753710802575324
0.582587318973279,1.58485578019546,-11.9704657459483,-39.0844512354869,0.0454944490590989,-0.0412512288949145,0.0835041939036967,0.0550186295766608
0.484084360302638,1.58572754215843,-11.8540636080818,-39.0770124663766,0.0278919921588354,-0.0391010429521756,0.0885101457076065,0.0465398120625586
0.519625466180913,1.58576205193017,-11.7342974531099,-39.0693869757201,0.0329656332496668,-0.0420300168804957,0.0868005217222035,0.0496555075369619
0.645617479200431,1.58573273900304,-11.6336348242435,-39.0542892175203,0.0207897901569538,-0.0450714169357056,0.0798728387094828,0.0601691751355206
0.540259004910141,1.58554098323564,-11.5200286937935,-39.0386637368733,0.02784858156501,-0.0358103318696195,0.0857575488849926,0.0514358125165542
0.218862491871883,1.58567515916503,-11.3959738964324,-39.0460291275419,0.0264402917733264,-0.0290773297538465,0.0976145055878263,0.0217119390853104
0.149397473393521,1.58512471458925,-11.270497829125,-39.0561997520335,0.0265899734172876,-0.0250548589417505,0.0988860938900546,0.014884234450159
0.0764321901888604,1.58479626038367,-11.1449040221844,-39.0809919698483,0.0258857587549954,-0.0324279972127357,0.0997080481856194,0.00763577939795264
0.0899158906771317,1.58438513513985,-11.0186060460297,-39.1066589507702,0.0267019472433603,-0.0346464589189281,0.0995960289113026,0.008979477997021
0.0753567821822775,1.58445071637441,-10.8935464287629,-39.1380774808425,0.0253434151607976,-0.0389470782422165,0.0997162021060457,0.00752854816988298
-0.105103212427595,1.58435421478125,-10.7720521557743,-39.1964779965416,0.0220460989837292,-0.0479095344728933,0.0994481740049125,-0.0104909812262081
-0.256962013493064,1.58307408312922,-10.6590526671107,-39.268348358213,0.016282836203267,-0.0464560126363622,0.0967166524602943,-0.0254143490350363
-0.398351651164777,1.5816977493398,-10.5420279300214,-39.3510908819416,0.0248545731196046,-0.043952565314143,0.0921701639697274,-0.0387899584144346
-0.208118734710149,1.58020048067087,-10.4156261084925,-39.4119907697467,0.0285596863125122,-0.0402379281618295,0.0978421352163739,-0.0206619596432866
-0.26015805043864,1.5821781311909,-10.2883694805074,-39.47026142195,0.0306216945480742,-0.0325473234992444,0.0966349334370508,-0.0257233287040532
-0.084789952774317,1.58167939277806,-10.1566646448275,-39.5153694371665,0.032064087175435,-0.0366391760121374,0.0996407485044624,-0.00846883920442907
0.0968287562193018,1.5832309984509,-10.034006722561,-39.5296295627418,0.0231263465083771,-0.0239278774915803,0.0995315757580675,0.0096677519163496
0.0495451287381741,1.5844211778052,-9.9071693960171,-39.5552064512251,0.0269600374281751,-0.0305293746157673,0.0998772891157333,0.00495248613246085
0.0915743573441471,1.5841376539037,-9.78557546701811,-39.5758374320991,0.0220129292157978,-0.0297756231403596,0.0995809997831949,0.00914464226634067
0.137647520132055,1.58436513716933,-9.66183003199252,-39.5867881426485,0.0246912821984537,-0.0246720372963622,0.0990541528271391,0.0137213267469943
0.0355396136190273,1.58458439996618,-9.53588836483369,-39.615709678275,0.0260048137186999,-0.0324747488888022,0.0999368534401232,0.00355321326229291
-0.0440885089928142,1.58401346684473,-9.41126435388923,-39.6510569828679,0.0247211850336342,-0.0309398818731097,0.099902825910825,-0.00440742271984316
-0.0488261064316264,1.58347495610795,-9.28628647480974,-39.6844930197242,0.0250970548339993,-0.0285553659965814,0.0998808242454962,-0.00488067085965655
-0.0339626665835404,1.58343226461157,-9.16743848428167,-39.726788484942,0.0189056581207012,-0.0388998514329373,0.0999423324073647,-0.00339561378484468
-0.330404881545809,1.58353068720573,-9.03632523124777,-39.7930995781267,0.0365221463391237,-0.0338684894937131,0.0945911066947809,-0.0324426036910817
-0.354126016554758,1.58094604249904,-8.91192925472452,-39.8623078519644,0.0306009846336082,-0.0345311993297557,0.0937949918896381,-0.0346770745078463
-0.37368167516731,1.58070420615549,-8.78622238230921,-39.9357763741756,0.0326079044811891,-0.0369639722263599,0.0930989679341201,-0.0365045499849221
-0.546861557012249,1.58050358581033,-8.66957222920363,-40.0210200427604,0.0312340786225818,-0.0332427626319785,0.0854160744829982,-0.0520009059528284
-0.435446252242907,1.57852642529539,-8.54468065592646,-40.1001173726156,0.0342233836100476,-0.0369158246368144,0.0906681896671253,-0.042181505218356
-0.354558694123307,1.57984606488702,-8.41445004154162,-40.178852652416,0.0364506352666893,-0.0440176255507012,0.0937799791181494,-0.0347176542496676
-0.485831036579836,1.58073235832481,-8.29119012589548,-40.2681670724375,0.0348311948996667,-0.0426200804594217,0.0884287207464713,-0.0466943395621204
-0.422721972819492,1.57929370127494,-8.17506717867913,-40.357252556029,0.0249253825948799,-0.0480610493222429,0.0911975646214804,-0.0410244342692366
-0.272430519678112,1.58002210500092,-8.046296861112,-40.4392443005356,0.0324583421373887,-0.0550844334401859,0.0963119754297362,-0.0269073110663607
-0.327944837766302,1.58157623555885,-7.91313955692095,-40.5162306048526,0.0384866735751856,-0.0447764968231752,0.0946706306158691,-0.0322098074938935
-0.347251618870898,1.58103807955155,-7.774191639958,-40.5918429429028,0.0449167591925388,-0.0415808619088622,0.0940311577704085,-0.03403147614131
-0.388291806886871,1.58084755594295,-7.65372669995276,-40.6662199137878,0.0279092254685196,-0.0365161770925653,0.0925557145367174,-0.0378607937924931
-0.494529353436042,1.58042738361571,-7.54273410052706,-40.7508857548806,0.022973380987473,-0.0372040966502425,0.0880192184382257,-0.0474617444424866
-0.582469773571271,1.57926254237546,-7.43658933583816,-40.8480351303738,0.0226341041751752,-0.0421405618306423,0.0835106605137279,-0.0550088136625476
-0.480384855708035,1.5782347282941,-7.32589454823768,-40.9315422541697,0.022013073726086,-0.0372950731565496,0.0886817138743968,-0.0462120506394125
-0.678636819705333,1.57945170831877,-7.22476934469584,-41.0376456379878,0.0232822881139327,-0.0433301369872581,0.0778429154278995,-0.0627732468308346
-0.592710375551231,1.57706655179286,-7.11421142515731,-41.1363516253493,0.0276149513852673,-0.0428448735708429,0.0829429681532671,-0.0558611137905979
-0.569945105888867,1.57816112892675,-7.00446260909704,-41.2359902720017,0.0255557564087283,-0.0456800634008729,0.0841930596515431,-0.0539585832515246
-0.381765739685049,1.57845425772457,-6.87831788409315,-41.3136104861223,0.0333439010826808,-0.0403642470879007,0.0928008239212073,-0.0372559670327464
-0.578501703453209,1.5805731908592,-6.75870617684925,-41.4137120802557,0.0358834259343155,-0.0454245888299951,0.083728281309582,-0.0546770053033586
-0.766500042079497,1.57838045715088,-6.65606463394929,-41.5186212423286,0.0306072717413457,-0.0355473297827942,0.0720342711586203,-0.0693618322901461
-0.737198674194802,1.57602182821592,-6.54465215732847,-41.6235401063039,0.0373770207358959,-0.0376972062159737,0.0740354558849178,-0.0672216577593293
-0.6300572179479,1.576428199387,-6.4232563048606,-41.727518896295,0.0405964727343289,-0.0450596909257186,0.0807993797335407,-0.0589190990653718
-0.852060075463211,1.57780783610663,-6.31789157744977,-41.8595375272789,0.0395213221911632,-0.0567547884758,0.0658434052196732,-0.0752638425080591
-0.744556794963481,1.57495072259151,-6.1980847944972,-41.9845953034389,0.0462679518830029,-0.057293181238208,0.07353883106956,-0.0677645949218522
-0.851893715916092,1.5764060098332,-6.10177834718959,-42.1229271618598,0.0304505221403701,-0.0630789706333275,0.0658559251672449,-0.0752528877875543
-0.639713064110513,1.57501058106465,-5.98735107445959,-42.2300608484313,0.0342005645632,-0.047437159899367,0.0802267081667951,-0.0596965266721599
-0.54447875800377,1.57778071898803,-5.86708085603167,-42.3271369916264,0.0347304788396698,-0.0452789140107583,0.0855397395882531,-0.0517972291843285
-0.595640790598931,1.57893265868675,-5.75042201710184,-42.4333117549459,0.0338799229198727,-0.050070832403577,0.0827789160099574,-0.0561039309159031
-0.439858952579435,1.57834876481507,-5.62372230765717,-42.5130773717577,0.0362185362563849,-0.0371844320177246,0.0904811731882894,-0.0425811847941174
-0.196415376708081,1.58011482531811,-5.49410371520298,-42.5852766754758,0.0315413490203085,-0.0526838144745767,0.0980772434338824,-0.019515489243444
-0.33024551613978,1.58238878094928,-5.37662394913702,-42.6668907316916,0.0228834903436663,-0.0491865274868317,0.0945962757222879,-0.0324275287290425
-0.248068377772413,1.58122376630329,-5.25355762957143,-42.7445981115661,0.0261274690840807,-0.0531541872648731,0.0969388504815133,-0.0245531926095736
-0.242888333411047,1.58196485585528,-5.13625279499757,-42.8397348574484,0.0202400986045816,-0.0710860279883079,0.0970647359692744,-0.0240507178939641
-0.131685907498233,1.58201357667189,-5.01025803419029,-42.9105537691678,0.0268605674577529,-0.0576883477963079,0.0991341933495284,-0.0131305639230885
-0.275525764425392,1.58287689800456,-4.88231790643821,-42.9854564827497,0.0317118982625999,-0.0476974227486764,0.0962282294894796,-0.0272052908332195
-0.345475114253366,1.58173383848235,-4.74518345640254,-43.0719393637855,0.0430429836022128,-0.0526185052937436,0.0940914664334606,-0.0338643757420827
-0.423644187809557,1.58110044774405,-4.60695117423188,-43.1678309231481,0.0470725896729292,-0.0547830387894308,0.0911596924977293,-0.0411085205732272
-0.634080284063178,1.58033908630162,-4.48373430497473,-43.2843608493299,0.042655178185754,-0.0572862435504788,0.0805616910713914,-0.0592436826312958
-0.609917155564398,1.57801781074604,-4.35935255196492,-43.3981220781399,0.0424122056183975,-0.0564812733243016,0.0819695473914128,-0.0572799554857276
-0.810318847790542,1.57832159079882,-4.25197358472311,-43.5152144387364,0.0384522211876259,-0.0446416623362964,0.068926746054184,-0.0724506982601412
-0.776251410757924,1.57585894225985,-4.1398248626179,-43.6328023924329,0.0407942378393784,-0.0475269975572346,0.0713544842658379,-0.070060956139324
-0.717952645768667,1.5763202423594,-4.02615986097804,-43.7520175505565,0.0383495869858805,-0.0534307502787286,0.0753154146539807,-0.0657844078448606
-0.881864313219221,1.57707616582609,-3.93491272551974,-43.8816614824234,0.0276758215493729,-0.0524513930571331,0.0635713139089188,-0.0771925388097432
-0.51203832602489,1.57499426849956,-3.81546953861926,-43.992504499541,0.0322684238084179,-0.061847500181436,0.0871747630920692,-0.0489955169361608
-0.655121901004386,1.57951228150217,-3.70937990479456,-44.1130689671204,0.0267922673160967,-0.05963887636522,0.0792973665085962,-0.0609255912142129
-0.688470550869681,1.57790208382561,-3.60908014405046,-44.2295115701547,0.0230778943638512,-0.0529069173706489,0.0772218663802505,-0.0635356856636548
-0.908120516119711,1.57752061750396,-3.52463619652849,-44.359842446795,0.0229210951068097,-0.051495994572079,0.0615228524151644,-0.0788348820681677
-1.03549643252422,1.57474407387644,-3.44237029976947,-44.4930347902226,0.0312559961458874,-0.0471807742090249,0.0510099006131314,-0.086011569218556
-1.2516717516578,1.57305312269407,-3.38816798901327,-44.635871752684,0.0228287651662455,-0.0478859190911294,0.0313735455899549,-0.0949510433703339
-1.27221740421524,1.57009857315992,-3.3349118874671,-44.7772385981168,0.0238398713852703,-0.0457912972882539,0.029416230160903,-0.0955755481444955
-1.48484920198618,1.56984341393072,-3.29363220743261,-44.9258288853478,0.0326955450382229,-0.0489594053401419,0.00858413499626552,-0.0996308818909373
-1.47789960006394,1.56697619824789,-3.26335012222349,-45.0806182774329,0.0210057681109674,-0.0552205719600281,0.00927631709814633,-0.0995688201250504
-1.27537531392739,1.56709620988505,-3.21373095023897,-45.2323861518737,0.0205049069487018,-0.0560999092098271,0.0291142650358235,-0.0956679652309164
-1.34541002729434,1.56988886453091,-3.17121459201531,-45.382467875663,0.020168067428429,-0.0526109389431682,0.0223482907952306,-0.0974707848461877
-1.19403461071922,1.56895248372237,-3.12293506597159,-45.5374541506372,0.0114884010352583,-0.0620001839679389,0.0367911250084615,-0.0929860910061917
-0.994884311280295,1.57107674813557,-3.04512344934382,-45.681289106328,0.023351624547395,-0.0599653589193636,0.0544599920803743,-0.0838695967714497
-0.975784541401635,1.57384307708079,-2.97396591263824,-45.8263410108605,0.0151056852540208,-0.0622377152358879,0.0560518514515556,-0.0828141892965979
-0.860177482253383,1.57412997570708,-2.89545124789362,-45.9665071807254,0.0132843693163096,-0.064370335161918,0.0652302954283112,-0.0757958347030709
-0.841506329306531,1.57568603093162,-2.8098694193343,-46.0908118719682,0.0189477894328007,-0.0497399218828818,0.0666340391265205,-0.0745647693598346
-1.03577133610603,1.57595047450275,-2.74846434866581,-46.2232033460342,0.010418816870974,-0.0463658852932696,0.0509862537975147,-0.0860255887727333
-0.834064000533481,1.5733997397691,-2.66836530757288,-46.3501441034627,0.0129119169238976,-0.0528739609142548,0.0671871241690353,-0.0740667965143264
-0.68300549016726,1.57609437744285,-2.56326274424742,-46.4611330377407,0.0275346254802784,-0.0478762175050989,0.0775679378451807,-0.0631127167728199
-0.442399805920747,1.57797437081073,-2.44729059464792,-46.5518209629878,0.0255994609106196,-0.0478769787597457,0.0903726886888812,-0.0428109464873478
-0.452178623520783,1.58058926049533,-2.32988526796488,-46.64248222512,0.0274555926811857,-0.0469686385787043,0.0899497340018549,-0.043692623553588
-0.63558172003626,1.58049967008128,-2.220507840683,-46.7444442557257,0.0289047775788447,-0.0425974565756135,0.0804726497030362,-0.0593645740300765
-0.837096897278802,1.57856206455388,-2.12603224156158,-46.8678230826045,0.0275134205629683,-0.0491085997167175,0.0669621785584464,-0.0742702271620785
-0.837828040649012,1.57614836969127,-2.01995121553383,-46.9890710148613,0.0391731675466644,-0.0469287659974498,0.0669078584810849,-0.0743191662592842
-0.71700260750905,1.57616069509188,-1.91455570197634,-47.1079386420674,0.030017635197396,-0.0531548015635508,0.0753778783601023,-0.065712825642561
-0.685127943130091,1.57766728057303,-1.80780026419865,-47.2231269624907,0.0293216283188542,-0.0519111116298276,0.0774338094588337,-0.063277208793475
-0.747975024574098,1.57806000329396,-1.70330722277714,-47.3369437850108,0.0311862744700093,-0.0458012513681894,0.0733067669514973,-0.0680155711518978
-1.01836635843263,1.57733122918221,-1.61358931924434,-47.4736456944063,0.0372421743986351,-0.0515767201044568,0.0524757291341633,-0.0851251892910549
-1.02932803560517,1.57389710222544,-1.53200803924253,-47.6026345348919,0.0300417996924693,-0.0432935549126086,0.0515394803093408,-0.0856952855730295
-1.08333196082819,1.57377618200183,-1.45268992551012,-47.7378753975885,0.0324794032910205,-0.0468885271066952,0.0468387104413938,-0.0883523355898828
-1.08341663710854,1.57307686712151,-1.36655678732016,-47.8630131390244,0.0393019092636138,-0.0367814400349928,0.0468312289263463,-0.0883563014009083
-1.21162775866065,1.57310137884086,-1.29460148180312,-47.98894420352,0.0368057078007737,-0.0323121252771159,0.0351495977162608,-0.0936189392184351
-1.03538282425791,1.57138258780146,-1.21060070109658,-48.1098568593146,0.0329811087973582,-0.0349068822775465,0.0510196719091835,-0.0860057735171266
-0.841863698119611,1.57379586821637,-1.1140943366112,-48.2215930503414,0.0298989767364191,-0.0371476135013751,0.0666073877489653,-0.0745885775253758
-0.866831214479167,1.57632630930211,-1.02801806078543,-48.3335531875079,0.021351745801617,-0.0357319585633604,0.0647245300241519,-0.0762281786031429
-0.714177566087534,1.57603196665566,-0.928925056928228,-48.4312400467607,0.0235297850795746,-0.032187241177823,0.0755632187776271,-0.0654996180749511
-0.723677880999449,1.57790360639556,-0.820474367046054,-48.5307702283309,0.0335131387330208,-0.0333156557637864,0.074937551149153,-0.0662145258064126
-0.736814931647814,1.57780597468207,-0.714748003114486,-48.6440317848428,0.0316651176882914,-0.0460683142558125,0.0740612462432767,-0.067193242256143
-0.844143828893141,1.57766790712698,-0.621891058523219,-48.7612996715706,0.0264198015516115,-0.042527629672243,0.0664371430396551,-0.0747402570555414
-0.916948894050682,1.57638752636085,-0.530267309362366,-48.884018771988,0.030799269375791,-0.0433441505977186,0.0608244797850627,-0.0793749498196787
-0.720831462935833,1.57549153300241,-0.426133018326669,-48.9910201140074,0.029008569494124,-0.0410003877622103,0.0751257215415722,-0.0660009542571784
-0.569463884517739,1.57790447996171,-0.318537990435856,-49.088063233139,0.0233760119653184,-0.0431250576257867,0.0842190159254954,-0.0539180615057807
-0.616537288460965,1.5795791552206,-0.206839127213605,-49.1951191036147,0.0301103101773208,-0.0492345248321371,0.08158855304493,-0.0578213456435826
-0.746235234295931,1.57909323418516,-0.10918315839238,-49.2997935981289,0.024230980044976,-0.0367865646356194,0.0734249887762484,-0.0678879298786449
-0.879771402466547,1.57764990857383,-0.0165037554501386,-49.4126724439895,0.0289466712866471,-0.035819525102319,0.0637327316555948,-0.0770593207582051
-0.687192219369638,1.57605076378393,0.0924831960724341,-49.5065153494964,0.0316839285914128,-0.0304059868735465,0.0773030229311599,-0.0634369186334312
-0.669403216600198,1.57835340991439,0.197195316465652,-49.6071968374085,0.0262929083523957,-0.0386296774397152,0.0784192120408218,-0.0620518104723515
-0.568914328983514,1.57856327899365,0.307178654879351,-49.695660482767,0.0257347042381468,-0.0345918750185774,0.0842486341755528,-0.0538717703398902
-0.356745737892975,1.57964036840387,0.431908327519635,-49.7674594481738,0.0310258467732822,-0.0368762934315896,0.0937038258670012,-0.0349226719751901
-0.41242051082895,1.58158755874078,0.552794507402387,-49.8432522689939,0.0292708499909438,-0.0357100149201273,0.091615329891809,-0.0400828058999741
-0.416642642509884,1.58112018044594,0.682798326645454,-49.9172358338188,0.0385585403174602,-0.0335143053528526,0.0914452789256067,-0.0404692594720733
-0.512589846620333,1.58108172092566,0.792265089753274,-50.007733766234,0.0223190353092448,-0.0414543442558468,0.0871477277985744,-0.0490435881593668
-0.266237467610733,1.58020939878378,0.915045226408877,-50.073928135356,0.0263033708763842,-0.0398840353198224,0.0964767657792195,-0.0263103338021701
-0.222005687315977,1.58225647898834,1.04440689062035,-50.146259977838,0.0318158855788155,-0.0503131896860936,0.0975457786326586,-0.0220186527959448
