theta_array,theta_org,x_array,y_array,xi_x_array,xi_y_array,fmpi_x_array,fmpi_y_array
2.75526126664725,0,0,0,0,0,0,0
2.75644961718305,1.566910730847,-0.106185476153396,0.0587527323122021,-0.0135110056970911,0.0211835624299246,-0.0926744704563052,0.0375691698822775
2.75763915757016,1.56690923007438,-0.2531420759121,0.166467101924005,-0.0542375048355268,0.0702554663092918,-0.0927190949231773,0.0374589033025107
2.75882988291294,1.56691381478409,-0.315136423530193,0.193006735640096,0.0307692848302164,-0.0108088400813071,-0.0927636324483096,0.037348473797398
2.7600218051439,1.56690765195548,-0.446149669730966,0.234719703001174,-0.038205163180438,0.00447508710332524,-0.0928080830203343,0.0372378802577529
2.7612149214269,1.56690552214537,-0.595951032927888,0.322981103092169,-0.0569489171232225,0.0511342771465677,-0.0928524460736998,0.0371271229444279
2.76240922790989,1.56690843844177,-0.702265203405026,0.39754676390905,-0.0134174494712221,0.0375494586028636,-0.0928967210059159,0.0370162022140173
2.76360472871756,1.56690842023258,-0.796347239154368,0.47740208117649,-0.0011411282393429,0.0429501995841467,-0.0929409075099995,0.0369051176832932
2.76480142502761,1.5669084186654,-0.82258651959474,0.511288325538115,0.0667457247277455,-0.00290762488156959,-0.0929850051681169,0.0367938692431943
2.7659993249297,1.56690152294266,-0.881829300117099,0.538378533576412,0.0337862332925126,-0.00959224810401155,-0.0930290138148719,0.0366824561423084
2.76719842898774,1.56689526688523,-0.940009019988616,0.550621062320454,0.0348932131339326,-0.0243283495850756,-0.0930729330054493,0.0365708783291179
2.76839873983303,1.5668875836986,-1.05442851856305,0.597843807755418,-0.0213027362048758,0.0107636098745822,-0.0931167623695631,0.036459135560382
2.76960025325242,1.56688532044048,-1.208378555304,0.57956775801575,-0.0607895354545596,-0.0546232779705817,-0.0931605012863813,0.0363472282309141
2.77080297499142,1.56687851425921,-1.29025284950368,0.579215608909637,0.0113298552975368,-0.0365873049150792,-0.0932041494972192,0.0362351558089657
2.77200690741157,1.56687055483826,-1.45363542051891,0.614236289570781,-0.0701348643972408,-0.00110223741707692,-0.0932477066179867,0.0361229180782213
2.77321204524046,1.56686907852039,-1.57610090361203,0.664980934059996,-0.0291743111050898,0.0147341289541808,-0.0932911719880348,0.0360105155350337
2.77441838981467,1.56686747103685,-1.7082939304534,0.720753264481223,-0.0388584816556264,0.0198743823605044,-0.0933345451857438,0.0358979480607227
2.77562594148168,1.56686672279885,-1.78596540300638,0.787642249749608,0.0157063531999314,0.0311037696387507,-0.0933778257529087,0.0357852156296342
2.77683470257167,1.56686485149138,-1.87352358871935,0.806737940060351,0.00586282758833476,-0.0165766277209928,-0.0934210133013054,0.0356723180317359
2.77804467836623,1.56685890800917,-1.99193477253676,0.780217722908393,-0.0249470762713888,-0.0620794719336054,-0.0934641075460195,0.0355592547816473
2.77925587312145,1.5668499231463,-2.09365490571364,0.823813843346858,-0.00821302501407498,0.0081500949485822,-0.0935071081628052,0.0354460254898832
2.78046828217081,1.56684682376242,-2.14130746994825,0.888920787794034,0.0458974502750208,0.0297743138453201,-0.0935500145096345,0.0353326306018554
2.78168190688395,1.56684356903344,-2.20375199248955,0.950545079509065,0.0311483036172958,0.0264052217152752,-0.0935928261585913,0.0352190699997561
2.78289674821876,1.56684057207321,-2.38301668205379,1.00618714161719,-0.0856291468981571,0.0205367185031063,-0.0936355426660915,0.0351053436050205
2.78411280325825,1.56684170873248,-2.52125653188471,1.01164069443738,-0.0445616863789811,-0.0295378988826573,-0.0936781634519368,0.0349914517028405
2.78533007955309,1.56683650841685,-2.73760957054006,1.0242197081456,-0.122632350353593,-0.0222983798905757,-0.0937206883017545,0.0348773935987965
2.7865485744712,1.5668351614432,-2.9130304709974,1.05444722831388,-0.0816577838141876,-0.00453564938460625,-0.0937631166431514,0.0347631695528872
2.78776828921299,1.5668338326817,-2.98475120816629,1.0888578494902,0.0220847108682469,-0.000238158290668505,-0.0938054480371374,0.0346487794669872
2.78898922885645,1.56682864575114,-3.05008489599151,1.07795761961833,0.0285139943522705,-0.0454344527516722,-0.0938476821774934,0.0345342228798071
2.7902113991616,1.56681892370848,-3.22228485937388,1.07550001913961,-0.0783101446038091,-0.0368770997448284,-0.0938898187785564,0.0344194992661113
2.79143479616987,1.56681439089353,-3.38458270336784,1.05550530924575,-0.068365986775927,-0.05429931890739,-0.0939318572180323,0.0343046090135306
2.792659423165,1.56680780103667,-3.56277973747514,1.00353206183768,-0.0842232369848377,-0.0861627992388053,-0.0939737971224632,0.0341895518307294
2.79388528374294,1.56679884522467,-3.67199628261529,0.991201221866599,-0.0152009070132272,-0.0464051673685084,-0.0940156381269244,0.0340743273974294
2.7951123782666,1.56679076008603,-3.79639900266527,0.966503772133034,-0.0303453402955383,-0.0586563854313703,-0.0940573797544474,0.0339589356978051
2.79634070852031,1.56678212455074,-3.89860819586465,1.03353234996126,-0.00811017162396466,0.0331852012450436,-0.0940990215754065,0.0338433765831836
2.79757026794787,1.5667812809638,-4.08493043981029,1.02258517808764,-0.0921816810681924,-0.0446748225643773,-0.0941405628774473,0.0337276506907523
2.79880106165061,1.56677656520971,-4.22800354323765,1.03830683793689,-0.0488911000848709,-0.0178900977125725,-0.0941820033424903,0.0336117575618287
2.80003309013919,1.56677257307272,-4.39214362709072,1.08391128526083,-0.0699167413573414,0.0121087501535264,-0.0942233424957324,0.0334956971704115
2.80126635088561,1.56677234371449,-4.4508811172664,1.07918883674283,0.0355270895844296,-0.0381019182958324,-0.0942645797601129,0.0333794697778337
2.80250085443432,1.56676280217569,-4.562001272789,1.10990132901182,-0.0168144405286069,-0.00255058214503506,-0.094305714993987,0.0332630744140239
2.80373659640564,1.5667588831194,-4.57341519953936,1.17953083362925,0.0829328208051593,0.0364829931012161,-0.0943467475555244,0.0331465115162085
2.80497357859435,1.56675440768804,-4.63462874025881,1.16983788045483,0.0331741362888369,-0.0427227341149516,-0.0943876770082855,0.0330297809405325
2.80621180770526,1.56674446768589,-4.71452732764255,1.09733121477369,0.014529915692262,-0.10541954776134,-0.0944285030760033,0.0329128820802012
2.80745129022548,1.56672928748679,-4.78921891120854,1.0946116391666,0.0197776419055573,-0.0355153899559785,-0.094469225471542,0.0327958143488916
2.80869202095647,1.56672055923628,-4.90714780467358,1.00861527319898,-0.0234190499427834,-0.11867494423227,-0.0945098435222569,0.0326785782646449
2.80993400732524,1.56670565218866,-5.06457427248049,0.964127520443942,-0.0628761108384692,-0.0770489259086435,-0.0945503569684463,0.0325611731536102
2.81117724491608,1.56669641648448,-5.2074350734644,0.975056653562162,-0.0482700358218103,-0.0215144663437431,-0.0945907651621009,0.032443599461963
2.81242173025279,1.56669190820403,-5.2196913058169,0.975003443918928,0.0823748351345636,-0.0323790671919413,-0.0946310674870606,0.0323258575487082
2.81366747130154,1.56668068150188,-5.29840075341856,0.897594384380648,0.0159618160950908,-0.10961700622945,-0.0946712636967458,0.0322079466911697
2.81491447396591,1.56666480692795,-5.41123340564874,0.928843484320119,-0.0181212987561488,-0.000840766422298467,-0.094711353474036,0.0320898663617693
2.81616272749894,1.56666094094238,-5.56082447899556,0.925350972869553,-0.0548397373807455,-0.0354641290612469,-0.0947513359660772,0.0319716176106805
2.81741223493445,1.56665529198237,-5.70188234510095,0.954729677048933,-0.0462666553419224,-0.00247449600515082,-0.0947912107634679,0.031853200184531
2.81866299469031,1.56665247907513,-5.80722007852353,0.977044802129776,-0.0105067561142845,-0.00941948918739954,-0.0948309773082924,0.0317346142682423
2.81991501026538,1.56664741962261,-5.91448275153044,0.976433016067475,-0.0123920378034712,-0.0322276456282903,-0.0948706352034371,0.0316158595659895
2.82116828507289,1.56664020275135,-6.10209694330817,0.962242447043939,-0.0927040077308899,-0.0456875048141013,-0.0949101840468397,0.0314969357905655
2.82242281816441,1.56663519355363,-6.23620657304642,1.01978488085971,-0.0391600064408903,0.0261645907463609,-0.0949496232973633,0.0313778430694146
2.823678606127,1.56663485557863,-6.37752397194101,1.11617846884285,-0.0463284465578933,0.0651350062178542,-0.0949889523366952,0.0312585817652857
2.82493564608099,1.56663865214055,-6.52657259034941,1.166686198436,-0.0540204478442297,0.0193685774013052,-0.0950281705641706,0.0311391521918453
2.82619394340998,1.56663831708356,-6.60882514865929,1.21050332885016,0.012814719326365,0.0127975765354487,-0.0950672776362417,0.0310195538787026
2.82745350301764,1.56663433575666,-6.78125116633124,1.22836096652498,-0.0773197444805775,-0.0130421487265089,-0.0951062731913719,0.0308997864013352
2.82871432464832,1.56663187233285,-6.969931207892,1.18812731992618,-0.0935348848544733,-0.0710134964252055,-0.0951451567062872,0.0307798498264051
2.8299764145116,1.56662446137231,-7.15586564869374,1.23647253931338,-0.0907505129462767,0.0176854757808897,-0.0951839278554713,0.0306597436063063
2.83123976527062,1.56662565548643,-7.29524415582825,1.2383775416349,-0.0441559212383693,-0.0286344661619535,-0.0952225858961357,0.0305394684834734
2.83250438486703,1.56662016886236,-7.38708628628042,1.25822940667417,0.00341900010101992,-0.0105671587078444,-0.0952611305531937,0.0304190237471123
2.83377027498688,1.56661426501317,-7.49443649207866,1.23633073459349,-0.012050644440621,-0.0521970813631186,-0.0952995613576133,0.0302984092824442
2.83503744031382,1.56660494804864,-7.57256416418413,1.22477701546735,0.0172102058239525,-0.0417313438158803,-0.0953378779294205,0.0301776246897417
2.83630588246311,1.56659529103189,-7.69635558385575,1.18208941227921,-0.0284153398780582,-0.0727442730504504,-0.0953760797935636,0.0300566698623081
2.83757560369989,1.56658464567835,-7.8787626251444,1.19556293386881,-0.0869928747955782,-0.0164620230426915,-0.0954141664930733,0.0299355446322943
2.83884659701852,1.56658228507092,-8.0363872293126,1.16802014498856,-0.0621724668753163,-0.0573570385977877,-0.095452137292889,0.029814249717534
2.84011886890492,1.56657471061358,-8.11103704253056,1.22343466028583,0.0208401786434125,0.0257217307475441,-0.0954899918613659,0.029692784549723
2.84139241626686,1.56657150696928,-8.19234642566385,1.26004157247216,0.0142183464465933,0.00703576271066719,-0.0955277295798845,0.0295711494756705
2.84266724194571,1.56656673741603,-8.31330239599209,1.32969376961461,-0.0253906203227581,0.0402028528657286,-0.0955653500054865,0.0294493442767212
2.84394334207152,1.56656711613782,-8.48808292061395,1.31775699955673,-0.0791776721254358,-0.0412641394344182,-0.0956028524964195,0.0293273693765373
2.84522072349269,1.56656192090119,-8.60022235190127,1.32150939857286,-0.0164991945620552,-0.0254528251592487,-0.0956402367252709,0.0292052241753791
2.8464993888885,1.56655532768044,-8.65839756446337,1.35146204345793,0.0375022896773571,0.00086973641256427,-0.0956775022394499,0.0290829084725041
2.84777933949707,1.56654878032038,-8.70234502218403,1.37250674055104,0.0517671908220674,-0.00791572511273708,-0.0957146485427338,0.0289604222058475
2.84906057817829,1.56654065827752,-8.78994828358079,1.39284345445943,0.00814841378772169,-0.00850105125063072,-0.0957516751844771,0.0288377651590132
2.85034310422589,1.56653453057838,-8.89157803535825,1.35139793415069,-0.00584117016782182,-0.0701604577666624,-0.0957885816096439,0.0287149374579257
2.85162692445038,1.5665228797327,-8.99472971884784,1.33512968333556,-0.00732631601170097,-0.0448601893245921,-0.0958253674778812,0.028591938509465
2.85291203756868,1.56651380615689,-9.14404571267303,1.36104500238355,-0.0534539616107144,-0.00255344944854219,-0.0958620322144835,0.0284687684965355
2.85419843843677,1.56651116947129,-9.29601403159013,1.29978823048426,-0.0560697437817435,-0.0896021998729444,-0.0958985751353526,0.0283454279736457
2.85548613697343,1.56649990177705,-9.40046828973813,1.2856142595755,-0.00851926216454779,-0.0423958869609262,-0.0959349959834476,0.0282219160521728
2.85677513203711,1.56649107329853,-9.49229666487003,1.31417083756426,0.00414291905356801,0.000458345084070499,-0.0959712941854688,0.0280982329046898
2.85806542123099,1.56648593815354,-9.6050442383929,1.32579285437737,-0.0167401043898932,-0.0163523620125214,-0.0960074691329819,0.0279743788256242
2.85935700655118,1.56648010104488,-9.74173093774139,1.26265746760625,-0.0406431790079806,-0.0909857404601293,-0.0960435203405032,0.0278503536890171
2.86064989570098,1.5664678567491,-9.84237204150297,1.20964317654219,-0.00456165628236382,-0.0807404478855225,-0.0960794474792192,0.0277261568214559
2.86194409073817,1.56645485851258,-9.88153706126581,1.17815640014521,0.0569502302972369,-0.0590885644892065,-0.096115250060079,0.0276017880922321
2.86323959379942,1.56644102948667,-10.0612610746171,1.20879660927039,-0.0835730857567112,0.00316296176122965,-0.096150927594591,0.0274772473639504
2.86453639303083,1.56644036238644,-10.1780881988538,1.18404222411779,-0.0206406450267955,-0.0521069209984169,-0.0961864792099357,0.0273525358458152
2.86583449843872,1.56643098514711,-10.3275204981231,1.20662193139946,-0.0532103946354241,-0.00464794536481805,-0.0962219046338328,0.0272276526464838
2.86713390489985,1.56642803730718,-10.4797974873241,1.30027610777306,-0.0560197860226299,0.0665515780428771,-0.0962572031783769,0.0271025983307261
2.86843460630129,1.56643250345882,-10.6451427368006,1.41037832458739,-0.0690528753455459,0.0831248432537821,-0.0962923741309499,0.0269773735605447
2.8697366015919,1.56643931569114,-10.7719035758613,1.45945368404724,-0.0304334221433464,0.0222233809474388,-0.096327416917348,0.026851978512419
2.8710399001989,1.56643799458552,-10.9012429122657,1.56602129596244,-0.0329770051610287,0.0798411995607342,-0.0963623312433813,0.0267264123544641
2.87234449742841,1.56644267069274,-11.0380795726368,1.63326728359761,-0.040439543937119,0.0406453120192354,-0.0963971164339269,0.0266006756159303
2.87365039820093,1.56644372490869,-11.1149569149637,1.6686509935307,0.0195544297432901,0.00890894203228898,-0.0964317720701971,0.0264747679008061
2.87495761009412,1.56643850500787,-11.1986995971128,1.67693782407541,0.0127236156512409,-0.0180618580125935,-0.0964662978003744,0.026348688557298
2.87626613684056,1.56643086366164,-11.3039195467508,1.65629993799794,-0.00871925647062799,-0.046860323382317,-0.0965006931674225,0.0262224373048536
2.87757598162749,1.5664213499103,-11.4609949866698,1.61094868167253,-0.0605404822213136,-0.0714472702416997,-0.0965349576976176,0.0260960139162897
2.87888714567414,1.56641193496774,-11.6096051262971,1.65101972668792,-0.052041048763348,0.0141016266601002,-0.0965690908639417,0.0259694183552841
2.8801996219796,1.56641084021908,-11.7465549560795,1.73872603598616,-0.0403467378567108,0.0618636579175447,-0.0966030919257551,0.0258426513806945
2.88151340756065,1.56641404093331,-11.8949908676972,1.72137651165002,-0.0517989513689674,-0.0430652377014578,-0.0966369602487194,0.0257157133653225
2.88282851388637,1.56640708183419,-11.9558519088065,1.74009041313295,0.0358096544599453,-0.00687470180358285,-0.0966706955692645,0.025588603286514
2.88414494310969,1.56639929056852,-12.0960808986072,1.75837792470701,-0.0435246924204451,-0.00717380944818768,-0.0967042973802212,0.0254613210222436
2.88546269249314,1.56639555966342,-12.1973672714473,1.77772947523814,-0.00454860779118471,-0.00598231639342273,-0.0967377650488636,0.0253338669245511
2.88678176526768,1.56638991795089,-12.3242029503873,1.81175008123794,-0.0300645808462741,0.00881436523025525,-0.0967710980937376,0.0252062407695438
2.8881021599181,1.56638711484748,-12.5002609241556,1.86104751157751,-0.0792536778562218,0.024218987545942,-0.0968042959121483,0.0250784427936273
2.88942387360485,1.5663884731646,-12.6484168457164,1.84230310300916,-0.051318563692194,-0.043694881931279,-0.0968373578685701,0.024950473362934
2.89074691609774,1.56638138072186,-12.7969443931711,1.80931812026443,-0.0516572638133397,-0.0578073143685156,-0.0968702836413667,0.0248223316237851
2.89207129017515,1.56637283868514,-12.9246635653097,1.78810968653977,-0.0308160994079274,-0.0459024511246515,-0.0969030727306869,0.024694017399994
2.89339699706008,1.56636440524653,-12.9722289919781,1.8396493014565,0.0493702979280886,0.0269740842496455,-0.0969357245964795,0.0245655306670846
2.89472403482473,1.56635923240517,-13.0256595271769,1.85399360188575,0.0435377034217601,-0.0100925712780013,-0.0969682386205058,0.024436871707251
2.89605240834665,1.56635051290381,-13.0650666044796,1.92399129312701,0.0575935370476035,0.045689651097133,-0.0970006143503825,0.0243080401441246
2.89738211395683,1.56634679816492,-13.1963506436533,1.88032205169106,-0.0342511880496539,-0.0678482778672624,-0.0970328511240042,0.0241790364313146
2.8987131598755,1.56633619528666,-13.3520451721683,1.84516709697493,-0.0586295799485028,-0.0592048145863218,-0.0970649485665351,0.0240498598701925
2.90004554526734,1.56632776803989,-13.4845742517039,1.76990285676579,-0.0354321734538576,-0.0991847508508081,-0.0970969060817183,0.0239205106416644
2.90137927689748,1.56631391512382,-13.5639820868577,1.77385306115644,0.0177208881002411,-0.0198407837991996,-0.0971287232539913,0.0237909881898496
2.90271435072925,1.56630544513306,-13.6939341667574,1.82910851312594,-0.0327916804915778,0.0315941589606459,-0.0971603994081393,0.023661293008854
2.90405076003579,1.56630504419086,-13.7989553192955,1.92002045656254,-0.00782921873097342,0.0673805175805018,-0.0971919338071786,0.0235314258560974
2.90538850377647,1.56630701935524,-13.9262874816637,1.92971125706544,-0.030108836518091,-0.013710586435455,-0.0972233258501343,0.023401386938355
2.90672759054518,1.56630173505864,-14.0125598928844,1.98805865212688,0.0109821639396004,0.0350762195345669,-0.0972545751602335,0.0232711755268721
2.9080680188405,1.56629929522638,-14.0960976290928,2.01143133077553,0.0137479449136713,0.000231886773352619,-0.0972856811220646,0.0231407918753002
2.90940979380742,1.56629305191987,-14.1067104558273,2.09890872725129,0.0867038165388241,0.0644671608837328,-0.0973166432733865,0.0230102355920237
2.91075291408796,1.56628951327345,-14.1415473307631,2.14197972207517,0.0625105860641386,0.0201914879046849,-0.097347460999937,0.0228795069192004
2.91209738434784,1.56628265420243,-14.2284956145046,2.20108048388277,0.010429850083177,0.0363521562936597,-0.0973781338246479,0.0227486055139422
2.91344320143938,1.56628029281476,-14.2958996342938,2.24172283041513,0.0300046413015584,0.0180248147371014,-0.0974086610907394,0.0226175317952574
2.91479036970445,1.56627493636598,-14.3516403034855,2.33999722851167,0.0416983731192224,0.0757881126424018,-0.0974390423109502,0.0224862854541353
2.91613888514047,1.56627493368248,-14.4020739137797,2.40064419802307,0.0470356665144238,0.0382921025156522,-0.0974692768086558,0.0223548669957491
2.91748875331229,1.56627071332401,-14.5084173082291,2.41599958560095,-0.00884403032793335,-0.00686788841643882,-0.0974993641214149,0.0222232759943207
2.91883997723492,1.56626483067987,-14.6230225414823,2.41563264796802,-0.0170759295262553,-0.0224584499064056,-0.0975293037269872,0.0220915122734748
2.92019255945154,1.56625776061898,-14.6994754335026,2.45134419901089,0.0211062030704072,0.013751975338963,-0.0975590950906395,0.0219595757039058
2.92154649966239,1.56625234860192,-14.8048184661384,2.45148070501026,-0.00775429502212122,-0.0216909604354814,-0.0975887376137006,0.0218274664348452
2.92290180135116,1.5662448108884,-14.9029456638891,2.44743798510212,-0.00050896697154057,-0.0257379041557668,-0.0976182307792001,0.021695184247635
2.9242584667208,1.56623643171279,-14.9603446290091,2.39917137475001,0.0402486089201792,-0.069829339401801,-0.0976475740401674,0.0215627290496827
2.92561650401973,1.56622116778797,-15.0279885915919,2.38069011699604,0.0300328043947311,-0.0399113579130217,-0.0976767669774801,0.0214301001590534
2.92697591096066,1.56620956308959,-15.1397701023539,2.44035153505568,-0.0140757018193436,0.0383641201359572,-0.0977058089427133,0.0212972979236807
2.9283366782964,1.56620857521959,-15.2155353620159,2.45624318515028,0.0219694394788403,-0.00527267327881864,-0.0977346991408131,0.0211643233734213
2.9296988139712,1.56620100349725,-15.3162350288777,2.45121096133618,-0.00293622971914997,-0.026063399674038,-0.0977634371426674,0.0210311758599401
2.93106232017445,1.5661926107261,-15.4378873958051,2.49678524018831,-0.0238603445332162,0.0246764235539279,-0.0977920223941361,0.0208978552982064
2.93242719180367,1.56619069094991,-15.5825698295498,2.52921241293474,-0.0468619795567551,0.0116628104287448,-0.0978204541879671,0.0207643623176784
2.93379343031259,1.56618868288841,-15.7311747359628,2.58627528134352,-0.0507561744586549,0.0364321715004545,-0.0978487319543625,0.0206306969083288
2.93516103424635,1.56618949654811,-15.8408445768802,2.62621833559335,-0.0117929858547892,0.0194461949037326,-0.0978768550626056,0.0204968593460973
2.93653000894885,1.56618633174686,-15.9016238276193,2.68458852223972,0.0371255722815924,0.0380073374034546,-0.0979048230206784,0.0203628492429139
2.93790035661622,1.5661823415778,-15.988658407733,2.68881004935136,0.0108980551557605,-0.0160071394081958,-0.097932635269501,0.02022866651984
2.93927208283511,1.56617413772435,-16.053372305546,2.67936387300138,0.0332463935034508,-0.0295404871170057,-0.0979602913164216,0.020094310767026
2.94064519169345,1.56616322449956,-16.0763323040535,2.69634210796296,0.0750277921278535,-0.00298154676075923,-0.0979877906353471,0.019959781722338
2.94201968416451,1.56615272063717,-16.1525782551491,2.7439233034867,0.0217691815400816,0.0277561160937725,-0.0980151326357097,0.0198250794299605
2.9433955554119,1.56614843676597,-16.2084299130551,2.77418454597821,0.0421906587055272,0.0105710379864572,-0.0980423166114975,0.019690204505055
2.94477280979782,1.56614116949573,-16.2062766359055,2.80876618695996,0.100222619188215,0.0150264843190422,-0.0980693420386669,0.0195551566627055
2.94615145153401,1.56613107360519,-16.253202174463,2.814454110821,0.0511706698299044,-0.0137320117727311,-0.0980962083873782,0.0194199356337778
2.94753148228912,1.56612069642959,-16.3294095537408,2.80655467608916,0.0219155357981702,-0.0271839761315698,-0.09812291507595,0.0192845413997303
2.94891290324609,1.56611052531281,-16.3677239085574,2.71683600123307,0.0598351066953624,-0.10886764884712,-0.0981494615119771,0.0191489739910244
2.95029572659216,1.56608955717773,-16.4339360881328,2.70696022478131,0.0319636677357578,-0.0288890088109237,-0.0981758473111209,0.0190132323591616
2.95167994374528,1.56607857347861,-16.4493372624889,2.7593253573673,0.0828008973336845,0.0334878150905236,-0.0982020716898331,0.018877317495473
2.95306555238094,1.56607130808532,-16.5213478766311,2.76559674176218,0.0262175198437717,-0.0124698453841818,-0.0982281339859851,0.0187412297790555
2.95445255559464,1.56606233867683,-16.5649225014672,2.73995105205197,0.0546794088029519,-0.0442506587684526,-0.0982540336390407,0.0186049690582451
2.95584095977837,1.56604837186367,-16.614245609982,2.72684583217096,0.0489566616324104,-0.0315737547396207,-0.0982797701471469,0.0184685348586179
2.95723076469662,1.56603604152992,-16.6906237243106,2.78282547383427,0.0219272285542773,0.0376477143051457,-0.0983053428829545,0.0183319273581572
2.95862196290134,1.56603255997746,-16.8071524694973,2.80513271493023,-0.018197994099171,0.00411209365032517,-0.0983307510874978,0.0181951474456392
2.96001455710509,1.56602775915165,-16.9452478980528,2.76686966628665,-0.0397394343666297,-0.056321243656374,-0.0983559941888644,0.0180581950127932
2.96140855392708,1.56601773511724,-17.0514512321434,2.82368939903316,-0.00782226240741313,0.0388986631782202,-0.0983810716831671,0.0179210695682913
2.96280394645644,1.56601602456331,-17.1725643536317,2.76100212725216,-0.0227071386665127,-0.0804710437341529,-0.0984059828217698,0.0177837719531475
2.96420074797998,1.56600242291898,-17.2554968149081,2.7021637624416,0.0154982659393679,-0.0764846658331222,-0.0984307272157487,0.0176463010225622
2.96559896170127,1.56598702668871,-17.3363823590616,2.6978075427743,0.0175697601383304,-0.0218648762920397,-0.0984553042918296,0.0175086566247454
2.96699858334135,1.56597732162017,-17.3995015195862,2.6939166696122,0.0353605528198484,-0.0212617125081593,-0.0984797133444922,0.0173708393460606
2.96839961528533,1.56596663935909,-17.5460574921012,2.70214370268355,-0.0480520187300519,-0.00900581604709494,-0.0985039537849165,0.0172328491184434
2.96980205288217,1.56596201844814,-17.6218386917055,2.73383351946252,0.0227468252978265,0.0145951302105183,-0.0985280249021888,0.0170946865684532
2.97120589907446,1.56595586059495,-17.6981003556848,2.71795426780562,0.0222902621369461,-0.0328356032332311,-0.0985519261162357,0.0169563515763275
2.97261116036372,1.56594460981131,-17.7391520528625,2.70073111763248,0.0575239597270394,-0.0340409938459394,-0.0985756569047207,0.0168178436728015
2.97401784034829,1.56593117579079,-17.7812239727008,2.7249646431744,0.0565272968545234,0.0075543628660566,-0.0985992166927925,0.0166791626758585
2.97542593593698,1.5659222516573,-17.9211349701832,2.72992996515415,-0.0412883926899661,-0.0115749870847537,-0.098622604792465,0.0165403090645025
2.97683544501002,1.56591686290353,-18.0137948286566,2.74886870032125,0.00598596205953972,0.00253745194328148,-0.0986458205329139,0.0164012832238259
2.9782463701947,1.56591026033007,-18.1368682078349,2.82480702435063,-0.0244045158571562,0.0596762389570249,-0.0986688633212093,0.0162620850723555
2.97965870500439,1.56591156049664,-18.189065294425,2.86241124512152,0.0464946458254432,0.0214815053414108,-0.0986917324155376,0.016122715429478
2.98107245908851,1.56590462088994,-18.2765854105756,2.93177328524461,0.0111943111845223,0.0533788665991421,-0.0987144273351336,0.0159831735239477
2.98248762840579,1.56590314181188,-18.3340581690212,2.9207890257474,0.0412641889309417,-0.0268277194342672,-0.0987369473764652,0.0158434599370576
2.98390422478256,1.56589125162799,-18.3972434612593,2.87286229851999,0.0355739998488094,-0.0636303009124559,-0.0987592920869654,0.0157035736850391
2.98532225332198,1.5658756853701,-18.4657268076649,2.91052454479011,0.0302981144967287,0.0220987318212706,-0.0987814609023393,0.0155635144488518
2.98674170591499,1.56586966031196,-18.5598338494821,2.95032420430478,0.00469641123404885,0.0243763762985905,-0.0988034530511791,0.015423283216081
2.98816258227369,1.56586534721037,-18.6749848819009,3.0013777823519,-0.0163257645331205,0.0357706978433441,-0.0988252678856841,0.0152828802037694
2.98958488138266,1.5658634733065,-18.7407150374209,3.09616756015942,0.0331167492266877,0.0796474721049518,-0.098846904746734,0.0151423057025703
2.99100860282741,1.56586343663335,-18.8434488169786,3.18922676156523,-0.00386541657334583,0.0780576414603329,-0.098868362984334,0.0150015599454846
2.99243374606968,1.56586536055851,-18.9428734992061,3.15969634156964,-0.000535040281059107,-0.0443910631750661,-0.098889641946427,0.0148606431794682
2.99386032595465,1.56585386109208,-19.0938609721752,3.23399748620487,-0.052076731761818,0.0595815905036132,-0.0989107412072441,0.0147195541316164
2.99528832968151,1.5658565991008,-19.2408912233568,3.24664727083443,-0.048098591252465,-0.00192850963496882,-0.0989316599291481,0.0145782942645355
2.9967177655478,1.56585246338998,-19.3578144602902,3.2714538062701,-0.017970839347603,0.0103696724798032,-0.0989523975858777,0.0144368629558638
2.99814863544731,1.56584786604064,-19.4075958948482,3.3053387441435,0.0491915189965286,0.0195896776553457,-0.0989729535544841,0.0142952602180561
2.99958094382127,1.56584026148632,-19.4779494930966,3.22955176956366,0.0286397289981841,-0.089940460392782,-0.0989933272465516,0.0141534858129419
3.00101470276813,1.56582199695258,-19.5727716564473,3.26287996120467,0.00419135482727051,0.0193166528954636,-0.0990135181779851,0.0140115387455412
3.00244990048288,1.56581698802038,-19.6350907228198,3.26650237500457,0.0367144591532769,-0.0102470065889722,-0.0990335255258368,0.0138694203888786
3.00388654356595,1.56580681741773,-19.6987888750596,3.26538626634829,0.0353551964862908,-0.0148432389518154,-0.0990533487260749,0.0137271302955354
3.00532463390747,1.56579620204643,-19.7719518879789,3.25139953850739,0.0259099742272078,-0.0275713963268798,-0.099072987146478,0.0135846684859738
3.00676417380396,1.56578473741246,-19.8943907086659,3.23686174262692,-0.023346380528231,-0.0279798308224528,-0.099092440158765,0.0134420349419865
3.00820516184171,1.56577613605694,-20.0323195466973,3.23893150801552,-0.0388171309479004,-0.0112294646260764,-0.0991117070835572,0.0132992300146719
3.00964759673472,1.56577026882799,-20.0652056184995,3.18591770092201,0.066244715441361,-0.06617006113784,-0.0991307872435246,0.0131562540443343
3.01109149224391,1.56575208755141,-20.1570355164071,3.22101183677162,0.0073197822498321,0.0220810299683654,-0.0991496801574444,0.0130131058812448
3.01253683669028,1.56574704587121,-20.2365931835284,3.26746280102288,0.019610717887045,0.0335811773520129,-0.0991683850083687,0.0128697868992437
3.01398363102361,1.5657425033582,-20.3010695103856,3.28976218401373,0.0347105742891392,0.00957308576864047,-0.0991869011463298,0.0127262972222166
3.01543188024688,1.56573440775267,-20.3804210937233,3.37180313219305,0.0198536446337423,0.0694583116056573,-0.0992052279713889,0.012582636573658
3.01688157840156,1.56573372556452,-20.4370725470746,3.35604589884031,0.0425719113926786,-0.0281960391188596,-0.099223364743959,0.0124388057661202
3.01833273899609,1.56572098387224,-20.4997893002236,3.37742048785876,0.0365245578177273,0.00907978533599874,-0.0992413109668045,0.0122948036824507
3.01978535908118,1.56571265390589,-20.5214060070308,3.38928990360535,0.0776423591273399,-0.000281215093314691,-0.0992590659345146,0.0121506308399066
3.02123944363737,1.56570080289956,-20.614662267993,3.40029278966097,0.00602036807599804,-0.00100340091489604,-0.0992766290381657,0.0120062869705184
3.0226949899282,1.56569315279798,-20.764252947177,3.40609176622803,-0.050296679610051,-0.00606279600697457,-0.0992939995740023,0.0118617725740312
3.02415199659328,1.56568832485502,-20.8790415585419,3.40698003282358,-0.0154774345093078,-0.0108288214199987,-0.099311176855558,0.0117170880155477
3.02561046772994,1.56568085993556,-20.9554142548775,3.44997547235567,0.0229554639242675,0.031423206412118,-0.0993281602599027,0.0115722331199767
3.02707040251438,1.56567568328894,-21.0743855987533,3.50132549997132,-0.0196263947707038,0.0399228194129735,-0.0993449491050895,0.0114272082026702
3.02853179891232,1.56567400456889,-21.2151120590292,3.53647248255921,-0.0413649175802842,0.0238649688867416,-0.0993615426955879,0.0112820137011465
3.0299946588324,1.5656718788339,-21.3238241519729,3.55979916950451,-0.00933415256314185,0.0121900372822441,-0.0993779403805607,0.0111366496630591
3.03145898698559,1.56566650564261,-21.3846380031903,3.59340152933758,0.0385802903210255,0.022611243973824,-0.0993941415384664,0.0109911158592429
3.03292478665015,1.56565932242463,-21.5209356456626,3.65054011725577,-0.0368874969432043,0.0462931757136893,-0.0994101455290874,0.0108454122045066
3.03439205209019,1.56565934661143,-21.6873967154954,3.73990087878696,-0.067035118219275,0.0786612220196408,-0.0994259516134533,0.0106995395115515
3.0358607793656,1.56566477667495,-21.791360885542,3.81109207768031,-0.004522610972167,0.0606377004766163,-0.0994415590745042,0.010553498416728
3.03733097578513,1.56566435984373,-21.8969299507214,3.83896258486226,-0.00611209786516698,0.017463218742233,-0.099456967314173,0.0104072884397198
3.03880264746725,1.565659293662,-21.9887645829409,3.90086647715899,0.00763754349801471,0.0516429830766989,-0.0994721757175261,0.0102609092200262
3.04027579301569,1.56565709902388,-22.0933953385221,3.96310791152988,-0.00514357199152027,0.0521270732246109,-0.0994871835896594,0.0101143611462812
3.04175041307666,1.5656557320478,-22.1461188302836,3.95145412986713,0.0467784984948827,-0.0216214260686092,-0.0995019902564683,0.00996764440586041
3.04322652045724,1.56564303249362,-22.1940246567804,3.96332014110608,0.0516107686657454,0.00204525326116323,-0.0995165951625244,0.00982075797778452
3.04470411438115,1.56563259655339,-22.3110476248874,3.94984318980584,-0.0174919704938485,-0.0231506534944363,-0.0995309976130948,0.00967370219420268
3.04618319481514,1.56562368039233,-22.4197963658157,3.97999311225043,-0.00920354400776935,0.0206234451293259,-0.0995451969206042,0.00952647731525872
3.04766375897686,1.56561903309071,-22.5997324537534,3.93039370377502,-0.0803768955663604,-0.0589784923521297,-0.0995591923713398,0.00937908387672015
3.049145812644,1.56561009183597,-22.7167689818801,3.97107802186271,-0.0174635447947871,0.0314527965236056,-0.0995729833318847,0.00923152156408697
3.05062935132282,1.56560713382394,-22.7949974406478,3.96722000654747,0.0213581103040459,-0.0129418064026072,-0.099586569071743,0.00908379108736849
3.05211438385677,1.56559681737351,-22.8653525783747,3.9826612514132,0.0292448112550185,0.00650535303535293,-0.0995999489818941,0.00893589183037115
3.05360091012205,1.56558811858072,-22.961864681768,4.03257653036845,0.00310101897557558,0.0411274548836222,-0.0996131223689232,0.0087878240716303
3.05508892616493,1.56558486723778,-23.0757357646614,4.12655531117149,-0.0142449943873761,0.0853391923298421,-0.099626088506042,0.00863958847320171
3.05657842752577,1.56558756532372,-23.097324627487,4.10801053836683,0.0780499838386068,-0.027035958554372,-0.0996388466641595,0.00849118574971237
3.05806943394704,1.56557200625579,-23.1917037533647,4.09830002690772,0.00527227044070244,-0.0180531256653045,-0.0996513963183987,0.00834261420619654
3.05956194135543,1.56556202556004,-23.2575677807937,4.05546129655741,0.0337997093076572,-0.0510326048725516,-0.0996637367366574,0.00819387452224159
3.06105595673773,1.56554655905513,-23.3968608496587,4.04402949370413,-0.0396172015871172,-0.0194767691304751,-0.0996758672778863,0.00804496627719394
3.06255147347425,1.56553922021408,-23.5072903076527,4.09210506693543,-0.0107416708049508,0.0401796828228429,-0.0996877871890919,0.00789589040845411
3.06404848831871,1.5655366290133,-23.6979291214113,4.09225875177525,-0.0909393180115483,-0.00759296267958764,-0.0996994957470201,0.0077466475194063
3.06554700292429,1.56553388274069,-23.8898495902593,4.09430241081784,-0.0922094765807815,-0.00555357868445472,-0.0997109922672455,0.00759723772705002
3.06704701845931,1.56553146790307,-24.0811271424212,4.06483620085898,-0.0915552761014287,-0.0369138711575259,-0.0997222760604169,0.00744766119865805
3.06854853992519,1.5655255525845,-24.2831834871098,4.06170013061893,-0.102322998224532,-0.0104339879612114,-0.0997333464641343,0.00729791772116916
3.07005156516153,1.56552330358306,-24.4393747068556,4.09845350021557,-0.0564470169843081,0.0296053617989722,-0.0997442027614866,0.00714800779766268
3.07155609420763,1.56552251906156,-24.5629345672944,4.1592139385484,-0.0238050161868295,0.0537625066189247,-0.0997548442519337,0.00699793171390275
3.07306212803432,1.56552226751323,-24.6333743145384,4.1938598387855,0.0293255229970162,0.0277982105723682,-0.0997652702409783,0.00684768966473915
3.07456967455983,1.56551560252817,-24.7581916430675,4.20288126542313,-0.025041848449344,0.00232414548379856,-0.0997754800797597,0.0066972811538316
3.07607873455499,1.56550967940498,-24.866574630229,4.22526082404414,-0.00859751409399712,0.015832852221241,-0.0997854730675529,0.00654670639976194
3.07758930913639,1.56550415315427,-25.0231298111304,4.20263482877303,-0.0567599323963293,-0.0290219608597344,-0.0997952485050722,0.0063959655886255
3.07910140162181,1.56549682371342,-25.1826950644113,4.2767187987184,-0.0597604475750748,0.0678389112565336,-0.0998048057058022,0.00624505868884128
3.08061500253752,1.56550048591201,-25.3522820736118,4.31009049367686,-0.0697728652975516,0.0272777080109214,-0.0998141439029721,0.0060939869475389
3.08213011722915,1.56550031090754,-25.4588169456098,4.31562772908518,-0.00671160957469752,-0.000405514726631973,-0.099823262423313,0.00594275013494572
3.08364675454432,1.56549280205366,-25.6350445274461,4.30777575069035,-0.0763954212259301,-0.0136433260683753,-0.0998321606103167,0.00579134767354957
3.08516491278062,1.56548851825246,-25.7729179993119,4.35772572993451,-0.0380326341234647,0.0443101992032242,-0.0998408377423282,0.00563978004093133
3.08668458959637,1.56548809702382,-25.9263250097713,4.34061416865183,-0.0535577173644719,-0.0225996090633251,-0.0998492930949306,0.00548804778064582
3.08820579291824,1.56548126773375,-26.0763911281058,4.31405506124548,-0.0502085923349238,-0.0318952578193998,-0.0998575259996426,0.00533615041305153
3.08972852554739,1.56547316376344,-26.2307830354372,4.27680372527379,-0.0545263715750819,-0.0424354239438891,-0.0998655357563181,0.00518408797220384
3.09125278990629,1.56546416665047,-26.3077643440684,4.27020537333132,0.0228920130297174,-0.0116302124744774,-0.0998733216609242,0.00503186053200635
3.09277858943649,1.56545325970639,-26.3840612995483,4.29188438397408,0.0235839275327456,0.016799542576138,-0.0998808830126509,0.00487946806661821
3.09430592256019,1.56544546573585,-26.4984805613252,4.21171203421948,-0.0145310426922376,-0.0848992608082024,-0.0998882190845916,0.0047269110535993
3.0958347996258,1.56542885695019,-26.5605161161358,4.21602767754043,0.0378597743945028,-0.000258545460358972,-0.0998953292050878,0.00457418878131759
3.09736521632457,1.56541810085872,-26.6749343741244,4.27725262326194,-0.0145160453575097,0.0568036437172272,-0.0999022126310873,0.00442130200427758
3.09889716416486,1.56541737602963,-26.7788286680566,4.28373929468645,-0.003985425328211,0.00221841952735069,-0.0999088686040552,0.00426825189716266
3.10043065157146,1.56540975756718,-26.8337632658703,4.33059845076945,0.0449806986263579,0.0427441181361738,-0.0999152964400156,0.00411503794682356
3.10196567895311,1.56540326992224,-26.8570600555403,4.37145688358502,0.0766247057478062,0.0368967723725464,-0.0999214954178237,0.00396166044302516
3.10350225073496,1.5653938971021,-26.8707067780637,4.38900165600763,0.0862807423077392,0.0137366531462739,-0.0999274648311322,0.00380811927633985
3.10504037176088,1.56538122481427,-26.918817745816,4.38943596363509,0.0518222362198999,-0.00322010667010941,-0.099933203972162,0.00365441429756623
3.10658004312463,1.56536900800535,-26.9836497115702,4.40229196888306,0.0351067463625723,0.0093554595136085,-0.0999387121167852,0.00350054573435911
3.1081212638288,1.56535933895546,-27.0602312932572,4.43717612358881,0.0233624068459692,0.0315376406802037,-0.0999439885329619,0.00334651402554571
3.10966403213324,1.5653529593914,-27.1823447016065,4.4406441331518,-0.0221643758626302,0.000275689876586993,-0.0999490324866618,0.00319231968640843
3.11120834997106,1.56534619431004,-27.33795244751,4.46192158696669,-0.055653902647677,0.0182394909475785,-0.0999538432558591,0.00303796286731041
3.11275421454038,1.56534378065835,-27.4452958721593,4.54116669648542,-0.00738500454588698,0.0763616653246388,-0.0999584201034589,0.0028834441940902
3.11430162421369,1.56534454122638,-27.5731304167586,4.56175176547977,-0.0278717823021521,0.0178563048169005,-0.0999627622970867,0.00272876417745191
3.11585058571473,1.56534012317874,-27.6563744679046,4.51584848784189,0.0167228179806582,-0.0484772001333786,-0.099966869126662,0.0025739224954971
3.11740111123611,1.56532506432769,-27.7580408073884,4.49568943867274,-0.00169559959280585,-0.0225779674508666,-0.0999707398909622,0.00241891828170943
3.11895319815576,1.56531419159129,-27.8222748675569,4.52319687248339,0.0357403136788865,0.0252436816579356,-0.0999743738474568,0.00226375215272
3.12050684529054,1.56530606337043,-27.9241912843622,4.47274570688747,-0.00193864654721154,-0.0525595901795073,-0.0999777702580696,0.00210842458358375
3.12206206038314,1.56529175269643,-27.9569734524965,4.41899235289357,0.0671987602683877,-0.0557062891531126,-0.0999809284026903,0.00195293515921729
3.12361885028858,1.56527215493925,-28.0088632277334,4.33555636236179,0.0480940723177472,-0.085233274087231,-0.099983847554599,0.00179728355545357
3.12517721864918,1.5652504896902,-28.0854692920366,4.33275961893971,0.0233804626740859,-0.00443821319363957,-0.0999865269773336,0.00164146977155684
3.12673715613295,1.56523973487934,-28.2321900518551,4.32125463623915,-0.0467317939057725,-0.0129904778068883,-0.0999889659126899,0.00148549510633044
3.12829866035135,1.5652329377343,-28.4122479011233,4.32331655132249,-0.0800666856508743,0.000732554916660133,-0.099991163617328,0.00132936016667665
3.12986172893375,1.56523007795164,-28.4900287532117,4.28948808247771,0.0222122672608103,-0.0350015344047947,-0.0999931193492428,0.00117306556001589
3.13142637483594,1.56521582674159,-28.5944196745349,4.30203245629771,-0.00439608893992194,0.0115277634564874,-0.0999948323833227,0.00101661036351442
3.13299259243497,1.56520877580717,-28.6784049341618,4.31102462634893,0.0160110423433266,0.008132174536851,-0.0999963019701993,0.000859995514362112
3.13456038517544,1.56519985196303,-28.8102470953464,4.31958875448756,-0.0318446338143266,0.00786090709327558,-0.0999975273702373,0.000703221045360243
3.13612975125614,1.56519430448025,-28.948726512552,4.29748547616983,-0.0384809093670186,-0.0226495658339165,-0.0999985078386156,0.000546287516185682
3.13770069528914,1.56518571824966,-29.1359883003833,4.30975801946592,-0.0872625451973241,0.0118833484485708,-0.0999992426339853,0.000389194847518893
3.13927321136156,1.56518462286743,-29.2900474069708,4.31800062515872,-0.054059375577941,0.00801066167795073,-0.0999997310095081,0.000231944014853539
3.14084730388573,1.56518068720072,-29.3999790232305,4.26039275904112,-0.0099316440370032,-0.0576824010811117,-0.0999999722226922,7.45349635055127e-05
3.14242298523008,1.56516595953051,-29.4652465282052,4.27236775031543,0.0347324605527604,0.0120580244288002,-0.0999999655274703,-8.30331544875109e-05
3.14400025223695,1.56515597835873,-29.5892618986688,4.25478040090813,-0.024015660290043,-0.0173465897751774,-0.0999997101735777,-0.000240759632120587
3.14557910562005,1.56514686913843,-29.6739831994903,4.16382070857008,0.015277904589567,-0.0905610481908874,-0.0999992054110628,-0.000398644147161617
3.14715955834867,1.56512637699927,-29.835408072217,4.12738928411021,-0.0614264222440899,-0.0358747368593244,-0.099998450482572,-0.000556687600546214
3.14874160009722,1.56511780979672,-29.9662152526204,4.06975318586396,-0.030809735764362,-0.0569212096848979,-0.0999974446390749,-0.000714888561353152
3.15032523717492,1.56510452240304,-30.0529119751404,4.05467325227318,0.0132994646033895,-0.014206686331049,-0.0999961871234267,-0.000873247259729802
3.1519104694996,1.5650929124931,-30.1079066118652,4.01493544452025,0.0450000404561774,-0.0387060444686438,-0.0999946771809639,-0.00103176328429336
3.15349730390691,1.56507606218798,-30.1983501484654,4.00891338340987,0.009549377448554,-0.00483162419738603,-0.0999929140487275,-0.0011904369129883
3.15508573545555,1.56506575526546,-30.2679794217447,4.07810199221396,0.0303616236959185,0.0705378760477973,-0.0999908969752,-0.00134926724370789
3.15667575850603,1.56506268497816,-30.2776740231246,4.09883957770757,0.090294023833035,0.0222458387957625,-0.0999886252129538,-0.00150825330215455
3.15826738476031,1.56504950422419,-30.3868625119348,4.06197826542025,-0.009202390821065,-0.0351939164417454,-0.0999860979891413,-0.00166739584557111
3.1598606151954,1.56503694967306,-30.5388398780714,4.07996021901801,-0.0519940515936148,0.0198086481540962,-0.0999833145429669,-0.0018266945563342
3.16145544182092,1.56503398967423,-30.6718031889003,4.07728279387384,-0.0329830366981925,-0.000691276926360507,-0.0999802741307349,-0.00198614821780716
3.1630518700555,1.56502720724339,-30.7750773719742,4.05899886108919,-0.00329720708890813,-0.0161381758330514,-0.0999769759849969,-0.00214575695160181
3.16464990555011,1.56501637544477,-30.8502142753005,4.03951933791168,0.0248365160079402,-0.0171740022774658,-0.0999734193342384,-0.00230552090004194
3.16624955217288,1.56500328277654,-30.9862681720824,4.06874906060929,-0.0360842933741956,0.0316951627222855,-0.0999696034076594,-0.00246544002468108
3.16785080125029,1.56500047476195,-31.1413167356957,4.0314899277692,-0.0550830361484573,-0.0346336198092758,-0.0999655274648469,-0.00262551303080916
3.16945366075658,1.56499129496142,-31.223911755291,3.97752785011818,0.0173661711291522,-0.0511763373655061,-0.0999611907245089,-0.00278574028551874
3.17105813975147,1.56497466586697,-31.3639174257797,3.96270922136102,-0.0400490780916578,-0.0118725064953713,-0.099956592396993,-0.00294612226178705
3.17266423090746,1.56496698376239,-31.4530710116224,3.90812254881218,0.0107981458949369,-0.0514800147568408,-0.0999517317376914,-0.00310665779199656
3.17427194440366,1.56495073470755,-31.575535782927,3.95729756862998,-0.022518163355131,0.0524423672736942,-0.0999466079494568,-0.00326734745589982
3.17588126706362,1.56494928444182,-31.6757198833673,4.0466016941878,-0.000242880131688938,0.0927323150541675,-0.0999412203086251,-0.00342818949634699
3.17749219745623,1.56495087445518,-31.7317956467822,4.0555097295911,0.0438598046429868,0.0124972187310428,-0.0999355680578235,-0.00358918332774146
3.17910475006239,1.56493959130235,-31.7988360572242,4.05862333021538,0.0328892399389016,0.00686393057638357,-0.0999296503809075,-0.00375032995209739
3.18071892636287,1.56492844957926,-31.9394937898328,4.07414417419525,-0.0407342661054346,0.0194324730494153,-0.0999234665032308,-0.00391162906954636
3.18233472089115,1.56492439808602,-32.0742019854777,4.06634367410595,-0.0347911799673661,-0.00372742040581597,-0.0999170156774708,-0.0040730796834904
3.18395213847014,1.56491714189611,-32.1721282893164,3.98501518155366,0.00198399327755405,-0.077093810729332,-0.0999102971162548,-0.00423468182295814
3.18557119227383,1.56489833477656,-32.2453170514839,3.93863352743869,0.0267145478248123,-0.04198521776637,-0.0999033099923756,-0.00439643634860205
3.18719188173206,1.56488173404998,-32.3528827919345,3.89812466832613,-0.00766968691778525,-0.0359505163674039,-0.0998960535327483,-0.00455834274515362
3.18881420515211,1.56486846168059,-32.4162474599867,3.92693284056191,0.0365238589177679,0.0335285726184342,-0.099888526969955,-0.00472040038265471
3.19043815933555,1.56486002171479,-32.5761991033878,3.94823204559491,-0.0600709138560598,0.0261818135112295,-0.0998807295450348,-0.00488260847822287
3.19206373933074,1.56485816414679,-32.7116776078573,3.90499081416805,-0.0356058439595786,-0.0381962653554655,-0.0998726605099636,-0.0050449660713978
3.19369095634858,1.5648467214899,-32.8204971830866,3.86243286728907,-0.00895525619347781,-0.0373504730656178,-0.0998643190357956,-0.00520747381336008
3.19531981403353,1.56483327139216,-32.8533089508476,3.84777032005453,0.0670439365659119,-0.00929241563777561,-0.0998557043269606,-0.00537013159677048
3.19695031664344,1.5648172041272,-32.9627085524623,3.89284046612882,-0.00955278603253973,0.050603085447088,-0.0998468155821554,-0.00553293937279804
3.19858245269451,1.5648142655743,-33.0879933023749,3.92332106739206,-0.0254470978255354,0.0361764967814768,-0.0998376520870026,-0.00569589551823318
3.20021622432336,1.56481082384265,-33.1624844341765,3.88753062982311,0.0253370812532161,-0.029931437801578,-0.099828213054857,-0.00585899976737261
3.20185164509451,1.56479545317589,-33.3126100421604,3.87314110927632,-0.0503071103550137,-0.00836726755426009,-0.0998184976289162,-0.00602225299253081
3.20348870815526,1.5647885843379,-33.4750551302241,3.82291542971905,-0.0626365829937501,-0.044040025532218,-0.0998085050698708,-0.00618565402504726
3.20512741846754,1.56477839587686,-33.5722554036492,3.75453514751353,0.00259796114282018,-0.0620310793325567,-0.0997982345679416,-0.00634920287296878
3.20676778504407,1.56476084194452,-33.6878235917081,3.67781373701441,-0.0157805027751752,-0.0702085105534096,-0.0997876852837923,-0.00651289994570984
3.2084098091237,1.56474370541222,-33.7725748811146,3.64562080577219,0.0150255670176764,-0.0255161863682334,-0.0997768564241613,-0.00667674487398625
3.2100534894565,1.56472947632397,-33.8694317885396,3.62546163860864,0.00290883978708711,-0.0133184301260667,-0.0997657472120767,-0.0068407370374838
3.21169882529076,1.56471765519509,-33.9513470052631,3.61655536381431,0.017839140144464,-0.00190139893136898,-0.0997543568679809,-0.00700487586296183
3.21334581812181,1.5647059942447,-34.0442445433733,3.54513164567772,0.00684514648658663,-0.0642545571379343,-0.0997426845967934,-0.00716916099865196
3.21499447634894,1.56468759098828,-34.1102820177384,3.52046006406113,0.0336932551868125,-0.0173379888380261,-0.0997307295519201,-0.00733359277856212
3.21664479812284,1.56467270244386,-34.1850429417147,3.48042713335861,0.0249575669819602,-0.0325347601909138,-0.0997184909581908,-0.00749817051161337
3.21829678630418,1.56465661678304,-34.2339255188447,3.50479344297951,0.0508233908756299,0.0320292035946179,-0.0997059680056696,-0.0076628939737143
3.21995043677914,1.56464631134703,-34.3206482830736,3.44994225712934,0.0129703957083378,-0.0470234236075735,-0.0996931599372462,-0.0078277622425989
3.22160575788177,1.56462933415153,-34.4947229166926,3.45445186669759,-0.0743945677198536,0.0125023852025496,-0.099680065899155,-0.00799277563429114
3.2232627369877,1.56462665194533,-34.6137399303242,3.47912143842824,-0.0193503284283518,0.032827504103434,-0.0996666852032366,-0.00815793237278521
3.22492137770825,1.56462201644681,-34.7595889323749,3.46815367836029,-0.0461959850159963,-0.00264452777000201,-0.0996530170346807,-0.0083232322979504
3.22658168389429,1.5646151916655,-34.9561917673789,3.49666395851869,-0.0969637744295455,0.0369989554289942,-0.099639060574407,-0.0084886752705975
3.22824364820846,1.56461736972682,-35.1350193716746,3.47307253658119,-0.0792027891979803,-0.014937161903551,-0.0996248150977699,-0.00865426003394626
3.22990728010576,1.56461175090913,-35.2475562657456,3.45758361909213,-0.0129266143339741,-0.0066689304874763,-0.0996102797370427,-0.00881998700158372
3.23157258569055,1.5646016953153,-35.3844121661471,3.48011734181742,-0.0372604467529762,0.0315195789753742,-0.0995954536485119,-0.00898585625008131
3.23323955995632,1.56459831991906,-35.5210794477375,3.3994896781945,-0.0370869455041398,-0.0714757968764737,-0.0995803360862737,-0.00915186674645013
3.23490821727133,1.5645822449399,-35.6832198947947,3.41674400298768,-0.0625755209298076,0.0265723441774555,-0.0995649261273983,-0.00931801938427516
3.2365785451389,1.56458034970154,-35.7923990840727,3.31393045191905,-0.00962996618359835,-0.0933292386895592,-0.0995492230943875,-0.00948431237907452
3.23825056445458,1.56455922945818,-35.9481234318576,3.25388306796588,-0.0561911217888453,-0.0503966366851705,-0.0995332259959923,-0.00965074726799504
3.23992426775645,1.56454726259056,-36.0729756098882,3.23458204963022,-0.0253352439249888,-0.0094836955736759,-0.0995169341056441,-0.00981732276197981
3.24159965426821,1.564537755998,-36.1396860862238,3.18791868104791,0.0327898702995957,-0.0366793303474622,-0.0995003466351999,-0.00998403823485624
3.24327673398024,1.56451994223767,-36.3273335820475,3.16504431045185,-0.0881640331357407,-0.0127234764672766,-0.0994834626879575,-0.0101508941287837
3.24495549542473,1.56451528948637,-36.4631088305337,3.11570088369283,-0.0363089669040173,-0.0390255380109763,-0.0994662815821678,-0.0103178887480392
3.24663594795491,1.56450296524766,-36.5925873437776,3.08755914826207,-0.0300297108182646,-0.0176567129652789,-0.0994488024256626,-0.0104850224654759
3.2483180911553,1.56449274755819,-36.7527414370467,3.16462055151835,-0.0607230688447888,0.0877136979354058,-0.0994310244243158,-0.0106522946791346
3.25000191095261,1.56449829384861,-36.9492382837361,3.21732768877198,-0.0970838997571399,0.0635268406800988,-0.0994129469322956,-0.0108197034264611
3.25168740891289,1.56450395067233,-37.1080354290008,3.24675164773839,-0.0594025761230084,0.0404112072639486,-0.0993945691416195,-0.0109872482975415
3.25337459282354,1.56450349826172,-37.1990046778373,3.30249893111402,0.00840664133762159,0.0669022128733858,-0.099375890174127,-0.0111549294977533
3.25506346695768,1.56450045868408,-37.4354128459971,3.38033009671668,-0.137051258973285,0.0891539124825176,-0.0993569091865005,-0.0113227468798647
3.25675401762667,1.56451279796558,-37.5693668261245,3.36021356312149,-0.034616354588223,-0.00862583508602244,-0.0993376255392257,-0.0114906985091674
3.25844626754418,1.5645041001221,-37.7116948480245,3.34326758245989,-0.0430099837220932,-0.00528719459705185,-0.0993180381778712,-0.0116587860645488
3.26014021727395,1.56449653777515,-37.9186528472888,3.38319283569201,-0.107659852969365,0.0517522622529059,-0.0992981462949955,-0.0118270090207824
3.26183585573544,1.56450175577984,-38.0745053300819,3.42162863900726,-0.0565745335702896,0.0504311690089148,-0.0992779492227513,-0.0119953656936672
3.2635331892756,1.56450231557533,-38.2146983008751,3.51168211257349,-0.0409355247041008,0.10221732969304,-0.099257446089079,-0.0121638561268039
3.26523221457422,1.56450789065997,-38.3518505156937,3.59396799905232,-0.0379155786814849,0.0946183658798567,-0.0992366361371804,-0.0123324794010314
3.26693293456157,1.5645122272204,-38.4586733974057,3.65448985188223,-0.00760736317726929,0.0730230880446165,-0.0992155185346866,-0.0125012352146998
3.26863535632985,1.56451116628273,-38.5330111019796,3.68721222343398,0.0248563878209667,0.0453924952275746,-0.0991940923948556,-0.0126701236758309
3.27033948791663,1.5645037695495,-38.6777323737549,3.61785892763411,-0.0455489149609618,-0.0565141508172102,-0.0991723568143572,-0.0128391449826624
3.27204533732904,1.56449007550626,-38.789011895767,3.53322472765205,-0.0121292111269775,-0.0716259006552924,-0.0991503108851674,-0.0130082993267626
3.27375291119455,1.56447147182116,-38.8672489254699,3.48353471250642,0.0208909240095299,-0.0365124283863756,-0.0991279537123722,-0.0131775867592593
3.27546220991516,1.5644541905839,-38.9349110882722,3.40645647261782,0.0314431216776323,-0.0637312331778745,-0.0991052844800113,-0.0133470067107212
3.27717323960739,1.56443251767983,-39.0139565525385,3.37740582889817,0.0200368380287168,-0.0155340845447596,-0.0990823022949696,-0.0135165591748889
3.27888599502769,1.56441781931267,-39.131365720831,3.31678427462132,-0.0183501618766426,-0.046935311260238,-0.0990590064158243,-0.0136862430166093
3.28060047839353,1.56440262918169,-39.2045768510687,3.25736394032139,0.0258242657639243,-0.0455642764628248,-0.0990353960017054,-0.0138560578371122
3.28231669531368,1.5643835582445,-39.332301075925,3.27219029590788,-0.0287127546931973,0.0288523591566654,-0.0990114701630549,-0.0140260035701726
3.28403463328585,1.56437872314671,-39.4606574929212,3.26202821259741,-0.0293691887321827,0.00403399504276614,-0.0989872282639979,-0.014196078353235
3.28575429709853,1.5643708206109,-39.5159784403061,3.33747652453913,0.0436417220442129,0.0898145939747883,-0.0989626694291652,-0.0143662820330723
3.28747568441004,1.56436698558164,-39.5361507961666,3.36257217887832,0.078765437023554,0.0396322680867103,-0.098937792883991,-0.0145366137475171
3.2891988064628,1.56435363165061,-39.6646947174395,3.38534975259063,-0.0296313236168064,0.037484647687551,-0.0989125976561474,-0.0147070739752373
3.29092365541824,1.56434985102327,-39.8068355453068,3.40294638775141,-0.0432537448172972,0.0324742964646358,-0.0988870830499501,-0.0148776613038563
3.29265023240029,1.56434667337187,-39.9919331482436,3.36695869009919,-0.0862363546962381,-0.0209393224474401,-0.0988612482406324,-0.0150483752047877
3.2943785418829,1.56434074978724,-40.0206189255512,3.23926330396361,0.0701493150445103,-0.112476170658196,-0.0988350923521257,-0.0152192154773756
3.29610861151901,1.56430890577416,-40.0852891597777,3.14443619628279,0.0341383799225365,-0.0794369234731136,-0.0988086141490339,-0.0153901842077129
3.29784043570119,1.56428442933668,-40.1646933070175,3.07974744302257,0.019377665655365,-0.0491274730698752,-0.0987818128950761,-0.0155612801903371
3.29957401106745,1.56426506944631,-40.2070129115846,3.02356164668148,0.0564350832557627,-0.0404532939020859,-0.0987546878229413,-0.0157325024390085
3.30130934175184,1.56424332667921,-40.2877425099812,2.99260447199479,0.0179976396522989,-0.0150533239818968,-0.0987272380488766,-0.0159038507047967
3.30304642278583,1.5642283077533,-40.3959715765763,2.93074542256342,-0.00952960376195744,-0.045783725594595,-0.0986994628331028,-0.0160753238367678
3.3047852573321,1.56421187652315,-40.5216078768696,2.92155027881889,-0.0269649389856763,0.00705177773918897,-0.0986713613076343,-0.0162469214837241
3.30652583882206,1.56420376737069,-40.6610522107001,2.87739243226466,-0.0408014010679403,-0.0277392042231726,-0.0986429327625894,-0.0164186423310599
3.30826817217733,1.56419248355489,-40.7685688601022,2.85698603330478,-0.00890247309964964,-0.00381591276499971,-0.0986141763024851,-0.0165904861948763
3.31001225909334,1.56418125616071,-40.8977556757528,2.91744933683105,-0.0306017245675165,0.0772257560957872,-0.0985850910830576,-0.0167624525695151
3.31175808895057,1.56418240186603,-41.0498365124925,2.99725426164174,-0.0535251602717004,0.0967394645429467,-0.0985556764679569,-0.0169345397322577
3.31350565887446,1.56418816506025,-41.1682431588298,2.98684271907762,-0.0198807146410918,0.00669520415745772,-0.0985259316961982,-0.0171067467215742
3.31525498527226,1.56417926107502,-41.2367236407364,2.99335630997323,0.0300153737695141,0.0237926653679201,-0.0984958556761662,-0.0172790744723159
3.31700607245212,1.56416780541141,-41.2202684030022,2.99389610066514,0.114920685250854,0.0179913134147676,-0.0984654475166475,-0.0174515227228556
3.31875893094746,1.5641475771138,-41.2388120730337,2.99839780086525,0.0798910361828065,0.022125792020754,-0.0984347062143105,-0.017624091820641
3.32051355872965,1.56413114875855,-41.3645690065937,2.99343660780674,-0.027353302577326,0.0128355878139579,-0.0984036309826895,-0.017796780872469
3.32226994871454,1.56412357383434,-41.4410407175029,3.02086789706875,0.0219005102189485,0.0454008777468629,-0.0983722211281471,-0.017969588484852
3.32402810315793,1.56411550532751,-41.515632491613,2.94210209164322,0.0237487016829987,-0.0606232912450595,-0.0983404757930892,-0.0181425141804776
3.32578803762243,1.56409363865673,-41.5658772696397,2.87867128351485,0.0480636158485668,-0.0451152493416547,-0.0983083938752463,-0.0183155587867102
3.32754975426057,1.56407139948362,-41.590263658881,2.86540560548205,0.0738895852687826,0.00522304377498983,-0.0982759745101224,-0.0184887218077878
3.32931325086176,1.56405315306639,-41.6603251139721,2.77658159798795,0.0281817618227276,-0.070162005178334,-0.0982432169137711,-0.0186620023157679
3.33107853467972,1.5640294329023,-41.722373348724,2.73340202503246,0.0361618853742489,-0.024344172646267,-0.0982101201261416,-0.0188354003092272
3.332845602395,1.56401081940031,-41.8319295367111,2.67220633388567,-0.0113795046033833,-0.0421867764023203,-0.0981766833837719,-0.0190089147444722
3.33461445366621,1.56399433119134,-41.8767677402106,2.60447689675983,0.053304702369553,-0.0485468922585814,-0.0981429058690232,-0.0191825448672498
3.33638509728823,1.56397083164302,-41.9193148064915,2.60925695624041,0.0555617203073853,0.0241363502970029,-0.0981087865883073,-0.019356290816424
3.33815752584606,1.56395653946057,-42.0572927535826,2.518021518894,-0.0399036222318663,-0.0717052862098271,-0.0980743248591706,-0.0195301511365857
3.33993174463448,1.56393873742677,-42.1392582083313,2.48111130567102,0.0160740650058311,-0.0172060876068636,-0.0980395197545581,-0.0197041256161143
3.34170775368209,1.56392269701682,-42.2585599552798,2.45955652514208,-0.0212973764993931,-0.00167656700569951,-0.0980043704491004,-0.0198782135232393
3.34348554922274,1.56391221303328,-42.3807167791329,2.4413265332826,-0.0241879476589175,0.00182242189161741,-0.0979688761942001,-0.0200524137511046
3.34526513233289,1.56390243907818,-42.5125790553417,2.37811103767663,-0.0339292400621476,-0.0429887699416378,-0.0979330361466442,-0.0202267256643306
3.34704650978157,1.56388768365414,-42.658995998655,2.33043286348298,-0.0485200939662995,-0.0272770250122925,-0.0978968493470559,-0.0204011491813534
3.34882967991944,1.56387637190889,-42.7938917588682,2.31233940685389,-0.0370354452079109,0.00248222676338461,-0.0978603150052801,-0.0205756833924745
3.3506146417414,1.56386785796044,-42.8185173264255,2.23040814957474,0.0731978647623674,-0.0611809298312296,-0.0978234323196855,-0.0207503274479202
3.35240141615981,1.5638402233289,-42.9350832054695,2.15170167614114,-0.0187796790124746,-0.0577813907956455,-0.0977862000314708,-0.0209250826379534
3.35418999570573,1.56382187024395,-43.0148542307144,2.04669316356306,0.0179775922219365,-0.0839085651059666,-0.0977486174668162,-0.0210999474721156
3.35598038929913,1.56379640230282,-43.099343553645,2.00559453573578,0.0132213606786302,-0.0198237057682125,-0.0977106836092181,-0.0212749220590646
3.35777258982559,1.56377986283375,-43.1616550238374,1.8737660005121,0.0353609275881981,-0.110378530287095,-0.0976723977806429,-0.0214500049365929
3.35956661343177,1.56374898364727,-43.3266722503975,1.77060225249384,-0.0673834677542815,-0.0815385511070064,-0.0976337588058016,-0.0216251969112551
3.36136244812639,1.56373191881696,-43.487982539914,1.68291871549433,-0.0637155234042104,-0.0658830409619275,-0.0975947661123047,-0.0218004960375803
3.3631600940027,1.56371657181463,-43.6122525954044,1.53560067317895,-0.0267146366190478,-0.125342140767917,-0.0975554188714094,-0.0219759015474647
3.36495956461902,1.56368947767825,-43.795725871923,1.4252928770153,-0.0859575605616572,-0.0881563821812077,-0.0975157159568592,-0.0221514139824334
3.36676085095244,1.563673231203,-43.9260133189001,1.39086435748427,-0.0328117902392582,-0.0121014878537298,-0.0974756567378786,-0.0223270316773026
3.36856394980021,1.56366200317901,-44.0247893414182,1.32792228944886,-0.00134078205821186,-0.0404393145034283,-0.0974352404599002,-0.0225027535319888
3.37036887002548,1.56364372453063,-44.1235251435489,1.31244661631415,-0.00134133603281716,0.00720290648393673,-0.0973944660978267,-0.0226785796186465
3.37217560699256,1.56363190294572,-44.2606401550144,1.31161787411384,-0.0397616785358861,0.0220257664900796,-0.0973533329297008,-0.0228545086903838
3.37398415665141,1.56362594814111,-44.40500541558,1.2674089411035,-0.0470534203413782,-0.0211783934557261,-0.0973118402242162,-0.0230305395546136
3.37579452599578,1.56361481228212,-44.5478538343406,1.25893922920387,-0.045578431763007,0.0147369601905707,-0.0972699869975198,-0.0232066720902056
3.37760671209319,1.56360842859007,-44.7003955253119,1.27315168132925,-0.0553139184774691,0.0375953573316798,-0.0972277724938367,-0.0233829052062984
3.37942071264695,1.56360615833234,-44.8416356676837,1.28631851287501,-0.0440549464264057,0.0367260694166149,-0.0971851959453931,-0.0235592378708553
3.38123653074643,1.56360261316656,-44.9544352817553,1.38341403071475,-0.0156573576125494,0.120831187411724,-0.0971422564591208,-0.0237356695719838
3.3830541596536,1.56360762357273,-45.1126465440693,1.39071600417527,-0.061112308938307,0.0312141723000816,-0.0970989533757038,-0.023912198839565
3.38487360876513,1.56360504812387,-45.2308804834984,1.42628481920768,-0.0211786537761327,0.0596576407995539,-0.0970552856528708,-0.0240888257671405
3.3866948801489,1.56360222500001,-45.4063036662816,1.49332850917191,-0.0784119303627682,0.0913092396963902,-0.0970112524205108,-0.0242655497321601
3.38851796542803,1.56360960101794,-45.5616556109313,1.52297497921978,-0.0583850915863562,0.0540888391432919,-0.0969668530633177,-0.0244423690954244
3.39034287355272,1.56360984073843,-45.6297457850847,1.49279504751728,0.0288319123929353,-0.00556064780738019,-0.0969220865463173,-0.0246192838951131
3.39216962353353,1.56359289274443,-45.8052767969697,1.51685666987043,-0.0786540603052921,0.0488579174920774,-0.09687695157974,-0.0247962951389259
3.39399819864965,1.56359450740902,-45.9550510955213,1.55889485844721,-0.0529428507978906,0.0670115889444562,-0.0968314477536905,-0.0249734003676773
3.39582860094866,1.56359589964014,-46.0738846899178,1.58745668600851,-0.0220480201974098,0.0537124264994988,-0.0967855741991002,-0.0251505989382057
3.39766083731913,1.56359223048058,-46.212505466713,1.60695486827461,-0.0418814468713236,0.0448260729378709,-0.0967393299238682,-0.0253278906717671
3.39949490873517,1.56358942127696,-46.39832916779,1.61161351651177,-0.0891309869941388,0.0301639230500812,-0.0966927140828997,-0.0255052748129208
3.40133081403044,1.56358961346215,-46.5017892396902,1.57500112902285,-0.00681434601373176,-0.0109296370932932,-0.0966457258864342,-0.0256827503956297
3.40316856931953,1.56357552494288,-46.6863170732919,1.50239672434663,-0.0879294695019688,-0.046744086556386,-0.0965983640997144,-0.0258603181198338
3.40500817270371,1.56356518513915,-46.8094623723715,1.52641076005889,-0.0265946711329885,0.0500520126519035,-0.09655062794664,-0.0260379769396454
3.40684961945215,1.56356142426914,-46.9330454448628,1.4599825523053,-0.0270805557635212,-0.0402124822209409,-0.0965025167277892,-0.026215725532641
3.40869292362592,1.56354544567639,-46.9860010871515,1.43009267548476,0.0434983869635328,-0.00349631243427106,-0.0964540292522166,-0.0263935643862768
3.41053808972136,1.56352682818861,-47.0570617963795,1.40143035512385,0.0253444553462803,-0.00209082730132915,-0.0964051645742318,-0.0265714930595796
3.4123851175077,1.56351030338581,-47.1037586013092,1.40496317452902,0.0496591169427463,0.0302823300567603,-0.0963559218725075,-0.0267495106515844
3.41423400709161,1.56349553359069,-47.1120903064519,1.3935177042532,0.0879745951752344,0.0154821460144081,-0.0963063003179234,-0.0269276162902318
3.4160847665084,1.56347459030782,-47.1027226822204,1.43448790382461,0.105623923099045,0.0680760094343875,-0.0962562988675137,-0.0271058098629772
3.41793739235584,1.56345891906266,-47.1640734466314,1.5311664190843,0.0348551523747722,0.123962605411343,-0.0962059167858,-0.0272840901516567
3.41979187132887,1.56345841932569,-47.3420510074247,1.50060640728324,-0.0818224071804727,-0.00309755681813995,-0.0961551536128527,-0.0274624549829164
3.42164821016881,1.56345303139459,-47.4586498902367,1.46578610002993,-0.0204948744666082,-0.0071794031443102,-0.0961040083453189,-0.027640904108999
3.42350641788054,1.5634404984364,-47.5654852413387,1.41513390742161,-0.0107828711887623,-0.022832755113775,-0.0960524799132603,-0.0278194374945418
3.42536649955461,1.56342474380997,-47.6965368722106,1.39810314003573,-0.035051063520803,0.0109672873369939,-0.0960005673511096,-0.0279980547228746
3.42722844985174,1.56341620242746,-47.7875267867711,1.3428107136041,0.0049583554242596,-0.0271156720597714,-0.0959482699847581,-0.0281767543718572
3.42909228022292,1.56339807866431,-47.8609276841246,1.26685483760229,0.02249468931557,-0.047600339374926,-0.0958955866690487,-0.0283555366268912
3.43095799732734,1.56337517580774,-47.9220281921334,1.22185441505223,0.0347420083797552,-0.0164660213420562,-0.0958425163886105,-0.0285344012079967
3.43282560016622,1.56335515844191,-47.9872446838972,1.19018332808132,0.0305725665806662,-0.00295773987441006,-0.0957890583444457,-0.0287133470965052
3.43469508836352,1.56333740286937,-48.0807726617466,1.14911405300758,0.00220723387214994,-0.012176901743902,-0.095735211721546,-0.0288923733298385
3.43656646203935,1.56332141253459,-48.2127293089531,1.08614219110858,-0.0362756715144363,-0.0339003829097591,-0.0956809756920282,-0.0290714789892347
3.43843972192763,1.56330657375481,-48.3321074531538,1.03312576745917,-0.0237517947894825,-0.0237657604385544,-0.0956263494112629,-0.0292506632108582
3.44031486991606,1.56329173349789,-48.4437802583645,1.02669561504126,-0.0161014732092855,0.0229997728193201,-0.0955713320014479,-0.0294299252372314
3.44219190227217,1.56328251381087,-48.5377376912701,0.993179903923732,0.00155848984562645,-0.00390644734763779,-0.0955159227511572,-0.0296092637698909
3.44407082659828,1.56326757616277,-48.6631069024261,0.94940344768026,-0.0299090905406887,-0.0139877776540049,-0.0954601206153305,-0.0297886785894668
3.44595164275441,1.56325467046603,-48.8134376977801,0.91952247647486,-0.0549268705772086,8.71975270779757e-05,-0.0954039247768232,-0.0299681687324778
3.44783434792047,1.56324647669578,-48.9751998783486,0.938348092679052,-0.0664148460677101,0.0489733491803466,-0.0953473345007529,-0.0301477329761548
3.44971893589751,1.56324637087928,-49.1191973228334,0.909006000624261,-0.0487070953267184,0.000985277717828748,-0.0952903491581115,-0.0303273697726196
3.45160541722853,1.56323760488087,-49.3211862539502,0.834723599011073,-0.106755963501787,-0.0437753224471646,-0.0952329676149913,-0.0305070791660235
3.45349379352382,1.56322912194037,-49.4728158242711,0.807754550952704,-0.0564543813155058,0.00371781228577461,-0.0951751890054284,-0.0306868603441437
3.45538406570268,1.56322161465753,-49.6503640296392,0.8083037369815,-0.082431192883015,0.0314158984536594,-0.0951170124850482,-0.030866712424863
3.45727622884695,1.56322092143482,-49.7567277608075,0.835122425627482,-0.0113052937768279,0.0578653226131254,-0.0950584373914813,-0.0310466339671443
3.45917028925503,1.56321582076469,-49.8670187790376,0.828933962284201,-0.01529155551298,0.0250381612495925,-0.0949994627170901,-0.0312266245928729
3.46106625297519,1.56320656909627,-49.9988577382139,0.917398861870462,-0.0368988717173613,0.11987158348115,-0.0949400874590207,-0.0314066838948894
3.4629641062751,1.56321295306632,-50.1184009434613,0.920051786450364,-0.0246628940110369,0.034239734163884,-0.0948803112363428,-0.0315868095839818
3.46486386438013,1.56320600124969,-50.2602006732235,0.982320270565463,-0.046979597002526,0.0940354862312787,-0.0948201327596129,-0.0317670021161801
3.46676551836445,1.56320988005708,-50.4074682045769,0.936534389497993,-0.0525079798519421,-0.0138386214160069,-0.094759551501482,-0.0319472596514629
3.46866908445932,1.56319942349576,-50.4784530757297,0.908107780115671,0.0237136949815557,0.00370097334815611,-0.0946985661343204,-0.0321275827304785
3.47057457095857,1.56318258520109,-50.5761542546786,0.924933447127718,-0.00306400337222268,0.0491336381469354,-0.094637175576764,-0.0323079711348879
3.47248197042532,1.56317510421267,-50.6749427109026,0.939011137830101,-0.0042130769698776,0.0465661138550737,-0.0945753792540729,-0.0324884231526906
3.47439128503148,1.56316736426584,-50.7684420305187,0.906704339029974,0.00101385666837128,0.00036213917787542,-0.0945131762845234,-0.0326689379780029
3.47630252374954,1.56315256696905,-50.9034647477389,0.774641467433287,-0.0405721516571944,-0.0992133561538509,-0.0944505655630018,-0.0328495154428357
3.47821569758827,1.56312868502233,-51.0147551468614,0.732667159476546,-0.0169028532101887,-0.00894415239149193,-0.0943875459122413,-0.033030155565249
3.48013079870331,1.56311458255203,-51.1557582278624,0.637130617954103,-0.0466789642262659,-0.06232568494415,-0.0943241167747465,-0.0332108565782935
3.48204783304258,1.56309645943162,-51.2540356254927,0.605742085865972,-0.00401712049051284,0.0020030859250133,-0.0942602771397594,-0.0333916180131444
3.48396679857472,1.56308230089762,-51.3070676292813,0.615743081197318,0.0411640224730867,0.0435734339752503,-0.0941960262617341,-0.0335724386439041
3.48588769675336,1.56306861993633,-51.3349310008317,0.567864714086265,0.0662679917302311,-0.0141250495417509,-0.0941313632806083,-0.0337533175693019
3.48781054060902,1.56304384109148,-51.4180224829444,0.435268946494742,0.0109748048313234,-0.0986615126187802,-0.094066286944074,-0.0339342549727429
3.48973533758502,1.56301356461006,-51.4144179975171,0.325636250266184,0.0976052816099733,-0.0755174457234917,-0.0940007961826737,-0.0341152505050666
3.4916620967044,1.56297621821028,-51.4982274018844,0.238080565691496,0.010125485501856,-0.0532593806151309,-0.0939348898690668,-0.0342963039595565
3.49359080657013,1.56295223096492,-51.6042520158851,0.18180627562949,-0.0121560464256181,-0.0217968768557111,-0.0938685675751066,-0.0344774132062955
3.49552146208367,1.56293529303105,-51.7010649415714,0.15959498204856,-0.00301109702200275,0.0124472831242528,-0.093801828664323,-0.0346585767051822
3.49745406142734,1.56292211841507,-51.8374471806558,0.176326867509345,-0.0426475666930148,0.0515716786817968,-0.0937346723913682,-0.034839793221012
3.49938859628061,1.56291920816185,-51.9366071482229,0.125686801863217,-0.0054928693254217,-0.0156190047401572,-0.0936670982417002,-0.0350210609059705
3.50132508262659,1.56290225030248,-52.0596403341163,0.0636772782839628,-0.0294340810403666,-0.0268071433939441,-0.0935991048530319,-0.0352023801853105
3.50326352120648,1.56288650273316,-52.1274703801538,0.0195683486389193,0.0257006453551289,-0.00872517959469588,-0.0935306913925826,-0.0353837500503476
3.50520391802711,1.56286670057833,-52.2050372433168,-0.0194112237058412,0.0158949936785584,-0.0034144023644529,-0.0934618568415577,-0.0355651699803076
3.50714627316607,1.56284877906337,-52.293071764688,-0.0405575617539389,0.00535807901933083,0.0146003008468845,-0.0933926003905649,-0.0357466388949821
3.50909058477526,1.56283466398088,-52.385956628111,-0.0693558862150035,0.000438057878131559,0.00712983106932064,-0.0933229213011704,-0.0359281555303853
3.51103685533913,1.56282002089868,-52.4216722434311,-0.13139816330919,0.0575372033616057,-0.0259325580711569,-0.0932528186816778,-0.0361097190230294
3.51298509851393,1.5627936805406,-52.5209861567676,-0.180096693946398,-0.00613162210144491,-0.0124072010915159,-0.0931822912350085,-0.0362913295456926
3.51493530671689,1.56277689555677,-52.6202751947247,-0.223866501042722,-0.00617769952646352,-0.00729682181068991,-0.0931113384306872,-0.0364729852856334
3.51688748121506,1.56276080854445,-52.6609586827287,-0.247678502591638,0.0523564714173146,0.0128426837026554,-0.0930399594212518,-0.0366546852515722
3.51884162818115,1.56274051512514,-52.6897695520907,-0.315822977174319,0.0641572838175097,-0.0313080456788195,-0.0929681531795206,-0.0368364289038609
3.52079775749684,1.56271231249586,-52.7831617992101,-0.380241248822494,-0.000496328581019334,-0.0274000556066376,-0.0928959185384485,-0.0370182160415374
3.52275586283149,1.5626924228394,-52.8927508520142,-0.451676681204447,-0.0167657978752036,-0.0342353874301611,-0.0928232549288414,-0.0372000449517917
3.52471594524663,1.5626734476916,-53.0278077109285,-0.512071967909506,-0.0423066974025481,-0.0230133720998995,-0.0927501615117327,-0.0373819146051604
3.52667800201133,1.56265918055044,-53.1550777623536,-0.580729579193775,-0.0345934138333783,-0.0310937876679818,-0.0926766375918145,-0.0375638236162864
3.52864203725895,1.56264275438958,-53.2801616525129,-0.614662159706239,-0.0324812079405961,0.00381319071969166,-0.0926026822186581,-0.0377457712321556
3.53060804812962,1.56263116659206,-53.32876706088,-0.649546290488418,0.0439228863390122,0.00304362526515911,-0.0925282947060713,-0.0379277560473385
3.53257604614734,1.562610030407,-53.4858370036736,-0.628806008295168,-0.0646164689698416,0.0588500601762272,-0.0924534738238006,-0.0381097779829771
3.53454601176222,1.56261043126927,-53.607275662406,-0.690925852766936,-0.029060439207294,-0.0238280103896962,-0.0923782195251189,-0.0382918340820721
3.53651796351612,1.5625942578585,-53.6726765187566,-0.713177055572476,0.026901673963442,0.0162227220998172,-0.0923025303140544,-0.0384739249053573
3.53849190446614,1.56257701349636,-53.8284458832042,-0.76548391642747,-0.0635429591657788,-0.0136508112792821,-0.0922264052817852,-0.0386560495757119
3.54046782983096,1.56256653964694,-53.933956056771,-0.829173820198778,-0.0133603297430289,-0.0248516972826907,-0.0921498438237828,-0.0388382064886169
3.54244574952254,1.56254813825407,-54.0909821411162,-0.952178033282425,-0.064953239577437,-0.0839838176939338,-0.0920728447677731,-0.0390203953897132
3.54442566789287,1.56252737919428,-54.1848248497139,-0.97071049851956,-0.001847301443342,0.0206701502687916,-0.091995407154349,-0.039202615505927
3.54640757937027,1.56251419048742,-54.2222653806556,-1.01527090888386,0.0544769994721896,-0.00517554521780994,-0.0919175304139148,-0.039384865146488
3.54839149692744,1.56249002219912,-54.2567477326526,-1.05751130735806,0.0573568612523587,-0.0026732541529233,-0.0918392132493487,-0.0395671443212755
3.55037742262498,1.56246579939113,-54.3762149557213,-1.07143634269422,-0.0277067682786845,0.0258244166944404,-0.091760454789996,-0.0397494520306017
3.55236534356264,1.56245648496709,-54.4834719456871,-1.11827476521854,-0.0155757352024484,-0.00690663662604507,-0.0916812547633052,-0.0399317858982782
3.55435526818899,1.5624407172085,-54.5704647874293,-1.16737194643157,0.00460877030967577,-0.00898303570944536,-0.0916016120519564,-0.040114145503586
3.55634720142061,1.5624220365732,-54.6465007407605,-1.19896348662455,0.015485572345816,0.00870498990267077,-0.0915215256770245,-0.0402965300956515
3.55834114404875,1.56240457327932,-54.7434842568195,-1.27102756335555,-0.00554252123376031,-0.0315851381904189,-0.0914409948252323,-0.0404789385405774
3.56033710151977,1.56238367303243,-54.8411599070681,-1.29292215978398,-0.00631563175286942,0.0187667736968393,-0.0913600184957081,-0.040661370125266
3.56233506823049,1.56237039079114,-54.9487955802201,-1.36306994944247,-0.0163570770148036,-0.0293039665364656,-0.0912785961371927,-0.0408438231220251
3.56433505219453,1.56235110419337,-55.029325083736,-1.46094057121666,0.010667223130274,-0.056844324731641,-0.0911967266461718,-0.0410262970425484
3.56633706311657,1.56232413015225,-55.0739340578195,-1.51717386129679,0.0465054347623948,-0.015024498534399,-0.0911144088459129,-0.0412087915457349
3.56834110137561,1.56229880407744,-55.1091605162666,-1.55217018675386,0.0558051834938276,0.00639497997700866,-0.0910316419409385,-0.0413913054340736
3.57034716700831,1.56227546867627,-55.2141808300522,-1.57672440880027,-0.0140718886334641,0.0170196154280839,-0.0909484251520806,-0.0415738374745031
3.57235525151532,1.5622626600037,-55.2680413116411,-1.62749108171565,0.0370042764700074,-0.0090102872613449,-0.0908647580589508,-0.041756385654033
3.57436536749593,1.56223927090566,-55.3853862018393,-1.62986514177607,-0.0265642508332782,0.0395648898131697,-0.0907806393649036,-0.0419389498735879
3.57637750144382,1.56223141960071,-55.4007017839588,-1.7656820071298,0.0753804867466492,-0.0936953376958534,-0.0906960688661117,-0.0421215276578798
3.57839168895684,1.56218998842406,-55.4844266462853,-1.79559783983508,0.00688618196722679,0.0123882882760116,-0.0906110442937328,-0.0423041209812849
3.5804079070898,1.56217355599498,-55.6078342068621,-1.87303445905022,-0.0328819947341916,-0.0349498927130525,-0.0905255658426734,-0.0424867265020947
3.58242616005832,1.56215493857504,-55.7071344309427,-1.94041840932085,-0.00886059151247487,-0.0247146069320952,-0.0904396325681323,-0.0426693433385284
3.58444645149111,1.56213472726783,-55.7087326295496,-1.90546362147466,0.0887550449430305,0.077806758396195,-0.0903532435498637,-0.0428519705500111
3.58646878034157,1.56211760103126,-55.7150394153361,-1.97977677698339,0.0839596122822011,-0.0312785487403686,-0.0902663980686761,-0.0430346067683592
3.5884931649252,1.56208419671094,-55.7115460234075,-2.01985610458091,0.0936724865004379,0.00313792476996122,-0.090179094571889,-0.0432172523674783
3.5905196032958,1.56205479432604,-55.6917425970072,-2.05331357082966,0.109894758775621,0.00994243963636077,-0.0900913323753387,-0.0433999058851082
3.59254809859475,1.56202430434281,-55.7520949628349,-2.1148467110861,0.0296507447494525,-0.0179505739432573,-0.0900031105771147,-0.0435825663131907
3.59457864693327,1.56199976008058,-55.8509029983864,-2.18371125929493,-0.00889360696825348,-0.025099316202768,-0.0899144285832691,-0.0437652320060594
3.59661124657342,1.56197900677464,-55.9369367792758,-2.19364104194412,0.00379150482138524,0.0340181188590596,-0.089825285710769,-0.0439479015082485
3.59864589199659,1.5619658234098,-56.0948021916069,-2.20779424721666,-0.0681297308838436,0.0299773677487298,-0.0897356814473169,-0.0441305730212704
3.60068257657178,1.56196131680837,-56.2072681975297,-2.23707365435137,-0.0228203905862259,0.0150338375098209,-0.089645615336578,-0.0443132446445336
3.6027213105985,1.56194854984719,-56.3225629200311,-2.25596307971363,-0.0257396363250129,0.0256064906294462,-0.0895550861763845,-0.0444959159916991
3.60476209411998,1.56193778911671,-56.4603530160927,-2.2835463053761,-0.0483260028436092,0.0170953600882968,-0.0894640932179577,-0.0446785857507663
3.60680492758741,1.56192862669324,-56.5220576147473,-2.28354020123487,0.0276680370422877,0.0448673567830316,-0.0893726356968839,-0.0448612526418075
3.6088498187079,1.5619138070973,-56.5163319663712,-2.35100207600839,0.0950063609003617,-0.0224179587453444,-0.0892807125243022,-0.0450439160281709
3.61089678902073,1.56187950587834,-56.5038927960896,-2.36857149968428,0.101627492264506,0.0276571528237528,-0.0891883219828773,-0.045226576499649
3.61294583363518,1.5618521745695,-56.5880167847525,-2.45941861604569,0.00497147487961058,-0.0454378840825567,-0.0890954635424608,-0.0454092322788443
3.61499695359133,1.56182587748811,-56.6441984029958,-2.49850817192964,0.0328205181655581,0.00650232622962665,-0.0890021364088602,-0.0455918821135807
3.61705014646133,1.56180408359191,-56.7688312960949,-2.49727211013879,-0.0357245531504486,0.0470105862293688,-0.0889083399486644,-0.0457745244385207
3.61910539892374,1.56179768404661,-56.8454413902556,-2.54321069820523,0.0122039798730187,1.85686508511473e-05,-0.0888140740336938,-0.04595715671729
3.62116272685649,1.56177746617448,-56.8772686924105,-2.60292683589244,0.0568920350461575,-0.0135763586825388,-0.0887193372010879,-0.0461397790046687
3.62322214046335,1.56174911999742,-56.947645737101,-2.65393327982614,0.0182470835515707,-0.00468405309158237,-0.0886241282420869,-0.0463223908421202
3.6252836353901,1.56172721371028,-57.0148015272348,-2.64206662549898,0.0213726564866019,0.0583716448011158,-0.0885284466203781,-0.0465049904739574
3.62734720410106,1.56171492443066,-57.0832057554685,-2.64369183090496,0.020028063720495,0.0450623704543713,-0.0884322919542659,-0.046687575860345
3.62941285066829,1.56170063687808,-57.1596841291843,-2.67195380428323,0.0118572896106941,0.018608172606998,-0.0883356633264235,-0.0468701459852726
3.63148058037553,1.56168314342623,-57.243199813656,-2.743988018686,0.00472287529078308,-0.0249815144691503,-0.0882385597624786,-0.0470526999336222
3.63355040141475,1.56165954115142,-57.2430291379251,-2.79996872435872,0.0883116558806525,-0.00874546863263115,-0.0881409801497948,-0.04723523704009
3.63562232442305,1.56162739312034,-57.2438077266419,-2.84223454837432,0.0872643345399888,0.0051519328313665,-0.0880429232567967,-0.047417756846964
3.63769634918923,1.56159755824331,-57.2388418587248,-2.84712810026584,0.0929102562806099,0.0427067060422859,-0.0879443883635312,-0.0476002579338012
3.63977247252883,1.5615730095884,-57.3171654779032,-2.84475916424374,0.00952175571694713,0.0501516746366275,-0.0878453748952989,-0.0477827386145289
3.64185068437827,1.56156062308726,-57.3475874064725,-2.84580793155522,0.0573239540434711,0.0469164292847266,-0.087745882612733,-0.0479651965962038
3.64393099369884,1.56154136380524,-57.3518566250267,-2.86032903166766,0.0833766918166394,0.0336265311403978,-0.0876459103708785,-0.048147631252845
3.64601340821641,1.56151647613374,-57.3687818055845,-2.93595596605434,0.07062027652323,-0.0272968925444521,-0.0875454570810405,-0.0483300418422299
3.64809793833794,1.56148328668247,-57.3985229231314,-2.9815271798627,0.0577034039750419,0.00294121404060488,-0.0874445215219337,-0.0485124278489551
3.65018457962984,1.56145664643386,-57.3962541352668,-3.09913855277894,0.0896118910550499,-0.0689165854636034,-0.0873431031904755,-0.0486947874526417
3.65227335027643,1.56141393304955,-57.4580590928742,-3.15298410219727,0.0254362428770909,-0.00496842861495894,-0.0872412004844777,-0.0488771208033695
3.65436423357083,1.5613900558745,-57.5172749293179,-3.1923536981098,0.0279229770596876,0.00968982908631277,-0.0871388135034118,-0.0490594249988483
3.656457229603,1.561368201398,-57.592364956378,-3.24611419539943,0.0119459144749894,-0.00451879868864191,-0.0870359415350318,-0.0492416986009878
3.65855234080017,1.56134603243595,-57.6579615960463,-3.29143072422925,0.021335944086454,0.00410741154047845,-0.0869325837547323,-0.0494239403702949
3.66064956915381,1.56132398716163,-57.7521569784835,-3.33423057547372,-0.0073666430762378,0.00680629777941055,-0.0868287393609997,-0.0496061490238819
3.66274891260692,1.56130611603508,-57.861935888651,-3.43303185434238,-0.0230545024118376,-0.0490129559462833,-0.0867244077557035,-0.0497883229223728
3.66485038055036,1.56128096917522,-57.9469953665039,-3.52476376608097,0.0015601099206255,-0.0417614503242896,-0.0866195877734487,-0.0499704614142978
3.66695397725681,1.56125367409946,-57.9967987718272,-3.57305553129741,0.0367108731786416,0.00186079818044282,-0.0865142785019985,-0.0501525633968857
3.66905970232103,1.56122891303075,-58.0000269624581,-3.59940048767712,0.0831802886339381,0.0239896709770524,-0.0864084792648032,-0.0503346273567619
3.67116756040879,1.56120161456168,-57.9865691551813,-3.58753541184441,0.0997599964095559,0.0623817280464758,-0.0863021891327969,-0.0505166522137697
3.6732775494288,1.56117854040372,-57.9599107295384,-3.63043124972506,0.112853833162404,0.00780279841809239,-0.0861954075194714,-0.0506986362987434
3.67538968246354,1.56114451469132,-58.0067975800549,-3.71594661779138,0.0392012825546875,-0.03463478882122,-0.0860881330711947,-0.0508805792450938
3.67750395917789,1.5611129681106,-58.0365989624762,-3.79358310868253,0.0561789826920562,-0.0265740113688078,-0.0859803651133787,-0.0510624795223468
3.67962038270251,1.56108043455869,-58.0925159110052,-3.78207152690366,0.0299551542685648,0.0627559176720247,-0.0858721027975304,-0.0512443358931538
3.68173893658305,1.56106650215535,-58.1671552448047,-3.83175222900677,0.011124012484045,0.00174544333139037,-0.0857633462835359,-0.0514261454344997
3.6838596309077,1.56104461193976,-58.2504634301408,-3.88143087984693,0.00234590904085108,0.00192925665923793,-0.0856540943769396,-0.051607907499397
3.68598246668937,1.56102384923049,-58.356211449267,-3.98663842539136,-0.0202036727767227,-0.0534179248889251,-0.0855443463494732,-0.0517896206555076
3.68810745262078,1.56099653528905,-58.4631355159292,-4.0649098652433,-0.0214899655856327,-0.0263001557303997,-0.0854341010765479,-0.0519712841215435
3.69023458611097,1.56097396242517,-58.5525260782052,-4.14870729926007,-0.00406720425672757,-0.0316445378717707,-0.0853233580192993,-0.0521528961449935
3.69236387263367,1.56094806340802,-58.6883425595896,-4.20168201378898,-0.0506043651621049,-0.000640258871850374,-0.0852121162222772,-0.0523344556570633
3.69449530281185,1.56093369445386,-58.7741885918149,-4.24402400978936,-0.000745656715803289,0.0101739643177017,-0.085100375509572,-0.052515960318077
3.69662888367572,1.5609144389485,-58.8332668197757,-4.26198602237407,0.0259099068903752,0.0347353965976325,-0.0849881348510995,-0.0526974091823434
3.69876461678145,1.56089577794496,-58.9098268359498,-4.24572301916211,0.00831537733066101,0.0691418040437304,-0.0848753935047927,-0.0528788008317757
3.70090249600247,1.5608853957552,-58.9801175554364,-4.23591897417447,0.014471431652193,0.0628641781793882,-0.0847621511387879,-0.0530601331917408
3.70304252544979,1.56087304868416,-59.0747836281733,-4.19277754907905,-0.0100176658526121,0.0963828301477621,-0.0846484068843094,-0.0532414050523501
3.70518469821819,1.56086975704786,-59.168436230896,-4.21381517855456,-0.0091184422608408,0.032384984790472,-0.0845341604618445,-0.0534226142659747
3.70732902768462,1.56085523179583,-59.170624449277,-4.2803023338831,0.0822311921324945,-0.0128833949328062,-0.084419410513439,-0.0536037603957359
3.70947553625536,1.56082045694113,-59.2723347958179,-4.37758699770532,-0.0174061913513568,-0.0434998200670211,-0.0843041551895807,-0.0537848437551983
3.71162421805968,1.5607937319317,-59.3224633047552,-4.44429661932736,0.0340598852170366,-0.0127437593597273,-0.0841883941543318,-0.0539658622623124
3.71377507698272,1.5607652950189,-59.3434399599703,-4.54077799473191,0.063095471336434,-0.0423345607513044,-0.0840721265515899,-0.0541468146532503
3.71592812442495,1.56072763475519,-59.3933065210103,-4.58757132601862,0.034088790078036,0.0075343690019285,-0.0839553511180082,-0.0543277002886369
3.71808334999137,1.56070255801035,-59.507470943855,-4.63897493770035,-0.0303263550707205,0.00310490501003113,-0.0838380677739158,-0.0545085166917639
3.72024074795096,1.56068539039824,-59.5630576604773,-4.69036147134447,0.028133559573694,0.00330272813245069,-0.0837202761959989,-0.0546892617765651
3.72240032846638,1.56066023253443,-59.6389049403105,-4.73399462122185,0.00775469536367268,0.0112367849063579,-0.0836019751969332,-0.0548699347837354
3.72456208961151,1.56063918333534,-59.6933142433278,-4.80651295524051,0.0290738612341963,-0.0174678000834045,-0.0834831642514984,-0.0550505339352611
3.72672604163648,1.56061006463845,-59.8047542722677,-4.84068321718365,-0.0280761867725303,0.0210607965212675,-0.0833638421673408,-0.0552310584644065
3.72889217215173,1.56059552638887,-59.8530853149961,-4.87709787874282,0.0349129662748511,0.0189968441510406,-0.0832440090032129,-0.0554115057102134
3.73106049239114,1.56057193273827,-59.9238772034748,-4.83216422013064,0.0123317750387777,0.100525533588825,-0.0831236635175681,-0.0555918749766377
3.73323098700262,1.56056588090829,-59.9962211861449,-4.89357971260055,0.0106588232775566,-0.00564332911909715,-0.0830028059475696,-0.055772163350816
3.73540367686806,1.56054112156656,-60.0576553308747,-4.98709662603952,0.021447289788286,-0.0375645425132156,-0.0828814345181526,-0.0559523709257541
3.73757857145074,1.56050909419197,-60.0880736352235,-5.02797809728201,0.0523412437354427,0.015251025592131,-0.0827595480842614,-0.0561324968346218
3.73975566785456,1.56048216762755,-60.1288237010017,-5.11660330316916,0.0418870804159384,-0.0323126667072542,-0.0826371461941477,-0.0563125391798937
3.74193497546693,1.56044805548852,-60.1384079249341,-5.15839898459387,0.0729300037760288,0.0146968156495768,-0.0825142277083878,-0.056492497074287
3.74411649240398,1.5604180384098,-60.2568264072527,-5.27177492026378,-0.036027690194838,-0.0567035669774079,-0.0823907921237601,-0.0566723686925061
3.74630021887004,1.56039002634684,-60.3038750748115,-5.29242943718598,0.0352181712650861,0.0361976354550244,-0.0822668388238993,-0.0568521523772194
3.7484861501632,1.56036892570922,-60.3719156273227,-5.38455817360873,0.0141018149651431,-0.0350968903595095,-0.0821423674763453,-0.0570318460632396
3.75067429858994,1.56033772342066,-60.3949256870461,-5.44501560499427,0.0590073170598613,-0.00324598230757478,-0.0820173767832095,-0.0572114490779691
3.75286466688602,1.56030600251218,-60.4490962276878,-5.44505053878089,0.0277213253495789,0.0573560261675228,-0.08189186599133,-0.057390959954143
3.7550572419483,1.56028960460994,-60.5751433382214,-5.50717405936168,-0.0442812752717958,-0.00455314465751333,-0.0817658352617548,-0.0575703759232783
3.75725202738675,1.56027180349505,-60.7131560235122,-5.61175871077305,-0.0563734014866948,-0.0468349558281616,-0.0816392838041021,-0.0577496955832086
3.7594490315159,1.56024789824036,-60.9017374071206,-5.62457098333699,-0.107069173051162,0.0451166453447489,-0.0815122105572409,-0.0579289179086924
3.76164823260805,1.5602479393575,-61.0567329710126,-5.66325417272432,-0.0736109476878375,0.0194248500332181,-0.0813846162041706,-0.0581080394205471
3.76384964223653,1.56023860413238,-61.1879664231878,-5.59966632660716,-0.0499769526683238,0.121874905469068,-0.0812564995068581,-0.0582870593519005
3.76605324719994,1.56024467882677,-61.3317397333935,-5.58366439758672,-0.0626454495338646,0.074467903935767,-0.0811278606719014,-0.0584659749153348
3.76825905660993,1.5602438372092,-61.4374354688301,-5.55617019521095,-0.0246970368253354,0.0861389875086462,-0.0809986986112678,-0.0586447851328744
3.77046707595246,1.56023971408531,-61.5287157140352,-5.56046494652547,-0.0104112327569297,0.0545287374094312,-0.0808690124481746,-0.0588234887239526
3.77267731527069,1.56022775772205,-61.6676450287101,-5.54012334597522,-0.0581905136373582,0.0793436853186646,-0.080738801037553,-0.0590020847684082
3.77488976551545,1.56022707050721,-61.7784528804336,-5.60915900406101,-0.0301997873619024,-0.00985508728865603,-0.0806080643616077,-0.0591805707971367
3.77710444915318,1.56020612778917,-61.8885670796349,-5.62886183611172,-0.029637398658418,0.0396561148266328,-0.0804768005428467,-0.05935894687734
3.77932135952018,1.56019408214789,-62.0394091206483,-5.65382172308036,-0.0704970315866875,0.0345773237505851,-0.0803450094266842,-0.0595372107192303
3.78154049393657,1.56018694313304,-62.1348548043606,-5.63189514565018,-0.0152329930822366,0.0816419377815276,-0.0802126906300305,-0.0597153603513452
3.78376185402105,1.56018040945498,-62.2295262309178,-5.70723002736957,-0.0145915830383823,-0.0154414875762336,-0.0800798435189091,-0.0598933941431527
3.78598545983293,1.56015604213959,-62.3190401807559,-5.77340485664287,-0.00956748348294267,-0.00610351734049552,-0.0799464663551274,-0.060071311932806
3.78821131271391,1.56013257885458,-62.359738661045,-5.84305237554206,0.0391140782295918,-0.00939840685008853,-0.0798125585186607,-0.0602491120491029
3.79043942264683,1.56010137979712,-62.4090324075126,-5.91111204212919,0.030384372403462,-0.00763287308327465,-0.0796781188711291,-0.0604267935038607
3.79266979039904,1.56007167042751,-62.5147947275557,-5.99473458701465,-0.0262191732126693,-0.0230181903197471,-0.0795431468303429,-0.0606043545657119
3.79490241293942,1.56004725002316,-62.5968370484714,-6.02595812232866,-0.00263467886648527,0.0295582578824389,-0.0794076420492648,-0.0607817931964485
3.79713728631803,1.56002903433005,-62.6429863287608,-6.08866222452247,0.0331223239544971,-0.00174499491192348,-0.0792716042438594,-0.0609591072818896
3.79937442385445,1.55999974989475,-62.6918959575673,-6.20286603906342,0.0302254032754412,-0.053067518469081,-0.0791350320819662,-0.0611362960718605
3.80161383702731,1.55996125099908,-62.7257259249063,-6.31242679807832,0.0451679570007397,-0.0482474003562099,-0.0789979243397593,-0.0613133586586942
3.80385552956251,1.55992130182972,-62.8136898451423,-6.37317002996644,-0.00910363996905117,0.000747061624115863,-0.0788602802669354,-0.0614902935122316
3.80609948675005,1.55989834201886,-62.8954406739128,-6.46734519693533,-0.00302872851807168,-0.032508069324777,-0.0787221002524112,-0.0616670976441191
3.80834571806853,1.55986816826539,-63.0304255931408,-6.54380243358612,-0.0564015360234249,-0.0146134666806319,-0.0785833832045816,-0.0618437699701585
3.81059421464224,1.55984914435916,-63.1167503485043,-6.60189749462631,-0.0078806261950275,0.00392524691611995,-0.0784441291685006,-0.0620203079563105
3.81284498247258,1.55982638430498,-63.1843568977768,-6.70272949066064,0.0106977880027705,-0.0386352858006878,-0.0783043372752245,-0.0621967102336441
3.81509803471633,1.55979273872826,-63.2852490016288,-6.76580412619409,-0.0227280976416808,-0.000701659549054101,-0.0781640062103435,-0.0623729759843907
3.81735336160144,1.55977114959967,-63.3814744103475,-6.82482186222138,-0.0182022726292748,0.00353136656231978,-0.0780231360894559,-0.0625491025896155
3.81961096533743,1.55974962561754,-63.4870000181329,-6.90333257417214,-0.027643881496759,-0.0157856235865086,-0.0778817262886349,-0.0627250883642436
3.82187085052764,1.55972577512726,-63.5700072977847,-6.93165941635361,-0.00526750361486084,0.0345740896217985,-0.0777397760369814,-0.0629009318032727
3.82413301328147,1.55970809669768,-63.6055780815816,-6.96165342428393,0.0420265013044805,0.0330826228048813,-0.07759728510132,-0.0630766307351975
3.82639746332931,1.55968296543843,-63.7029134453525,-6.96410291240026,-0.0198811113760238,0.0608026959246344,-0.0774542523948686,-0.0632521840409641
3.82866418841635,1.55967237628471,-63.7823211777097,-6.95392713111812,-0.002097054133543,0.073603370173619,-0.0773106782237308,-0.0634275888914812
3.83093319109596,1.55966150881549,-63.8425162980817,-7.01784173992987,0.0169714415941136,-0.000311765209115356,-0.0771665619660405,-0.0636028436026349
3.83320449070381,1.55963358323711,-63.9241100726392,-7.11368649812088,-0.00457187262445791,-0.032066810414298,-0.0770219019330968,-0.0637779477767075
3.83547809247404,1.5596027204785,-64.0239316483242,-7.20621806832981,-0.0229448783551693,-0.0285786702930051,-0.0768766973298335,-0.0639528999159317
3.83775399536249,1.55957520402043,-64.1286248735939,-7.24712773862593,-0.0279622775041135,0.0232180277368461,-0.0767309477655081,-0.0641276980329629
3.84003219099704,1.5595583608157,-64.3209439459334,-7.35238523981957,-0.115734419012802,-0.0409551616185839,-0.076584653326722,-0.064302339575056
3.84231268068023,1.55954250780285,-64.458959588665,-7.46274414478327,-0.0615778292440603,-0.0458820822345916,-0.0764378134875611,-0.0644768227291081
3.84459547595397,1.55951740694741,-64.5319389177171,-7.49714102202525,0.00331109801252616,0.0302542692156766,-0.0762904270646735,-0.0646511464576595
3.84688057445504,1.55949697488608,-64.6097737265315,-7.52862258636522,-0.00169231504083767,0.0333437443129347,-0.0761424937735535,-0.0648253086529047
3.84916797717639,1.55947785310152,-64.6650002309991,-7.5629013984692,0.0207675086511641,0.0307204953547306,-0.0759940131187171,-0.0649993074587126
3.85145769047004,1.55945468352502,-64.7056295011505,-7.59442020381189,0.035215714108884,0.0336543360773702,-0.0758449842602741,-0.0651731414200572
3.85374971837921,1.55942978130127,-64.6542597984372,-7.71581747141186,0.127065109223664,-0.0560504587013795,-0.0756954065103747,-0.0653468088985921
3.85604409503758,1.55937306001274,-64.6136077232937,-7.8015769071941,0.116197352355897,-0.0202391252602685,-0.0755452772124429,-0.0655203105219684
3.85834081424456,1.55932488805692,-64.5831860320937,-7.90396608554789,0.105816287541673,-0.0366955345022819,-0.0753945963415904,-0.065693643851507
3.86063988012567,1.55927493312908,-64.5490909450579,-7.99376531317109,0.109338450238537,-0.0239324203988291,-0.0752433632027895,-0.0658668072243759
3.86294129317907,1.55922682672254,-64.579000886807,-8.11822522802435,0.0451816355943273,-0.058420116155248,-0.0750915773434451,-0.0660397986980079
3.86524505294784,1.55918152441238,-64.6879180178047,-8.16713168754092,-0.0339778926180316,0.0173061567365433,-0.0749392383796259,-0.06621261625311
3.86755113453297,1.55916346782012,-64.7713670539453,-8.30492779835862,-0.00866268858451491,-0.0714108547798082,-0.074786347556111,-0.0663852560378928
3.86985956209764,1.55912356986023,-64.8111932674472,-8.3286582295047,0.0348066893733203,0.0428272867265951,-0.0746329028752184,-0.0665577178726721
3.87217032179398,1.55909986575955,-64.8883640204654,-8.41410727840263,-0.00269184815326584,-0.0187190501708117,-0.0744789048649264,-0.0667299987271185
3.87448342266994,1.55906944583235,-64.9996601586325,-8.50152352622428,-0.036971785630207,-0.0205141505452815,-0.0743243525368551,-0.0669020972763731
3.87679886219369,1.5590438989208,-65.0344331391992,-8.59822517792395,0.0393962651123001,-0.0296276403733207,-0.0741692456790093,-0.0670740113263458
3.87911665658586,1.55900447002964,-65.0344942419535,-8.70559419912895,0.0739524800717537,-0.0401232811373118,-0.074013582826053,-0.0672457400676875
3.88143681590936,1.55895733308223,-65.1629606786981,-8.75555463145182,-0.0546090738220233,0.0174568498984928,-0.073857362922626,-0.0674172822213675
3.88375931072512,1.55894200014844,-65.1905871054996,-8.82741926958589,0.0460741607809032,-0.00427600454814248,-0.073700587582376,-0.0675886335859258
3.88608416369905,1.5589063367938,-65.2133583789078,-8.925781602221,0.0507719815062844,-0.030602538829529,-0.0735432549145424,-0.0677597938055794
3.88841138349036,1.55886437239359,-65.3311040875021,-9.01036629876441,-0.0443603446238074,-0.0166539350657813,-0.0733853639704075,-0.0679307614776312
3.89074095474595,1.55884012789201,-65.5160510888699,-9.10804765016887,-0.111720085931085,-0.0295798179736821,-0.0732269154367245,-0.0681015334307737
3.89307287186785,1.55882383284622,-65.6536941961467,-9.12123538574893,-0.0645751979259988,0.0550843716313856,-0.0730679093508757,-0.0682721072114535
3.89540712708344,1.55881765628395,-65.7290318183646,-9.16539841055416,-0.00242927630876455,0.0242794554011811,-0.0729083459090607,-0.0684424802064095
3.89774373908791,1.55879512261279,-65.8559086198586,-9.24128984274251,-0.0541285779911105,-0.00727878046020125,-0.072748223502932,-0.0686126517281431
3.90008270858908,1.55877423791586,-65.8496455054615,-9.37836287518687,0.0788506561520053,-0.0682904126775505,-0.0725875417548614,-0.068782619766815
3.90242407216411,1.55871913355598,-65.917556270663,-9.46530080444273,0.00451553261819759,-0.0179855443505599,-0.0724262978197269,-0.0689523849052969
3.90476780990053,1.55868633574492,-65.9553383481148,-9.57870158971921,0.0344824152867806,-0.0442788416605941,-0.0722644927385663,-0.0691219436158859
3.90711393468596,1.55864302447502,-66.0048074983758,-9.61022533492334,0.0226329750385057,0.0377675495398155,-0.0721021252995161,-0.0692912947439494
3.90946242977943,1.55861884121242,-66.0878779062997,-9.61287389781969,-0.0111312115775064,0.0668118720939119,-0.071939196346385,-0.069460434990261
3.91181328600935,1.55860619986718,-66.125955402474,-9.65315633860539,0.0336982100393755,0.0293469208193642,-0.071775706213669,-0.0696293616050663
3.91416652097942,1.55857831593012,-66.1422651094815,-9.713700428822,0.0553019463721172,0.00925398354074414,-0.0716116533796208,-0.0697980737573541
3.91652214491095,1.55854258945,-66.2106780791359,-9.78704414445307,0.00303406717920085,-0.00337714555865309,-0.0714470368336063,-0.0699665700724089
3.91888015454304,1.55851251282169,-66.262061344142,-9.8882978960585,0.0198985915040466,-0.0311189034024111,-0.0712818565101885,-0.0701348482030217
3.92124056104514,1.55847365244378,-66.2823180910535,-9.91935825674408,0.0508593644266986,0.0392425461400681,-0.0711161113381791,-0.0703029068256478
3.92360335685445,1.55844475173492,-66.3327068528261,-9.9929702652151,0.020561039792987,-0.00314126519545965,-0.070949801565546,-0.0704707432755583
3.9259685486523,1.5584115590037,-66.3574449661275,-10.1030915426055,0.0460448131443401,-0.0394829214937902,-0.0707829264457705,-0.0706383558965853
3.92833615095788,1.55836624307721,-66.4470634293564,-10.1194952276862,-0.0190029785493375,0.0544020584961773,-0.070615484679542,-0.0708057435768693
3.930706135387,1.55835172183212,-66.5660951443712,-10.1492851521935,-0.048584237005302,0.0411829776603261,-0.0704474780095048,-0.0709729021676607
3.93307850241812,1.55833910426897,-66.5970411192644,-10.1078807729959,0.0393329312575346,0.11254420876065,-0.0702789061507128,-0.0711398295630465
3.93545325333706,1.55832758347722,-66.6292790899194,-10.1334014287486,0.0378717981120524,0.0457858679560621,-0.0701097687670601,-0.0713065237087699
3.93783040481218,1.55830177822208,-66.7073036093285,-10.2322796423516,-0.00808445498022792,-0.0274052299820398,-0.0699400644289131,-0.0714729836209423
3.94020996776779,1.55826744919815,-66.8075754453624,-10.3300307070496,-0.0305020439199906,-0.0261118567990626,-0.0697697921138496,-0.0716392078989586
3.94259194079136,1.55823694419978,-66.903325993954,-10.3960534268262,-0.0261515969067387,0.0057824744948396,-0.0695989516848976,-0.0718051942714682
3.94497632011859,1.55821261355844,-66.9986878549446,-10.505840039495,-0.0259343178083911,-0.0378156723686645,-0.069427543182178,-0.0719709403001434
3.94736311783735,1.55817860136686,-67.0665164488249,-10.6124510400231,0.00142697163136951,-0.0344745558855721,-0.0692555655117163,-0.0721364446424439
3.94975234028677,1.55814066841317,-67.1492187025912,-10.6715085442317,-0.0136192357721208,0.0132442013371163,-0.0690830179941442,-0.0723017055457252
3.95214397698685,1.55811564020389,-67.1897014693586,-10.7640039092041,0.0284271344043261,-0.0200286448831297,-0.0689099011717453,-0.0724667200892954
3.95453804480178,1.55807616206087,-67.2432576162975,-10.9478883752063,0.0151800666758564,-0.111252978767574,-0.0687362136147081,-0.0726314872346231
3.95693456446465,1.55801838192989,-67.3093327098526,-11.0854308456527,0.00248686005245302,-0.0647464642543412,-0.0685619536075461,-0.0727960061920756
3.95933352620236,1.55797282675171,-67.3501067074533,-11.2037200612041,0.0276131240532327,-0.04532894148477,-0.0683871216540133,-0.0729602740666398
3.96173493252304,1.55792720552293,-67.4477377158418,-11.2442727207764,-0.0294192910150741,0.0325716292308837,-0.0682117173734059,-0.0731242888031781
3.96413875882144,1.55790863412258,-67.52884300869,-11.3454893328308,-0.0130695504705662,-0.027928565558915,-0.0680357423776678,-0.0732880464954526
3.96654502403905,1.55787354121413,-67.5847498929238,-11.3842986049147,0.0119523108697419,0.0346422741210648,-0.0678591951035016,-0.0734515462049977
3.9689537207642,1.55784829889397,-67.6834253331032,-11.4434847962364,-0.0309933642569376,0.0144285938700341,-0.0676820759224599,-0.0736147851917424
3.97136484881702,1.55782566794406,-67.8220664347139,-11.5134585946548,-0.0711367169260599,0.00380396278604445,-0.0675043846846791,-0.0737777612044637
3.97377840626261,1.55780740322441,-67.9271857854046,-11.6090375228274,-0.0377932293131042,-0.0216384563032233,-0.0673261213775007,-0.0739404718693494
3.97619440707063,1.5577775982453,-68.0801011687486,-11.701022309837,-0.0857680985257745,-0.0178818711322439,-0.0671472848183018,-0.0741029158773786
3.97861284463245,1.55775684524786,-68.1972165805278,-11.7149130226459,-0.0501475364281672,0.0603743777180907,-0.0669678753510266,-0.0742650905269048
3.98103370965583,1.55774782125206,-68.3060155117624,-11.7979623637191,-0.0420110377035234,-0.00862234813597973,-0.0667878935310707,-0.0744269929372561
3.98345702179946,1.55772156602358,-68.4355412901031,-11.8647684081215,-0.0629184405727545,0.00778257775591507,-0.0666073377678861,-0.0745886221583073
3.98588277615993,1.55770266133312,-68.4766765553322,-11.9107035628464,0.0252909430726147,0.0288148208647285,-0.0664262083017315,-0.0747499755896614
3.98831098583853,1.55767309755267,-68.5488919391572,-12.0142408930831,-0.0059708797902096,-0.0286262784139484,-0.0662445040348146,-0.0749110518226879
3.9907416611401,1.5576356842704,-68.5744111776161,-12.162765446695,0.0405429856195108,-0.073452704361946,-0.0660622240784219,-0.0750718492499844
3.99317482326152,1.55757953972075,-68.6944976110667,-12.214970348175,-0.0542070667251657,0.0230274654896727,-0.0658793667254104,-0.0752323669696687
3.99561043577816,1.55756230662048,-68.7449160199189,-12.2765496625306,0.0152775257547559,0.0138132859186806,-0.0656959346069615,-0.0753926002742831
3.99804851562871,1.5575305852276,-68.793493523889,-12.3070700447921,0.0169344223834891,0.0450321657130035,-0.0655119263535706,-0.0755525479745345
4.00048905838646,1.55750575787903,-68.8074479750733,-12.3502541764107,0.0513728910259816,0.0325280758498299,-0.0653273422102519,-0.0757122074684435
4.0029320756001,1.557471844752,-68.863659262533,-12.3739389048556,0.00893089376080436,0.0521868487486545,-0.0651421812205415,-0.0758715771935059
4.00537755771208,1.55744996361494,-68.957732759209,-12.4191778335332,-0.0291170526428761,0.0307917255255932,-0.064956444033151,-0.0760306542032102
4.0078255055382,1.55742973159445,-68.9817103528332,-12.396895398842,0.0407925368961952,0.0984718709167414,-0.0647701305203832,-0.0761894362255853
4.01027591809767,1.55741294607194,-69.0007909217145,-12.3984085411486,0.0455026718178404,0.0748347785610504,-0.0645832406990633,-0.0763479208676101
4.01272880426989,1.55738974587185,-69.0059160391895,-12.4087410284173,0.0592706563651046,0.0661736190988624,-0.0643957738401827,-0.0765061063675577
4.01518417102568,1.5573620484783,-69.0372859562224,-12.4592003953652,0.0328378123305506,0.0262046238821476,-0.0642077293633885,-0.0766639908301013
4.0176420256741,1.55732952261082,-69.0816174532286,-12.4648883924679,0.0196876096596674,0.0711335752692597,-0.0640191066659416,-0.0768215723719243
4.02010235784827,1.5573098515057,-69.2186011505984,-12.5272813450725,-0.0731537908605437,0.014585895366906,-0.0638299065092163,-0.076978847971535
4.02256516712109,1.55729308502857,-69.3129854865833,-12.602786451485,-0.0307442070824315,0.00163070883101146,-0.063640128902471,-0.0771358152434838
4.02503046656565,1.55726572255915,-69.3818708232232,-12.6469583522595,-0.00543556382003985,0.033120571880358,-0.0634497728198702,-0.0772924726548897
4.02749825576736,1.55724126485168,-69.4156171519459,-12.6727448847082,0.0295125095575202,0.0516622853567246,-0.0632588382801426,-0.077448817805353
4.02996853908195,1.55721494118461,-69.5188523675487,-12.8041871116542,-0.0401678906625729,-0.0538373783547339,-0.063067324940271,-0.0776048485912979
4.03244133186097,1.55717576005477,-69.5940675667258,-12.9006608373524,-0.0123399675693578,-0.0187131621053549,-0.0628752316077084,-0.0777605635928459
4.03491663332466,1.55713986817492,-69.6789755761797,-12.9936194468936,-0.0222254511083504,-0.0150426491784077,-0.0626825583455262,-0.0779159603628147
4.03739444345636,1.55710650162265,-69.7899446115219,-13.105768179287,-0.0484797301761626,-0.0340776958953695,-0.0624893051660346,-0.0780710364979625
4.0398747647307,1.55707316912046,-69.7972485290646,-13.1657575347175,0.0549915543523358,0.0182364343153942,-0.0622954718950409,-0.0782257897459282
4.04235760583815,1.55703365728025,-69.7833046838607,-13.1966765518649,0.0760449030819208,0.0474612010867335,-0.0621010578780255,-0.0783802182341318
4.04484296609447,1.55699734951911,-69.8621976605589,-13.1879385748181,-0.0169869134984575,0.087272296545386,-0.061906063199792,-0.0785343194985693
4.04733082165503,1.5569874055361,-69.8880410545476,-13.2492771008227,0.0358670957877889,0.0173495636376046,-0.0617104897765053,-0.0786880896422313
4.04982120158231,1.55695089437567,-69.9317216804098,-13.300368546633,0.0178337095139951,0.0277500822267467,-0.061514335376216,-0.0788415280370847
4.05231410272088,1.55692006301153,-69.8883336246122,-13.3458238130024,0.104705656100407,0.033539365683124,-0.0613176003027334,-0.0789946320525277
4.05480954187953,1.55687494406691,-69.8886826262663,-13.5261247292322,0.0607712816361206,-0.101153515953297,-0.0611202832902873,-0.0791474002764148
4.05730754699342,1.5568044279879,-69.8027382606216,-13.6343828440133,0.146866747833907,-0.0289582828242487,-0.0609223821891778,-0.07929983195692
4.05980811856747,1.55673597294919,-69.8296596124932,-13.7900779166932,0.033802545149153,-0.0762431480298038,-0.0607238970208023,-0.0794519246501115
4.06231125094591,1.55667574011966,-69.8876346470347,-13.8511859943728,0.00254979376396802,0.0184955978549011,-0.060524828305463,-0.0796036755344515
4.06481691752681,1.5566446700485,-69.8933367414632,-14.0220995727106,0.0546230838178192,-0.0911584978127893,-0.0603251782462908,-0.0797550805250251
4.06732515805682,1.55657638751812,-69.9074251823886,-14.1699230150373,0.0460365028443122,-0.0679173027834903,-0.0601249437696905,-0.0799061395431637
4.06983596804861,1.55651516626948,-69.981393201686,-14.2484900193746,-0.0140438939692276,0.00148984548607145,-0.0599241253281822,-0.0800568498234368
4.07234932171664,1.55648230001441,-70.0479569125615,-14.342471767497,-0.00684098578124392,-0.0137745407945908,-0.0597227250942151,-0.0802072073277758
4.07486522694448,1.55644409387394,-70.1475448904153,-14.4489839451956,-0.0400672352946922,-0.0261549676599073,-0.0595207425591441,-0.0803572100387271
4.07738368354629,1.55640862513678,-70.2175637073269,-14.5976432125346,-0.0107006390433715,-0.0681524118892622,-0.0593181778682167,-0.0805068554496734
4.07990471045259,1.55635677724545,-70.2390090493107,-14.7034699908263,0.0376696876501414,-0.0251706361116815,-0.0591150296339606,-0.0806561421800966
4.08242830823341,1.55630692963853,-70.2885320932217,-14.8190234623009,0.00938825403933885,-0.0347484037262342,-0.0589112979503062,-0.0808050677483179
4.08495447695528,1.55625958635644,-70.3721586121545,-14.9235896083919,-0.0249195359720402,-0.0236125164525414,-0.0587069829607377,-0.0809536296385014
4.08748321011811,1.55622131412793,-70.5732234324463,-14.9817485755045,-0.142562734941365,0.0229428578339459,-0.05850208535044,-0.0811018249464822
4.0900144762342,1.5562170940263,-70.6497701636342,-15.0315678325053,-0.0182501233400498,0.0314303923118673,-0.0582966078478819,-0.0812496493126603
4.09254829882209,1.55619188834848,-70.6975296943516,-15.095454186169,0.0103310180146119,0.0175107479309435,-0.0580905487319882,-0.0813971015946913
4.09508468954456,1.55615757635499,-70.7242088449817,-15.1357918517521,0.031204756613636,0.0412065143575926,-0.0578839072438099,-0.0815441799406311
4.0976236487438,1.55612549030294,-70.7492892754021,-15.2173728829902,0.0325962531312411,0.000109850593785987,-0.0576766835516276,-0.0816908818319732
4.10016519021154,1.55608218100097,-70.7705680109301,-15.320600544608,0.0361901412042176,-0.0213904560989175,-0.0574688767321967,-0.0818372055188811
4.10270932308086,1.55603232088751,-70.8099480848502,-15.3698713193579,0.017880412325451,0.0327123742194508,-0.0572604862455353,-0.0819831489693148
4.10525603224014,1.556000163807,-70.8947022111486,-15.4159929593275,-0.0277026127514306,0.0360070687868115,-0.0570515135469824,-0.0821287087564299
4.10780531089773,1.55597737465235,-70.9419859287146,-15.4931039822542,0.00955824185968801,0.00516285900835078,-0.0568419594256436,-0.0822738819349949
4.11035717699015,1.55593921847054,-71.0792143891728,-15.5463230015655,-0.0805966378122172,0.0291996476506557,-0.0566318226460062,-0.0824186669619893
4.11291160970634,1.55592446080518,-71.1670954857335,-15.6069085054069,-0.0314599913898386,0.0219775562478552,-0.0564211051708502,-0.0825630600892425
4.11546862290582,1.55589841022575,-71.2220352003096,-15.6648964987965,0.00127009154095736,0.0247190661415244,-0.0562098061170473,-0.0827070595311184
4.11802822474743,1.55586678129302,-71.3260338877885,-15.7846035164354,-0.0480007624034933,-0.036856354471656,-0.055997925075412,-0.0828506631672224
4.12059042513728,1.55582783489845,-71.4179503599852,-15.8088257357234,-0.0361310107000135,0.0587716496758719,-0.0557854614967387,-0.0829938689638933
4.12315520318177,1.55581238065021,-71.5073590058699,-15.7969145322895,-0.0338362284882008,0.0950478765974938,-0.0555724173964698,-0.0831366731636078
4.12572255214241,1.5558062425421,-71.6124444848371,-15.8882756693735,-0.0497266853342837,-0.00808206427749214,-0.0553587936329067,-0.0832790728064935
4.12829249947162,1.55577522292556,-71.6654347492928,-15.862958352477,0.00215432377003433,0.108738383716633,-0.0551445882257042,-0.0834210668201835
4.13086502621754,1.55576575355425,-71.6903710792301,-15.895576921532,0.0299934731290556,0.0509440825010873,-0.0549298030664242,-0.0835626515560861
4.13344015603284,1.55573521091814,-71.7292048598567,-15.963336411947,0.015880655874521,0.0159443352943478,-0.0547144365010579,-0.083703825709293
4.13601789839295,1.55569779592083,-71.7663568861178,-16.0316693410077,0.0173464617997072,0.0155116581174602,-0.054498488060846,-0.0838445871781943
4.13859825643213,1.55565985921445,-71.8398921254119,-16.1321413985261,-0.0192532814798256,-0.0164871240132841,-0.0542819578142501,-0.0839849335050756
4.14118123458031,1.55562010825078,-71.9643206384844,-16.1556717592729,-0.0703636673434453,0.0605945015490259,-0.0540648457290153,-0.0841248622958622
4.14376680451496,1.55561129993018,-72.059711483624,-16.1658690235614,-0.0415436905993234,0.0740671050968048,-0.0538471545403631,-0.0842643693853236
4.14635497077082,1.55560054865471,-72.0610907189364,-16.1747925935565,0.0522496489237532,0.075479882396325,-0.0536288842361349,-0.0844034523913995
4.1489457538489,1.55557189269162,-72.089777190954,-16.1705792302715,0.0247235614443619,0.0887554730623029,-0.0534100334619299,-0.084542109777291
4.1515391474083,1.5555521944538,-72.1588807702931,-16.2088861876561,-0.0159129762039956,0.0463733811723583,-0.0531906031351373,-0.0846803385569538
4.15413515788466,1.5555286710422,-72.2229620438834,-16.2336765253769,-0.011110680487104,0.0600277987022806,-0.0529705931031902,-0.0848181364231511
4.15673378513703,1.55550790551973,-72.2947104906058,-16.2423044883575,-0.0189984429433778,0.0763275377320123,-0.0527500037789591,-0.0849555007125484
4.15933502582469,1.55549309747837,-72.3236815016903,-16.3528258211676,0.0235578247734649,-0.0254289042197658,-0.0525288358579715,-0.0850924285903646
4.16193891897308,1.55544187743625,-72.3955629899504,-16.4518013011733,-0.0195744018230934,-0.013746560568287,-0.0523070864371014,-0.0852289194373694
4.16454545580249,1.55540208956401,-72.4431843614038,-16.6374618031505,0.00446338522988876,-0.100295531870892,-0.0520847566832411,-0.0853649701062887
4.16715466797968,1.55533327860534,-72.5150183179097,-16.7437140568928,-0.0199721121854801,-0.0207516741905773,-0.0518618443203601,-0.0855005795517828
4.16976653144387,1.55529120379055,-72.5804043469392,-16.8022825036749,-0.0137476771914149,0.0270672970369881,-0.0516383518381037,-0.0856357438190631
4.17238103677606,1.55526119925615,-72.6312523100992,-16.9009883437945,0.00056631733389656,-0.012935380395493,-0.0514142804938976,-0.0857704597241662
4.17499820083305,1.55521697978922,-72.6997485001232,-17.0677838167376,-0.0173065607203946,-0.0808907475098078,-0.0511896293036324,-0.0859047254332187
4.17761804218728,1.55515684659527,-72.7532531836777,-17.1404802671059,-0.00254028641724746,0.0133420888129513,-0.0509643971371979,-0.0860385391812412
4.18024053990941,1.55512032006576,-72.7942505322883,-17.1758488780212,0.00974123765861723,0.0508032862635098,-0.0507385862692402,-0.0861718971788301
4.1828656885276,1.55509192171912,-72.8056874530796,-17.2291596478817,0.0390752768709421,0.0329940265723593,-0.0505121976622764,-0.0863047964329163
4.18549350171719,1.55505249893807,-72.8728268351677,-17.3136997610466,-0.016854151450576,0.00189712175005785,-0.050285230637482,-0.0864372349149094
4.18812398001489,1.55501520401324,-72.8185783383637,-17.3483945362101,0.104306182461026,0.0518744347593351,-0.0500576856570212,-0.0865692099228291
4.19075713599815,1.55496799674915,-72.8377570885608,-17.4038295666995,0.0306508119525284,0.0312656888615518,-0.0498295621497195,-0.0867007193509214
4.19339296367596,1.55492945819572,-72.8748363532264,-17.4422693384811,0.0125215964955623,0.0483919883760166,-0.0496008611610663,-0.0868317601576786
4.19603145724066,1.55489939896818,-72.8852734205503,-17.5805322601029,0.0389345164107677,-0.051300592308877,-0.0493715837347277,-0.0869623293128972
4.19867265376384,1.55483493406482,-72.9650727178096,-17.6978699973202,-0.0306575700653178,-0.0302453113216516,-0.0491417271939564,-0.0870924258956815
4.2013165361909,1.55479022670158,-72.9799584881823,-17.7532292696999,0.0340255232020765,0.0318627739207507,-0.0489112935748156,-0.087222046300452
4.20396310206959,1.55475065750378,-72.992278952428,-17.8722489659209,0.0363598194121297,-0.031668508575961,-0.0486802836578308,-0.0873511876450065
4.20661237344158,1.55469173007608,-73.0389089829198,-17.9575315186781,0.00181866560149757,0.00219729547577052,-0.0484486960932346,-0.0874798482329811
4.20926433627553,1.55464953949106,-73.0772661198744,-18.1380126570392,0.00985939573683359,-0.0928731137560049,-0.0482165326914482,-0.0876080246051383
4.21191902345281,1.55457715900276,-73.1069431909323,-18.2927186776404,0.0183067201074762,-0.0669703050379311,-0.0479837911654436,-0.0877357155632249
4.214576432082,1.55451039425489,-73.2036621011664,-18.4397162491539,-0.0489684378682114,-0.059134653346367,-0.0477504723658638,-0.0878629181670907
4.21723654919177,1.55445932232089,-73.2663540028193,-18.6179965859767,-0.0151753236097036,-0.0902907078256828,-0.0475165780431863,-0.087989628997205
4.21989939413966,1.55439160129853,-73.3488416715018,-18.7654766804156,-0.0352055615652596,-0.0593642482671534,-0.0472821071172136,-0.0881158461717093
4.22256495644617,1.5543370876275,-73.3888387293779,-18.8847282675799,0.00705000326627836,-0.0310100207805262,-0.0470470611423515,-0.0882415663838072
4.22523323914092,1.55428226169633,-73.4375649842611,-19.0413114976972,-0.00191481438719165,-0.0682164431512631,-0.0468114404960594,-0.0883667869659404
4.22790425485615,1.55421752391555,-73.4583983126376,-19.1773469047818,0.0257419163396073,-0.0475439013926484,-0.046575244716106,-0.0884915056919863
4.23057800604815,1.55415306284889,-73.4235457347629,-19.2993329508844,0.0811910521220875,-0.0333703262532556,-0.0463384742473489,-0.0886157198494025
4.23325450296157,1.55408109263562,-73.4665557810178,-19.4192644645891,0.00309108259908131,-0.0311920866252398,-0.0461011288539944,-0.0887394270794409
4.2359337316135,1.55402585102371,-73.4784588403521,-19.4897947950278,0.0339601511255379,0.0183322934608467,-0.0458632104598613,-0.088862623899559
4.23861568577462,1.55397957049963,-73.4901902441441,-19.6389003393652,0.0338933165255115,-0.0601202371459688,-0.0456247203174913,-0.0889853071914161
4.24130039330358,1.55390815680784,-73.5128794352993,-19.8421482707366,0.02269646550153,-0.114140455984444,-0.0453856566567793,-0.0891074753869334
4.24398787239065,1.55382130623515,-73.5545778784525,-20.0063100375329,0.00344757541535889,-0.0749326403441917,-0.0451460185685956,-0.0892291264520954
4.24667810966446,1.5537505985848,-73.5187633426154,-20.1263938175887,0.0807203438041759,-0.030733523140468,-0.0449058079669868,-0.0893502569153111
4.24937111035809,1.55367741602897,-73.5472610018512,-20.1781370862136,0.0161673658840864,0.0377275955211163,-0.0446650251199412,-0.0894708641460169
4.25206684136146,1.55364010699723,-73.5368040656891,-20.2981558913317,0.0548806099022523,-0.0304278613156559,-0.0444236737401812,-0.089590943802518
4.25476533616215,1.55357204066346,-73.5745496237189,-20.4277522263573,0.00643619356408465,-0.0398858405107012,-0.0441817515938487,-0.0897104945148529
4.25746659066346,1.55351083485216,-73.6312661230976,-20.4699967047989,-0.0127772395593098,0.047585034784982,-0.0439392598193596,-0.0898295132265939
4.26017057471461,1.5534825395142,-73.6616489965353,-20.5149917480601,0.0133133284750351,0.0449529524830403,-0.0436962019127597,-0.089947995744204
4.26287729757183,1.55344771749994,-73.6644889870445,-20.5568481535219,0.0406125873381167,0.0482095341514193,-0.0434525778472954,-0.0900659396132896
4.26558676678888,1.55340808051783,-73.6867625877361,-20.5527023237353,0.020934787065918,0.094329172081052,-0.043208387757545,-0.0901833422944261
4.26829896555287,1.55338800280189,-73.7404582582475,-20.6651220549955,-0.01073203652434,-0.0221195310687137,-0.0429636339870853,-0.0903002001914933
4.27101392895206,1.55333556636252,-73.7275323656444,-20.7761829683135,0.0556442068099965,-0.0206444013783573,-0.0427183142068681,-0.090416511939597
4.2737316736501,1.55326923091216,-73.7469976353038,-20.9220359281913,0.0230071580924376,-0.0553206845233443,-0.0424724277518796,-0.090532275354491
4.27645220754895,1.5531977747985,-73.7554169278971,-20.9902781639206,0.0338066821628411,0.0224052521338245,-0.0422259747560637,-0.0906474878631519
4.27917550955541,1.55315020108657,-73.7912455188385,-21.1081365136645,0.00615036705248806,-0.0270962040786702,-0.04197895799391,-0.09076214566517
4.28190159366129,1.55309140367645,-73.7536160679895,-21.2135291665527,0.0793608279226532,-0.0145164064453986,-0.041731377073713,-0.0908762464427949
4.28463047426532,1.55302098963334,-73.8398222363978,-21.3356687536912,-0.0447229368353144,-0.0311497992595455,-0.0414832315729262,-0.0909897878790086
4.28736213361932,1.55297112026054,-73.8484101797226,-21.3910193340184,0.0326465806790048,0.0357521859874563,-0.0412345240037934,-0.0911027663146437
4.29009656804572,1.55292770722851,-73.8476195709514,-21.4401499255441,0.0417758643869681,0.0420845871569193,-0.040985255615801,-0.0912151786826483
4.29283378015917,1.55288445459486,-73.8677555575367,-21.5076685278199,0.0205994405128338,0.0238084198980137,-0.0407354270981177,-0.091327022173801
4.29557377469894,1.55283924038692,-73.8602388650859,-21.6133988849948,0.0480017314079899,-0.0142920631147421,-0.0404850389571967,-0.0914382940601708
4.29831657389837,1.55277457526741,-73.8587608543041,-21.7116255431926,0.0417121008903467,-0.00667766588690943,-0.0402340901085914,-0.0915489923108591
4.30106217677127,1.55271370100098,-73.8596277784566,-21.8212348084868,0.0391156574466553,-0.0179501513520035,-0.0399825815991619,-0.0916591139421845
4.30381058982626,1.55264912177536,-73.9067766950594,-21.8782902703656,-0.00741840280141348,0.0347131943883932,-0.0397305138013439,-0.0917686562671658
4.30656178727263,1.55261314345728,-73.9043886531345,-21.9983939384693,0.0418659319902384,-0.0282260527886322,-0.0394778900652934,-0.091877615315117
4.30931580523558,1.55254382432568,-73.8959374575183,-22.0885521440623,0.047675903686166,0.00182778397517946,-0.039224708069979,-0.0919859895681126
4.3120726372071,1.55248383371938,-73.9385278939473,-22.2349992592656,-0.00361946701098192,-0.0543533393951301,-0.0389709694180259,-0.092093775808245
4.31483229567652,1.55241416778706,-73.9884081089243,-22.3749562669296,-0.0111635410006341,-0.0477560361061482,-0.03871667397642,-0.0922009715578074
4.31759477981559,1.55234815660733,-74.0619589993236,-22.4922697531942,-0.0350890675499804,-0.0250059124522997,-0.0384618228492953,-0.0923075738122795
4.32036007920776,1.55229538764313,-74.1198878990165,-22.6021454012938,-0.0197224816524604,-0.0174620688998768,-0.0382064180404683,-0.0924135791997961
4.32312819745771,1.55224182925916,-74.1553799469063,-22.661266611445,0.00245841238444955,0.0333977747383516,-0.0379504602741964,-0.0925189848894628
4.3258991235766,1.55220207856726,-74.1679684343409,-22.7242028609436,0.025105464203603,0.0296875379962354,-0.0376939516382111,-0.0926237874948774
4.32867286682148,1.55215587869735,-74.2474582306041,-22.8354313270954,-0.0420529039023472,-0.0185004817546113,-0.0374368923607947,-0.0927279843971941
4.33144943344613,1.5521062421719,-74.3371213776515,-22.9733739959108,-0.0524838640889553,-0.0451110959606502,-0.0371792829585199,-0.0928315728547691
4.334228834152,1.55204872757075,-74.3498686462908,-23.1154533407413,0.024173854906133,-0.0491447945483572,-0.0369211235454411,-0.0929345502821328
4.33701109061645,1.55197236969761,-74.2871410152068,-23.1923737924502,0.0993900443076021,0.0161164627747443,-0.0366624132235282,-0.0930369144835923
4.33979619796006,1.55190374701203,-74.2679347431151,-23.2699502528706,0.0556094256645525,0.0155622018522954,-0.0364031535729304,-0.093138662272687
4.34258414967776,1.55184448026045,-74.2921618003641,-23.3072958712303,0.0119162890920879,0.0558941720479291,-0.036143346341001,-0.0932397904077141
4.34537492364085,1.55181018658485,-74.3504334090858,-23.3715426735808,-0.0223886139720626,0.0290934927412001,-0.0358829947497021,-0.0933402950916315
4.34816852549706,1.55177306743352,-74.329196950865,-23.4909140697612,0.0568585576689293,-0.0259312226418731,-0.0356220994480944,-0.0934401735385272
4.35096499696687,1.55169705568409,-74.3269810703905,-23.5684220419009,0.0375765381969029,0.0160314520911389,-0.0353606577224164,-0.0935394242308456
4.35376432065401,1.55164130982581,-74.3449001614437,-23.5978476857422,0.0171795813384821,0.0642123996898478,-0.0350986723917328,-0.0936380435311301
4.35656647625624,1.55160871842179,-74.2737603596529,-23.6566004437523,0.105975948359049,0.0349832697074492,-0.0348361465682203,-0.0937360277176149
4.35937149751999,1.55154521251306,-74.2075050517547,-23.7152878017897,0.100828386212459,0.0351460169199573,-0.0345730783142667,-0.0938333749572911
4.36217938607892,1.55148293858938,-74.2119076369032,-23.7395311752167,0.0299068835608834,0.0696867088516235,-0.0343094687093909,-0.0939300822786786
4.36499011579,1.55144967499646,-74.2745289294829,-23.7867896809448,-0.0285759711213921,0.0467676400336379,-0.0340453214582214,-0.0940261457617315
4.36780368599361,1.55141991218504,-74.2490334882167,-23.9632469743832,0.0592760791570094,-0.0823357310646073,-0.0337806378908712,-0.0941215623738038
4.37062017010978,1.55131956981437,-74.2214969565408,-24.0222657376812,0.0610519440480828,0.0351975682667796,-0.0335154123721679,-0.0942163315647746
4.37343952477181,1.55126550808266,-74.2594203209446,-24.1207802460334,-0.00467371413626594,-0.00420405952979719,-0.0332496502675271,-0.0943104488224244
4.37626175467439,1.55120962219599,-74.3049518263032,-24.2169143472329,-0.0125481529229081,-0.00173018993462715,-0.0329833524357304,-0.0944039112648433
4.37908686021251,1.5511562165497,-74.3058927241551,-24.2748892016918,0.031775622302496,0.0365218614046081,-0.0327165201543319,-0.0944967158635219
4.38191483849559,1.55110857713122,-74.3728933227142,-24.330128516611,-0.03455144353338,0.0393495445628094,-0.0324491550257845,-0.0945888594820373
4.38474567699634,1.55107633774843,-74.3997797899502,-24.4088572419846,0.00529479234431862,0.0159516133025335,-0.032181259580307,-0.0946803386761206
4.38757939688237,1.55102579096738,-74.4504234493933,-24.5398338991864,-0.0187308262693962,-0.0362055061122579,-0.0319128331736924,-0.094771151089496
4.39041601745438,1.55095882487695,-74.5036861282495,-24.6292261384296,-0.0216188035107113,0.00546905504014683,-0.0316438753455146,-0.0948612942833774
4.39325552407401,1.55090939782226,-74.5431330128564,-24.7032309369472,-0.00807249574145452,0.0209459662150464,-0.0313743888654156,-0.094950764732685
4.39609791635144,1.55086324664653,-74.5873495953502,-24.7877855975056,-0.0131122073251668,0.0104848988123019,-0.0311043751686158,-0.0950395593706642
4.39894320057326,1.55081369452581,-74.613089274664,-24.8552673214599,0.00509415575601913,0.0276459513820233,-0.0308338350698895,-0.0951276753362703
4.40179137663062,1.55076714321214,-74.6154175922485,-24.9170149985017,0.0282344524208141,0.0334674325238664,-0.0305627700053226,-0.0952151095656659
4.40464245017672,1.55071783053472,-74.6443950168055,-25.005794365369,0.00131375631958675,0.00652249230186963,-0.0302911808765309,-0.0953018591691961
4.40749642968017,1.550662946721,-74.6303431242131,-25.1129830747719,0.0440709609216642,-0.0118007880678055,-0.030019068329291,-0.0953879213351531
4.41035333539398,1.55059071587234,-74.6248614124621,-25.1740195883142,0.0352281436471075,0.034436780050553,-0.0297464318961189,-0.0954732935927611
4.41321314887604,1.55053985333639,-74.6354060372011,-25.3037792013952,0.018928650076132,-0.034201640772705,-0.029473274815091,-0.0955579723083015
4.41607589897394,1.55046305097823,-74.6404249834982,-25.4469380970727,0.0241806495254548,-0.0475169404287763,-0.0291995958225174,-0.0956419552487381
4.41894159593885,1.55037893406085,-74.6220126911752,-25.5821833063426,0.0473376877630761,-0.0395199696587119,-0.0289253954401207,-0.0957252396112574
4.42181024481788,1.55029271690461,-74.6402345461905,-25.6544587353537,0.0104288196845905,0.0235323934213698,-0.0286506746998628,-0.0958078224324227
4.42468181332401,1.5502417386898,-74.6698196190498,-25.7666195246153,-0.00120963463220036,-0.016271089577953,-0.0283754382271259,-0.0958896996836394
4.42755631945453,1.55017568281193,-74.7335747281661,-25.9196661660457,-0.0356554232692099,-0.0570757726456979,-0.0280996858471195,-0.0959708687847161
4.43043377689018,1.55009888380394,-74.8106322964908,-26.0625279508898,-0.0492341505157482,-0.0468104578286053,-0.0278234178089424,-0.0960513270154506
4.43331418143008,1.55002923699036,-74.8969826129973,-26.1931686504268,-0.0588036804149314,-0.0345096283891171,-0.0275466360914978,-0.0961310711478999
4.43619752871503,1.54996689647776,-74.9883926033837,-26.2910921566153,-0.0641406476809281,-0.00171340823404131,-0.0272693427055289,-0.0962100979544685
4.43908380602135,1.54992022239446,-74.9658901288608,-26.4492953359867,0.0494940150067221,-0.0619147753847142,-0.0269915404838472,-0.096288403986715
4.44197306940534,1.54982042202585,-74.969774056895,-26.5662611710774,0.0228292976163441,-0.0205998474428375,-0.0267132256504787,-0.0963659876478553
4.44486529763144,1.549744843312,-74.9186721835888,-26.6541777948866,0.0775362751879515,0.00852622142652293,-0.0264344018817627,-0.0964428452356807
4.44776049308084,1.5496698482308,-74.87782511116,-26.7087058067273,0.067002143025406,0.0419909618488259,-0.0261550705966159,-0.0965189736895603
4.45065864107488,1.54961249904046,-74.7667641823726,-26.7833594170254,0.136936163664082,0.0219407592069727,-0.0258752348766472,-0.0965943695050511
4.45355976937751,1.5495303384454,-74.7373314612231,-26.8250525882384,0.0550276148700315,0.0549758590677545,-0.0255948937205312,-0.0966690302808232
4.45646384737778,1.54948176910667,-74.7448656414448,-26.9205599996471,0.0177798715598687,0.00123554069843679,-0.0253140517816331,-0.0967429521071008
4.45937089494617,1.5494162789839,-74.8141736001361,-27.00133229064,-0.0442752498406573,0.0160438413797377,-0.0250327088505603,-0.0968161323726737
4.46228089465024,1.54937119087683,-74.8471907995384,-27.0646051052629,-0.00826633106034735,0.033615752898337,-0.0247508683419884,-0.0968885675212383
4.46519384928107,1.54932626382029,-74.8728357939443,-27.155086565048,-0.0011764626754861,0.00647879472651147,-0.0244685317304349,-0.0969602545116126
4.46810977631426,1.5492668160952,-74.9039165780902,-27.2296881629337,-0.0068950850654167,0.0224295927696365,-0.0241856990804486,-0.0970311906553248
4.47102867009693,1.54921599364705,-74.9243591358089,-27.3208915583037,0.00345981499447923,0.0058979773220833,-0.0239023727132042,-0.0971013726920432
4.47395054393579,1.54915483123233,-74.9371790718757,-27.3811750469214,0.0107986170581794,0.036887309198723,-0.0236185531249679,-0.097170797816438
4.47687538781166,1.54910666806865,-74.9965449306489,-27.4621763217431,-0.0360316156808089,0.0162381878429834,-0.0233342430923985,-0.0972394626646243
4.47980320434386,1.54905885561375,-75.0466666162261,-27.5222213860104,-0.0270722413962651,0.0372622999089931,-0.0230494441809987,-0.0973073641763409
4.48273398851508,1.54901903311937,-75.048030918437,-27.5404696613297,0.0213998565042355,0.0791262237961657,-0.0227641587151137,-0.0973744991154928
4.4856677339392,1.54898856439451,-75.0695120785638,-27.57809443616,0.000997229042980052,0.0598160893917854,-0.0224783891697789,-0.0974408642220089
4.48860444838745,1.54895328569082,-75.1003801239092,-27.5735024580062,-0.00867590868814527,0.102098434712168,-0.0221921366572601,-0.0975064565584531
4.49154411223636,1.54894059947231,-75.1638528436474,-27.5949168608646,-0.0415673147614591,0.0761568697212495,-0.0219054049767367,-0.0975712725796131
4.49448673376892,1.54892257967952,-75.1836195736227,-27.6383083411924,0.00185146524851731,0.054243829039573,-0.0216181952238234,-0.0976353093673834
4.49743233616723,1.54888433545444,-75.1927697683853,-27.6564881642944,0.0121803122898413,0.0795187412113566,-0.021330507052418,-0.0976985643133344
4.50038091241288,1.54885609052454,-75.1792818720508,-27.7747603936453,0.0345302394136685,-0.0205111952026545,-0.0210423430791374,-0.0977610341482734
4.5033325192492,1.54877407608803,-75.1776567646338,-27.8926134464517,0.0223788071181281,-0.0200303358705218,-0.0207536997011957,-0.0978227169358559
4.50628715718948,1.54869457897407,-75.1380863949517,-27.9849707991613,0.0600349485043162,0.00552625681535257,-0.0204645788222066,-0.0978836095249337
4.50924482515609,1.54861919057875,-75.1639693103235,-28.1160219648757,-0.0057079328537798,-0.0331074569813274,-0.0201749825179962,-0.0979437087331216
4.51220553137904,1.54853860219761,-75.1740769123404,-28.1833519099267,0.00977730995216353,0.0306730665149579,-0.0198849119690261,-0.0980030115658906
4.51516925067611,1.54848623431512,-75.1471399488346,-28.2744902007733,0.0465313351526215,0.0069232235194101,-0.0195943716468724,-0.0980615143660562
4.51813600613224,1.54841379454732,-75.1568759963772,-28.4434935868743,0.00956731376701714,-0.0708841716618905,-0.01930336130964,-0.0981192144391173
4.52110583252826,1.54830961011256,-75.1766551356452,-28.6090719089718,-0.000767259689456234,-0.0674022128096715,-0.0190118795784944,-0.0981761092878142
4.52407872965851,1.54820870227457,-75.1705062258649,-28.6727860767644,0.0248688383006356,0.0345180279285002,-0.01871992852031,-0.0982321957211305
4.52705465427721,1.54815411095758,-75.2001688453285,-28.7949202011489,-0.0112351050143736,-0.0238466546275444,-0.0184275144492278,-0.0982874697569507
4.53003363187825,1.54807705323698,-75.1923408251256,-28.8560008372465,0.025962657148591,0.0372612926146737,-0.0181346369457645,-0.0983419287122503
4.53301564217674,1.54802333339359,-75.2311244322141,-28.9248106680221,-0.0209423069823256,0.0295857382837916,-0.0178413001061658,-0.0983955690593928
4.53600068209263,1.5479757262821,-75.200885224289,-28.9652346082627,0.0477867142792728,0.0580244473579501,-0.0175475063540993,-0.0984483875985424
4.53898875478453,1.54792799019653,-75.2069759385913,-29.0997803738373,0.0111625432139254,-0.0360453843312791,-0.0172532575162245,-0.0985003812433172
4.54197990493715,1.54783860216361,-75.1893943282868,-29.2872447901946,0.0345401616474064,-0.0889128687472468,-0.0169585513429649,-0.0985515476101113
4.54497416938865,1.54771545343113,-75.2291122432595,-29.418667901848,-0.0230545286063311,-0.0328212275192008,-0.0166633863663546,-0.0986018841341563
4.54797150955632,1.54763400172224,-75.3043854441825,-29.5708083756449,-0.0589054323542682,-0.0534890868219731,-0.0163677685686848,-0.0986513869749533
4.5509719322656,1.54754880027643,-75.3662670574251,-29.7423658879282,-0.0458099137672955,-0.0728574592135381,-0.0160716994753607,-0.0987000530697613
4.55397545452924,1.5474496686293,-75.423878626747,-29.8436382211625,-0.0418363897001067,-0.00252445372340604,-0.0157751796217407,-0.0987478795109131
4.55698204248144,1.54738750232176,-75.4316527744682,-29.9050031202405,0.00770406686263569,0.0374299635075465,-0.015478214583821,-0.0987948625855474
4.55999168857231,1.54733595161882,-75.4111295016451,-30.0401084026322,0.0357040801832359,-0.0362642833684893,-0.0151808073601764,-0.0988409990231443
4.56300444289573,1.54723736515153,-75.4454076585962,-30.1251815690189,-0.0193952016832208,0.0138131200360881,-0.0148829552678411,-0.0988862864228172
4.56602026893465,1.5471784039697,-75.4853130547842,-30.1565672964458,-0.025320731987299,0.0675449936366348,-0.0145846642006963,-0.0989307210635449
4.56903913867415,1.54715052943721,-75.5596390595998,-30.2252819359734,-0.0600400655805862,0.030259659864614,-0.014285939235051,-0.0989742993921777
4.57206106822984,1.547109582979,-75.5726870392075,-30.3521810379218,0.000938801492017971,-0.0278820834390855,-0.0139867810997215,-0.099017018509287
4.57508610706672,1.54702223135258,-75.5839586692094,-30.5223899140224,0.00241555723261777,-0.0711500001449161,-0.0136871872345568,-0.0990588759556971
4.57811428361937,1.54690955441992,-75.5678465652913,-30.6623151196582,0.0294992610908849,-0.0408253367013313,-0.0133871571727983,-0.0990998689344784
4.58114559067566,1.5468072273233,-75.6334195175665,-30.7858982432491,-0.0524862582803717,-0.0244431294398014,-0.0130866939948178,-0.0991399941511296
4.58418000398776,1.54673227858283,-75.6543260992199,-30.890895151611,-0.00812077916382548,-0.00581766025680375,-0.0127858024895688,-0.099179248105124
4.5872175263782,1.54665761354789,-75.6399335845366,-31.0102909144942,0.0268769994650954,-0.0201781352167919,-0.0124844847817175,-0.0992176276663329
4.5902581776084,1.54656629617098,-75.6328682353693,-31.12119437326,0.0192480904992315,-0.0116483288549319,-0.0121827413319902,-0.0992551299109412
4.5933019545125,1.54648127351012,-75.6335091909412,-31.2215051573839,0.0112396193206565,-0.00101903250158064,-0.0118805748925073,-0.099291751622295
4.59634885250751,1.54640395950489,-75.5963958381402,-31.3723933951517,0.0486913411754352,-0.051560748193164,-0.0115779883745302,-0.0993274895746351
4.59939891351725,1.54628784276773,-75.6174876239121,-31.5678849775179,-0.00981680568501031,-0.0961292412904806,-0.0112749800868771,-0.0993623410756838
4.60245215494865,1.54615748211564,-75.652433640849,-31.7284405148718,-0.0239744661493697,-0.0611592342369298,-0.0109715507875068,-0.0993963031169528
4.60550855671559,1.54605038801036,-75.7230238221249,-31.84896651219,-0.0599224762977444,-0.0210966250457947,-0.0106677049781867,-0.0994293722724748
4.60856809000375,1.54597526855543,-75.6948525418856,-31.9864045440162,0.0385347282890535,-0.037976486772211,-0.010363448049711,-0.0994615450539601
4.61163079149776,1.54586659599364,-75.6845199738816,-32.0331780360066,0.0203913469020738,0.0527193266804848,-0.0100587788980476,-0.099492818670898
4.61469660477095,1.54581751830483,-75.7122150562181,-32.1228900023288,-0.0179413766369813,0.00981122306167892,-0.00975370569955763,-0.0995231893838135
4.61776555069356,1.54575068216091,-75.7406129617046,-32.1384410946537,-0.0189496765260002,0.0840015619315631,-0.0094482289604833,-0.0995526542564802
4.62083758632005,1.54572992420715,-75.6934102360656,-32.1904974382093,0.056345081196579,0.0475248661922816,-0.00914235555759837,-0.0995812097479161
4.62391275452446,1.54566938190714,-75.669312599442,-32.2121967303638,0.0329337204658267,0.0779095609777821,-0.00883608384223725,-0.0996088531323042
4.62699103403444,1.54563324454457,-75.6905267806747,-32.2930573798754,-0.0126847626623168,0.0187749315769378,-0.00852941857040907,-0.0996355810885386
4.63007245468138,1.54557038709497,-75.6630970713149,-32.3786065969608,0.0356520687853251,0.0141121736609006,-0.00822235942550245,-0.0996613907462557
4.633157033545,1.54549359105958,-75.6093305878501,-32.4855649098942,0.0616813908421425,-0.00727203383139041,-0.00791490737726492,-0.0996862791020375
4.63624479328252,1.54539729602777,-75.6370469572203,-32.5911978848275,-0.020109306514205,-0.00592273175481917,-0.00760706285602643,-0.0997102431784441
4.6393357184419,1.54531963390757,-75.590593211881,-32.7154608765029,0.0537525754485411,-0.0245297119788009,-0.007298830109262,-0.0997332796965794
4.64242984084617,1.54521331416325,-75.5547335796816,-32.8437476772273,0.0428498408879363,-0.0285314149927171,-0.00699020868849324,-0.0997553857317554
4.64552716435601,1.54510633100694,-75.5503432271189,-32.9607402873579,0.0110715535137295,-0.0172160519926592,-0.00668120095110092,-0.0997765581379264
4.64862767834165,1.54501317871528,-75.5076400977752,-33.1014170522667,0.0490749400627051,-0.0408799712319938,-0.00637181071901741,-0.099796793676756
4.651731410348,1.54489567199819,-75.4982991408926,-33.2002351975575,0.0154029949060355,0.000997944068553691,-0.00606203802336446,-0.0998160893593978
4.6548383290603,1.54481269804106,-75.5114178279878,-33.2291929767769,-0.00736679830704245,0.070876662609955,-0.00575188878824057,-0.0998344418292991
4.6579483863708,1.54478101856388,-75.5523858987623,-33.385969673918,-0.0355267001387487,-0.0569248494586091,-0.00544137063570009,-0.0998518476824788
4.6610616649257,1.54466983147243,-75.5781810196703,-33.5394822855023,-0.0206646427564173,-0.0536443073334816,-0.00513047815159203,-0.0998683042508284
4.66417816976904,1.54455682158422,-75.5423809106857,-33.707470262864,0.0406193226710212,-0.0681041689669779,-0.00481921368639577,-0.0998838083947787
4.66729792822939,1.54441970941517,-75.5594797887667,-33.8714851580366,-0.0125913006979045,-0.0641165380983308,-0.00450757738316058,-0.0998983570742523
4.67042093025554,1.54429590208471,-75.5948666489478,-34.024285402957,-0.0311912870437935,-0.05288829785675,-0.00419557313724174,-0.0999119470636523
4.67354716815351,1.54418303228236,-75.5983643014281,-34.1918358893524,0.000385552147913082,-0.0676259112308537,-0.00388320462823963,-0.0999245751645471
4.67667666331707,1.54405200459253,-75.6653359180756,-34.3303784608884,-0.0634011439990892,-0.0386063332384046,-0.00357047264844741,-0.09993623829756
4.67980938529629,1.54395468409974,-75.605150173776,-34.4530858261599,0.0634431274896928,-0.0227604320781503,-0.00325738319009113,-0.0999469331933347
4.6829453549731,1.54383970848524,-75.5648969359414,-34.5927354815182,0.0431971749695911,-0.0396929985807575,-0.00294393713499686,-0.0999566567775513
4.68608458374798,1.54371658009582,-75.6534361775503,-34.7105755999342,-0.0859091052776089,-0.0178747124854122,-0.00263013633130106,-0.0999654059306457
4.68922703121232,1.54363711941279,-75.7387385679841,-34.8640657773771,-0.0829864026080652,-0.0535170000381351,-0.00231598782567113,-0.0999731774046986
4.69237272745701,1.5435307865134,-75.7749506094459,-35.0484353839274,-0.0342105498249842,-0.0843896384005236,-0.00200149163678892,-0.0999799681497642
4.69552171022945,1.5433899550219,-75.7964227199907,-35.1781309822023,-0.0197854635085606,-0.0297098231777961,-0.00168664703633901,-0.0999857750971347
4.69867394682882,1.54328511085737,-75.8453780633753,-35.3130723524787,-0.0475838830256837,-0.0349507752362181,-0.00137146035887058,-0.0999905950401539
4.70182943862036,1.54318215529435,-75.8484901283626,-35.4766076905306,-0.00205613043455966,-0.0635409131962819,-0.00105593455270405,-0.0999944248556909
4.70498822165119,1.54304640778535,-75.8480022486023,-35.6448980312337,0.00122794887781075,-0.0682930792520682,-0.000740069117557438,-0.0999972614510079
4.70815030471881,1.54290515403218,-75.8972677592,-35.7739916476086,-0.048841644300313,-0.0290945146920947,-0.000423866297362103,-0.0999991016827749
4.71131565044857,1.54280457496164,-75.9244557293695,-35.8995234468318,-0.0270806371964704,-0.0255318568250664,-0.000107332973003695,-0.099999942398148
4.71448426510622,1.5427009927961,-75.9456918369742,-36.0664777466676,-0.0214456359235802,-0.0669545193465917,0.000209528318840366,-0.0999997804891771
4.71765618615291,1.54256321841836,-75.9553746871154,-36.2198040939567,-0.0102095682824646,-0.053327734458759,0.000526718141316864,-0.0999986128303769
4.72083141005527,1.54243228379075,-75.9684253059722,-36.3300258919265,-0.0138948517951503,-0.0102253616795642,0.000844232938244417,-0.0999964362902298
4.72400990610119,1.54233536413462,-75.9767519206764,-36.4603907119261,-0.00948868112002377,-0.0303715722193174,0.00116206641585097,-0.0999932477802634
4.72719169516987,1.54222083742394,-76.0043792429935,-36.6115835210952,-0.0291075397366105,-0.0512037649873109,0.00148021741950562,-0.0999890441818052
4.73037679328191,1.54209358312501,-75.9388836235971,-36.7503353063087,0.0636969351078535,-0.0387679628478863,0.00179868428858901,-0.0999838223655706
4.73356521711951,1.54195295568448,-75.8992541472703,-36.906529030009,0.0375120109184766,-0.0562161445125668,0.00211746540830707,-0.099977579187759
4.73675697880609,1.54180353054205,-75.8840150076182,-37.0497840432833,0.0128025809645036,-0.0432847017724751,0.00243655868760721,-0.0999703115017746
4.73995206617738,1.54166960750944,-75.9257872811453,-37.2377744359936,-0.0445282331141429,-0.0880283764904197,0.00275595958703528,-0.0999620162199354
4.74315050717596,1.54151106759804,-75.8767347316981,-37.3793064535523,0.0459768818910657,-0.0415793274044018,0.00307566755613019,-0.0999526901543134
4.74635228937166,1.5413683114833,-75.8668725049681,-37.472785624938,0.00646654874184993,0.0064631588402988,0.00339567798814073,-0.0999423302259901
4.74955736656542,1.54127509560537,-75.8265506200605,-37.6495335592361,0.0366059020256726,-0.0768170007929068,0.00371598288194989,-0.0999309335052018
4.75276582109996,1.54110283202809,-75.784673874126,-37.8267239832029,0.0378401588723797,-0.0772719273563389,0.00403658706211929,-0.0999184966104371
4.75597765861787,1.54092830319153,-75.6674684371615,-37.9212058500265,0.112847949298523,0.0054231495731516,0.00435748766600266,-0.0999050163967788
4.75919282875073,1.54080752575301,-75.6152390630216,-38.0967413115506,0.047550697924778,-0.0756449715419567,0.00467867621508351,-0.099890489982152
4.76241139161706,1.54062996242002,-75.582018960561,-38.1756615474113,0.0282199472123335,0.0209546781442205,0.00500015524822948,-0.0998749140049372
4.7656332609387,1.54054206997663,-75.5123843050993,-38.2918698445061,0.0643127428007295,-0.0163500112811703,0.00532191266106573,-0.0998582858135868
4.76885848181206,1.5404123875871,-75.4781084946859,-38.4677626031087,0.0286318609622946,-0.0760521564680374,0.00564394945111704,-0.0998406021345687
4.77208710464375,1.54023565011515,-75.399552871766,-38.5420578790683,0.0725893557974087,0.0255265836535066,0.00596626712241961,-0.0998218596131325
4.77531905019582,1.54014155257636,-75.3904252946987,-38.6401631989794,0.00283872285155151,0.00169673574242069,0.00628885421573357,-0.0998020556534446
4.77855432870387,1.54004054214883,-75.3612471929378,-38.7392962980314,0.0225663935755505,0.000648088127088275,0.00661170818539495,-0.099781187179103
4.7817929490464,1.53993398617474,-75.3825266602681,-38.8198677390747,-0.0282142936593895,0.019187810075501,0.00693482632913245,-0.0997592511188049
4.78503488675546,1.53985523998049,-75.3939549513987,-38.9845209008485,-0.0186864937282291,-0.0649169171330146,0.00725820259760649,-0.099736244640813
4.78828022702854,1.53969461368146,-75.3770010069708,-39.0623027554812,0.00937210256949797,0.0219303094899796,0.00758184185834066,-0.0997121641227143
4.79152889758745,1.53960966811747,-75.3600764962759,-39.2452454688551,0.00901877744324323,-0.0832557062879276,0.00790573325168781,-0.0996870070859446
4.79478100312066,1.53942336437206,-75.3198232900563,-39.4063049521039,0.0320233226782652,-0.061398713550298,0.00822988354133493,-0.099660769698493
4.79803653243519,1.53925168859648,-75.3187030611674,-39.5564733971519,-0.00743405902454899,-0.0505349960546879,0.00855428791343393,-0.0996334489932677
4.80129547144612,1.53909752149977,-75.3252584176338,-39.6308295042975,-0.0154342977126157,0.0252489349071623,0.00887894124624569,-0.0996050420528284
