X,Y,Theta,FmPi_x,FmPi_y,Xi_x,Xi_y
0,0,5.2417934443665,0,0,0,0
0.0154203988094757,-0.356441366873195,5.2417934443665,0.0505019418900955,-0.0863107980807119,-0.0350815430806198,-0.270130568792483
0.253269443735356,-0.60863020071133,5.2417934443665,0.0505019418900955,-0.0863107980807119,0.187347103035785,-0.165878035757424
0.0944333737875644,-0.259657112930394,5.2417934443665,0.0505019418900955,-0.0863107980807119,-0.209338011837887,0.435283885861649
0.239129899835907,-0.235618701686116,5.2417934443665,0.0505019418900955,-0.0863107980807119,0.0941945841582476,0.110349209324989
0.133964094417145,-0.57428941200687,5.2417934443665,0.0505019418900955,-0.0863107980807119,-0.155667747308858,-0.252359912240042
0.0299808397657884,-0.815608568605577,5.2417934443665,0.0505019418900955,-0.0863107980807119,-0.154485196541452,-0.155008358517995
0.257011922649747,-0.376221982850492,5.2417934443665,0.0505019418900955,-0.0863107980807119,0.176529140993863,0.525697383835796
0.442739187332057,-1.04075460848344,5.2417934443665,0.0505019418900955,-0.0863107980807119,0.135225322792215,-0.57822182755224
0.546971847874694,-1.09861539417942,5.2417934443665,0.0505019418900955,-0.0863107980807119,0.0537307186525414,0.0284500123847403
0.585896256108398,-1.01440735737893,5.2417934443665,0.0505019418900955,-0.0863107980807119,-0.0115775336563915,0.1705188348812
0.421772538897378,-1.33570040274614,5.2417934443665,0.0505019418900955,-0.0863107980807119,-0.214625659101115,-0.234982247286502
0.614540123328251,-1.21612459080475,5.2417934443665,0.0505019418900955,-0.0863107980807119,0.142265642540778,0.205886610022105
0.427895039428579,-1.16702361705355,5.2417934443665,0.0505019418900955,-0.0863107980807119,-0.237147025789768,0.135411771831909
0.607683383120241,-1.56891074576336,5.2417934443665,0.0505019418900955,-0.0863107980807119,0.129286401801567,-0.315576330629096
0.732276304416137,-1.82971633044252,5.2417934443665,0.0505019418900955,-0.0863107980807119,0.0740909794058006,-0.174494786598447
0.856142796404682,-1.86059834087215,5.2417934443665,0.0505019418900955,-0.0863107980807119,0.0733645500984495,0.0554287876510828
0.949393343300705,-1.63571580306289,5.2417934443665,0.0505019418900955,-0.0863107980807119,0.0427486050059273,0.31119333588997
0.673486032833569,-1.66899200953504,5.2417934443665,0.0505019418900955,-0.0863107980807119,-0.326409252357232,0.0530345916085632
1.02720199293359,-2.11684548353462,5.2417934443665,0.0505019418900955,-0.0863107980807119,0.303214018209921,-0.361542675918868
0.696091529352407,-2.05717933600421,5.2417934443665,0.0505019418900955,-0.0863107980807119,-0.381612405471273,0.145976945611118
0.779595968905243,-2.30021383264601,5.2417934443665,0.0505019418900955,-0.0863107980807119,0.0330024976627403,-0.156723698561086
0.812143806238208,-2.54116635091158,5.2417934443665,0.0505019418900955,-0.0863107980807119,-0.0179541045571306,-0.154641720184862
1.28378458252108,-2.24320418274954,5.2417934443665,0.0505019418900955,-0.0863107980807119,0.421138834392779,0.384272966242757
1.02841681765368,-2.36842082905566,5.2417934443665,0.0505019418900955,-0.0863107980807119,-0.305869706757497,-0.03890584822541
1.23229359223633,-2.96246855700932,5.2417934443665,0.0505019418900955,-0.0863107980807119,0.153374832692551,-0.507736929872953
1.19255118202125,-2.31430358712214,5.2417934443665,0.0505019418900955,-0.0863107980807119,-0.090244352105174,0.7344757679679
1.0948266983809,-2.66121668142399,5.2417934443665,0.0505019418900955,-0.0863107980807119,-0.148226425530439,-0.260602296221141
1.36550238540632,-2.74173555536258,5.2417934443665,0.0505019418900955,-0.0863107980807119,0.220173745135316,0.00579192414211616
1.67963798545837,-2.582198854443,5.2417934443665,0.0505019418900955,-0.0863107980807119,0.263633658161955,0.245847499000292
1.42661761622265,-2.86311756548908,5.2417934443665,0.0505019418900955,-0.0863107980807119,-0.303522311125815,-0.194607912965359
1.56404578710224,-3.14286002660243,5.2417934443665,0.0505019418900955,-0.0863107980807119,0.0869262289895015,-0.193431663032639
1.52002823613908,-3.21810887118332,5.2417934443665,0.0505019418900955,-0.0863107980807119,-0.0945194928532546,0.0110619534998224
1.65987338771338,-3.1622396810643,5.2417934443665,0.0505019418900955,-0.0863107980807119,0.0893432096842016,0.142179988199727
1.67125860021162,-3.14926800532759,5.2417934443665,0.0505019418900955,-0.0863107980807119,-0.0391167293918541,0.0992824738174209
1.52997694234933,-3.18123490338976,5.2417934443665,0.0505019418900955,-0.0863107980807119,-0.191783599752391,0.0543439000185407
1.69958976308486,-3.45530039292713,5.2417934443665,0.0505019418900955,-0.0863107980807119,0.119110878845435,-0.18775469145665
1.96561417640157,-3.4257421149807,5.2417934443665,0.0505019418900955,-0.0863107980807119,0.215522471426616,0.115869076027138
1.80385866745431,-3.49743967637786,5.2417934443665,0.0505019418900955,-0.0863107980807119,-0.212257450837356,0.0146132366835534
2.00912537278856,-3.42409992656856,5.2417934443665,0.0505019418900955,-0.0863107980807119,0.154764763444157,0.15965054789001
2.05837189895112,-3.47929528047044,5.2417934443665,0.0505019418900955,-0.0863107980807119,-0.00125541572753247,0.0311154441788282
1.72996411995188,-3.47255442781311,5.2417934443665,0.0505019418900955,-0.0863107980807119,-0.378909720889336,0.0930516507380473
2.17537884957551,-4.03421499910724,5.2417934443665,0.0505019418900955,-0.0863107980807119,0.39491278773353,-0.475349773213416
2.2087896527812,-4.19438704760635,5.2417934443665,0.0505019418900955,-0.0863107980807119,-0.0170911386843994,-0.0738612504184016
2.4552821615893,-4.18463647098204,5.2417934443665,0.0505019418900955,-0.0863107980807119,0.195990566917999,0.0960613747050235
2.19358371987352,-4.35944147124495,5.2417934443665,0.0505019418900955,-0.0863107980807119,-0.31220038360587,-0.0884942021822022
2.40786528052367,-4.32196396215267,5.2417934443665,0.0505019418900955,-0.0863107980807119,0.163779618760056,0.123788307172991
2.33673362091915,-4.23172602747035,5.2417934443665,0.0505019418900955,-0.0863107980807119,-0.121633601494617,0.176548732763039
2.5279054094655,-4.50858807269032,5.2417934443665,0.0505019418900955,-0.0863107980807119,0.140669846656256,-0.190551247139268
2.27153939026821,-4.46918966760364,5.2417934443665,0.0505019418900955,-0.0863107980807119,-0.306867961087392,0.125709203167397
2.7761807281991,-4.40979555178706,5.2417934443665,0.0505019418900955,-0.0863107980807119,0.454139396040803,0.145704913897294
2.71728965531832,-4.67025444078959,5.2417934443665,0.0505019418900955,-0.0863107980807119,-0.109393014770879,-0.174148090921826
2.70209812618574,-4.80676110687094,5.2417934443665,0.0505019418900955,-0.0863107980807119,-0.0656934710226748,-0.0501958680006378
2.77661652632161,-4.6023435460868,5.2417934443665,0.0505019418900955,-0.0863107980807119,0.0240164582457778,0.290728358864853
3.02172510890259,-4.68363638931133,5.2417934443665,0.0505019418900955,-0.0863107980807119,0.194606640690881,0.00501795485618239
2.44145995215817,-4.9201857862488,5.2417934443665,0.0505019418900955,-0.0863107980807119,-0.63076709863452,-0.150238598856755
2.85553866888052,-5.05220696038528,5.2417934443665,0.0505019418900955,-0.0863107980807119,0.363576774832257,-0.0457103760557689
2.90143456295431,-5.23221899327394,5.2417934443665,0.0505019418900955,-0.0863107980807119,-0.00460604781630677,-0.0937012348079486
2.80153272475107,-5.35614030184884,5.2417934443665,0.0505019418900955,-0.0863107980807119,-0.150403780093334,-0.0376105104941844
3.03311858740034,-5.03862355947033,5.2417934443665,0.0505019418900955,-0.0863107980807119,0.181083920759174,0.40382754045922
2.93357945568343,-5.20947531337506,5.2417934443665,0.0505019418900955,-0.0863107980807119,-0.150041073607009,-0.0845409558240202
2.95656090141236,-5.51712402740458,5.2417934443665,0.0505019418900955,-0.0863107980807119,-0.0275204961611569,-0.221337915948803
2.89089837954606,-5.73666207874205,5.2417934443665,0.0505019418900955,-0.0863107980807119,-0.116164463756402,-0.13322725325676
3.14301819799112,-5.545786135981,5.2417934443665,0.0505019418900955,-0.0863107980807119,0.201617876554968,0.277186740841756
3.03324224941559,-5.91042500392253,5.2417934443665,0.0505019418900955,-0.0863107980807119,-0.16027789046563,-0.278328069860811
3.35663216676442,-5.831303450713,5.2417934443665,0.0505019418900955,-0.0863107980807119,0.272887975458738,0.165432351290241
3.06381518282154,-5.93428616686418,5.2417934443665,0.0505019418900955,-0.0863107980807119,-0.343318925832974,-0.0166719180704691
3.67264221653587,-6.46410295481665,5.2417934443665,0.0505019418900955,-0.0863107980807119,0.558325091824237,-0.443505989871764
3.27753459346687,-6.16576640971547,5.2417934443665,0.0505019418900955,-0.0863107980807119,-0.445609564959096,0.384647343181896
3.25414035904534,-6.37270738344857,5.2417934443665,0.0505019418900955,-0.0863107980807119,-0.0738961763116251,-0.120630175652392
3.22866017221582,-6.27325069378148,5.2417934443665,0.0505019418900955,-0.0863107980807119,-0.0759821287196226,0.185767487747802
3.22363644458746,-6.32438982257702,5.2417934443665,0.0505019418900955,-0.0863107980807119,-0.0555256695184512,0.0351716692851754
3.26545063580655,-6.36410495428454,5.2417934443665,0.0505019418900955,-0.0863107980807119,-0.0086877506710033,0.0465956663731934
3.64430823994065,-6.81690109099033,5.2417934443665,0.0505019418900955,-0.0863107980807119,0.328355662244002,-0.366485338625079
3.45842040643549,-6.98099693912866,5.2417934443665,0.0505019418900955,-0.0863107980807119,-0.236389775395255,-0.0777850500576241
3.789100235876,-6.6741556434757,5.2417934443665,0.0505019418900955,-0.0863107980807119,0.280177887550418,0.393152093733679
3.70016835105557,-6.74566466377208,5.2417934443665,0.0505019418900955,-0.0863107980807119,-0.139433826710531,0.014801777784327
3.84388002329602,-6.9493173385992,5.2417934443665,0.0505019418900955,-0.0863107980807119,0.0932097303503612,-0.117341876746406
4.00340743360703,-7.43604939879519,5.2417934443665,0.0505019418900955,-0.0863107980807119,0.109025468420915,-0.400421262115274
4.16169753837194,-6.99331688047314,5.2417934443665,0.0505019418900955,-0.0863107980807119,0.107788162874806,0.529043316402757
3.70774426137422,-7.39589938389093,5.2417934443665,0.0505019418900955,-0.0863107980807119,-0.504455218887811,-0.316271705337081
4.16660611392375,-7.55949422753601,5.2417934443665,0.0505019418900955,-0.0863107980807119,0.408359910659431,-0.0772840455643674
4.3048391801646,-7.59797141909737,5.2417934443665,0.0505019418900955,-0.0863107980807119,0.0877311243507569,0.0478336065193534
3.9864463957324,-7.18652174664403,5.2417934443665,0.0505019418900955,-0.0863107980807119,-0.3688947263223,0.497760470534052
4.17454886336323,-7.72837382189093,5.2417934443665,0.0505019418900955,-0.0863107980807119,0.137600525740737,-0.455541277166186
4.24571527682169,-7.94051345769168,5.2417934443665,0.0505019418900955,-0.0863107980807119,0.0206644715683673,-0.125828837720041
4.04788345375442,-7.84672684443846,5.2417934443665,0.0505019418900955,-0.0863107980807119,-0.248333764957362,0.180097411333937
4.58881703836561,-8.13588087435867,5.2417934443665,0.0505019418900955,-0.0863107980807119,0.490431642721086,-0.202843231839497
4.11777375209195,-8.0360886887238,5.2417934443665,0.0505019418900955,-0.0863107980807119,-0.521545228163752,0.186102983715581
4.33786469842613,-7.8652113828038,5.2417934443665,0.0505019418900955,-0.0863107980807119,0.169589004444086,0.257188104000712
4.08497327242164,-7.6335379821316,5.2417934443665,0.0505019418900955,-0.0863107980807119,-0.303393367894583,0.317984198752905
4.23588881517982,-7.9566212560771,5.2417934443665,0.0505019418900955,-0.0863107980807119,0.100413600868081,-0.236772475864788
4.56827589654087,-8.43434723860465,5.2417934443665,0.0505019418900955,-0.0863107980807119,0.281885139470957,-0.391415184446831
4.75828425376197,-8.36915772878019,5.2417934443665,0.0505019418900955,-0.0863107980807119,0.139506415331005,0.151500307905172
4.66771190113398,-8.6669783427232,5.2417934443665,0.0505019418900955,-0.0863107980807119,-0.141074294518088,-0.211509815862299
4.86732389680218,-8.1355720514104,5.2417934443665,0.0505019418900955,-0.0863107980807119,0.149110053778108,0.61771708939351
4.99261431011653,-8.82288021071473,5.2417934443665,0.0505019418900955,-0.0863107980807119,0.0747884714242523,-0.600997361223625
4.6036913419556,-8.43383380451529,5.2417934443665,0.0505019418900955,-0.0863107980807119,-0.439424910051026,0.47535720428016
4.68010340601477,-8.94241024930027,5.2417934443665,0.0505019418900955,-0.0863107980807119,0.0259101221690723,-0.422265646704274
4.77557252578792,-8.38644640273398,5.2417934443665,0.0505019418900955,-0.0863107980807119,0.0449671778830595,0.642274644647001
5.07747140853707,-8.88237580766089,5.2417934443665,0.0505019418900955,-0.0863107980807119,0.251396940859054,-0.409618606846199
4.86514887980987,-9.12103528024344,5.2417934443665,0.0505019418900955,-0.0863107980807119,-0.262824470617293,-0.152348674501833
4.97722303975994,-9.02388265589664,5.2417934443665,0.0505019418900955,-0.0863107980807119,0.0615722180599664,0.183463422427514
5.02693332436855,-9.13120923804037,5.2417934443665,0.0505019418900955,-0.0863107980807119,-0.000791657281478064,-0.0210157840630264
5.19650838050303,-9.41872906105904,5.2417934443665,0.0505019418900955,-0.0863107980807119,0.119073114244384,-0.201209024937958
5.19203086457559,-9.35213541283465,5.2417934443665,0.0505019418900955,-0.0863107980807119,-0.0549794578175362,0.152904446305109
5.19309358915581,-9.62326762028036,5.2417934443665,0.0505019418900955,-0.0863107980807119,-0.0494392173098789,-0.184821409365004
5.36957172770996,-9.3864923050262,5.2417934443665,0.0505019418900955,-0.0863107980807119,0.125976196664055,0.323086113334877
5.21192279933694,-9.57790049993151,5.2417934443665,0.0505019418900955,-0.0863107980807119,-0.208150870263116,-0.1050973968246
5.41480426616025,-9.79394039255118,5.2417934443665,0.0505019418900955,-0.0863107980807119,0.152379524933213,-0.129729094538958
5.47808398402891,-9.93864333037069,5.2417934443665,0.0505019418900955,-0.0863107980807119,0.0127777759785679,-0.0583921397388015
5.59849441489473,-9.53074105010238,5.2417934443665,0.0505019418900955,-0.0863107980807119,0.0699084889757247,0.494213078349023
5.47676276691338,-10.3225643975561,5.2417934443665,0.0505019418900955,-0.0863107980807119,-0.172233589871449,-0.705512549372961
5.79138560928817,-10.0288089780318,5.2417934443665,0.0505019418900955,-0.0863107980807119,0.264120900484696,0.380066217604976
5.37604454417739,-10.0878049261739,5.2417934443665,0.0505019418900955,-0.0863107980807119,-0.465843007000873,0.0273148499386018
5.64648363719669,-10.0833675777001,5.2417934443665,0.0505019418900955,-0.0863107980807119,0.219937151129199,0.090748146554517
5.74989092244211,-10.1275442758301,5.2417934443665,0.0505019418900955,-0.0863107980807119,0.0529053433553298,0.0421340999507322
5.66250919929085,-10.4607483164971,5.2417934443665,0.0505019418900955,-0.0863107980807119,-0.13788366504136,-0.246893242586299
5.91694205141071,-10.5059615697713,5.2417934443665,0.0505019418900955,-0.0863107980807119,0.203930910229767,0.0410975448065102
5.9344204420761,-10.7543296052412,5.2417934443665,0.0505019418900955,-0.0863107980807119,-0.0330235512247051,-0.162057237389216
6.25650483590751,-10.9444097984135,5.2417934443665,0.0505019418900955,-0.0863107980807119,0.271582451941318,-0.103769395091577
5.79991895145746,-10.7898207556587,5.2417934443665,0.0505019418900955,-0.0863107980807119,-0.507087826340153,0.24089984083551
6.12675094404755,-10.7248517589,5.2417934443665,0.0505019418900955,-0.0863107980807119,0.276330050700001,0.151279794839379
5.84430480029747,-11.075837754089,5.2417934443665,0.0505019418900955,-0.0863107980807119,-0.332948085640177,-0.264675197108267
6.12559673363315,-10.9701636612429,5.2417934443665,0.0505019418900955,-0.0863107980807119,0.230789991445585,0.191984890926849
5.98576123532681,-11.2767860368831,5.2417934443665,0.0505019418900955,-0.0863107980807119,-0.19033744019644,-0.220311577559539
6.16108085493363,-11.4201593900804,5.2417934443665,0.0505019418900955,-0.0863107980807119,0.12481767771673,-0.0570625551165252
6.2996301638108,-11.8541492237664,5.2417934443665,0.0505019418900955,-0.0863107980807119,0.0880473669870715,-0.347679035605343
6.37710090253071,-11.2666549749157,5.2417934443665,0.0505019418900955,-0.0863107980807119,0.0269687968298169,0.673805046931423
6.49127309296787,-11.4406503340969,5.2417934443665,0.0505019418900955,-0.0863107980807119,0.063670248547063,-0.0876845611004683
6.69468891803985,-11.7772650597933,5.2417934443665,0.0505019418900955,-0.0863107980807119,0.152913883181888,-0.250303927615705
6.52471116239036,-11.5960235741692,5.2417934443665,0.0505019418900955,-0.0863107980807119,-0.220479697539591,0.267552283704813
6.61308849793261,-11.7548675956377,5.2417934443665,0.0505019418900955,-0.0863107980807119,0.037875393652154,-0.072533223387776
6.72848007849706,-11.977360346787,5.2417934443665,0.0505019418900955,-0.0863107980807119,0.0648896386743615,-0.136181953068619
6.68888682586186,-11.8104151264725,5.2417934443665,0.0505019418900955,-0.0863107980807119,-0.0900951945252953,0.25325601839528
6.39203133269084,-12.2503545745287,5.2417934443665,0.0505019418900955,-0.0863107980807119,-0.34735743506112,-0.353628649975497
6.69617033764739,-12.1976104911148,5.2417934443665,0.0505019418900955,-0.0863107980807119,0.253637063066458,0.13905488149456
6.81007370896984,-12.0827957733176,5.2417934443665,0.0505019418900955,-0.0863107980807119,0.0634014294323479,0.201125515877917
6.73948009321024,-12.3845531577436,5.2417934443665,0.0505019418900955,-0.0863107980807119,-0.121095557649696,-0.215446586345303
6.96880296110393,-12.1987385516874,5.2417934443665,0.0505019418900955,-0.0863107980807119,0.178820926003604,0.27212540413697
7.07402046431644,-12.6112357845475,5.2417934443665,0.0505019418900955,-0.0863107980807119,0.0547155613224082,-0.326186434779422
6.91830677401327,-12.6759738497867,5.2417934443665,0.0505019418900955,-0.0863107980807119,-0.206215632193261,0.0215727328415438
7.28320278579405,-12.3358898075057,5.2417934443665,0.0505019418900955,-0.0863107980807119,0.314394069890679,0.426394840361684
7.04132563459954,-12.4528551489076,5.2417934443665,0.0505019418900955,-0.0863107980807119,-0.292379093084602,-0.0306545433211786
7.32126639968582,-12.7460929764022,5.2417934443665,0.0505019418900955,-0.0863107980807119,0.229438823196184,-0.206927029413935
7.62691744270278,-12.8110309404492,5.2417934443665,0.0505019418900955,-0.0863107980807119,0.255149101126865,0.021372834033737
7.15923880321566,-13.1839223191583,5.2417934443665,0.0505019418900955,-0.0863107980807119,-0.518180581377213,-0.286580580628372
7.18617603773611,-12.8763545090443,5.2417934443665,0.0505019418900955,-0.0863107980807119,-0.0235647073696508,0.393878608194662
7.38689965124807,-13.146780358502,5.2417934443665,0.0505019418900955,-0.0863107980807119,0.150221671621872,-0.184115051376971
7.34080531644608,-13.2886766776407,5.2417934443665,0.0505019418900955,-0.0863107980807119,-0.0965962766920857,-0.055585521057975
7.47387316078512,-13.2715617381754,5.2417934443665,0.0505019418900955,-0.0863107980807119,0.0825659024489432,0.103425737546047
7.61452546589427,-12.9482571467952,5.2417934443665,0.0505019418900955,-0.0863107980807119,0.0901503632190498,0.409615389460905
7.41990409203833,-13.3702440127635,5.2417934443665,0.0505019418900955,-0.0863107980807119,-0.245123315746033,-0.335676067887604
7.79105270658494,-13.4437888629664,5.2417934443665,0.0505019418900955,-0.0863107980807119,0.320646672656512,0.0127659478778312
7.77967743210858,-13.3300648107608,5.2417934443665,0.0505019418900955,-0.0863107980807119,-0.0618772163664473,0.200034850286283
7.43763171915661,-13.4032886897069,5.2417934443665,0.0505019418900955,-0.0863107980807119,-0.392547654842063,0.0130869191345947
7.79801378005937,-13.6331205632114,5.2417934443665,0.0505019418900955,-0.0863107980807119,0.309880119012663,-0.143521075423732
7.59404067549654,-13.7955845731789,5.2417934443665,0.0505019418900955,-0.0863107980807119,-0.254475046452928,-0.0761532118868682
7.80855637947237,-14.3477392673208,5.2417934443665,0.0505019418900955,-0.0863107980807119,0.16401376208573,-0.465843896061133
7.95665581080606,-14.0900864589778,5.2417934443665,0.0505019418900955,-0.0863107980807119,0.0975974894436025,0.343963606423733
8.03716728032616,-14.1018830194081,5.2417934443665,0.0505019418900955,-0.0863107980807119,0.0300095276299964,0.0745142376503367
7.74357323971953,-13.9080018308644,5.2417934443665,0.0505019418900955,-0.0863107980807119,-0.344095982496726,0.280191986624411
8.01560837289265,-14.4004017105621,5.2417934443665,0.0505019418900955,-0.0863107980807119,0.22153319128303,-0.406089081616903
7.83402959370191,-14.2732048568019,5.2417934443665,0.0505019418900955,-0.0863107980807119,-0.232080721080836,0.213507651840877
8.0049140055752,-14.3784449641276,5.2417934443665,0.0505019418900955,-0.0863107980807119,0.120382469983189,-0.0189293092449889
8.41389503119243,-14.5199585516554,5.2417934443665,0.0505019418900955,-0.0863107980807119,0.358479083727142,-0.0552027894471012
8.4510905567157,-14.4736840455584,5.2417934443665,0.0505019418900955,-0.0863107980807119,-0.0133064163668321,0.132585304177728
8.25834179371087,-14.2724614040115,5.2417934443665,0.0505019418900955,-0.0863107980807119,-0.243250704894922,0.28753343962759
8.41926599180216,-14.8520083426637,5.2417934443665,0.0505019418900955,-0.0863107980807119,0.110422256201193,-0.493236140571495
8.49551256316837,-15.0470209768932,5.2417934443665,0.0505019418900955,-0.0863107980807119,0.0257446294761213,-0.108701836148752
8.40906868866043,-15.1741440802218,5.2417934443665,0.0505019418900955,-0.0863107980807119,-0.136945816398039,-0.04081230524788
8.86664960839579,-14.8313311904452,5.2417934443665,0.0505019418900955,-0.0863107980807119,0.407078977845269,0.429123687857244
8.53016625119701,-15.2174777869367,5.2417934443665,0.0505019418900955,-0.0863107980807119,-0.386985299088878,-0.2998357984107
8.52302032286341,-15.2813217118741,5.2417934443665,0.0505019418900955,-0.0863107980807119,-0.0576478702236967,0.0224668731432665
8.46523134229817,-15.3309130816355,5.2417934443665,0.0505019418900955,-0.0863107980807119,-0.10829092245534,0.0367194283193181
8.8627873258422,-15.3503393352889,5.2417934443665,0.0505019418900955,-0.0863107980807119,0.347054041653939,0.0668845444273543
9.13838434227676,-15.4460679611261,5.2417934443665,0.0505019418900955,-0.0863107980807119,0.225095074544464,-0.00941782775648536
8.75637725604849,-15.5748945246229,5.2417934443665,0.0505019418900955,-0.0863107980807119,-0.432509028118363,-0.0425157654161289
8.74074195199424,-15.5196909386822,5.2417934443665,0.0505019418900955,-0.0863107980807119,-0.0661372459443517,0.141514384021428
8.7775065246991,-15.7207507841267,5.2417934443665,0.0505019418900955,-0.0863107980807119,-0.0137373691852288,-0.114749047363762
9.10184463037825,-15.7817523709888,5.2417934443665,0.0505019418900955,-0.0863107980807119,0.273836163789045,0.0253092112185121
8.78418253370682,-16.1460587431458,5.2417934443665,0.0505019418900955,-0.0863107980807119,-0.368164038561524,-0.277995574076204
9.20638616525773,-16.1273508403839,5.2417934443665,0.0505019418900955,-0.0863107980807119,0.371701689660816,0.105018700842583
9.14454096619496,-15.9301493793086,5.2417934443665,0.0505019418900955,-0.0863107980807119,-0.112347140952866,0.283512259156015
9.20499441645894,-15.9251180831323,5.2417934443665,0.0505019418900955,-0.0863107980807119,0.0099515083738891,0.0913420942570093
9.11423165022079,-15.9924176638207,5.2417934443665,0.0505019418900955,-0.0863107980807119,-0.141264708128248,0.0190112173922689
9.18458920821661,-16.2305274416996,5.2417934443665,0.0505019418900955,-0.0863107980807119,0.0198556161057196,-0.151798979798191
9.35263213627344,-16.5770614458072,5.2417934443665,0.0505019418900955,-0.0863107980807119,0.117540986166739,-0.260223206026811
9.76934010929706,-16.3879306360069,5.2417934443665,0.0505019418900955,-0.0863107980807119,0.366206031133525,0.275441607881021
9.2691696734945,-16.9265036414833,5.2417934443665,0.0505019418900955,-0.0863107980807119,-0.550672377692655,-0.452262207395702
9.29834570146066,-16.6496791193693,5.2417934443665,0.0505019418900955,-0.0863107980807119,-0.02132591392394,0.363135320194711
9.68422198204949,-16.5569914091343,5.2417934443665,0.0505019418900955,-0.0863107980807119,0.335374338698738,0.178998508315708
9.59454114532031,-16.8443850227847,5.2417934443665,0.0505019418900955,-0.0863107980807119,-0.140182778619281,-0.201082815569736
9.77799385557261,-16.9363219284487,5.2417934443665,0.0505019418900955,-0.0863107980807119,0.132950768362213,-0.00562610758326221
9.96062727897332,-17.055701377518,5.2417934443665,0.0505019418900955,-0.0863107980807119,0.13213148151061,-0.0330686509886172
9.60397350667552,-17.1569025160515,5.2417934443665,0.0505019418900955,-0.0863107980807119,-0.407155714187898,-0.0148903404527236
10.1842379836285,-17.0986139881136,5.2417934443665,0.0505019418900955,-0.0863107980807119,0.52976253506292,0.144599326018577
9.81304157716855,-17.5406611498987,5.2417934443665,0.0505019418900955,-0.0863107980807119,-0.421698348350081,-0.355736363704369
9.75662862235688,-17.4198063621697,5.2417934443665,0.0505019418900955,-0.0863107980807119,-0.106914896701764,0.20716558580974
10.1210392446893,-17.1555996153215,5.2417934443665,0.0505019418900955,-0.0863107980807119,0.313908680442283,0.350517544928911
10.2376662108799,-17.3878630167844,5.2417934443665,0.0505019418900955,-0.0863107980807119,0.0661250243005501,-0.145952603382253
10.2609867104767,-17.8564157140081,5.2417934443665,0.0505019418900955,-0.0863107980807119,-0.0271814422933162,-0.382241899142966
10.0175113579422,-17.6902494869695,5.2417934443665,0.0505019418900955,-0.0863107980807119,-0.293977294424552,0.252477025119343
10.4301897480714,-17.9165454451205,5.2417934443665,0.0505019418900955,-0.0863107980807119,0.36217644823905,-0.139985160070287
9.93224607938964,-18.1603164328187,5.2417934443665,0.0505019418900955,-0.0863107980807119,-0.548445610571821,-0.157460189617496
10.2179682137823,-18.03106840067,5.2417934443665,0.0505019418900955,-0.0863107980807119,0.235220192502515,0.215558830229427
10.13511326447,-18.1267720918272,5.2417934443665,0.0505019418900955,-0.0863107980807119,-0.133356891202321,-0.00939289307648494
10.2555828087864,-18.1424971605863,5.2417934443665,0.0505019418900955,-0.0863107980807119,0.0699676024262503,0.0705857293216509
10.2817111321107,-17.8700405564483,5.2417934443665,0.0505019418900955,-0.0863107980807119,-0.0243736185657873,0.358767402218626
10.1825350275989,-17.9690580831306,5.2417934443665,0.0505019418900955,-0.0863107980807119,-0.149678046401913,-0.0127067286015446
10.5651933299712,-18.6373541233551,5.2417934443665,0.0505019418900955,-0.0863107980807119,0.33215636048224,-0.581985242143807
10.2863504330716,-18.2753955158431,5.2417934443665,0.0505019418900955,-0.0863107980807119,-0.329344838789717,0.448269405592712
10.448602390031,-18.5475032696644,5.2417934443665,0.0505019418900955,-0.0863107980807119,0.111750015069365,-0.185796955740546
10.3408269049567,-18.6080740309379,5.2417934443665,0.0505019418900955,-0.0863107980807119,-0.158277426964407,0.0257400368072285
10.486614533489,-19.0436943590317,5.2417934443665,0.0505019418900955,-0.0863107980807119,0.0952856866422114,-0.349309530013166
10.5717762010852,-18.6376554569323,5.2417934443665,0.0505019418900955,-0.0863107980807119,0.0346597257060937,0.492349700180121
10.572345486734,-18.8214588894752,5.2417934443665,0.0505019418900955,-0.0863107980807119,-0.0499326562413641,-0.0974926344621868
10.4885362330929,-19.2411660030175,5.2417934443665,0.0505019418900955,-0.0863107980807119,-0.134311195531132,-0.333396315461512
10.778747794388,-19.0177726601326,5.2417934443665,0.0505019418900955,-0.0863107980807119,0.239709619404952,0.3097041409656
10.9999441265453,-19.1310001236884,5.2417934443665,0.0505019418900955,-0.0863107980807119,0.170694390267203,-0.0269166654750888
10.9131395934146,-19.2527138448746,5.2417934443665,0.0505019418900955,-0.0863107980807119,-0.137306475020776,-0.0354029231054867
10.6072341601229,-19.4031411172415,5.2417934443665,0.0505019418900955,-0.0863107980807119,-0.356407375181814,-0.0641164742862309
10.9161494741534,-19.692433046297,5.2417934443665,0.0505019418900955,-0.0863107980807119,0.258413372140493,-0.202981130974774
11.4187204537481,-19.5275210003617,5.2417934443665,0.0505019418900955,-0.0863107980807119,0.452069037704529,0.251222844016064
11.0869591936178,-19.9434299876303,5.2417934443665,0.0505019418900955,-0.0863107980807119,-0.382263202020359,-0.329598189187903
11.142549190917,-19.495338155975,5.2417934443665,0.0505019418900955,-0.0863107980807119,0.00508805540911314,0.534402629735958
11.1088892917601,-19.6619610117379,5.2417934443665,0.0505019418900955,-0.0863107980807119,-0.0841618410470232,-0.0803120576820992
11.1132817549781,-20.0167290332073,5.2417934443665,0.0505019418900955,-0.0863107980807119,-0.0461094786721108,-0.26845722338875
11.5284190846156,-19.9731580059568,5.2417934443665,0.0505019418900955,-0.0863107980807119,0.364635387747392,0.12988182533119
11.5582125160249,-19.8400614547336,5.2417934443665,0.0505019418900955,-0.0863107980807119,-0.0207085104807299,0.219407349303928
11.6214222214439,-20.1528199408123,5.2417934443665,0.0505019418900955,-0.0863107980807119,0.0127077635288946,-0.226447687997933
11.7765520802488,-20.0755764006725,5.2417934443665,0.0505019418900955,-0.0863107980807119,0.104627916914831,0.163554338220449
11.6598994432628,-20.2881545047446,5.2417934443665,0.0505019418900955,-0.0863107980807119,-0.167154578876111,-0.126267305991397
11.9308557084904,-20.1731115771952,5.2417934443665,0.0505019418900955,-0.0863107980807119,0.220454323337526,0.201353725630177
11.5875131554563,-20.0906486091089,5.2417934443665,0.0505019418900955,-0.0863107980807119,-0.393844494924251,0.168773766166984
11.8864110251324,-20.4455664712974,5.2417934443665,0.0505019418900955,-0.0863107980807119,0.248395927786042,-0.268607064107795
11.7388297959461,-20.5539203707751,5.2417934443665,0.0505019418900955,-0.0863107980807119,-0.198083171076404,-0.022043101396947
11.8102030544753,-20.9526189356607,5.2417934443665,0.0505019418900955,-0.0863107980807119,0.0208713166391162,-0.312387766804878
11.8974127474516,-20.7171612350197,5.2417934443665,0.0505019418900955,-0.0863107980807119,0.0367077510861646,0.321768498721726
11.9045029407983,-20.8546506870572,5.2417934443665,0.0505019418900955,-0.0863107980807119,-0.0434117485433427,-0.0511786539568163
11.7786496771584,-20.6909781778641,5.2417934443665,0.0505019418900955,-0.0863107980807119,-0.176355205530081,0.249983307273754
12.0700740901959,-21.0808138591694,5.2417934443665,0.0505019418900955,-0.0863107980807119,0.240922471147416,-0.303524883224584
12.1487283030358,-21.2620277258603,5.2417934443665,0.0505019418900955,-0.0863107980807119,0.0281522709498765,-0.0949030686101893
12.0771668373324,-21.1602564067409,5.2417934443665,0.0505019418900955,-0.0863107980807119,-0.122063407593561,0.188082117200184
12.2527394412807,-21.4017317675624,5.2417934443665,0.0505019418900955,-0.0863107980807119,0.125070662058206,-0.155164562740771
12.4482989144253,-21.3099748070926,5.2417934443665,0.0505019418900955,-0.0863107980807119,0.14505753125451,0.178067758550491
12.3756402177447,-21.4847023814196,5.2417934443665,0.0505019418900955,-0.0863107980807119,-0.123160638570688,-0.0884167762463123
12.2462481343142,-21.7632071201388,5.2417934443665,0.0505019418900955,-0.0863107980807119,-0.17989402532055,-0.192193940638431
12.2330393228507,-21.569587832383,5.2417934443665,0.0505019418900955,-0.0863107980807119,-0.0637107533536316,0.279930085836452
12.3821140355283,-21.5587232756314,5.2417934443665,0.0505019418900955,-0.0863107980807119,0.0985727707874969,0.097175354832358
12.7647695328278,-21.8051483977298,5.2417934443665,0.0505019418900955,-0.0863107980807119,0.332153555409465,-0.160114324017759
12.4272642378947,-21.6774550995201,5.2417934443665,0.0505019418900955,-0.0863107980807119,-0.388007236823246,0.214004096290431
12.4513884152015,-21.9327222758232,5.2417934443665,0.0505019418900955,-0.0863107980807119,-0.0263777645832506,-0.168956378222331
12.5294223469718,-21.7876625604286,5.2417934443665,0.0505019418900955,-0.0863107980807119,0.0275319898801384,0.231370513475259
12.6930869606001,-22.2926708029443,5.2417934443665,0.0505019418900955,-0.0863107980807119,0.113162671738226,-0.418697444434943
12.7664700319395,-22.2806053507159,5.2417934443665,0.0505019418900955,-0.0863107980807119,0.0228811294493506,0.0983762503090537
12.7003520808717,-22.0515197751999,5.2417934443665,0.0505019418900955,-0.0863107980807119,-0.116619892957903,0.315396373596787
12.7867208369229,-22.6550983784272,5.2417934443665,0.0505019418900955,-0.0863107980807119,0.0358668141611202,-0.517267805146642
12.8023690020521,-22.4012372703998,5.2417934443665,0.0505019418900955,-0.0863107980807119,-0.0348537767609502,0.340171906108115
13.0525219331883,-22.2975953119293,5.2417934443665,0.0505019418900955,-0.0863107980807119,0.199650989246155,0.189952756551259
13.0377426129851,-22.6828644799464,5.2417934443665,0.0505019418900955,-0.0863107980807119,-0.0652812620933023,-0.298958369936396
12.8287429768851,-22.6039685476662,5.2417934443665,0.0505019418900955,-0.0863107980807119,-0.25950157799016,0.165206730360871
13.434237187946,-23.0365705893702,5.2417934443665,0.0505019418900955,-0.0863107980807119,0.554992269170868,-0.346291243623223
13.2264288926887,-23.0815623090689,5.2417934443665,0.0505019418900955,-0.0863107980807119,-0.258310237147405,0.0413190783819456
13.3035389443299,-22.9119475152776,5.2417934443665,0.0505019418900955,-0.0863107980807119,0.0266081097511066,0.255925591872017
13.4974390867224,-23.3204538029555,5.2417934443665,0.0505019418900955,-0.0863107980807119,0.143398200502403,-0.322195489597184
13.4075653795165,-23.1155113370615,5.2417934443665,0.0505019418900955,-0.0863107980807119,-0.140375649096007,0.291253263974707
13.4931329532954,-23.5486503723425,5.2417934443665,0.0505019418900955,-0.0863107980807119,0.0350656318887419,-0.346828237200294
13.2658798029648,-23.5498975451926,5.2417934443665,0.0505019418900955,-0.0863107980807119,-0.277755092220697,0.0850636252306373
13.2086525179191,-23.5134560936966,5.2417934443665,0.0505019418900955,-0.0863107980807119,-0.107729226935776,0.122752249576716
13.3538548107389,-23.3282172765481,5.2417934443665,0.0505019418900955,-0.0863107980807119,0.0947003509297613,0.271549615229226
13.5251614147618,-23.3401001836387,5.2417934443665,0.0505019418900955,-0.0863107980807119,0.120804662132777,0.0744278909901554
13.154891128715,-23.6220722720916,5.2417934443665,0.0505019418900955,-0.0863107980807119,-0.42077222793685,-0.19566129037222
13.5392992940495,-24.0467250598877,5.2417934443665,0.0505019418900955,-0.0863107980807119,0.333906223444318,-0.338341989715362
13.7575448059981,-23.9994236456664,5.2417934443665,0.0505019418900955,-0.0863107980807119,0.167743570058561,0.133612212301989
13.5857096651754,-23.7339867843747,5.2417934443665,0.0505019418900955,-0.0863107980807119,-0.222337082712807,0.351747659372361
13.7087289431107,-23.8752037781973,5.2417934443665,0.0505019418900955,-0.0863107980807119,0.0725173360451727,-0.0549061957418302
13.9239968708482,-24.2941659644286,5.2417934443665,0.0505019418900955,-0.0863107980807119,0.164765985847409,-0.332651388150645
13.8706091500129,-23.9811387548093,5.2417934443665,0.0505019418900955,-0.0863107980807119,-0.103889662725364,0.399338007700088
14.1782069106094,-24.5823324116427,5.2417934443665,0.0505019418900955,-0.0863107980807119,0.257095818706359,-0.514882858752709
13.7679686954488,-24.5359141988898,5.2417934443665,0.0505019418900955,-0.0863107980807119,-0.460740157050687,0.132729010833651
13.8585092516342,-24.6832320320201,5.2417934443665,0.0505019418900955,-0.0863107980807119,0.0400386142953568,-0.0610070350496733
14.0041174631481,-24.6775064500176,5.2417934443665,0.0505019418900955,-0.0863107980807119,0.0951062696238001,0.0920363800832842
14.0607294719492,-24.5791436027286,5.2417934443665,0.0505019418900955,-0.0863107980807119,0.00611006691100457,0.184673645369662
14.1973555061293,-24.4996107097449,5.2417934443665,0.0505019418900955,-0.0863107980807119,0.086124092289952,0.165843691064421
14.0219615385931,-25.0870300740583,5.2417934443665,0.0505019418900955,-0.0863107980807119,-0.225895909426279,-0.501108566232631
14.3968786986352,-24.8086919734563,5.2417934443665,0.0505019418900955,-0.0863107980807119,0.324415218152053,0.364648898682681
14.6471204189323,-24.8029645321409,5.2417934443665,0.0505019418900955,-0.0863107980807119,0.19973977840693,0.0920382393961358
14.4806887164983,-24.947953647125,5.2417934443665,0.0505019418900955,-0.0863107980807119,-0.216933644324074,-0.0586783169033986
14.4421720323121,-25.270274404851,5.2417934443665,0.0505019418900955,-0.0863107980807119,-0.089018626076254,-0.236009959645345
14.5554460025299,-25.3759935779818,5.2417934443665,0.0505019418900955,-0.0863107980807119,0.0627720283277231,-0.019408375050005
14.7106946182688,-25.3960563024823,5.2417934443665,0.0505019418900955,-0.0863107980807119,0.104746673848762,0.0662480735801707
14.8046928199893,-25.510841440579,5.2417934443665,0.0505019418900955,-0.0863107980807119,0.0434962598303867,-0.0284743400160177
14.5235579108431,-25.5181990257775,5.2417934443665,0.0505019418900955,-0.0863107980807119,-0.33163685103626,0.0789532128822089
15.0161245663644,-25.5252096943919,5.2417934443665,0.0505019418900955,-0.0863107980807119,0.442064713631228,0.0793001294663631
15.1360124649666,-25.2008311618746,5.2417934443665,0.0505019418900955,-0.0863107980807119,0.0693859567120246,0.410689330597975
15.1221090235011,-25.8940067218,5.2417934443665,0.0505019418900955,-0.0863107980807119,-0.0644053833555519,-0.606864761844628
14.9311274654984,-25.9497674705097,5.2417934443665,0.0505019418900955,-0.0863107980807119,-0.241483499892759,0.0305500493710306
15.1204671090875,-26.1337265340317,5.2417934443665,0.0505019418900955,-0.0863107980807119,0.138837701699009,-0.0976482654413169
15.0331768742898,-26.0504879644602,5.2417934443665,0.0505019418900955,-0.0863107980807119,-0.137792176687855,0.169549367652152
15.0994938857989,-26.1882957218799,5.2417934443665,0.0505019418900955,-0.0863107980807119,0.0158150696190512,-0.0514969593389384
15.06671587267,-26.2520868528891,5.2417934443665,0.0505019418900955,-0.0863107980807119,-0.0832799550190493,0.0225196670715481
15.2784739489394,-26.2138407752259,5.2417934443665,0.0505019418900955,-0.0863107980807119,0.161256134379377,0.124556875743833
15.2555711169836,-26.0299576146938,5.2417934443665,0.0505019418900955,-0.0863107980807119,-0.0734047738459157,0.27019395861288
15.4783999031298,-26.5730171429186,5.2417934443665,0.0505019418900955,-0.0863107980807119,0.172326844256119,-0.456748730144122
15.0325924507786,-26.6415212073541,5.2417934443665,0.0505019418900955,-0.0863107980807119,-0.496309394241357,0.0178067336452099
15.6864557595044,-26.8757607818586,5.2417934443665,0.0505019418900955,-0.0863107980807119,0.603361366835717,-0.147928776423774
15.6485786831536,-26.5812702996402,5.2417934443665,0.0505019418900955,-0.0863107980807119,-0.0883790182408513,0.380801280299099
15.3045438468512,-26.8714582208652,5.2417934443665,0.0505019418900955,-0.0863107980807119,-0.394536778192499,-0.203877123144256
15.2663256831795,-26.8728505149939,5.2417934443665,0.0505019418900955,-0.0863107980807119,-0.0887201055618077,0.0849185039519874
15.6252881733973,-27.0909586868292,5.2417934443665,0.0505019418900955,-0.0863107980807119,0.308460548327663,-0.13179737375456
15.5097659672476,-26.9498726189857,5.2417934443665,0.0505019418900955,-0.0863107980807119,-0.166024148039766,0.227396865924244
15.4814412661462,-27.3387137459817,5.2417934443665,0.0505019418900955,-0.0863107980807119,-0.0788266429915439,-0.302530328915324
15.5948311021372,-27.2867264868297,5.2417934443665,0.0505019418900955,-0.0863107980807119,0.0628878941009268,0.138298057232753
15.8053934842674,-27.3937100435591,5.2417934443665,0.0505019418900955,-0.0863107980807119,0.160060440240139,-0.020672758648713
15.8240297101753,-27.5745738748908,5.2417934443665,0.0505019418900955,-0.0863107980807119,-0.0318657159821966,-0.0945530332510382
15.9024908051051,-27.4384733618387,5.2417934443665,0.0505019418900955,-0.0863107980807119,0.0279591530396564,0.22241131113284
16.0475220563477,-27.722864247387,5.2417934443665,0.0505019418900955,-0.0863107980807119,0.0945293093524933,-0.198080087467556
15.7897664688647,-27.5015514609864,5.2417934443665,0.0505019418900955,-0.0863107980807119,-0.308257529373033,0.307623584481307
15.9477410900487,-27.8107596275222,5.2417934443665,0.0505019418900955,-0.0863107980807119,0.107472679293897,-0.222897368455132
16.0078534152113,-27.6298879608605,5.2417934443665,0.0505019418900955,-0.0863107980807119,0.00961038327247513,0.267182464742483
15.8262255260207,-28.0492208101838,5.2417934443665,0.0505019418900955,-0.0863107980807119,-0.232129831080664,-0.333022051242671
16.294141744784,-28.0232412899669,5.2417934443665,0.0505019418900955,-0.0863107980807119,0.417414276873229,0.11229031829765
15.6810599187043,-28.3532892164027,5.2417934443665,0.0505019418900955,-0.0863107980807119,-0.663583767969828,-0.243737128355037
16.3902980925228,-28.399706022651,5.2417934443665,0.0505019418900955,-0.0863107980807119,0.658736231928422,0.039893991832419
16.5398465471302,-27.8088634526339,5.2417934443665,0.0505019418900955,-0.0863107980807119,0.0990465127172346,0.677153368097724
16.4366543777504,-28.5250258160651,5.2417934443665,0.0505019418900955,-0.0863107980807119,-0.153694111269821,-0.629851565350408
16.5638222316244,-28.4029240001994,5.2417934443665,0.0505019418900955,-0.0863107980807119,0.0766659119838727,0.208412613946347
16.4961813971687,-28.595908250541,5.2417934443665,0.0505019418900955,-0.0863107980807119,-0.11814277634579,-0.106673452260899
16.4788585225519,-28.753504148939,5.2417934443665,0.0505019418900955,-0.0863107980807119,-0.0678248165069401,-0.0712851003171997
16.6939460733284,-28.4717246150678,5.2417934443665,0.0505019418900955,-0.0863107980807119,0.164585608886406,0.368090331951879
16.6044389790202,-28.968784015874,5.2417934443665,0.0505019418900955,-0.0863107980807119,-0.140009036198282,-0.410748602725455
16.3216920313547,-28.6556014819843,5.2417934443665,0.0505019418900955,-0.0863107980807119,-0.33324888955558,0.399493331970395
16.8215119246064,-29.1264479294437,5.2417934443665,0.0505019418900955,-0.0863107980807119,0.449317951361593,-0.384535649378742
16.6951566613976,-29.0335634582846,5.2417934443665,0.0505019418900955,-0.0863107980807119,-0.176857205098852,0.17919526923982
16.6605153580688,-29.0747125192524,5.2417934443665,0.0505019418900955,-0.0863107980807119,-0.0851432452189776,0.0451617371129085
16.8919814204983,-29.2661644322549,5.2417934443665,0.0505019418900955,-0.0863107980807119,0.180964120539411,-0.105141114921719
16.8105152565791,-29.4460330832566,5.2417934443665,0.0505019418900955,-0.0863107980807119,-0.131968105809292,-0.0935578529210269
16.961464690509,-29.4805179798665,5.2417934443665,0.0505019418900955,-0.0863107980807119,0.100447492039834,0.0518259014708329
17.0927495380125,-29.1106714126411,5.2417934443665,0.0505019418900955,-0.0863107980807119,0.0807829056134119,0.456157365306065
17.3813287661211,-29.4049298549484,5.2417934443665,0.0505019418900955,-0.0863107980807119,0.238077286218513,-0.207947644226563
16.8606581243191,-29.5966433802801,5.2417934443665,0.0505019418900955,-0.0863107980807119,-0.571172583692122,-0.105402727250947
17.0338259385355,-29.8873661478365,5.2417934443665,0.0505019418900955,-0.0863107980807119,0.122665872326292,-0.20441196947568
17.3574104213808,-29.7393034263488,5.2417934443665,0.0505019418900955,-0.0863107980807119,0.27308254095523,0.234373519568378
17.1206859420923,-29.9636896283547,5.2417934443665,0.0505019418900955,-0.0863107980807119,-0.287226421178634,-0.138075403925196
17.3823103542404,-29.7671048038365,5.2417934443665,0.0505019418900955,-0.0863107980807119,0.211122470258072,0.282895622598962
17.6651504544164,-30.1432388141471,5.2417934443665,0.0505019418900955,-0.0863107980807119,0.232338158285828,-0.289823212229909
17.4707189897636,-30.4700285523735,5.2417934443665,0.0505019418900955,-0.0863107980807119,-0.244933406542822,-0.240478940145732
17.2563060451625,-30.186715539223,5.2417934443665,0.0505019418900955,-0.0863107980807119,-0.26491488649123,0.369623811231258
17.2717564500523,-30.2569964904385,5.2417934443665,0.0505019418900955,-0.0863107980807119,-0.0350515370002934,0.0160298468651967
17.5977826577147,-30.426209775967,5.2417934443665,0.0505019418900955,-0.0863107980807119,0.275524265772285,-0.0829024874478258
17.8331626630248,-30.7045549283535,5.2417934443665,0.0505019418900955,-0.0863107980807119,0.184878063419961,-0.192034354305715
17.7011882600643,-30.6348188439943,5.2417934443665,0.0505019418900955,-0.0863107980807119,-0.182476344850569,0.156046882439915
17.7132841782191,-31.1047910188616,5.2417934443665,0.0505019418900955,-0.0863107980807119,-0.0384060237353177,-0.383661376786662
17.9644827898668,-30.7868520868012,5.2417934443665,0.0505019418900955,-0.0863107980807119,0.200696669757623,0.404249730141188
17.6101157579264,-31.2123181325446,5.2417934443665,0.0505019418900955,-0.0863107980807119,-0.40486897383043,-0.339155247662768
17.8780913862877,-31.0220960826007,5.2417934443665,0.0505019418900955,-0.0863107980807119,0.217473686471133,0.276532848024633
18.0000166344955,-30.9423394536889,5.2417934443665,0.0505019418900955,-0.0863107980807119,0.0714233063176981,0.166067426992511
18.0945376744795,-31.5245691587281,5.2417934443665,0.0505019418900955,-0.0863107980807119,0.0440190980939272,-0.495918906958461
18.0856655074787,-31.5244752280081,5.2417934443665,0.0505019418900955,-0.0863107980807119,-0.059374108890901,0.0864047288007568
17.9827015989967,-31.5191326365722,5.2417934443665,0.0505019418900955,-0.0863107980807119,-0.153465850372131,0.0916533895165947
18.2979715984548,-31.6326878696599,5.2417934443665,0.0505019418900955,-0.0863107980807119,0.264768057568031,-0.0272444350070351
18.3475697472598,-31.7564288674244,5.2417934443665,0.0505019418900955,-0.0863107980807119,-0.000903793085057752,-0.0374301996837938
17.8267740292733,-31.5983192405778,5.2417934443665,0.0505019418900955,-0.0863107980807119,-0.571297659876644,0.24442042492733
17.8274391877278,-31.7126412098793,5.2417934443665,0.0505019418900955,-0.0863107980807119,-0.049836783435554,-0.0280111712207726
18.3279420402947,-31.7438507919799,5.2417934443665,0.0505019418900955,-0.0863107980807119,0.450000910676752,0.0551012159801135
18.1979015306412,-31.8160229324597,5.2417934443665,0.0505019418900955,-0.0863107980807119,-0.180542451543532,0.0141386576009079
18.4570405545326,-31.8748503556236,5.2417934443665,0.0505019418900955,-0.0863107980807119,0.208637082001294,0.0274833749168547
18.2950819072973,-32.360077410048,5.2417934443665,0.0505019418900955,-0.0863107980807119,-0.212460589125468,-0.39891625634374
18.8283495247817,-32.01385195524,5.2417934443665,0.0505019418900955,-0.0863107980807119,0.48276567559436,0.43253625288876
18.6315424919731,-32.1909593504846,5.2417934443665,0.0505019418900955,-0.0863107980807119,-0.247308974698719,-0.090796597163963
18.6512459995507,-32.318265848272,5.2417934443665,0.0505019418900955,-0.0863107980807119,-0.0307984343124927,-0.0409956997066873
18.5814840079465,-32.4665712644635,5.2417934443665,0.0505019418900955,-0.0863107980807119,-0.120263933494322,-0.0619946181107746
18.6882252325805,-32.6754513732172,5.2417934443665,0.0505019418900955,-0.0863107980807119,0.0562392827438841,-0.122569310672962
18.5906000196987,-32.2467778069456,5.2417934443665,0.0505019418900955,-0.0863107980807119,-0.148127154771808,0.514984364352336
18.8525313115588,-32.7082758353684,5.2417934443665,0.0505019418900955,-0.0863107980807119,0.211429349969923,-0.375187230342148
18.7750508554339,-32.5233187515023,5.2417934443665,0.0505019418900955,-0.0863107980807119,-0.127982398014924,0.271267881946797
18.8963078607201,-32.8837026640525,5.2417934443665,0.0505019418900955,-0.0863107980807119,0.0707550633961068,-0.274073114469494
19.000075148505,-32.6413242144449,5.2417934443665,0.0505019418900955,-0.0863107980807119,0.0532653458948157,0.328689247688328
19.1936502193048,-32.8339875602714,5.2417934443665,0.0505019418900955,-0.0863107980807119,0.143073128909605,-0.106352547745796
18.9093841607553,-32.8145737878733,5.2417934443665,0.0505019418900955,-0.0863107980807119,-0.334768000439573,0.105724570478835
19.0381510577741,-33.0411019131807,5.2417934443665,0.0505019418900955,-0.0863107980807119,0.0782649551287692,-0.140217327226654
18.8576296900164,-33.4556848664179,5.2417934443665,0.0505019418900955,-0.0863107980807119,-0.231023309647882,-0.328272155156498
19.1213130537347,-33.3472786824219,5.2417934443665,0.0505019418900955,-0.0863107980807119,0.213181421828297,0.194716982076711
19.1475342183422,-33.5507549825099,5.2417934443665,0.0505019418900955,-0.0863107980807119,-0.0242807772826469,-0.11716550200734
19.0140051258854,-33.4445629409913,5.2417934443665,0.0505019418900955,-0.0863107980807119,-0.184031034346937,0.192502839599308
19.1192959878263,-33.8381017366144,5.2417934443665,0.0505019418900955,-0.0863107980807119,0.0547889200508587,-0.307227997542364
19.2373876201121,-33.5579361572224,5.2417934443665,0.0505019418900955,-0.0863107980807119,0.0675896903956994,0.366476377472666
19.5693721690025,-34.048935897518,5.2417934443665,0.0505019418900955,-0.0863107980807119,0.281482607000256,-0.404688942214809
19.5014753547051,-33.8120353901218,5.2417934443665,0.0505019418900955,-0.0863107980807119,-0.118398756187485,0.323211305476822
19.3436253092277,-34.0373630766989,5.2417934443665,0.0505019418900955,-0.0863107980807119,-0.208351987367482,-0.139016888496356
19.8937976682836,-33.9408371447289,5.2417934443665,0.0505019418900955,-0.0863107980807119,0.499670417165821,0.182836730050685
19.7961173516393,-34.2124681070181,5.2417934443665,0.0505019418900955,-0.0863107980807119,-0.148182258534437,-0.185320164208456
19.8467816637214,-34.4226445564704,5.2417934443665,0.0505019418900955,-0.0863107980807119,0.000162370192001755,-0.123865651371609
20.0733109115652,-34.5240114005458,5.2417934443665,0.0505019418900955,-0.0863107980807119,0.176027305953743,-0.0150560459946217
19.6853667338956,-34.4640896182283,5.2417934443665,0.0505019418900955,-0.0863107980807119,-0.438446119559746,0.146232580398131
20.1692513674321,-34.4588833380742,5.2417934443665,0.0505019418900955,-0.0863107980807119,0.433382691646462,0.0915170782347954
19.9423938541011,-34.4122127523088,5.2417934443665,0.0505019418900955,-0.0863107980807119,-0.277359455221146,0.132981383846149
20.0179424147285,-34.8802135568584,5.2417934443665,0.0505019418900955,-0.0863107980807119,0.0250466187373205,-0.381690006468931
20.046462333927,-34.6230858293311,5.2417934443665,0.0505019418900955,-0.0863107980807119,-0.0219820226915469,0.3434385256081
20.1329062051274,-34.7561555839956,5.2417934443665,0.0505019418900955,-0.0863107980807119,0.0359419293102565,-0.0467589565838528
20.3445483730966,-34.9621805182627,5.2417934443665,0.0505019418900955,-0.0863107980807119,0.161140226079069,-0.119714136186387
20.3575965488453,-34.8509624873496,5.2417934443665,0.0505019418900955,-0.0863107980807119,-0.0374537661413965,0.197528828993839
20.1520933184499,-35.3112266848857,5.2417934443665,0.0505019418900955,-0.0863107980807119,-0.256005172285418,-0.373953399455389
20.1209665519292,-34.7682847607538,5.2417934443665,0.0505019418900955,-0.0863107980807119,-0.0816287084108528,0.62925272221255
20.2168848499758,-35.2937883208328,5.2417934443665,0.0505019418900955,-0.0863107980807119,0.0454163561565215,-0.439192761998204
20.3869192112229,-35.543751467261,5.2417934443665,0.0505019418900955,-0.0863107980807119,0.119532419357045,-0.163652348347527
20.5638569079461,-34.9914970791008,5.2417934443665,0.0505019418900955,-0.0863107980807119,0.126435754833076,0.638565186240929
20.3128648066106,-35.4782758006648,5.2417934443665,0.0505019418900955,-0.0863107980807119,-0.301494043225568,-0.400467923483343
20.6399350854352,-35.764382480137,5.2417934443665,0.0505019418900955,-0.0863107980807119,0.276568336934436,-0.19979588139145
20.4642329807348,-35.5731881790592,5.2417934443665,0.0505019418900955,-0.0863107980807119,-0.226204046590518,0.277505099158493
20.7220964343156,-35.4321060490754,5.2417934443665,0.0505019418900955,-0.0863107980807119,0.2073615116907,0.227392928064507
20.5639028601613,-35.9025234235615,5.2417934443665,0.0505019418900955,-0.0863107980807119,-0.208695516044345,-0.384106576405363
20.8087222861772,-35.9193349904763,5.2417934443665,0.0505019418900955,-0.0863107980807119,0.194317484125802,0.0694992311658898
20.8530052602113,-35.8846152181374,5.2417934443665,0.0505019418900955,-0.0863107980807119,-0.0062189678559821,0.121030570419598
21.0832531868124,-36.2786064401329,5.2417934443665,0.0505019418900955,-0.0863107980807119,0.179745984710994,-0.307680423914751
21.0873919099273,-36.2530480316926,5.2417934443665,0.0505019418900955,-0.0863107980807119,-0.0463632187751937,0.111869206521012
20.9423156817884,-35.9427924944843,5.2417934443665,0.0505019418900955,-0.0863107980807119,-0.195578170028997,0.396566335289009
21.3477561640761,-36.2031364442894,5.2417934443665,0.0505019418900955,-0.0863107980807119,0.354938540397576,-0.174033151724446
21.4254858564055,-36.404781194532,5.2417934443665,0.0505019418900955,-0.0863107980807119,0.0272277504392721,-0.11533395216181
21.3689536594784,-36.6894903432344,5.2417934443665,0.0505019418900955,-0.0863107980807119,-0.107034138817165,-0.198398350621735
21.0748577728801,-36.3716620582022,5.2417934443665,0.0505019418900955,-0.0863107980807119,-0.344597828488426,0.404139083112933
21.4174360348718,-36.7835769905842,5.2417934443665,0.0505019418900955,-0.0863107980807119,0.292076320101592,-0.325604134301272
21.0315830224727,-37.0915720974229,5.2417934443665,0.0505019418900955,-0.0863107980807119,-0.436354954289116,-0.221684308758063
21.1484173573161,-36.9430853845266,5.2417934443665,0.0505019418900955,-0.0863107980807119,0.0663323929532207,0.234797510977038
21.6863298955764,-36.9439456497658,5.2417934443665,0.0505019418900955,-0.0863107980807119,0.48741059637023,0.0854505328415469
21.2865879721928,-37.2197668491842,5.2417934443665,0.0505019418900955,-0.0863107980807119,-0.450243865273638,-0.189510401337758
21.1536657173742,-36.9511278748065,5.2417934443665,0.0505019418900955,-0.0863107980807119,-0.183424196708737,0.354949772458434
21.2374715994804,-37.1389136227042,5.2417934443665,0.0505019418900955,-0.0863107980807119,0.0333039402160704,-0.101474949816994
21.5784793907137,-37.204431991857,5.2417934443665,0.0505019418900955,-0.0863107980807119,0.290505849343256,0.0207924289279375
21.9359105965497,-37.1982709920822,5.2417934443665,0.0505019418900955,-0.0863107980807119,0.306929263945838,0.0924717978554753
21.8201200465939,-37.3852057605822,5.2417934443665,0.0505019418900955,-0.0863107980807119,-0.166292491845879,-0.10062397041922
21.5978306300569,-37.7051604233645,5.2417934443665,0.0505019418900955,-0.0863107980807119,-0.272791358427086,-0.233643864701643
21.5910426463008,-37.6814801786904,5.2417934443665,0.0505019418900955,-0.0863107980807119,-0.0572899256461436,0.109991042754818
21.7574276550424,-37.9635464197257,5.2417934443665,0.0505019418900955,-0.0863107980807119,0.11588306685149,-0.195755442954606
21.7692081994336,-37.7313116138795,5.2417934443665,0.0505019418900955,-0.0863107980807119,-0.0387213974989023,0.31854560392695
21.7914475640796,-37.9093955977394,5.2417934443665,0.0505019418900955,-0.0863107980807119,-0.0282625772441559,-0.0917731857791838
21.8542888333822,-38.2056112088837,5.2417934443665,0.0505019418900955,-0.0863107980807119,0.0123393274124939,-0.209904813063615
22.1212443846225,-37.9216839900468,5.2417934443665,0.0505019418900955,-0.0863107980807119,0.216453609350269,0.370238016917565
21.605925166469,-38.1487019068538,5.2417934443665,0.0505019418900955,-0.0863107980807119,-0.565821160043571,-0.140707118726219
22.3007637681722,-38.0250699690169,5.2417934443665,0.0505019418900955,-0.0863107980807119,0.64433665981303,0.209942735917541
22.1687082321389,-38.2705551683942,5.2417934443665,0.0505019418900955,-0.0863107980807119,-0.182557477923378,-0.159174401296594
22.3203573212769,-38.2890670474278,5.2417934443665,0.0505019418900955,-0.0863107980807119,0.101147147247905,0.067798919047108
22.3164755856912,-38.5528544036297,5.2417934443665,0.0505019418900955,-0.0863107980807119,-0.0543836774757776,-0.177476558121178
22.311841535242,-38.7285512309454,5.2417934443665,0.0505019418900955,-0.0863107980807119,-0.055135992339324,-0.0893860292349643
22.3584040213928,-38.3291686640581,5.2417934443665,0.0505019418900955,-0.0863107980807119,-0.00393945573927548,0.485693364968043
22.5816718422055,-39.0587839902824,5.2417934443665,0.0505019418900955,-0.0863107980807119,0.17276587892264,-0.643304528143652
22.5866591426991,-38.8724782049276,5.2417934443665,0.0505019418900955,-0.0863107980807119,-0.0455146413965351,0.272616583435551
22.6411666396762,-38.7454853072067,5.2417934443665,0.0505019418900955,-0.0863107980807119,0.0040055550870073,0.213303695801609
22.2841882125216,-38.8695671412472,5.2417934443665,0.0505019418900955,-0.0863107980807119,-0.407480369044692,-0.0377710359598
22.5919851399611,-39.0282296539366,5.2417934443665,0.0505019418900955,-0.0863107980807119,0.257294985549411,-0.0723517146086736
22.7473264697904,-38.7666157720167,5.2417934443665,0.0505019418900955,-0.0863107980807119,0.104839387939133,0.347924680000598
22.6970050380344,-39.2735547634693,5.2417934443665,0.0505019418900955,-0.0863107980807119,-0.100823373646068,-0.420628193371877
22.7212342688465,-39.1362382642006,5.2417934443665,0.0505019418900955,-0.0863107980807119,-0.0262727110779403,0.223627297349364
22.7494943671959,-39.4207131303225,5.2417934443665,0.0505019418900955,-0.0863107980807119,-0.0222418435407507,-0.198164068041197
23.0550225044359,-39.1988570582604,5.2417934443665,0.0505019418900955,-0.0863107980807119,0.25502619534987,0.308166870142869
23.01183578878,-39.822634524689,5.2417934443665,0.0505019418900955,-0.0863107980807119,-0.0936886575459142,-0.537466668347934
23.1199973641443,-39.7950081632147,5.2417934443665,0.0505019418900955,-0.0863107980807119,0.0576596334741279,0.113937159555065
23.1421032724135,-39.9337132414865,5.2417934443665,0.0505019418900955,-0.0863107980807119,-0.0283960336208321,-0.0523942801910791
23.3538364898101,-39.9962477716685,5.2417934443665,0.0505019418900955,-0.0863107980807119,0.161231275506499,0.0237762678986232
23.0018705054937,-40.0787890854482,5.2417934443665,0.0505019418900955,-0.0863107980807119,-0.402467926206513,0.00376948430103041
23.2471780847818,-40.1910964969558,5.2417934443665,0.0505019418900955,-0.0863107980807119,0.194805637398017,-0.0259966134268994
23.1922277299512,-40.1588884602734,5.2417934443665,0.0505019418900955,-0.0863107980807119,-0.10545229672068,0.118518834763103
23.476725867134,-40.2005238981001,5.2417934443665,0.0505019418900955,-0.0863107980807119,0.233996195292661,0.0446753602540191
23.4720385698389,-39.9346832226085,5.2417934443665,0.0505019418900955,-0.0863107980807119,-0.055189239185192,0.352151473572347
23.5545094667695,-40.5747145292584,5.2417934443665,0.0505019418900955,-0.0863107980807119,0.0319689550405101,-0.553720508569221
23.3527512986957,-40.1117980361018,5.2417934443665,0.0505019418900955,-0.0863107980807119,-0.252260109963871,0.549227291237381
23.4071351387905,-40.3857942022114,5.2417934443665,0.0505019418900955,-0.0863107980807119,0.00388189820464513,-0.187685368028955
23.1520044941734,-40.351873554811,5.2417934443665,0.0505019418900955,-0.0863107980807119,-0.305632586507228,0.120231445481135
23.5975366133056,-40.6238909067837,5.2417934443665,0.0505019418900955,-0.0863107980807119,0.395030177242124,-0.185706553891979
23.1922585904759,-40.5501369070403,5.2417934443665,0.0505019418900955,-0.0863107980807119,-0.455779964719815,0.160064797824117
23.7207900297401,-40.7825364094219,5.2417934443665,0.0505019418900955,-0.0863107980807119,0.478029497374117,-0.146088704300968
23.6950751844861,-40.8375551047525,5.2417934443665,0.0505019418900955,-0.0863107980807119,-0.0762167871441064,0.0312921027501676
23.7272037749904,-40.9311680684714,5.2417934443665,0.0505019418900955,-0.0863107980807119,-0.0183733513857475,-0.00730216563816012
23.7444557720986,-41.1771401843532,5.2417934443665,0.0505019418900955,-0.0863107980807119,-0.0332499447819036,-0.159661317801136
23.8325430786534,-41.0678826960562,5.2417934443665,0.0505019418900955,-0.0863107980807119,0.0375853646646614,0.195568286377757
23.908512358632,-41.4106429497428,5.2417934443665,0.0505019418900955,-0.0863107980807119,0.0254673380885855,-0.256449455605932
24.0458364344205,-41.6244974126649,5.2417934443665,0.0505019418900955,-0.0863107980807119,0.0868221338983689,-0.127543664841416
24.0133041705131,-41.4395521163431,5.2417934443665,0.0505019418900955,-0.0863107980807119,-0.0830342057974773,0.27125609440256
24.1337925501354,-41.5788699832026,5.2417934443665,0.0505019418900955,-0.0863107980807119,0.0699864377321713,-0.0530070687788059
23.798905526059,-41.6669178838934,5.2417934443665,0.0505019418900955,-0.0863107980807119,-0.385388965966484,-0.00173710261009258
23.8191579133135,-41.673600563758,5.2417934443665,0.0505019418900955,-0.0863107980807119,-0.0302495546356377,0.0796281182161536
24.283277386616,-41.6182332531688,5.2417934443665,0.0505019418900955,-0.0863107980807119,0.413617531412441,0.141678108669883
24.2285329932989,-41.9470904845506,5.2417934443665,0.0505019418900955,-0.0863107980807119,-0.105246335207246,-0.242546433301095
24.1946040880513,-42.371358166787,5.2417934443665,0.0505019418900955,-0.0863107980807119,-0.0844308471377045,-0.337956884155719
24.3339252526862,-42.0699584895461,5.2417934443665,0.0505019418900955,-0.0863107980807119,0.0888192227448144,0.387710475321579
24.2836588085728,-42.1364510142032,5.2417934443665,0.0505019418900955,-0.0863107980807119,-0.100768386003452,0.0198182734236526
24.4618932360593,-42.375028489755,5.2417934443665,0.0505019418900955,-0.0863107980807119,0.127732485596413,-0.15226667747106
24.5961943567353,-42.2225569696496,5.2417934443665,0.0505019418900955,-0.0863107980807119,0.0837991787858991,0.238782318186106
24.3395398372739,-42.3024480254644,5.2417934443665,0.0505019418900955,-0.0863107980807119,-0.307156461351489,0.00641974226584843
24.7128288454824,-42.3696872344242,5.2417934443665,0.0505019418900955,-0.0863107980807119,0.322787066318375,0.0190715891209858
24.6700187542829,-42.5248191039094,5.2417934443665,0.0505019418900955,-0.0863107980807119,-0.093312033089565,-0.0688210714045219
24.4659189103293,-42.436203959405,5.2417934443665,0.0505019418900955,-0.0863107980807119,-0.254601785843674,0.174925942585141
24.4846109771214,-42.5435844113692,5.2417934443665,0.0505019418900955,-0.0863107980807119,-0.0318098750980218,-0.0210696538835527
24.765793254079,-42.7748879607681,5.2417934443665,0.0505019418900955,-0.0863107980807119,0.230680335067447,-0.144992751318114
24.5819805950898,-42.9504690880697,5.2417934443665,0.0505019418900955,-0.0863107980807119,-0.234314600879294,-0.0892703292209433
24.7879294832191,-42.7198878883231,5.2417934443665,0.0505019418900955,-0.0863107980807119,0.155446946239212,0.316891997827347
24.8655420659405,-43.0374370077298,5.2417934443665,0.0505019418900955,-0.0863107980807119,0.0271106408312849,-0.231238321325979
25.1490146735519,-43.283782760613,5.2417934443665,0.0505019418900955,-0.0863107980807119,0.232970665721385,-0.160034954802539
25.1823759320991,-43.259445226941,5.2417934443665,0.0505019418900955,-0.0863107980807119,-0.0171406833429821,0.110648331752698
25.1779871550429,-43.2398757015505,5.2417934443665,0.0505019418900955,-0.0863107980807119,-0.0548907189462138,0.105880323471235
25.3137771429987,-43.3304996649875,5.2417934443665,0.0505019418900955,-0.0863107980807119,0.0852880460656159,-0.004313165356241
25.0225750300254,-43.7046504494391,5.2417934443665,0.0505019418900955,-0.0863107980807119,-0.341704054863367,-0.287839986370965
25.364630478853,-43.352518428213,5.2417934443665,0.0505019418900955,-0.0863107980807119,0.291553506937542,0.438442819306885
25.3063097029326,-43.584051474846,5.2417934443665,0.0505019418900955,-0.0863107980807119,-0.108822717810484,-0.145222248552315
25.45116234781,-43.870674901584,5.2417934443665,0.0505019418900955,-0.0863107980807119,0.0943507029872513,-0.200312628657292
25.2284561319853,-43.7787196239106,5.2417934443665,0.0505019418900955,-0.0863107980807119,-0.273208157714751,0.178266075754097
25.9015379306458,-43.8103457345207,5.2417934443665,0.0505019418900955,-0.0863107980807119,0.622579856770328,0.0546846874706209
25.363180874056,-43.7518203048374,5.2417934443665,0.0505019418900955,-0.0863107980807119,-0.588858998479822,0.144836227764021
25.5136042216265,-44.0317600357721,5.2417934443665,0.0505019418900955,-0.0863107980807119,0.0999214056803933,-0.193628932854
25.6408559851294,-44.4778218328108,5.2417934443665,0.0505019418900955,-0.0863107980807119,0.0767498216127539,-0.359750998958028
25.5680651997373,-44.2770399385823,5.2417934443665,0.0505019418900955,-0.0863107980807119,-0.123292727282162,0.287092692309223
25.5960066360861,-44.3653826774401,5.2417934443665,0.0505019418900955,-0.0863107980807119,-0.0225605055413452,-0.0020319407770524
25.6862159058894,-44.5934933130973,5.2417934443665,0.0505019418900955,-0.0863107980807119,0.0397073279132183,-0.141799837576553
25.6388702601951,-44.3496089308816,5.2417934443665,0.0505019418900955,-0.0863107980807119,-0.0978475875843884,0.330195180296471
25.4863702010563,-44.4696086840223,5.2417934443665,0.0505019418900955,-0.0863107980807119,-0.203002001028929,-0.0336889550600332
25.9234319003747,-44.5512103805082,5.2417934443665,0.0505019418900955,-0.0863107980807119,0.386559757428352,0.00470910159485823
25.5534485977033,-44.6647486482119,5.2417934443665,0.0505019418900955,-0.0863107980807119,-0.420485244561541,-0.0272274696230081
25.59870248029,-44.8962666732221,5.2417934443665,0.0505019418900955,-0.0863107980807119,-0.00524805930339511,-0.145207226929465
26.4581015713849,-44.7180872315625,5.2417934443665,0.0505019418900955,-0.0863107980807119,0.808897149204836,0.264490239740282
26.2547017662852,-45.0641367052637,5.2417934443665,0.0505019418900955,-0.0863107980807119,-0.253901746989798,-0.259738675620477
26.1286620103569,-45.1498331979813,5.2417934443665,0.0505019418900955,-0.0863107980807119,-0.176541697818356,0.000614305363127232
26.0159086691305,-45.0916830862497,5.2417934443665,0.0505019418900955,-0.0863107980807119,-0.163255283116533,0.144460909812243
26.2882342281495,-45.3732598848684,5.2417934443665,0.0505019418900955,-0.0863107980807119,0.221823617128919,-0.195266000538011
26.6447045488025,-45.3502339961058,5.2417934443665,0.0505019418900955,-0.0863107980807119,0.305968378762878,0.109336686843345
26.4198740221191,-45.4506535323582,5.2417934443665,0.0505019418900955,-0.0863107980807119,-0.275332468573486,-0.0141087381716565
26.569485416916,-45.5779045571568,5.2417934443665,0.0505019418900955,-0.0863107980807119,0.0991094529068567,-0.0409402267179078
26.4289094500791,-45.7460297441617,5.2417934443665,0.0505019418900955,-0.0863107980807119,-0.19107790872708,-0.0818143889241931
26.5158300886243,-45.8052876040161,5.2417934443665,0.0505019418900955,-0.0863107980807119,0.0364186966551442,0.0270529382263426
26.7214271515676,-46.0078204677521,5.2417934443665,0.0505019418900955,-0.0863107980807119,0.155095121053235,-0.116222065655295
26.5810046095719,-45.9487843664501,5.2417934443665,0.0505019418900955,-0.0863107980807119,-0.190924483885872,0.145346899382703
26.6727418237387,-45.9760523593372,5.2417934443665,0.0505019418900955,-0.0863107980807119,0.0412352722767551,0.0590428051935684
27.017125802769,-45.8255518801685,5.2417934443665,0.0505019418900955,-0.0863107980807119,0.293882037140143,0.236811277249421
26.7431495471038,-46.0914606207869,5.2417934443665,0.0505019418900955,-0.0863107980807119,-0.324478197555257,-0.179597942537631
26.8235138352502,-46.4428964980399,5.2417934443665,0.0505019418900955,-0.0863107980807119,0.0298623462563354,-0.265125079172338
27.1677476213865,-46.5893719684019,5.2417934443665,0.0505019418900955,-0.0863107980807119,0.293731844246152,-0.0601646722813314
26.9737085975428,-46.3525567216518,5.2417934443665,0.0505019418900955,-0.0863107980807119,-0.244540965733751,0.32312604483089
27.2916814306104,-46.7363487671667,5.2417934443665,0.0505019418900955,-0.0863107980807119,0.267470891177436,-0.297481247434234
27.1643906921586,-46.3534281076315,5.2417934443665,0.0505019418900955,-0.0863107980807119,-0.1777926803419,0.469231457615922
27.2198858251548,-46.5800468941512,5.2417934443665,0.0505019418900955,-0.0863107980807119,0.00499319110615826,-0.140307988439022
27.0301304894632,-46.7361392400064,5.2417934443665,0.0505019418900955,-0.0863107980807119,-0.240257277581688,-0.0697815477745067
27.0873537153275,-47.3604918390508,5.2417934443665,0.0505019418900955,-0.0863107980807119,0.00672128397421731,-0.53804180096361
27.0979309286036,-47.1726240765882,5.2417934443665,0.0505019418900955,-0.0863107980807119,-0.0399247286139931,0.274178560543247
27.5067339671757,-46.7962347459216,5.2417934443665,0.0505019418900955,-0.0863107980807119,0.358301096681973,0.462700128747326
27.345982864396,-47.0777104422135,5.2417934443665,0.0505019418900955,-0.0863107980807119,-0.211253044669841,-0.195164898211142
27.3672726368802,-47.1777242210604,5.2417934443665,0.0505019418900955,-0.0863107980807119,-0.0292121694058733,-0.0137029807661971
27.6472463729658,-47.1110396935274,5.2417934443665,0.0505019418900955,-0.0863107980807119,0.229471794195529,0.152995325613634
27.4937621409354,-47.3806279313507,5.2417934443665,0.0505019418900955,-0.0863107980807119,-0.203986173920525,-0.183277439742572
27.6851230241135,-47.411773779019,5.2417934443665,0.0505019418900955,-0.0863107980807119,0.140858941288016,0.0551649504124367
27.6283858596377,-47.4476309697408,5.2417934443665,0.0505019418900955,-0.0863107980807119,-0.10723910636587,0.0504536073588618
27.2759606089226,-47.2706639849633,5.2417934443665,0.0505019418900955,-0.0863107980807119,-0.402927192605266,0.263277782858288
27.7369047940352,-47.7032293379108,5.2417934443665,0.0505019418900955,-0.0863107980807119,0.410442243222545,-0.346254554866855
27.7493537842446,-47.9748762985123,5.2417934443665,0.0505019418900955,-0.0863107980807119,-0.0380529516807388,-0.185336162520722
27.5775295364231,-48.1478178830838,5.2417934443665,0.0505019418900955,-0.0863107980807119,-0.222326189711588,-0.0866307864907943
28.0525463901331,-48.1216496841416,5.2417934443665,0.0505019418900955,-0.0863107980807119,0.42451491181991,0.112478997022861
28.0358005846758,-47.9692091522712,5.2417934443665,0.0505019418900955,-0.0863107980807119,-0.0672477473473722,0.238751329951104
27.747492780157,-47.9985393814153,5.2417934443665,0.0505019418900955,-0.0863107980807119,-0.338809746408896,0.0569805689366489
28.0398696099972,-48.2300641691751,5.2417934443665,0.0505019418900955,-0.0863107980807119,0.241874887950105,-0.145213989679132
28.1380902745674,-48.173209396152,5.2417934443665,0.0505019418900955,-0.0863107980807119,0.0477187226800821,0.143165571103804
28.0272640235104,-48.6268191264512,5.2417934443665,0.0505019418900955,-0.0863107980807119,-0.161328192947121,-0.367298932218501
28.5093261926226,-48.2911839731054,5.2417934443665,0.0505019418900955,-0.0863107980807119,0.431560227222195,0.4219459514265
28.3098461229402,-48.4483395147452,5.2417934443665,0.0505019418900955,-0.0863107980807119,-0.249982011572501,-0.0708447435590687
27.9548237929581,-48.6747681263804,5.2417934443665,0.0505019418900955,-0.0863107980807119,-0.405524271872212,-0.140117813554445
28.2453697489169,-48.7388111904361,5.2417934443665,0.0505019418900955,-0.0863107980807119,0.240044014068629,0.0222677340249938
28.1956085739038,-48.6427806033319,5.2417934443665,0.0505019418900955,-0.0863107980807119,-0.100263116903112,0.182341385184922
28.1229400061328,-48.6310362297848,5.2417934443665,0.0505019418900955,-0.0863107980807119,-0.123170509661149,0.0980551716277567
28.3877405464999,-48.8430595082858,5.2417934443665,0.0505019418900955,-0.0863107980807119,0.214298598476968,-0.125712480420292
28.554589678604,-49.2697815450881,5.2417934443665,0.0505019418900955,-0.0863107980807119,0.116347190214091,-0.340411238721577
28.6649311216666,-49.4817077841432,5.2417934443665,0.0505019418900955,-0.0863107980807119,0.0598395011724439,-0.125615440974338
28.5576117909829,-49.3413895569094,5.2417934443665,0.0505019418900955,-0.0863107980807119,-0.157821272573818,0.226629025314439
28.7969736496253,-49.3217900474799,5.2417934443665,0.0505019418900955,-0.0863107980807119,0.188859916752356,0.105910307510288
28.5994558095188,-49.339309505097,5.2417934443665,0.0505019418900955,-0.0863107980807119,-0.248019781996578,0.0687913404636175
29.0247430842899,-49.498670853952,5.2417934443665,0.0505019418900955,-0.0863107980807119,0.374785332880992,-0.0730505507743168
28.7876031339116,-49.5403249180712,5.2417934443665,0.0505019418900955,-0.0863107980807119,-0.287641892268447,0.0446567339614537
29.0155330844725,-49.8986774308291,5.2417934443665,0.0505019418900955,-0.0863107980807119,0.177428008670859,-0.272041714677148
28.9568052448322,-49.8901388800942,5.2417934443665,0.0505019418900955,-0.0863107980807119,-0.10922978153042,0.0948493488156452
29.0975261940301,-50.058676152552,5.2417934443665,0.0505019418900955,-0.0863107980807119,0.090219007307798,-0.0822264743770891
28.8643010969892,-50.5129663040729,5.2417934443665,0.0505019418900955,-0.0863107980807119,-0.283727038930961,-0.367979353440199
28.9923584303395,-50.1479717202628,5.2417934443665,0.0505019418900955,-0.0863107980807119,0.0775553914601906,0.451305381890819
29.4489168439002,-49.9700439343978,5.2417934443665,0.0505019418900955,-0.0863107980807119,0.406056471670599,0.264238583945654
29.2093545342634,-50.1951773839659,5.2417934443665,0.0505019418900955,-0.0863107980807119,-0.290064251526881,-0.138822651487398
29.118603691811,-50.4234448888481,5.2417934443665,0.0505019418900955,-0.0863107980807119,-0.141252784342549,-0.141956706801419
29.2883616886117,-50.2910139169156,5.2417934443665,0.0505019418900955,-0.0863107980807119,0.119256054910577,0.218741770013165
29.3213041745445,-50.4404037279738,5.2417934443665,0.0505019418900955,-0.0863107980807119,-0.0175594559572997,-0.0630790129775105
29.0661598497964,-50.4647077817709,5.2417934443665,0.0505019418900955,-0.0863107980807119,-0.305646266638138,0.0620067442836542
29.3861833403968,-50.748344245274,5.2417934443665,0.0505019418900955,-0.0863107980807119,0.269521548710304,-0.197325665422387
29.514161288551,-50.7831983713407,5.2417934443665,0.0505019418900955,-0.0863107980807119,0.0774760062640462,0.0514566720140393
29.6001800589963,-50.9986985794096,5.2417934443665,0.0505019418900955,-0.0863107980807119,0.0355168285552118,-0.129189409988238
29.7183972136216,-50.7804465196411,5.2417934443665,0.0505019418900955,-0.0863107980807119,0.0677152127352117,0.304562857849178
29.7241074897051,-51.152187603306,5.2417934443665,0.0505019418900955,-0.0863107980807119,-0.0447916658065545,-0.285430285584135
29.7705879224742,-51.326883580788,5.2417934443665,0.0505019418900955,-0.0863107980807119,-0.00402150912106102,-0.0883851794012766
29.7800821429897,-51.0198819727892,5.2417934443665,0.0505019418900955,-0.0863107980807119,-0.0410077213745724,0.393312406079518
29.8828077127411,-51.4990973269174,5.2417934443665,0.0505019418900955,-0.0863107980807119,0.0522236278613056,-0.392904556047563
29.8092166334724,-51.5272434156277,5.2417934443665,0.0505019418900955,-0.0863107980807119,-0.124093021158758,0.0581647093704041
29.9951953403665,-51.3541578995647,5.2417934443665,0.0505019418900955,-0.0863107980807119,0.135476765003986,0.259396314143791
30.1305815159612,-51.473720339989,5.2417934443665,0.0505019418900955,-0.0863107980807119,0.084884233704623,-0.0332516423435871
29.9747865112168,-51.605852084182,5.2417934443665,0.0505019418900955,-0.0863107980807119,-0.206296946634523,-0.0458209461122922
30.3091106100153,-51.7717243201707,5.2417934443665,0.0505019418900955,-0.0863107980807119,0.283822156908387,-0.0795614379080381
30.0567496480046,-51.8226781311922,5.2417934443665,0.0505019418900955,-0.0863107980807119,-0.302862903900808,0.0353569870591783
30.3164089433811,-52.0042893731876,5.2417934443665,0.0505019418900955,-0.0863107980807119,0.209157353486421,-0.0953004439146116
30.3676651516724,-52.4232174681076,5.2417934443665,0.0505019418900955,-0.0863107980807119,0.000754266401246137,-0.332617296839343
30.1042047712,-52.3783268584423,5.2417934443665,0.0505019418900955,-0.0863107980807119,-0.313962322362505,0.131201407746054
29.9046871737426,-52.33315193009,5.2417934443665,0.0505019418900955,-0.0863107980807119,-0.250019539347527,0.131485726433003
30.3139451014512,-51.9599064617339,5.2417934443665,0.0505019418900955,-0.0863107980807119,0.358755985818489,0.459556266436758
30.2230933129126,-52.2426458527302,5.2417934443665,0.0505019418900955,-0.0863107980807119,-0.141353730428684,-0.196428592915524
30.2674641049129,-52.130408937965,5.2417934443665,0.0505019418900955,-0.0863107980807119,-0.00613114988977703,0.198547712845913
30.5144685461745,-52.5208034572607,5.2417934443665,0.0505019418900955,-0.0863107980807119,0.196502499371512,-0.304083721215059
30.5707017686686,-52.539956911432,5.2417934443665,0.0505019418900955,-0.0863107980807119,0.00573128060400627,0.0671573439093877
31.01418579434,-52.5849109372588,5.2417934443665,0.0505019418900955,-0.0863107980807119,0.392982083781294,0.0413567722539629
30.8375936496133,-52.8030715917544,5.2417934443665,0.0505019418900955,-0.0863107980807119,-0.227094086616854,-0.131849856414935
30.6918278764092,-53.056677362205,5.2417934443665,0.0505019418900955,-0.0863107980807119,-0.19626771509418,-0.16729497236987
30.886284573642,-52.8963840966146,5.2417934443665,0.0505019418900955,-0.0863107980807119,0.143954755342684,0.246604063671145
30.8183679357024,-53.1744323113134,5.2417934443665,0.0505019418900955,-0.0863107980807119,-0.118418579829626,-0.191737416618143
30.8119901496081,-53.0611956077004,5.2417934443665,0.0505019418900955,-0.0863107980807119,-0.0568797279844204,0.199547501693778
30.5901232247792,-53.3322118742845,5.2417934443665,0.0505019418900955,-0.0863107980807119,-0.272368866719055,-0.184705468503392
31.0591370798183,-53.3052232352872,5.2417934443665,0.0505019418900955,-0.0863107980807119,0.41851191314904,0.113299437077938
30.8288871933616,-53.012379929516,5.2417934443665,0.0505019418900955,-0.0863107980807119,-0.280751828346796,0.379154103851923
31.3971187908363,-53.4063880812814,5.2417934443665,0.0505019418900955,-0.0863107980807119,0.517729655584566,-0.307697353684703
30.9439604874859,-53.4368380688437,5.2417934443665,0.0505019418900955,-0.0863107980807119,-0.503660245240495,0.0558608105184164
31.3633703393222,-53.5858522700584,5.2417934443665,0.0505019418900955,-0.0863107980807119,0.36890790994629,-0.0627034031339425
31.0162717131202,-53.5356623534633,5.2417934443665,0.0505019418900955,-0.0863107980807119,-0.397600568092125,0.136500714675791
31.1384796909503,-54.0057803447518,5.2417934443665,0.0505019418900955,-0.0863107980807119,0.0717060359400012,-0.383807193207822
31.3036794149348,-54.0173321594698,5.2417934443665,0.0505019418900955,-0.0863107980807119,0.114697782094355,0.0747589833627594
31.3371156770149,-53.9953047151467,5.2417934443665,0.0505019418900955,-0.0863107980807119,-0.017065679809991,0.108338242403772
31.4468953325654,-54.2002231350538,5.2417934443665,0.0505019418900955,-0.0863107980807119,0.0592777136604756,-0.118607621826341
31.3005504682852,-54.1044329496595,5.2417934443665,0.0505019418900955,-0.0863107980807119,-0.196846806170364,0.182100983474969
31.2593088630085,-54.0968357619368,5.2417934443665,0.0505019418900955,-0.0863107980807119,-0.0917435471668032,0.093907985803455
31.4131075410408,-54.3458631922055,5.2417934443665,0.0505019418900955,-0.0863107980807119,0.103296736142276,-0.162716632188031
31.5261539363041,-54.3415107026128,5.2417934443665,0.0505019418900955,-0.0863107980807119,0.0625444533731915,0.0906632876734047
31.8632549949191,-54.4815819563586,5.2417934443665,0.0505019418900955,-0.0863107980807119,0.286599116724829,-0.0537604556650548
31.6376420500332,-55.0059178655317,5.2417934443665,0.0505019418900955,-0.0863107980807119,-0.27611488677597,-0.43802511109245
32.1429642129806,-54.8461165995501,5.2417934443665,0.0505019418900955,-0.0863107980807119,0.454820221057323,0.246112064062395
31.9256338012008,-54.7198569958486,5.2417934443665,0.0505019418900955,-0.0863107980807119,-0.26783235366987,0.212570401782166
31.5211677565087,-54.9238763036201,5.2417934443665,0.0505019418900955,-0.0863107980807119,-0.454967986582262,-0.117708509690783
31.6064104018188,-54.9794856540794,5.2417934443665,0.0505019418900955,-0.0863107980807119,0.0347407034200607,0.0307014476213606
31.8589604011094,-54.938214023677,5.2417934443665,0.0505019418900955,-0.0863107980807119,0.20204805740047,0.127582428483146
32.2228164991589,-54.9614401654601,5.2417934443665,0.0505019418900955,-0.0863107980807119,0.313354156159398,0.063084656297611
32.5930099628368,-54.9037183065867,5.2417934443665,0.0505019418900955,-0.0863107980807119,0.319691521787765,0.14403265695414
32.109417292232,-55.206676747407,5.2417934443665,0.0505019418900955,-0.0863107980807119,-0.534094612494857,-0.216647642739597
32.2380516692799,-55.2935394272088,5.2417934443665,0.0505019418900955,-0.0863107980807119,0.0781324351577773,-0.000551881721062158
32.2758059224157,-55.378724315933,5.2417934443665,0.0505019418900955,-0.0863107980807119,-0.0127476887542325,0.00112590935650927
32.1616847678676,-55.5446738004584,5.2417934443665,0.0505019418900955,-0.0863107980807119,-0.164623096438273,-0.0796386864447512
32.4553443292065,-55.5762717076249,5.2417934443665,0.0505019418900955,-0.0863107980807119,0.243157619448866,0.054712890914256
32.2468603537214,-55.659094289869,5.2417934443665,0.0505019418900955,-0.0863107980807119,-0.258985917375269,0.00348821583660788
32.3280630189147,-55.6203820617864,5.2417934443665,0.0505019418900955,-0.0863107980807119,0.0307007233032797,0.125023026163328
32.7228190901609,-55.7022916345588,5.2417934443665,0.0505019418900955,-0.0863107980807119,0.344254129356097,0.00440122530829772
32.3886933281324,-55.8569705701105,5.2417934443665,0.0505019418900955,-0.0863107980807119,-0.384627703918603,-0.068368137470994
32.6694924147405,-56.0339678954935,5.2417934443665,0.0505019418900955,-0.0863107980807119,0.230297144718028,-0.0906865273022719
32.6926745420985,-55.9223758527954,5.2417934443665,0.0505019418900955,-0.0863107980807119,-0.0273198145320901,0.197902840778774
32.6481630995533,-56.1409134938561,5.2417934443665,0.0505019418900955,-0.0863107980807119,-0.0950133844353733,-0.132226842979991
32.7119362358908,-56.5759376521318,5.2417934443665,0.0505019418900955,-0.0863107980807119,0.0132711944474095,-0.348713360194966
32.9778168472376,-56.3251089390818,5.2417934443665,0.0505019418900955,-0.0863107980807119,0.215378669456747,0.337139511130659
32.7111202842702,-56.519369213679,5.2417934443665,0.0505019418900955,-0.0863107980807119,-0.317198504857503,-0.107949476516491
32.7833364450419,-56.7406332351783,5.2417934443665,0.0505019418900955,-0.0863107980807119,0.0217142188815672,-0.134953223418592
33.1014700868636,-56.3304734672762,5.2417934443665,0.0505019418900955,-0.0863107980807119,0.267631699931623,0.496470565982811
32.9146094742245,-56.7183597278005,5.2417934443665,0.0505019418900955,-0.0863107980807119,-0.237362554529189,-0.30157546244361
32.9871975126118,-57.0660254062704,5.2417934443665,0.0505019418900955,-0.0863107980807119,0.0220860964972505,-0.261354880389117
33.2682057242366,-56.8620494142548,5.2417934443665,0.0505019418900955,-0.0863107980807119,0.230506269734667,0.290286790096301
33.1079283203213,-57.2447032301148,5.2417934443665,0.0505019418900955,-0.0863107980807119,-0.210779345805408,-0.296343017779319
33.058492369351,-57.3716913212415,5.2417934443665,0.0505019418900955,-0.0863107980807119,-0.0999378928603593,-0.0406772930460003
33.2432548340671,-57.181038210912,5.2417934443665,0.0505019418900955,-0.0863107980807119,0.134260522825984,0.276963908410207
33.0503120574044,-57.03926340982,5.2417934443665,0.0505019418900955,-0.0863107980807119,-0.243444718552838,0.228085599172737
33.2720975975028,-57.2870866538487,5.2417934443665,0.0505019418900955,-0.0863107980807119,0.171283598208298,-0.161512445947975
33.2553630517087,-57.195750272377,5.2417934443665,0.0505019418900955,-0.0863107980807119,-0.0672364876841724,0.177647179552355
33.3224248791474,-57.518881807826,5.2417934443665,0.0505019418900955,-0.0863107980807119,0.0165598855485763,-0.236820737368259
33.1234039839874,-57.6184882445977,5.2417934443665,0.0505019418900955,-0.0863107980807119,-0.249522837050121,-0.0132956386909519
33.414466031519,-57.8752979317616,5.2417934443665,0.0505019418900955,-0.0863107980807119,0.240560105641531,-0.170498889083258
33.6828320906148,-57.5112892281763,5.2417934443665,0.0505019418900955,-0.0863107980807119,0.21786411720576,0.450319501666045
33.7488997836115,-58.356786289718,5.2417934443665,0.0505019418900955,-0.0863107980807119,0.0155657511066199,-0.759186263460961
33.7005097452022,-58.1582484406935,5.2417934443665,0.0505019418900955,-0.0863107980807119,-0.0988919802994328,0.284848647105212
33.9978851783148,-58.4161181283686,5.2417934443665,0.0505019418900955,-0.0863107980807119,0.246873491222492,-0.171558889594391
33.6355808819708,-58.2581040042063,5.2417934443665,0.0505019418900955,-0.0863107980807119,-0.412806238234105,0.244324922242943
33.7598532903937,-58.3426000391101,5.2417934443665,0.0505019418900955,-0.0863107980807119,0.0737704665327536,0.00181476317696883
33.7732014834639,-58.5516383613016,5.2417934443665,0.0505019418900955,-0.0863107980807119,-0.0371537488198346,-0.122727524110805
34.0405494002547,-58.3143104977395,5.2417934443665,0.0505019418900955,-0.0863107980807119,0.216845974900648,0.323638661642812
34.0591802670809,-58.2367206808386,5.2417934443665,0.0505019418900955,-0.0863107980807119,-0.0318710750639018,0.16390061498164
34.0498025567303,-58.778650906907,5.2417934443665,0.0505019418900955,-0.0863107980807119,-0.0598796522406349,-0.45561942798774
33.8420449229028,-58.8186594498645,5.2417934443665,0.0505019418900955,-0.0863107980807119,-0.258259575717644,0.0463022551232231
34.3957530134868,-58.7567409577406,5.2417934443665,0.0505019418900955,-0.0863107980807119,0.503206148693941,0.148229290204628
34.6764726874328,-58.9413655620798,5.2417934443665,0.0505019418900955,-0.0863107980807119,0.230217732055882,-0.0983138062585188
34.3089974631205,-59.0364026592422,5.2417934443665,0.0505019418900955,-0.0863107980807119,-0.417977166202375,-0.0087262990816277
34.4551251642438,-59.0008709704406,5.2417934443665,0.0505019418900955,-0.0863107980807119,0.0956257592331654,0.12184248688229
34.3404744729234,-58.728957757382,5.2417934443665,0.0505019418900955,-0.0863107980807119,-0.165152633210484,0.358224011139251
34.4182408203361,-59.1345668266275,5.2417934443665,0.0505019418900955,-0.0863107980807119,0.0272644055225695,-0.319298271164757
34.314528872962,-59.0190136089293,5.2417934443665,0.0505019418900955,-0.0863107980807119,-0.154213889264114,0.201864015778959
34.0811120952222,-59.2039011527668,5.2417934443665,0.0505019418900955,-0.0863107980807119,-0.283918719629892,-0.0985767457568233
34.4493426510949,-59.209872371956,5.2417934443665,0.0505019418900955,-0.0863107980807119,0.317728613982536,0.0803395788915161
34.5702043601513,-59.4944802593035,5.2417934443665,0.0505019418900955,-0.0863107980807119,0.070359767166323,-0.198297089266769
34.6957843142669,-59.691024282662,5.2417934443665,0.0505019418900955,-0.0863107980807119,0.0750780122254919,-0.110233225277796
34.7661964983231,-59.6005166085738,5.2417934443665,0.0505019418900955,-0.0863107980807119,0.0199102421661556,0.176818472168889
34.8054554219813,-59.7264439663241,5.2417934443665,0.0505019418900955,-0.0863107980807119,-0.0112430182319767,-0.0396165596696532
34.9863950484698,-59.7423263015813,5.2417934443665,0.0505019418900955,-0.0863107980807119,0.130437684598419,0.0704284628235565
35.1460375762338,-59.7953434663141,5.2417934443665,0.0505019418900955,-0.0863107980807119,0.109140585873905,0.0332936333479177
35.0590559486806,-60.0005379711692,5.2417934443665,0.0505019418900955,-0.0863107980807119,-0.137483569443245,-0.118883706774391
35.1199911304885,-59.8591246530003,5.2417934443665,0.0505019418900955,-0.0863107980807119,0.010433239917755,0.227724116249581
34.891802810585,-60.0683408033038,5.2417934443665,0.0505019418900955,-0.0863107980807119,-0.278690261793544,-0.122905352222724
34.9937112797042,-60.0565360198921,5.2417934443665,0.0505019418900955,-0.0863107980807119,0.0514065272290977,0.0981155814923266
35.3483164569047,-60.2959200548321,5.2417934443665,0.0505019418900955,-0.0863107980807119,0.304103235310422,-0.153073236859223
35.1993829739966,-60.6992821972431,5.2417934443665,0.0505019418900955,-0.0863107980807119,-0.199435424798193,-0.317051344330279
35.3213014308047,-60.3457816438707,5.2417934443665,0.0505019418900955,-0.0863107980807119,0.0714165149179475,0.439811351453078
35.3201176135902,-60.5985992425857,5.2417934443665,0.0505019418900955,-0.0863107980807119,-0.0516857591046133,-0.166506800634291
35.5949876589971,-60.4950810890743,5.2417934443665,0.0505019418900955,-0.0863107980807119,0.224368103516811,0.18982895159213
35.3656335152944,-60.679734890253,5.2417934443665,0.0505019418900955,-0.0863107980807119,-0.279856085592764,-0.0983430030979706
35.4184888792495,-60.6968352793308,5.2417934443665,0.0505019418900955,-0.0863107980807119,0.00235342206499591,0.0692104090028203
35.1223403262489,-60.7780941061829,5.2417934443665,0.0505019418900955,-0.0863107980807119,-0.346650494890658,0.00505197122863908
35.6222453626597,-61.071232933734,5.2417934443665,0.0505019418900955,-0.0863107980807119,0.449403094520631,-0.206828029470396
35.8474075125855,-61.0044535572671,5.2417934443665,0.0505019418900955,-0.0863107980807119,0.174660208035719,0.153090174547674
35.1993822551569,-61.0750980069454,5.2417934443665,0.0505019418900955,-0.0863107980807119,-0.698527199318642,0.0156663484023503
35.4258056282297,-61.2577126860917,5.2417934443665,0.0505019418900955,-0.0863107980807119,0.175921431182632,-0.0963038810655668
35.6524165248434,-61.3962487734964,5.2417934443665,0.0505019418900955,-0.0863107980807119,0.176108954723631,-0.0522252893239906
35.5622111847845,-61.7376243452058,5.2417934443665,0.0505019418900955,-0.0863107980807119,-0.140707281949006,-0.255064773628714
35.6578066481978,-61.6652005072257,5.2417934443665,0.0505019418900955,-0.0863107980807119,0.0450935215232416,0.158734636060781
35.9097944370223,-61.6573613577833,5.2417934443665,0.0505019418900955,-0.0863107980807119,0.201485846934344,0.0941499475231648
36.0678403185175,-61.5752211087325,5.2417934443665,0.0505019418900955,-0.0863107980807119,0.107543939605127,0.168451047131464
36.1821349497149,-61.7071280080503,5.2417934443665,0.0505019418900955,-0.0863107980807119,0.0637926893073114,-0.0455961012370086
35.709576015859,-61.6989860798287,5.2417934443665,0.0505019418900955,-0.0863107980807119,-0.523060875745992,0.0944527263023152
36.1193965022601,-61.892005556257,5.2417934443665,0.0505019418900955,-0.0863107980807119,0.359318544511006,-0.106708678347676
36.0997479143961,-62.1967430821858,5.2417934443665,0.0505019418900955,-0.0863107980807119,-0.070150529754167,-0.218426727847998
36.3445662809389,-62.158845448107,5.2417934443665,0.0505019418900955,-0.0863107980807119,0.194316424652704,0.124208432159478
35.9998312505979,-62.4225906448526,5.2417934443665,0.0505019418900955,-0.0863107980807119,-0.395236972231017,-0.177434398664897
36.209257753212,-62.5110831029514,5.2417934443665,0.0505019418900955,-0.0863107980807119,0.158924560723966,-0.00218166001809134
36.071943623062,-62.2860400128346,5.2417934443665,0.0505019418900955,-0.0863107980807119,-0.187816072040119,0.311353888197545
36.3706759611763,-62.5757662028875,5.2417934443665,0.0505019418900955,-0.0863107980807119,0.24823039622418,-0.203415391972248
36.6099129600098,-62.9510192910929,5.2417934443665,0.0505019418900955,-0.0863107980807119,0.188735056943495,-0.288942290124681
36.2705699500584,-62.4200672303252,5.2417934443665,0.0505019418900955,-0.0863107980807119,-0.389844951841543,0.617262858848409
36.611581863041,-62.769269105268,5.2417934443665,0.0505019418900955,-0.0863107980807119,0.290509971092544,-0.262891076862112
36.3670537892202,-62.7388770489207,5.2417934443665,0.0505019418900955,-0.0863107980807119,-0.295030015710942,0.116702854427998
36.5620533787203,-62.7244122717694,5.2417934443665,0.0505019418900955,-0.0863107980807119,0.144497647610055,0.100775575232035
36.5376908332931,-63.0192261710474,5.2417934443665,0.0505019418900955,-0.0863107980807119,-0.074864487317346,-0.208503101197248
36.6963155834402,-62.9960005631973,5.2417934443665,0.0505019418900955,-0.0863107980807119,0.108122808257033,0.109536405930814
36.5167656070459,-63.3138048475602,5.2417934443665,0.0505019418900955,-0.0863107980807119,-0.23005191828445,-0.231493486282242
36.5269729880469,-63.3958980786515,5.2417934443665,0.0505019418900955,-0.0863107980807119,-0.040294560889082,0.00421756698940245
36.9560015757701,-63.3470573208116,5.2417934443665,0.0505019418900955,-0.0863107980807119,0.378526645833129,0.13515155592061
36.7830114115404,-63.5676379234609,5.2417934443665,0.0505019418900955,-0.0863107980807119,-0.223492106119783,-0.134269804568536
36.902274419537,-63.5444084824623,5.2417934443665,0.0505019418900955,-0.0863107980807119,0.0687610661065081,0.109540239079269
37.0370757221696,-63.7050448676735,5.2417934443665,0.0505019418900955,-0.0863107980807119,0.0842993607424654,-0.0743255871304228
36.732041661791,-63.805525324796,5.2417934443665,0.0505019418900955,-0.0863107980807119,-0.355536002268663,-0.0141696590418586
37.19752880158,-63.7267023991044,5.2417934443665,0.0505019418900955,-0.0863107980807119,0.414985197898835,0.165133723772354
37.2204955955338,-63.86714057956,5.2417934443665,0.0505019418900955,-0.0863107980807119,-0.0275351479362333,-0.054127382374884
37.3565180617568,-64.0729687784024,5.2417934443665,0.0505019418900955,-0.0863107980807119,0.0855205243328618,-0.119517400761668
37.1622114276278,-63.7634270951315,5.2417934443665,0.0505019418900955,-0.0863107980807119,-0.24480857601909,0.395852481351601
37.6450507276109,-64.0055547047978,5.2417934443665,0.0505019418900955,-0.0863107980807119,0.432337358093051,-0.15581681158559
37.3719217184433,-64.2728616291355,5.2417934443665,0.0505019418900955,-0.0863107980807119,-0.323630951057754,-0.180996126256986
36.9534903185935,-64.5431424542445,5.2417934443665,0.0505019418900955,-0.0863107980807119,-0.468933341739884,-0.183970027028347
37.3832792353732,-64.2910540391701,5.2417934443665,0.0505019418900955,-0.0863107980807119,0.379286974889599,0.338399213155123
37.3123950555601,-64.4805069549928,5.2417934443665,0.0505019418900955,-0.0863107980807119,-0.121386121703154,-0.103142117741946
37.7222259186806,-64.7175531255948,5.2417934443665,0.0505019418900955,-0.0863107980807119,0.359328921230403,-0.150735372521255
37.6790631770762,-64.6296903233549,5.2417934443665,0.0505019418900955,-0.0863107980807119,-0.093664683494489,0.174173600320597
37.6765090702674,-64.5131146096116,5.2417934443665,0.0505019418900955,-0.0863107980807119,-0.0530560486988932,0.202886511824032
37.7390432756213,-65.012067279574,5.2417934443665,0.0505019418900955,-0.0863107980807119,0.0120322634637283,-0.412641871881717
37.6383897402493,-64.7500383424881,5.2417934443665,0.0505019418900955,-0.0863107980807119,-0.151155477262105,0.348339735166604
37.7027868331149,-65.0574396326936,5.2417934443665,0.0505019418900955,-0.0863107980807119,0.0138951509755055,-0.221090492124766
38.080333741924,-65.1179136539558,5.2417934443665,0.0505019418900955,-0.0863107980807119,0.327044966919022,0.0258367768185698
37.8655230274975,-65.0706120668939,5.2417934443665,0.0505019418900955,-0.0863107980807119,-0.265312656316599,0.133612385142558
37.9273866646886,-65.2338308468086,5.2417934443665,0.0505019418900955,-0.0863107980807119,0.0113616953009939,-0.0769079818339628
37.7817894710499,-65.0860749890078,5.2417934443665,0.0505019418900955,-0.0863107980807119,-0.196099135528744,0.234066655881509
37.6347042198028,-65.2419279903552,5.2417934443665,0.0505019418900955,-0.0863107980807119,-0.197587193137217,-0.0695422032667094
38.2052222714883,-65.2727134753622,5.2417934443665,0.0505019418900955,-0.0863107980807119,0.520016109795396,0.0555253130737501
37.9599469447643,-65.444445922831,5.2417934443665,0.0505019418900955,-0.0863107980807119,-0.29577726861415,-0.0854216493881124
38.1562954761145,-65.5535269661427,5.2417934443665,0.0505019418900955,-0.0863107980807119,0.145846589460108,-0.0227702452309267
38.0924989719875,-66.060563523193,5.2417934443665,0.0505019418900955,-0.0863107980807119,-0.114298446017088,-0.420725758969576
37.8897170454379,-65.8805941999659,5.2417934443665,0.0505019418900955,-0.0863107980807119,-0.253283868439633,0.266280121307795
38.3409723497901,-65.8238725330208,5.2417934443665,0.0505019418900955,-0.0863107980807119,0.400753362462096,0.143032465025849
38.444863613334,-65.9100282871862,5.2417934443665,0.0505019418900955,-0.0863107980807119,0.0533893216537827,0.00015504391533476
38.5867345554855,-66.2338706870005,5.2417934443665,0.0505019418900955,-0.0863107980807119,0.0913690002613537,-0.237531601733664
38.8482983543114,-65.9101165203645,5.2417934443665,0.0505019418900955,-0.0863107980807119,0.211061856935833,0.410064964716723
38.6638119886513,-66.1350930010389,5.2417934443665,0.0505019418900955,-0.0863107980807119,-0.234988307550214,-0.138665682593614
38.867184328057,-66.1259672538275,5.2417934443665,0.0505019418900955,-0.0863107980807119,0.152870397515615,0.0954365452920722
38.4358915256508,-66.5878094479228,5.2417934443665,0.0505019418900955,-0.0863107980807119,-0.481794744296265,-0.375531396014593
38.8575245914847,-66.4863407416693,5.2417934443665,0.0505019418900955,-0.0863107980807119,0.371131123943767,0.187779504334186
38.8305754672097,-66.4842434341873,5.2417934443665,0.0505019418900955,-0.0863107980807119,-0.0774510661650322,0.0884081055627268
39.0414825796547,-66.9520069717684,5.2417934443665,0.0505019418900955,-0.0863107980807119,0.160405170554873,-0.38145273950038
38.7590466047763,-66.3997315839815,5.2417934443665,0.0505019418900955,-0.0863107980807119,-0.332937916768541,0.638586185867621
38.9032870267802,-66.8038870590432,5.2417934443665,0.0505019418900955,-0.0863107980807119,0.0937384801138433,-0.317844676981012
39.1597460154466,-66.9379863975515,5.2417934443665,0.0505019418900955,-0.0863107980807119,0.205957046776301,-0.047788540427523
39.2365467686845,-67.1599440639979,5.2417934443665,0.0505019418900955,-0.0863107980807119,0.0262988113477808,-0.13564686836572
39.1721308489724,-67.0706388872011,5.2417934443665,0.0505019418900955,-0.0863107980807119,-0.114917861602209,0.175615974877572
39.5519470152305,-67.2069641175166,5.2417934443665,0.0505019418900955,-0.0863107980807119,0.329314224368054,-0.0500144322347695
39.0917427250392,-67.4109768959445,5.2417934443665,0.0505019418900955,-0.0863107980807119,-0.510706232081389,-0.117701980347238
39.4905457330879,-67.2450186581348,5.2417934443665,0.0505019418900955,-0.0863107980807119,0.348301066158615,0.252269035890479
39.1910155480255,-67.6689986589063,5.2417934443665,0.0505019418900955,-0.0863107980807119,-0.350032126952492,-0.337669202690813
39.4517048815491,-67.606258963711,5.2417934443665,0.0505019418900955,-0.0863107980807119,0.210187391633458,0.149050493275966
39.2817170094628,-67.6740650698678,5.2417934443665,0.0505019418900955,-0.0863107980807119,-0.220489813976356,0.018504691924002
39.3818293902303,-67.844125605538,5.2417934443665,0.0505019418900955,-0.0863107980807119,0.049610438877341,-0.0837497375895302
39.4152195567339,-68.0713780014883,5.2417934443665,0.0505019418900955,-0.0863107980807119,-0.0171117753864355,-0.140941597869568
39.3464020775302,-67.7875529860464,5.2417934443665,0.0505019418900955,-0.0863107980807119,-0.119319421093844,0.370135813522653
39.5086044483091,-67.7622772511141,5.2417934443665,0.0505019418900955,-0.0863107980807119,0.111700428888762,0.111586533012936
39.8475817183797,-67.8822225002188,5.2417934443665,0.0505019418900955,-0.0863107980807119,0.288475328180577,-0.0336344510239851
39.6364206306633,-68.0852064444393,5.2417934443665,0.0505019418900955,-0.0863107980807119,-0.261663029606481,-0.116673146139742
39.6581153043067,-68.3972943182444,5.2417934443665,0.0505019418900955,-0.0863107980807119,-0.0288072682467306,-0.225777075724378
39.642154685852,-68.4190792750963,5.2417934443665,0.0505019418900955,-0.0863107980807119,-0.0664625603448266,0.0645258412287825
39.5941025789293,-68.5238789932911,5.2417934443665,0.0505019418900955,-0.0863107980807119,-0.098554048812804,-0.018488920114052
39.6404899710031,-68.598684957699,5.2417934443665,0.0505019418900955,-0.0863107980807119,-0.0041145498162708,0.0115048336728076
40.250936612335,-68.3495354794992,5.2417934443665,0.0505019418900955,-0.0863107980807119,0.559944699441752,0.335460276280508
39.8313048344156,-68.904679187624,5.2417934443665,0.0505019418900955,-0.0863107980807119,-0.47013371980948,-0.468832910044085
40.4808224018196,-68.7485667319778,5.2417934443665,0.0505019418900955,-0.0863107980807119,0.599015625513917,0.242423253726942
39.92378054973,-69.0559670190519,5.2417934443665,0.0505019418900955,-0.0863107980807119,-0.607543793979634,-0.221089488993352
40.2027539087084,-69.0364300635049,5.2417934443665,0.0505019418900955,-0.0863107980807119,0.228471417088226,0.105847753627656
40.2076118658333,-69.0910901184272,5.2417934443665,0.0505019418900955,-0.0863107980807119,-0.0456439847651513,0.0316507431584244
40.6318142191399,-69.6212753711262,5.2417934443665,0.0505019418900955,-0.0863107980807119,0.373700411416509,-0.443874454618309
40.4514627577408,-69.3949045094127,5.2417934443665,0.0505019418900955,-0.0863107980807119,-0.230853403289216,0.312681659794297
40.371888582547,-69.2542907291946,5.2417934443665,0.0505019418900955,-0.0863107980807119,-0.130076117083884,0.226924578298817
40.4516338379993,-69.5379938449766,5.2417934443665,0.0505019418900955,-0.0863107980807119,0.0292433135621409,-0.197392317701356
40.424479415891,-69.4035673487518,5.2417934443665,0.0505019418900955,-0.0863107980807119,-0.0776563639983125,0.220737294305578
40.3705484897255,-69.6626201328196,5.2417934443665,0.0505019418900955,-0.0863107980807119,-0.104432868055651,-0.17274198598707
40.4974438607271,-69.5977059911786,5.2417934443665,0.0505019418900955,-0.0863107980807119,0.0763934291115334,0.151224939721725
40.7589438993462,-70.1862300829182,5.2417934443665,0.0505019418900955,-0.0863107980807119,0.210998096729013,-0.502213293658889
40.4630857595782,-69.6682923490289,5.2417934443665,0.0505019418900955,-0.0863107980807119,-0.346360081658111,0.604248531969979
40.4459320553957,-70.0390842398263,5.2417934443665,0.0505019418900955,-0.0863107980807119,-0.0676556460726255,-0.284481092716659
40.6319123039102,-69.7707031570068,5.2417934443665,0.0505019418900955,-0.0863107980807119,0.13547830662438,0.354691880900213
40.6008808727255,-69.9580151171782,5.2417934443665,0.0505019418900955,-0.0863107980807119,-0.0815333730747242,-0.101001162090712
40.7383648212712,-70.4363570452174,5.2417934443665,0.0505019418900955,-0.0863107980807119,0.0869820066555704,-0.392031129958501
41.1036086198019,-70.4030786676066,5.2417934443665,0.0505019418900955,-0.0863107980807119,0.314741856640592,0.119589175691558
41.2294981589338,-70.2182945567289,5.2417934443665,0.0505019418900955,-0.0863107980807119,0.0753875972417783,0.271094908958407
40.7994035711726,-70.504981491326,5.2417934443665,0.0505019418900955,-0.0863107980807119,-0.480596529651287,-0.200376136516459
40.822238873217,-70.7262234000749,5.2417934443665,0.0505019418900955,-0.0863107980807119,-0.0276666398457084,-0.13493111066818
41.0352274610346,-70.4997231822278,5.2417934443665,0.0505019418900955,-0.0863107980807119,0.162486645927506,0.312811015927834
41.0564389280007,-70.3590290999795,5.2417934443665,0.0505019418900955,-0.0863107980807119,-0.0292904749240158,0.227004880329011
41.6605551631533,-70.5651964095201,5.2417934443665,0.0505019418900955,-0.0863107980807119,0.553614293262541,-0.119856511459874
41.3082697385994,-70.7111853057488,5.2417934443665,0.0505019418900955,-0.0863107980807119,-0.402787366444002,-0.059678098147982
41.4862285300879,-70.8629764393795,5.2417934443665,0.0505019418900955,-0.0863107980807119,0.12745684959842,-0.0654803355499921
41.4663126382249,-70.9040962644666,5.2417934443665,0.0505019418900955,-0.0863107980807119,-0.0704178337530576,0.0451909729936236
41.5962749871264,-71.1907599888989,5.2417934443665,0.0505019418900955,-0.0863107980807119,0.0794604070113344,-0.200352926351517
41.4720221437123,-71.1439112274636,5.2417934443665,0.0505019418900955,-0.0863107980807119,-0.174754785304121,0.133159559515944
41.7412924459727,-71.3808179714445,5.2417934443665,0.0505019418900955,-0.0863107980807119,0.21876836037029,-0.150595945900117
41.4451026067971,-71.7728628805214,5.2417934443665,0.0505019418900955,-0.0863107980807119,-0.346691781065689,-0.305734110996252
41.8194922967844,-71.5065541305651,5.2417934443665,0.0505019418900955,-0.0863107980807119,0.323887748097127,0.352619548037045
41.8822393049966,-71.6922313656005,5.2417934443665,0.0505019418900955,-0.0863107980807119,0.0122450663221557,-0.0993664369546819
41.6551006945724,-71.5158191774495,5.2417934443665,0.0505019418900955,-0.0863107980807119,-0.277640552314276,0.262722986231738
41.874147487798,-71.8996794195304,5.2417934443665,0.0505019418900955,-0.0863107980807119,0.168544851335493,-0.29754944400017
41.578853973761,-71.9939315110778,5.2417934443665,0.0505019418900955,-0.0863107980807119,-0.345795455927155,-0.00794129346665812
41.9371535768074,-72.0560907075054,5.2417934443665,0.0505019418900955,-0.0863107980807119,0.307797661156278,0.0241516016530719
42.002579224262,-72.1150528028443,5.2417934443665,0.0505019418900955,-0.0863107980807119,0.0149237055645398,0.0273487027418374
42.0722539650454,-72.0758370067376,5.2417934443665,0.0505019418900955,-0.0863107980807119,0.0191727988932852,0.125526594187454
41.9987925681184,-71.9352651415502,5.2417934443665,0.0505019418900955,-0.0863107980807119,-0.123963338817105,0.226882663268105
42.3723514992203,-72.6158113753413,5.2417934443665,0.0505019418900955,-0.0863107980807119,0.323056989211817,-0.594235435710362
41.9791639167108,-72.6132791202437,5.2417934443665,0.0505019418900955,-0.0863107980807119,-0.443689524399585,0.088843053178246
42.1628145157957,-72.3929752651178,5.2417934443665,0.0505019418900955,-0.0863107980807119,0.133148657194825,0.306614653206591
42.1551061759214,-72.6942402619896,5.2417934443665,0.0505019418900955,-0.0863107980807119,-0.0582102817644446,-0.214954198791092
42.3893244685572,-72.4327683099433,5.2417934443665,0.0505019418900955,-0.0863107980807119,0.183716350745791,0.347782750127049
42.047801263837,-72.5950701823522,5.2417934443665,0.0505019418900955,-0.0863107980807119,-0.392025146610368,-0.0759910743281727
42.3360649690722,-72.6954145255416,5.2417934443665,0.0505019418900955,-0.0863107980807119,0.237761763345121,-0.0140335451086745
42.4389797342905,-72.7557927352736,5.2417934443665,0.0505019418900955,-0.0863107980807119,0.0524128233281762,0.0259325883487327
42.7697665481617,-73.2076503223321,5.2417934443665,0.0505019418900955,-0.0863107980807119,0.280284871981145,-0.365546788977816
42.4054998275942,-73.1196535611178,5.2417934443665,0.0505019418900955,-0.0863107980807119,-0.414768662457643,0.174307559295045
42.5870967339684,-72.8417599305525,5.2417934443665,0.0505019418900955,-0.0863107980807119,0.131094964484097,0.364204428645973
42.6996941798837,-73.3735164661973,5.2417934443665,0.0505019418900955,-0.0863107980807119,0.0620955040251861,-0.44544573756411
42.662099559196,-73.1897979923801,5.2417934443665,0.0505019418900955,-0.0863107980807119,-0.0880965625777248,0.270029271897925
42.7070345671422,-73.2915884482233,5.2417934443665,0.0505019418900955,-0.0863107980807119,-0.00556693394389231,-0.0154796577624578
42.6650417782508,-73.3510465621351,5.2417934443665,0.0505019418900955,-0.0863107980807119,-0.0924947307815685,0.0268526841689096
43.1691999425932,-73.2592182193594,5.2417934443665,0.0505019418900955,-0.0863107980807119,0.453656222452389,0.178139140856436
43.0929265759937,-73.7346316804221,5.2417934443665,0.0505019418900955,-0.0863107980807119,-0.126775308489631,-0.389102662981959
42.8449129626187,-73.809383487862,5.2417934443665,0.0505019418900955,-0.0863107980807119,-0.298515555265091,0.0115589906408354
43.0871887008306,-73.8220000051926,5.2417934443665,0.0505019418900955,-0.0863107980807119,0.191773796321784,0.073694280750098
42.9956134421897,-73.9541951871658,5.2417934443665,0.0505019418900955,-0.0863107980807119,-0.142077200530975,-0.0458843838925024
42.9599909001832,-73.7915428424009,5.2417934443665,0.0505019418900955,-0.0863107980807119,-0.0861244838966202,0.248963142845578
42.7566265726231,-73.7958251285998,5.2417934443665,0.0505019418900955,-0.0863107980807119,-0.253866269450191,0.0820285118818007
43.329683920819,-74.1654430771408,5.2417934443665,0.0505019418900955,-0.0863107980807119,0.522555406305807,-0.283307150460219
43.0276241322257,-74.3301244564284,5.2417934443665,0.0505019418900955,-0.0863107980807119,-0.352561730483429,-0.0783705812069056
43.1132013429987,-74.4901849140984,5.2417934443665,0.0505019418900955,-0.0863107980807119,0.035075268882889,-0.0737496595892793
43.0741432679104,-74.385170868664,5.2417934443665,0.0505019418900955,-0.0863107980807119,-0.0895600169783349,0.1913248435151
43.3996074848054,-74.5065035334398,5.2417934443665,0.0505019418900955,-0.0863107980807119,0.274962275004892,-0.0350218666951198
43.4925179655306,-74.6547674986965,5.2417934443665,0.0505019418900955,-0.0863107980807119,0.0424085388350504,-0.0619531671759058
43.7699540509067,-74.6031641092487,5.2417934443665,0.0505019418900955,-0.0863107980807119,0.226934143486051,0.137914187528525
43.5794784374904,-74.4747637024176,5.2417934443665,0.0505019418900955,-0.0863107980807119,-0.24097755530641,0.214711204911772
43.6364059694341,-74.6942038869754,5.2417934443665,0.0505019418900955,-0.0863107980807119,0.00642559005357687,-0.133129386477074
43.6236993674337,-74.7896612558748,5.2417934443665,0.0505019418900955,-0.0863107980807119,-0.0632085438904166,-0.00914657081871414
43.6130718356682,-75.3156225167141,5.2417934443665,0.0505019418900955,-0.0863107980807119,-0.0611294736556516,-0.439650462758542
43.7949403999694,-75.1385894640981,5.2417934443665,0.0505019418900955,-0.0863107980807119,0.131366622411161,0.263343850696737
43.9834549161045,-75.1416073725041,5.2417934443665,0.0505019418900955,-0.0863107980807119,0.138012574244917,0.0832928896746382
43.8679344806234,-75.1760506337648,5.2417934443665,0.0505019418900955,-0.0863107980807119,-0.166022377371153,0.0518675368200599
44.0091497694257,-75.541250632633,5.2417934443665,0.0505019418900955,-0.0863107980807119,0.0907133469122083,-0.278889200787515
44.1099155399401,-75.2166978147596,5.2417934443665,0.0505019418900955,-0.0863107980807119,0.0502638286243177,0.410863615954132
43.8585130394853,-75.4405634344698,5.2417934443665,0.0505019418900955,-0.0863107980807119,-0.301904442344946,-0.137554821629451
44.026927426749,-75.4744175910118,5.2417934443665,0.0505019418900955,-0.0863107980807119,0.11791244537363,0.0524566415386897
43.8147717258186,-75.4806369372339,5.2417934443665,0.0505019418900955,-0.0863107980807119,-0.262657642820496,0.0800914518586598
43.8252013832558,-75.7270507167451,5.2417934443665,0.0505019418900955,-0.0863107980807119,-0.0400722844529183,-0.160102981430483
44.3911565175167,-75.7678639711036,5.2417934443665,0.0505019418900955,-0.0863107980807119,0.515453192370862,0.0454975437221594
44.1435439911661,-75.8221407484219,5.2417934443665,0.0505019418900955,-0.0863107980807119,-0.298114468240739,0.0320340207624331
44.3108065668198,-75.8724110063193,5.2417934443665,0.0505019418900955,-0.0863107980807119,0.116760633763591,0.0360405401832953
44.5297464979318,-75.9132729555953,5.2417934443665,0.0505019418900955,-0.0863107980807119,0.168437989221913,0.0454488488047432
44.4219876262712,-76.1062064701151,5.2417934443665,0.0505019418900955,-0.0863107980807119,-0.158260813550711,-0.106622716439028
44.2258562345718,-76.5918773325717,5.2417934443665,0.0505019418900955,-0.0863107980807119,-0.246633333589486,-0.3993600643759
44.5203581604565,-76.4351366926419,5.2417934443665,0.0505019418900955,-0.0863107980807119,0.243999983994572,0.243051438010543
44.6953317702105,-76.2818393947064,5.2417934443665,0.0505019418900955,-0.0863107980807119,0.124471667863925,0.239608096016225
44.1965529608367,-76.4847698713548,5.2417934443665,0.0505019418900955,-0.0863107980807119,-0.549280751263869,-0.116619678567771
44.3518177889454,-76.6635913004758,5.2417934443665,0.0505019418900955,-0.0863107980807119,0.104762886218616,-0.0925106310402688
44.4792175402262,-76.9040165944859,5.2417934443665,0.0505019418900955,-0.0863107980807119,0.0768978093907004,-0.154114495929362
44.5800466572076,-76.7228912063263,5.2417934443665,0.0505019418900955,-0.0863107980807119,0.0503271750912461,0.267436186240341
45.0088089371718,-76.981671223856,5.2417934443665,0.0505019418900955,-0.0863107980807119,0.378260338074185,-0.172469219449024
44.7978983534562,-77.1567887833331,5.2417934443665,0.0505019418900955,-0.0863107980807119,-0.261412525605779,-0.0888067613963343
44.8762054909206,-77.1586334951726,5.2417934443665,0.0505019418900955,-0.0863107980807119,0.0278051955743729,0.0844660862411989
44.8571861155907,-77.0071131452155,5.2417934443665,0.0505019418900955,-0.0863107980807119,-0.069521317219987,0.237831148037839
45.1820060784137,-77.2820257385002,5.2417934443665,0.0505019418900955,-0.0863107980807119,0.274318020932841,-0.188601795204057
45.0424640411345,-77.2774609115375,5.2417934443665,0.0505019418900955,-0.0863107980807119,-0.190043979169235,0.0908756250434538
45.2395575468633,-77.3188527747311,5.2417934443665,0.0505019418900955,-0.0863107980807119,0.146591563838679,0.0449189348870846
45.1723609880587,-77.5294881145337,5.2417934443665,0.0505019418900955,-0.0863107980807119,-0.117698500694681,-0.124324541721866
45.3183553541026,-77.5582504199976,5.2417934443665,0.0505019418900955,-0.0863107980807119,0.0954924241537823,0.0575484926168626
45.3471073171952,-77.6081842131412,5.2417934443665,0.0505019418900955,-0.0863107980807119,-0.0217499787974858,0.0363770049370994
45.1172011352595,-77.7389888785387,5.2417934443665,0.0505019418900955,-0.0863107980807119,-0.280408123825778,-0.044493867316754
45.4410292406491,-78.0884145444675,5.2417934443665,0.0505019418900955,-0.0863107980807119,0.273326163499505,-0.263114867848099
45.3937893709579,-77.5845361717507,5.2417934443665,0.0505019418900955,-0.0863107980807119,-0.0977418115813173,0.590189170797471
45.3830013249441,-77.9884301686561,5.2417934443665,0.0505019418900955,-0.0863107980807119,-0.0612899879039168,-0.31758319882459
45.2878475901828,-77.9044131695501,5.2417934443665,0.0505019418900955,-0.0863107980807119,-0.145655676651444,0.170327797186635
45.5729672514399,-78.1027542097224,5.2417934443665,0.0505019418900955,-0.0863107980807119,0.23461771936704,-0.112030242091585
45.6166296500144,-78.1748113011151,5.2417934443665,0.0505019418900955,-0.0863107980807119,-0.00683954331554137,0.0142537066880959
45.6100111889209,-78.5090487006162,5.2417934443665,0.0505019418900955,-0.0863107980807119,-0.0571204029836496,-0.247926601420418
45.5274452548671,-78.2914260219208,5.2417934443665,0.0505019418900955,-0.0863107980807119,-0.133067875943914,0.303933476776155
45.6482509985451,-78.5039075731641,5.2417934443665,0.0505019418900955,-0.0863107980807119,0.0703038017879143,-0.126170753162584
45.719481902951,-78.629624314949,5.2417934443665,0.0505019418900955,-0.0863107980807119,0.0207289625158113,-0.0394059437042698
45.992819279506,-78.7131838210041,5.2417934443665,0.0505019418900955,-0.0863107980807119,0.222835434664917,0.00275129202562369
46.1789548605218,-78.5699910806706,5.2417934443665,0.0505019418900955,-0.0863107980807119,0.13563363912565,0.229503538414255
46.1051724192622,-79.0212822381033,5.2417934443665,0.0505019418900955,-0.0863107980807119,-0.124284383149664,-0.364980359352006
45.7991996972534,-79.4413516538767,5.2417934443665,0.0505019418900955,-0.0863107980807119,-0.356474663898866,-0.333758617692652
45.9222595795428,-78.9992274984236,5.2417934443665,0.0505019418900955,-0.0863107980807119,0.0725579403992366,0.528434953533822
45.8972025121082,-78.9391142864434,5.2417934443665,0.0505019418900955,-0.0863107980807119,-0.0755590093246478,0.146424010060927
46.2939021708581,-79.4315014372209,5.2417934443665,0.0505019418900955,-0.0863107980807119,0.346197716859846,-0.406076352696775
46.4935812999267,-79.3528246705998,5.2417934443665,0.0505019418900955,-0.0863107980807119,0.149177187178468,0.164987564701837
46.09829846708,-79.3732901993586,5.2417934443665,0.0505019418900955,-0.0863107980807119,-0.445784774736755,0.0658452693218872
46.2740993933159,-79.4018720410019,5.2417934443665,0.0505019418900955,-0.0863107980807119,0.125298984345719,0.0577289564374507
46.2815229676939,-79.480180687573,5.2417934443665,0.0505019418900955,-0.0863107980807119,-0.0430783675120769,0.00800215150956071
46.650670755098,-79.1563288039978,5.2417934443665,0.0505019418900955,-0.0863107980807119,0.318645845514054,0.410162681655937
46.3595487252043,-79.5758758228462,5.2417934443665,0.0505019418900955,-0.0863107980807119,-0.341623971783863,-0.333236220767723
46.7653833358363,-79.9549928532827,5.2417934443665,0.0505019418900955,-0.0863107980807119,0.355332668741893,-0.292806232355735
46.5570839483002,-79.8395543257671,5.2417934443665,0.0505019418900955,-0.0863107980807119,-0.258801329426169,0.201749325596276
46.563942721752,-80.374467337735,5.2417934443665,0.0505019418900955,-0.0863107980807119,-0.0436431684382625,-0.448602213887145
46.5854802191089,-80.2169642621615,5.2417934443665,0.0505019418900955,-0.0863107980807119,-0.0289644445332438,0.243813873654203
46.4704304474727,-80.2704211483589,5.2417934443665,0.0505019418900955,-0.0863107980807119,-0.165551713526326,0.0328539118832843
47.2730578664252,-80.2351154370172,5.2417934443665,0.0505019418900955,-0.0863107980807119,0.752125477062463,0.121616509422497
46.6575629633885,-80.42588036879,5.2417934443665,0.0505019418900955,-0.0863107980807119,-0.665996844926785,-0.104454133692161
46.8086584844704,-80.4279122786669,5.2417934443665,0.0505019418900955,-0.0863107980807119,0.100593579191822,0.0842788882038987
46.9327130440706,-80.8662600759902,5.2417934443665,0.0505019418900955,-0.0863107980807119,0.0735526177100564,-0.352036999242596
46.9566693798224,-80.357083574559,5.2417934443665,0.0505019418900955,-0.0863107980807119,-0.0265456061383182,0.595487299511928
47.3495786737637,-80.9391324452328,5.2417934443665,0.0505019418900955,-0.0863107980807119,0.342407352051251,-0.495738072593124
47.3977888320813,-80.8607021502764,5.2417934443665,0.0505019418900955,-0.0863107980807119,-0.00229178357254281,0.164741093037152
47.366964412112,-80.7241509036348,5.2417934443665,0.0505019418900955,-0.0863107980807119,-0.0813263618593543,0.222862044722247
47.3818245290232,-81.2808947529444,5.2417934443665,0.0505019418900955,-0.0863107980807119,-0.0356418249788746,-0.470433051228897
47.2538012396596,-81.0805465693958,5.2417934443665,0.0505019418900955,-0.0863107980807119,-0.178525231253704,0.28665898162935
47.1842559305022,-81.0247479070225,5.2417934443665,0.0505019418900955,-0.0863107980807119,-0.120047251047512,0.142109460454002
47.534264313349,-81.1621171153042,5.2417934443665,0.0505019418900955,-0.0863107980807119,0.29950644095667,-0.051058410200984
47.9921073030907,-81.2960531046867,5.2417934443665,0.0505019418900955,-0.0863107980807119,0.407341047851653,-0.0476251913017535
47.4565326880729,-81.4186664336938,5.2417934443665,0.0505019418900955,-0.0863107980807119,-0.586076556907955,-0.0363025309263921
47.644316765788,-81.5042114476294,5.2417934443665,0.0505019418900955,-0.0863107980807119,0.137282135825033,0.000765784145153492
47.5512119407871,-81.5564677436087,5.2417934443665,0.0505019418900955,-0.0863107980807119,-0.143606766891041,0.0340545021013673
47.7515448868018,-81.329874975798,5.2417934443665,0.0505019418900955,-0.0863107980807119,0.14983100412459,0.312903565891447
47.880638090354,-81.561321366771,5.2417934443665,0.0505019418900955,-0.0863107980807119,0.078591261662173,-0.145135592892261
47.5916001693972,-81.8490181828841,5.2417934443665,0.0505019418900955,-0.0863107980807119,-0.339539862846975,-0.201386018032419
47.7932435633978,-82.1504901658114,5.2417934443665,0.0505019418900955,-0.0863107980807119,0.151141452110498,-0.215161184846614
47.9592676892251,-81.9057349310335,5.2417934443665,0.0505019418900955,-0.0863107980807119,0.115522183937244,0.331066032858601
47.6371991536066,-82.0836658949346,5.2417934443665,0.0505019418900955,-0.0863107980807119,-0.372570477508595,-0.0916201658203056
47.7837130423564,-81.7932402377551,5.2417934443665,0.0505019418900955,-0.0863107980807119,0.0960119468597036,0.376736455260207
48.2209968515587,-82.2298323127446,5.2417934443665,0.0505019418900955,-0.0863107980807119,0.38678186731217,-0.350281276908791
47.9907653294868,-82.4309034797417,5.2417934443665,0.0505019418900955,-0.0863107980807119,-0.280733463961961,-0.114760368916393
48.1732029038109,-82.2180204914758,5.2417934443665,0.0505019418900955,-0.0863107980807119,0.131935632433985,0.29919378634661
48.0284764947633,-82.6887762368699,5.2417934443665,0.0505019418900955,-0.0863107980807119,-0.195228350937713,-0.384444947313358
48.0983445810067,-82.8167265848683,5.2417934443665,0.0505019418900955,-0.0863107980807119,0.0193661443533244,-0.0416395499177071
48.2629180320896,-82.7920392438064,5.2417934443665,0.0505019418900955,-0.0863107980807119,0.114071509192814,0.110998139142627
48.2430705817301,-82.6581458941136,5.2417934443665,0.0505019418900955,-0.0863107980807119,-0.0703493922496302,0.220204147773487
47.9413617322295,-82.9554345069465,5.2417934443665,0.0505019418900955,-0.0863107980807119,-0.352210791390658,-0.210977814752213
48.3729590140245,-82.8675776977272,5.2417934443665,0.0505019418900955,-0.0863107980807119,0.38109533990493,0.174167607300036
48.5327156810115,-83.0297817230906,5.2417934443665,0.0505019418900955,-0.0863107980807119,0.109254725096897,-0.0758932272826767
48.5527339708342,-83.1789899815403,5.2417934443665,0.0505019418900955,-0.0863107980807119,-0.0304836520674216,-0.0628974603689923
48.4737611096008,-83.2928096535359,5.2417934443665,0.0505019418900955,-0.0863107980807119,-0.129474803123474,-0.0275088739148312
48.3174498784173,-83.1742581366202,5.2417934443665,0.0505019418900955,-0.0863107980807119,-0.206813173073641,0.204862314996372
48.2293817140404,-83.5956072863098,5.2417934443665,0.0505019418900955,-0.0863107980807119,-0.138570106266933,-0.335038351608829
48.8444379288283,-83.4708735318509,5.2417934443665,0.0505019418900955,-0.0863107980807119,0.564554272897762,0.211044552539546
48.8772087801046,-83.6137578148551,5.2417934443665,0.0505019418900955,-0.0863107980807119,-0.0177310906138213,-0.0565734849234198
48.7911905529152,-83.2931030734474,5.2417934443665,0.0505019418900955,-0.0863107980807119,-0.136520169079521,0.40696553948836
49.1155594273037,-83.6994964826062,5.2417934443665,0.0505019418900955,-0.0863107980807119,0.273866932498435,-0.320082611078106
48.9381850052832,-83.5958059752952,5.2417934443665,0.0505019418900955,-0.0863107980807119,-0.227876363910575,0.190001305391788
49.1871458958795,-83.912168200479,5.2417934443665,0.0505019418900955,-0.0863107980807119,0.19845894870621,-0.230051427103065
48.9333524270365,-84.247989867266,5.2417934443665,0.0505019418900955,-0.0863107980807119,-0.304295410733074,-0.249510868706371
48.9893739543551,-84.3756148944555,5.2417934443665,0.0505019418900955,-0.0863107980807119,0.0055195854284527,-0.0413142291087572
49.3602746427209,-84.0363978414325,5.2417934443665,0.0505019418900955,-0.0863107980807119,0.320398746475691,0.425527851103752
49.1233716805472,-84.1412278626448,5.2417934443665,0.0505019418900955,-0.0863107980807119,-0.287404904063822,-0.0185192231315792
49.202130583814,-84.3913741044105,5.2417934443665,0.0505019418900955,-0.0863107980807119,0.0282569613767473,-0.163835443684979
49.1041979234478,-84.3739208432256,5.2417934443665,0.0505019418900955,-0.0863107980807119,-0.148434602256273,0.103764059265599
49.4173378450257,-84.5160741164487,5.2417934443665,0.0505019418900955,-0.0863107980807119,0.262637979687748,-0.0558424751423903
49.3148841035658,-84.3475661887993,5.2417934443665,0.0505019418900955,-0.0863107980807119,-0.15295568335001,0.254818725730135
49.4832395241727,-84.8173957455491,5.2417934443665,0.0505019418900955,-0.0863107980807119,0.117853478716846,-0.38351875866913
49.4687352710676,-85.2176191133357,5.2417934443665,0.0505019418900955,-0.0863107980807119,-0.065006194995172,-0.313912569705857
49.4428306127691,-85.0563900092315,5.2417934443665,0.0505019418900955,-0.0863107980807119,-0.0764066001885745,0.247539902184875
49.2942691408218,-84.9719929498434,5.2417934443665,0.0505019418900955,-0.0863107980807119,-0.199063413837444,0.170707857468842
49.7626234496544,-84.8171761386404,5.2417934443665,0.0505019418900955,-0.0863107980807119,0.41785236694246,0.241127609283693
50.0183290452981,-85.3777898033896,5.2417934443665,0.0505019418900955,-0.0863107980807119,0.205203653753608,-0.474302866668414
49.6040011724027,-85.5942149591631,5.2417934443665,0.0505019418900955,-0.0863107980807119,-0.464829814785494,-0.130114357692826
49.8463341382222,-85.2297339932127,5.2417934443665,0.0505019418900955,-0.0863107980807119,0.191831023929485,0.450791764031131
50.1213880650076,-85.494891063651,5.2417934443665,0.0505019418900955,-0.0863107980807119,0.22455198489529,-0.178846272357602
49.8237834886621,-85.7230869934255,5.2417934443665,0.0505019418900955,-0.0863107980807119,-0.348106518235611,-0.14188513169374
49.6786566689015,-85.6814411483333,5.2417934443665,0.0505019418900955,-0.0863107980807119,-0.195628761650698,0.127956643172858
49.8941132233641,-85.625636122572,5.2417934443665,0.0505019418900955,-0.0863107980807119,0.164954612572448,0.14211582384204
49.7939710457713,-85.6410437962085,5.2417934443665,0.0505019418900955,-0.0863107980807119,-0.150644119482894,0.0709031244442914
50.1190345199639,-85.9778411471985,5.2417934443665,0.0505019418900955,-0.0863107980807119,0.274561532302483,-0.250486552909355
50.3967525469714,-85.9631703883655,5.2417934443665,0.0505019418900955,-0.0863107980807119,0.227216085117433,0.100981556913794
50.3354414018909,-86.1907152283447,5.2417934443665,0.0505019418900955,-0.0863107980807119,-0.111813086970569,-0.141234041898562
50.0916382241248,-86.2767374158436,5.2417934443665,0.0505019418900955,-0.0863107980807119,-0.29430511965619,0.00028861058185442
50.4039399700697,-86.4474176182719,5.2417934443665,0.0505019418900955,-0.0863107980807119,0.261799804054758,-0.0843694043475778
50.3890879739663,-86.1121580160082,5.2417934443665,0.0505019418900955,-0.0863107980807119,-0.0653539379934807,0.421570400344391
50.4186594412272,-86.5527888741386,5.2417934443665,0.0505019418900955,-0.0863107980807119,-0.0209304746292419,-0.354320060049662
50.4389585723198,-86.2209871827355,5.2417934443665,0.0505019418900955,-0.0863107980807119,-0.0302028107974852,0.418112489483813
