X,Y,Theta,FmPi_x,FmPi_y,Xi_x,Xi_y
0,0,5.18908072452219,0,0,0,0
0.0321840610813928,-0.109354119885699,5.18908072452219,0.0458842247758899,-0.0888517749778563,-0.0137001636944971,-0.0205023449078423
0.113142488645995,-0.177309108436545,5.18908072452219,0.0458842247758899,-0.0888517749778563,0.0350742027887125,0.0208967864270101
0.164917215148168,-0.284982626470219,5.18908072452219,0.0458842247758899,-0.0888517749778563,0.00589050172628278,-0.0188217430558177
0.240962589628502,-0.426178871241179,5.18908072452219,0.0458842247758899,-0.0888517749778563,0.0301611497044442,-0.0523444697931043
0.324545544238197,-0.570406285449001,5.18908072452219,0.0458842247758899,-0.0888517749778563,0.0376987298338049,-0.0553756392299656
0.428118031822548,-0.719996939693426,5.18908072452219,0.0458842247758899,-0.0888517749778563,0.0576882628084611,-0.0607388792665687
0.601183299609016,-0.881736281165707,5.18908072452219,0.0458842247758899,-0.0888517749778563,0.127181043010578,-0.0728875664944242
0.640792919010613,-1.06178943655325,5.18908072452219,0.0458842247758899,-0.0888517749778563,-0.0062746053742927,-0.0912013804096855
0.760947429384267,-1.21705093408881,5.18908072452219,0.0458842247758899,-0.0888517749778563,0.0742702855977634,-0.0664097225577081
0.809000804641455,-1.36921528107567,5.18908072452219,0.0458842247758899,-0.0888517749778563,0.00216915048129857,-0.0633125720090048
0.842707302909238,-1.43499444429062,5.18908072452219,0.0458842247758899,-0.0888517749778563,-0.012177726508107,0.0230726117629064
0.934363749850596,-1.52988853128001,5.18908072452219,0.0458842247758899,-0.0888517749778563,0.0457722221654678,-0.0060423120115326
0.956055224021573,-1.58753814758793,5.18908072452219,0.0458842247758899,-0.0888517749778563,-0.024192750604913,0.0312021586699414
0.963681707665378,-1.60723854537218,5.18908072452219,0.0458842247758899,-0.0888517749778563,-0.0382577411320842,0.0691513771936049
0.979045020659911,-1.66330581304821,5.18908072452219,0.0458842247758899,-0.0888517749778563,-0.0305209117813569,0.0327845073018259
1.00217623273027,-1.62669639718524,5.18908072452219,0.0458842247758899,-0.0888517749778563,-0.0227530127055312,0.125461190840831
1.06269964269254,-1.75412958487322,5.18908072452219,0.0458842247758899,-0.0888517749778563,0.0146391851863798,-0.038581412710131
1.14897719562597,-1.84505036958986,5.18908072452219,0.0458842247758899,-0.0888517749778563,0.0403933281575434,-0.00206900973877708
1.25612508701349,-1.9225074525149,5.18908072452219,0.0458842247758899,-0.0888517749778563,0.061263666611631,0.0113946920528089
1.2432941203361,-1.92794005644459,5.18908072452219,0.0458842247758899,-0.0888517749778563,-0.0587151914532801,0.0834191710481689
1.28451678372141,-1.88578945436166,5.18908072452219,0.0458842247758899,-0.0888517749778563,-0.00466156139058066,0.131002377060785
1.31808495567182,-1.91415507848986,5.18908072452219,0.0458842247758899,-0.0888517749778563,-0.0123160528254859,0.0604861508496586
1.38845386902716,-1.95277985010851,5.18908072452219,0.0458842247758899,-0.0888517749778563,0.0244846885794577,0.0502270033592119
1.4680875529109,-2.02784580076453,5.18908072452219,0.0458842247758899,-0.0888517749778563,0.0337494591078493,0.0137858243218351
1.57938307179763,-2.17057362057577,5.18908072452219,0.0458842247758899,-0.0888517749778563,0.065411294110835,-0.0538760448333824
1.71486374568795,-2.25002461839598,5.18908072452219,0.0458842247758899,-0.0888517749778563,0.0895964491144334,0.00940077715764115
1.7176931958717,-2.30212138429084,5.18908072452219,0.0458842247758899,-0.0888517749778563,-0.0430547745921439,0.036755009082995
1.74354897476984,-2.43335278056808,5.18908072452219,0.0458842247758899,-0.0888517749778563,-0.020028445877748,-0.0423796212993853
1.76036413761713,-2.4852281991046,5.18908072452219,0.0458842247758899,-0.0888517749778563,-0.0290690619286018,0.0369763564413368
1.78975552339044,-2.53802600223866,5.18908072452219,0.0458842247758899,-0.0888517749778563,-0.0164928390025747,0.0360539718438007
1.79979979254419,-2.57565379952119,5.18908072452219,0.0458842247758899,-0.0888517749778563,-0.0358399556221407,0.0512239776953235
1.83559332058019,-2.61581989321127,5.18908072452219,0.0458842247758899,-0.0888517749778563,-0.0100906967398914,0.0486856812877768
1.86843948798223,-2.76147883769064,5.18908072452219,0.0458842247758899,-0.0888517749778563,-0.0130380573738528,-0.0568071695015176
1.83232121338341,-2.81453607287534,5.18908072452219,0.0458842247758899,-0.0888517749778563,-0.0820024993747113,0.0357945397931594
1.89808733595133,-2.9532184282668,5.18908072452219,0.0458842247758899,-0.0888517749778563,0.0198818977920351,-0.0498305804136008
1.96781950268262,-3.04139384225414,5.18908072452219,0.0458842247758899,-0.0888517749778563,0.0238479419553964,0.00067636099050955
2.07772416164829,-3.14279256089648,5.18908072452219,0.0458842247758899,-0.0888517749778563,0.0640204341897868,-0.0125469436644826
2.08068112074645,-3.24020143786565,5.18908072452219,0.0458842247758899,-0.0888517749778563,-0.0429272656777346,-0.00855710199130905
2.0902676250889,-3.25830950765701,5.18908072452219,0.0458842247758899,-0.0888517749778563,-0.0362977204334413,0.0707437051864909
2.13841189433791,-3.34130765037746,5.18908072452219,0.0458842247758899,-0.0888517749778563,0.00226004447312284,0.00585363225740815
2.16418395622868,-3.4557955023645,5.18908072452219,0.0458842247758899,-0.0888517749778563,-0.0201121628851214,-0.0256360770091882
2.1028438336924,-3.50970572205715,5.18908072452219,0.0458842247758899,-0.0888517749778563,-0.107224347312168,0.0349415552852154
2.06759420488995,-3.61264904691223,5.18908072452219,0.0458842247758899,-0.0888517749778563,-0.0811338535783427,-0.0140915498772267
2.08365736230626,-3.6003329624564,5.18908072452219,0.0458842247758899,-0.0888517749778563,-0.0298210673595745,0.101167859433684
2.0931033900161,-3.68515880334827,5.18908072452219,0.0458842247758899,-0.0888517749778563,-0.0364381970660586,0.00402593408599072
2.0432002175202,-3.75837028612474,5.18908072452219,0.0458842247758899,-0.0888517749778563,-0.0957873972717852,0.0156402922013801
2.07552062130537,-3.87247866697692,5.18908072452219,0.0458842247758899,-0.0888517749778563,-0.0135638209907193,-0.0252566058743181
2.1781297438907,-3.96409193825706,5.18908072452219,0.0458842247758899,-0.0888517749778563,0.0567248978094357,-0.00276149630228639
2.17536183284628,-4.09335045864912,5.18908072452219,0.0458842247758899,-0.0888517749778563,-0.0486521358203108,-0.0404067454142048
2.28132679207951,-4.17104373540316,5.18908072452219,0.0458842247758899,-0.0888517749778563,0.0600807344573475,0.0111584982238121
2.36483431600237,-4.28860793571199,5.18908072452219,0.0458842247758899,-0.0888517749778563,0.0376232991469684,-0.0287124253309728
2.35807062866115,-4.33589250270346,5.18908072452219,0.0458842247758899,-0.0888517749778563,-0.0526479121171071,0.0415672079863928
2.38646696200396,-4.4403600238085,5.18908072452219,0.0458842247758899,-0.0888517749778563,-0.0174878914330838,-0.0156157461271921
2.41428350341772,-4.51741099829547,5.18908072452219,0.0458842247758899,-0.0888517749778563,-0.0180676833621283,0.0118008004908941
2.46384801344157,-4.67242110068006,5.18908072452219,0.0458842247758899,-0.0888517749778563,0.00368028524795499,-0.0661583274067348
2.4696952245473,-4.71854770864923,5.18908072452219,0.0458842247758899,-0.0888517749778563,-0.0400370136701531,0.0427251670086841
2.47785828280323,-4.79254223795708,5.18908072452219,0.0458842247758899,-0.0888517749778563,-0.0377211665199602,0.0148572456700061
2.5782142619771,-4.8075754813107,5.18908072452219,0.0458842247758899,-0.0888517749778563,0.0544717543979763,0.0738185316242311
2.63059135214625,-4.84835812369029,5.18908072452219,0.0458842247758899,-0.0888517749778563,0.00649286539326248,0.0480691325982671
2.6454749437194,-4.93361565765427,5.18908072452219,0.0458842247758899,-0.0888517749778563,-0.0310006332027381,0.00359424101388267
2.64043937474827,-4.94245694102215,5.18908072452219,0.0458842247758899,-0.0888517749778563,-0.0509197937470235,0.0800104916099754
2.64170187515048,-5.03899935821254,5.18908072452219,0.0458842247758899,-0.0888517749778563,-0.0446217243736838,-0.00769064221253402
2.71197299122058,-5.14612730216585,5.18908072452219,0.0458842247758899,-0.0888517749778563,0.024386891294216,-0.0182761689754557
2.75350652666513,-5.24472795955388,5.18908072452219,0.0458842247758899,-0.0888517749778563,-0.00435068933134253,-0.00974888241017524
2.74598030016622,-5.41442818350491,5.18908072452219,0.0458842247758899,-0.0888517749778563,-0.0534104512747965,-0.0808484489731744
2.74493274544784,-5.49906472400782,5.18908072452219,0.0458842247758899,-0.0888517749778563,-0.0469317794942718,0.00421523447494448
2.77456282119611,-5.54617826510766,5.18908072452219,0.0458842247758899,-0.0888517749778563,-0.0162541490276271,0.0417382338780194
2.82019326891858,-5.66124712914058,5.18908072452219,0.0458842247758899,-0.0888517749778563,-0.000253777053414173,-0.0262170890550643
2.79026849491188,-5.77399453480561,5.18908072452219,0.0458842247758899,-0.0888517749778563,-0.0758089987825915,-0.0238956306871704
2.82998589878806,-5.93235829406635,5.18908072452219,0.0458842247758899,-0.0888517749778563,-0.00616682089970866,-0.0695119842828872
2.82561499448915,-6.08826839575364,5.18908072452219,0.0458842247758899,-0.0888517749778563,-0.0502551290747965,-0.0670583267094294
2.7496499899563,-6.24526680494509,5.18908072452219,0.0458842247758899,-0.0888517749778563,-0.121849229308743,-0.0681466342135982
2.75832753701373,-6.33343661148613,5.18908072452219,0.0458842247758899,-0.0888517749778563,-0.037206677718461,0.000681968436818586
2.84176926391992,-6.42325890813122,5.18908072452219,0.0458842247758899,-0.0888517749778563,0.0375575021303044,-0.000970521667233604
2.86727706666629,-6.54106488212405,5.18908072452219,0.0458842247758899,-0.0888517749778563,-0.0203764220295242,-0.0289541990149802
2.88245869584225,-6.64644295934453,5.18908072452219,0.0458842247758899,-0.0888517749778563,-0.0307025955999288,-0.0165263022426196
2.85144681208322,-6.83545385998348,5.18908072452219,0.0458842247758899,-0.0888517749778563,-0.0768961085349188,-0.100159125661091
2.92771899943452,-6.95919149928703,5.18908072452219,0.0458842247758899,-0.0888517749778563,0.0303879625754084,-0.0348858643256946
2.98348934381923,-7.13227379228197,5.18908072452219,0.0458842247758899,-0.0888517749778563,0.00988611960881525,-0.0842305180170908
2.99163765809538,-7.21722744942306,5.18908072452219,0.0458842247758899,-0.0888517749778563,-0.0377359104997402,0.00389811783677022
3.03560324947761,-7.36167687447745,5.18908072452219,0.0458842247758899,-0.0888517749778563,-0.00191863339365794,-0.0555976500765337
3.02301458479839,-7.44737264879298,5.18908072452219,0.0458842247758899,-0.0888517749778563,-0.0584728894551031,0.00315600066232116
3.07440080252905,-7.48878162692051,5.18908072452219,0.0458842247758899,-0.0888517749778563,0.00550199295476739,0.0474427968503341
3.08451979385722,-7.59464944141919,5.18908072452219,0.0458842247758899,-0.0888517749778563,-0.0357652334477254,-0.0170160395208338
3.11987633323856,-7.7171436228477,5.18908072452219,0.0458842247758899,-0.0888517749778563,-0.010527685394545,-0.033642406450646
3.14729076391245,-7.87977542586376,5.18908072452219,0.0458842247758899,-0.0888517749778563,-0.018469794102006,-0.0737800280382076
3.17903175805224,-8.02282761802704,5.18908072452219,0.0458842247758899,-0.0888517749778563,-0.0141432306360927,-0.0542004171854197
3.25091219648139,-8.16528874129354,5.18908072452219,0.0458842247758899,-0.0888517749778563,0.0259962136532582,-0.0536093482886517
3.26758110571018,-8.24246095112835,5.18908072452219,0.0458842247758899,-0.0888517749778563,-0.0292153155471035,0.0116795651430513
3.27718783660504,-8.29767615849091,5.18908072452219,0.0458842247758899,-0.0888517749778563,-0.0362774938810225,0.0336365676152944
3.25390048926926,-8.38429295435,5.18908072452219,0.0458842247758899,-0.0888517749778563,-0.0691715721116737,0.00223497911876225
3.31329030453489,-8.46024675837019,5.18908072452219,0.0458842247758899,-0.0888517749778563,0.0135055904897418,0.0128979709576743
3.33364225685715,-8.52441367334231,5.18908072452219,0.0458842247758899,-0.0888517749778563,-0.0255322724536328,0.0246848600057303
3.38731354152971,-8.58881172189563,5.18908072452219,0.0458842247758899,-0.0888517749778563,0.00778705989666784,0.0244537264245358
3.43617576043823,-8.66785265091364,5.18908072452219,0.0458842247758899,-0.0888517749778563,0.00297799413262789,0.00981084595984358
3.49832336801448,-8.76770399206864,5.18908072452219,0.0458842247758899,-0.0888517749778563,0.0162633828003597,-0.0109995661771378
3.55402008195915,-8.83538585626978,5.18908072452219,0.0458842247758899,-0.0888517749778563,0.00981248916878719,0.0211699107767129
3.65433183664259,-8.88767400459361,5.18908072452219,0.0458842247758899,-0.0888517749778563,0.0544275299075464,0.0365636266540318
3.69846404681913,-8.97836288078416,5.18908072452219,0.0458842247758899,-0.0888517749778563,-0.00175201459934826,-0.00183710121269601
3.77747235401495,-9.02518860694807,5.18908072452219,0.0458842247758899,-0.0888517749778563,0.0331240824199263,0.0420260488139486
3.87504102103046,-9.09143825461673,5.18908072452219,0.0458842247758899,-0.0888517749778563,0.0516844422396255,0.022602127309186
3.95513516379375,-9.19947885709074,5.18908072452219,0.0458842247758899,-0.0888517749778563,0.0342099179874003,-0.0191888274961463
4.10498625113742,-9.2950526068451,5.18908072452219,0.0458842247758899,-0.0888517749778563,0.103966862567778,-0.00672197477650466
4.19903691534491,-9.41307856550783,5.18908072452219,0.0458842247758899,-0.0888517749778563,0.0481664394316049,-0.0291741836848733
4.23784415768186,-9.48285952979666,5.18908072452219,0.0458842247758899,-0.0888517749778563,-0.00707698243894972,0.0190708106890226
4.3072565488411,-9.62572163179894,5.18908072452219,0.0458842247758899,-0.0888517749778563,0.0235281663833579,-0.0540103270244263
4.32257434455454,-9.72346807566239,5.18908072452219,0.0458842247758899,-0.0888517749778563,-0.0305664290624508,-0.00889466888558801
4.42506582662827,-9.85966246747915,5.18908072452219,0.0458842247758899,-0.0888517749778563,0.056607257297837,-0.0473426168389078
4.54414592390484,-9.97809665163828,5.18908072452219,0.0458842247758899,-0.0888517749778563,0.0731958725006828,-0.0295824091812693
4.579933115888,-10.1210747663982,5.18908072452219,0.0458842247758899,-0.0888517749778563,-0.0100970327927243,-0.0541263397820827
4.57310867732698,-10.2754075743612,5.18908072452219,0.0458842247758899,-0.0888517749778563,-0.0527086633369143,-0.0654810329851189
4.59650504953367,-10.4187380100583,5.18908072452219,0.0458842247758899,-0.0888517749778563,-0.0224878525692008,-0.0544786607192698
4.65985435317419,-10.5935302080712,5.18908072452219,0.0458842247758899,-0.0888517749778563,0.0174650788646352,-0.0859404230349869
4.77980114519869,-10.7125050360477,5.18908072452219,0.0458842247758899,-0.0888517749778563,0.0740625672486113,-0.0301230529986862
4.80812407173783,-10.8578531906071,5.18908072452219,0.0458842247758899,-0.0888517749778563,-0.0175612982367545,-0.0564963795815151
4.82256353594631,-10.9627381135545,5.18908072452219,0.0458842247758899,-0.0888517749778563,-0.0314447605674043,-0.0160331479695904
4.80595721736025,-11.0914518022876,5.18908072452219,0.0458842247758899,-0.0888517749778563,-0.0624905433619527,-0.0398619137552503
4.83153686854561,-11.1517489047385,5.18908072452219,0.0458842247758899,-0.0888517749778563,-0.0203045735905264,0.0285546725269772
4.83103809928325,-11.2921185188134,5.18908072452219,0.0458842247758899,-0.0888517749778563,-0.0463829940382526,-0.0515178390970309
4.83791353105666,-11.3887774373685,5.18908072452219,0.0458842247758899,-0.0888517749778563,-0.0390087930024777,-0.00780714357720047
4.83925870675893,-11.5124890607953,5.18908072452219,0.0458842247758899,-0.0888517749778563,-0.0445390490736211,-0.0348598484489643
4.9029356274929,-11.6040926339889,5.18908072452219,0.0458842247758899,-0.0888517749778563,0.0177926959580804,-0.00275179821580296
4.99295016682985,-11.7500426987567,5.18908072452219,0.0458842247758899,-0.0888517749778563,0.0441303145610565,-0.0570982897899314
5.0360143368835,-11.8703812683915,5.18908072452219,0.0458842247758899,-0.0888517749778563,-0.00282005472223457,-0.0314867946569459
5.02293766546155,-11.9613185339973,5.18908072452219,0.0458842247758899,-0.0888517749778563,-0.0589608961978384,-0.00208549062793373
5.0526493028981,-12.0674859070119,5.18908072452219,0.0458842247758899,-0.0888517749778563,-0.0161725873393433,-0.0173155980367199
5.17081292315773,-12.1543919455687,5.18908072452219,0.0458842247758899,-0.0888517749778563,0.0722793954837448,0.00194573642102247
5.27356601983432,-12.2958112157547,5.18908072452219,0.0458842247758899,-0.0888517749778563,0.0568688719006999,-0.0525674952081095
5.37047411651019,-12.4806244493742,5.18908072452219,0.0458842247758899,-0.0888517749778563,0.0510238718999758,-0.0959614586416299
5.4287351159655,-12.5785702788026,5.18908072452219,0.0458842247758899,-0.0888517749778563,0.012376774679421,-0.00909405445055711
5.52983134296082,-12.6905196273836,5.18908072452219,0.0458842247758899,-0.0888517749778563,0.0552120022194326,-0.0230975736031662
5.56066864686237,-12.8335169570818,5.18908072452219,0.0458842247758899,-0.0888517749778563,-0.0150469208743358,-0.0541455547203769
5.59508015122065,-12.9238107472608,5.18908072452219,0.0458842247758899,-0.0888517749778563,-0.0114727204176138,-0.00144201520114207
5.59933256090621,-13.0521463000257,5.18908072452219,0.0458842247758899,-0.0888517749778563,-0.0416318150903336,-0.0394837777870254
5.60888801147842,-13.1187894634545,5.18908072452219,0.0458842247758899,-0.0888517749778563,-0.0363287742036726,0.0222086115490809
5.58030466899162,-13.1891640872509,5.18908072452219,0.0458842247758899,-0.0888517749778563,-0.0744675672626951,0.0184771511814485
5.65278113114086,-13.3277612499996,5.18908072452219,0.0458842247758899,-0.0888517749778563,0.0265922373733521,-0.0497453877708462
5.7362784421056,-13.451497929747,5.18908072452219,0.0458842247758899,-0.0888517749778563,0.0376130861888558,-0.0348849047695441
5.82927581750421,-13.6658850686749,5.18908072452219,0.0458842247758899,-0.0888517749778563,0.0471131506227137,-0.125535363950079
5.87057375989466,-13.783438976511,5.18908072452219,0.0458842247758899,-0.0888517749778563,-0.00458628238543368,-0.0287021328582042
5.9824007879656,-13.9313149083478,5.18908072452219,0.0458842247758899,-0.0888517749778563,0.065942803295047,-0.0590241568589598
6.05839301313192,-14.0618118320745,5.18908072452219,0.0458842247758899,-0.0888517749778563,0.0301080003904344,-0.0416451487488587
6.19260982155001,-14.1799816980142,5.18908072452219,0.0458842247758899,-0.0888517749778563,0.0883325836421946,-0.0293180909618338
6.2969819176456,-14.3275988880463,5.18908072452219,0.0458842247758899,-0.0888517749778563,0.0584878713197062,-0.0587654150542729
6.38025962086403,-14.3630993735459,5.18908072452219,0.0458842247758899,-0.0888517749778563,0.0373934784425349,0.0533512894783523
6.47712430974815,-14.4256067844708,5.18908072452219,0.0458842247758899,-0.0888517749778563,0.0509804641082345,0.0263443640529262
6.57784425030652,-14.5972871616235,5.18908072452219,0.0458842247758899,-0.0888517749778563,0.0548357157824837,-0.0828286021748239
6.64827409331348,-14.6814285305666,5.18908072452219,0.0458842247758899,-0.0888517749778563,0.0245456182310693,0.00471040603476403
6.72498586191009,-14.7403307637054,5.18908072452219,0.0458842247758899,-0.0888517749778563,0.0308275438207128,0.0299495418389648
6.7987490093808,-14.8773077930116,5.18908072452219,0.0458842247758899,-0.0888517749778563,0.0278789226948203,-0.0481252543282737
6.89392789262534,-14.9168296328003,5.18908072452219,0.0458842247758899,-0.0888517749778563,0.049294658468659,0.049329935189161
6.97572964475371,-15.0422528976927,5.18908072452219,0.0458842247758899,-0.0888517749778563,0.0359175273524802,-0.0365714899145644
7.1040871926964,-15.1607475598758,5.18908072452219,0.0458842247758899,-0.0888517749778563,0.0824733231667995,-0.0296428872053018
7.22691313407163,-15.2987655503487,5.18908072452219,0.0458842247758899,-0.0888517749778563,0.076941716599341,-0.0491662154949641
7.37055096106612,-15.3980651731047,5.18908072452219,0.0458842247758899,-0.0888517749778563,0.0977536022186002,-0.0104478477782066
7.4468620010394,-15.4884665889368,5.18908072452219,0.0458842247758899,-0.0888517749778563,0.0304268151973855,-0.00154964085419351
7.4949956398595,-15.5621062674233,5.18908072452219,0.0458842247758899,-0.0888517749778563,0.00224941404421025,0.015212096491334
7.57089363913395,-15.7020558383932,5.18908072452219,0.0458842247758899,-0.0888517749778563,0.0300137744985607,-0.05109779599209
7.60114784520038,-15.8126209383493,5.18908072452219,0.0458842247758899,-0.0888517749778563,-0.0156300187094626,-0.0217133249782415
7.67645857528332,-15.9466398280526,5.18908072452219,0.0458842247758899,-0.0888517749778563,0.0294265053070595,-0.0451671147253543
7.69193970899951,-16.0044390313512,5.18908072452219,0.0458842247758899,-0.0888517749778563,-0.0304030910597015,0.0310525716791994
7.76902140754834,-16.0616030872111,5.18908072452219,0.0458842247758899,-0.0888517749778563,0.0311974737729362,0.0316877191179696
7.88518009270282,-16.1645349775579,5.18908072452219,0.0458842247758899,-0.0888517749778563,0.0702744603785877,-0.0140801153689794
8.02621946036851,-16.258021992473,5.18908072452219,0.0458842247758899,-0.0888517749778563,0.0951551428898068,-0.00463523993721271
8.07840826483456,-16.3923877347924,5.18908072452219,0.0458842247758899,-0.0888517749778563,0.00630457969015297,-0.0455139673415224
8.15696969479642,-16.5273952244772,5.18908072452219,0.0458842247758899,-0.0888517749778563,0.0326772051859806,-0.0461557147069487
8.23969137370031,-16.6401380069204,5.18908072452219,0.0458842247758899,-0.0888517749778563,0.0368374541279971,-0.0238910074653307
8.33507401088492,-16.8190333513605,5.18908072452219,0.0458842247758899,-0.0888517749778563,0.0494984124087205,-0.0900435694622661
8.3315434326897,-16.9789550928688,5.18908072452219,0.0458842247758899,-0.0888517749778563,-0.0494148029711066,-0.0710699665304384
8.33856090180463,-17.1345704177248,5.18908072452219,0.0458842247758899,-0.0888517749778563,-0.038866755660966,-0.0667635498781414
8.36571444674695,-17.2913919902623,5.18908072452219,0.0458842247758899,-0.0888517749778563,-0.018730679833571,-0.06796979755965
8.36025248977904,-17.4029181648455,5.18908072452219,0.0458842247758899,-0.0888517749778563,-0.0513461817438,-0.0226743996053491
8.3904506728833,-17.5275571418101,5.18908072452219,0.0458842247758899,-0.0888517749778563,-0.0156860416716224,-0.0357872019866896
8.44842631060387,-17.6033029493934,5.18908072452219,0.0458842247758899,-0.0888517749778563,0.0120914129446761,0.0131059673945044
8.50023667391775,-17.6941696439473,5.18908072452219,0.0458842247758899,-0.0888517749778563,0.00592613853799379,-0.00201491957604327
8.5480375105036,-17.7356433104875,5.18908072452219,0.0458842247758899,-0.0888517749778563,0.00191661180995878,0.0473781084376506
8.54095010246398,-17.7666475393511,5.18908072452219,0.0458842247758899,-0.0888517749778563,-0.0529716328155054,0.0578475461142736
8.53254036399532,-17.8210767416426,5.18908072452219,0.0458842247758899,-0.0888517749778563,-0.0542939632445508,0.0344225726863296
8.52923527129761,-18.0177336873176,5.18908072452219,0.0458842247758899,-0.0888517749778563,-0.0491893174736006,-0.107805170697097
8.5547250014047,-18.1426378577725,5.18908072452219,0.0458842247758899,-0.0888517749778563,-0.0203944946688052,-0.0360523954770335
8.49622599185068,-18.298743418164,5.18908072452219,0.0458842247758899,-0.0888517749778563,-0.104383234329905,-0.0672537854136408
8.50422688470091,-18.4370003398708,5.18908072452219,0.0458842247758899,-0.0888517749778563,-0.0378833319256605,-0.0494051467289971
8.52183940477907,-18.5742338651773,5.18908072452219,0.0458842247758899,-0.0888517749778563,-0.0282717046977248,-0.0483817503285553
8.54594649176771,-18.6661319996813,5.18908072452219,0.0458842247758899,-0.0888517749778563,-0.0217771377872519,-0.00304635952623578
8.64051285129429,-18.705346674017,5.18908072452219,0.0458842247758899,-0.0888517749778563,0.0486821347506867,0.0496371006422485
8.71668251830127,-18.8362887333053,5.18908072452219,0.0458842247758899,-0.0888517749778563,0.0302854422310887,-0.0420902843105289
8.7611896346161,-18.9281236670793,5.18908072452219,0.0458842247758899,-0.0888517749778563,-0.00137710846105729,-0.00298315879608069
8.77042910300879,-19.036665981087,5.18908072452219,0.0458842247758899,-0.0888517749778563,-0.0366447563832001,-0.0196905390298219
8.77966347079553,-19.0769161812829,5.18908072452219,0.0458842247758899,-0.0888517749778563,-0.0366498569891463,0.0486015747819559
8.84143677540316,-19.1545634786856,5.18908072452219,0.0458842247758899,-0.0888517749778563,0.0158890798317409,0.0112044775751414
8.95018999320093,-19.2413044595822,5.18908072452219,0.0458842247758899,-0.0888517749778563,0.062868993021881,0.00211079408121639
9.03711978856255,-19.3479819198112,5.18908072452219,0.0458842247758899,-0.0888517749778563,0.0410455705857294,-0.0178256852510876
9.09796377093244,-19.4775744616401,5.18908072452219,0.0458842247758899,-0.0888517749778563,0.0149597575940004,-0.0407407668510409
9.12078525670833,-19.5461302423147,5.18908072452219,0.0458842247758899,-0.0888517749778563,-0.0230627390000005,0.0202959943032144
9.16175603234992,-19.7218025240406,5.18908072452219,0.0458842247758899,-0.0888517749778563,-0.00491344913430375,-0.0868205067480075
9.18597226930398,-19.7408334466915,5.18908072452219,0.0458842247758899,-0.0888517749778563,-0.0216679878218253,0.0698208523269601
9.22667923748604,-19.7564252425081,5.18908072452219,0.0458842247758899,-0.0888517749778563,-0.00517725659383347,0.0732599791612034
9.31284306709384,-19.8523130318372,5.18908072452219,0.0458842247758899,-0.0888517749778563,0.0402796048319159,-0.00703601435120182
9.4110453826342,-19.9718631565596,5.18908072452219,0.0458842247758899,-0.0888517749778563,0.0523180907644696,-0.0306983497445827
9.52191714840267,-20.08383035784,5.18908072452219,0.0458842247758899,-0.0888517749778563,0.0649875409925758,-0.0231154263025517
9.54943264058831,-20.2337624466778,5.18908072452219,0.0458842247758899,-0.0888517749778563,-0.0183687325902439,-0.0610803138599447
9.60942013330332,-20.3562385867903,5.18908072452219,0.0458842247758899,-0.0888517749778563,0.0141032679391186,-0.0336243651345831
9.56857125760146,-20.4639136529726,5.18908072452219,0.0458842247758899,-0.0888517749778563,-0.0867331004777537,-0.0188232912044191
9.6155545849246,-20.6093230907717,5.18908072452219,0.0458842247758899,-0.0888517749778563,0.00109910254725226,-0.0565576628212372
9.63924067253628,-20.7051698936919,5.18908072452219,0.0458842247758899,-0.0888517749778563,-0.022198137164207,-0.00699502794242157
9.63768719758204,-20.8558129311479,5.18908072452219,0.0458842247758899,-0.0888517749778563,-0.047437699730127,-0.0617912624781431
9.64795152597931,-21.0159677893027,5.18908072452219,0.0458842247758899,-0.0888517749778563,-0.0356198963786201,-0.0713030831769266
9.64895327001573,-21.1617872252896,5.18908072452219,0.0458842247758899,-0.0888517749778563,-0.0448824807394767,-0.0569676610090246
9.65892661370212,-21.3084843834366,5.18908072452219,0.0458842247758899,-0.0888517749778563,-0.0359108810895,-0.0578453831691297
9.64868843372098,-21.4268147371704,5.18908072452219,0.0458842247758899,-0.0888517749778563,-0.0561224047570256,-0.0294785787559904
9.64545694296247,-21.5724351261739,5.18908072452219,0.0458842247758899,-0.0888517749778563,-0.0491157155344039,-0.0567686140256076
9.63444583234454,-21.7457973983748,5.18908072452219,0.0458842247758899,-0.0888517749778563,-0.0568953353938157,-0.0845104972230821
9.64959231317637,-21.9046329743215,5.18908072452219,0.0458842247758899,-0.0888517749778563,-0.0307377439440584,-0.0699838009687914
9.60747470860384,-21.9640621867966,5.18908072452219,0.0458842247758899,-0.0888517749778563,-0.0880018293484199,0.0294225625027629
9.60980590718905,-22.0880344749348,5.18908072452219,0.0458842247758899,-0.0888517749778563,-0.0435530261906791,-0.0351205131603058
9.62917451787226,-22.1502977416501,5.18908072452219,0.0458842247758899,-0.0888517749778563,-0.0265156140926746,0.0265885082624751
9.66168470491012,-22.2547279573486,5.18908072452219,0.0458842247758899,-0.0888517749778563,-0.0133740377380386,-0.0155784407206099
9.62448180991825,-22.3617767895107,5.18908072452219,0.0458842247758899,-0.0888517749778563,-0.08308711976776,-0.0181970571842829
9.65172422134219,-22.5152159380926,5.18908072452219,0.0458842247758899,-0.0888517749778563,-0.0186418133519465,-0.0645873736039562
9.63975501022575,-22.6234396426583,5.18908072452219,0.0458842247758899,-0.0888517749778563,-0.0578534358923273,-0.0193719295878396
9.63871927396639,-22.7621431031153,5.18908072452219,0.0458842247758899,-0.0888517749778563,-0.0469199610352501,-0.0498516854791897
9.67514050663366,-22.8800901625461,5.18908072452219,0.0458842247758899,-0.0888517749778563,-0.00946299210862012,-0.0290952844529113
9.71919806045865,-22.940575691445,5.18908072452219,0.0458842247758899,-0.0888517749778563,-0.00182667095090094,0.0283662460789258
9.70763972802838,-23.0851597438361,5.18908072452219,0.0458842247758899,-0.0888517749778563,-0.0574425572061582,-0.0557322774132327
9.69679645906081,-23.280372253365,5.18908072452219,0.0458842247758899,-0.0888517749778563,-0.0567274937434575,-0.106360734551063
9.69086278453399,-23.3015368157229,5.18908072452219,0.0458842247758899,-0.0888517749778563,-0.0518178993027081,0.0676872126199619
9.72037285040141,-23.4225188589268,5.18908072452219,0.0458842247758899,-0.0888517749778563,-0.0163741589084736,-0.0321302682259788
9.79301069871876,-23.6238495682108,5.18908072452219,0.0458842247758899,-0.0888517749778563,0.0267536235414597,-0.112478934306153
9.81346564443271,-23.6298915718824,5.18908072452219,0.0458842247758899,-0.0888517749778563,-0.0254292790619339,0.0828097713062026
9.88045597941732,-23.7679973372202,5.18908072452219,0.0458842247758899,-0.0888517749778563,0.0211061102087196,-0.0492539903599201
9.96415088012,-23.8656003573579,5.18908072452219,0.0458842247758899,-0.0888517749778563,0.0378106759267897,-0.00875124515981085
9.97431376513288,-23.8853778102723,5.18908072452219,0.0458842247758899,-0.0888517749778563,-0.0357213397630169,0.0690743220634715
9.99198835489303,-23.9853071734707,5.18908072452219,0.0458842247758899,-0.0888517749778563,-0.028209635015736,-0.0110775882206156
10.0388387246038,-24.0770633624273,5.18908072452219,0.0458842247758899,-0.0888517749778563,0.00096614493487035,-0.00290441397871311
10.0939164070587,-24.1780179425605,5.18908072452219,0.0458842247758899,-0.0888517749778563,0.00919345767901292,-0.0121028051553727
10.088702040305,-24.2507365332215,5.18908072452219,0.0458842247758899,-0.0888517749778563,-0.0510985915295702,0.0161331843168688
10.1264460752404,-24.3897214558086,5.18908072452219,0.0458842247758899,-0.0888517749778563,-0.0081401898404766,-0.0501331476092544
10.1482771532662,-24.4736409997877,5.18908072452219,0.0458842247758899,-0.0888517749778563,-0.0240531467500962,0.00493223099879092
10.1939681908748,-24.5082648515859,5.18908072452219,0.0458842247758899,-0.0888517749778563,-0.000193187167351727,0.0542279231796465
10.2538516605722,-24.6032004461289,5.18908072452219,0.0458842247758899,-0.0888517749778563,0.0139992449215778,-0.00608381956510895
10.2962509079767,-24.6453670513783,5.18908072452219,0.0458842247758899,-0.0888517749778563,-0.00348497737136566,0.0466851697284478
10.3358540640663,-24.6908609824643,5.18908072452219,0.0458842247758899,-0.0888517749778563,-0.00628106868634659,0.0433578438918425
10.3524724620284,-24.7219446642677,5.18908072452219,0.0458842247758899,-0.0888517749778563,-0.0292658268137909,0.0577680931744662
10.4110900539784,-24.8440667078534,5.18908072452219,0.0458842247758899,-0.0888517749778563,0.0127333671741561,-0.0332702686078181
10.4343911956152,-24.939859310117,5.18908072452219,0.0458842247758899,-0.0888517749778563,-0.0225830831391336,-0.00694082728576983
10.492352324617,-25.0090861083537,5.18908072452219,0.0458842247758899,-0.0888517749778563,0.0120769042259303,0.0196249767411629
10.5244636301448,-25.0821734590763,5.18908072452219,0.0458842247758899,-0.0888517749778563,-0.0137729192480691,0.0157644242552548
10.4962765162617,-25.1572332838035,5.18908072452219,0.0458842247758899,-0.0888517749778563,-0.0740713386590344,0.0137919502506665
10.5059814629616,-25.2168742756829,5.18908072452219,0.0458842247758899,-0.0888517749778563,-0.0361792780759222,0.0292107830984007
10.5095855786317,-25.3003677588289,5.18908072452219,0.0458842247758899,-0.0888517749778563,-0.0422801091058445,0.00535829183189263
10.5275083579805,-25.3937255294946,5.18908072452219,0.0458842247758899,-0.0888517749778563,-0.0279614454270642,-0.00450599568780818
10.5969809001946,-25.5443904352932,5.18908072452219,0.0458842247758899,-0.0888517749778563,0.0235883174381727,-0.0618131308207173
10.6382772720946,-25.6030020828264,5.18908072452219,0.0458842247758899,-0.0888517749778563,-0.00458785287584196,0.0302401274445914
10.710388893035,-25.6837537570424,5.18908072452219,0.0458842247758899,-0.0888517749778563,0.0262273961644797,0.00810010076187062
10.8040551982116,-25.6953220423132,5.18908072452219,0.0458842247758899,-0.0888517749778563,0.0477820804006965,0.0772834897070598
10.8967496110557,-25.7589087619602,5.18908072452219,0.0458842247758899,-0.0888517749778563,0.0468101880681884,0.0252650553308498
11.0184804603023,-25.8467181567261,5.18908072452219,0.0458842247758899,-0.0888517749778563,0.0758466244707315,0.00104238021194769
11.0418168406255,-25.9280451463197,5.18908072452219,0.0458842247758899,-0.0888517749778563,-0.0225478444526854,0.00752478538428658
11.1260441258064,-25.9578475695621,5.18908072452219,0.0458842247758899,-0.0888517749778563,0.038343060405025,0.0590493517354411
11.1939294138826,-26.0378938448549,5.18908072452219,0.0458842247758899,-0.0888517749778563,0.0220010633002874,0.00880549968509436
11.2346534903619,-26.1008991131154,5.18908072452219,0.0458842247758899,-0.0888517749778563,-0.00516014829661993,0.0258465067172904
11.2963480168891,-26.1658474896816,5.18908072452219,0.0458842247758899,-0.0888517749778563,0.0158103017513817,0.0239033984116648
11.390215888253,-26.2155379717355,5.18908072452219,0.0458842247758899,-0.0888517749778563,0.0479836465879759,0.0391612929239882
11.4609729118893,-26.2089145817572,5.18908072452219,0.0458842247758899,-0.0888517749778563,0.0248727988604105,0.0954751649561976
11.5791853991511,-26.2472540043025,5.18908072452219,0.0458842247758899,-0.0888517749778563,0.0723282624859519,0.0505123524325359
11.6437162555685,-26.3509649083045,5.18908072452219,0.0458842247758899,-0.0888517749778563,0.0186466316414846,-0.0148591290241233
11.7345748121973,-26.4039424597035,5.18908072452219,0.0458842247758899,-0.0888517749778563,0.0449743318529349,0.0358742235788232
11.8129756075581,-26.4987258975471,5.18908072452219,0.0458842247758899,-0.0888517749778563,0.0325165705848396,-0.00593166286570979
11.8023092603826,-26.5807373921966,5.18908072452219,0.0458842247758899,-0.0888517749778563,-0.0565505719513668,0.00684028032829564
11.84178280679,-26.6924396326176,5.18908072452219,0.0458842247758899,-0.0888517749778563,-0.00641067836846254,-0.0228504654431192
11.8761040487012,-26.8576270385076,5.18908072452219,0.0458842247758899,-0.0888517749778563,-0.0115629828646483,-0.0763356309121295
11.9376639024371,-26.9895484993496,5.18908072452219,0.0458842247758899,-0.0888517749778563,0.0156756289599824,-0.0430696858641317
11.9568118402562,-27.1464757707189,5.18908072452219,0.0458842247758899,-0.0888517749778563,-0.0267362869567892,-0.0680754963914172
12.0784348033198,-27.2279110407752,5.18908072452219,0.0458842247758899,-0.0888517749778563,0.0757387382876654,0.00741650492150514
12.1573812779907,-27.303693452812,5.18908072452219,0.0458842247758899,-0.0888517749778563,0.0330622498950791,0.0130693629411032
12.2098359661434,-27.3338129838334,5.18908072452219,0.0458842247758899,-0.0888517749778563,0.00657046337679784,0.0587322439564169
12.2663867448851,-27.400421948242,5.18908072452219,0.0458842247758899,-0.0888517749778563,0.0106665539657848,0.0222428105692636
12.3774567066962,-27.4531793286426,5.18908072452219,0.0458842247758899,-0.0888517749778563,0.0651857370352237,0.0360943945772174
12.4265313912228,-27.5522983386434,5.18908072452219,0.0458842247758899,-0.0888517749778563,0.00319045975069332,-0.0102672350228716
12.4250803057122,-27.6043706734752,5.18908072452219,0.0458842247758899,-0.0888517749778563,-0.0473353102865129,0.0367794401460051
12.5176276327659,-27.7353593334064,5.18908072452219,0.0458842247758899,-0.0888517749778563,0.0466631022778702,-0.0421368849533632
12.535550222104,-27.8694566276157,5.18908072452219,0.0458842247758899,-0.0888517749778563,-0.0279616354378564,-0.0452455192314201
12.6072840525558,-27.9752421705606,5.18908072452219,0.0458842247758899,-0.0888517749778563,0.0258496056759591,-0.0169337679670427
12.7112737533791,-28.0616470699168,5.18908072452219,0.0458842247758899,-0.0888517749778563,0.0581054760473459,0.00244687562167956
12.8116075276084,-28.1829590109268,5.18908072452219,0.0458842247758899,-0.0888517749778563,0.0544495494534434,-0.032460166032112
12.9168312592138,-28.2442833871269,5.18908072452219,0.0458842247758899,-0.0888517749778563,0.0593395068295166,0.0275273987777012
12.9755073258219,-28.4174613230351,5.18908072452219,0.0458842247758899,-0.0888517749778563,0.0127918418321838,-0.0843261609302814
13.0132051440118,-28.5592649041523,5.18908072452219,0.0458842247758899,-0.0888517749778563,-0.00818640658597483,-0.0529518061393359
13.0631669210635,-28.6464970402715,5.18908072452219,0.0458842247758899,-0.0888517749778563,0.00407755227585677,0.0016196388585823
13.1078718820822,-28.7580021248142,5.18908072452219,0.0458842247758899,-0.0888517749778563,-0.00117926375722779,-0.022653309564757
13.1679223822965,-28.8887215323722,5.18908072452219,0.0458842247758899,-0.0888517749778563,0.0141662754384531,-0.0418676325801792
13.2157608304735,-29.0389724192666,5.18908072452219,0.0458842247758899,-0.0888517749778563,0.00195422340105378,-0.0613991119165394
13.3397638226711,-29.1438490703886,5.18908072452219,0.0458842247758899,-0.0888517749778563,0.0781187674217102,-0.0160248761441419
13.4701790084553,-29.2597721979285,5.18908072452219,0.0458842247758899,-0.0888517749778563,0.0845309610083229,-0.0270713525620723
13.5550633642741,-29.3571077903796,5.18908072452219,0.0458842247758899,-0.0888517749778563,0.0390001310428824,-0.00848381747323756
13.6799965203377,-29.4633772064563,5.18908072452219,0.0458842247758899,-0.0888517749778563,0.0790489312877837,-0.0174176410987941
13.766171364769,-29.5692564304819,5.18908072452219,0.0458842247758899,-0.0888517749778563,0.0402906196553291,-0.0170274490477391
13.7521119125072,-29.7255598371504,5.18908072452219,0.0458842247758899,-0.0888517749778563,-0.0599436770376724,-0.0674516316907123
13.8188733165201,-29.7705262573077,5.18908072452219,0.0458842247758899,-0.0888517749778563,0.0208771792370365,0.0438853548205471
13.8430707931755,-29.7912409551253,5.18908072452219,0.0458842247758899,-0.0888517749778563,-0.0216867481204926,0.0681370771602556
13.9210980818055,-29.8723901651921,5.18908072452219,0.0458842247758899,-0.0888517749778563,0.0321430638541331,0.00770256491114729
13.9377691559112,-29.9415955625011,5.18908072452219,0.0458842247758899,-0.0888517749778563,-0.0292131506701945,0.0196463776687725
13.9357476011179,-30.0410084267172,5.18908072452219,0.0458842247758899,-0.0888517749778563,-0.0479057795691843,-0.0105610892381804
13.8724890561625,-30.152948662177,5.18908072452219,0.0458842247758899,-0.0888517749778563,-0.109142769731284,-0.0230884604819339
13.8702779445508,-30.2753376026358,5.18908072452219,0.0458842247758899,-0.0888517749778563,-0.0480953363875653,-0.0335371654809795
13.8820569621649,-30.4245889925082,5.18908072452219,0.0458842247758899,-0.0888517749778563,-0.0341052071618029,-0.0603996148945343
13.9349403160941,-30.5132901016435,5.18908072452219,0.0458842247758899,-0.0888517749778563,0.00699912915333148,0.000150665842579389
13.9994085921177,-30.6828893101167,5.18908072452219,0.0458842247758899,-0.0888517749778563,0.0185840512476944,-0.08074743349535
14.0030906155577,-30.8646493085282,5.18908072452219,0.0458842247758899,-0.0888517749778563,-0.0422022013358949,-0.0929082234336591
14.0615044002534,-31.0270765414074,5.18908072452219,0.0458842247758899,-0.0888517749778563,0.0125295599198081,-0.0735754579013213
14.1520176922003,-31.0995218370119,5.18908072452219,0.0458842247758899,-0.0888517749778563,0.0446290671709653,0.0164064793733396
14.1921599297124,-31.2039524401403,5.18908072452219,0.0458842247758899,-0.0888517749778563,-0.00574198726377036,-0.0155788281505438
14.2200178694379,-31.3091065023445,5.18908072452219,0.0458842247758899,-0.0888517749778563,-0.018026285050359,-0.0163022872263001
14.2330222077607,-31.3769259376837,5.18908072452219,0.0458842247758899,-0.0888517749778563,-0.0328798864531569,0.0210323396386092
14.2430292646042,-31.4422835010701,5.18908072452219,0.0458842247758899,-0.0888517749778563,-0.0358771679323656,0.0234942115914833
14.2707277033935,-31.5138436850101,5.18908072452219,0.0458842247758899,-0.0888517749778563,-0.0181857859866228,0.0172915910377931
14.274146522315,-31.6222895589846,5.18908072452219,0.0458842247758899,-0.0888517749778563,-0.0424654058543321,-0.0195940989965604
14.302690683867,-31.6828525776006,5.18908072452219,0.0458842247758899,-0.0888517749778563,-0.0173400632239454,0.028288756361861
14.3138244763733,-31.7842238703967,5.18908072452219,0.0458842247758899,-0.0888517749778563,-0.0347504322695328,-0.0125195178182351
14.2578437166735,-31.8936189208577,5.18908072452219,0.0458842247758899,-0.0888517749778563,-0.101864984475691,-0.0205432754832073
14.3072343523049,-31.9935125246502,5.18908072452219,0.0458842247758899,-0.0888517749778563,0.00350641085548486,-0.0110418288145802
14.2904586221583,-32.1482548970627,5.18908072452219,0.0458842247758899,-0.0888517749778563,-0.0626599549225036,-0.0658905974346875
14.3795030344846,-32.2633620356255,5.18908072452219,0.0458842247758899,-0.0888517749778563,0.0431601875504437,-0.0262553635849261
14.4472723525643,-32.4090735292551,5.18908072452219,0.0458842247758899,-0.0888517749778563,0.021885093303784,-0.0568597186517819
14.4802638788391,-32.5091374978248,5.18908072452219,0.0458842247758899,-0.0888517749778563,-0.0128926985010355,-0.0112121935917946
14.5065481443032,-32.6756650135314,5.18908072452219,0.0458842247758899,-0.0888517749778563,-0.0195999593117987,-0.0776757407287607
14.5832183673704,-32.7542122158556,5.18908072452219,0.0458842247758899,-0.0888517749778563,0.0307859982912722,0.0103045726536215
14.5960444644923,-32.851001121782,5.18908072452219,0.0458842247758899,-0.0888517749778563,-0.0330581276539677,-0.00793713094856852
14.6251346830655,-32.9618900496456,5.18908072452219,0.0458842247758899,-0.0888517749778563,-0.0167940062026686,-0.0220371528856957
14.6400889339641,-33.0979402897427,5.18908072452219,0.0458842247758899,-0.0888517749778563,-0.0309299738772697,-0.0471984651192194
14.6106959762407,-33.2374203061595,5.18908072452219,0.0458842247758899,-0.0888517749778563,-0.0752771824993085,-0.0506282414389525
14.6228044819217,-33.3418264989866,5.18908072452219,0.0458842247758899,-0.0888517749778563,-0.033775719094947,-0.0155544178492955
14.7050192015456,-33.4299029637254,5.18908072452219,0.0458842247758899,-0.0888517749778563,0.0363304948480201,0.000775310239035321
14.7681792123563,-33.5317942153417,5.18908072452219,0.0458842247758899,-0.0888517749778563,0.0172757860348636,-0.0130394766384589
14.8516860688594,-33.6387237343614,5.18908072452219,0.0458842247758899,-0.0888517749778563,0.0376226317271598,-0.0180777440418072
14.9558856112688,-33.7510227887765,5.18908072452219,0.0458842247758899,-0.0888517749778563,0.0583153176335611,-0.0234472794372289
14.9957032255061,-33.8927670855144,5.18908072452219,0.0458842247758899,-0.0888517749778563,-0.00606661053859026,-0.0528925217601
15.046683889462,-34.0598025895037,5.18908072452219,0.0458842247758899,-0.0888517749778563,0.00509643918000074,-0.0781837290113612
15.0869461901166,-34.1167959313861,5.18908072452219,0.0458842247758899,-0.0888517749778563,-0.005621924121328,0.0318584330954441
15.1364442570853,-34.2768362108889,5.18908072452219,0.0458842247758899,-0.0888517749778563,0.0036138421928622,-0.0711885045249514
15.1636092557322,-34.4026393425894,5.18908072452219,0.0458842247758899,-0.0888517749778563,-0.0187192261290257,-0.0369513567226534
15.2072317023711,-34.48983242799,5.18908072452219,0.0458842247758899,-0.0888517749778563,-0.00226177813697886,0.00165868957720416
15.2744954994399,-34.5729087788006,5.18908072452219,0.0458842247758899,-0.0888517749778563,0.0213795722929411,0.00577542416731447
15.3601808671502,-34.6418309893512,5.18908072452219,0.0458842247758899,-0.0888517749778563,0.0398011429343813,0.0199295644271809
15.4097981840437,-34.8006901480996,5.18908072452219,0.0458842247758899,-0.0888517749778563,0.00373309211762002,-0.0700073837704771
15.4616682112556,-34.965388915897,5.18908072452219,0.0458842247758899,-0.0888517749778563,0.00598580243603786,-0.0758469928195291
15.5014808967573,-35.061581633119,5.18908072452219,0.0458842247758899,-0.0888517749778563,-0.00607153927424769,-0.00734094224417525
15.5054840348125,-35.1187951360403,5.18908072452219,0.0458842247758899,-0.0888517749778563,-0.0418810867206642,0.0316382720565205
15.5505636623332,-35.2138660253951,5.18908072452219,0.0458842247758899,-0.0888517749778563,-0.000804597255203598,-0.00621911437696099
15.6303134707501,-35.3700971844107,5.18908072452219,0.0458842247758899,-0.0888517749778563,0.0338655836410036,-0.06737938403767
15.7256291537845,-35.4531054507671,5.18908072452219,0.0458842247758899,-0.0888517749778563,0.0494314582585457,0.0058435086213855
15.8010403538046,-35.5485706862241,5.18908072452219,0.0458842247758899,-0.0888517749778563,0.0295269752441407,-0.00661346047906886
15.8040675629024,-35.6724714915031,5.18908072452219,0.0458842247758899,-0.0888517749778563,-0.0428570156780242,-0.0350490303012148
15.8140221542124,-35.748025296709,5.18908072452219,0.0458842247758899,-0.0888517749778563,-0.0359296334659029,0.0132979697720224
15.8399055736015,-35.8311521009076,5.18908072452219,0.0458842247758899,-0.0888517749778563,-0.0200008053867591,0.00572497077916978
15.867920877387,-35.9149670213484,5.18908072452219,0.0458842247758899,-0.0888517749778563,-0.0178689209904664,0.00503685453714553
15.9019715770181,-35.9463181860895,5.18908072452219,0.0458842247758899,-0.0888517749778563,-0.0118335251447121,0.0575006102367146
15.8836351205217,-36.0242519295863,5.18908072452219,0.0458842247758899,-0.0888517749778563,-0.0642206812722902,0.0109180314810766
15.9171332506955,-36.0751616741807,5.18908072452219,0.0458842247758899,-0.0888517749778563,-0.0123860946021206,0.0379420303834346
15.9357615128737,-36.1693334945842,5.18908072452219,0.0458842247758899,-0.0888517749778563,-0.0272559625976643,-0.00532004542560394
15.9538236106597,-36.3371806864336,5.18908072452219,0.0458842247758899,-0.0888517749778563,-0.0278221269899476,-0.0789954168715736
15.9654986896781,-36.46545628547,5.18908072452219,0.0458842247758899,-0.0888517749778563,-0.0342091457574312,-0.039423824058523
15.887646159097,-36.5619459735659,5.18908072452219,0.0458842247758899,-0.0888517749778563,-0.123736755357016,-0.00763791311807704
15.8582650079156,-36.6836951441923,5.18908072452219,0.0458842247758899,-0.0888517749778563,-0.0752653759573284,-0.0328973956485781
15.8894724001171,-36.7742504163558,5.18908072452219,0.0458842247758899,-0.0888517749778563,-0.0146768325743925,-0.00170349718560558
15.9096808377182,-36.9094949775504,5.18908072452219,0.0458842247758899,-0.0888517749778563,-0.0256757871747383,-0.0463927862167965
15.9473199320675,-37.0422217763534,5.18908072452219,0.0458842247758899,-0.0888517749778563,-0.00824513042655106,-0.0438750238251107
15.9647453134781,-37.1670037367785,5.18908072452219,0.0458842247758899,-0.0888517749778563,-0.0284588433652935,-0.0359301854472536
15.9536343296995,-37.2591463874158,5.18908072452219,0.0458842247758899,-0.0888517749778563,-0.0569952085545736,-0.00329087565941677
16.0030261263451,-37.3828420210925,5.18908072452219,0.0458842247758899,-0.0888517749778563,0.00350757186974648,-0.0348438586989035
16.0977772490778,-37.48788003127,5.18908072452219,0.0458842247758899,-0.0888517749778563,0.0488668979568511,-0.0161862351995854
16.1410703167472,-37.6212100147333,5.18908072452219,0.0458842247758899,-0.0888517749778563,-0.00259115710648439,-0.0444782084855104
16.1389091743883,-37.7220688417898,5.18908072452219,0.0458842247758899,-0.0888517749778563,-0.0480453671348319,-0.0120070520786335
16.1752499468214,-37.8659755178043,5.18908072452219,0.0458842247758899,-0.0888517749778563,-0.00954345234279208,-0.0550549010366197
16.1920391836245,-37.9712199001181,5.18908072452219,0.0458842247758899,-0.0888517749778563,-0.0290949879727833,-0.0163926073359271
16.2322249692848,-38.0908782235208,5.18908072452219,0.0458842247758899,-0.0888517749778563,-0.00569843911557011,-0.0308065484248941
16.2481783494642,-38.1788384633855,5.18908072452219,0.0458842247758899,-0.0888517749778563,-0.0299308445965527,0.000891535113153985
16.2554851331127,-38.2739032055037,5.18908072452219,0.0458842247758899,-0.0888517749778563,-0.0385774411273034,-0.00621296714031061
16.2962890540001,-38.3863895661371,5.18908072452219,0.0458842247758899,-0.0888517749778563,-0.00508030388858649,-0.0236345856555582
16.2384914581441,-38.5110163397771,5.18908072452219,0.0458842247758899,-0.0888517749778563,-0.10368182063182,-0.0357749986621245
16.2797263816217,-38.58222804567,5.18908072452219,0.0458842247758899,-0.0888517749778563,-0.00464930129826158,0.0176400690849245
16.2723482958547,-38.6086383388379,5.18908072452219,0.0458842247758899,-0.0888517749778563,-0.0532623105429817,0.0624414818100059
16.2391048127189,-38.7138841996912,5.18908072452219,0.0458842247758899,-0.0888517749778563,-0.0791277079116874,-0.0163940858754543
16.2364770667332,-38.8276642781984,5.18908072452219,0.0458842247758899,-0.0888517749778563,-0.0485119707615833,-0.0249283035293875
16.2162494645963,-38.9582366810024,5.18908072452219,0.0458842247758899,-0.0888517749778563,-0.0661118269127483,-0.041720627826094
16.2083759337077,-39.052968236097,5.18908072452219,0.0458842247758899,-0.0888517749778563,-0.0537577556645272,-0.00587978011674295
16.22282238432,-39.1375745142363,5.18908072452219,0.0458842247758899,-0.0888517749778563,-0.0314377741635385,0.00424549683854369
16.2222986328693,-39.2385719234495,5.18908072452219,0.0458842247758899,-0.0888517749778563,-0.0464079762265777,-0.0121456342353836
16.191741179629,-39.2996146692941,5.18908072452219,0.0458842247758899,-0.0888517749778563,-0.0764416780161676,0.0278090291332118
16.0934925629498,-39.3897885751337,5.18908072452219,0.0458842247758899,-0.0888517749778563,-0.144132841455165,-0.00132213086172417
16.0493358546964,-39.5481776943336,5.18908072452219,0.0458842247758899,-0.0888517749778563,-0.0900409330293117,-0.0695373442220673
16.0786272351166,-39.63862736357,5.18908072452219,0.0458842247758899,-0.0888517749778563,-0.016592844355648,-0.00159789425851109
16.0952136559551,-39.7393394711506,5.18908072452219,0.0458842247758899,-0.0888517749778563,-0.0292978039373453,-0.0118603326027245
16.0870605541949,-39.8176419035029,5.18908072452219,0.0458842247758899,-0.0888517749778563,-0.0540373265361731,0.0105493426255414
16.0617464369452,-39.8557226635937,5.18908072452219,0.0458842247758899,-0.0888517749778563,-0.0711983420255258,0.0507710148870757
16.1441100888969,-39.9258449426763,5.18908072452219,0.0458842247758899,-0.0888517749778563,0.0364794271757765,0.0187294958952613
16.149475071603,-39.9988300646093,5.18908072452219,0.0458842247758899,-0.0888517749778563,-0.0405192420698111,0.0158666530448048
16.1196759577257,-40.0779476072015,5.18908072452219,0.0458842247758899,-0.0888517749778563,-0.0756833386531119,0.0097342323856866
16.1698931221595,-40.0811553608234,5.18908072452219,0.0458842247758899,-0.0888517749778563,0.00433293965783932,0.0856440213559742
16.1916034963771,-40.1146235018258,5.18908072452219,0.0458842247758899,-0.0888517749778563,-0.0241738505582547,0.0553836339753904
16.2044543858708,-40.1971039061825,5.18908072452219,0.0458842247758899,-0.0888517749778563,-0.0330333352821768,0.00637137062117965
16.2739635286091,-40.2944233875013,5.18908072452219,0.0458842247758899,-0.0888517749778563,0.0236249179623469,-0.00846770634089733
16.2619747301334,-40.3900667361747,5.18908072452219,0.0458842247758899,-0.0888517749778563,-0.0578730232515725,-0.00679157369557171
16.2796845637384,-40.4016206896987,5.18908072452219,0.0458842247758899,-0.0888517749778563,-0.0281743911708898,0.0772978214538034
16.2900675252545,-40.5023237533426,5.18908072452219,0.0458842247758899,-0.0888517749778563,-0.0355012632597909,-0.0118512886660005
16.284247776672,-40.5695966131193,5.18908072452219,0.0458842247758899,-0.0888517749778563,-0.0517039733583227,0.0215789152011103
16.3352445669906,-40.6029922718892,5.18908072452219,0.0458842247758899,-0.0888517749778563,0.00511256554266826,0.0554561162079388
16.3296973905054,-40.7088893033433,5.18908072452219,0.0458842247758899,-0.0888517749778563,-0.051431401261044,-0.0170452564762007
16.3071337873235,-40.8001951554198,5.18908072452219,0.0458842247758899,-0.0888517749778563,-0.0684478279578196,-0.00245407709866541
16.29801814522,-40.8576687043727,5.18908072452219,0.0458842247758899,-0.0888517749778563,-0.0549998668794025,0.0313782260249731
16.3181951404117,-40.921392286514,5.18908072452219,0.0458842247758899,-0.0888517749778563,-0.0257072295841905,0.0251281928365357
16.3414440537741,-41.0189992556099,5.18908072452219,0.0458842247758899,-0.0888517749778563,-0.0226353114134819,-0.00875519411804504
16.3337069048666,-41.0763187221603,5.18908072452219,0.0458842247758899,-0.0888517749778563,-0.0536213736833568,0.0315323084274794
16.3483145257997,-41.1676913278706,5.18908072452219,0.0458842247758899,-0.0888517749778563,-0.0312766038427981,-0.00252083073243448
16.3416446491373,-41.2721179643817,5.18908072452219,0.0458842247758899,-0.0888517749778563,-0.0525541014383148,-0.0155748615332323
16.2862434590589,-41.3656388338992,5.18908072452219,0.0458842247758899,-0.0888517749778563,-0.101285414854265,-0.00466909453967634
16.2728194937744,-41.4399008932407,5.18908072452219,0.0458842247758899,-0.0888517749778563,-0.0593081900604222,0.0145897156363652
16.3194741400492,-41.5285474496348,5.18908072452219,0.0458842247758899,-0.0888517749778563,0.000770421498897722,0.000205218583733568
16.4434370677775,-41.6402554491926,5.18908072452219,0.0458842247758899,-0.0888517749778563,0.0780787029524204,-0.0228562245799315
16.4842504082738,-41.6353273270556,5.18908072452219,0.0458842247758899,-0.0888517749778563,-0.00507088427961611,0.0937798971149109
16.5004964975283,-41.6644529958088,5.18908072452219,0.0458842247758899,-0.0888517749778563,-0.0296381355213455,0.0597261062245913
16.5204221856328,-41.6721368945906,5.18908072452219,0.0458842247758899,-0.0888517749778563,-0.025958536671383,0.0811678761960852
16.5589396776988,-41.6512950339857,5.18908072452219,0.0458842247758899,-0.0888517749778563,-0.00736673270986588,0.109693635582749
16.5652026357833,-41.7325155940477,5.18908072452219,0.0458842247758899,-0.0888517749778563,-0.0396212666914773,0.0076312149158646
16.4916314327149,-41.7780031773039,5.18908072452219,0.0458842247758899,-0.0888517749778563,-0.119455427844217,0.043364191721639
16.4741651100593,-41.8559868667062,5.18908072452219,0.0458842247758899,-0.0888517749778563,-0.0633505474315545,0.0108680855755274
16.4614967910989,-41.912660828912,5.18908072452219,0.0458842247758899,-0.0888517749778563,-0.0585525437362664,0.0321778127720549
16.4328212741553,-41.9879598278261,5.18908072452219,0.0458842247758899,-0.0888517749778563,-0.0745597417194461,0.013552776063833
16.3617332049859,-42.0066949113443,5.18908072452219,0.0458842247758899,-0.0888517749778563,-0.116972293945371,0.0701166914596536
16.3319074111747,-42.1218825609651,5.18908072452219,0.0458842247758899,-0.0888517749778563,-0.0757100185870114,-0.026335874642947
16.3587358331699,-42.1751233632157,5.18908072452219,0.0458842247758899,-0.0888517749778563,-0.0190558027806906,0.035610972727234
16.3774142236993,-42.2922722390748,5.18908072452219,0.0458842247758899,-0.0888517749778563,-0.0272058342465269,-0.02829710088128
16.4443607097572,-42.4756635493976,5.18908072452219,0.0458842247758899,-0.0888517749778563,0.0210622612820108,-0.0945395353449223
16.4469230842459,-42.5692836795923,5.18908072452219,0.0458842247758899,-0.0888517749778563,-0.0433218502871866,-0.004768355216906
16.5156494374655,-42.7130984116583,5.18908072452219,0.0458842247758899,-0.0888517749778563,0.0228421284437439,-0.054962957088093
16.5810240971842,-42.7653695014753,5.18908072452219,0.0458842247758899,-0.0888517749778563,0.0194904349427487,0.0365806851608417
16.6897838705139,-42.8699307720055,5.18908072452219,0.0458842247758899,-0.0888517749778563,0.0628755485538486,-0.0157094955523123
16.7959779880127,-42.9623254345041,5.18908072452219,0.0458842247758899,-0.0888517749778563,0.060309892722898,-0.00354288752081455
16.8510287969772,-43.0651819695263,5.18908072452219,0.0458842247758899,-0.0888517749778563,0.00916658418862681,-0.0140047600442852
16.9521739956678,-43.1695371459671,5.18908072452219,0.0458842247758899,-0.0888517749778563,0.0552609739146845,-0.0155034014629223
17.0734069127845,-43.2309663396719,5.18908072452219,0.0458842247758899,-0.0888517749778563,0.075348692340802,0.0274225812730275
17.0826582445611,-43.3416637697857,5.18908072452219,0.0458842247758899,-0.0888517749778563,-0.0366328929992288,-0.0218456551359365
17.1254185856635,-43.4829323373349,5.18908072452219,0.0458842247758899,-0.0888517749778563,-0.00312388367356631,-0.0524167925714032
17.1679830791963,-43.6077823573029,5.18908072452219,0.0458842247758899,-0.0888517749778563,-0.00331973124303619,-0.0359982449901342
17.186283344792,-43.6876615878422,5.18908072452219,0.0458842247758899,-0.0888517749778563,-0.0275839591801712,0.00897254443853335
17.2631232005867,-43.8285969578825,5.18908072452219,0.0458842247758899,-0.0888517749778563,0.0309556310188066,-0.0520835950624088
17.2946088421596,-43.9836721367042,5.18908072452219,0.0458842247758899,-0.0888517749778563,-0.0143985832030067,-0.0662234038438712
17.2942320256999,-44.1437192168507,5.18908072452219,0.0458842247758899,-0.0888517749778563,-0.0462610412356108,-0.0711953051685894
17.3046089054386,-44.2565341189012,5.18908072452219,0.0458842247758899,-0.0888517749778563,-0.0355073450372161,-0.0239631270726628
17.3764096639579,-44.3666445120125,5.18908072452219,0.0458842247758899,-0.0888517749778563,0.0259165337434344,-0.0212586181334817
17.4605028953715,-44.4617158331284,5.18908072452219,0.0458842247758899,-0.0888517749778563,0.0382090066376892,-0.00621954613805098
17.569953749212,-44.5752469699907,5.18908072452219,0.0458842247758899,-0.0888517749778563,0.0635666290646424,-0.0246793618844432
17.6455045886332,-44.7666461503556,5.18908072452219,0.0458842247758899,-0.0888517749778563,0.029666614645274,-0.102547405387043
17.717659397557,-44.9249060539735,5.18908072452219,0.0458842247758899,-0.0888517749778563,0.0262705841479254,-0.0694081286400046
17.7235067572086,-45.0185424109722,5.18908072452219,0.0458842247758899,-0.0888517749778563,-0.0400368651243213,-0.00478458202082255
17.8215757621816,-45.1184659782468,5.18908072452219,0.0458842247758899,-0.0888517749778563,0.0521847801971296,-0.0110717922967742
17.8444640544729,-45.2314172363899,5.18908072452219,0.0458842247758899,-0.0888517749778563,-0.0229959324845299,-0.0240994831652479
17.8844831109094,-45.3580322606444,5.18908072452219,0.0458842247758899,-0.0888517749778563,-0.00586516833945883,-0.0377632492766145
17.8445059650594,-45.5183804182784,5.18908072452219,0.0458842247758899,-0.0888517749778563,-0.0858613706258926,-0.0714963826562061
17.8285030124381,-45.6716173876546,5.18908072452219,0.0458842247758899,-0.0888517749778563,-0.0618871773971765,-0.0643851943983274
17.8112715073729,-45.7486231718223,5.18908072452219,0.0458842247758899,-0.0888517749778563,-0.0631157298410585,0.0118459908101842
17.7999303122582,-45.8050585268302,5.18908072452219,0.0458842247758899,-0.0888517749778563,-0.0572254198906337,0.0324164199698895
17.8582572000839,-45.8963637522072,5.18908072452219,0.0458842247758899,-0.0888517749778563,0.0124426630498378,-0.00245345039911449
17.9078072954732,-45.9651277056977,5.18908072452219,0.0458842247758899,-0.0888517749778563,0.00366587061339851,0.0200878214873299
17.8716780722215,-46.0868770702332,5.18908072452219,0.0458842247758899,-0.0888517749778563,-0.0820134480275647,-0.032897589557634
17.8955947487088,-46.2196778894785,5.18908072452219,0.0458842247758899,-0.0888517749778563,-0.0219675482886337,-0.0439490442674284
17.9805053545043,-46.3359797311688,5.18908072452219,0.0458842247758899,-0.0888517749778563,0.0390263810196321,-0.0274500667124231
18.0064212530952,-46.3943975895099,5.18908072452219,0.0458842247758899,-0.0888517749778563,-0.0199683261849466,0.0304339166367535
18.1105004778029,-46.4515806793059,5.18908072452219,0.0458842247758899,-0.0888517749778563,0.0581949999318194,0.0316686851818302
18.1856948105321,-46.539526926654,5.18908072452219,0.0458842247758899,-0.0888517749778563,0.0293101079533211,0.000905527629744718
18.240904300013,-46.6272771374925,5.18908072452219,0.0458842247758899,-0.0888517749778563,0.00932526470495532,0.00110156413939677
18.320442032769,-46.723582230902,5.18908072452219,0.0458842247758899,-0.0888517749778563,0.0336535079801594,-0.00745331843163211
18.3740629585889,-46.8222025487207,5.18908072452219,0.0458842247758899,-0.0888517749778563,0.00773670104400814,-0.00976854284087292
18.3692516687785,-46.9143175102468,5.18908072452219,0.0458842247758899,-0.0888517749778563,-0.0506955145862986,-0.00326318654824131
18.441863284043,-47.0084387276608,5.18908072452219,0.0458842247758899,-0.0888517749778563,0.0267273904885599,-0.00526944243613681
18.5356064617803,-47.1319327979427,5.18908072452219,0.0458842247758899,-0.0888517749778563,0.0478589529614339,-0.0346422953040424
18.6134738768932,-47.3066647897535,5.18908072452219,0.0458842247758899,-0.0888517749778563,0.0319831903369678,-0.0858802168329778
18.6712605680612,-47.445213592036,5.18908072452219,0.0458842247758899,-0.0888517749778563,0.0119024663921681,-0.0496970273046236
18.6916324373471,-47.5434541265484,5.18908072452219,0.0458842247758899,-0.0888517749778563,-0.0255123554899681,-0.00938875953456186
18.7496374976249,-47.6574142308489,5.18908072452219,0.0458842247758899,-0.0888517749778563,0.0121208355018823,-0.0251083293226477
18.7786550117493,-47.749643438276,5.18908072452219,0.0458842247758899,-0.0888517749778563,-0.0168667106515357,-0.00337743244929012
18.8423229656286,-47.8655602542838,5.18908072452219,0.0458842247758899,-0.0888517749778563,0.017783729103483,-0.0270650410298945
18.8473905379722,-47.9349452322058,5.18908072452219,0.0458842247758899,-0.0888517749778563,-0.040816652432341,0.0194667970558564
18.8772486234727,-48.0262965736754,5.18908072452219,0.0458842247758899,-0.0888517749778563,-0.0160261392753998,-0.00249956649174266
18.8492136926133,-48.1343669425431,5.18908072452219,0.0458842247758899,-0.0888517749778563,-0.0739191556352705,-0.0192185938898435
18.8594755626335,-48.2791312986863,5.18908072452219,0.0458842247758899,-0.0888517749778563,-0.0356223547556973,-0.0559125811654066
18.8423151330317,-48.4832068441803,5.18908072452219,0.0458842247758899,-0.0888517749778563,-0.0630446543776713,-0.115223770516087
18.850382549392,-48.5465439062588,5.18908072452219,0.0458842247758899,-0.0888517749778563,-0.0378168084156125,0.0255147128993434
18.8683090222357,-48.5882542955069,5.18908072452219,0.0458842247758899,-0.0888517749778563,-0.0279577519322118,0.0471413857297902
18.9206533174884,-48.6845767998141,5.18908072452219,0.0458842247758899,-0.0888517749778563,0.00646007047688668,-0.00747072932935566
19.0551070137683,-48.8238140071633,5.18908072452219,0.0458842247758899,-0.0888517749778563,0.0885694715040142,-0.050385432371379
19.1083404764066,-48.9780122765205,5.18908072452219,0.0458842247758899,-0.0888517749778563,0.00734923786241248,-0.0653464943793631
19.1730710452182,-49.063678606435,5.18908072452219,0.0458842247758899,-0.0888517749778563,0.0188463440356972,0.00318544506335705
19.2200506738414,-49.1997078027768,5.18908072452219,0.0458842247758899,-0.0888517749778563,0.00109540384733231,-0.0471774213639469
19.2447549320578,-49.3589704245471,5.18908072452219,0.0458842247758899,-0.0888517749778563,-0.0211799665595196,-0.0704108467924449
19.3591269701841,-49.4559655559295,5.18908072452219,0.0458842247758899,-0.0888517749778563,0.0684878133504401,-0.00814335640450015
19.4148514731133,-49.5769549057413,5.18908072452219,0.0458842247758899,-0.0888517749778563,0.00984027815326183,-0.0321375748339721
19.47311650444,-49.6423391461298,5.18908072452219,0.0458842247758899,-0.0888517749778563,0.0123808065507731,0.0234675345893418
19.5110068069883,-49.695812759777,5.18908072452219,0.0458842247758899,-0.0888517749778563,-0.00799392222756357,0.0353781613306774
19.5555348230149,-49.7412169959684,5.18908072452219,0.0458842247758899,-0.0888517749778563,-0.00135620874926268,0.0434475387864461
19.5496399263345,-49.8463944608868,5.18908072452219,0.0458842247758899,-0.0888517749778563,-0.0517791214563168,-0.0163256899405706
19.5480235186751,-49.9105594368846,5.18908072452219,0.0458842247758899,-0.0888517749778563,-0.0475006324352658,0.0246867989800839
19.6070898735235,-49.9839704449855,5.18908072452219,0.0458842247758899,-0.0888517749778563,0.0131821300724835,0.0154407668769174
19.602395539455,-50.1000486913159,5.18908072452219,0.0458842247758899,-0.0888517749778563,-0.0505785588443755,-0.0272264713525034
19.6688534749863,-50.2282027745948,5.18908072452219,0.0458842247758899,-0.0888517749778563,0.0205737107554578,-0.0393023083010817
19.6457072881672,-50.3074040503655,5.18908072452219,0.0458842247758899,-0.0888517749778563,-0.0690304115950839,0.00965049920716066
19.6870839022078,-50.4182711825578,5.18908072452219,0.0458842247758899,-0.0888517749778563,-0.00450761073519779,-0.0220153572144577
19.7578819624696,-50.4848935468263,5.18908072452219,0.0458842247758899,-0.0888517749778563,0.0249138354858705,0.0222294107093717
19.7950557008205,-50.6447978416468,5.18908072452219,0.0458842247758899,-0.0888517749778563,-0.0087104864249592,-0.071052519842663
19.8460467347667,-50.7347561103818,5.18908072452219,0.0458842247758899,-0.0888517749778563,0.00510680917030326,-0.00110649375712413
19.9154195493463,-50.8451688873213,5.18908072452219,0.0458842247758899,-0.0888517749778563,0.0234885898036703,-0.0215610019616177
19.9536034019538,-50.9324702281769,5.18908072452219,0.0458842247758899,-0.0888517749778563,-0.00770037216834041,0.00155043412222966
19.9765882171945,-51.0685102757797,5.18908072452219,0.0458842247758899,-0.0888517749778563,-0.0228994095352633,-0.0471882726249628
20.0054272588605,-51.2497017747456,5.18908072452219,0.0458842247758899,-0.0888517749778563,-0.0170451831098033,-0.092339723988017
20.0542590555246,-51.3885093300743,5.18908072452219,0.0458842247758899,-0.0888517749778563,0.00294757188821171,-0.0499557803508033
20.1092105803033,-51.4227467702133,5.18908072452219,0.0458842247758899,-0.0888517749778563,0.00906730000280076,0.054614334838849
20.1126489930208,-51.446601027277,5.18908072452219,0.0458842247758899,-0.0888517749778563,-0.042445812058459,0.0649975179141045
20.0785307857185,-51.5185047842244,5.18908072452219,0.0458842247758899,-0.0888517749778563,-0.0800024320781478,0.0169480180304946
20.1258850229544,-51.6555555973377,5.18908072452219,0.0458842247758899,-0.0888517749778563,0.00147001246000045,-0.0481990381354249
20.186716387442,-51.7123110258971,5.18908072452219,0.0458842247758899,-0.0888517749778563,0.0149471397117522,0.032096346418407
20.2351441388581,-51.7296167362686,5.18908072452219,0.0458842247758899,-0.0888517749778563,0.002543526640157,0.071546064606391
20.2953356822653,-51.78958985134,5.18908072452219,0.0458842247758899,-0.0888517749778563,0.0143073186312979,0.0288786599064279
20.3481225719804,-51.8682575531078,5.18908072452219,0.0458842247758899,-0.0888517749778563,0.00690266493921499,0.0101840732100236
20.4200996603879,-51.9548511548239,5.18908072452219,0.0458842247758899,-0.0888517749778563,0.0260928636316513,0.00225817326173061
20.4760171137494,-52.093598913396,5.18908072452219,0.0458842247758899,-0.0888517749778563,0.0100332285856397,-0.0498959835941832
20.5240160557444,-52.160258411271,5.18908072452219,0.0458842247758899,-0.0888517749778563,0.00211471721907808,0.0221922771028655
20.5714067538355,-52.2729468558015,5.18908072452219,0.0458842247758899,-0.0888517749778563,0.0015064733152359,-0.0238366695526206
20.6653738135375,-52.397737152709,5.18908072452219,0.0458842247758899,-0.0888517749778563,0.0480828349261087,-0.0359385219297126
20.7046204852873,-52.483943726895,5.18908072452219,0.0458842247758899,-0.0888517749778563,-0.00663755302616309,0.00264520079186337
20.7849095234841,-52.5934480383839,5.18908072452219,0.0458842247758899,-0.0888517749778563,0.0344048134209221,-0.0206525365110286
20.7907513958868,-52.6989624170034,5.18908072452219,0.0458842247758899,-0.0888517749778563,-0.0400423523731219,-0.0166626036416453
20.9090212750933,-52.8255665978853,5.18908072452219,0.0458842247758899,-0.0888517749778563,0.072385654430521,-0.0377524059040333
21.0239419776492,-52.9477396210176,5.18908072452219,0.0458842247758899,-0.0888517749778563,0.0690364777800876,-0.033321248154456
21.0434975021281,-53.0784738138959,5.18908072452219,0.0458842247758899,-0.0888517749778563,-0.0263287002970141,-0.0418824179004922
21.0918039658447,-53.1200205895984,5.18908072452219,0.0458842247758899,-0.0888517749778563,0.00242223894073801,0.0473049992754033
21.1273602485497,-53.2365393446537,5.18908072452219,0.0458842247758899,-0.0888517749778563,-0.0103279420709086,-0.0276669800774476
21.173081924374,-53.3890123340609,5.18908072452219,0.0458842247758899,-0.0888517749778563,-0.000162548951606833,-0.0636212144293857
21.2187536637019,-53.578090786748,5.18908072452219,0.0458842247758899,-0.0888517749778563,-0.000212485447945721,-0.100226677709204
21.3323045770926,-53.7371428699947,5.18908072452219,0.0458842247758899,-0.0888517749778563,0.0676666886147941,-0.0702003082688254
21.3382351806978,-53.943213718904,5.18908072452219,0.0458842247758899,-0.0888517749778563,-0.0399536211707061,-0.117219073931491
21.3604838851865,-54.1039980040248,5.18908072452219,0.0458842247758899,-0.0888517749778563,-0.0236355202871517,-0.07193251014293
21.3423124054005,-54.251437782517,5.18908072452219,0.0458842247758899,-0.0888517749778563,-0.0640557045619095,-0.0585880035143012
21.3631339413403,-54.3538494148459,5.18908072452219,0.0458842247758899,-0.0888517749778563,-0.0250626888361056,-0.0135598573510762
21.3809532324242,-54.491714461534,5.18908072452219,0.0458842247758899,-0.0888517749778563,-0.0280649336920167,-0.0490132717102085
21.3920596593513,-54.6133055669852,5.18908072452219,0.0458842247758899,-0.0888517749778563,-0.0347777978487951,-0.0327393304734427
21.3693618948265,-54.8066478048858,5.18908072452219,0.0458842247758899,-0.0888517749778563,-0.0685819893006356,-0.104490462922709
21.3593828863505,-54.9675065372974,5.18908072452219,0.0458842247758899,-0.0888517749778563,-0.055863233251892,-0.0720069574337385
21.4087211974018,-55.0723603920333,5.18908072452219,0.0458842247758899,-0.0888517749778563,0.00345408627538557,-0.016002079758092
21.4582850563599,-55.1730200568739,5.18908072452219,0.0458842247758899,-0.0888517749778563,0.00367963418221295,-0.0118078898627187
21.5218549820327,-55.3142492190769,5.18908072452219,0.0458842247758899,-0.0888517749778563,0.0176857008969522,-0.0523773872251461
21.4982964757519,-55.4734988960687,5.18908072452219,0.0458842247758899,-0.0888517749778563,-0.0694427310567249,-0.0703979020139114
21.4718286873668,-55.5872252230943,5.18908072452219,0.0458842247758899,-0.0888517749778563,-0.0723520131610091,-0.0248745520477511
21.4990307400499,-55.6527239339863,5.18908072452219,0.0458842247758899,-0.0888517749778563,-0.018682172092805,0.0233530640858506
21.5017856577183,-55.7841377577916,5.18908072452219,0.0458842247758899,-0.0888517749778563,-0.0431293071074501,-0.0425620488274738
21.463553166994,-55.8572506762374,5.18908072452219,0.0458842247758899,-0.0888517749778563,-0.0841167155002505,0.0157388565320415
21.4667816525195,-56.0345898013042,5.18908072452219,0.0458842247758899,-0.0888517749778563,-0.0426557392503444,-0.088487350088867
21.4894687098011,-56.1828574562479,5.18908072452219,0.0458842247758899,-0.0888517749778563,-0.0231971674942679,-0.0594158799659006
21.4620835969345,-56.3184977738856,5.18908072452219,0.0458842247758899,-0.0888517749778563,-0.0732693376424818,-0.0467885426598134
21.497484657494,-56.4075210216251,5.18908072452219,0.0458842247758899,-0.0888517749778563,-0.0104831642164411,-0.00017147276166618
21.566373719198,-56.4776937125372,5.18908072452219,0.0458842247758899,-0.0888517749778563,0.0230048369281581,0.0186790840657762
21.6355302084029,-56.5639271157628,5.18908072452219,0.0458842247758899,-0.0888517749778563,0.0232722644289698,0.00261837175224677
21.6586919863347,-56.6358122195903,5.18908072452219,0.0458842247758899,-0.0888517749778563,-0.0227224468440257,0.0169666711503531
21.6545134724285,-56.7642975937199,5.18908072452219,0.0458842247758899,-0.0888517749778563,-0.0500627386821852,-0.039633599151732
21.6367654908138,-56.8855209168598,5.18908072452219,0.0458842247758899,-0.0888517749778563,-0.0636322063905208,-0.032371548162093
21.6927639497991,-56.9490046574096,5.18908072452219,0.0458842247758899,-0.0888517749778563,0.0101142342093796,0.0253680344281104
21.715935940295,-57.0385336940797,5.18908072452219,0.0458842247758899,-0.0888517749778563,-0.0227122342799628,-0.000677261692284326
21.7725342203157,-57.2221993655854,5.18908072452219,0.0458842247758899,-0.0888517749778563,0.0107140552448088,-0.0948138965278815
21.8151166358696,-57.3076630018886,5.18908072452219,0.0458842247758899,-0.0888517749778563,-0.0033018092220356,0.00338813867471899
21.8236262400792,-57.3998080940347,5.18908072452219,0.0458842247758899,-0.0888517749778563,-0.0373746205662808,-0.00329331716830694
21.8178506305492,-57.5532490444404,5.18908072452219,0.0458842247758899,-0.0888517749778563,-0.051659834305827,-0.0645891754278658
21.9069574606948,-57.724796471475,5.18908072452219,0.0458842247758899,-0.0888517749778563,0.0432226053696985,-0.0826956520566933
22.0186679081107,-57.8813833410769,5.18908072452219,0.0458842247758899,-0.0888517749778563,0.0658262226399842,-0.0677350946240631
22.1038817018205,-58.0134397769354,5.18908072452219,0.0458842247758899,-0.0888517749778563,0.0393295689339235,-0.0432046608806314
22.1419664143255,-58.1098981626967,5.18908072452219,0.0458842247758899,-0.0888517749778563,-0.00779951227092912,-0.00760661078346558
22.1042061575779,-58.2509397640349,5.18908072452219,0.0458842247758899,-0.0888517749778563,-0.0836444815234767,-0.0521898263603484
22.135507764642,-58.350885505901,5.18908072452219,0.0458842247758899,-0.0888517749778563,-0.0145826177117483,-0.0110939668882679
22.1051477168618,-58.4243390032842,5.18908072452219,0.0458842247758899,-0.0888517749778563,-0.0762442725561208,0.0153982775947181
22.1470119814482,-58.4156469444212,5.18908072452219,0.0458842247758899,-0.0888517749778563,-0.0040199601894777,0.0975438338408532
22.1198396171465,-58.4891413187956,5.18908072452219,0.0458842247758899,-0.0888517749778563,-0.0730565890776322,0.0153574006034871
22.1348450729806,-58.6204296520314,5.18908072452219,0.0458842247758899,-0.0888517749778563,-0.0308787689417986,-0.0424365582580108
22.0893504750431,-58.7113826850651,5.18908072452219,0.0458842247758899,-0.0888517749778563,-0.0913788227133887,-0.0021012580558617
22.0925788952106,-58.8000539209844,5.18908072452219,0.0458842247758899,-0.0888517749778563,-0.0426558046084011,0.000180539058621143
22.157716143541,-58.8509360609882,5.18908072452219,0.0458842247758899,-0.0888517749778563,0.0192530235545876,0.0379696349740355
22.206703160207,-58.8424651434898,5.18908072452219,0.0458842247758899,-0.0888517749778563,0.00310279189010565,0.0973226924762773
22.2848101398039,-58.9050504287928,5.18908072452219,0.0458842247758899,-0.0888517749778563,0.0322227548210385,0.026266489674784
22.3345402950291,-58.9174423692638,5.18908072452219,0.0458842247758899,-0.0888517749778563,0.00384593044925019,0.0764598345068936
22.3434839876947,-58.9466448294295,5.18908072452219,0.0458842247758899,-0.0888517749778563,-0.0369405321102443,0.0596493148121588
22.3960544576345,-59.0097979559477,5.18908072452219,0.0458842247758899,-0.0888517749778563,0.00668624516390981,0.0256986484596586
22.5580014632956,-59.0610927351318,5.18908072452219,0.0458842247758899,-0.0888517749778563,0.116062780885149,0.037556995793774
22.6921333469574,-59.1382879674141,5.18908072452219,0.0458842247758899,-0.0888517749778563,0.0882476588859413,0.0116565426955741
22.7345914802313,-59.2509033429142,5.18908072452219,0.0458842247758899,-0.0888517749778563,-0.00342609150195994,-0.0237636005222965
22.775333415397,-59.2952358615505,5.18908072452219,0.0458842247758899,-0.0888517749778563,-0.00514228961019558,0.0445192563416059
22.8278069544057,-59.3383990448971,5.18908072452219,0.0458842247758899,-0.0888517749778563,0.00658931423279352,0.0456885916312402
22.8902586527734,-59.4366448421386,5.18908072452219,0.0458842247758899,-0.0888517749778563,0.0165674735918193,-0.0093940222636828
22.9951609648095,-59.5671555579208,5.18908072452219,0.0458842247758899,-0.0888517749778563,0.0590180872602382,-0.0416589408043491
23.0080012403228,-59.6643559776856,5.18908072452219,0.0458842247758899,-0.0888517749778563,-0.0330439492626446,-0.00834864478695607
23.1175811187634,-59.7365526401789,5.18908072452219,0.0458842247758899,-0.0888517749778563,0.0636956536647357,0.0166551124845498
23.1827436727378,-59.8642687603281,5.18908072452219,0.0458842247758899,-0.0888517749778563,0.0192783291985306,-0.0388643451713717
23.2502626260404,-60.0022665545299,5.18908072452219,0.0458842247758899,-0.0888517749778563,0.0216347285267213,-0.0491460192238584
23.2927064788916,-60.0747536151684,5.18908072452219,0.0458842247758899,-0.0888517749778563,-0.00344037192470825,0.0163647143392982
23.2970994188898,-60.1884651471957,5.18908072452219,0.0458842247758899,-0.0888517749778563,-0.0414912847777131,-0.0248597570494464
23.3163921049334,-60.252798158552,5.18908072452219,0.0458842247758899,-0.0888517749778563,-0.0265915387322444,0.0245187636215265
23.4070806709838,-60.3083411150646,5.18908072452219,0.0458842247758899,-0.0888517749778563,0.0448043412744363,0.0333088184652794
23.4798006085808,-60.3742487909142,5.18908072452219,0.0458842247758899,-0.0888517749778563,0.0268357128211445,0.0229440991283125
23.4795173766042,-60.4611179186573,5.18908072452219,0.0458842247758899,-0.0888517749778563,-0.0461674567524604,0.00198264723469777
23.4768240071368,-60.5578499799852,5.18908072452219,0.0458842247758899,-0.0888517749778563,-0.048577594243369,-0.00788028635008331
23.5098158127408,-60.586137212705,5.18908072452219,0.0458842247758899,-0.0888517749778563,-0.0128924191718101,0.0605645422581311
23.5964384831982,-60.6582891066276,5.18908072452219,0.0458842247758899,-0.0888517749778563,0.0407384456814821,0.0166998810552439
23.5967682174818,-60.7795616364098,5.18908072452219,0.0458842247758899,-0.0888517749778563,-0.0455544904922514,-0.0324207548043578
23.6528296635557,-60.9425012056708,5.18908072452219,0.0458842247758899,-0.0888517749778563,0.0101772212979263,-0.0740877942831464
23.6986422993717,-61.0839133364083,5.18908072452219,0.0458842247758899,-0.0888517749778563,-7.15889598961184e-05,-0.0525603557596401
23.6841816809629,-61.2031983862684,5.18908072452219,0.0458842247758899,-0.0888517749778563,-0.0603448431846525,-0.0304332748822365
23.7214786076331,-61.284020893663,5.18908072452219,0.0458842247758899,-0.0888517749778563,-0.00858729810570846,0.00802926758318812
23.7483816880233,-61.3083202558586,5.18908072452219,0.0458842247758899,-0.0888517749778563,-0.0189811443856867,0.0645524127823016
23.7554832405669,-61.3834415825946,5.18908072452219,0.0458842247758899,-0.0888517749778563,-0.0387826722322249,0.0137304482418203
23.7262016282362,-61.4790596050819,5.18908072452219,0.0458842247758899,-0.0888517749778563,-0.0751658371066473,-0.00676624750939325
23.6850146724463,-61.5014838242623,5.18908072452219,0.0458842247758899,-0.0888517749778563,-0.0870711805657782,0.0664275557974205
23.7263849020943,-61.5300222518095,5.18908072452219,0.0458842247758899,-0.0888517749778563,-0.00451399512787098,0.0603133474306654
23.7464462090133,-61.6746458094541,5.18908072452219,0.0458842247758899,-0.0888517749778563,-0.0258229178569289,-0.0557717826667048
23.7295098147268,-61.784796036046,5.18908072452219,0.0458842247758899,-0.0888517749778563,-0.0628206190623688,-0.0212984516140633
23.8054012150003,-61.8334283044621,5.18908072452219,0.0458842247758899,-0.0888517749778563,0.0300071754975804,0.040219506561705
23.8898174684888,-61.8171588523799,5.18908072452219,0.0458842247758899,-0.0888517749778563,0.0385320287126536,0.105121227060097
23.8827378110431,-61.838222623999,5.18908072452219,0.0458842247758899,-0.0888517749778563,-0.0529638822216043,0.0677880033587197
23.9055780982354,-61.8482183352518,5.18908072452219,0.0458842247758899,-0.0888517749778563,-0.0230439375835836,0.0788560637250919
23.9178355919141,-61.9965369393097,5.18908072452219,0.0458842247758899,-0.0888517749778563,-0.0336267310971659,-0.0594668290800993
23.9540050358632,-62.1392085824882,5.18908072452219,0.0458842247758899,-0.0888517749778563,-0.00971478082681987,-0.0538198682005886
24.0761514141199,-62.2277348580121,5.18908072452219,0.0458842247758899,-0.0888517749778563,0.0762621534808652,0.000325499453960987
24.0851362785327,-62.342905654948,5.18908072452219,0.0458842247758899,-0.0888517749778563,-0.0368993603631429,-0.026319021958062
24.159160417179,-62.4951774339624,5.18908072452219,0.0458842247758899,-0.0888517749778563,0.0281399138704419,-0.06342000403661
24.1820443203497,-62.6567650990916,5.18908072452219,0.0458842247758899,-0.0888517749778563,-0.0230003216051715,-0.0727358901512707
24.1686333119424,-62.8653059153978,5.18908072452219,0.0458842247758899,-0.0888517749778563,-0.059295233183275,-0.119689041328398
24.2342507758344,-63.0315118286637,5.18908072452219,0.0458842247758899,-0.0888517749778563,0.0197332391161797,-0.0773541382880367
24.2584838318009,-63.161448444563,5.18908072452219,0.0458842247758899,-0.0888517749778563,-0.0216511688094014,-0.0410848409214379
24.2359608855864,-63.2541269890014,5.18908072452219,0.0458842247758899,-0.0888517749778563,-0.068407170990417,-0.0038267694605354
24.2391039227486,-63.3326833715184,5.18908072452219,0.0458842247758899,-0.0888517749778563,-0.0427411876136699,0.0102953924608222
24.2607225565411,-63.3648526184256,5.18908072452219,0.0458842247758899,-0.0888517749778563,-0.0242655909834433,0.0566825280706471
24.2228193759033,-63.4181406641798,5.18908072452219,0.0458842247758899,-0.0888517749778563,-0.0837874054136609,0.0355637292237185
24.1901754210767,-63.4797364420085,5.18908072452219,0.0458842247758899,-0.0888517749778563,-0.078528179602495,0.027255997149096
24.2007788803694,-63.5165258319053,5.18908072452219,0.0458842247758899,-0.0888517749778563,-0.0352807654831579,0.0520623850810722
24.2244064811047,-63.6119595270868,5.18908072452219,0.0458842247758899,-0.0888517749778563,-0.0222566240405602,-0.00658192020358417
24.223608265153,-63.737055365235,5.18908072452219,0.0458842247758899,-0.0888517749778563,-0.0466824407276585,-0.0362440631703578
24.2446644418555,-63.8621145869814,5.18908072452219,0.0458842247758899,-0.0888517749778563,-0.0248280480733118,-0.0362074467685769
24.2326709372302,-63.9826951087651,5.18908072452219,0.0458842247758899,-0.0888517749778563,-0.0578777294012749,-0.0317287468058733
24.2147198349736,-64.0864889764882,5.18908072452219,0.0458842247758899,-0.0888517749778563,-0.063835327032411,-0.0149420927452075
24.2483251765924,-64.1634262265955,5.18908072452219,0.0458842247758899,-0.0888517749778563,-0.012278883157153,0.0119145248705204
24.2215076215121,-64.27911618319,5.18908072452219,0.0458842247758899,-0.0888517749778563,-0.0727017798561391,-0.0268381816166228
24.2600456391844,-64.3794732823876,5.18908072452219,0.0458842247758899,-0.0888517749778563,-0.00734620710361522,-0.0115053242197787
24.3133102527342,-64.4190328210438,5.18908072452219,0.0458842247758899,-0.0888517749778563,0.0073803887738757,0.0492922363216444
24.2999815805433,-64.4716207477394,5.18908072452219,0.0458842247758899,-0.0888517749778563,-0.0592128969667591,0.0362638482822746
24.3477600735601,-64.5282085056226,5.18908072452219,0.0458842247758899,-0.0888517749778563,0.00189426824095751,0.0322640170946498
24.370090540548,-64.5639877781338,5.18908072452219,0.0458842247758899,-0.0888517749778563,-0.0235537577880036,0.0530725024666507
24.3009853064912,-64.60928783426,5.18908072452219,0.0458842247758899,-0.0888517749778563,-0.114989458832702,0.0435517188516652
24.3482936611298,-64.6915321521568,5.18908072452219,0.0458842247758899,-0.0888517749778563,0.00142412986268425,0.0066074570810839
24.4019898143732,-64.8402035884149,5.18908072452219,0.0458842247758899,-0.0888517749778563,0.0078119284675422,-0.0598196612802608
24.4677959327421,-65.0345526548596,5.18908072452219,0.0458842247758899,-0.0888517749778563,0.0199218935929979,-0.105497291466838
24.4593062389652,-65.0817871978964,5.18908072452219,0.0458842247758899,-0.0888517749778563,-0.0543739185527601,0.0416172319410251
24.5404842299633,-65.1232747087519,5.18908072452219,0.0458842247758899,-0.0888517749778563,0.0352937662221358,0.047364264122387
24.5911901986641,-65.2034337283041,5.18908072452219,0.0458842247758899,-0.0888517749778563,0.00482174392495338,0.00869275542566861
24.6474060176399,-65.2814169776434,5.18908072452219,0.0458842247758899,-0.0888517749778563,0.0103315941999185,0.0108685256385623
24.6859717798271,-65.3091710086449,5.18908072452219,0.0458842247758899,-0.0888517749778563,-0.00731846258867463,0.0610977439763012
24.7459525997922,-65.4164981663226,5.18908072452219,0.0458842247758899,-0.0888517749778563,0.0140965951892129,-0.0184753826998501
24.7546480615355,-65.5129121842377,5.18908072452219,0.0458842247758899,-0.0888517749778563,-0.0371887630326375,-0.00756224293722685
24.7651019602824,-65.6144518292631,5.18908072452219,0.0458842247758899,-0.0888517749778563,-0.0354303260289788,-0.0126878700475475
24.7427777429097,-65.7253512100534,5.18908072452219,0.0458842247758899,-0.0888517749778563,-0.0682084421486167,-0.0220476058124177
24.7481981888285,-65.8598240689522,5.18908072452219,0.0458842247758899,-0.0888517749778563,-0.0404637788570446,-0.0456210839209934
24.7113476090033,-65.9693191174171,5.18908072452219,0.0458842247758899,-0.0888517749778563,-0.0827348046010981,-0.0206432734870461
24.6996197939462,-66.0823872212611,5.18908072452219,0.0458842247758899,-0.0888517749778563,-0.057612039832974,-0.0242163288661752
24.6680300385791,-66.1355883705985,5.18908072452219,0.0458842247758899,-0.0888517749778563,-0.0774739801430009,0.0356506256405433
24.5972702635984,-66.1261919318591,5.18908072452219,0.0458842247758899,-0.0888517749778563,-0.116643999756614,0.0982482137171967
24.6187135107312,-66.2098048929965,5.18908072452219,0.0458842247758899,-0.0888517749778563,-0.0244409776430219,0.00523881384045843
24.6215730570148,-66.3147479194408,5.18908072452219,0.0458842247758899,-0.0888517749778563,-0.0430246784923582,-0.0160912514664391
24.634776603417,-66.3980124267002,5.18908072452219,0.0458842247758899,-0.0888517749778563,-0.0326806783736533,0.00558726771842988
24.6652070345485,-66.5416552947641,5.18908072452219,0.0458842247758899,-0.0888517749778563,-0.0154537936443848,-0.0547910930860445
24.7053021318363,-66.6481390635273,5.18908072452219,0.0458842247758899,-0.0888517749778563,-0.00578912748814453,-0.0176319937853382
24.7391239086256,-66.7348364889069,5.18908072452219,0.0458842247758899,-0.0888517749778563,-0.0120624479865157,0.00215434959824634
24.8332603996771,-66.8049994601349,5.18908072452219,0.0458842247758899,-0.0888517749778563,0.0482522662755454,0.0186888037498418
24.9131310355239,-66.9190409598398,5.18908072452219,0.0458842247758899,-0.0888517749778563,0.0339864110709618,-0.0251897247270216
24.9447559390135,-67.0800928972501,5.18908072452219,0.0458842247758899,-0.0888517749778563,-0.0142593212862803,-0.0722001624324271
25.0192425470841,-67.1272616886068,5.18908072452219,0.0458842247758899,-0.0888517749778563,0.0286023832946398,0.0416829836211701
25.0839965972598,-67.2076771431232,5.18908072452219,0.0458842247758899,-0.0888517749778563,0.0188698253998201,0.0084363204613922
25.094635358947,-67.2621025982312,5.18908072452219,0.0458842247758899,-0.0888517749778563,-0.035245463088696,0.0344263198698762
25.0676308677062,-67.2850843760452,5.18908072452219,0.0458842247758899,-0.0888517749778563,-0.0728887160166343,0.0658699971638681
25.053732869362,-67.3615993138669,5.18908072452219,0.0458842247758899,-0.0888517749778563,-0.0597822231200684,0.0123368371561918
25.102910698777,-67.4643002521458,5.18908072452219,0.0458842247758899,-0.0888517749778563,0.00329360463903683,-0.013849163301078
25.1664488915858,-67.6044136825195,5.18908072452219,0.0458842247758899,-0.0888517749778563,0.0176539680329268,-0.0512616553958409
25.2325007835529,-67.7370384944604,5.18908072452219,0.0458842247758899,-0.0888517749778563,0.0201676671912301,-0.0437730369630236
25.2983347426146,-67.825697757777,5.18908072452219,0.0458842247758899,-0.0888517749778563,0.019949734285813,0.000192511661190053
25.3027832926252,-67.9515779285026,5.18908072452219,0.0458842247758899,-0.0888517749778563,-0.0414356747652489,-0.0370283957477264
25.3383455988831,-68.0296253483853,5.18908072452219,0.0458842247758899,-0.0888517749778563,-0.0103219185179944,0.0108043550951402
25.4176564234102,-68.1042909939987,5.18908072452219,0.0458842247758899,-0.0888517749778563,0.0334265997511816,0.0141861293644592
25.4605974305322,-68.1820268831831,5.18908072452219,0.0458842247758899,-0.0888517749778563,-0.00294321765393857,0.0111158857934308
25.4870719365091,-68.2429499002689,5.18908072452219,0.0458842247758899,-0.0888517749778563,-0.0194097187989417,0.0279287578921146
25.547688375919,-68.22801647133,5.18908072452219,0.0458842247758899,-0.0888517749778563,0.0147322146339803,0.103785203916765
25.6019153344711,-68.3171642621775,5.18908072452219,0.0458842247758899,-0.0888517749778563,0.00834273377627959,-0.000296015869681199
25.620081230857,-68.3985157637121,5.18908072452219,0.0458842247758899,-0.0888517749778563,-0.0277183283900237,0.00750027344327187
25.6278504399835,-68.431550324332,5.18908072452219,0.0458842247758899,-0.0888517749778563,-0.0381150156493559,0.0558172143579743
25.7074732929463,-68.4592278758006,5.18908072452219,0.0458842247758899,-0.0888517749778563,0.0337386281868914,0.0611742235092203
25.7752443781098,-68.479202530416,5.18908072452219,0.0458842247758899,-0.0888517749778563,0.0218868603875597,0.068877120362413
25.7767575355059,-68.4281172020224,5.18908072452219,0.0458842247758899,-0.0888517749778563,-0.044371067379795,0.139937103371459
25.8742033194665,-68.458830526175,5.18908072452219,0.0458842247758899,-0.0888517749778563,0.0515615591847851,0.0581384508252363
25.9924315235955,-68.5330096251705,5.18908072452219,0.0458842247758899,-0.0888517749778563,0.0723439793530831,0.0146726759824487
25.9881080887713,-68.5902003563316,5.18908072452219,0.0458842247758899,-0.0888517749778563,-0.0502076596000727,0.0316610438167144
26.031458472586,-68.6600543303904,5.18908072452219,0.0458842247758899,-0.0888517749778563,-0.00253384096121057,0.0189978009190694
26.0557231311625,-68.7023956814703,5.18908072452219,0.0458842247758899,-0.0888517749778563,-0.0216195661994147,0.0465104238979244
26.1731321440503,-68.7916771240808,5.18908072452219,0.0458842247758899,-0.0888517749778563,0.0715247881118763,-0.000429667632608322
26.1919956765942,-68.835935486634,5.18908072452219,0.0458842247758899,-0.0888517749778563,-0.027020692231968,0.0445934124245948
26.2404802131359,-68.8348386601978,5.18908072452219,0.0458842247758899,-0.0888517749778563,0.00260031176586484,0.089948601414056
26.2348572938693,-68.8789525476907,5.18908072452219,0.0458842247758899,-0.0888517749778563,-0.0515071440425157,0.044737887484966
26.184510299291,-68.9313417668928,5.18908072452219,0.0458842247758899,-0.0888517749778563,-0.0962312193541797,0.0364625557757297
26.1850797912169,-69.0593285971952,5.18908072452219,0.0458842247758899,-0.0888517749778563,-0.0453147328499774,-0.0391350553245182
26.2762833778397,-69.0825101029005,5.18908072452219,0.0458842247758899,-0.0888517749778563,0.0453193618468832,0.0656702692725419
26.286078154402,-69.164789015736,5.18908072452219,0.0458842247758899,-0.0888517749778563,-0.0360894482135619,0.00657286214238884
26.3093731340039,-69.2553793509801,5.18908072452219,0.0458842247758899,-0.0888517749778563,-0.0225892451739673,-0.00173856026624986
26.3645593165395,-69.2853535099548,5.18908072452219,0.0458842247758899,-0.0888517749778563,0.00930195775968556,0.0588776160031932
26.4306332378252,-69.3408468845486,5.18908072452219,0.0458842247758899,-0.0888517749778563,0.020189696509787,0.0333584003840608
26.416148503205,-69.4626059201362,5.18908072452219,0.0458842247758899,-0.0888517749778563,-0.0603689593961159,-0.0329072606097522
26.4448137124064,-69.592730000262,5.18908072452219,0.0458842247758899,-0.0888517749778563,-0.0172190155744767,-0.0412723051479649
26.4836458908043,-69.689344916403,5.18908072452219,0.0458842247758899,-0.0888517749778563,-0.00705204637800705,-0.00776314116315557
26.4822942770897,-69.7976696310342,5.18908072452219,0.0458842247758899,-0.0888517749778563,-0.0472358384904181,-0.0194729396533901
26.5977534081185,-69.9046272161051,5.18908072452219,0.0458842247758899,-0.0888517749778563,0.0695749062528677,-0.0181058100929894
26.661357264245,-70.0201473710246,5.18908072452219,0.0458842247758899,-0.0888517749778563,0.0177196313506611,-0.0266683799416434
26.727681673314,-70.1551178720302,5.18908072452219,0.0458842247758899,-0.0888517749778563,0.0204401842930642,-0.046118726027756
26.8449551105775,-70.251315216862,5.18908072452219,0.0458842247758899,-0.0888517749778563,0.0713892124875626,-0.00734556985390711
26.9285228351249,-70.3530733507295,5.18908072452219,0.0458842247758899,-0.0888517749778563,0.0376834997715507,-0.0129063588896861
26.9885368286581,-70.4380694277003,5.18908072452219,0.0458842247758899,-0.0888517749778563,0.0141297687572859,0.00385569800707319
27.0803412289275,-70.4969731903323,5.18908072452219,0.0458842247758899,-0.0888517749778563,0.0459201754935519,0.0299480123458755
27.1773324978554,-70.5443485384856,5.18908072452219,0.0458842247758899,-0.0888517749778563,0.0511070441520252,0.0414764268245502
27.1974706861861,-70.6161001529735,5.18908072452219,0.0458842247758899,-0.0888517749778563,-0.0257460364452298,0.0171001604898784
27.2100119663527,-70.6822902849068,5.18908072452219,0.0458842247758899,-0.0888517749778563,-0.0333429446092461,0.0226616430446036
27.2518891507054,-70.7038717568814,5.18908072452219,0.0458842247758899,-0.0888517749778563,-0.00400704042321198,0.0672703030032826
27.2762079189184,-70.7409993490429,5.18908072452219,0.0458842247758899,-0.0888517749778563,-0.0215654565628531,0.0517241828163311
27.3027380640304,-70.8249066735464,5.18908072452219,0.0458842247758899,-0.0888517749778563,-0.0193540796639056,0.00494445047431302
27.3356223922751,-70.9329301134031,5.18908072452219,0.0458842247758899,-0.0888517749778563,-0.0129998965312366,-0.0191716648787992
27.4168482911506,-70.9810051595885,5.18908072452219,0.0458842247758899,-0.0888517749778563,0.0353416740996106,0.0407767287924132
27.5312589462288,-71.0564292556353,5.18908072452219,0.0458842247758899,-0.0888517749778563,0.0685264303023683,0.0134276789310626
27.6074913062796,-71.0980469803986,5.18908072452219,0.0458842247758899,-0.0888517749778563,0.0303481352749211,0.0472340502145325
27.7023996133249,-71.1380189619237,5.18908072452219,0.0458842247758899,-0.0888517749778563,0.0490240822693666,0.0488797934528167
27.7784930220085,-71.2187591395843,5.18908072452219,0.0458842247758899,-0.0888517749778563,0.0302091839077168,0.00811159731724409
27.8306545380945,-71.3401935960869,5.18908072452219,0.0458842247758899,-0.0888517749778563,0.00627729131007815,-0.0325826815247732
27.9112614011464,-71.3460583810797,5.18908072452219,0.0458842247758899,-0.0888517749778563,0.0347226382760528,0.0829869899850468
28.0015953653403,-71.3988088300015,5.18908072452219,0.0458842247758899,-0.0888517749778563,0.0444497394180141,0.0361013260561434
28.0528240070318,-71.4289111901876,5.18908072452219,0.0458842247758899,-0.0888517749778563,0.00534441691561671,0.0587494147917376
28.1268177751489,-71.5535972214318,5.18908072452219,0.0458842247758899,-0.0888517749778563,0.0281095433411762,-0.0358342562663259
28.2201638580836,-71.6445116688695,5.18908072452219,0.0458842247758899,-0.0888517749778563,0.047461858158802,-0.00206267245987579
28.2719138096374,-71.6809149538051,5.18908072452219,0.0458842247758899,-0.0888517749778563,0.00586572677794361,0.0524484900422202
28.2624358837719,-71.6734518282438,5.18908072452219,0.0458842247758899,-0.0888517749778563,-0.0553621506413995,0.0963149005391841
28.3274855478088,-71.778501661135,5.18908072452219,0.0458842247758899,-0.0888517749778563,0.0191654392610241,-0.0161980579133587
28.3489673501919,-71.8056645050649,5.18908072452219,0.0458842247758899,-0.0888517749778563,-0.0244024223928001,0.0616889310479474
28.4101098299963,-71.8797695233325,5.18908072452219,0.0458842247758899,-0.0888517749778563,0.0152582550285105,0.0147467567102391
28.5135138545038,-71.9392437521873,5.18908072452219,0.0458842247758899,-0.0888517749778563,0.0575197997315842,0.0293775461230661
28.6080959749253,-71.9883099110962,5.18908072452219,0.0458842247758899,-0.0888517749778563,0.0486978956456126,0.0397856160689321
28.6683051402027,-72.1644211761367,5.18908072452219,0.0458842247758899,-0.0888517749778563,0.0143249405015595,-0.0872594900626114
28.7016989715975,-72.2601635352121,5.18908072452219,0.0458842247758899,-0.0888517749778563,-0.0124903933811025,-0.00689058409758392
28.7542602886066,-72.4277286194663,5.18908072452219,0.0458842247758899,-0.0888517749778563,0.00667709223315072,-0.078713309276333
28.7810531666747,-72.4687614037194,5.18908072452219,0.0458842247758899,-0.0888517749778563,-0.0190913467077367,0.0478189907247879
28.7940780626207,-72.5386540148201,5.18908072452219,0.0458842247758899,-0.0888517749778563,-0.0328593288298853,0.0189591638771471
28.8683579770188,-72.6221079817817,5.18908072452219,0.0458842247758899,-0.0888517749778563,0.0283956896221849,0.00539780801630041
28.9628364865593,-72.6315673149702,5.18908072452219,0.0458842247758899,-0.0888517749778563,0.0485942847646239,0.0793924417893468
29.0870795006378,-72.7059501907287,5.18908072452219,0.0458842247758899,-0.0888517749778563,0.0783587893025626,0.0144688992192821
29.1453984869759,-72.8287960538371,5.18908072452219,0.0458842247758899,-0.0888517749778563,0.0124347615622309,-0.0339940881305489
29.2418532695836,-72.9263552285672,5.18908072452219,0.0458842247758899,-0.0888517749778563,0.0505705578318238,-0.00870739975224488
29.2825127112131,-73.0100028196621,5.18908072452219,0.0458842247758899,-0.0888517749778563,-0.00522478314637187,0.00520418388301991
29.3001974003016,-73.1380688287682,5.18908072452219,0.0458842247758899,-0.0888517749778563,-0.0281995356873592,-0.0392142341282833
29.3611878815996,-73.2654095406826,5.18908072452219,0.0458842247758899,-0.0888517749778563,0.0151062565221185,-0.0384889369365062
29.4473563076426,-73.3356427692493,5.18908072452219,0.0458842247758899,-0.0888517749778563,0.040284201267089,0.018618546411151
29.5045623563703,-73.3873256990368,5.18908072452219,0.0458842247758899,-0.0888517749778563,0.0113218239518238,0.0371688451903109
29.5217683034319,-73.4679643063487,5.18908072452219,0.0458842247758899,-0.0888517749778563,-0.0286782777143006,0.00821316766590918
29.5675644246335,-73.5518200887531,5.18908072452219,0.0458842247758899,-0.0888517749778563,-8.81035743116598e-05,0.00499599257354433
29.6131451913818,-73.6877915680124,5.18908072452219,0.0458842247758899,-0.0888517749778563,-0.000303458027617332,-0.0471197042814762
29.6634302309888,-73.7955221665122,5.18908072452219,0.0458842247758899,-0.0888517749778563,0.0044008148311514,-0.0188788235219564
29.748594081164,-73.9216265818399,5.18908072452219,0.0458842247758899,-0.0888517749778563,0.0392796253992653,-0.0372526403498084
29.7644224576258,-73.9513542983894,5.18908072452219,0.0458842247758899,-0.0888517749778563,-0.0300558483140492,0.0591240584283463
29.7579441993263,-74.0524188777343,5.18908072452219,0.0458842247758899,-0.0888517749778563,-0.0523624830754308,-0.01221280436706
29.7474365664475,-74.2258689591768,5.18908072452219,0.0458842247758899,-0.0888517749778563,-0.0563918576546856,-0.0845983064646489
29.797464677345,-74.318985485606,5.18908072452219,0.0458842247758899,-0.0888517749778563,0.00414388612166938,-0.0042647514513483
29.8510906186447,-74.4911154407245,5.18908072452219,0.0458842247758899,-0.0888517749778563,0.00774171652376143,-0.0832781801406233
29.9252135578804,-74.6294059364819,5.18908072452219,0.0458842247758899,-0.0888517749778563,0.0282387144598344,-0.0494387207795972
30.0235312306023,-74.6935146590801,5.18908072452219,0.0458842247758899,-0.0888517749778563,0.0524334479460471,0.0247430523796233
30.0709893274717,-74.8237943287429,5.18908072452219,0.0458842247758899,-0.0888517749778563,0.00157387209348325,-0.0414278946849613
30.1682852409811,-74.8982011179393,5.18908072452219,0.0458842247758899,-0.0888517749778563,0.051411688733447,0.0144449857814886
30.2808801396915,-74.9743155498357,5.18908072452219,0.0458842247758899,-0.0888517749778563,0.0667106739345593,0.0127373430814472
30.3177181460307,-75.1072385754819,5.18908072452219,0.0458842247758899,-0.0888517749778563,-0.00904621843665243,-0.0440712506682983
30.4206069062492,-75.2628448733724,5.18908072452219,0.0458842247758899,-0.0888517749778563,0.0570045354425783,-0.0667545229126878
30.5555657567548,-75.3327206676988,5.18908072452219,0.0458842247758899,-0.0888517749778563,0.0890746257297268,0.0189759806514918
30.597932991454,-75.4243686615209,5.18908072452219,0.0458842247758899,-0.0888517749778563,-0.00351699007671513,-0.00279621884424319
30.5919885267846,-75.5177845058009,5.18908072452219,0.0458842247758899,-0.0888517749778563,-0.0518286894453039,-0.00456406930213404
30.5993409502289,-75.5872086097794,5.18908072452219,0.0458842247758899,-0.0888517749778563,-0.0385318013316001,0.0194276709993071
30.6454271644555,-75.7016813928488,5.18908072452219,0.0458842247758899,-0.0888517749778563,0.000201989450766327,-0.0256210080915702
30.7047618088464,-75.7612540668988,5.18908072452219,0.0458842247758899,-0.0888517749778563,0.0134504196149594,0.0292791009278721
30.8005947046144,-75.7850372210532,5.18908072452219,0.0458842247758899,-0.0888517749778563,0.0499486709921255,0.0650686208234683
30.9429737342358,-75.8515317631229,5.18908072452219,0.0458842247758899,-0.0888517749778563,0.096494804845535,0.0223572329081465
31.0285920490861,-75.9446845561604,5.18908072452219,0.0458842247758899,-0.0888517749778563,0.0397340900743499,-0.00430101805959104
31.0969962848239,-75.9700775554551,5.18908072452219,0.0458842247758899,-0.0888517749778563,0.0225200109619186,0.0634587756831566
31.0775835589413,-76.0111386107207,5.18908072452219,0.0458842247758899,-0.0888517749778563,-0.0652969506584382,0.0477907197122365
31.0738918372996,-76.0832779455486,5.18908072452219,0.0458842247758899,-0.0888517749778563,-0.0495759464176464,0.016712440149889
31.0938045108412,-76.1385162941844,5.18908072452219,0.0458842247758899,-0.0888517749778563,-0.025971551234222,0.0336134263421446
31.1249419294716,-76.2287300172006,5.18908072452219,0.0458842247758899,-0.0888517749778563,-0.0147468061455571,-0.00136194803837686
31.2071859906223,-76.3231020657825,5.18908072452219,0.0458842247758899,-0.0888517749778563,0.0363598363748503,-0.0055202736040556
31.2252226182017,-76.4101060200989,5.18908072452219,0.0458842247758899,-0.0888517749778563,-0.02784759719645,0.00184782066146472
31.2600246842898,-76.4717511025761,5.18908072452219,0.0458842247758899,-0.0888517749778563,-0.0110821586878309,0.0272066925006351
31.2598942890962,-76.6059227019022,5.18908072452219,0.0458842247758899,-0.0888517749778563,-0.0460146199694913,-0.0453198243481943
31.2956443369436,-76.6747748361075,5.18908072452219,0.0458842247758899,-0.0888517749778563,-0.0101341769284407,0.019999640772502
31.3567663776224,-76.7267575181635,5.18908072452219,0.0458842247758899,-0.0888517749778563,0.0152378159028448,0.0368690929218962
31.4088270629036,-76.7703925217305,5.18908072452219,0.0458842247758899,-0.0888517749778563,0.00617646050529608,0.0452167714107929
31.3774519349012,-76.7999010664978,5.18908072452219,0.0458842247758899,-0.0888517749778563,-0.0772593527782659,0.0593432302106063
31.4409645054326,-76.9001248047902,5.18908072452219,0.0458842247758899,-0.0888517749778563,0.0176283457554813,-0.0113719633145504
31.5377728749513,-76.9827900614378,5.18908072452219,0.0458842247758899,-0.0888517749778563,0.0509241447428534,0.0061865183302805
31.5598805243471,-77.0968439751067,5.18908072452219,0.0458842247758899,-0.0888517749778563,-0.0237765753800918,-0.0252021386911041
31.5762442887331,-77.2024213782254,5.18908072452219,0.0458842247758899,-0.0888517749778563,-0.0295204603898531,-0.016725628140783
31.5839008112282,-77.2745080728646,5.18908072452219,0.0458842247758899,-0.0888517749778563,-0.0382277022807784,0.0167650803386206
31.6344567615141,-77.3769915635634,5.18908072452219,0.0458842247758899,-0.0888517749778563,0.00467172550996953,-0.0136317157209156
31.7769086153604,-77.4288500702566,5.18908072452219,0.0458842247758899,-0.0888517749778563,0.0965676290704272,0.0369932682846335
31.880890370868,-77.4631552538178,5.18908072452219,0.0458842247758899,-0.0888517749778563,0.0580975307317182,0.0545465914166794
32.0104496158569,-77.5425687772554,5.18908072452219,0.0458842247758899,-0.0888517749778563,0.0836750202130316,0.00943825154022981
32.1208585308523,-77.56444705414,5.18908072452219,0.0458842247758899,-0.0888517749778563,0.064524690219451,0.066973498093196
32.2015389386916,-77.6764793347672,5.18908072452219,0.0458842247758899,-0.0888517749778563,0.0347961830633858,-0.0231805056492487
32.2594065509718,-77.7815478905755,5.18908072452219,0.0458842247758899,-0.0888517749778563,0.0119833875043192,-0.0162167808305194
32.3233711141644,-77.9653925227583,5.18908072452219,0.0458842247758899,-0.0888517749778563,0.0180803384167563,-0.0949928572049314
32.4127634778537,-78.0913717362367,5.18908072452219,0.0458842247758899,-0.0888517749778563,0.0435081389133547,-0.0371274385005123
32.5394023119051,-78.2431929203323,5.18908072452219,0.0458842247758899,-0.0888517749778563,0.0807546092755071,-0.0629694091177697
32.6225978903042,-78.3509445418859,5.18908072452219,0.0458842247758899,-0.0888517749778563,0.0373113536233101,-0.0188998465757093
32.7203214905395,-78.51793252425,5.18908072452219,0.0458842247758899,-0.0888517749778563,0.0518393754593198,-0.0781362073863026
32.7380781191751,-78.5868460222513,5.18908072452219,0.0458842247758899,-0.0888517749778563,-0.0281275961402043,0.019938276976573
32.7916886609661,-78.6643265198926,5.18908072452219,0.0458842247758899,-0.0888517749778563,0.00772631701501858,0.0113712773365924
32.8627268820601,-78.7578772214272,5.18908072452219,0.0458842247758899,-0.0888517749778563,0.0251539963181155,-0.0046989265567392
32.94761911103,-78.8151732175758,5.18908072452219,0.0458842247758899,-0.0888517749778563,0.0390080041940228,0.0315557788291709
33.0344238522845,-78.9064538880181,5.18908072452219,0.0458842247758899,-0.0888517749778563,0.0409205164786774,-0.00242889546443337
33.0374838002854,-79.0275945314245,5.18908072452219,0.0458842247758899,-0.0888517749778563,-0.0428242767750628,-0.032288868428517
33.1776707818916,-79.1090802779196,5.18908072452219,0.0458842247758899,-0.0888517749778563,0.0943027568303014,0.00736602848278967
33.2480618625069,-79.1135138468336,5.18908072452219,0.0458842247758899,-0.0888517749778563,0.024506855839407,0.0844182060637833
33.3126723417369,-79.1217194993714,5.18908072452219,0.0458842247758899,-0.0888517749778563,0.0187262544542,0.0806461224400623
33.3370610221534,-79.1835910899504,5.18908072452219,0.0458842247758899,-0.0888517749778563,-0.0214955443594134,0.0269801843988722
33.4152536897718,-79.275007366935,5.18908072452219,0.0458842247758899,-0.0888517749778563,0.0323084428425062,-0.00256450200671132
33.4268436158961,-79.3020736413478,5.18908072452219,0.0458842247758899,-0.0888517749778563,-0.034294298651643,0.0617855005650512
33.4716509725433,-79.3869169007353,5.18908072452219,0.0458842247758899,-0.0888517749778563,-0.00107686812866437,0.00400851559034709
33.5094197905461,-79.467408284078,5.18908072452219,0.0458842247758899,-0.0888517749778563,-0.00811540677310685,0.00836039163515423
33.5762745913535,-79.5711513542577,5.18908072452219,0.0458842247758899,-0.0888517749778563,0.0209705760314867,-0.0148912952018305
33.6408480200779,-79.6853092029826,5.18908072452219,0.0458842247758899,-0.0888517749778563,0.018689203948532,-0.0253060737470934
33.651075342069,-79.8583531289113,5.18908072452219,0.0458842247758899,-0.0888517749778563,-0.0356569027847984,-0.0841921509508552
33.7111226500343,-79.899911342958,5.18908072452219,0.0458842247758899,-0.0888517749778563,0.0141630831894854,0.0472935609311591
33.733363260913,-79.934448263684,5.18908072452219,0.0458842247758899,-0.0888517749778563,-0.0236436138972795,0.0543148542518903
33.7654352487393,-79.956490406928,5.18908072452219,0.0458842247758899,-0.0888517749778563,-0.0138122369495788,0.0668096317338502
33.7864925689344,-79.9941788999032,5.18908072452219,0.0458842247758899,-0.0888517749778563,-0.024826904580709,0.0511632820026975
33.8105800545307,-80.0332895491797,5.18908072452219,0.0458842247758899,-0.0888517749778563,-0.0217967391795906,0.0497411257013507
33.8609725171646,-80.1159315542298,5.18908072452219,0.0458842247758899,-0.0888517749778563,0.00450823785795595,0.00620976992772526
33.9652364531285,-80.2086925994611,5.18908072452219,0.0458842247758899,-0.0888517749778563,0.0583797111879711,-0.00390927025342691
34.0258084635252,-80.3600217715195,5.18908072452219,0.0458842247758899,-0.0888517749778563,0.0146877856208274,-0.0624773970805199
34.1010704298258,-80.4797240892292,5.18908072452219,0.0458842247758899,-0.0888517749778563,0.0293777415247334,-0.030850542731879
34.1897444623096,-80.6592552407303,5.18908072452219,0.0458842247758899,-0.0888517749778563,0.0427898077078748,-0.090679376523215
34.1878791275527,-80.7912807562027,5.18908072452219,0.0458842247758899,-0.0888517749778563,-0.0477495595327433,-0.0431737404945798
34.2909411884998,-80.9110970471352,5.18908072452219,0.0458842247758899,-0.0888517749778563,0.0571778361712392,-0.0309645159546292
34.3457713391719,-80.966157519272,5.18908072452219,0.0458842247758899,-0.0888517749778563,0.00894592589612575,0.0337913028410286
34.3557401763763,-81.1032532118499,5.18908072452219,0.0458842247758899,-0.0888517749778563,-0.0359153875714897,-0.0482439176000122
34.4035081450333,-81.2623798695763,5.18908072452219,0.0458842247758899,-0.0888517749778563,0.0018837438811552,-0.0702748827485564
34.4547436090817,-81.3215995415666,5.18908072452219,0.0458842247758899,-0.0888517749778563,0.00535123927252634,0.0296321029875459
34.5023312643297,-81.428316232666,5.18908072452219,0.0458842247758899,-0.0888517749778563,0.00170343047211308,-0.0178649161215105
34.5172525380546,-81.573733242613,5.18908072452219,0.0458842247758899,-0.0888517749778563,-0.0309629510510208,-0.0565652349692023
34.5652972925426,-81.6337959459508,5.18908072452219,0.0458842247758899,-0.0888517749778563,0.00216052971215941,0.02878907164013
34.730071316467,-81.6367042917701,5.18908072452219,0.0458842247758899,-0.0888517749778563,0.118889799148493,0.0859434291585188
34.8235183356327,-81.722232001725,5.18908072452219,0.0458842247758899,-0.0888517749778563,0.0475627943898003,0.00332406502297733
34.9062701152171,-81.8334208249403,5.18908072452219,0.0458842247758899,-0.0888517749778563,0.0368675548084703,-0.0223370482374516
34.9856863388507,-81.8580267240771,5.18908072452219,0.0458842247758899,-0.0888517749778563,0.0335319988577627,0.0642458758410287
35.0373165764259,-81.8805263631373,5.18908072452219,0.0458842247758899,-0.0888517749778563,0.00574601279932541,0.0663521359176364
35.0743240164731,-81.9452916998752,5.18908072452219,0.0458842247758899,-0.0888517749778563,-0.0088767847286837,0.0240864382399844
35.0630999384443,-81.9883375117516,5.18908072452219,0.0458842247758899,-0.0888517749778563,-0.0571083028046706,0.0458059631014747
35.1607549979842,-81.9660455458662,5.18908072452219,0.0458842247758899,-0.0888517749778563,0.0517708347639481,0.111143740863232
35.2283554046478,-81.9936210020758,5.18908072452219,0.0458842247758899,-0.0888517749778563,0.0217161818876797,0.0612763187682379
35.353112880244,-82.05795844245,5.18908072452219,0.0458842247758899,-0.0888517749778563,0.0788732508203873,0.024514334603678
35.5551824931281,-82.1607517007345,5.18908072452219,0.0458842247758899,-0.0888517749778563,0.1561853881082,-0.0139414833066702
35.6624565020145,-82.25769017034,5.18908072452219,0.0458842247758899,-0.0888517749778563,0.0613897841104878,-0.00808669462763589
35.6682623657402,-82.2715075735197,5.18908072452219,0.0458842247758899,-0.0888517749778563,-0.0400783610502087,0.0750343717981803
35.7360964263685,-82.3105698656879,5.18908072452219,0.0458842247758899,-0.0888517749778563,0.0219498358524159,0.0497894828096017
35.7760337614722,-82.3524602248174,5.18908072452219,0.0458842247758899,-0.0888517749778563,-0.0059468896721464,0.0469614158483695
35.8424713333622,-82.3970382126089,5.18908072452219,0.0458842247758899,-0.0888517749778563,0.0205533471140775,0.044273787186377
35.9227125934782,-82.41857586461,5.18908072452219,0.0458842247758899,-0.0888517749778563,0.0343570353401432,0.0673141229767173
35.9274847368988,-82.4520219551969,5.18908072452219,0.0458842247758899,-0.0888517749778563,-0.0411120813553678,0.0554056843910109
36.0244928267966,-82.4751094175086,5.18908072452219,0.0458842247758899,-0.0888517749778563,0.0511238651219568,0.0657643126661238
36.1505664012178,-82.5008379065128,5.18908072452219,0.0458842247758899,-0.0888517749778563,0.0801893496452779,0.0631232859736173
36.200079300568,-82.5458437172644,5.18908072452219,0.0458842247758899,-0.0888517749778563,0.003628674574367,0.0438459642262536
36.2263600000248,-82.6137665770171,5.18908072452219,0.0458842247758899,-0.0888517749778563,-0.0196035253190772,0.0209289152251868
36.2372629162037,-82.6367016213445,5.18908072452219,0.0458842247758899,-0.0888517749778563,-0.0349813085970618,0.0659167306504234
36.2172880560265,-82.7064499653001,5.18908072452219,0.0458842247758899,-0.0888517749778563,-0.065859084953038,0.0191034310223106
36.2209358906599,-82.7900011979404,5.18908072452219,0.0458842247758899,-0.0888517749778563,-0.0422363901424827,0.00530054233753319
36.2113879936651,-82.8244873947591,5.18908072452219,0.0458842247758899,-0.0888517749778563,-0.0554321217706661,0.0543655781591266
36.1758605851908,-82.9226959416596,5.18908072452219,0.0458842247758899,-0.0888517749778563,-0.0814116332502755,-0.0093567719226737
36.2160047482969,-82.9799185864309,5.18908072452219,0.0458842247758899,-0.0888517749778563,-0.0057400616697425,0.0316291302066443
36.2565442915462,-83.1057762997241,5.18908072452219,0.0458842247758899,-0.0888517749778563,-0.00534468152663514,-0.0370059383154278
36.3032258367204,-83.1978953124584,5.18908072452219,0.0458842247758899,-0.0888517749778563,0.000797320398384649,-0.00326723775643067
36.3496213013945,-83.2824739596741,5.18908072452219,0.0458842247758899,-0.0888517749778563,0.000511239898194127,0.004273127762211
36.4217688626963,-83.3961086117738,5.18908072452219,0.0458842247758899,-0.0888517749778563,0.0262633365259335,-0.0247828771218561
36.4848188493252,-83.5397772771308,5.18908072452219,0.0458842247758899,-0.0888517749778563,0.0171657618529597,-0.0548168903791728
36.5735906559631,-83.64385249068,5.18908072452219,0.0458842247758899,-0.0888517749778563,0.0428875818619847,-0.0152234385713284
36.6722536026943,-83.7293880566569,5.18908072452219,0.0458842247758899,-0.0888517749778563,0.0527787219552982,0.00331620900092489
36.7668832770396,-83.9091971427667,5.18908072452219,0.0458842247758899,-0.0888517749778563,0.0487454495694237,-0.0909573111319384
36.8431993072864,-84.049773173523,5.18908072452219,0.0458842247758899,-0.0888517749778563,0.0304318054709505,-0.0517242557784368
36.9624501087702,-84.129230737488,5.18908072452219,0.0458842247758899,-0.0888517749778563,0.0733665767079215,0.00939421101289017
37.0430630039361,-84.2263712876191,5.18908072452219,0.0458842247758899,-0.0888517749778563,0.0347286703899954,-0.00828877515330184
37.1441182309802,-84.3710741469279,5.18908072452219,0.0458842247758899,-0.0888517749778563,0.0551710022681968,-0.0558510843309437
37.2146272279621,-84.4582955298547,5.18908072452219,0.0458842247758899,-0.0888517749778563,0.0246247722060389,0.00163039205109605
37.2605022735565,-84.4986105811551,5.18908072452219,0.0458842247758899,-0.0888517749778563,-9.17918151266406e-06,0.0485367236773904
37.2945218611005,-84.6268299199638,5.18908072452219,0.0458842247758899,-0.0888517749778563,-0.0118646372318914,-0.03936756383077
37.2739179660144,-84.7811169052996,5.18908072452219,0.0458842247758899,-0.0888517749778563,-0.0664881198619378,-0.0654352103580376
37.3300257244283,-84.9222093612498,5.18908072452219,0.0458842247758899,-0.0888517749778563,0.0102235336380128,-0.0522406809723117
37.3393909495958,-85.0668935208607,5.18908072452219,0.0458842247758899,-0.0888517749778563,-0.0365189996084254,-0.0558323846330513
37.3760997802585,-85.1121652939434,5.18908072452219,0.0458842247758899,-0.0888517749778563,-0.00917539411322643,0.0435800018951573
37.4826192719105,-85.1294814760252,5.18908072452219,0.0458842247758899,-0.0888517749778563,0.0606352668761572,0.0715355928960513
37.5794589012542,-85.1729984490082,5.18908072452219,0.0458842247758899,-0.0888517749778563,0.0509554045678202,0.0453348019948532
37.6673799103293,-85.2726668158142,5.18908072452219,0.0458842247758899,-0.0888517749778563,0.0420367842991336,-0.0108165918281538
37.7062728198744,-85.3602627981873,5.18908072452219,0.0458842247758899,-0.0888517749778563,-0.00699131523078655,0.00125579260478226
37.7668076272443,-85.4541634254263,5.18908072452219,0.0458842247758899,-0.0888517749778563,0.0146505825941015,-0.00504885226112961
37.804227542257,-85.5796166296348,5.18908072452219,0.0458842247758899,-0.0888517749778563,-0.00846430976328305,-0.0366014292306138
37.857168322062,-85.6820172531122,5.18908072452219,0.0458842247758899,-0.0888517749778563,0.00705655502912439,-0.0135488484995747
37.9205929115165,-85.7870161795549,5.18908072452219,0.0458842247758899,-0.0888517749778563,0.0175403646786494,-0.016147151464855
37.9829635612885,-85.9016311419004,5.18908072452219,0.0458842247758899,-0.0888517749778563,0.016486424996053,-0.0257631873677058
37.9800386327356,-86.0258028853803,5.18908072452219,0.0458842247758899,-0.0888517749778563,-0.0488091533287807,-0.0353199685020282
37.9531548792206,-86.0898967299234,5.18908072452219,0.0458842247758899,-0.0888517749778563,-0.0727679782908472,0.0247579304347676
37.9846727988412,-86.1804842154166,5.18908072452219,0.0458842247758899,-0.0888517749778563,-0.0143663051553311,-0.0017357105153204
38.0406885080418,-86.3545009836508,5.18908072452219,0.0458842247758899,-0.0888517749778563,0.0101314844247975,-0.0851649932563703
38.0756411468041,-86.4888366878337,5.18908072452219,0.0458842247758899,-0.0888517749778563,-0.0109315860136805,-0.0454839292050044
38.0870146921014,-86.57701378345,5.18908072452219,0.0458842247758899,-0.0888517749778563,-0.0345106794785366,0.000674679361517327
38.065686790054,-86.7420752292411,5.18908072452219,0.0458842247758899,-0.0888517749778563,-0.0672121268233381,-0.0762096708132542
38.0482375630338,-86.8676294239398,5.18908072452219,0.0458842247758899,-0.0888517749778563,-0.0633334517960336,-0.0367024197208741
38.0090243362694,-86.970577742552,5.18908072452219,0.0458842247758899,-0.0888517749778563,-0.0850974515402738,-0.0140965436342828
38.0048941515394,-87.0473904718341,5.18908072452219,0.0458842247758899,-0.0888517749778563,-0.0500144095058852,0.0120390456957429
38.006476865771,-87.1932018192613,5.18908072452219,0.0458842247758899,-0.0888517749778563,-0.0443015105443516,-0.0569595724493448
38.0131459377215,-87.3217906002618,5.18908072452219,0.0458842247758899,-0.0888517749778563,-0.039215152825415,-0.0397370060227287
37.9957154102859,-87.4431677921867,5.18908072452219,0.0458842247758899,-0.0888517749778563,-0.0633147522114328,-0.0325254169469664
37.9781930944247,-87.6091529641001,5.18908072452219,0.0458842247758899,-0.0888517749778563,-0.0634065406371151,-0.0771333969355306
37.9728920105825,-87.6942586870837,5.18908072452219,0.0458842247758899,-0.0888517749778563,-0.0511853086180345,0.00374605199426181
37.9455342140466,-87.7794293920037,5.18908072452219,0.0458842247758899,-0.0888517749778563,-0.0732420213118292,0.0036810700577945
37.8635821930176,-87.9504585083792,5.18908072452219,0.0458842247758899,-0.0888517749778563,-0.127836245804908,-0.0821773413976645
37.8272461094876,-88.0362007164553,5.18908072452219,0.0458842247758899,-0.0888517749778563,-0.0822203083058684,0.0031095669018022
37.8094693615303,-88.1207793112605,5.18908072452219,0.0458842247758899,-0.0888517749778563,-0.0636609727331843,0.00427318017260259
37.8424260092084,-88.2092542698921,5.18908072452219,0.0458842247758899,-0.0888517749778563,-0.0129275770977575,0.000376816346282283
37.8308014535701,-88.2905380830747,5.18908072452219,0.0458842247758899,-0.0888517749778563,-0.0575087804141887,0.00756796179528685
37.7970391223997,-88.2859598662848,5.18908072452219,0.0458842247758899,-0.0888517749778563,-0.0796465559463515,0.093429991767767
37.7573388364879,-88.3089861888444,5.18908072452219,0.0458842247758899,-0.0888517749778563,-0.085584510687708,0.0658254524182231
37.712513812875,-88.3792639660809,5.18908072452219,0.0458842247758899,-0.0888517749778563,-0.0907092483887242,0.0185739977413242
37.6960508728296,-88.4634670153793,5.18908072452219,0.0458842247758899,-0.0888517749778563,-0.0623471648212863,0.00464872567946983
37.6902796771111,-88.6187345163132,5.18908072452219,0.0458842247758899,-0.0888517749778563,-0.0516554204944395,-0.0664157259560483
37.6730518173875,-88.7349468839546,5.18908072452219,0.0458842247758899,-0.0888517749778563,-0.0631120844994788,-0.0273605926635705
37.6846092102844,-88.8055779057637,5.18908072452219,0.0458842247758899,-0.0888517749778563,-0.0343268318789596,0.0182207531688263
37.7140545166781,-88.9290019232113,5.18908072452219,0.0458842247758899,-0.0888517749778563,-0.0164389183822324,-0.0345722424697614
37.7587836990335,-89.0194569739245,5.18908072452219,0.0458842247758899,-0.0888517749778563,-0.00115504242044917,-0.00160327573536101
37.8133702813921,-89.1125710210011,5.18908072452219,0.0458842247758899,-0.0888517749778563,0.00870235758271498,-0.00426227209871399
37.8388004762996,-89.2593131222012,5.18908072452219,0.0458842247758899,-0.0888517749778563,-0.020454029868417,-0.0578903262222772
37.7893985135003,-89.308735941702,5.18908072452219,0.0458842247758899,-0.0888517749778563,-0.0952861875751401,0.0394289554770504
37.8470315149223,-89.3621582497323,5.18908072452219,0.0458842247758899,-0.0888517749778563,0.01174877664611,0.0354294669476074
37.8815668262565,-89.441679474193,5.18908072452219,0.0458842247758899,-0.0888517749778563,-0.0113489134417728,0.0093305505170882
37.9018492247357,-89.5592518756574,5.18908072452219,0.0458842247758899,-0.0888517749778563,-0.0256018262966311,-0.0287206264865549
37.9397214726113,-89.6479613714905,5.18908072452219,0.0458842247758899,-0.0888517749778563,-0.00801197690031241,0.000142279144839108
37.994518609191,-89.752339165802,5.18908072452219,0.0458842247758899,-0.0888517749778563,0.00891291180384979,-0.0155260193336897
38.0418119586343,-89.7291861212017,5.18908072452219,0.0458842247758899,-0.0888517749778563,0.00140912466737397,0.112004819578138
38.1151500535281,-89.7583574241,5.18908072452219,0.0458842247758899,-0.0888517749778563,0.0274538701179523,0.0596804720795383
38.1609136286926,-89.8540315683501,5.18908072452219,0.0458842247758899,-0.0888517749778563,-0.000120649611453416,-0.0068223692721725
38.2208490545209,-89.9113361905691,5.18908072452219,0.0458842247758899,-0.0888517749778563,0.0140512010524114,0.0315471527587849
38.2753915920409,-90.0081023204549,5.18908072452219,0.0458842247758899,-0.0888517749778563,0.00865831274416706,-0.00791435490788928
38.2883458595862,-90.0629677067806,5.18908072452219,0.0458842247758899,-0.0888517749778563,-0.0329299572306301,0.0339863886521128
38.347829836347,-90.0707846501249,5.18908072452219,0.0458842247758899,-0.0888517749778563,0.0135997519848834,0.0810348316335414
38.3735332091089,-90.1042442192133,5.18908072452219,0.0458842247758899,-0.0888517749778563,-0.0201808520139348,0.0553922058894747
38.3961540736311,-90.0996357703536,5.18908072452219,0.0458842247758899,-0.0888517749778563,-0.023263360253666,0.0934602238375071
38.3447939158144,-90.1581613705024,5.18908072452219,0.0458842247758899,-0.0888517749778563,-0.0972443825925851,0.0303261748290504
38.3255486674643,-90.2787011241361,5.18908072452219,0.0458842247758899,-0.0888517749778563,-0.065129473126051,-0.0316879786558308
38.2980546041268,-90.3978556671458,5.18908072452219,0.0458842247758899,-0.0888517749778563,-0.0733782881133438,-0.0303027680317909
38.3281642956167,-90.4987260758317,5.18908072452219,0.0458842247758899,-0.0888517749778563,-0.0157745332860451,-0.0120186337080881
38.2884239515782,-90.5803784566273,5.18908072452219,0.0458842247758899,-0.0888517749778563,-0.0856245688143167,0.00719939418227344
38.312832879228,-90.6202132577619,5.18908072452219,0.0458842247758899,-0.0888517749778563,-0.0214752971261287,0.0490169738432291
38.3723443580137,-90.664554860555,5.18908072452219,0.0458842247758899,-0.0888517749778563,0.013627254009803,0.04451017218478
38.4239781776191,-90.7490738271409,5.18908072452219,0.0458842247758899,-0.0888517749778563,0.00574959482946547,0.00433280839193628
38.5144066206224,-90.8055641886699,5.18908072452219,0.0458842247758899,-0.0888517749778563,0.0445442182274203,0.032361413448867
38.5151966060139,-90.9194982142115,5.18908072452219,0.0458842247758899,-0.0888517749778563,-0.0450942393843921,-0.0250822505637514
38.4989111339573,-91.0663912733152,5.18908072452219,0.0458842247758899,-0.0888517749778563,-0.0621696968324921,-0.0580412841258946
38.6170111803237,-91.1516694791995,5.18908072452219,0.0458842247758899,-0.0888517749778563,0.0722158215905351,0.00357356909363826
38.6893924511531,-91.2381383050519,5.18908072452219,0.0458842247758899,-0.0888517749778563,0.0264970460535237,0.00238294912538262
38.7582135397113,-91.3203187963269,5.18908072452219,0.0458842247758899,-0.0888517749778563,0.0229368637822827,0.00667128370294456
38.7782949224993,-91.4220754364171,5.18908072452219,0.0458842247758899,-0.0888517749778563,-0.0258028419878498,-0.0129048651124384
38.8291545265012,-91.455303745573,5.18908072452219,0.0458842247758899,-0.0888517749778563,0.00497537922601499,0.055623465821963
38.8739658212727,-91.5129968993726,5.18908072452219,0.0458842247758899,-0.0888517749778563,-0.00107293000439768,0.0311586211782862
38.9626950461249,-91.6409682597134,5.18908072452219,0.0458842247758899,-0.0888517749778563,0.0428450000763059,-0.0391195853629744
39.0821898906725,-91.6971164635038,5.18908072452219,0.0458842247758899,-0.0888517749778563,0.0736106197717268,0.0327035711874855
39.1435658508564,-91.8282359483634,5.18908072452219,0.0458842247758899,-0.0888517749778563,0.0154917354079673,-0.0422677098817621
39.2248014202966,-91.9448547477468,5.18908072452219,0.0458842247758899,-0.0888517749778563,0.0353513446643117,-0.0277670244055832
39.3351373230877,-92.0679777135011,5.18908072452219,0.0458842247758899,-0.0888517749778563,0.0644516780152626,-0.0342711907764031
39.3873165096105,-92.1601704662147,5.18908072452219,0.0458842247758899,-0.0888517749778563,0.00629496174687105,-0.00334097773574449
39.431976379201,-92.176947799768,5.18908072452219,0.0458842247758899,-0.0888517749778563,-0.0012243551853679,0.0720744414245003
39.4930073660462,-92.2679750848123,5.18908072452219,0.0458842247758899,-0.0888517749778563,0.0151467620693451,-0.00217551006640715
39.4948826134794,-92.3096368433855,5.18908072452219,0.0458842247758899,-0.0888517749778563,-0.0440089773427159,0.0471900164046852
39.5112165539658,-92.3716946108371,5.18908072452219,0.0458842247758899,-0.0888517749778563,-0.0295502842895017,0.0267940075262363
39.6001720429851,-92.4510193329516,5.18908072452219,0.0458842247758899,-0.0888517749778563,0.0430712642433919,0.0095270528633451
39.6820340633501,-92.4922242466483,5.18908072452219,0.0458842247758899,-0.0888517749778563,0.0359777955891571,0.0476468612811214
39.6698883739421,-92.5890081096863,5.18908072452219,0.0458842247758899,-0.0888517749778563,-0.05802991418392,-0.00793208806016121
39.6644542439617,-92.6755228531656,5.18908072452219,0.0458842247758899,-0.0888517749778563,-0.0513183547563516,0.00233703149856002
39.6439104440878,-92.8142787467362,5.18908072452219,0.0458842247758899,-0.0888517749778563,-0.0664280246496931,-0.0499041185926501
39.6970784495955,-92.9118161679247,5.18908072452219,0.0458842247758899,-0.0888517749778563,0.00728378073175673,-0.00868564621074164
39.7596807882259,-93.1110308191725,5.18908072452219,0.0458842247758899,-0.0888517749778563,0.0167181138545267,-0.110362876269884
39.7560605498079,-93.2287849233991,5.18908072452219,0.0458842247758899,-0.0888517749778563,-0.0495044631939292,-0.0289023292487682
39.7727434241837,-93.3088312607204,5.18908072452219,0.0458842247758899,-0.0888517749778563,-0.0292013504000543,0.00880543765652941
39.8377513689754,-93.4104127768047,5.18908072452219,0.0458842247758899,-0.0888517749778563,0.0191237200158056,-0.012729741106444
39.8393359980231,-93.4671053440034,5.18908072452219,0.0458842247758899,-0.0888517749778563,-0.0442995957282184,0.0321592077791344
