theta_array,theta_org,x_array,y_array,xi_x_array,xi_y_array,fmpi_x_array,fmpi_y_array
6.01872544142716,0,0,0,0,0,0,0
6.03893621850756,1.57577328925846,0.0970319189732877,-0.0241827769365167,0,-0,0.0970319189732877,-0.0241827769365167
6.04121615068598,1.57595224489433,0.19411872079986,-0.0481442650181847,0,0,0.0970868018265721,-0.0239614880816679
6.04286916610307,1.57597637614021,0.29124499867474,-0.071945234455828,-0,-0,0.0971262778748798,-0.0238009694376433
6.04112281432152,1.57599506250123,0.388329563600236,-0.0959157841622299,0,-0,0.0970845649254964,-0.0239705497064019
6.02908152076925,1.57598475272749,0.485118460881085,-0.121053591607535,-0,-0,0.096788897280849,-0.0251378074453056
6.00854470461714,1.57588650830394,0.581370733755375,-0.148173694235166,0,0,0.0962522728742899,-0.027120102627631
6.00586107761975,1.57571439935472,0.677549879880247,-0.175552004093348,0,0,0.0961791461248716,-0.0273783098581814
6.02565775718921,1.5756962466634,0.774252144132855,-0.201021045858178,-0,-0,0.0967022642526086,-0.0254690417648302
6.03292849410256,1.57587181965272,0.871137029451653,-0.225786323905544,-0,-0,0.096884885318798,-0.0247652780473665
6.04581022863828,1.5759386193826,0.968332887301624,-0.249301536360637,0,-0,0.0971958578499714,-0.0235152124550929
6.05950748788081,1.57605236767718,1.06584171148768,-0.271483267714463,-0,-0,0.0975088241860537,-0.0221817313538252
6.06246614239583,1.57617169695655,1.16341573687951,-0.293376407480916,0,0,0.0975740253918355,-0.0218931397664531
6.06921803328296,1.57620047053151,1.26113535714372,-0.314610244049463,-0,0,0.0977196202642041,-0.0212338365685469
6.04815441732816,1.57626056718402,1.35838607198206,-0.337897546671946,-0,-0,0.0972507148383438,-0.0232873026224836
6.03053538673774,1.57608890867167,1.4552114139602,-0.362894609515724,0,0,0.0968253419781424,-0.0249970628437779
6.01845759101658,1.57594466094823,1.55172779183677,-0.389059257451204,-0,0,0.0965163778765676,-0.0261646479354798
6.02480827833902,1.57584658201424,1.6484083857888,-0.41461043654499,-0,0,0.0966805939520298,-0.0255511790937862
6.02600279530596,1.57590530126542,1.74511943207518,-0.440046110827278,0,0,0.0967110462863749,-0.0254356742822879
6.0167791308305,1.57592001955303,1.8415917576982,-0.466372720728375,0,-0,0.0964723256230274,-0.0263266099010975
6.03222111598814,1.57584630330388,1.93845910036296,-0.491206526821447,-0,-0,0.0968673426647583,-0.024833806093072
6.0450102068784,1.57598165961525,2.03563611442892,-0.514799490544218,-0,0,0.0971770140659611,-0.023592963722771
6.03346463841589,1.57609323237632,2.13253426358526,-0.539512820754363,-0,-0,0.0968981491563401,-0.024713330210145
6.01626404137097,1.57600079182262,2.22899301585174,-0.565889119038877,0,0,0.096458752266481,-0.0263762982845137
6.0057117658577,1.57586008199195,2.32516807300084,-0.5932817892696,-0,-0,0.0961750571490908,-0.0273926702307225
5.99502619446944,1.57577506285029,2.42104493873608,-0.621700561529941,0,0,0.0958768657352484,-0.0284187722603413
5.96707321813845,1.5756885963545,2.51609006348986,-0.65278792649609,-0,-0,0.0950451247537792,-0.0310873649661491
5.97239231482275,1.57545243664591,2.61129919962114,-0.683369299865122,0,-0,0.0952091361312763,-0.0305813733690315
5.96252095051031,1.57550395197718,2.70620182204348,-0.714889012068157,-0,-0,0.094902622422343,-0.0315197122030358
5.94747797593146,1.57542361481952,2.80061957451271,-0.747832721917835,-0,0,0.0944177524692271,-0.0329437098496777
5.96640069589593,1.57529781407418,2.89564377082987,-0.778983999809413,0,-0,0.0950241963171575,-0.0311512778915779
5.95901098356878,1.57546821478482,2.99043517573825,-0.810836622236702,-0,0,0.0947914049083807,-0.0318526224272888
5.96507860835345,1.57540945783754,3.08541810430385,-0.84211350317297,-0,-0,0.0949829285656034,-0.0312768809362681
5.97662769399959,1.575467472164,3.18075590980959,-0.872291356664382,0,-0,0.0953378055057431,-0.0301778534914115
5.96560027964579,1.57557230522186,3.27575514170098,-0.903518683479942,-0,-0,0.0949992318913903,-0.031227326815561
5.95963690052522,1.57548248334842,3.37056646513624,-0.935311968123965,0,-0,0.0948113234352531,-0.0317932846440223
5.95872889792508,1.57543622301231,3.46534888110585,-0.967191328578076,-0,-0,0.0947824159696136,-0.0318793604541109
5.93951374325417,1.57543371117405,3.55950127058215,-1.00088595064011,0,-0,0.0941523894762976,-0.0336946220620379
5.9254211292044,1.57527213874996,3.65316948121064,-1.03590403621968,-0,-0,0.0936682106284858,-0.0350180855795634
5.93675793395706,1.5751544001454,3.7472286573325,-1.06985799603699,0,0,0.0940591761218654,-0.033953959817316
5.93273896609747,1.57525944190017,3.84115061432279,-1.10418970142885,0,-0,0.093921956990294,-0.0343317053918584
5.91988741823854,1.57522999235792,3.93462361182779,-1.13972558100754,0,-0,0.0934729975049942,-0.0355358795786928
5.92753547398867,1.57512311560217,4.02836565333808,-1.17454554156873,0,-0,0.0937420415102911,-0.0348199605611904
5.90073739897854,1.57519597428894,4.1211410408209,-1.2118648057283,0,0,0.0927753874828246,-0.0373192641595699
5.87037085029361,1.5749659974507,4.21274057314073,-1.25198370001502,-0,0,0.091599532319827,-0.0401188942867195
5.8834337769761,1.57470161820041,4.30485634556736,-1.29090264746027,-0,0,0.0921157724266279,-0.0389189474452444
5.87099189003355,1.57482485943227,4.39648077564873,-1.33096464706418,-0,-0,0.0916244300813724,-0.0400619996039101
5.89586685705455,1.57472011091502,4.48907329839456,-1.36873533320521,0,0,0.0925925227458239,-0.0377706861410287
5.87586721113153,1.57494783849883,4.5808919539169,-1.40835015995063,-0,0,0.091818655522341,-0.0396148267454204
5.87265201504848,1.57477639556856,4.67258276563629,-1.44825999641033,-0,-0,0.0916908117193874,-0.0399098364596981
5.89118975213971,1.5747540974539,4.76499761882115,-1.48646333279367,0,-0,0.0924148531848681,-0.0382033363833486
5.89288501323979,1.57492509746815,4.8574771038091,-1.52450994704992,0,0,0.0924794849879481,-0.0380466142562501
5.85326291451144,1.5749461832035,4.94837691372593,-1.56618997292666,0,-0,0.0908998099168253,-0.0416800258767317
5.84829407030445,1.57459962344612,5.03906850081068,-1.60832114941212,0,-0,0.0906915870847475,-0.0421311764854682
5.85463651238757,1.57456161768231,5.13002547655096,-1.64987627622195,0,0,0.0909569757402884,-0.0415551268098244
5.85261990269575,1.57462518466927,5.22089846692861,-1.69161474312987,0,-0,0.0908729903776474,-0.0417384669079257
5.85687782513839,1.57461368782132,5.31194835216619,-1.73296590270519,0,-0,0.0910498852375816,-0.0413511595753157
5.84466531934064,1.57465834859364,5.40248645893398,-1.7754258982646,0,-0,0.0905381067677868,-0.0424599955594068
5.8594028786791,1.57455550587215,5.49364046769039,-1.81654702042386,0,0,0.0911540087564069,-0.0411211221592614
5.86114938466118,1.57469393020933,5.58486615567339,-1.85750887892695,-0,-0,0.0912256879830043,-0.0409618585030946
5.84180624599026,1.57471590725936,5.67528249632221,-1.90022755568169,0,-0,0.0904163406488236,-0.0427186767547392
5.86123242565118,1.57454956439836,5.76651158550396,-1.94118183857212,-0,0,0.0912290891817452,-0.0409542828904278
5.83989291422226,1.57472953538321,5.85684602570157,-1.98407343348515,0,0,0.090334440197614,-0.0428915949130328
5.8235859872394,1.5745455479894,5.94646905637624,-2.02843233758216,-0,-0,0.0896230306746666,-0.0443589040970103
5.79290400026008,1.57440567220553,6.03468909971444,-2.07551974517068,-0,0,0.0882200433381948,-0.047087407588516
5.80083465408271,1.57413446084494,6.12327979876991,-2.12190603668943,-0,0,0.0885906990554744,-0.046386291518749
5.81433087211567,1.57421378950684,6.21248845014186,-2.1670925005962,0,-0,0.0892086513719471,-0.0451864639067763
5.81401161472774,1.57434304077707,6.3016826708553,-2.21230744272069,-0,-0,0.0891942207134468,-0.0452149421244895
5.80006799681077,1.57434705657343,6.39023778149137,-2.25876163930437,0,0,0.0885551106360643,-0.0464541965836717
5.8167519318696,1.57422787369576,6.47955557043615,-2.30373199151575,-0,-0,0.0893177889447796,-0.0449703522113826
5.80863949298276,1.57438557410165,6.56850560508837,-2.34942544110503,-0,-0,0.0889500346522223,-0.0456934495892842
5.80434585013662,1.57431930943713,6.65725862907837,-2.39550038801364,0,0,0.0887530239899962,-0.0460749469086093
5.78396503505352,1.57428746647525,6.74505424073177,-2.44337449974853,0,-0,0.0877956116534059,-0.0478741117348858
5.79045333239669,1.57410974571229,6.83315862367428,-2.49067796374769,-0,0,0.0881043829425103,-0.0473034639991566
5.79172470290852,1.5741758255722,6.92132307562462,-2.53786937623233,-0,0,0.0881644519503416,-0.0471914124846451
5.80428466783574,1.57419442545953,7.01007328047724,-2.58394975316892,0,0,0.0887502048526195,-0.0460803769365886
5.78827685571987,1.57431487881086,7.09807449993753,-2.63144486211187,-0,-0,0.0880012194602837,-0.0474951089429531
5.77538175481795,1.57417722941823,7.18545596566942,-2.68007077543539,-0,-0,0.087381465731891,-0.0486259133235187
5.75171999716363,1.57406730996716,7.2716625038125,-2.73075048322249,0,0,0.0862065381430786,-0.0506797077871009
5.75522762052404,1.57385858792351,7.35804627660084,-2.78112749979605,-0,0,0.086383772788342,-0.0503770165735536
5.73605734296851,1.57389814935864,7.4434484946372,-2.83315115936042,-0,0,0.085402218036362,-0.0520236595643721
5.72512693827996,1.5737297639389,7.52827698273331,-2.88610517344178,0,0,0.0848284880961068,-0.0529540140813581
5.74075440558474,1.5736367045841,7.61392261617055,-2.93772712103321,0,-0,0.0856456334372436,-0.0516219475914393
5.73858763806542,1.5737881409712,7.69945619588802,-2.98953452147673,-0,-0,0.0855335797174704,-0.0518074004435191
5.72802693140397,1.57377579175318,7.78443789334375,-3.04224231120029,0,0,0.0849816974557327,-0.0527077897235534
5.71905757335864,1.57368632140239,7.86894342376078,-3.0957102018351,-0,-0,0.0845055304170295,-0.0534678906348146
5.70024804561712,1.57361135996514,7.95242835919023,-3.1507580497162,-0,-0,0.083484935429448,-0.0550478478811015
5.67646540500717,1.57344522870241,8.034580625838,-3.20777563546511,0,-0,0.0821522666477693,-0.0570175857489056
5.66594147661256,1.57323208034084,8.11612830530643,-3.26565461241974,-0,0,0.0815476794684294,-0.0578789769546275
5.67829798813675,1.57314196887942,8.198384923413,-3.3225215516522,-0,0,0.0822566181065743,-0.0568669392324679
5.67860599636529,1.57326538844507,8.28065905310271,-3.37936315247239,0,0,0.0822741296897086,-0.0568416008201828
5.66822535375822,1.57327631609544,8.36233870824878,-3.43705573375646,0,-0,0.0816796551460704,-0.05769258128407
5.67042284387569,1.5731876821266,8.44414494495611,-3.49456868565239,0,-0,0.0818062367073294,-0.0575129518959372
5.66966342377884,1.5732162887333,8.52590748158654,-3.55214374625816,-0,-0,0.0817625366304289,-0.0575750606057673
5.66525649344508,1.57321731248329,8.60741549580194,-3.61007856841774,-0,0,0.0815080142154007,-0.0579348221595789
5.68505682412893,1.57318435455719,8.69005458648717,-3.66638825400307,-0,0,0.0826390906852265,-0.0563096855853317
5.68759587706667,1.57337643417547,8.7728363839131,-3.72248793327962,0,-0,0.0827817974259341,-0.0560996792765485
5.70542748828891,1.57340786147571,8.85660531543298,-3.77710263928466,-0,0,0.0837689315198839,-0.0546147060050405
5.6888459227114,1.57358024783362,8.93945717532241,-3.83309879373176,-0,0,0.0828518598894268,-0.055996154447094
5.67847216352561,1.57343508304707,9.02172369700248,-3.88995140502326,0,0,0.0822665216800658,-0.0568526112915076
5.64579163113219,1.57334697349132,9.10208864866437,-3.94946169442251,0,0,0.080364951661888,-0.0595102893992494
5.62353231127264,1.57305100569175,9.18110914246317,-4.0107459628753,-0,0,0.0790204937988043,-0.0612842684527859
5.6201212443631,1.57285090588749,9.25992013221097,-4.0722994184645,0,0,0.0788109897478047,-0.0615534555891984
5.62716589608934,1.57282728572849,9.33916278545633,-4.13329615531686,0,-0,0.079242653245358,-0.0609967368523592
5.62263170564305,1.57290172340778,9.41812805425904,-4.19465156520805,-0,-0,0.0789652688027074,-0.0613554098911919
5.60781142620312,1.5728675805754,9.4961753801943,-4.25717048166024,-0,-0,0.0780473259352586,-0.0625189164521867
5.59846154225387,1.5727368651842,9.57363475859627,-4.32041638822801,-0,-0,0.077459378401971,-0.0632459065677793
5.58003817476691,1.57265739525539,9.64991585505651,-4.38507854348767,0,0,0.0762810964602362,-0.0646621552596582
5.55851490695485,1.57249224105403,9.72478765011631,-4.45136741362831,0,0,0.0748717950598082,-0.0662888701406359
5.56809405014532,1.57229731151005,9.80029099095296,-4.516936045782,-0,-0,0.0755033408366422,-0.0655686321536894
5.54605387361734,1.57239672660356,9.87433096669729,-4.58415272519848,-0,-0,0.0740399757443353,-0.0672166794164829
5.54954230093452,1.57219667152829,9.94860497196629,-4.65111071308118,0,-0,0.0742740052690028,-0.0669579878827026
5.52332423428783,1.57223855646709,10.0210981433273,-4.71999278699034,0,0,0.0724931713609839,-0.0688820739091603
5.55379110943389,1.57199838771372,10.0956559689983,-4.78663459542326,0,0,0.0745578256710224,-0.0666418084329157
5.53295520432053,1.5722964198752,10.168809169246,-4.85481530599096,-0,-0,0.0731532002477197,-0.068180710567704
5.52956350930459,1.5721076252601,10.2417307009989,-4.92324373726638,0,-0,0.0729215317528741,-0.0684284312754177
5.54914795110128,1.57208426647848,10.315978295622,-4.99023100988354,-0,0,0.0742475946230898,-0.0669872726171571
5.55442237925347,1.57227880369678,10.3905781753969,-5.05682573893599,-0,-0,0.0745998797749088,-0.0665947290524494
5.53825275441375,1.5723374440399,10.4640915382002,-5.12461796186277,-0,-0,0.073513362803276,-0.0677922229267777
5.5420676718215,1.572193097985,10.5378629871663,-5.19212924475266,-0,0,0.0737714489661172,-0.067511282889896
5.54641025284215,1.57223802042591,10.6119269128365,-5.25931953359208,-0,-0,0.0740639256701664,-0.0671902888394153
5.53824705714312,1.57228787449847,10.6854398894079,-5.32711217534328,0,0,0.0735129765714418,-0.0677926417512008
5.53003797717621,1.57221935301157,10.7583938800437,-5.39550599999373,0,-0,0.0729539906357622,-0.0683938246504545
5.54026841626037,1.57215035947881,10.8320437396132,-5.46314990722401,0,0,0.0736498595695956,-0.0676439072302809
5.56213368545832,1.57225602453504,10.9071549286443,-5.52916739946914,0,0,0.0751111890310953,-0.0660174922451245
5.58423662984726,1.57247119087531,10.9837068331579,-5.59350872301283,0,-0,0.0765519045135136,-0.0643413235436908
5.54967577067904,1.57268756359153,11.0579897746308,-5.66045679696665,-0,-0,0.074282941472948,-0.0669480739538232
5.56407150240523,1.57237087024498,11.1332287523708,-5.72632861361562,-0,0,0.0752389777400295,-0.0658718166489687
5.55136000513973,1.57251516983882,11.2076243446865,-5.79315148278476,0,0,0.0743955923157005,-0.0668228691691406
5.54005719960131,1.57240401843398,11.2812599150933,-5.86081094458332,0,0,0.0736355704067599,-0.0676594617985622
5.52142641520233,1.57230601657173,11.3536222302683,-5.92983047328723,0,0,0.072362315175028,-0.0690195287039104
5.51338857367376,1.57213856921478,11.4254274458432,-5.99942940299346,0,-0,0.071805215574834,-0.0695989297062219
5.51324230477886,1.57207123267124,11.4972224804914,-6.06903883482465,-0,-0,0.0717950346482144,-0.0696094318311944
5.5061978517496,1.57207866441044,11.5685253774398,-6.13915229206903,0,-0,0.0713028969484436,-0.0701134572443809
5.48892163094342,1.57202072593745,11.6386063985291,-6.21048706958386,-0,-0,0.0700810210892362,-0.0713347775148282
5.48881615646611,1.57186564655565,11.7086798952301,-6.28182923846095,-0,-0,0.0700734967010569,-0.0713421688770882
5.47941851404485,1.57187355276215,11.7780798593354,-6.35382677301725,-0,-0,0.0693999641052739,-0.0719975345563075
5.47857062301271,1.57179318638439,11.8474187524376,-6.4258831252935,-0,-0,0.0693388931022198,-0.0720563522762493
5.46714709594081,1.57179406342526,11.9159300015431,-6.49872685354797,-0,-0,0.0685112491054496,-0.0728437282544697
5.47818046309813,1.57169439492662,11.9852407758682,-6.57081025359577,-0,-0,0.0693107743251362,-0.0720834000477922
5.49570675654772,1.57180823713219,12.0558041954826,-6.64166788418216,-0,-0,0.0705634196144293,-0.0708576305863947
5.50458355114757,1.57198344938131,12.1269938153775,-6.71189635432938,0,0,0.0711896198949048,-0.07022847014722
5.51914458167125,1.57207635596071,12.1991984512276,-6.78108082196302,0,-0,0.0722046358501253,-0.0691844676336445
5.52848459272421,1.57222278146755,12.2720461119832,-6.84958788964542,-0,-0,0.0728476607555739,-0.0685070676823991
5.53042830274683,1.57231958964589,12.3450267929195,-6.91795323327854,0,0,0.0729806809363003,-0.0683653436331153
5.53772804124608,1.57234655285167,12.4185045741324,-6.9857840203006,-0,-0,0.0734777812128795,-0.0678307870220611
5.53227660740994,1.57242387795147,12.4916114903208,-7.05401435670179,-0,-0,0.0731069161884216,-0.0682303364011867
5.5366300466448,1.57238118415198,12.5650147494186,-7.12192578102659,0,0,0.0734032590977808,-0.0679114243248075
5.5224112534312,1.57243072720563,12.6374450025607,-7.19087401109647,-0,0,0.0724302531421149,-0.0689482300698804
5.51683319362702,1.57230552115437,12.7094895335248,-7.26022518670412,0,0,0.0720445309641013,-0.0693511756076467
5.48838435864221,1.57226161661746,12.779532218301,-7.33159760651281,-0,0,0.0700426847761618,-0.0713724198086855
5.48930394991481,1.57200165801971,12.8496405069065,-7.40290558551097,-0,0,0.0701082886055416,-0.0713079789981605
5.51884437277283,1.57201916336146,12.9218243697104,-7.47211172650084,0,-0,0.0721838628038861,-0.0692061409898699
5.52956981402728,1.57230669091931,12.9947463328841,-7.54053969802486,-0,-0,0.0729219631737077,-0.0684279715240224
5.55263451901433,1.57241617746509,13.0692270314271,-7.60726769473201,-0,0,0.0744806985429827,-0.0667279967071494
5.54536021827639,1.57264088821611,13.143220364154,-7.67453571619808,0,-0,0.0739933327269432,-0.0672680214660717
5.54455696731554,1.57258125023338,13.2171596399132,-7.7418631511723,-0,-0,0.0739392757591808,-0.06732743497422
5.54911056129323,1.57258217843856,13.2914047298431,-7.80885319984594,0,-0,0.074245089929927,-0.0669900486736429
5.54870110571812,1.57263320044291,13.3656223841012,-7.87587364296916,0,0,0.0742176542580487,-0.0670204431232199
5.52196924675137,1.57263777519563,13.4380221545907,-7.94485388095851,0,0,0.0723997704895084,-0.0689802379893438
5.52130538418583,1.5723958344901,13.510376115732,-8.01388216724144,-0,-0,0.0723539611413313,-0.0690282862829342
5.52168907571132,1.57239816222226,13.5827565571152,-8.08288268684219,-0,-0,0.0723804413832014,-0.069000519600746
5.52530973675477,1.57241031578452,13.6553863510221,-8.15162068970124,-0,0,0.0726297939068289,-0.0687380028590557
5.5144364790035,1.57245280541504,13.7272644602481,-8.22114433613965,-0,0,0.071878109226019,-0.069523646438406
5.5370301727168,1.57235934061656,13.8006948866006,-8.28902638447117,-0,-0,0.0734304263525515,-0.0678820483315178
5.53367889838619,1.57257951616135,13.8738974096633,-8.35715413665234,0,-0,0.0732025230626679,-0.0681277521811749
5.53787714962371,1.57255661453564,13.9473853041979,-8.42497396676764,0,0,0.0734878945346212,-0.0678198301153018
5.54597391150953,1.57260426474522,14.0214199049182,-8.49219656636175,0,-0,0.0740346007202712,-0.0672225995941099
5.51547982671349,1.57268817644779,14.093370512346,-8.56164518111228,0,0,0.0719506074278274,-0.0694486147505237
5.50411156360807,1.57241158132667,14.1645269773498,-8.6319072440493,0,-0,0.0711564650037728,-0.0702620629370278
5.48625972816699,1.572313511001,14.2344178641336,-8.70342831747923,0,0,0.0698908867838372,-0.0715210734299259
5.49564728683583,1.57215436142101,14.3049770697404,-8.77429014432656,0,-0,0.0705592056067766,-0.0708618268473275
5.49296141023141,1.57225126568975,14.3753456949486,-8.84534122866951,0,0,0.0703686252081915,-0.0710510843429506
5.49341571955831,1.57223465226361,14.4457465920641,-8.91636033655844,0,0,0.0704008971154495,-0.0710191078889329
5.47122092903584,1.57224753685221,14.5145540250301,-8.98892435773028,-0,-0,0.0688074329660178,-0.0725640211718381
5.43762823281027,1.57204744373413,14.5808854754285,-9.06375843210846,0,0,0.0663314503984385,-0.0748340743781835
5.42496306344025,1.57173919244903,14.6462638450113,-9.13942658122481,0,-0,0.0653783695828117,-0.0756681491163441
5.43077967007703,1.57162825745399,14.7120812380034,-9.21471317219372,-0,-0,0.0658173929921161,-0.0752865909689192
5.41895621193663,1.57169216547814,14.7770039034881,-9.29077267197101,0,0,0.0649226654846262,-0.0760594997772884
5.42373121871212,1.57158917652198,14.84228901208,-9.36652129965591,-0,0,0.0652851085918919,-0.0757486276848952
5.41304713720525,1.57164325330121,14.9067611054575,-9.44296310219559,0,-0,0.0644720933775553,-0.0764418025396824
5.39460969572744,1.57155103186093,14.9698129294371,-9.52058054542097,0,0,0.0630518239795965,-0.0776174432253858
5.40106248265239,1.57138529413047,15.0333642860779,-9.59778951555473,0,-0,0.0635513566407924,-0.0772089701337533
5.38958140514426,1.57145538564834,15.0960250315531,-9.67572301911063,0,0,0.062660745475151,-0.0779335035559055
5.38582408953388,1.57135552682547,15.1583925146442,-9.75389140820034,-0,-0,0.0623674830911179,-0.0781683890897025
5.37852558083051,1.57132886527582,15.2201878290369,-9.83251290093041,0,-0,0.061795314392717,-0.0786214927300752
5.37941144781325,1.57126862631683,15.2820527673578,-9.91107962038943,0,0,0.0618649383208974,-0.078566719459015
5.3718772663765,1.57128599708669,15.3433240195205,-9.99011020724295,-0,-0,0.0612712521627159,-0.0790305868535271
5.37679795774981,1.57122351978004,15.4049834134557,-10.0688383416013,-0,-0,0.0616593939351618,-0.0787281343583635
5.37699304722802,1.57127915758768,15.466658165248,-10.1475544453626,0,0,0.0616747517923419,-0.0787161037612573
5.36052192322011,1.57128997356682,15.527028067031,-10.2272756781598,0,0,0.0603699017829808,-0.0797212327972496
5.3714002154457,1.57114273876598,15.5882616106081,-10.3063354855273,0,0,0.0612335435771438,-0.0790598073674989
5.36756564983057,1.57125489332806,15.6491915447241,-10.3856295151173,-0,-0,0.0609299341160135,-0.0792940295899903
5.37512393002115,1.57122750550945,15.7107190592448,-10.46446075865,0,-0,0.0615275145206136,-0.0788312435327243
5.37529845717658,1.57130812713718,15.7722603310209,-10.5432812627601,0,-0,0.061541271776181,-0.0788205041100996
5.38450257406303,1.57131873768913,15.8345244589472,-10.6215320031629,0,-0,0.0622641279262962,-0.0782507404027453
5.39439025279932,1.57141487935164,15.8975592488098,-10.6991632807962,0,0,0.0630347898625822,-0.0776312776333103
5.39414293353004,1.571517399536,15.9605748370339,-10.7768101457733,-0,-0,0.0630155882241017,-0.0776468649770901
5.41325243936193,1.5715239609368,16.0250626227196,-10.8532387104423,-0,0,0.06448778568565,-0.0764285646689879
5.41180499400359,1.5717134685755,16.0894397147186,-10.9297605375621,0,0,0.0643770919989986,-0.0765218271197994
5.43419216094105,1.5717086355617,16.1555136387914,-11.0048220893553,-0,-0,0.0660739240728595,-0.0750615517932716
5.42391090872528,1.57192856517041,16.2208123576012,-11.0805589847354,0,-0,0.0652987188097452,-0.0757368953800314
5.4068989274325,1.5718404483478,16.2848132551679,-11.1573957279684,-0,0,0.0640008975667319,-0.0768367432329917
5.40055023305028,1.57168874824759,16.3483250532083,-11.234637242128,-0,-0,0.0635117980403648,-0.0772415141596792
5.3947949252413,1.57163763496389,16.4113912531474,-11.3122430049633,0,0,0.0630661999391366,-0.0776057628352228
5.39674785072841,1.57159212003697,16.4746088909978,-11.3897254562966,-0,0,0.0632176378503679,-0.0774824513333163
5.41910428388744,1.57161943347033,16.5395428180491,-11.4657753420144,-0,0,0.0649339270513699,-0.0760498857177799
5.41514233735739,1.57183919071497,16.604174930674,-11.5420818949285,0,-0,0.0646321126248864,-0.0763065529141764
5.40480020104378,1.57181062938704,16.6680144281077,-11.619052789216,-0,0,0.0638394974336643,-0.0769708942874979
5.41380044624637,1.5717219042539,16.7325440874876,-11.6954460026601,-0,-0,0.0645296593799473,-0.0763932134440487
5.40480927851757,1.57181556178737,16.79638428362,-11.772416317443,0,0,0.0638401961323092,-0.0769703147829622
5.40992035836639,1.57173959542533,16.860617045613,-11.8490593359558,-0,0,0.0642327619930566,-0.0766430185127344
5.40150788682193,1.57179657111969,16.9242027851461,-11.9262399923927,0,-0,0.0635857395330648,-0.0771806564369158
5.414501198339,1.57172606408817,16.9887859613821,-12.00258796779,-0,-0,0.0645831762359929,-0.0763479753973259
5.41768113025873,1.57185727468434,17.0536115920417,-12.0787301874161,-0,-0,0.0648256306596013,-0.0761422196260719
5.45027393303165,1.57189594859506,17.1208840429051,-12.1527194930949,-0,0,0.0672724508634466,-0.0739893056787612
5.46408354946135,1.57221059869827,17.1891718107127,-12.2257727665865,-0,-0,0.0682877678076304,-0.0730532734916866
5.44727810871822,1.57234830667517,17.2562223010632,-12.2999632763824,0,-0,0.0670504903504599,-0.0741905097958148
5.4333971685505,1.57219965003166,17.3222365309001,-12.375077332717,0,-0,0.0660142298368615,-0.075114056334657
5.46033834059343,1.57207815484278,17.3902502206579,-12.4483858452208,-0,0,0.0680136897578484,-0.0733085125038228
5.46143348457282,1.57233891062838,17.45834415299,-12.5216198289958,-0,-0,0.0680939323321302,-0.0732339837749338
5.45749105417111,1.57235761686641,17.526148837003,-12.595121698536,0,-0,0.0678046840129218,-0.0735018695402221
5.43084999463336,1.57232928832136,17.5919715243284,-12.6704036607398,0,-0,0.065822687325468,-0.0752819622037954
5.4314174307193,1.57208857853611,17.6578369187567,-12.7456482606577,0,-0,0.0658653944282337,-0.0752445999179555
5.44189905943157,1.57210251354558,17.7244873666,-12.8201983632887,-0,-0,0.0666504478432995,-0.0745501026309663
5.43558954203344,1.57220922558826,17.7906661157215,-12.8951675113745,0,-0,0.0661787491215612,-0.0749691480857657
5.41129721006982,1.57215875421262,17.8550043428682,-12.9717220182805,-0,0,0.0643382271466344,-0.0765545069060475
5.40436431912948,1.57193966193097,17.9188102840176,-13.0487207317375,-0,0,0.063805941149449,-0.0769987134569991
5.39022284034065,1.57188325175983,17.981521005891,-13.1266140264562,0,0,0.0627107218733418,-0.0778932947186365
5.37321835419967,1.57175905020743,18.0428981898809,-13.2055623721352,0,0,0.0613771839899614,-0.0789483456790732
5.35311993718395,1.57160776101687,18.1026763477927,-13.2857282740928,-0,-0,0.0597781579117957,-0.0801659019575805
5.34105624489969,1.57142712547398,18.161483082604,-13.366609470553,-0,0,0.0588067348113242,-0.0808811964601822
5.35606924133331,1.57132215643943,18.2214974138135,-13.4465987201399,0,0,0.0600143312094853,-0.0799892495869177
5.34835036060806,1.5714726649642,18.2808925358256,-13.5270488256785,-0,-0,0.0593951220121264,-0.0804501055385549
5.35884879522236,1.57140872077369,18.3411289693458,-13.6068709534174,0,-0,0.0602364335201612,-0.0798221277389371
5.37356225721397,1.57151655819308,18.4025333002798,-13.6857981866297,-0,0,0.061404330933961,-0.0789272332123241
5.36902671376884,1.57166394149096,18.4635790229679,-13.7650031090871,-0,-0,0.061045722688156,-0.0792049224573875
5.3543992543656,1.57163003929383,18.5234596895495,-13.8450924702392,0,-0,0.0598806665815491,-0.0800893611520865
5.33706219103109,1.5715010796153,18.5819429123085,-13.9262078982152,0,-0,0.0584832227589917,-0.0811154279759538
5.3390084423652,1.57134646344918,18.6405838952136,-14.0072093495844,-0,-0,0.0586409829051439,-0.0810014513692108
5.34582618669899,1.57137368777116,18.6997757581674,-14.0878091222891,0,0,0.0591918629538443,-0.0805997727047248
5.34235016255521,1.57144682356987,18.7586870973299,-14.1686141599915,0,-0,0.0589113391624378,-0.080805037702412
5.3473210351838,1.5714229031397,18.8179993785527,-14.2491253598096,0,0,0.0593122812228488,-0.0805111998180483
5.32259071821123,1.57147859310216,18.8753026587979,-14.3310786030226,-0,0,0.0573032802451686,-0.0819532432130887
5.30339609254206,1.5712542574284,18.9310224179059,-14.414116597007,-0,0,0.0557197591079806,-0.0830379939843721
5.32281271097282,1.57108196911339,18.9883438897657,-14.4960571172874,0,-0,0.057321471859826,-0.0819405202804033
5.32745468308062,1.57127412867051,19.0460451082915,-14.5777306710282,0,-0,0.0577012185257464,-0.0816735537407554
5.31429114978177,1.57132678600047,19.1026662462004,-14.6601566787072,0,-0,0.0566211379089247,-0.0824260076789998
5.31836492852413,1.57121148471842,19.1596226986661,-14.7423513410796,-0,-0,0.0569564524657596,-0.0821946623724172
5.29931518530492,1.57125880342163,19.2150031243918,-14.8256160301527,0,-0,0.0553804257256252,-0.083264689073151
5.29149699808178,1.57108792086519,19.2697308852915,-14.9093111446273,-0,0,0.0547277608997245,-0.0836951144745175
5.29177787132689,1.57102301588717,19.3244821517506,-14.9929908842368,-0,-0,0.0547512664590874,-0.0836797396095735
5.28048420461316,1.57103457715526,19.3782848955692,-15.0772836167681,0,0,0.0538027438185854,-0.0842927325312905
5.29161389703372,1.57093685057432,19.4330224399661,-15.1609723330529,-0,-0,0.0547375443969294,-0.0836887162847787
5.29050462422951,1.57105084872545,19.4876671170882,-15.2447217167057,-0,-0,0.0546446771220827,-0.0837493836527967
5.29651823364011,1.57104928289972,19.542814439188,-15.3281409762638,0,-0,0.055147322099852,-0.0834192595580611
5.29463405067426,1.57111494874424,19.5978044863425,-15.41166399533,0,0,0.0549900471544904,-0.0835230190662845
5.29524264558792,1.57110606409493,19.6528453549946,-15.4951535322674,0,-0,0.0550408686521101,-0.0834895369373981
5.27905649304263,1.57112070512205,19.7065276983099,-15.579522993663,0,0,0.0536823433152432,-0.0843694613956043
5.27666162347319,1.57097682323607,19.7600078340178,-15.6640207752,0,0,0.0534801357079114,-0.0844977815369338
5.2903476993254,1.57096312377269,19.8146393681031,-15.7477787329323,-0,-0,0.0546315340853135,-0.0837579577322969
5.29259606297967,1.57110121649505,19.8694590822927,-15.8314136475085,-0,-0,0.0548197141896272,-0.0836349145761959
5.27506575751447,1.57113132863471,19.9228043028235,-15.9159966685383,-0,0,0.0533452205307327,-0.0845830210297994
5.26975908193218,1.57097477509887,19.9756999196881,-16.0008615830584,-0,0,0.0528956168646063,-0.0848649145201524
5.24352611302324,1.57093358763994,20.026351333711,-16.0870847484926,-0,-0,0.0506514140228931,-0.0862231654341307
5.25260512427102,1.57069481940833,20.0777834705239,-16.1728445018904,0,-0,0.0514321368129649,-0.0857597533978058
5.2451497134246,1.57078945629542,20.1285748096908,-16.258985316059,-0,0,0.0507913391668623,-0.0861408141686435
5.23458182940159,1.57072797740684,20.1784530035016,-16.3456580671528,-0,-0,0.0498781938108463,-0.0866727510937991
5.23160828648882,1.57063711321418,20.2280732520373,-16.4324787497996,0,0,0.0496202485356282,-0.0868206826468353
5.22687962526978,1.57061795014945,20.2772824017486,-16.5195330982533,-0,0,0.0492091497113441,-0.0870543484536328
5.23528448188951,1.57058221696074,20.3272214840657,-16.6061707809169,-0,-0,0.0499390823170823,-0.0866376826636521
5.19713600119471,1.57067047971698,20.3738199380838,-16.6946500670981,0,-0,0.046598454018073,-0.0884792861811483
5.1907473878061,1.57031933620643,20.4198521850543,-16.7834252451539,0,-0,0.0460322469705819,-0.0887751780558021
5.1749665946004,1.57026795567296,20.4644778157791,-16.8729157646653,0,0,0.0446256307247657,-0.0894905195113809
5.15779930702042,1.57012806090337,20.5075606367042,-16.9631591607734,0,-0,0.0430828209250566,-0.090243396108189
5.15789930712229,1.5699752245705,20.5506524817626,-17.0533982481439,0,0,0.0430918450584308,-0.090239087370497
5.16037376522297,1.569984954098,20.5939674875095,-17.1435304303939,-0,0,0.043315005746919,-0.0901321822499842
5.16416811096165,1.57001704382036,20.6376241732935,-17.2334976121124,0,0,0.0436566857839578,-0.089967181718451
5.16331139822624,1.57006158602105,20.6812037670355,-17.3235021620489,0,0,0.0435795937419809,-0.0900045499365665
5.15226238910855,1.57006233393287,20.723786259834,-17.413982719668,-0,-0,0.0425824927985755,-0.0904805576190778
5.13651163294243,1.56996709362762,20.7649383923995,-17.505122732754,0,-0,0.0411521325654219,-0.0911400130860093
5.14707437965437,1.56982769089946,20.8070509002534,-17.5958229900979,0,0,0.0421125078539486,-0.0907002573439079
5.14401409510225,1.5699358129234,20.8488856427453,-17.6866516987788,-0,-0,0.041834742491924,-0.0908287086808703
5.16145672371289,1.56991579126719,20.8922982324853,-17.7767369198313,0,0,0.0434125897399251,-0.0900852210524732
5.16237757400789,1.57008888836871,20.9357937588097,-17.8667821261988,0,0,0.0434955263243996,-0.0900452063674878
5.15604683198126,1.57010640642313,20.9787183643592,-17.9571008852603,-0,-0,0.042924605549589,-0.0903187590615161
5.15444911153673,1.57005556269821,21.0214986110553,-18.0474881105337,-0,-0,0.0427802466960694,-0.0903872252733949
5.13498342903814,1.57004933062028,21.0625114150976,-18.1386909060204,0,-0,0.0410128040423168,-0.0912027954866874
5.15237927646211,1.56987479601834,21.1051044836382,-18.2291664856665,0,0,0.0425930685405848,-0.0904755796460959
5.1328237233397,1.57004744815777,21.145920220988,-18.3204576439711,-0,0,0.0408157373497512,-0.0912911583046032
5.12253612581566,1.56987204215809,21.1857946483687,-18.4121638599057,-0,0,0.0398744273807359,-0.0917062159346814
5.119829773786,1.56978401010759,21.2254207407219,-18.5039776541026,-0,-0,0.0396260923532105,-0.0918137941968136
5.10865094471691,1.56976729731902,21.2640180078047,-18.5962286756348,0,-0,0.0385972670828207,-0.0922510215322162
5.11064937608775,1.5696709485147,21.3027995550268,-18.6884023790163,-0,-0,0.0387815472220635,-0.0921737033815115
5.09983914317935,1.56969842713456,21.3405824364485,-18.7809899260811,0,0,0.0377828814217244,-0.0925875470647749
5.09833560176405,1.56960557856845,21.3782260660045,-18.8736341765981,0,-0,0.0376436295559432,-0.0926442505169906
5.09648943860454,1.5696001321769,21.4156985951046,-18.9663477654771,0,-0,0.0374725291001371,-0.0927135888790817
5.08718708495099,1.56959146760363,21.4523070607429,-19.059405920647,-0,-0,0.0366084656382475,-0.0930581551698359
5.09736364700433,1.56951282586592,21.4898606265118,-19.1520867153028,-0,-0,0.0375535657689781,-0.0926807946558241
5.1000042438731,1.56961700456201,21.5276587936868,-19.2446680231258,-0,-0,0.0377981671749605,-0.092581307822982
5.0962010567143,1.5696505084132,21.5651045843091,-19.3373924145483,0,-0,0.037445790622311,-0.0927243914224841
5.11920274992601,1.56962346211811,21.6046730994368,-19.4292310372001,0,-0,0.03956851512767,-0.0918386226518634
5.129373672515,1.56984865400104,21.6451736353638,-19.5206624682817,-0,-0,0.0405005359269999,-0.0914314310815804
5.09722015113468,1.56995335528605,21.6827139014349,-19.6133486507649,-0,0,0.0375402660711609,-0.092686182483186
5.08854177642819,1.56965925849296,21.7194483985326,-19.7063571273839,-0,0,0.0367344970976601,-0.0930084766189727
5.08919576764098,1.56958637770996,21.7562437144966,-19.7993415600762,-0,0,0.0367953159639933,-0.0929844326923055
5.08165217743577,1.56960120831761,21.7923365537299,-19.892600913259,-0,-0,0.0360928392332879,-0.0932593531828311
5.0853163409047,1.56953900643686,21.8287708674209,-19.985727390621,-0,0,0.0364343136910487,-0.0931264773620384
5.0660336944061,1.5695821064694,21.8634027941468,-20.0795390618099,-0,0,0.0346319267258686,-0.0938116711888988
5.04038326472932,1.56940972126879,21.8956172827401,-20.1742080996453,-0,-0,0.0322144885932676,-0.0946690378353675
5.01416653337181,1.56917817956751,21.9253390727521,-20.2696890673744,0,-0,0.0297217900120333,-0.0954809677290747
5.01378120409383,1.56894220279976,21.9550240689462,-20.3651814806906,-0,0,0.029684996194062,-0.0954924133162343
5.01307731238766,1.56894692304763,21.9846418414741,-20.4606947653712,-0,-0,0.029617772527961,-0.0955132846806242
5.00420539805248,1.56894868448087,22.0134110738263,-20.5564670540035,0,-0,0.0287692323521817,-0.0957722886322875
4.99469576254732,1.56887448275533,22.0412682595126,-20.6525085929627,0,0,0.0278571856862769,-0.0960415389591415
5.01431440509068,1.56879442905338,22.0710041681344,-20.7479851646357,0,0,0.0297359086218504,-0.0954765716730181
5.00163701974655,1.5689850954517,22.0995273263996,-20.843831027575,0,-0,0.0285231582651524,-0.0958458629393104
4.99818200664862,1.56887541846759,22.1277191663698,-20.9397748661426,-0,-0,0.0281918399701928,-0.0959438385676487
5.00417907495051,1.56885156645253,22.1564858776883,-21.0355479120372,-0,-0,0.0287667113184953,-0.0957730458945436
4.9970828233832,1.56891562875602,22.1845722407872,-21.1315226806375,0,-0,0.0280863630989121,-0.0959747686002736
4.99096393091012,1.56885789496975,22.2120708224745,-21.2276675089185,-0,0,0.0274985816873479,-0.0961448282810066
4.98482089391428,1.56880927243326,22.2389782677854,-21.3239794468433,0,0,0.026907445310924,-0.0963119379248473
4.99226085738357,1.56876044212561,22.2666015190844,-21.4200885306371,0,0,0.0276232512989192,-0.0961090837937641
4.98674961167285,1.56883779864115,22.293694672778,-21.5163483925886,0,-0,0.0270931536936031,-0.0962598619515673
4.99051750458793,1.5687948091525,22.3211503301445,-21.6125054873793,-0,-0,0.0274556573665012,-0.0961570947906252
5.0098548231957,1.56883809725055,22.3504601588958,-21.7081137189212,-0,0,0.0293098287512861,-0.0956082315419038
5.01294350412253,1.56902674664333,22.3800651506917,-21.8036309658495,-0,0,0.0296049917959311,-0.0955172469283053
5.00852282126157,1.56906404800864,22.4092476031301,-21.899278153313,0,-0,0.02918245243844,-0.0956471874635014
5.00598075199061,1.56903114795315,22.4381868197642,-21.9949992154707,-0,0,0.0289392166340548,-0.0957210621577469
5.01017411394049,1.56901580631261,22.4675271738444,-22.0905980837823,-0,0,0.0293403540802067,-0.0955988683115449
5.00062790099087,1.56906345658546,22.4959535977452,-22.1864726811698,0,0,0.0284264239007615,-0.0958745973874948
5.00206648982682,1.56898262005313,22.524517916309,-22.2823062854273,0,0,0.028564318563866,-0.095833604257494
4.99914810743739,1.56900447400334,22.5528024345265,-22.3782228430657,-0,-0,0.0282845182174557,-0.0959165576384308
4.9999109805994,1.56898560307548,22.581160116674,-22.4741177952958,-0,-0,0.0283576821475255,-0.0958949522301352
4.97474987492839,1.56900115039421,22.6070962544879,-22.5706958298342,0,-0,0.0259361378138717,-0.0965780345383973
4.94669543016181,1.5687747129038,22.6303130986907,-22.6679633894071,-0,0,0.0232168442028183,-0.0972675595728713
4.9372932968649,1.56852248804759,22.6526144076286,-22.765444934428,0,-0,0.0223013089379351,-0.0974815450208642
4.94234764442616,1.56844358204033,22.6754081352193,-22.8628125162123,-0,-0,0.0227937275906702,-0.0973675817842999
4.95726035835296,1.56849829863137,22.6996512893942,-22.9598293677158,-0,0,0.0242431541748745,-0.0970168515035056
4.95235712243563,1.56864463068613,22.7234184575412,-23.0569639224235,0,0,0.0237671681470792,-0.0971345547077273
4.94276503276038,1.56860725068958,22.746252823238,-23.1543219818907,-0,0,0.0228343656967766,-0.0973580594672361
4.95818299352202,1.56852640024968,22.7705854782408,-23.2513164245177,0,0,0.0243326550028032,-0.0969944426269596
4.95184662029961,1.56867766645818,22.7943030558954,-23.3484630997578,-0,0,0.023717577654564,-0.0971466752400705
4.94194208963505,1.56862693516769,22.8170572937234,-23.44583991764,0,-0,0.0227542378279658,-0.0973768178822268
4.94090845546357,1.5685431088083,22.8397108674075,-23.5432402030571,0,-0,0.0226535736841076,-0.0974002854171316
4.93570975816496,1.56854161322356,22.8618577826495,-23.6407569408269,0,0,0.0221469152420608,-0.0975167377697848
4.94291631803367,1.56850148288483,22.8847068769256,-23.7381115446768,-0,0,0.0228490942760457,-0.0973546038498662
4.93792243129923,1.56857645371249,22.9070695104426,-23.8355790398851,-0,0,0.0223626335170312,-0.0974674952083152
4.95533328730621,1.56853819769381,22.9311256613529,-23.9326424294992,-0,-0,0.0240561509103012,-0.0970633896141115
4.94445860060762,1.56870836399407,22.9541248767036,-24.0299616778176,0,0,0.0229992153507048,-0.0973192483183666
4.93619879052197,1.56861528507625,22.9763194781356,-24.1274675733689,0,-0,0.0221946014320334,-0.0975058955513623
4.92617624933987,1.56854663450874,22.9975357243458,-24.2251910142455,0,0,0.0212162462101105,-0.097723440876547
4.91543832932753,1.56846169215902,23.0177014210939,-24.3231366352536,-0,0,0.0201656967481024,-0.0979456210081062
4.93536203648939,1.56837024430722,23.0398144263142,-24.4206610680903,-0,-0,0.0221130052203953,-0.0975244328367142
4.91674217005727,1.56856313771338,23.0601078113753,-24.5185803129953,-0,0,0.0202933850610428,-0.0979192449049943
4.91417108970294,1.56839836736534,23.0801493713926,-24.6165514101213,0,0,0.0200415600173201,-0.0979710971260002
4.92073526225799,1.56838254910896,23.1008335942011,-24.7143888412344,0,-0,0.0206842228084851,-0.0978374311130916
4.88512633771275,1.56845143641633,23.1180215551541,-24.8129006374736,0,0,0.0171879609529982,-0.0985117962392231
4.87891977725427,1.5681302983311,23.1345977695623,-24.911517213747,0,0,0.0165762144081782,-0.0986165762734344
4.8843199517336,1.56808096987336,23.1517062864043,-25.0100428380864,0,-0,0.0171085168420322,-0.0985256243393865
4.89852915448971,1.56813835647998,23.1702129996223,-25.1083154261559,0,-0,0.0185067132180116,-0.0982725880694422
4.87477238669028,1.56827728823632,23.1863800711829,-25.2069999021243,0,-0,0.0161670715605453,-0.0986844759683924
4.87246217190371,1.56806609465706,23.2023191174681,-25.3057214641232,0,-0,0.0159390462851939,-0.09872156199898
4.85943231819639,1.56805255625058,23.2169705196172,-25.4046423234759,0,0,0.0146514021491498,-0.0989208593526355
4.87495104851108,1.56794066424484,23.2331552220678,-25.5033239094308,-0,-0,0.0161847024505853,-0.0986815859549593
4.88732988359018,1.56809079383185,23.2505602163786,-25.6017975920726,0,-0,0.0174049943107686,-0.0984736826418212
4.87112414217541,1.56821277699635,23.2663671560504,-25.7005403926113,-0,0,0.0158069396718069,-0.098742800538631
4.88207946964101,1.5680711003172,23.2832548852398,-25.7991041009568,0,0,0.0168877291894132,-0.0985637083455419
4.89031924155033,1.56817991114249,23.3009541744315,-25.8975253139249,-0,0,0.0176992891916781,-0.098421212968086
4.88219181468769,1.56826403286502,23.3178529766587,-25.9960871243957,-0,0,0.0168988022272309,-0.0985618104708154
4.88982920500449,1.56819670753725,23.3355040337359,-26.0945169988448,0,-0,0.0176510570772514,-0.0984298744490493
4.87564656038446,1.56827534908503,23.3517573664811,-26.19318730428,-0,0,0.0162533327452001,-0.0986703054351906
4.86153396689946,1.56815196020616,23.3666166330159,-26.2920771530919,-0,-0,0.0148592665347938,-0.098889848811938
4.84504343835411,1.56802955148044,23.3798432072349,-26.3911985823311,-0,-0,0.0132265742189311,-0.0991214292392473
4.85914725056233,1.56788567803611,23.3944664096538,-26.4901236143049,0,-0,0.0146232024188847,-0.0989250319737948
4.84787341304906,1.56802291113061,23.4079734416706,-26.5892072158044,0,0,0.0135070320168081,-0.0990836014994253
4.85269143415005,1.56792687029448,23.4219577019519,-26.6882245903625,-0,-0,0.0139842602813659,-0.0990173745581199
4.86195408594369,1.56797881001819,23.4368585126829,-26.7871081877867,0,-0,0.0149008107310082,-0.0988835974242375
4.84394544435774,1.5680719321963,23.4499762442166,-26.8862440799722,0,-0,0.0131177315336655,-0.0991358921854778
4.81974469187881,1.56791372801662,23.4606912055582,-26.9856683707841,-0,0,0.0107149613415882,-0.099424290811895
4.81842450613636,1.56769961745997,23.4712748990692,-27.0851067206883,-0,-0,0.0105836935110335,-0.0994383499041718
4.80971748556429,1.56769493101752,23.4809923905777,-27.1846334525686,-0,-0,0.00971749150852515,-0.0995267318803433
4.80794800328185,1.56762289417394,23.4905337561764,-27.2841772235566,-0,0,0.00954136559867889,-0.0995437709880048
4.79213574225761,1.56761405785333,23.4984999824976,-27.3838594147354,-0,-0,0.00796622632122545,-0.0996821911787608
4.80533362311511,1.56747765692632,23.5077810705247,-27.4834277902621,0,0,0.00928108802702729,-0.0995683755267433
4.80370780104905,1.56760470700044,23.5169002658947,-27.5830111235855,-0,-0,0.00911919536999513,-0.0995833333234225
4.78712735002305,1.56759716794675,23.5243671468787,-27.6827319623725,-0,-0,0.00746688098401265,-0.0997208387869386
4.76390133007573,1.56745373884804,23.5295161039973,-27.7825993155996,0,0,0.00514895711864169,-0.0998673532271202
4.74892149640057,1.56725112841281,23.5331685430332,-27.8825325917847,0,-0,0.00365243903582727,-0.0999332761851105
4.73322291855068,1.56712360398512,23.5352517861358,-27.9825108899207,0,-0,0.00208324310265466,-0.0999782981360217
4.74215361951341,1.56699023293616,23.5382278105765,-28.0824665965039,0,-0,0.00297602444070371,-0.0999557065831078
4.7342344217855,1.5670762824577,23.5404121809682,-28.1824427362873,-0,-0,0.00218437039166256,-0.0999761397834105
4.73020507545784,1.56701221728606,23.5421936962259,-28.2824268660449,-0,0,0.00178151525773536,-0.0999841297576093
4.73578617131011,1.56698282986949,23.5445332018528,-28.3823994958663,0,-0,0.00233950562688294,-0.0999726298214756
4.74102379764204,1.56703904845465,23.5473962922746,-28.4823585010296,-0,-0,0.00286309042182062,-0.0999590051632992
4.75967437754281,1.56709243780531,23.5521230700902,-28.5822467264192,0,-0,0.0047267778155484,-0.0998882253895945
4.74298332362321,1.56726679230163,23.5551820271575,-28.6821999293777,0,-0,0.00305895706737742,-0.0999532029584842
4.73080936868198,1.56712342873906,23.5570239618184,-28.7821829643222,0,0,0.00184193466091361,-0.0999830349444591
4.72251032298395,1.56702108966317,23.5580360787977,-28.8821778422871,0,0,0.00101211697924285,-0.0999948779649254
4.70850804054518,1.56695357324798,23.557647985788,-28.9821770892034,-0,-0,-0.000388093009726621,-0.0999992469162433
4.70839493581703,1.56683556307905,23.5572485823931,-29.0821762915848,0,-0,-0.000399403394857838,-0.0999992023814599
4.69372992927466,1.56684084053408,23.5553827855525,-29.1821588840805,0,0,-0.00186579684057564,-0.0999825924956425
4.69596706228251,1.566717407391,23.5537406675522,-29.2821454004138,0,-0,-0.00164211800033141,-0.0999865163333186
4.67217036610488,1.56674326361199,23.5497198902881,-29.3820645344682,0,-0,-0.00402077726410103,-0.0999191340544567
4.6660183893907,1.5665402140657,23.545084492802,-29.481957042146,0,0,-0.00463539748613318,-0.099892507677731
4.67534517794106,1.56649229602564,23.541380959718,-29.5818884378267,-0,-0,-0.00370353308399536,-0.0999313956807156
4.68092602271952,1.56657966070517,23.5382351830214,-29.6818389460244,-0,-0,-0.00314577669656205,-0.0999505081976844
4.67495633747304,1.56663462026183,23.5344927928477,-29.7817688940669,-0,-0,-0.00374239017370115,-0.0999299480425552
4.6800618008954,1.56658812264566,23.5312606379261,-29.8817166462906,-0,0,-0.00323215492156854,-0.0999477522236643
4.65800153457347,1.56663899587974,23.5258245742444,-29.9815687830311,0,-0,-0.00543606368177996,-0.0998521367405207
4.68869310731684,1.56645149895992,23.523455208683,-30.0815407096247,-0,-0,-0.00236936556134329,-0.0999719265936029
4.69001556717627,1.56672725264049,23.521218054015,-30.1815156821878,0,0,-0.00223715466799812,-0.0999749725630943
4.70981101662951,1.56674517849931,23.520960257925,-30.2815153498931,-0,-0,-0.000257796089970275,-0.0999996677053279
4.6876475969014,1.56692799927931,23.5184863719872,-30.3814847446516,0,0,-0.00247388593783918,-0.0999693947584288
4.69882721133482,1.56673676105508,23.5171302366535,-30.4814755487135,-0,-0,-0.00135613533366971,-0.0999908040619575
4.70366472722045,1.56684258707405,23.5162578224042,-30.581471743108,-0,-0,-0.000872414249373455,-0.0999961943944743
4.68646893849045,1.56689227832517,23.513666108444,-30.6814381525601,0,-0,-0.00259171396012195,-0.09996640945212
4.65033203024528,1.56674521628274,23.5074643957524,-30.7812456610937,-0,-0,-0.00620171269161963,-0.0998075085336299
4.64151053506577,1.56643246170631,23.5003824843279,-30.8809945785343,0,-0,-0.00708191142451261,-0.0997489174406187
4.62779120421369,1.56636111287077,23.4919327939003,-30.9806369527116,0,-0,-0.00844969042756263,-0.0996423741772463
4.64202801054338,1.56624741910394,23.4849025010404,-31.0803895215121,-0,0,-0.00703029285992268,-0.0997525688005262
4.63177090540328,1.56637681290443,23.4768494233543,-31.1800647337757,-0,0,-0.00805307768616668,-0.099675212263534
4.59552933483075,1.56629301476812,23.4651900382433,-31.2793827016306,-0,-0,-0.0116593851109711,-0.0993179678549358
4.56832695239076,1.56598596024766,23.4508336144987,-31.3783468016733,-0,0,-0.0143564237445471,-0.0989641000427276
4.54575470952863,1.56576019821864,23.434247195929,-31.4769616622118,-0,0,-0.016586418569701,-0.0986148605385146
4.56838015195066,1.56557589669499,23.4198960370514,-31.5759265258699,0,-0,-0.0143511588776659,-0.0989648636581084
4.52731005827687,1.56576955327408,23.4014936262158,-31.674218698882,0,0,-0.0184024108355841,-0.0982921730120887
4.53571163089309,1.565431790688,23.3839176639706,-31.7726620102402,-0,-0,-0.0175759622451793,-0.0984433113581417
4.51589560060417,1.56550506740406,23.3643945244602,-31.8707377311076,-0,0,-0.0195231395103895,-0.0980757208673883
4.51197442560686,1.56534588848446,23.3444869639608,-31.9687361445384,-0,0,-0.0199075604994634,-0.0979984134308316
4.52287760515786,1.56531752610037,23.3256490598754,-32.0669457844403,-0,0,-0.0188379040853535,-0.0982096399019517
4.51960808447467,1.56541071310703,23.3064901585995,-32.1650933086164,0,0,-0.0191589012759254,-0.0981475241761062
4.49881852134466,1.56538765659892,23.2852951002988,-32.2628213470887,-0,0,-0.021195058300701,-0.0977280384722311
4.48320598472984,1.56522137714918,23.2625769045127,-32.360206579954,0,0,-0.0227181957861192,-0.0973852328652735
4.47888661012169,1.56509854262542,23.2394382786588,-32.4574927762697,0,-0,-0.0231386258538508,-0.0972861963157955
4.47959408270215,1.56506702113091,23.2163684859062,-32.5547953181808,0,-0,-0.023069792752599,-0.0973025419110525
4.46395940318095,1.56507587380847,23.1917802806414,-32.6517252937397,0,-0,-0.0245882052648128,-0.0969299755589335
4.47929521883052,1.56495384723835,23.1686814087051,-32.7490209365778,-0,-0,-0.0230988719362693,-0.0972956428380625
4.49703991725961,1.56507972636556,23.1473125645322,-32.8467111228746,-0,0,-0.0213688441729484,-0.0976901862968448
4.48237266527849,1.56522705713409,23.1245132236346,-32.9440773904145,0,-0,-0.0227993408975485,-0.097366267539828
4.49406660353077,1.56511125148108,23.1028540107741,-33.0417036087078,-0,-0,-0.0216592128604854,-0.0976262182933672
4.47157777413129,1.56520975600995,23.0790049604172,-33.1388180916497,0,-0,-0.023849050356931,-0.0971144829418999
4.46627872662821,1.56503073789213,23.0546416330491,-33.2358048344528,-0,-0,-0.0243633273681501,-0.096986742803088
4.46196459323856,1.56499124695417,23.029860119955,-33.3326855683929,0,0,-0.0247815130940398,-0.0968807339400871
4.47616686516331,1.56495968269043,23.0064569863637,-33.4299084738119,0,-0,-0.0234031335912998,-0.0972229054189792
4.46669129239546,1.56507727641817,22.9821336744778,-33.5269052598355,-0,-0,-0.024323311885881,-0.0969967860235697
4.45656814539872,1.56500391188682,22.9568297129323,-33.6236508516219,0,0,-0.0253039615455227,-0.0967455917864101
4.45395160930322,1.56492562966779,22.9312726999614,-33.7203299035825,0,-0,-0.0255570129709551,-0.0966790519606105
4.46587643836082,1.5649076265064,22.906870357937,-33.8173068374571,0,-0,-0.0244023420243902,-0.0969769338746316
4.44341597814078,1.56500658439459,22.8802962073719,-33.9137112695219,0,0,-0.0265741505650808,-0.0964044320648403
4.42636545359504,1.56482939735129,22.8520822530456,-34.0096486073069,-0,0,-0.0282139543263032,-0.0959373377850005
4.41653308314609,1.56469708935992,22.8229263862613,-34.1053039021529,0,0,-0.0291558667842955,-0.0956552948459019
4.42914916392611,1.56462236853664,22.7949796026639,-34.2013194076015,0,0,-0.0279467835973824,-0.096015505448657
4.43570059993879,1.5647239389539,22.767662453761,-34.2975159427565,-0,0,-0.0273171489028781,-0.0961965351549524
4.43253354823596,1.56477849391944,22.7400407829653,-34.3936254807975,-0,0,-0.0276216707957034,-0.0961095380409967
4.43224642589026,1.56475599840066,22.7123915181126,-34.4897270840781,-0,0,-0.0276492648527761,-0.0961016032805959
4.44095363655164,1.56475637472083,22.6855800677061,-34.5860657893169,-0,0,-0.0268114504064809,-0.0963387052388645
4.44563965589736,1.56482862300582,22.6592203550567,-34.6825290753331,0,-0,-0.0263597126493895,-0.0964632860161918
4.42676753425675,1.56486915769576,22.6310449775583,-34.7784777496482,-0,-0,-0.0281753774984247,-0.0959486743150799
4.40805765323713,1.56472101293065,22.6010794479022,-34.8738825033685,-0,0,-0.0299655296560181,-0.0954047537203168
4.42027180853168,1.56457577526958,22.572281412935,-34.9696461352024,0,-0,-0.0287980349672496,-0.095763631833933
4.42711899390641,1.56467445650123,22.5441397592635,-35.0656047060996,0,0,-0.0281416536714929,-0.0959585708972041
4.42995997417558,1.56473150031763,22.5162708351998,-35.1616428395235,0,0,-0.027868924063694,-0.0960381334238232
4.42303695963914,1.56475691387776,22.4877377109034,-35.2574857360672,-0,-0,-0.0285331242963855,-0.0958428965437033
4.40935917315502,1.56470430916967,22.4578963777797,-35.3529294097045,0,0,-0.0298413331237344,-0.0954436736373779
4.4028258255393,1.56459829644284,22.4274321192753,-35.4481760839445,-0,0,-0.030464258504337,-0.0952466742400013
4.38350245305783,1.56454913473148,22.3951331757316,-35.5428163409495,-0,-0,-0.0322989435437665,-0.0946402570049162
4.38014318512248,1.56440030759195,22.3625164930465,-35.637347563361,-0,-0,-0.0326166826851087,-0.0945312224115341
4.36760797766933,1.56437616848068,22.3287174354294,-35.7314625127803,0,0,-0.0337990576170749,-0.0941149494193014
4.37361598039837,1.56428130837419,22.2954844272888,-35.8257788272223,0,-0,-0.0332330081406355,-0.0943163144420119
4.3564668409722,1.56432924673067,22.2606389414777,-35.9195113835653,-0,-0,-0.0348454858110391,-0.0937325563429947
4.36151688220276,1.56419932783664,22.2262672512587,-36.0134187150761,-0,0,-0.0343716902190287,-0.0939073315108417
4.36611891616301,1.56423941386004,22.1923280882165,-36.1074832312977,-0,-0,-0.0339391630422463,-0.0940645162215372
4.37915379539368,1.56427638327993,22.1596178932902,-36.2019821368357,0,-0,-0.0327101949262508,-0.0944989055380361
4.37223998120944,1.5643792034323,22.1262551374796,-36.2962526334119,0,-0,-0.0333627558106093,-0.0942704965761911
4.38022490795008,1.56432731369818,22.0936461802622,-36.3907865210353,0,0,-0.0326089572174078,-0.0945338876233981
4.37022645084265,1.56439145528992,22.0600936757037,-36.4849896496344,0,-0,-0.0335525045585317,-0.094203128599053
4.38880923155278,1.56431542714487,22.0282974194819,-36.5797999765523,0,0,-0.0317962562217384,-0.0948103269179131
4.38777385572592,1.56446301583477,21.9964030159999,-36.6745773315825,-0,0,-0.0318944034819857,-0.0947773550302407
4.38902658543107,1.56445705412321,21.9646273679214,-36.7693945673004,-0,-0,-0.0317756480785724,-0.0948172357179153
4.38738406315852,1.56446920127108,21.9326960233547,-36.8641594829294,0,-0,-0.0319313445666096,-0.094764915628984
4.35728324596576,1.56445844705446,21.8979270728748,-36.9579204560607,0,0,-0.0347689504799271,-0.0937609731312787
4.33288739604003,1.56422479257677,21.8608813166381,-37.0508053953396,-0,-0,-0.0370457562367522,-0.0928849392789118
4.33918044612157,1.56403936557656,21.8244208196674,-37.1439216246482,0,0,-0.0364604969707019,-0.0931162293085874
4.31332405499697,1.56408849540122,21.7855651285238,-37.2360640972966,-0,0,-0.0388556911435529,-0.0921424726483765
4.30705523569454,1.56389428064048,21.7461325801272,-37.3279611817278,0,0,-0.0394325483965856,-0.0918970844311773
4.29821855639324,1.56384831172312,21.7058895168081,-37.4195062299537,-0,0,-0.0402430633191274,-0.0915450482259565
4.28538701993252,1.56378343825135,21.6644751350301,-37.5105273757493,-0,0,-0.0414143817780146,-0.0910211457956054
4.31826179227969,1.56368959557507,21.6260748910344,-37.6028605835408,-0,-0,-0.0384002439956563,-0.0923332077915311
4.31027951880192,1.56393432618109,21.5869388493116,-37.6948843317707,0,-0,-0.0391360417227892,-0.092023748229857
4.30183009582027,1.56387518222542,21.547026666274,-37.7865741220702,-0,-0,-0.0399121830376124,-0.0916897902995319
4.29326610796789,1.56381276311736,21.5063307261929,-37.8779187467666,-0,0,-0.0406959400810989,-0.0913446246963422
4.28648178095427,1.56374974652421,21.4650160156152,-37.9689851768595,-0,0,-0.0413147105777461,-0.0910664300929661
4.27955619444341,1.56370009911658,21.4230716124395,-38.0597632967026,0,0,-0.0419444031756713,-0.0907781198430367
4.26575248877715,1.56364954591186,21.379878170638,-38.1499537983385,-0,0,-0.0431934418014867,-0.0901905016359349
4.27031916431693,1.56354915152818,21.3370970485513,-38.2403406092846,-0,0,-0.0427811220867221,-0.0903868109460721
4.27600079104198,1.56358233131991,21.2948301583266,-38.3309690264104,0,-0,-0.0422668902246724,-0.0906284171258414
4.27439931649065,1.56362399660457,21.2524181832617,-38.4215296379979,0,0,-0.0424119750649137,-0.0905606115874509
4.24802695967721,1.56361247014145,21.2076329362041,-38.5109403848127,0,0,-0.044785247057627,-0.0894107468148394
4.26680288564124,1.56342146014549,21.1645342540337,-38.601176206941,0,-0,-0.0430986821704341,-0.0902358221283095
4.28430572211748,1.56355695427216,21.1230214755197,-38.6921525182536,0,0,-0.0415127785139589,-0.0909763113126213
4.28101846329667,1.56368613518356,21.0812098591573,-38.7829918750169,0,-0,-0.0418116163623861,-0.09083935676327
4.28159273108087,1.56366215671838,21.0394504158026,-38.8738552278645,0,-0,-0.0417594433547373,-0.0908633528475726
4.2796300955893,1.56366684476678,20.9975127213485,-38.9646364471991,0,0,-0.0419376944540621,-0.0907812193346054
4.28747883261026,1.56365268020372,20.9562888292264,-39.0557440249207,-0,-0,-0.0412238921221378,-0.0911075777216273
4.25569953753675,1.56371177283149,20.912190904567,-39.145495754936,-0,0,-0.0440979246593296,-0.0897517300153044
4.25431748050026,1.56347720388505,20.8679689800525,-39.2351864534071,0,-0,-0.0442219245145346,-0.0896906984710834
4.28704271142198,1.56346707003503,20.826705357907,-39.3262760438521,-0,-0,-0.0412636221455086,-0.0910895904449718
4.27297786525968,1.56370965447808,20.7841646982398,-39.4167762774158,-0,0,-0.042540659667191,-0.0905002335636778
4.2582317555394,1.56360491245906,20.7402941856648,-39.5066393851208,-0,0,-0.0438705125750042,-0.0898631077050332
4.24339520855294,1.56349615153849,20.6950952921516,-39.595841739491,-0,-0,-0.0451988935132398,-0.0892023543701556
4.25360871214099,1.56338786419805,20.6508098088206,-39.6855010723356,0,0,-0.0442854833309107,-0.0896593328446494
4.22999559487803,1.56346214349702,20.6044197316502,-39.7740897891122,0,0,-0.0463900771704503,-0.0885887167765719
4.23538933410941,1.56329076184774,20.5585081513983,-39.8629274320276,-0,0,-0.0459115802519218,-0.0888376429154407
4.25229167705018,1.56332909858659,20.5141046220223,-39.9525283615929,0,0,-0.0444035293759654,-0.089600929565255
4.25186719452588,1.56345201935558,20.4696630626192,-40.0421104345641,-0,0,-0.0444415594031506,-0.0895820729711935
4.25142215353487,1.56344890277086,20.4251816399239,-40.1316727203489,0,0,-0.0444814226952852,-0.0895622857848289
4.23668062426814,1.56344563808938,20.3793848130913,-40.2205695743543,0,-0,-0.0457968268326058,-0.0888968540054389
4.24341454471435,1.56333762964971,20.3341876444176,-40.3097728026809,-0,0,-0.0451971686736675,-0.0892032283265805
4.23998941664923,1.5633865710068,20.2886852089756,-40.3988207019759,0,-0,-0.0455024354420319,-0.0890478992949509
4.26177197186725,1.56336133626998,20.2451331054944,-40.4888385573289,0,-0,-0.0435521034812051,-0.0900178553530487
4.27695498571942,1.56352259629175,20.2029527116516,-40.5795072640323,0,0,-0.0421803938428132,-0.0906687067033889
4.25681475412102,1.5636376466068,20.1589549070117,-40.6693081169619,0,0,-0.043997804639829,-0.0898008529295543
4.23397691661672,1.56348625062999,20.1129178967557,-40.7580808249677,0,0,-0.046037010256035,-0.0887727080058152
4.2275643648831,1.56331740575797,20.066312577355,-40.8465564950898,0,0,-0.0466053194007042,-0.0884756701221208
4.21707687469578,1.56327031168542,20.0187819502179,-40.9345385357797,-0,-0,-0.0475306271370487,-0.0879820406898979
4.20647915743852,1.56319387479474,19.9703216008389,-41.0220119290948,-0,0,-0.0484603493790326,-0.0874733933151224
4.19805038522934,1.56311715686245,19.9211256882865,-41.10907375878,-0,0,-0.0491959125524034,-0.0870618296852086
4.19574997293179,1.56305632551986,19.8717296279769,-41.1960221873218,0,0,-0.0493960603096298,-0.0869484285417938
4.2063689858098,1.56303903876804,19.8232596418057,-41.2834902411505,-0,-0,-0.0484699861711241,-0.0874680538286467
4.22742906253437,1.56311379021629,19.7766423518657,-41.3719596046536,-0,0,-0.0466172899400451,-0.088469363503112
4.22681195460401,1.56326606932216,19.7299704756598,-41.4604001834137,-0,-0,-0.0466718762059428,-0.0884405787600757
4.2118993901777,1.56326124863734,19.6819849619641,-41.548134956881,-0,0,-0.047985513695636,-0.0877347734673427
4.22508505280925,1.56315199145723,19.6351604272321,-41.6364948060611,0,0,-0.0468245347320427,-0.088359849180087
4.21652478038904,1.56324781499444,19.5875812329576,-41.7244505919549,0,0,-0.0475791942744807,-0.0879557858937729
4.2060527466931,1.56318468743887,19.5390835883905,-41.8119033133044,-0,-0,-0.0484976445670716,-0.0874527213495726
4.20773452351869,1.56310799339716,19.4907330882989,-41.8994374731558,0,-0,-0.0483505000915966,-0.0875341598514118
4.22264618127912,1.56311951962467,19.4436931947183,-41.9876828606382,0,0,-0.0470398935806752,-0.0882453874823991
4.22738131132676,1.56322822232262,19.3970716803124,-42.0761499980086,-0,-0,-0.0466215144058393,-0.0884671373703599
4.21074552204471,1.563263068084,19.3489849642242,-42.1638293441276,-0,0,-0.0480867160881983,-0.0876793461189864
4.20309112706314,1.56314008059683,19.3002285310304,-42.251138050579,0,-0,-0.0487564331937961,-0.0873087064514124
4.20728358666275,1.56308367540495,19.2518385634772,-42.3386503985089,-0,0,-0.0483899675531965,-0.0875123479298812
4.20154984517331,1.56311361229115,19.2029476209203,-42.4258838538795,0,0,-0.0488909425569384,-0.0872334553705982
4.21921439521729,1.56307116669906,19.1556051656411,-42.5139672911883,-0,-0,-0.0473424552792266,-0.0880834373088064
4.19384938237997,1.56320054735579,19.1060439412844,-42.6008216810616,-0,0,-0.0495612243566272,-0.086854389873351
4.18788999206377,1.56301400866503,19.0559660008459,-42.6873791757194,-0,0,-0.0500779404385583,-0.0865574946577834
4.20476989197503,1.56297008287968,19.0073562070801,-42.7747696096927,0,-0,-0.0486097937658166,-0.0873904339733176
4.21259376803735,1.56309216665807,18.9594316260321,-42.8625376820846,0,0,-0.0479245810479528,-0.0877680723918339
4.21396801749306,1.56314948413983,18.9116277054262,-42.9503715319074,0,-0,-0.0478039206059502,-0.0878338498228332
4.21834474049806,1.56315936650683,18.8642086658822,-43.038413764323,0,-0,-0.0474190395439802,-0.0880422324156222
4.21858671030451,1.56319178452885,18.8168109312881,-43.126467468137,0,-0,-0.0473977345940725,-0.0880537038139218
4.19075423434171,1.56319342027237,18.7669811175629,-43.2131680428992,0,0,-0.0498298137252112,-0.086700574762286
4.20311741010062,1.56298704823533,18.7182269791239,-43.3004780307877,-0,0,-0.0487541384389518,-0.087309987888417
4.20390346062005,1.56307727576497,18.6695414858012,-43.3878263149146,-0,0,-0.0486854933226975,-0.0873482841269683
4.21804137378145,1.56308263248475,18.6220957393567,-43.4758541579208,0,-0,-0.0474457464445218,-0.0880278430061884
4.200436447695,1.5631881107807,18.5731077016145,-43.5630331241809,-0,0,-0.048988037742183,-0.0871789662600472
4.19128397240553,1.56305614251071,18.5233238234735,-43.6497600835259,0,-0,-0.0497838781410709,-0.086726959345033
4.17227367151574,1.56298793748283,18.4719003345082,-43.7355250226481,-0,-0,-0.051423488965282,-0.0857649391222166
4.15285697499712,1.56284848392918,18.4188213716144,-43.8202753836982,0,-0,-0.0530789628938127,-0.0847503610500702
4.13260515924932,1.56270838564846,18.3640370617702,-43.9039334938543,-0,-0,-0.0547843098441834,-0.083658110156138
4.12019834483414,1.56256489742318,18.3082190643009,-43.9869054840589,-0,0,-0.0558179974693425,-0.0829719902046014
4.12679491149525,1.5624774704739,18.2529496075735,-44.0702438734906,-0,0,-0.0552694567273563,-0.0833383894316592
4.13007668103053,1.56252055536975,18.1979539453688,-44.1537631954387,0,-0,-0.0549956622046596,-0.0835193219481036
4.12188610647325,1.56254118938404,18.1422760642751,-44.236829274899,0,-0,-0.055677881093776,-0.0830660794603149
4.11702550985274,1.56248252421781,18.0861950917708,-44.3196237464715,-0,0,-0.0560809725042886,-0.0827944715725224
4.11307394929425,1.56244692615886,18.0297873905965,-44.4021959648517,-0,-0,-0.0564077011742925,-0.0825722183802259
4.09836204013678,1.56241757813666,17.9721710426067,-44.4839294123767,0,0,-0.0576163479897856,-0.0817334475249878
4.09080234595848,1.56231543834541,17.9139384669845,-44.5652249665996,0,0,-0.0582325756222238,-0.0812955542228601
4.07230165159881,1.56226210768108,17.8542119184711,-44.6454293268469,-0,0,-0.0597265485133798,-0.0802043602473013
4.08952143930727,1.56213717455334,17.7958752586329,-44.726650223905,0,-0,-0.0583366598381431,-0.0812208970581388
4.09789849985077,1.56224764816045,17.7382210300889,-44.8083569551515,0,-0,-0.0576542285440704,-0.0817067312465019
4.08734391790407,1.56230113419111,17.6797076484532,-44.8894506304263,0,-0,-0.0585133816356251,-0.0810936752747321
4.0730600731974,1.5622274663705,17.6200419458306,-44.9697002655067,-0,0,-0.0596657026226447,-0.0802496350804546
4.07025856334249,1.56212983550301,17.5601516575002,-45.0497824318342,-0,0,-0.0598902883303826,-0.0800821663274892
4.05223389992312,1.56210822507337,17.4988277218042,-45.1287721457896,0,0,-0.0613239356960124,-0.078989713955371
4.05001643894138,1.56198797047878,17.437328780412,-45.2076256822203,-0,0,-0.0614989413922045,-0.0788535364307663
4.05180329355127,1.56197009087754,17.3759708369283,-45.2865889823759,-0,-0,-0.0613579434837025,-0.0789633001555202
4.03904943025193,1.56197786694018,17.3136108238163,-45.364763330884,-0,0,-0.0623600131119967,-0.0781743485081366
4.05131827007841,1.5618927751867,17.2522145884972,-45.4436968617099,-0,0,-0.0613962353191116,-0.0789335308258808
4.04752150467872,1.56196729747034,17.1905191043254,-45.5223967170643,-0,0,-0.0616954841718374,-0.0786998553543941
4.02549722359381,1.5619391854764,17.1271054152207,-45.5997187969259,0,0,-0.0634136891046937,-0.0773220798616621
3.9987782976739,1.56179582586871,17.0616486432004,-45.6753191342049,0,0,-0.0654567720202545,-0.075600337278933
3.99993608794271,1.5616277870139,16.9962794443671,-45.7509952060102,-0,-0,-0.0653691988333031,-0.0756760718053738
4.02293580517358,1.56162995730479,16.9326679093035,-45.8281546034084,-0,-0,-0.0636115350635823,-0.0771593973982083
4.0284677891405,1.56176656510138,16.8694841899567,-45.9056647163583,-0,0,-0.063183719346842,-0.0775101129498565
4.02834899334568,1.5617970940781,16.8062912631802,-45.9831673228011,-0,0,-0.0631929267764566,-0.0775026064427861
4.04513395604521,1.56179221847787,16.7444080552988,-46.0617196530167,0,0,-0.0618832078813996,-0.0785523302156434
4.03361827631621,1.56189569194103,16.6816243870815,-46.1395541633908,-0,0,-0.0627836682173554,-0.0778345103740818
4.04000606491997,1.56181774255423,16.6193391867844,-46.2177881318697,-0,0,-0.0622852002970919,-0.0782339684788593
4.03972158048224,1.56185485593432,16.5570317326615,-46.2960043780128,0,0,-0.0623074541229119,-0.0782162461431206
4.03504072833521,1.5618491847778,16.4943588437805,-46.3739281163684,0,0,-0.0626728888809852,-0.0779237383555979
4.02047684881064,1.56181510828923,16.4305577696293,-46.4509308626646,0,0,-0.0638010741511667,-0.0770027462962025
4.01092562831323,1.56171816091117,16.3660241465819,-46.5273207278064,0,0,-0.0645336230473818,-0.0763898651417741
4.01915740671184,1.56165383667651,16.3021215273316,-46.6042392252757,-0,0,-0.0639026192503604,-0.076918497469357
4.03204583500011,1.56170118099836,16.2392155465833,-46.6819749158309,0,-0,-0.0629059807483051,-0.0777356905552004
4.01369010205965,1.56177941865139,16.1748933476366,-46.7585428903546,0,-0,-0.0643221989467022,-0.0765679745236927
3.99182552652075,1.56165817970405,16.1089125301244,-46.8336862980524,-0,-0,-0.0659808175121271,-0.0751434076977574
3.97955571807721,1.56151788070879,16.0420147071123,-46.90801449779,-0,0,-0.066897823012107,-0.0743281997376555
3.97209359783551,1.56143853175025,15.9745641058189,-46.9818414331535,0,0,-0.0674506012934246,-0.0738269353634259
3.96322079011348,1.56138869373898,15.9064611159831,-47.0550669940965,0,0,-0.0681029898358497,-0.0732255609430079
3.96090933747257,1.56133082816753,15.8381890508124,-47.1281349427288,0,0,-0.0682720651706559,-0.0730679486323088
3.96156034204104,1.56131172194198,15.7699645676738,-47.2012473213009,0,0,-0.0682244831385602,-0.0731123785721428
3.98424942832425,1.56130998949178,15.7034163553223,-47.2758887001253,-0,-0,-0.0665482123515559,-0.0746413788244311
3.95962318477048,1.56144069987946,15.6350503701054,-47.3488687800467,0,-0,-0.0683659852168823,-0.0729800799213391
3.9651919689477,1.56128772682982,15.5670918531605,-47.4222284418143,0,0,-0.0679585169448614,-0.0733596617675885
3.94100375602709,1.5613151588673,15.4973789493838,-47.4939230095793,-0,-0,-0.0697129037767212,-0.0716945677650518
3.92137256360976,1.5611681806858,15.4262721188292,-47.5642353033015,-0,-0,-0.0711068305546172,-0.0703122937222002
3.92334544540858,1.56105125555924,15.3553041444123,-47.6346877454676,0,0,-0.070967974416904,-0.0704524421660573
3.93177981863584,1.56105583285178,15.2849329094101,-47.7057362449892,0,-0,-0.0703712350021956,-0.0710484995215646
3.94480230990445,1.56109700043342,15.2154928436004,-47.7776951030981,0,0,-0.069440065809731,-0.0719588581089238
3.92745719281047,1.56116571880536,15.1448151509213,-47.8484387512762,0,0,-0.0706776926791192,-0.0707436481781649
3.92264080874796,1.56106020306102,15.0737975507531,-47.9188411693197,0,-0,-0.0710176001681225,-0.0704024180434215
3.95278179747597,1.56102671953479,15.0049338843539,-47.9913518268126,-0,0,-0.0688636663992375,-0.072510657492913
3.96149787473939,1.56119454632887,14.9367048342154,-48.0644599434427,0,0,-0.0682290501384518,-0.0731081166301295
3.96370874258887,1.56124094309118,14.8686375830795,-48.1377187266894,-0,0,-0.068067251135964,-0.0732587832467453
3.94945468678675,1.56124878644884,14.7995330472902,-48.2099998662305,-0,0,-0.0691045357892443,-0.0722811395410522
3.93537130015741,1.5611578411745,14.7294174349623,-48.2813006439813,-0,-0,-0.0701156123279613,-0.0713007777508425
3.91276048906253,1.561069360458,14.657707714081,-48.3509979605088,0,-0,-0.0717097208812771,-0.0696973165274628
3.91413545989164,1.56093428671301,14.5860938927318,-48.4207938098966,0,-0,-0.0716138213491713,-0.0697958493878323
3.89615062149426,1.56093538956861,14.5132364535708,-48.4892904781288,0,0,-0.0728574391609726,-0.0684966682321497
3.90382799100554,1.56082918846173,14.4409070306473,-48.5583444756926,-0,-0,-0.0723294229235223,-0.0690539975638649
3.90457178130874,1.56086442677485,14.36862898942,-48.6274522520738,-0,0,-0.072278041227287,-0.0691077763811468
3.90994322045851,1.56086174457059,14.2967231973168,-48.6969472667296,0,0,-0.0719057921032435,-0.069495014655766
3.90894195048089,1.56088499187407,14.2247478579977,-48.7663702494507,-0,-0,-0.0719753393191157,-0.0694229827211289
3.90873401682711,1.56087268034478,14.1527580848602,-48.8357782645758,0,0,-0.071989773137488,-0.0694080151251497
3.92083236811321,1.56086480805084,14.0816132822979,-48.9060521364513,0,-0,-0.071144802562307,-0.0702738718754727
3.89086041219017,1.56092708085306,14.0083945026188,-48.9741624168963,0,-0,-0.0732187796791364,-0.0681102804450113
3.86980181096675,1.56075209149519,13.9337577560845,-49.0407158245235,0,0,-0.0746367465342355,-0.0665534076271402
3.86326549799608,1.56063172558237,13.8586875931079,-49.1067799648015,-0,0,-0.0750701629765768,-0.0660641402779919
3.83856598206338,1.56058985078881,13.7820087414699,-49.1709699461963,0,0,-0.0766788516380539,-0.0641899813948354
3.84024681937425,1.56045619328265,13.7054378910138,-49.23528872153,0,0,-0.076570850456085,-0.0643187753337381
3.84018924423767,1.56045634780101,13.6288633375224,-49.29960308818,-0,-0,-0.0765745534914451,-0.0643143666499625
3.85142196386588,1.56044785330598,13.5530160248955,-49.3647735198747,0,-0,-0.0758473126268953,-0.0651704316947341
3.85349869732359,1.56049667639825,13.4773042173452,-49.4301013255739,0,0,-0.07571180755031,-0.0653278056991417
3.86250551480695,1.56049940191908,13.4021838684167,-49.496108394717,0,0,-0.0751203489284564,-0.0660070691431377
3.85037747282307,1.56053851663084,13.3262685272433,-49.5611995690383,0,0,-0.0759153411734327,-0.065091174321265
3.85025169459279,1.56046745449692,13.2503449996176,-49.6262811943474,-0,0,-0.0759235276256278,-0.0650816253091496
3.84249837972114,1.56045878144467,13.1739191607321,-49.6907722103934,0,0,-0.0764258388855423,-0.0644910160459666
3.84676691668708,1.56041092226828,13.0977692995505,-49.7555888644417,-0,-0,-0.0761498611816186,-0.0648166540483248
3.85103156886788,1.56042461486618,13.0218965504936,-49.8207296807595,-0,0,-0.0758727490569216,-0.0651408163177696
3.86926587152275,1.56043860725873,12.9472241460837,-49.887243078054,0,0,-0.0746724044098111,-0.0665133972945122
3.86092028554047,1.5605274338984,12.8719992552482,-49.9531309813351,0,0,-0.0752248908355427,-0.0658879032811083
3.87298721504761,1.56047494729269,12.7975748865134,-50.0199217991054,-0,-0,-0.0744243687347856,-0.0667908177703243
3.88968586133264,1.56053233571084,12.7242761583696,-50.0879460334083,0,-0,-0.0732987281438453,-0.0680242343028913
3.8826758805901,1.56061767740265,12.6505023864947,-50.1554547779038,-0,-0,-0.0737737718748228,-0.0675087444955215
3.86173159201947,1.56057106541138,12.5753309756934,-50.2214036899353,0,0,-0.0751714108013927,-0.0659489120314222
3.85544178536639,1.56044868476997,12.4997462486697,-50.2868784869243,-0,0,-0.0755847270237012,-0.0654747969890139
3.86179357040574,1.56040713173523,12.4245789254198,-50.3528320578318,0,-0,-0.0751673232498727,-0.0659535709074887
3.86841487731954,1.56043329980786,12.3498499455398,-50.4192818852664,-0,-0,-0.0747289798799676,-0.0664498274346848
3.88654204133388,1.56046157411831,12.2763377240275,-50.4870753457795,-0,-0,-0.0735122215122598,-0.0677934605130351
3.885942874424,1.56055525841848,12.202784896115,-50.5548247480356,0,0,-0.0735528279125958,-0.067749402256109
3.87556216618138,1.56054457681063,12.1285327570126,-50.6218069832829,-0,-0,-0.0742521391023557,-0.0669822352472983
3.86392597096911,1.56047864889585,12.0535062439857,-50.6879206909616,0,0,-0.0750265130268858,-0.0661137076787147
3.8682199062071,1.56040657590648,11.9787643097294,-50.754355947141,0,0,-0.0747419342562985,-0.066435256179435
3.86201533534907,1.56042247975063,11.9036116145177,-50.8203261859038,-0,0,-0.0751526952117248,-0.0659702387627451
3.85300401475216,1.56038051548618,11.8278674997055,-50.8856165302996,0,-0,-0.0757441148121515,-0.0652903443958111
3.85797910141093,1.56032352032109,11.7524491460626,-50.9512828986611,-0,-0,-0.0754183536429708,-0.0656663683614663
3.85069061041823,1.56034254432484,11.6765541911045,-51.016397841738,0,0,-0.0758949549580278,-0.0651149430769845
3.84904523744011,1.56029492067736,11.6005522005604,-51.081387821222,-0,-0,-0.0760019905441265,-0.0649899794839982
3.84936349693998,1.56027790148906,11.5245708975434,-51.1464019857697,-0,0,-0.0759813030170212,-0.0650141645477015
3.82726849914022,1.56027145994866,11.4471717694414,-51.2097216112349,0,0,-0.0773991281020176,-0.0633196254651547
3.81345670394191,1.56014601797664,11.3689054938776,-51.2719662102727,-0,-0,-0.0782662755637612,-0.0622445990378073
3.81382177148476,1.56006653230549,11.2906619470116,-51.334239377639,-0,-0,-0.0782435468659973,-0.0622731673662781
3.80419899250794,1.56005940733045,11.211822791033,-51.3957567531079,-0,-0,-0.0788391559785784,-0.0615173754689306
3.82463004983243,1.56000205593824,11.1342568669064,-51.4588719447371,0,0,-0.0775659241266002,-0.0631151916291672
3.82690598952522,1.56009698803113,11.0568347899175,-51.5221635081142,0,0,-0.0774220769889298,-0.0632915633771218
3.81347907866405,1.56010013788136,10.9785699070789,-51.5844098583226,0,0,-0.0782648828385621,-0.062246350208395
3.80196093525616,1.5600218655786,10.8995932692557,-51.6457506333269,0,-0,-0.0789766378232678,-0.0613407750043345
3.82419157390682,1.55995460101619,10.8219996780943,-51.7088318080995,0,-0,-0.0775935911613273,-0.06308117477258
3.83358904482941,1.56005928171355,10.7450023079287,-51.7726393702498,0,0,-0.0769973701656902,-0.0638075621503257
3.82888806151607,1.56010037144272,10.6677058313731,-51.8360842653329,-0,-0,-0.0772964765555435,-0.0634448950830429
3.82054308565215,1.56006666140072,10.5898826062388,-51.8988819215765,0,0,-0.0778232251342947,-0.0627976562436599
3.83372857986449,1.5600138520417,10.5128941402131,-51.9627002269364,0,-0,-0.0769884660257255,-0.0638183053598708
3.82918172597613,1.56007514762229,10.4356162985011,-52.0261678185115,-0,0,-0.0772778417119752,-0.0634675915750623
3.8434051686271,1.56004207853282,10.3592489707666,-52.0907281101364,-0,0,-0.0763673277344852,-0.0645602916249123
3.83938208556816,1.56011081482697,10.2826225303266,-52.1549806480278,-0,0,-0.0766264404400684,-0.0642525378913911
3.84869362386458,1.56008025560074,10.206597693122,-52.2199439001633,0,0,-0.0760248372045723,-0.0649632521354825
3.86927616978224,1.56012346677491,10.1319259736884,-52.28645806645,0,0,-0.0746717194336267,-0.0665141662867824
3.85173425518181,1.56023300223622,10.0560990169196,-52.3516521814236,0,-0,-0.0758269567688152,-0.0651941149735176
3.84467850921998,1.56012432927203,9.97981395831371,-52.4163096623017,-0,0,-0.0762850586058449,-0.0646574808781073
3.84471211303511,1.56007638262574,9.90353107248897,-52.4809697066123,0,0,-0.07628288582474,-0.0646600443106071
3.84739983296922,1.56006819355483,9.82742225007248,-52.5458345441622,-0,-0,-0.0761088224164861,-0.0648648375499067
3.84620728620578,1.5600749544103,9.751236127442,-52.6106085722794,-0,0,-0.0761861226304808,-0.0647740281172426
3.85511627983146,1.56005989113087,9.6756300920141,-52.6760587625532,-0,-0,-0.075606035427897,-0.0654501902737921
3.85058238765483,1.56010238641691,9.59972809058146,-52.7411654916871,-0,0,-0.0759020014326448,-0.065106729133929
3.84527932521324,1.56006820659265,9.52348189299055,-52.8058687941757,0,-0,-0.0762461975909024,-0.064703302488583
3.83720461855995,1.56002970946838,9.44671572653639,-52.8699543283307,-0,-0,-0.0767661664541656,-0.0640855341549974
3.85429598423293,1.5599757567731,9.37105602804859,-52.9353424772932,0,-0,-0.0756596984878029,-0.0653881489624439
3.84461987662606,1.56006465099004,9.29476717853805,-52.9999954852693,-0,0,-0.0762888495105371,-0.0646530079761076
3.8593928381194,1.56000077928369,9.21944173518711,-53.0657684096682,0,-0,-0.0753254433509407,-0.0657729243989061
3.84767187735453,1.56007798702826,9.1433505617016,-53.1306539497954,-0,-0,-0.0760911734855081,-0.0648855401271987
3.85574299981155,1.56000165864146,9.06778556006116,-53.1961515110254,-0,0,-0.0755650016404461,-0.0654975612300136
3.86005959313625,1.5600402668203,8.9925039878777,-53.2619746444177,0,-0,-0.0752815721834506,-0.0658231333923563
3.8575764905523,1.56005757348565,8.91705920235499,-53.3276106432098,-0,0,-0.0754447855227178,-0.0656359987920586
3.82160442960311,1.56003483022123,8.83930267095279,-53.390490861278,0,-0,-0.0777565314021989,-0.0628802180681561
3.82691016389637,1.55982081821991,8.76188085816701,-53.453782747843,-0,0,-0.0774218127857788,-0.0632918865650552
3.83320280141017,1.55984135599689,8.68485884849434,-53.517560565507,0,0,-0.0770220096726684,-0.0637778176640074
3.85415421879392,1.55986799118738,8.60918988098721,-53.5829379878821,0,-0,-0.0756689675071328,-0.0653774223750408
3.84919537225069,1.5599809010655,8.53319764855786,-53.647939377178,-0,-0,-0.0759922324293438,-0.0650013892959572
3.87318057582044,1.55994340492162,8.45878619593844,-53.7147445844531,0,0,-0.0744114526194203,-0.0668052072750902
3.87083271025394,1.56007949848261,8.38421809891276,-53.7813748996705,-0,-0,-0.0745680970256829,-0.0666303152173869
3.8805889815593,1.56005733686963,8.31030360385451,-53.8487295388595,0,0,-0.0739144950582461,-0.0673546391890307
3.87271548318223,1.56011009154926,8.23586108867413,-53.9155001306917,-0,0,-0.0744425151803846,-0.0667705918321698
3.83587950809985,1.56005353223385,8.15901006923069,-53.9794838849619,0,-0,-0.0768510194434366,-0.0639837542701624
3.82963262003381,1.55982480673855,8.08176085253315,-54.0429863142037,-0,0,-0.0772492166975451,-0.0635024292418465
3.84202719925536,1.55978002844882,8.00530463522544,-54.1074413127298,-0,0,-0.0764562173077079,-0.0644549985260767
3.82543252107731,1.55984334739034,7.92778938419448,-54.1706187284541,0,-0,-0.07751525103096,-0.0631774157243492
3.81161342997126,1.55973834234452,7.84940850780748,-54.2327189556422,0,-0,-0.0783808763869926,-0.0621002271880465
3.82418372672775,1.55965119615214,7.77181442163927,-54.295799521522,-0,-0,-0.0775940861682121,-0.0630805658798339
3.81666931384877,1.55971305015286,7.69374851723444,-54.3582952379309,0,-0,-0.0780659044048332,-0.0624957164088503
3.82690982486135,1.55966117693103,7.6163266829905,-54.4215870982472,0,0,-0.0774218342439403,-0.0632918603163458
3.82288793063937,1.55971065631545,7.53865092243826,-54.4845670650829,0,-0,-0.0776757605522366,-0.0629799668357455
3.82401864506528,1.55967845820514,7.46104642388271,-54.5476348207426,-0,0,-0.0776044985555547,-0.063067755659615
3.83508468243613,1.55967592361303,7.3841445727899,-54.6115574716458,0,0,-0.0769018510928057,-0.0639226509032592
3.84695897481087,1.55973168818625,7.30800716157762,-54.6763887496981,-0,0,-0.0761374112122838,-0.0648312780522766
3.84483700199463,1.55979413582668,7.23173235167341,-54.7410583203947,-0,0,-0.0762748099042028,-0.0646695706965627
3.83699411714048,1.55977282080543,7.15495269682423,-54.8051276937429,0,0,-0.0767796548491861,-0.0640693733482688
3.84304049467246,1.55971708292209,7.07856183071134,-54.8696601319002,0,0,-0.076390866112889,-0.0645324381572761
3.84740658270996,1.55974479697119,7.00245344611742,-54.9345254831635,-0,-0,-0.0761083845939157,-0.0648653512632485
3.83390525033368,1.55976285504256,6.92547625610309,-54.9983573891157,-0,0,-0.076977190014334,-0.0638319059522518
3.82125514214743,1.55967259903854,6.84769776617317,-55.0612104439677,0,0,-0.0777784899299187,-0.0628530548519445
3.790920452843,1.5595888115831,6.76804872363162,-55.1216755580601,-0,-0,-0.0796490425415546,-0.0604651140924552
3.78366953500916,1.55940682140114,6.687963351155,-55.181561559056,0,-0,-0.080085372476615,-0.0598860009959075
3.76863514338415,1.5593570284094,6.60698671379956,-55.24023680258,0,0,-0.0809766373554434,-0.0586752435240367
3.76346389555048,1.55926599873035,6.52570773629878,-55.2984925131707,-0,0,-0.0812789775007812,-0.0582557105907009
3.77684310693522,1.55922820106376,6.44521542550555,-55.3578304260357,-0,-0,-0.0804923107932297,-0.0593379128649308
3.80212654972051,1.55928894862787,6.36624894768492,-55.4191842798723,-0,-0,-0.0789664778206277,-0.0613538538366118
3.77541837595441,1.5594194874136,6.28567217805148,-55.4784074526634,0,-0,-0.0805767696334427,-0.0592231727910546
3.7675842870773,1.55926086004715,6.20463392616887,-55.5369975689955,0,-0,-0.0810382518826033,-0.0585901163321234
3.75887303549824,1.55920825154778,6.12308836230916,-55.5948795265885,0,-0,-0.0815455638597081,-0.0578819575930382
3.74251840163468,1.55915143909104,6.04060710784333,-55.6514201550051,0,0,-0.0824812544658353,-0.0565406284165831
3.76462523196385,1.55905604234707,5.9593958396159,-55.709770218526,-0,-0,-0.0812112682274285,-0.0583500635208965
3.75745214247423,1.55916015265607,5.87776811403177,-55.7675362502052,-0,0,-0.0816277255841306,-0.057766031679196
3.74955217503184,1.55911131078301,5.79568659058378,-55.8246556296526,0,-0,-0.0820815234479933,-0.0571193794474041
3.73981151065684,1.55905901445294,5.71305258916847,-55.8809727834345,0,0,-0.0826340014153094,-0.0563171537819042
3.74768496167093,1.55899775675657,5.63086455480197,-55.9379387996808,-0,-0,-0.0821880343665007,-0.0569660162462753
3.74785816908455,1.55902696212906,5.54868638860461,-55.9949190506493,-0,-0,-0.082178166197358,-0.056980250968554
3.73613417391581,1.55901669385708,5.46584584923844,-56.0509319512841,-0,-0,-0.0828405393661714,-0.0560129006347807
3.69639143170266,1.55894508448544,5.38084520367963,-56.1036091783807,0,0,-0.0850006455588054,-0.0526772270965959
3.68998578715818,1.55874049046424,5.29550887271532,-56.1557408445497,-0,-0,-0.0853363309643142,-0.0521316661689326
3.68471364584973,1.5586986526038,5.20989888349269,-56.2074218830967,-0,0,-0.0856099892226237,-0.0516810385470557
3.68651829328093,1.55866217356982,5.12438229967813,-56.2592573332509,-0,-0,-0.0855165838145629,-0.0518354501541835
3.6847221208626,1.55865761589299,5.03877274845605,-56.3109390973419,0,0,-0.0856095512220822,-0.0516817640909603
3.68278267457358,1.55863677235924,4.95306312429928,-56.3624547292113,-0,-0,-0.0857096241567668,-0.0515156318694218
3.68415812750938,1.55861524153539,4.86742443852302,-56.4140882018673,-0,-0,-0.0856386857762603,-0.0516334726559714
3.67719279058435,1.55860864644714,4.78142818853253,-56.4651239245287,0,0,-0.0859962499904951,-0.0510357226614092
3.68790240906459,1.55856444328634,4.69598343287509,-56.5170776898459,-0,-0,-0.0854447556574421,-0.0519537653172512
3.66146909491335,1.55860007561208,4.60919537618456,-56.5667549805921,-0,0,-0.0867880566905289,-0.0496772907461904
3.65657697598237,1.5584695508475,4.52216533178864,-56.6160071010789,0,-0,-0.0870300443959117,-0.0492521204867937
3.67252113789887,1.55843527719695,4.43593159989849,-56.66664052368,0,-0,-0.0862337318901503,-0.0506334226010615
3.67939892546689,1.55849114768883,4.35004815077781,-56.7178658413182,0,0,-0.0858834491206799,-0.0512253176382108
3.67093352419233,1.55850893500905,4.26373414128249,-56.7683622943108,0,0,-0.0863140094953288,-0.0504964529926636
3.65813679557239,1.55845775026331,4.17678102715145,-56.8177501059946,-0,-0,-0.086953114131035,-0.0493878116838073
3.64956090760372,1.55838839041696,4.08940757137297,-56.8663904105303,-0,0,-0.0873734557784762,-0.0486403045357105
3.649207976308,1.55833828076262,4.00201695435079,-56.9149998752104,-0,-0,-0.087390617022183,-0.0486094646800614
3.64820336132845,1.55832302092872,3.91457754764,-56.9635215214527,0,0,-0.0874394067107929,-0.048521646242317
3.63049377942798,1.55830497850618,3.82629259919847,-57.0104871245967,0,0,-0.088284948441525,-0.0469656031439742
3.62234189487959,1.55821832185918,3.7376277302161,-57.0567314865053,-0,-0,-0.0886648689823733,-0.0462443619086542
3.6236670809508,1.55817181280339,3.64902422145304,-57.1030933052237,0,-0,-0.0886035087630562,-0.0463618187183701
3.62889752418003,1.55816257943781,3.56066441642923,-57.1499179232804,0,0,-0.0883598050238184,-0.0468246180566676
3.63391411377999,1.55816894037997,3.47254062214878,-57.1971852151598,0,-0,-0.0881237942804482,-0.0472672918794513
3.65290268242097,1.55817490441066,3.38533019888185,-57.2461172299723,0,-0,-0.0872104232669252,-0.0489320148124288
3.6542443026844,1.55824063023254,3.2981855022648,-57.2951662039832,0,0,-0.0871446966170485,-0.0490489740109065
3.6658978246289,1.55823256084709,3.21161830326256,-57.3452273671429,0,0,-0.0865671990022455,-0.0500611631597351
3.65436667532318,1.55827046439863,3.12447960955037,-57.394287004913,0,0,-0.0871386937121854,-0.0490596377701053
3.6577799394811,1.55820539024035,3.03750887661486,-57.4436437837044,-0,-0,-0.0869707329355182,-0.0493567787913553
3.65286758924551,1.55820651592902,2.95029673622185,-57.492572737996,-0,-0,-0.0872121403930053,-0.0489289542916128
3.62396290440025,1.55817090348362,2.86170694624864,-57.538960765681,-0,0,-0.0885897899732067,-0.0463880276849872
3.60433561565297,1.55803501645962,2.77222380671254,-57.5836011928604,0,0,-0.089483139536101,-0.0446404271794378
3.59812672148218,1.55794348585106,2.68246522606755,-57.6276851718164,-0,0,-0.0897585806449956,-0.0440839789560315
3.60276411948976,1.55790504128658,2.59291204479405,-57.6721849215213,-0,-0,-0.0895531812734966,-0.0444997497048721
3.59072611091554,1.55790720966098,2.5028296767509,-57.7156034310275,-0,-0,-0.0900823680431506,-0.0434185095061813
3.57195091384958,1.55784722772659,2.4119480424406,-57.757323073225,-0,0,-0.0908816343103038,-0.0417196421975094
3.56237255377273,1.55776550693259,2.32067097742039,-57.798170317946,-0,0,-0.0912770650202055,-0.040847244720999
3.55696395373798,1.55771755197415,2.22917432212674,-57.8385232864871,0,0,-0.0914966552936467,-0.0403529685410578
3.53861779411934,1.5576838577595,2.13695278397243,-57.8771909461066,0,0,-0.0922215381543117,-0.0386676596195428
3.52952972955937,1.55761054125459,2.04438364486521,-57.9150189051442,-0,-0,-0.0925691391072185,-0.0378279590375748
3.56985287359319,1.55756729847899,1.9534146811504,-57.9565477823341,-0,0,-0.0909689637148174,-0.0415288771898811
3.58577958643409,1.55767784408785,1.86311864533301,-57.9995201678353,0,-0,-0.0902960358173858,-0.042972385501219
3.55405653531492,1.55771809391881,1.77150505395458,-58.0396069471365,-0,0,-0.0916135913784307,-0.0400867793012352
3.56908207536319,1.55759313339303,1.68050410688159,-58.0810656932803,0,-0,-0.0910009470729897,-0.0414587461438346
3.57978887109508,1.55762689665656,1.58995225757254,-58.1234963730617,0,0,-0.090551849309047,-0.0424306797813993
3.57797856563885,1.55764838512129,1.49932374419282,-58.1657630568988,0,-0,-0.090628513379727,-0.0422666838370442
3.58452666199006,1.55762586816762,1.40897393811154,-58.2086222745897,-0,-0,-0.0903498060812746,-0.0428592176909015
3.60929194876079,1.55763352976687,1.31971314958182,-58.2537056599001,-0,-0,-0.0892607885297237,-0.0450833853104661
3.60698068443292,1.55771272696726,1.23034839993753,-58.2985826197015,-0,0,-0.0893647496442932,-0.0448769598013591
3.61287186483791,1.55768793877048,1.14124957777251,-58.3439852615718,0,-0,-0.0890988221650169,-0.0454026418703437
3.62906015156154,1.55769610011076,1.05289738888214,-58.390824248733,0,-0,-0.0883521888903719,-0.0468389871611251
3.61096433830078,1.55774844050799,0.963712122125417,-58.4360568497364,-0,0,-0.0891852667567191,-0.0452326010034008
3.60328163232195,1.55765740044481,0.87418198203444,-58.4806029384007,-0,0,-0.0895301400909775,-0.0445460886643254
3.60107620388518,1.55761079462717,0.784553816545805,-58.524951466574,-0,-0,-0.0896281654886346,-0.0443485281733445
3.60226579915572,1.55758619715047,0.694978471262153,-58.5694065845844,-0,-0,-0.0895753452836524,-0.0444551180103535
3.58470858433068,1.55757502602418,0.604636463725131,-58.6122822382142,-0,-0,-0.0903420075370214,-0.0428756536297788
3.57197146135683,1.5574909476371,0.513755686668663,-58.6540037477939,0,0,-0.0908807770564685,-0.0417215095797415
3.60286554782152,1.55742763473615,0.424207019391183,-58.6985125804997,-0,0,-0.0895486672774794,-0.0445088327057371
3.61371336986097,1.55752909277166,0.335146435319655,-58.7439901833921,-0,-0,-0.089060584071528,-0.0454776028923941
3.59687602493436,1.55755767818977,0.245332789210795,-58.7879618671514,0,-0,-0.0898136461088603,-0.0439716837593513
3.58064573310491,1.55747315045993,0.154817330377003,-58.8304701217863,0,0,-0.0905154588337917,-0.0425082546349314
3.58785245641175,1.55739411985512,0.0646105646550809,-58.8736295867736,-0,0,-0.0902067657219222,-0.0431594649873032
3.57751093310747,1.55740508145875,-0.0260377040909516,-58.9158538851497,-0,-0,-0.0906482687460325,-0.0422242983760188
3.57021125392047,1.55734921886908,-0.116991778831623,-58.9574153611589,0,0,-0.0909540747406714,-0.0415614760092607
3.56672832833368,1.5573054928308,-0.208090057136894,-58.9986597994484,-0,0,-0.0910982783052708,-0.0412444382894884
3.57872520815406,1.55727592871141,-0.298686987154857,-59.040994138599,0,0,-0.0905969300179635,-0.042334339150626
3.55110135561926,1.5573033808872,-0.390418641962676,-59.0808100086287,0,-0,-0.0917316548078183,-0.039815870029666
3.55953204316222,1.55718688147466,-0.481811365624618,-59.1213978154388,0,-0,-0.0913927236619423,-0.0405878068100735
3.56337116609883,1.5571989081721,-0.573047594577584,-59.1623361901799,0,-0,-0.0912362289529657,-0.0409383747410914
3.56966738470059,1.55719539815479,-0.664024259872853,-59.2038481929231,0,-0,-0.0909766652952694,-0.0415120027432131
3.56993943384609,1.55720122067215,-0.754989628496762,-59.2453849442539,-0,-0,-0.0909653686239091,-0.0415367513307954
3.56808970970085,1.55718509261979,-0.846031672990686,-59.2867533637833,0,0,-0.0910420444939238,-0.0413684195294719
3.55254235254537,1.55716104872358,-0.937705858032941,-59.3267013774616,-0,0,-0.0916741850422547,-0.0399480136782599
3.56207003497338,1.55708774217226,-1.02899527593566,-59.3675210072858,-0,0,-0.0912894179027168,-0.0408196298241805
3.55775300838686,1.55710419704975,-1.12046006205195,-59.4079461591185,-0,-0,-0.0914647861162888,-0.0404251518327582
3.56867100260207,1.55707111935064,-1.211478043997,-59.44936749375,-0,0,-0.0910179819450528,-0.0414213346314438
3.58353771542642,1.5570936671213,-1.30187019136568,-59.4921373393667,0,-0,-0.0903921473686785,-0.0427698456167323
3.59778901080172,1.55713369726327,-1.3916436545225,-59.5361910033781,0,0,-0.0897734631568273,-0.0440536640114051
3.6232701228866,1.55717462761822,-1.48026556000201,-59.5825176465673,-0,-0,-0.0886219054795042,-0.0463266431892257
3.62671658401087,1.55726879163027,-1.56872727649367,-59.6291494459681,-0,-0,-0.0884617164916631,-0.046631799400716
3.59101340834772,1.55726825126684,-1.65879716679301,-59.672593834115,0,0,-0.0900698902993411,-0.0434443881469707
3.57902186543363,1.55709643810178,-1.74938153403476,-59.7149550476412,0,0,-0.0905843672417469,-0.0423612135262002
3.59599450097093,1.55703086335048,-1.83923390733515,-59.7588475414447,-0,0,-0.0898523733003924,-0.0438924938034618
3.60105388808315,1.55708282613322,-1.92886306247445,-59.8031940694826,-0,0,-0.0896291551392927,-0.044346528037904
3.57099935299046,1.55708726516657,-2.01978435441212,-59.8448272133992,-0,0,-0.0909212919376789,-0.0416331439166364
3.58417364032766,1.55694736434835,-2.11014928509547,-59.8876545329814,0,0,-0.0903649306833484,-0.0428273195821737
3.59032950893735,1.55698214548532,-2.20024886592026,-59.9310373122284,-0,-0,-0.0900995808247908,-0.0433827792470353
3.58986792339152,1.55699011273766,-2.29036846200982,-59.9743784981912,0,-0,-0.0901195960895551,-0.0433411859627243
3.58074198512139,1.55697083301424,-2.3808798289191,-60.0168954649246,0,0,-0.0905113669092847,-0.0425169667334448
3.5921110117488,1.55691578738407,-2.47090198026474,-60.0604386879002,0,0,-0.0900221513456386,-0.0435432229756015
3.56588863063193,1.5569453469884,-2.56203485930964,-60.1016066166432,-0,-0,-0.0911328790449004,-0.0411679287429859
3.56804421000185,1.55682145725381,-2.65307878595996,-60.1429708937442,0,0,-0.0910439266503213,-0.0413642771010315
3.5565604722159,1.5568118125764,-2.74459171548263,-60.1832869417919,-0,0,-0.0915129295226663,-0.0403160480476387
3.57530764313805,1.55674957168396,-2.83533279650115,-60.2253114134196,-0,0,-0.0907410810185215,-0.0420244716277327
3.587498443311,1.55680452699003,-2.92555483558619,-60.2684389413262,0,0,-0.0902220390850362,-0.0431275279066422
3.59283521975814,1.55683700689152,-3.01554542897647,-60.3120473476405,0,0,-0.0899905933902798,-0.0436084063142112
3.58572017305194,1.55684208100775,-3.10584401776924,-60.3550143682729,0,0,-0.0902985887927755,-0.042967020632495
3.57817581343998,1.55679403408786,-3.19646419237555,-60.3972989275626,0,-0,-0.0906201746063054,-0.042284559289683
3.56760533348358,1.55674463156266,-3.2875262640671,-60.4386232436398,-0,0,-0.0910620716915499,-0.0413243160771359
3.5509414634432,1.55668358579741,-3.37926428394841,-60.4784244459866,0,0,-0.0917380198813086,-0.0398012023468717
3.55458758639858,1.55660051432415,-3.47085657428203,-60.51855987113,-0,0,-0.0915922903336281,-0.0401354251433865
3.57525874416765,1.55659561000872,-3.56159971014546,-60.5605799055621,-0,-0,-0.090743135863429,-0.0420200344320572
3.57345710607828,1.5566592717973,-3.65241840359096,-60.6024363855963,-0,-0,-0.0908186934454997,-0.0418564800341877
3.56236554253586,1.55663351864394,-3.74369575499863,-60.6432829903511,-0,0,-0.0912773514076705,-0.0408466047548708
3.5703393782005,1.55657018525739,-3.83464450395859,-60.6848561194446,0,0,-0.090948748959952,-0.0415731290934377
3.56386479499994,1.55658371472197,-3.92586051343169,-60.7258395260356,0,0,-0.0912160094731072,-0.0409834065909853
3.5889031366624,1.55653885432162,-4.01602188257354,-60.7690937456502,-0,0,-0.0901613691418471,-0.0432542196145946
3.59297150933054,1.5566254553154,-4.10600653175701,-60.8127144163388,-0,-0,-0.0899846491834678,-0.0436206706886567
3.58702675542754,1.5566252779896,-4.19624890353692,-60.8557993828067,0,0,-0.0902423717799124,-0.0430849664678536
3.60973809489612,1.55658083435457,-4.28548956940567,-60.9009225869848,-0,0,-0.089240665868749,-0.0451232041781422
3.61500659572939,1.5566660497483,-4.37449126620717,-60.9465153272671,-0,-0,-0.0890016968015012,-0.0455927402823482
3.62933421355627,1.55667341460798,-4.46283061499339,-60.9933785266461,0,0,-0.0883393487862148,-0.0468631993789102
3.63114032751515,1.55672628963247,-4.55108517946352,-61.0404012004342,0,0,-0.088254564470133,-0.0470226737881539
3.65746015753958,1.55671810955523,-4.63807169135848,-61.0897301650326,0,-0,-0.0869865118949637,-0.0493289645983709
3.65703764001719,1.55683937998992,-4.72507903784027,-61.1390223719034,-0,-0,-0.0870073464817857,-0.0492922068708483
3.67289696184783,1.55682052998743,-4.81129373438805,-61.1896881996296,-0,0,-0.0862146965477837,-0.0506658277261269
3.64792583277945,1.55689252091994,-4.89874660387336,-61.2381855770719,0,-0,-0.0874528694853138,-0.0484973774423387
3.66268628294167,1.55673813961373,-4.98547412968498,-61.287968468376,0,-0,-0.0867275258116125,-0.0497828913041026
3.6777281951099,1.5568021119366,-5.07144304259414,-61.3390502265017,-0,0,-0.0859689129091663,-0.0510817581257359
3.70253756396054,1.55687143586556,-5.15611832354441,-61.3922488805824,0,-0,-0.0846752809502681,-0.0531986540806547
3.68587223006386,1.55700424556527,-5.24166837848712,-61.4440290708032,0,-0,-0.0855500549427071,-0.0517801902207765
3.68644429804667,1.55688778145465,-5.32718879764384,-61.4958581929958,-0,-0,-0.0855204191567224,-0.0518291221926294
3.68999144270951,1.55687537318094,-5.41252483377348,-61.5479903417879,-0,-0,-0.0853360361296357,-0.0521321487920987
3.68768782106768,1.55688090676765,-5.49798073611798,-61.5999257704901,0,-0,-0.0854559023445073,-0.0519354287022455
3.70029989187635,1.55685123302381,-5.58277484612012,-61.652934816029,-0,-0,-0.084794110002134,-0.0530090455389077
3.70781761104592,1.55691280919066,-5.66716805665313,-61.7065798159445,0,-0,-0.0843932105330134,-0.0536449999154672
3.71834561793442,1.55694470871438,-5.75099182570728,-61.7611103187989,0,0,-0.0838237690541492,-0.0545305028544269
3.7311033270904,1.55699730884376,-5.83411310788735,-61.8167057543017,0,0,-0.0831212821800646,-0.0555954355027647
3.72737192128406,1.55706690884762,-5.91744126005254,-61.8719906442513,-0,0,-0.0833281521651936,-0.0552848899495544
3.73749078670594,1.55702752675244,-6.00020573539482,-61.9281158758438,0,0,-0.0827644753422851,-0.0561252315925404
3.73410270503833,1.55708140793928,-6.08315989221127,-61.983960373038,-0,0,-0.0829541568164476,-0.0558444971941929
3.73633218833673,1.55704410196958,-6.16598933859136,-62.039989676196,0,0,-0.0828294463800838,-0.0560293031579799
3.74319848837605,1.55704502891391,-6.24843212145389,-62.0965863859403,-0,-0,-0.0824427828625341,-0.0565967097443046
3.7386975015384,1.55707829083732,-6.33112880940399,-62.1528114497649,0,-0,-0.0826966879501038,-0.0562250638246251
3.72591224428185,1.55703298946878,-6.41453757085112,-62.2079746486737,-0,0,-0.0834087614471281,-0.0551631989088384
3.73097835015869,1.55693117458301,-6.49766580052897,-62.2635596954995,0,0,-0.0831282296778473,-0.0555850468258061
3.7306398212738,1.55695104145008,-6.58081284258705,-62.3191165978339,-0,-0,-0.083147042058084,-0.0555569023343743
3.73615475004867,1.5569342106601,-6.6636522294068,-62.3751312029948,-0,0,-0.0828393868197497,-0.0560146051608675
3.73550135125292,1.5569578777963,-6.7465281984162,-62.4310916690468,0,0,-0.0828759690093935,-0.0559604660519733
3.72269547448067,1.55693898361516,-6.83011397532948,-62.48598627623,-0,-0,-0.0835857769132794,-0.0548946071832516
3.74239423376609,1.55683618563786,-6.91260224968878,-62.5425166626892,0,0,-0.0824882743593023,-0.056530386459182
3.73917861324951,1.55695865431132,-6.99527187753242,-62.5987815063502,0,-0,-0.0826696278436455,-0.0562648436609679
3.73223994072391,1.55692167303869,-7.07832991550435,-62.6544713827035,-0,-0,-0.0830580379719236,-0.0556898763533777
3.74055646739444,1.55685844838256,-7.16092194015108,-62.7108500796089,0,-0,-0.0825920246467337,-0.056378696905421
3.74534893926027,1.5569028210014,-7.24324282403717,-62.7676239475079,0,-0,-0.0823208838860889,-0.0567738678989997
3.72906579685905,1.55692307442988,-7.32647721097925,-62.8230499055996,0,-0,-0.0832343869420821,-0.0554259580916357
3.71611945782126,1.55679281941672,-7.41042216585717,-62.8773936683562,-0,-0,-0.0839449548779235,-0.0543437627565795
3.70219816677388,1.55668811938293,-7.49511549740373,-62.9305635808212,-0,-0,-0.0846933315465587,-0.0531699124650839
3.6986355063374,1.5565785005788,-7.57999771740655,-62.9834314229126,-0,0,-0.0848822200028141,-0.0528678420913306
3.69343792907163,1.55653893453074,-7.66515357433038,-63.0358573709876,0,0,-0.0851558569238329,-0.0524259480750486
3.70707765679657,1.55648852827474,-7.74958645660141,-63.0894399091079,0,0,-0.0844328822710321,-0.0535825381202313
3.69751232033052,1.5565638914882,-7.83452800347075,-63.1422123793499,-0,-0,-0.0849415468693391,-0.0527724702420103
3.71867773017204,1.5564835843087,-7.91833365765509,-63.196770718096,0,-0,-0.083805654184341,-0.0545583387461042
3.71484535050677,1.55661275202457,-8.00234778416392,-63.251007481891,0,0,-0.0840141265088259,-0.0542367637950403
3.70729810347133,1.55657067026252,-8.08676885229111,-63.3046086316573,0,-0,-0.0844210681271925,-0.0536011497662497
3.69831352385856,1.55650286215681,-8.17166809041249,-63.357449140421,0,-0,-0.0848992381213826,-0.0528405087637201
3.66975873486509,1.55642564681879,-8.25804136302595,-63.407844157814,0,-0,-0.0863732726134539,-0.050395017393012
3.66884308152767,1.55622131430539,-8.34446074379023,-63.4581600661166,0,-0,-0.0864193807642894,-0.0503159083026111
3.68071370920448,1.55619825228751,-8.43027676848426,-63.509498257609,0,-0,-0.0858160246940294,-0.0513381914924332
3.66594254295614,1.55625808809236,-8.51684172874848,-63.559563291859,0,0,-0.0865649602642145,-0.050065034250013
3.66197830284819,1.55614533674065,-8.60360447811772,-63.60928476933,0,0,-0.0867627493692373,-0.0497214774709172
3.66982989953035,1.55610264039297,-8.68997416416791,-63.6596859333204,0,-0,-0.0863696860501983,-0.0504011639904296
3.67079693650452,1.5561354569323,-8.77629507005183,-63.7101705964111,0,-0,-0.0863209058839186,-0.050484663090682
3.64310602635534,1.55612441343482,-8.86398067081702,-63.7582459062743,0,0,-0.0876856007651877,-0.0480753098632563
3.66340142137636,1.555931889733,-8.95067257279548,-63.8080908070302,-0,-0,-0.0866919019784616,-0.0498449007558126
3.67053688098514,1.55604117265886,-9.03700660457564,-63.858553020186,0,-0,-0.0863340317801585,-0.0504622131558117
3.67993690946328,1.55606998590811,-9.12286248286806,-63.9098245343301,-0,0,-0.085855878292425,-0.0512715141441746
3.65918426723266,1.55611512731291,-9.20976381697312,-63.959303399826,-0,0,-0.0869013341050552,-0.0494788654959022
3.66606290962723,1.55596128514343,-9.29632275044876,-64.0093788532495,-0,0,-0.0865589334756356,-0.0500754534234138
3.69386217286184,1.55598813848401,-9.38145635832704,-64.061840923449,0,-0,-0.0851336078782893,-0.0524620701995801
3.68734639247282,1.55615904613338,-9.46692998793071,-64.113747172036,0,0,-0.0854736296036619,-0.0519062485870056
3.67012675409625,1.55609710839416,-9.55328470835991,-64.164173973041,-0,-0,-0.0863547204291992,-0.0504268010049701
3.64259454034744,1.55596304417474,-9.64099488750228,-64.2122044266597,0,-0,-0.0877101791423735,-0.0480304536186443
3.64915912374224,1.5557667214472,-9.72838787911725,-64.2608096220259,0,0,-0.08739299161497,-0.048605195366193
3.61879810230968,1.55578975067992,-9.81721607143596,-64.3067394843094,0,-0,-0.0888281923187126,-0.045929862283593
3.61690765387867,1.55558327949852,-9.90613093301221,-64.3525013395043,0,0,-0.0889148615762458,-0.0457618551948786
3.61442991635478,1.55555237078755,-9.99515890740604,-64.3980427467655,0,0,-0.0890279743938347,-0.0455414072612026
3.61527716806053,1.55551788935251,-10.0841482648158,-64.4436595667753,-0,-0,-0.0889893574097505,-0.0456168200097255
3.63564355243925,1.55550306776109,-10.1721901814678,-64.4910791925881,-0,-0,-0.0880419166520487,-0.0474196258128817
3.63480794233895,1.55560817451405,-10.2602716916962,-64.5384252331395,-0,-0,-0.0880815102283404,-0.0473460405513995
3.63898466450786,1.55558375486602,-10.3481546829521,-64.5861387516423,-0,-0,-0.0878829912559089,-0.0477135185027664
3.63357880168218,1.55559105965601,-10.436294321573,-64.6333764918907,-0,0,-0.0881396386208846,-0.0472377402484482
3.62699423077533,1.55553758843417,-10.5247430874869,-64.6800328506031,0,0,-0.0884487659139487,-0.0466563587123931
3.62483200021678,1.55547685490894,-10.6132925283673,-64.7264978537752,-0,-0,-0.0885494408803318,-0.0464650031720715
3.63596121451959,1.55544374185163,-10.7013193771605,-64.7739454447735,0,0,-0.0880268487931979,-0.0474475909982737
3.64997444601162,1.55549442208966,-10.7886727108344,-64.8226218774289,-0,0,-0.0873533336739093,-0.0486764326553894
3.62902492746492,1.55556673017662,-10.8770265495309,-64.8694577524349,0,-0,-0.0883538386965703,-0.0468358750060298
3.65293747927295,1.55541158664186,-10.964235270065,-64.9183928018659,0,0,-0.0872087205340512,-0.0489350494309933
3.64238163432566,1.55554852542928,-11.0519556731922,-64.9664045803708,0,0,-0.0877204031271943,-0.0480117785048891
3.66151336122929,1.55545932566703,-11.138741530767,-65.0160857128558,0,0,-0.0867858575748516,-0.0496811324850548
3.64881004368051,1.55556942209445,-11.2261514841615,-65.0646603981103,-0,-0,-0.0874099533945049,-0.0485746852544665
3.64664167044087,1.55546420201122,-11.3136665600273,-65.1130454319143,-0,0,-0.0875150758657591,-0.0483850338039608
3.65302136745914,1.5554305758958,-11.400871175182,-65.1619877969544,0,0,-0.0872046151546642,-0.0489423650401869
3.669029825691,1.55545474943455,-11.4872811582372,-65.2123198426946,0,0,-0.0864099830552778,-0.0503320457401306
3.67773749351368,1.55554762625688,-11.5732495961639,-65.2634024001918,-0,-0,-0.0859684379266371,-0.0510825574971922
3.67656845465862,1.55559201942761,-11.659277692827,-65.3143844223616,-0,0,-0.0860280966631098,-0.0509820221698065
3.67048477711933,1.55556562586297,-11.7456143537663,-65.3648421371121,-0,-0,-0.0863366609393495,-0.0504577147505098
3.63195951029639,1.55550361379848,-11.833830368464,-65.4119370917342,0,-0,-0.0882160146976748,-0.0470949546221209
3.63050589576149,1.55521884290166,-11.9221147478481,-65.4589037645646,-0,0,-0.0882843793841334,-0.046966672830406
3.63893276940141,1.55518927715506,-12.0100002150838,-65.506612722306,0,0,-0.087885467235691,-0.0477089577413329
3.6386083929995,1.55522573605378,-12.0979011533556,-65.5542931695662,0,0,-0.0879009382718137,-0.0476804472602218
3.62578339553529,1.55520382548644,-12.1864063475808,-65.6008423972201,0,-0,-0.0885051942251133,-0.0465492276539039
3.61881644759413,1.55509807054166,-12.2752336972881,-65.6467738890744,0,-0,-0.0888273497073764,-0.0459314918543199
3.60988228080175,1.55503196570821,-12.3644678560992,-65.6919099600297,-0,-0,-0.0892341588110747,-0.045136070955278
3.59518611028241,1.5549535508982,-12.45435568232,-65.7357298036774,-0,-0,-0.0898878262207551,-0.0438198436476824
3.60189527164492,1.55483994656186,-12.5439474932985,-65.7801517285071,-0,0,-0.0895918109785661,-0.0444219248297605
3.62018369733347,1.55486021124253,-12.6327119601795,-65.8262046265628,-0,0,-0.0887644668810166,-0.0460528980557023
3.61772478257094,1.5549571328485,-12.7215893987509,-65.8720391213566,-0,-0,-0.0888774385713223,-0.0458344947937776
3.61586019928636,1.55492009833615,-12.8105521450068,-65.9177078171844,0,-0,-0.0889627462558973,-0.0456686958277641
3.61859740472747,1.55488688203938,-12.8993895535488,-65.9636198509396,-0,-0,-0.0888374085419837,-0.045912033755266
3.62650419497052,1.55488403006356,-12.9878611721282,-66.0102328609897,0,0,-0.0884716185794989,-0.0466130100500243
3.5957779797226,1.55491639668937,-13.0777230469799,-66.0541058988164,-0,-0,-0.0898618748516642,-0.043873037826709
3.58509104138853,1.5546935817725,-13.1680486498137,-66.0970161012479,-0,-0,-0.0903256028337644,-0.0429102024315553
3.57808211713238,1.55460464293069,-13.2586727859293,-66.1392921695763,-0,0,-0.0906241361155962,-0.0422760683283333
3.54229616424314,1.55453914086338,-13.3507514665437,-66.1782987917873,0,0,-0.0920786806143983,-0.0390066222109995
3.5463898923173,1.55430839227567,-13.4426696935454,-66.2176820311774,0,-0,-0.0919182270017337,-0.0393832393900979
3.5158153517501,1.55430699517686,-13.5357488980543,-66.2542369444996,0,0,-0.0930792045088853,-0.0365549133221939
3.50356518975138,1.55411880922953,-13.6292689110268,-66.289648908207,0,-0,-0.0935200129725242,-0.0354119637074662
3.48467148444518,1.55403199127665,-13.7234412558793,-66.3232877171184,-0,0,-0.0941723448525101,-0.0336388089114331
3.48428826832812,1.55391595543733,-13.8176264847504,-66.3568904352004,0,0,-0.0941852288711074,-0.0336027180819814
3.50283996021285,1.55388776630375,-13.911172154929,-66.3922345661254,-0,0,-0.0935456701785783,-0.035344130924959
3.48136451855371,1.55395034949722,-14.0054552270374,-66.4255617669349,-0,-0,-0.0942830721084371,-0.0333272008094778
3.48333041181639,1.55382143164539,-14.099672599279,-66.4590742536808,0,-0,-0.0942173722415554,-0.0335124867459309
3.4782537752462,1.55380381696115,-14.1940588874119,-66.4921080032788,0,-0,-0.09438628813285,-0.0330337495979888
3.48218617597663,1.55375354156066,-14.2883145441552,-66.5255126612157,0,0,-0.0942556567433526,-0.0334046579368699
3.47817829001274,1.55374478780562,-14.3827033255794,-66.5585392859485,-0,-0,-0.0943887814242405,-0.0330266247328873
3.50464707915316,1.5536991880581,-14.4761849719994,-66.5940524072226,-0,0,-0.0934816464199012,-0.0355131212740387
3.49488057257696,1.55380073929284,-14.5700089937162,-66.6286508602063,-0,0,-0.0938240217168795,-0.0345984529837756
3.49613700051109,1.55372533332035,-14.6637894709259,-66.6633671689721,0,-0,-0.0937804772096964,-0.0347163087657892
3.48442597669135,1.55370481575342,-14.7579700715287,-66.6969828568292,-0,0,-0.0941806006027699,-0.0336156878570339
3.46791596696724,1.55362071266255,-14.8526928066494,-66.7290391113086,0,0,-0.0947227351207183,-0.032056254479434
3.46086409422924,1.55351640779648,-14.9476392413042,-66.7604266015928,-0,-0,-0.094946434654795,-0.0313874902842319
3.46011700814899,1.55345696058664,-15.0426090986173,-66.7917431499647,-0,0,-0.0949698573131119,-0.0313165483718618
3.45850845464836,1.55342548225623,-15.1376292073876,-66.8229068937911,-0,-0,-0.0950201087703151,-0.0311637438264001
3.44303251278138,1.55339009252786,-15.2331202065364,-66.8525964387787,-0,0,-0.0954909991487768,-0.0296895449875592
3.42908773945455,1.55329535346896,-15.3290159219604,-66.8809515399656,0,-0,-0.095895715423984,-0.0283551011869519
3.43273727101972,1.55321003304636,-15.4248075161566,-66.9096564259843,-0,-0,-0.0957915941962099,-0.0287048860187365
3.41627103487047,1.55319504960172,-15.5210587643995,-66.9367801648801,0,-0,-0.0962512482428876,-0.0271237388957723
3.42621448670357,1.55310196997623,-15.6170355552467,-66.9648596167742,-0,-0,-0.0959767908472064,-0.0280794518940737
3.44315474893769,1.55310996964193,-15.7125229245462,-66.9945608339926,0,-0,-0.0954873692995262,-0.0297012172184222
3.41894107278014,1.55314915694921,-15.8087014083718,-67.0219414703808,-0,-0,-0.0961784838255333,-0.0273806363881781
3.4139788285582,1.55302232563922,-15.9050145769037,-67.0488445104941,-0,-0,-0.0963131685319376,-0.0269030401133141
3.40199257267573,1.55297338387203,-16.0016432858475,-67.0745912114061,0,0,-0.0966287089438007,-0.025746700912044
3.38792247843808,1.55289934863555,-16.0986246768303,-67.0989758336718,-0,-0,-0.0969813909828042,-0.0243846222656917
3.36964078164335,1.55282044447056,-16.196035629122,-67.1215834955064,0,0,-0.0974109522916913,-0.0226076618345606
3.38217129904556,1.55273184053504,-16.2931556557918,-67.1454099601969,0,0,-0.0971200266698283,-0.0238264646905881
3.35652518603569,1.55273879234896,-16.3908547343931,-67.1667381115577,-0,-0,-0.0976990786012477,-0.0213281513607537
3.35182390839902,1.55263058204401,-16.4886530025149,-67.18760671842,-0,0,-0.0977982681218254,-0.0208686068622594
3.3962302190477,1.55258549492442,-16.5854284679729,-67.2127961861671,-0,0,-0.0967754654580205,-0.0251894677471258
3.41557383753808,1.55269027887515,-16.6816986034196,-67.2398528123626,-0,-0,-0.0962701354466575,-0.0270566261954855
3.39542895412565,1.55272995411976,-16.7784942212462,-67.2649647292461,-0,-0,-0.0967956178266163,-0.0251119168834964
3.38437841071834,1.5526243611147,-16.875561423738,-67.2890054904738,0,0,-0.0970672024918506,-0.0240407612276746
3.38292440811271,1.55255471105427,-16.972663478941,-67.3129050903732,-0,-0,-0.0971020552029879,-0.0238995998994938
3.39593805006678,1.55251764812086,-17.0694462998496,-67.3380662822565,-0,-0,-0.0967828209085292,-0.0251611918832867
3.37161832350866,1.55252998093512,-17.1668123541016,-67.3608665339963,-0,0,-0.0973660542520046,-0.0228002517397438
3.34904931117287,1.55241647011235,-17.2646681476835,-67.381463710076,-0,-0,-0.0978557935818953,-0.020597176079684
3.34797690554628,1.55231763293446,-17.3625459735189,-67.4019559332282,0,-0,-0.0978778258354715,-0.0204922231522376
3.319435638459,1.55228124643187,-17.4609687308406,-67.4196466325135,0,0,-0.0984227573216495,-0.0176906992853218
3.33289865948823,1.55217779116618,-17.5591444055284,-67.4386607562007,-0,-0,-0.0981756746878243,-0.0190141236871569
3.34744725798993,1.55217469270825,-17.6570330712906,-67.4591011357298,0,0,-0.0978886657622176,-0.0204403795290806
3.35489363171971,1.55217816723953,-17.7547668178779,-67.4802698574204,-0,-0,-0.0977337465872596,-0.0211687216906765
3.34649307382878,1.55216504375186,-17.8526749429613,-67.5006168238441,0,0,-0.0979081250834357,-0.0203469664236786
3.34838093168859,1.55210753264869,-17.9505444814145,-67.5211485905231,0,0,-0.097869538453182,-0.0205317666790056
