X,Y,Theta,FmPi_x,FmPi_y,Xi_x,Xi_y
0,0,0.467564051597846,0,0,0,0
0.105989843351542,-0.103206828849904,-0.59126798242775,0.0830234555304082,-0.0557414193557208,0.022966387821134,-0.0474654094941833
0.267138607712319,-0.147250139212117,0.0927140694971441,0.0995705128504717,0.00925812997824336,0.0615782515103047,-0.0533014403404564
0.271240527822331,-0.204566621405199,-1.33364673543469,0.0234932954374681,-0.0972011577579601,-0.0193913753274558,0.0398846755648786
0.200384360147412,-0.250215712419396,-2.39299056964397,-0.0732641027407416,-0.0680615254721348,0.00240793506582297,0.0224124344579373
0.206035237297283,-0.298132275667315,-3.50987938082816,-0.0932945522841161,0.0360017570974852,0.0989454294339865,-0.0839183203454043
0.147180263095472,-0.360642242690724,-3.45014317104041,-0.0952774746474864,0.0303677925572076,0.036422500445676,-0.0928777595806159
0.103847961907995,-0.542952306264098,-2.17961343658569,-0.0571897505924878,-0.0820325083559502,0.0138574494050105,-0.100277555217424
0.0370971295550288,-0.687956864169119,-1.49458957530659,0.00761330115129066,-0.0997097670520785,-0.0743641335042567,-0.045294790852943
-0.084954470894318,-0.870251128105144,-1.7162583068404,-0.0144949546258497,-0.0989439047662591,-0.107556645823497,-0.083350359169766
-0.0470558275163287,-0.924352165518227,0.235529596819835,0.0972390892051856,0.0233357993337694,-0.0593404458271964,-0.0774368367468519
-0.0337114366190251,-1.02329103349512,-1.47818087720515,0.00924831029848111,-0.0995714254021856,0.00409608059882254,0.000632557425290781
0.0205680423100535,-1.10387807274696,-0.68754592668149,0.0772805799940191,-0.0634642573090398,-0.0230011010649406,-0.0171227819427983
0.117687062071853,-1.18852901551736,-0.0519908339618761,0.0998648781000466,-0.00519674148508804,-0.00274585833824659,-0.0794542012853138
0.197884256253049,-1.15545177074241,0.216216794074864,0.0976716071134693,0.0214536049155404,-0.0174744129322743,0.0116236398594147
0.213807174857509,-1.13892578698143,0.790896200581496,0.0703208414066016,0.0710983773645193,-0.0543979228021414,-0.0545723936035442
0.346053256769014,-1.19908899657664,0.0229913737858163,0.0999735710008074,0.0022989348286796,0.0322725109106982,-0.0624621444238854
0.243296128082644,-1.21377166196602,-3.38340173413141,-0.0970906362406804,0.0239459465125078,-0.00566649244569023,-0.0386286119018946
0.294812887583941,-1.3300875401253,-1.94938917391903,-0.0369613329505671,-0.0929185657794895,0.088478092451864,-0.0233973123797906
0.357050685746921,-1.44971014087859,-2.24920075870787,-0.0627551553927243,-0.0778575010621008,0.124992953555704,-0.0417650996911829
0.354950170855623,-1.55753348229474,-2.28475048348589,-0.0654827349073832,-0.0755778501219066,0.0633822200160852,-0.0322454912942504
0.303640621835486,-1.72750224971524,-2.21984809017358,-0.0604431257960273,-0.0796657300475281,0.00913357677589097,-0.0903030373729679
0.211858531626705,-1.82204365246696,-2.47305752347334,-0.0784730488246759,-0.0619837124425443,-0.0133090413841057,-0.0325576903091747
0.118813654623249,-1.80551495237568,-2.8708532894406,-0.0963573421294938,-0.02674439413671,0.00331246512603858,0.0432730942279855
0.141711616056391,-1.76563771883824,-4.99125285931694,0.0275263595112342,0.0961368791466536,-0.00462839807809237,-0.0562596456092085
0.0811196378240467,-1.72063279746633,-4.05859686168254,-0.0608200891427012,0.0793783141460807,0.00022811091035671,-0.0343733927741682
0.163044218463936,-1.79013885844742,-7.33261814856217,0.0498062934396133,-0.0867140884390024,0.0321182872002759,0.0172080274579134
0.170115123218036,-1.90178300253571,-8.17654300728031,-0.0316996872341061,-0.0948426582781179,0.0387705919882066,-0.0168014858101768
0.34044942126067,-1.99133622754416,-6.54206994480429,0.0966676114939503,-0.0256002517185806,0.0736666865486837,-0.0639529732898649
0.383092659732912,-1.89035698012664,-5.59853376588517,0.0774639460489805,0.0632403120052443,-0.0348207075767386,0.0377389354122721
0.386457102902608,-1.74544201128563,-5.11058430841077,0.0387755496112139,0.0921762266115743,-0.0354111064415186,0.0527387422294379
0.34333854242687,-1.59756354079485,-4.62478101226943,-0.00874959436426857,0.0996164875834355,-0.0343689661114689,0.0482619829073438
0.387679272065745,-1.5903911896482,-6.29929849701283,0.0999870185365436,-0.00161124925845911,-0.0556462888976691,0.00878360040510262
0.440601080369852,-1.50637375501434,-5.32820740780169,0.0577626798763031,0.0816300974733445,-0.00484087157219582,0.00238733716052364
0.531813205223077,-1.4429718278344,-5.89335426464133,0.0924973282325096,0.0380032139410258,-0.00128520337928484,0.025398713238914
0.634199135327828,-1.44373500014665,-6.042739973448,0.0971232021538986,0.0238135172406965,0.00526272795085309,-0.0245766895529559
0.731853380413446,-1.44417947865473,-6.22529915869893,0.0998325064684042,0.00578538263523203,-0.0021782613827869,-0.00622986114331203
0.723768117440308,-1.59282160092083,-7.83270052393878,0.00212795037538693,-0.0999773565723754,-0.0102132133485247,-0.0486647656937227
0.802722319258501,-1.65103089194998,-7.22223685515565,0.0590553689755833,-0.0806998351618993,0.0198988328426094,0.0224905441327538
0.731109333803352,-1.7492125960277,-8.30688267900297,-0.0437575937689574,-0.0899181460415577,-0.0278553916861913,-0.00826355803616163
0.622365787857056,-1.73772860302618,-9.36981534242929,-0.099848993549485,-0.00549349498542673,-0.00889455239681131,0.0169774879869404
0.502463259449465,-1.58306372566455,-10.489165365972,-0.048504001193669,0.0874491959265754,-0.071398527213922,0.067215681435055
0.449772376947104,-1.64825830621387,-7.99414228652097,-0.0139702193564165,-0.099019356547766,-0.0387206631459441,0.0338247759984537
0.290302269070956,-1.64150485532117,-9.23572886015665,-0.0982183376928903,-0.0187925022507747,-0.0612517701832577,0.0255459531434676
0.200497352463633,-1.73828768774141,-8.09280745803912,-0.0236561941155034,-0.0971616409905145,-0.0661487224918197,0.000378808570272837
0.09432976740951,-1.76731677131694,-8.78547044872878,-0.0802509116185468,-0.059663985656275,-0.0259166734355761,0.0306349020807466
0.175470309656762,-1.82337995904297,-7.32301322683431,0.0506368652554233,-0.0862317103918512,0.0305036769918286,0.0301685226658212
0.246942784011038,-1.92176533571288,-7.12869513737351,0.066334985798546,-0.0748309405199929,0.00513748855572999,-0.023554436149919
0.363683938432381,-1.99231929827147,-6.55690445354462,0.0962772219943839,-0.0270313988732385,0.0204639324269588,-0.0435225636853435
0.286933941609471,-1.89193911451532,-4.17103449758104,-0.0515297271334374,0.0857011506431127,-0.025220269689472,0.0146790331130334
0.280343991119355,-1.76934563214946,-4.62316838825365,-0.00891022685798231,0.099602248254441,0.00232027636786634,0.0229912341114183
0.3399809782668,-1.86090142768015,-6.32465955340876,0.0999140066725671,-0.0041462357186036,-0.040277019525122,-0.0874095598120874
0.292039759277211,-1.78152949536969,-4.5611139775443,-0.0150698696599193,0.0988579740255335,-0.0328713493296706,-0.0194860417150736
0.40706151275389,-1.79586193878333,-6.19882012838573,0.0996443368576568,0.00842651364431437,0.0153774166190229,-0.0227589570579496
0.240310680130923,-1.80336417005665,-2.87739915270697,-0.0965303416584211,-0.0261130836805709,-0.070220490964546,0.0186108524072501
0.142848863565102,-1.85308984174825,-2.39683489895514,-0.0735252116340142,-0.0677793718927331,-0.0239366049318065,0.0180537002011297
0.0613766589667089,-1.85699620448363,-3.62589621035972,-0.0884999422189681,0.0465592120556105,0.00702773762057449,-0.0504655747909935
0.107962247460469,-1.82208990014922,-5.84028568779522,0.0903512799141691,0.0428561106246409,-0.0437656914204087,-0.00794980629022668
0.177582004898341,-1.87355112438846,-7.60903057017749,0.0242508849661081,-0.0970149193596562,0.0453688724717641,0.0455536951204122
0.0481470629692589,-1.86325416866364,-9.56113066993596,-0.0990718363126206,0.0135930588774315,-0.0303631056164619,-0.00329610315260254
-0.0216955460897224,-1.74709910206807,-10.8698532599695,-0.0125390102812781,0.0992107515401733,-0.0573035987777032,0.0169443150553878
-0.149465540950455,-1.64603154677128,-10.1002253716312,-0.0780427287155178,0.0625246550940994,-0.0497272661452144,0.03854290020269
-0.299104931436278,-1.63486478612201,-8.88349987425168,-0.085705087072785,-0.0515231797334592,-0.063934303413038,0.0626899403827293
-0.292476683717102,-1.6161606894759,-6.56092398022894,0.096167791102893,-0.0274181683266831,-0.0895395433837176,0.0461222649727943
-0.321077251631217,-1.51250072354289,-4.73040147150745,0.00180115171135952,0.0999837779467883,-0.0304017196254743,0.00367618798622127
-0.247801749464856,-1.48024877462723,-6.8402511860247,0.084881002640225,-0.0528697965835893,-0.0116055004738636,0.085121745499254
-0.212138727597897,-1.58736912716804,-7.31801474693531,0.0510672583569278,-0.0859775268538633,-0.0154042364899696,-0.0211428256869493
-0.259598159705457,-1.66601398170187,-7.62251633132149,0.0229403994229791,-0.097333129376971,-0.0703998315305392,0.0186882748431443
-0.137901361250754,-1.61252213039373,-6.27816478191637,0.0999987397189513,0.00050205041722891,0.021698058735752,0.0529898008909053
-0.00719335407854217,-1.55891529491992,-6.56514880692238,0.0960510961821629,-0.0278242146736417,0.0346569109900491,0.0814310501474516
0.148082785988888,-1.53036171704112,-6.07246319486971,0.09778801282822,0.020916609359738,0.05748812723921,0.00763696851907147
0.206228973818886,-1.54881838412403,-6.55705025025695,0.0962732798820453,-0.027045435488329,-0.0381270920520477,0.00858876840541256
0.33241024143679,-1.53057608051748,-5.72794480175992,0.0849773682971163,0.0527147690623439,0.0412038993207883,-0.0344724654557914
0.416513595885,-1.56783661285308,-6.72540501286405,0.0903803974847489,-0.0427946696505394,-0.00627704303653909,0.00553413731494057
0.495806128365563,-1.57794113832,-6.57919364440243,0.0956508492146292,-0.0291704481371177,-0.0163583167340664,0.0190659226701947
0.470332454061067,-1.75491174489285,-7.93092047255828,-0.00768629533834248,-0.0997041667332503,-0.0177873789661536,-0.0772664398395958
0.3363495055049,-1.78649634188702,-9.65892917005183,-0.0972711625951803,0.0232017440590574,-0.0367117859609868,-0.0547863410532339
0.195698709053415,-1.86456148555441,-9.32511036122516,-0.0995037294981574,-0.00995026712995799,-0.0411470669533274,-0.0681148765374312
0.128329763794495,-1.8953512821411,-9.50092225674087,-0.0997102423502678,0.00760707371141259,0.0323412970913477,-0.038396870298104
0.0589180781061622,-1.84274255533772,-9.70446728549192,-0.096114124879707,0.0276057059067158,0.0267024391913745,0.0250030208966661
0.00391032507403384,-1.89833051104055,-9.43881931337734,-0.0999901421828121,0.00140408912146366,0.0449823891506838,-0.0569920448242927
0.00178872421421973,-1.92945452859062,-9.54390117763147,-0.0992913215875036,0.0118841683515059,0.0971697207276895,-0.0430081859015782
-0.0573249858041601,-2.07613767125911,-8.38618570094171,-0.0507433796310815,-0.0861690746359501,-0.00837033038729829,-0.0605140680325349
-0.0226106919933719,-2.23333171337505,-7.72018871194922,0.0133394118074239,-0.0991063070275144,0.0213748820033642,-0.0580877350884226
0.0164478259204832,-2.31644218855133,-7.95204857204557,-0.00979098266485728,-0.0995195290305198,0.0488495005787123,0.0164090538542324
0.0883665851198679,-2.36542926180961,-6.71180549199978,0.0909540088868344,-0.0415616201249861,-0.0190352496874496,-0.00742545313329002
0.0170467169312356,-2.49843818533511,-8.48927786799721,-0.0593415977952531,-0.0804895941790392,-0.0119782703933792,-0.0525193293464618
0.0761977194586373,-2.57179293047144,-7.35182907510815,0.0481313474558913,-0.0876548537850601,0.0110196550715103,0.0143001086487298
-0.0444692316871244,-2.48999009115485,-9.64524159284098,-0.0975796166195127,0.0218682056966025,-0.023087334526249,0.0599346336199854
-0.097540296133721,-2.43810901231943,-9.69441973496958,-0.0963866384607788,0.0266386171981791,0.0433155740141822,0.0252424616372428
-0.144029669945162,-2.56233859938968,-7.88946450121727,-0.00354754220228948,-0.0999370549111939,-0.0429418316091511,-0.0242925321590549
-0.0298504559419337,-2.67108324181119,-7.10988533907904,0.0677307231012474,-0.0735700288716958,0.0464484909019804,-0.0351746135498112
-0.0756501714572592,-2.78108898301939,-8.37026532040917,-0.0493651625879173,-0.0869659745111184,0.00356544707259188,-0.0230397666970844
-0.0596936351825113,-2.64272464290883,-10.8365043728637,-0.0158399932253377,0.0987375035871439,0.0317965295000855,0.0396268365234111
-0.000951459136729518,-2.53973025973513,-11.5507705822564,0.0527110120995535,0.0849796987723581,0.00603116394622827,0.0180146844013505
0.0430741479258469,-2.53402339654641,-11.9400729939695,0.081020320280963,0.0586149102325524,-0.0369947132183865,-0.052908047043838
0.12894858042523,-2.58782402219831,-13.3000583113643,0.0742710127914624,-0.0669613071775815,0.0116034197079211,0.013160681525681
0.272459578446426,-2.57386492093223,-12.4703224627471,0.099539092124528,0.00959005417214805,0.043971905896668,0.00436904709393104
0.227034406813124,-2.55824036507663,-10.1580877914622,-0.074296309910753,0.0669332378840689,0.0288711382774505,-0.0513086820284603
0.150211084434714,-2.50179026913156,-10.1795411227034,-0.072843382519887,0.0685116167015596,-0.00397993985852274,-0.0120615207564905
0.194033652445593,-2.42244190218656,-11.2002641314923,0.0203263488409251,0.0979124075017923,0.0234962191699539,-0.0185640405567951
0.350296924474205,-2.37558173266755,-12.115046129717,0.0899870207542476,0.0436157780599477,0.0662762512743638,0.00324439145906452
0.314046414465796,-2.41499910516115,-14.8737071206595,-0.0671728912341582,-0.0740797049349142,0.0309223812257498,0.0346623324413089
0.306021001410926,-2.54212968124467,-14.272737868438,-0.0135156021646859,-0.0990824328431935,0.0054901891098158,-0.0280481432403208
0.268158413617983,-2.68940490054312,-14.1462560639133,-0.000908899761444907,-0.0999958694208098,-0.0369536880314984,-0.0472793498776394
0.363728213510479,-2.8008814393993,-13.0667955539341,0.0877378755777805,-0.0479798414867943,0.00783192431471574,-0.0634966973693916
0.416863212658122,-2.94493318957711,-14.050097660368,0.00869593095772514,-0.0996211864252704,0.0444390681899179,-0.0444305637525393
0.423767945984541,-2.93104403860504,-17.1244951284206,-0.0153653341842212,0.0988124815264104,0.0222700675106398,-0.0849233305543431
0.387689984191587,-2.89506061471845,-17.0333725539326,-0.0242931789348988,0.0970043373114676,-0.011784782858055,-0.061020913424872
0.473571677061836,-3.04918032467224,-19.3089197842536,0.0896334728146931,-0.0443378004774445,-0.00375177994444389,-0.10978190947635
0.591396685686314,-3.0554026739571,-19.176728727719,0.0946954693887679,-0.0321367091849948,0.0231295392357102,0.025914359900139
0.701052721894442,-3.09447148793635,-19.174020997377,0.0947821396809062,-0.0318801818926615,0.0148738965272223,-0.00718863208659148
0.728409292589912,-3.21807301285746,-19.7034486894205,0.0657053592472171,-0.0753843867534527,-0.038348788551747,-0.0482171381676511
0.70941210009988,-3.34590892080963,-20.4697744227005,-0.00494020574576166,-0.0998778972905895,-0.0140569867442711,-0.0279580106615882
0.647572410281771,-3.43918136839581,-20.9015554354278,-0.0462846061878251,-0.088643867413589,-0.0155550836302839,-0.00462858017258361
0.578174786688304,-3.51975788664137,-20.3102129582346,0.0109916748015141,-0.0993940797284112,-0.0803892983949809,0.0188175614828434
0.492359499399903,-3.42959228405616,-22.9745913764966,-0.0554160013773495,0.0832410162801103,-0.0303992859110519,0.00692458630510862
0.507165271741373,-3.25052929159385,-23.8195945089136,0.0254808447633282,0.0966991548574607,-0.0106750724218578,0.0823638376048412
0.515380418571355,-3.04702994929081,-23.4502413324257,-0.0111471414012262,0.0993767640778319,0.0193622882312083,0.104122578225213
0.540442420010662,-2.86122065560287,-24.3128578122891,0.0682306442242742,0.0731066288973887,-0.0431686427849671,0.112702664790549
0.394858528347523,-2.81116007635458,-22.627998277599,-0.0803973117949984,0.0594665641864217,-0.0651865798681406,-0.00940598493813027
0.282521562579784,-2.74328533078697,-22.6761025366144,-0.0774448173596628,0.0632637357743634,-0.0348921484080766,0.00461100979324502
0.347177231549868,-2.78193402356409,-25.298540431764,0.0986286769371869,-0.016504062700439,-0.0339730079671023,-0.0221446300766759
0.348362740085254,-2.61251416294648,-23.5656439707104,0.000369906035112036,0.0999993158452856,0.000815602500273738,0.0694205447723226
0.247093211088179,-2.49765105057095,-23.5734169978194,0.00114718442591683,0.0999934196229579,-0.102416713422992,0.0148696927525742
0.20183531162588,-2.36246797896927,-23.8975296548943,0.0329321360367698,0.094421789943083,-0.0781900354990688,0.0407612816585976
0.167636507454504,-2.30573752673618,-23.4053850677055,-0.0155921045049905,0.0987769521553761,-0.0186066996663854,-0.0420464999222847
0.106053492478163,-2.13840204645577,-23.0669930885065,-0.0474989248034156,0.0879991598966687,-0.0140840901729249,0.0793363203837378
0.137610759581317,-2.16051341514137,-20.390768275439,0.00295796577115001,-0.0999562426189415,0.0285993013320036,0.0778448739333449
0.20190403836369,-2.14555727181092,-19.4180944885806,0.0842688711882725,-0.0538401091070063,-0.0199755924058996,0.0687962524374531
0.263802141906342,-2.0523654279948,-18.8579326011478,0.0999964915824515,-0.000837658164588995,-0.0380983880397991,0.0940295019807035
0.346737061559451,-1.89954978432653,-18.027229249792,0.0680518225909842,0.0732731154110784,0.0148830970621245,0.0795425282571948
0.35374291624629,-1.75431058265515,-17.0637639138367,-0.0213343208647058,0.0976977315665097,0.0283401755515443,0.0475414701048702
0.410353002778672,-1.69237786089319,-17.965452749712,0.0633983315481945,0.0773346724109258,-0.00678824501581254,-0.0154019506489613
0.334727423532546,-1.74289416356076,-21.195357875618,-0.069972009558579,-0.0714417096543338,-0.00565356968754693,0.0209254069867635
0.370330249178245,-1.91800392964362,-20.2228590780551,0.0196211849103837,-0.0980561528039548,0.0159816407353154,-0.0770536132789135
0.346319784586873,-2.00491935235853,-20.8403833469191,-0.0407788848636837,-0.0913076259097477,0.0167684202723117,0.00439220319484546
0.382097021705171,-1.89230725996375,-23.2227781645201,-0.0332701414256682,0.0943032220526745,0.0690473785439665,0.0183088703421022
0.294377214368314,-1.83196323246255,-22.5181903381232,-0.0864298780489667,0.0502978745121575,-0.00128992928789062,0.010046152989043
0.231842892259146,-1.78430168496995,-22.5512737117802,-0.0847188633517715,0.0531292216429326,0.0221845412426034,-0.00546767415033411
0.198888381691954,-1.83150008323232,-21.2950084471527,-0.0767323081402002,-0.0641260702637965,0.0437777975730088,0.0169276720014255
0.189927229475604,-1.85103829382355,-20.5185832041049,-0.00980730549735478,-0.0995179217974409,0.000846153281004902,0.0799797112062117
0.0692683496923027,-1.85300189648513,-21.7575250391425,-0.097283391993334,-0.0231504134362935,-0.0233754877899676,0.0211868107747135
0.0373680357322643,-1.81733557861787,-21.6079114413091,-0.0927459052727195,-0.037392473241867,0.0608455913126811,0.073058791109132
-0.100139942020202,-1.76446093091047,-21.7771129724856,-0.0977181691546561,-0.0212405135781135,-0.0397898085978101,0.074115161285511
-0.206315452455873,-1.80131111812935,-21.0540133883441,-0.0592099104745761,-0.0805865156312933,-0.0469655999610955,0.043736328412415
-0.193577385527892,-1.93196881308926,-20.0304368479908,0.0380110166773392,-0.0924941220357004,-0.0252729497493579,-0.03816357292421
-0.289404247181046,-2.05290657932271,-21.2143596037717,-0.0713168119484044,-0.0700993033739703,-0.0245100497047489,-0.0508384628594775
-0.19414083340847,-2.05545961351374,-18.955855485792,0.0994355519353898,-0.0106099486947111,-0.00417213816281403,0.00805691450367474
-0.0735853398122997,-2.14603275152667,-19.650990436473,0.0695676934821607,-0.0718354788636656,0.0509878001140094,-0.0187376591492657
-0.115443075517439,-2.08924402940901,-21.9547139494663,-0.0999336332448524,-0.00364265651459537,0.0580758975397133,0.0604313786322537
-0.187980350796414,-1.94793101577024,-22.8069994145394,-0.068524896765235,0.0728308898978578,-0.00401237851374048,0.0684821237409152
-0.257761045314532,-1.92235987759408,-21.5890323205557,-0.0920234823769917,-0.0391366668382924,0.0222427878588744,0.0647078050144514
-0.36878001723819,-1.89578387810263,-21.8958632686808,-0.0995463788877423,-0.00951411847403975,-0.0114725930359159,0.0360901179654887
-0.392717509868102,-1.85891794921577,-22.3603255674801,-0.0932624642086733,0.036084799704667,0.0693249715787613,0.000781129182192697
-0.402924632819466,-1.9848867483822,-20.6104001518275,-0.0188905936193583,-0.0981995186989644,0.00868347066799391,-0.0277692804674595
-0.34617752439834,-2.04540421719109,-20.0562665198448,0.035609510266759,-0.0934449719276623,0.0211375981543668,0.0329275031187728
-0.316049277842625,-2.10568597267687,-20.0553298797508,0.0356970189412395,-0.0934115776481095,-0.00556877238552356,0.0331298221623259
-0.475017096215268,-2.17946243289384,-21.397408989652,-0.0828854314210396,-0.0559464499155053,-0.0760823869516041,-0.0178300103014596
-0.441100020416028,-2.25183296274257,-18.894040245112,0.099901073562849,-0.0044469653686785,-0.0659839977636087,-0.0679235644800524
-0.646420259470435,-2.23546085890944,-22.4533419878136,-0.0895076581417047,0.0445912450374256,-0.115812580912703,-0.0282191412043019
-0.774822447724471,-2.27478838017955,-21.4844223079651,-0.0874337989934414,-0.0485317503658634,-0.0409683892605947,0.00920422909575425
-0.791695612188998,-2.33796907023674,-19.8308644369622,0.0555935351587478,-0.0831225531883681,-0.0724666996232747,0.0199418631311756
-0.748321384937225,-2.41012510937568,-19.2016616413799,0.0938648584049478,-0.0344875101539544,-0.0504906311531745,-0.0376685289849848
-0.84811918560912,-2.32563466280619,-16.9769966702493,-0.0297203932662259,0.095481402503843,-0.0700774074056696,-0.010990955934347
-0.976429535796143,-2.21641685645439,-16.6957004487609,-0.0550580229851606,0.0834782253343082,-0.0732523272018619,0.0257395810174875
-0.924280316757682,-2.20819480732809,-18.333292445315,0.086966972173706,0.0493634049771473,-0.034817753135245,-0.0411413558508467
-0.94519892114954,-2.25686834130856,-17.8949524700396,0.0577932420429406,0.0816084626381731,-0.0787118464347982,-0.130281996618644
-1.14631595453052,-2.28241592074311,-15.8868678919318,-0.0984039207218319,0.0177951787451383,-0.102713112659152,-0.0433427581796886
-1.3077875049797,-2.342201839961,-15.5036473587928,-0.0979200013848233,-0.0202897345669232,-0.0635515490643532,-0.039496184650965
-1.4542133675082,-2.15195100267527,-16.4144644090563,-0.0760637903790021,0.0649176385366814,-0.0703620721494955,0.125333198749047
-1.53058458073171,-2.1101208204479,-16.2814835997156,-0.0839996078519762,0.0542592469604418,0.00762839462846765,-0.012429064733068
-1.64396513048436,-1.97317089253773,-16.4034489992581,-0.0767742555941047,0.0640758431701923,-0.0366062941585497,0.0728740847399747
-1.82955909540101,-1.94660171763478,-16.3058592706905,-0.0826521793450163,0.0562904721024728,-0.102941785571636,-0.029721297199524
-1.8706122722439,-1.83386021595022,-17.5135156575696,0.0232605746186744,0.0972571111457105,-0.0643137514615573,0.0154843905388498
-1.92276874680659,-1.78398248985082,-17.0361237024746,-0.0240262139951141,0.0970708042670966,-0.0281302605675782,-0.0471930781676934
-1.87246808140614,-1.69990682343341,-18.2725928876096,0.0838123120046178,0.0545481104754381,-0.0335116466041652,0.0295275559419659
-2.01728400037709,-1.6681095714356,-21.880493374753,-0.0993883957831436,-0.0110429517636001,-0.0454275231878061,0.0428402037614188
-2.05560521355066,-1.67854021243803,-21.0201564382737,-0.0564480853555182,-0.0825446161763208,0.0181268721819454,0.0721139751738853
-2.10524246178813,-1.70412730863601,-20.6636973613972,-0.0240950525797225,-0.0970537399649308,-0.0255421956577506,0.0714666437669503
-2.15180176673368,-1.70558830740222,-21.8857481674628,-0.0994450517434141,-0.010520536286221,0.0528857467978678,0.00905953752001309
-2.17063354227518,-1.68137261285922,-22.6825884964949,-0.0770328652284293,0.0637647055564334,0.0582010896869305,-0.0395490110134303
-2.19499969096582,-1.71790175847258,-22.0836390536651,-0.0995725803957191,0.00923586668039682,0.0752064317050789,-0.0457650122937606
-2.32910288976072,-1.70734857918016,-22.3194629780067,-0.0946587205300508,0.0322447922557077,-0.0394444782648546,-0.0216916129632885
-2.40778025864817,-1.60747656249057,-23.5473821293372,-0.00145622578600013,0.0999893964701267,-0.0772211431014487,-0.000117379780533722
-2.31495841459721,-1.49550919434519,-24.3126482143438,0.0682153197264487,0.0731209282942878,0.0246065243245144,0.0388464398510904
-2.3387171997367,-1.42369735270517,-23.3445756119993,-0.0215661567645701,0.0976468170623395,-0.00219262837492096,-0.0258349754223181
-2.39392912227971,-1.37658926791772,-23.3132275993116,-0.024616093463424,0.0969228968954188,-0.0305958290795822,-0.0498148121079701
-2.35170293847291,-1.30636361427129,-24.2052705374457,0.0599859612146609,0.080010527164575,-0.0177597774078684,-0.00978487351814666
-2.47730904083363,-1.1936343570386,-28.5780690591691,-0.0954226007251567,0.0299086487633148,-0.0301835016355609,0.0828206084693787
-2.59573035846428,-1.07314543998101,-29.3105685160332,-0.0509463928765185,0.0860492013494107,-0.0674749247541275,0.0344397157081791
-2.56815933861726,-1.061946558293,-31.7555334494456,0.094288568194713,-0.0333116482298754,-0.0667175483476945,0.0445105299178825
-2.64127540029422,-0.927198126886116,-29.8584500066072,0.00133194036478647,0.099991129280875,-0.0744480020417486,0.0347573021260107
-2.78526630098239,-0.812291558106531,-29.769581185807,-0.00754771758440376,0.0997147529669812,-0.136443183103763,0.0151918158126036
-2.86052230101916,-0.701692494317068,-29.7554405191037,-0.00895694907824291,0.099598057527292,-0.0662990509585264,0.0110010062621706
-3.03924329500352,-0.666329687838891,-28.4277902192279,-0.0988248664375218,0.0152854759038106,-0.0798961275468391,0.0200773305743664
-2.9104997758944,-0.68315112708566,-25.8027711934013,0.0783803057880719,-0.062100947372551,0.0503632133210465,0.0452795081257823
-2.85744694455198,-0.613710379121579,-25.1733935467313,0.0999173808310607,-0.00406411218604704,-0.0468645494886388,0.0735048601501279
-2.74452747554322,-0.712490043681319,-25.8185000907685,0.0773938712616478,-0.0633260506516512,0.0355255977471063,-0.0354536139080886
-2.62687707789073,-0.674612097495575,-25.2200214168238,0.099619350174126,-0.00871694160155186,0.0180310474783654,0.0465948877872962
-2.53188675306625,-0.729476531687758,-24.9478105549103,0.098294900058085,0.0183878389858919,-0.00330457523360739,-0.0732522731780754
-2.64411552991983,-0.814709506742211,-27.2984456397838,-0.0560432632257738,-0.0828200014912257,-0.0561855136278018,-0.00241297356322709
-2.61253526933665,-0.990196969933038,-26.5423728797063,0.0160467898032088,-0.0987041059784832,0.0155334707799719,-0.0767833572123433
-2.62429237156633,-1.07387442191009,-25.8390500035228,0.0760762769376746,-0.0649030052255074,-0.0878333791673538,-0.0187744467515494
-2.77454141169454,-0.955438301808586,-22.9384599870237,-0.0583867923731087,0.081184866055069,-0.0918622477551017,0.0372512540464391
-2.87159677289109,-1.03019631344806,-21.0686628615426,-0.0603840649312768,-0.0797105055960339,-0.0366712962652773,0.00495249395655675
-2.95232056880779,-0.958946130671583,-22.6453475497657,-0.0793535625627147,0.0608523796462006,-0.00137023335398867,0.0103978031302794
-2.92376217549262,-0.862237418022073,-23.7125867916154,0.0150072783606758,0.0988674951447906,0.0135511149545016,-0.00215878249528006
-2.98694205527147,-0.93319241058787,-21.0154395786381,-0.0560581074821802,-0.0828099546281504,-0.00712177229666722,0.0118549620623532
-3.06228038222209,-0.942838098042084,-21.7161700511934,-0.0962431029165926,-0.0271526267787513,0.0209047759659668,0.017506939324538
-3.09468394530101,-0.997909031105422,-20.6005938480411,-0.0179267264546883,-0.0983800410582288,-0.0144768366242305,0.04330910799489
-3.09137898857909,-1.04139095962457,-20.4769460440039,-0.00565635901953823,-0.099839899852925,0.00896131574146031,0.0563579713337792
-3.10408937724445,-1.11372952298589,-20.5457415821117,-0.0125061019992676,-0.0992149051946527,-0.000204286666094511,0.0268763418333329
-3.13968236026548,-1.24663611173151,-20.4563526959863,-0.00359926718664447,-0.0999352053868863,-0.0319937158343833,-0.0329713833587395
-3.20107193305695,-1.33967448525201,-20.7040548887663,-0.0279912188804169,-0.0960025607241213,-0.0333983539110601,0.00296418720362488
-3.2819465167386,-1.38827402789378,-21.7622079886131,-0.0973907371022246,-0.0226945880483736,0.0165161534205818,-0.0259049545933945
-3.24244253669551,-1.28021858111054,-23.5844365618369,0.00224897636342021,0.0999747073279876,0.0372550036796673,0.00808073945525191
-3.32217780590701,-1.34921139704302,-27.092706245634,-0.0379419397803304,-0.0925224794615113,-0.0417933294311656,0.0235296635290335
-3.44019349272232,-1.48954379858397,-26.848492042349,-0.0144447394016041,-0.0989512481155228,-0.103570947413708,-0.0413811534254268
-3.36004024734315,-1.59283701300884,-26.2170827395388,0.0467494904880346,-0.0883995765776577,0.0334037548911286,-0.0148936378472148
-3.31880052031523,-1.63102034907508,-25.2733213781183,0.0990134873722808,-0.0140117564344802,-0.0577737603443573,-0.024171579631757
-3.20601060781839,-1.64546409100348,-24.7954248992681,0.094364623904316,0.033095585134531,0.0184252885925287,-0.0475393270629323
-3.1555579298663,-1.72091047840154,-26.2551515933183,0.0433511612509428,-0.090114797997858,0.00710151670114367,0.014668410599797
-3.10591478675194,-1.68175803727899,-24.9946272151002,0.0990477411399306,0.013767533369391,-0.0494045980255717,0.0253849077531576
-3.06029316770388,-1.74798033504596,-26.1387919122763,0.0535200971870967,-0.0844724759734419,-0.00789847813903277,0.018250178206473
-3.11828297434601,-1.74089603567736,-28.4012603991174,-0.0991955638154464,0.0126585986323802,0.0412057571733175,-0.00557429926377812
-3.12617761126606,-1.63466789861669,-29.6523987497478,-0.0191540491770582,0.0981484712062436,0.0112594122570076,0.00807966585442334
-3.07368534696931,-1.54298347983405,-29.9006457101738,0.0055486989271999,0.0998459410302456,0.0469435653695518,-0.00816152224760759
-3.0862818599424,-1.47597069455031,-29.7033841110768,-0.0141271915238651,0.0989970830865639,0.00153067855076916,-0.0319842978028212
-3.13469365470949,-1.45343766621507,-27.9724495777724,-0.0954777943379248,-0.029731982583826,0.0470659995708349,0.0522650109190659
-3.17390169258109,-1.49149253072309,-27.400206116968,-0.0641666092290968,-0.0766984110659432,0.024958571357498,0.0386435465579199
-3.23790935300069,-1.61605646473449,-27.1805004571655,-0.0459083159152286,-0.0888393298591765,-0.0180993445043733,-0.0357246041522216
-3.2564550522299,-1.76742331821551,-26.8148034647359,-0.0111036470731148,-0.0993816332210118,-0.00744205215609606,-0.0519852202600107
-3.2133620238017,-1.93542332585276,-26.1244592051113,0.0547252778679795,-0.083696738062319,-0.0116322494397738,-0.08430326957493
-3.14573113649526,-2.01273391182931,-24.9973672250776,0.0990850924636395,0.0134960902291004,-0.0314542051572051,-0.0908066762056463
-3.27604821808459,-2.00674175108617,-22.2540859001006,-0.0965630681151048,0.0259918040196832,-0.0337540134742267,-0.019999643276549
-3.33690415383067,-1.94762101399541,-23.8385035021063,0.0273046642612265,0.0962000795715976,-0.0881606000073001,-0.0370793424808314
-3.51483854033009,-1.95976721497361,-21.4480374213647,-0.0856104976821744,-0.0516801962710128,-0.0923238888172477,0.0395339952928112
-3.59113815088169,-1.95432673548374,-22.1913323578157,-0.0980030049306587,0.0198849446708129,0.021703394379061,-0.0144444651809441
-3.52858593181887,-1.96583923554228,-19.3701375103078,0.0867530053018255,-0.0497384767670004,-0.0242007862390117,0.0382259767084647
-3.41166680372704,-1.92130380006314,-18.8958380035782,0.0998929175606454,-0.00462655608656282,0.0170262105311885,0.0491619915657033
-3.31666508348994,-1.81146708833673,-18.2077878559951,0.0801038624053979,0.05986126650629,0.0148978578316985,0.0499754452201117
-3.35901577875147,-1.70237854854352,-16.6465538144965,-0.0590925654382684,0.0806726019781435,0.016741870176741,0.028415937815067
-3.20835008907868,-1.64578607252478,-18.2132434393964,0.0804292468390238,0.0594233645370858,0.0702364428337683,-0.00283088851834101
-3.38797394626706,-1.71063958087234,-15.3888401005976,-0.0949510875374705,-0.0313734119191971,-0.0846727696509144,-0.033480096428369
-3.49223301133127,-1.63582645985362,-16.1693393702862,-0.0895440731282529,0.0445180746169699,-0.0147149919359562,0.0302950464017523
-3.43076789131371,-1.50654746012014,-18.0942991402844,0.0728095549890783,0.068547565254299,-0.0113444349715155,0.0607314344791798
-3.38835455569941,-1.43981846918656,-18.0577301430387,0.0702547195518278,0.0711637153379025,-0.0278413839375311,-0.00443472440432467
-3.33228205232922,-1.48876321651691,-19.4829214448475,0.0806040155482859,-0.0591860851678137,-0.024531512178088,0.0102413378374726
-3.25960520072122,-1.50303557791532,-19.2480461715039,0.0921647868427638,-0.0388027327159816,-0.0194879352347641,0.0245303713175665
-3.29267502200926,-1.40375056223776,-17.5366218952468,0.0255014114697484,0.0966937330598555,-0.0585712327577923,0.0025912826177108
-3.46360588597675,-1.37013547783899,-16.4530726642383,-0.0735013730382582,0.0678052222287547,-0.0974294909292359,-0.0341901378299888
-3.598489217641,-1.36430896641631,-16.1790949897068,-0.0891055176084096,0.0453895002367001,-0.0457778140558354,-0.0395629888140178
-3.69656709590135,-1.35659711473893,-15.9896847702687,-0.0960578267578376,0.0278009697413825,-0.00202005150251727,-0.0200891180640104
-3.81373252908036,-1.35569919103074,-15.8565690428414,-0.0988978467246942,0.0148059418214072,-0.0182675864543138,-0.0139080181132175
-3.74867610358604,-1.32851205236165,-18.1721033802063,0.0779172018212066,0.0626810151509479,-0.01286077632688,-0.035493876481853
-3.66765763937914,-1.28344910474545,-17.8471635937373,0.0538287687220228,0.0842761155836633,0.0271896954848732,-0.0392131679674637
-3.66875785727027,-1.22333345431158,-18.1268762334326,0.0750036086737974,0.0661396907001225,-0.0761038265649256,-0.00602404026625192
-3.61214288319393,-1.24512226184788,-18.7946750629603,0.0998494423625968,0.00548533133716325,-0.0432344682862582,-0.0272741388734624
-3.70012312256567,-1.36045416011907,-15.0519204602,-0.0792412261038355,-0.0609985908489763,-0.00873901326790794,-0.0543333074222124
-3.80973129025176,-1.45021827999488,-15.603815931109,-0.0994581566434273,-0.0103959163661255,-0.01015001104266,-0.0793682035096827
-3.87926252362471,-1.61339793447317,-14.9380490600221,-0.0717970389854182,-0.0696073645020866,0.00226580561246914,-0.0935722899762025
-3.88354327730225,-1.69936116744299,-15.1900441483137,-0.086885124819874,-0.0495073235495005,0.0826043711423363,-0.0364559094203266
-3.90610935167146,-1.65391639220967,-16.754165894272,-0.0500861382604327,0.0865527512801114,0.0275200638912181,-0.0411079760467912
-3.94708690201613,-1.64730735240306,-16.4799150767534,-0.0716550580125237,0.0697535136120172,0.0306775076678583,-0.0631444738054051
-3.83845986211843,-1.71053300463749,-13.3693735071053,0.0694549427955959,-0.0719444988950545,0.0391720971021048,0.00871884666062228
-3.83458998028403,-1.74475177492729,-14.3761798297156,-0.0236743691949857,-0.0971572140564946,0.0275442510293789,0.0629384437666964
-3.88700330966533,-1.87623243552314,-14.3000951620081,-0.0162208338967237,-0.0986756532671302,-0.0361924954845714,-0.0328050073287146
-3.84836709339758,-1.98268654911323,-13.6618716996386,0.0457600983373408,-0.088915765757018,-0.00712388206959513,-0.0175383478330761
-3.9890988608261,-1.91094979032935,-15.7631916411246,-0.0998475301006966,0.00552003014398349,-0.0408842373278224,0.0662167286398951
-4.0150289623431,-1.78795072210385,-17.0973629920272,-0.0180403437154769,0.0983592700187809,-0.00788975780152423,0.0246397982067178
-4.0629947091346,-1.80677754522153,-15.7665476569942,-0.0998284425437315,0.00585508832494499,0.0518626957522326,-0.0246819114426279
-4.17891686983976,-1.81280191639489,-15.7056573286272,-0.09999973413231,-0.000230593727815078,-0.0159224265728448,-0.00579377744553844
-4.04915191818061,-1.87231658069864,-13.0090325711884,0.0903614626551517,-0.0428346362984632,0.0394034890039912,-0.016680028005291
-3.96355928488818,-1.8012755407985,-11.6890070694817,0.0639180945925658,0.0769056381785875,0.0216745386998713,-0.00586459827844121
-3.86056010654069,-1.82903771871486,-12.6789851085395,0.0993665686423834,-0.0112376615111197,0.00363260970510781,-0.0165245164052413
-3.83708351376716,-1.70448910736846,-11.6773444349533,0.0630168456480918,0.0776458444771166,-0.0395402528745685,0.0469027668692836
-3.90394235565746,-1.56046215099455,-10.872030782393,-0.0123229470883736,0.0992378202857013,-0.0545358948019223,0.0447891360882048
-3.98081649978694,-1.42330031809752,-10.5638890739962,-0.0418402011173527,0.0908261942969069,-0.0350339430121296,0.0463356386001226
-3.97925028795739,-1.3465772380641,-11.1614201343717,0.01650866309499,0.0986279070183288,-0.0149424512654392,-0.0219048269849126
-4.05432753917979,-1.30209040045651,-9.3525957969025,-0.0997395998532447,-0.0072119498829818,0.0246623486308462,0.0516987874905804
-4.12593951874599,-1.21463513494209,-9.43608612211566,-0.0999936063424809,0.00113079203435461,0.0283816267762749,0.0863244734800638
-4.17859410616564,-1.17256594249404,-9.79235283212109,-0.0933201567066876,0.0359353357051145,0.0406655692870457,0.00613385674293737
-4.19679694803774,-1.22837829521475,-8.03748886101629,-0.0182479028467888,-0.0983209745766088,4.50609746809327e-05,0.0425086218558925
-4.32907537440346,-1.29714054049576,-8.3033056271128,-0.0434356726351399,-0.0900740936270411,-0.0888427537305754,0.0213118483460319
-4.51295055764615,-1.31365198057478,-9.61174645333099,-0.0982572249060932,0.0185881078583439,-0.0856179583365959,-0.035099547937366
-4.69723541643362,-1.27656576645226,-9.991034936455,-0.0843914928718368,0.0536477020091515,-0.0998933659156309,-0.0165614878866336
-4.66671448856192,-1.24688318493498,-11.7309750206513,0.0670884377914015,0.0741561967384335,-0.0365675099197071,-0.0444736152211467
-4.58809180321694,-1.22812459512291,-12.2592128540761,0.0953196771862589,0.0302350647610915,-0.0166969918412807,-0.0114764749490202
-4.56629234606433,-1.18763592004049,-10.7413044911852,-0.0251538750206537,0.0967847228205223,0.0469533321732709,-0.0562960477381025
-4.59640828173314,-1.15823668471608,-10.9330079140015,-0.0062525561673886,0.0998043362854222,-0.0238633795014258,-0.0704051009610152
-4.60778393712313,-1.20474458708279,-13.4521112365179,0.0632716149266061,-0.0774383803070498,-0.0746472703165968,0.0309304779403354
-4.54261368003461,-1.26402566708161,-12.4753978718852,0.0995864833144377,0.00908473120478628,-0.0344162262259147,-0.0683658112036039
-4.46459776757466,-1.26243058997747,-11.6359904102526,0.0597529159891239,0.0801847181874246,0.0182629964708187,-0.0785896410832818
-4.41351240381966,-1.2397540012867,-11.7875173022249,0.07117195124242,0.0702463761082847,-0.0200865874874112,-0.0475697874175143
-4.38150018211813,-1.14432260739981,-11.2883535107438,0.0288614290908409,0.095744545070904,0.00315079261068085,-0.000313151184018423
-4.47466639049467,-1.13799144870511,-9.70697954145058,-0.0960444690448759,0.027847081819966,0.00287826066833663,-0.0215159231252654
-4.44482342450547,-1.27860239230091,-7.63465010827124,0.0217577212009495,-0.0976043112169834,0.00808524478825356,-0.0430066323788193
-4.5259902717461,-1.32752405671023,-9.02455466453045,-0.0920974015389791,-0.0389624002054295,0.0109305542983473,-0.00995926420388205
-4.53822954532346,-1.49603332403591,-7.85944338541466,-0.000546172428554456,-0.0999985084672681,-0.0116931011488077,-0.0685107588584135
-4.55446795918739,-1.62692733416625,-7.85387466754772,1.06966426559546e-05,-0.0999999994279092,-0.0162491105065818,-0.0308940107024375
-4.48904273359719,-1.69419684510981,-6.82266880573744,0.0857974118926091,-0.0513692915322956,-0.0203721863024144,-0.0159002194112603
-4.41456897363921,-1.67956581900132,-6.32917858673852,0.0998942495556227,-0.0045977065716472,-0.025420489597634,0.0192287326801347
-4.29200142803208,-1.70973690327571,-6.18359767470965,0.0995045248737574,0.00994231007602366,0.0230630207333671,-0.0401133943504148
-4.2025360039283,-1.77966203274611,-6.47114293262673,0.0982387907336909,-0.0186852882017403,-0.00877336662991324,-0.0512398412686579
-4.06224629210206,-1.79897496153833,-5.86592774660612,0.0914203763596688,0.0405254831711668,0.0488693354665748,-0.0598384119633857
-3.98743794348481,-1.80802342546856,-5.18400688485327,0.045432816432647,0.0890834394879172,0.029375532184599,-0.0981319034181467
-4.07245339839223,-1.79668212984749,-3.187941350027,-0.0998926091437617,0.00463321038284077,0.0148771542363488,0.00670808523823396
-3.97807500396429,-1.90814543044387,-1.37801207460304,0.0191592306865703,-0.098147459872881,0.0752191637413695,-0.0133158407235003
-4.06891351340184,-1.97698379636995,-2.47012410560037,-0.0782908873278155,-0.0622136396734936,-0.0125476221097411,-0.00662472625259269
-4.06839188858063,-2.10007122480295,-2.88582740556216,-0.0967469982071981,-0.0252985837132517,0.0972686230284094,-0.0977888447197421
-4.18128563561782,-2.12889566542847,-3.59074340364223,-0.0900816172052635,0.0434200672694594,-0.0228121298319248,-0.0722445078949827
-4.15984019390592,-2.10607064647772,-4.94986930129912,0.0235254414475847,0.0971933825149442,-0.00207999973568107,-0.0743683635641943
-4.13475115465394,-2.10148772626071,-5.1355131659842,0.0410611117758785,0.0911810566934208,-0.0159720725239052,-0.0865981364764128
-4.10277461234487,-2.04267738611777,-4.40699172507833,-0.0300672072267754,0.095372758424941,0.0620437495358459,-0.0365624182819975
-4.1005132961511,-1.99798009316006,-4.92144226881178,0.0207533893381352,0.097822782780801,-0.018492073144361,-0.0531254898230962
-4.02047100234902,-2.12573399133549,-6.1819999379486,0.099488512680522,0.0101012793554879,-0.0194462188784383,-0.137855177530914
-3.96340347616164,-2.29326724753117,-7.09457370362215,0.0688492170984643,-0.0725243773150003,-0.0117816909110871,-0.0950088788806747
-3.82481840023276,-2.37082016199189,-6.35458548124819,0.0997452090281218,-0.00713395233627883,0.0388398669007604,-0.0704189621244482
-3.85846621074693,-2.30354051526684,-4.42356118911617,-0.0284828767064677,0.0958578412782395,-0.00516493380770511,-0.0285781945531882
-3.86101343905077,-2.39819003908424,-2.68106265608568,-0.0895817080298508,-0.0444422950178607,0.0870344797260136,-0.0502072287995408
-3.792426185021,-2.49614566126048,-0.912922212307154,0.0611436034742378,-0.079129386160801,0.00744365055552487,-0.0188262360154392
-3.77831340634543,-2.62894019080122,-1.38221010369789,0.0187470371790488,-0.0982270257974218,-0.00463425850347887,-0.0345675037433186
-3.84783890554801,-2.69287782819819,-2.77223720336358,-0.0932560231069682,-0.036101442551131,0.0237305239043883,-0.0278361948458334
-4.00817802666581,-2.71260918505854,-3.01542707944483,-0.0992051675634982,-0.0125831128381752,-0.0611339535542954,-0.00714824402218284
-4.10848026817532,-2.73628380168404,-3.6607065897556,-0.0868259106473761,0.0496110999702069,-0.0134763308621357,-0.0732857165957048
-4.1712896646833,-2.87260289373304,-1.86385483571318,-0.0288881680508953,-0.0957364807514002,-0.0339212284570811,-0.0405826112975962
-4.18869952201165,-2.86815910204094,-3.66840370956921,-0.0864414798212186,0.0502779331945722,0.0690316224928642,-0.0458341415024734
-4.26843450046839,-2.89913709411017,-2.74366556949226,-0.0921866246009477,-0.0387508225033217,0.0124516461442123,0.00777283043409449
-4.39826522001533,-2.96647597785174,-2.83835130681929,-0.0954373588800151,-0.0298615225667951,-0.0343933606669289,-0.0374773611747781
-4.45885822927104,-2.89997262113717,-5.26057321086943,0.0521138380088505,0.0853472195679935,-0.112706847264563,-0.0188438628534255
-4.37606880535538,-2.97178351058775,-6.80770963759892,0.0865562255498943,-0.0500801339710251,-0.0037668016342316,-0.0217307554795481
-4.39452150323307,-2.94486012821816,-4.95778777536325,0.0242943191384264,0.097004051758678,-0.0427470170161173,-0.0700806693890965
-4.45322714922469,-2.90399848852313,-3.13454002438523,-0.0999975130313736,-0.000705257073890359,0.0412918670397509,0.0415668967689258
-4.49330689210606,-2.98665311001753,-2.96799327452766,-0.0984969432440094,-0.0172728738658741,0.058417200362638,-0.0653817476285306
-4.57992472141027,-3.0645939509221,-2.60932854842241,-0.0861660279394672,-0.0507485529757742,-0.000451801364736326,-0.0271922879287905
-4.63873392584109,-3.08033466861587,-4.04151923532064,-0.0621667477101188,0.0783281269988402,0.0033575432792996,-0.094068844692615
-4.67659226431317,-2.98039407788944,-4.65989868913071,-0.0052466190764227,0.0998622700936991,-0.0326117193956552,7.83206327312769e-05
-4.73321427268462,-2.97127945154783,-3.41525497347194,-0.096278757938257,0.0270259277336879,0.0396567495668045,-0.017911301392076
-4.74369539033967,-3.11428235991906,-1.63767803064044,-0.00668318528769505,-0.0997764252436934,-0.00379793236735448,-0.0432264831275311
-4.80539540914368,-3.26687197724987,-1.5240178706768,0.00467613976948583,-0.0998906087520555,-0.0663761585734939,-0.052699008578764
-4.74516306234342,-3.38112959226542,-0.32689191432244,0.0947044925928478,-0.0321101087312273,-0.0344721457925865,-0.0821475062843158
-4.78785978208403,-3.46531053628926,-0.888076244095456,0.0630905757338965,-0.0775859475263754,-0.105787295474508,-0.00659499649746875
-4.88739679571606,-3.52380585920419,-2.77911334699785,-0.0935020552284746,-0.035459352335474,-0.00603495840356238,-0.0230359705794538
-4.8111903131686,-3.59571583992829,-0.857381618098758,0.0654419550617837,-0.0756131636535034,0.0107645274856805,0.00370318292939897
-4.70579506924019,-3.6526042564268,-0.176046403550213,0.0984543812446654,-0.0175138463431101,0.00694086268374861,-0.0393745701553976
-4.72801448830857,-3.796422732106,-1.62269656379011,-0.00518769400874135,-0.099865348499225,-0.0170317250596383,-0.0439531271799694
-4.79963546223874,-3.92131595274118,-2.21344240875436,-0.0599315759295034,-0.0800512723609448,-0.0116893980006747,-0.0448419482742368
-4.81403748094915,-3.95586376529563,-2.90522880674683,-0.0972195874784166,-0.0234169129162344,0.0828175687680086,-0.011130899638216
-4.92114256861772,-3.96600561941242,-3.39054376327787,-0.0969171388294485,0.0246387540495334,-0.0101879488391203,-0.0347806081663253
-4.90625829584464,-3.86084172925617,-5.25892746785033,0.0519733079070822,0.0854328699342099,-0.0370890351339974,0.0197310202220402
-4.94063391095276,-3.8847195228127,-3.79223615647272,-0.0795694194551599,0.060569856261748,0.0451938043470355,-0.0844476498182778
-4.96174437683,-3.88144611285967,-3.9087998895422,-0.0719852008868961,0.0694127571363739,0.0508747350096561,-0.06613934718334
-4.86106637358142,-3.98388166717671,-6.79375845486337,0.0872464566655217,-0.0488677378165926,0.013431546583055,-0.0535678165004523
-4.83644558904942,-4.05417131037842,-7.07049613140272,0.0705753033177329,-0.0708457942408016,-0.04595451878573,0.000556151039089681
-4.66343639387184,-4.07043592759414,-5.85244520782388,0.0908656974949115,0.0417543413163617,0.0821434976826665,-0.0580189585320827
-4.69336540157068,-3.96183195315929,-4.69083389158356,-0.00215534196790231,0.0999767698067976,-0.027773665730932,0.00862720462805866
-4.61768007152707,-3.86861823966726,-5.2628566949517,0.0523085909883101,0.0852279960389642,0.0233767390553039,0.00798571745306464
-4.59145273923075,-3.85308866544289,-6.0380151391722,0.097009603560016,0.0242721407611386,-0.0707822712637021,-0.00874256653676708
-4.66697452039262,-3.77833873528861,-4.83896630324505,0.0126239593706746,0.0991999780736244,-0.0881457405325485,-0.024450047919351
-4.63680389264919,-3.77258484878367,-6.80134313270444,0.0868733046548958,-0.0495280621298438,-0.0567026769114571,0.0552819486347844
-4.61905461404032,-3.64271640877217,-4.60387928518406,-0.0108296881933114,0.0994118597232526,0.0285789668021801,0.030456580288253
-4.71673859469935,-3.57044097281578,-4.27604088604549,-0.042263256443996,0.0906301117441054,-0.055420724215034,-0.0183546757877124
-4.68173309410824,-3.50051953053194,-5.51312069503174,0.0717865689319473,0.0696181622924563,-0.0367810683408383,0.0003032799913818
-4.68220634280303,-3.42312532288783,-5.13649092394625,0.0411502451384152,0.0911408652858219,-0.0416234938332041,-0.0137466576417151
-4.76831464430487,-3.52217368454625,-2.81716193959453,-0.0947832350867549,-0.0318769249848375,0.00867493358491389,-0.0671714366735792
-4.84801822570691,-3.47839579408082,-3.90110064345466,-0.0725174879328567,0.0688564735076375,-0.00718609346918431,-0.0250785830422098
-4.92583681722318,-3.51028752740861,-3.40850871249476,-0.0964588896040171,0.0263757960327273,0.0186402980877438,-0.0582675293605215
-4.86934077430289,-3.70676669615273,-1.41942295150474,0.01507959448807,-0.0988564910872087,0.041416448432217,-0.0976226776569034
-4.97031967861066,-3.77775111033308,-3.13304488625225,-0.0999963468059204,-0.000854766324844477,-0.000982557501843839,-0.0701296478555138
-4.80698083089091,-3.89416796159084,-0.726395527652606,0.074757326956865,-0.0664179348238439,0.0885815207628871,-0.0499989164339074
-4.79950373185701,-4.03353604422268,-1.23798036344047,0.03267057606722,-0.0945126100551455,-0.0251934770333206,-0.0448554725766988
-4.82433070553486,-4.1625025130656,-2.25756664435033,-0.0634042987028587,-0.0773297802014119,0.0385773250250123,-0.0516366886415049
-4.89580722248629,-4.2353163724889,-2.27332361828822,-0.0646148606960379,-0.0763211620537294,-0.00686165625539825,0.00350730263043131
-4.90320662299619,-4.39175652782164,-1.43086985583179,0.0139470304638563,-0.0990226254006642,-0.021346430973757,-0.0574175299320765
-5.00482416988293,-4.58272151693065,-2.0915339911931,-0.0497520161910252,-0.0867452412811675,-0.0518655306957139,-0.104219747827848
-5.04561169090811,-4.70896352949644,-2.36845397799363,-0.0715722194345025,-0.0698385094716334,0.0307846984093261,-0.0564035030941539
-5.11997497809742,-4.78703481774168,-3.58475192159233,-0.0903401493387657,0.0428795687647335,0.0159768621494503,-0.120950857009972
-5.15649209577192,-4.74504615052933,-3.76125893363928,-0.081407231436354,0.0580763520709411,0.0448901137618605,-0.0160876848585927
-5.18105780934641,-4.69082132315828,-4.26072471659643,-0.0436463512547164,0.0899721958282108,0.0190806376802239,-0.0357473684571663
-5.17547206606606,-4.66153810155279,-5.14315085713197,0.0417563201243359,0.0908647881727239,-0.0361705768439862,-0.0615815665672317
-5.31390307531355,-4.69181230253088,-3.04933442043197,-0.0995747226976865,-0.00921274115987437,-0.0388562865498039,-0.0210614598182093
-5.39078574723076,-4.75312074854024,-2.89314574803312,-0.0969295494712819,-0.0245898848979477,0.0200468775540705,-0.0367185611114138
-5.30619663437455,-4.89431113231676,-0.689572590728533,0.0771518006437036,-0.0636207486393725,0.00743731221251176,-0.0775696351371487
-5.22034611802125,-5.04349468341473,-0.808918389655122,0.0690281425983964,-0.0723540982212857,0.0168223737549043,-0.076829452876682
-5.23987670015019,-5.19262274081005,-2.08266050637897,-0.0489803350185727,-0.0871832941650428,0.0294497528896245,-0.061944763230283
-5.33391967917633,-5.24824472791527,-2.86241550923197,-0.0961282513728607,-0.027556474520448,0.00208527234672617,-0.0280655125847735
-5.41008576721102,-5.33154781679686,-2.93306616096158,-0.0978337020050246,-0.0207018538298397,0.0216676139703313,-0.0626012350517469
-5.31529364142995,-5.46641122862659,-0.514775721493465,0.0870403165389266,-0.049233964869828,0.00775180924214425,-0.0856294469599046
-5.19509833259144,-5.48749338509207,0.208030692319402,0.0978439539654863,0.0206533453077173,0.0223513548730265,-0.0417355017731955
-5.1515177718751,-5.46047551900838,1.21833838915772,0.0345205688876095,0.0938527054680674,0.00905999182872375,-0.0668348393843718
-5.21062769650921,-5.44963903849978,2.0983738645363,-0.0503441742368484,0.086402917314231,-0.00876575039725491,-0.0755664368056301
-5.24335552157863,-5.45426708993951,2.27600916462826,-0.0648195914608974,0.0761473608396401,0.0320917663914755,-0.0807754122793778
-5.38553993361038,-5.47215678975078,2.30634669632684,-0.067099533509918,0.0741461570329264,-0.0750848785218317,-0.0920358568441966
-5.34192668509056,-5.50067952700437,0.812518941758308,0.0687671810216661,0.0726021681104181,-0.0251539325018535,-0.101124905363999
-5.3242607288235,-5.71134412255204,-1.17089330799432,0.0389329014877545,-0.0921098755929287,-0.0212669452206891,-0.11855471995475
-5.2909984968881,-5.69442526603294,1.1788461140886,0.0381991460389776,0.0924165853182905,-0.00493691410357355,-0.0754977287991876
-5.34173401014288,-5.87974672264861,4.36715940119742,-0.0338412719670864,-0.094099778488845,-0.0168942412876953,-0.0912216781268205
-5.50254808605805,-5.94154915045077,3.39346494977463,-0.0968447510234888,-0.0249217615588959,-0.0639693248916884,-0.036880666243265
-5.62336756232167,-5.93019610036238,2.29366923739411,-0.0661541818496309,0.07499082759782,-0.054665294413986,-0.0636377775094328
-5.61847445498008,-5.88604189558227,0.921972753463964,0.0604249452957834,0.0796795204930451,-0.0555318379541943,-0.0355253157129365
-5.59015972871111,-6.01808286610794,-1.05637509666536,0.0492031067364762,-0.0870577640849966,-0.0208883804675017,-0.0449832064406737
-5.48266363279413,-6.04870228006904,0.266568699728038,0.0964680456593462,0.0263422885616702,0.0110280502576261,-0.0569617025227638
-5.53989691154929,-6.16466300214154,-2.56547557029292,-0.0838584270182539,-0.0544771898873665,0.0266251482631024,-0.0614835321851377
-5.46672128305757,-6.26292733617873,-1.20272005037823,0.0359821223851905,-0.0933021268174374,0.0371935061065294,-0.0049622072197586
-5.54511701406247,-6.22909503280277,-3.5865937462265,-0.0902610195061512,0.0430458866526197,0.0118652885012471,-0.00921358327665178
-5.60648522926812,-6.15643224931515,-4.36181133603928,-0.0343440373553216,0.0939174483157218,-0.0270241778503268,-0.0212546648281098
-5.69713557651271,-6.14013001091748,-3.74011412540336,-0.0826169552307202,0.0563421574702742,-0.00803339201386688,-0.0400399190725986
-5.7351020638381,-6.07957148996173,-4.43150463174412,-0.0277205448458646,0.0960810667793005,-0.0102459424795338,-0.0355225458235529
-5.62288070546998,-6.21169924646715,-7.21855590802781,0.0593520200501073,-0.0804819092465609,0.0528693383180219,-0.051645847258853
-5.50915292303761,-6.32198399355102,-6.44971161051903,0.0986166507581578,-0.0165757712714534,0.0151111316742085,-0.0937089758124232
-5.49295475508941,-6.34395321056342,-4.66833596197101,-0.0044038771079193,0.099902982269892,0.020602045056124,-0.12187219928229
-5.54920943423858,-6.28940329488554,-5.11629768065825,0.0393015509749907,0.0919531842350237,-0.0955562301241688,-0.0374032685571475
-5.48434666907026,-6.25431621774652,-5.11432017019669,0.0391196358644385,0.0920307236189836,0.025743129303883,-0.0569436464799553
-5.56450105667902,-6.30760342093163,-3.39611730601225,-0.0967783090603669,0.0251785403750119,0.016623921451608,-0.0784657435601224
-5.51836122642948,-6.44019251103439,-0.790062428362426,0.0703800968089176,-0.0710397210943807,-0.0242402665593748,-0.0615493690083806
-5.48396402861093,-6.59835573667241,-1.31231165291516,0.0255615861320526,-0.0966778429342197,0.0088356116864956,-0.0614853827038031
-5.48256700080272,-6.75418913946871,-1.76796341059014,-0.019589209081734,-0.098062545793754,0.0209862368899443,-0.0577708570025468
-5.58497456342306,-6.87641864401863,-2.50434957437021,-0.0803739128113453,-0.0594981860176785,-0.0220336498089955,-0.0627313185322436
-5.63124561799037,-6.88852409766651,-2.85799663943146,-0.0960055447777645,-0.0279809823259416,0.0497344902104575,0.0158755286780661
-5.64097100899114,-6.99852058064601,-1.69829154106611,-0.012715008847721,-0.0991883488621641,0.00298961784695218,-0.0108081341173332
-5.66766213746656,-6.97494317137005,-4.40785069120727,-0.0299852741756042,0.0953985499502683,0.00329414570017494,-0.071821140674313
-5.69754036034811,-6.96892096560303,-4.57188698280995,-0.0140040183069387,0.0990145821142468,-0.0158742045746014,-0.0929923763472233
-5.81177292400701,-7.00052411060752,-3.96289645556528,-0.0681267358326832,0.0732034689395509,-0.0461058278262265,-0.104806613944042
-5.85971568963786,-7.21524625406248,-2.05832009175291,-0.0468439583983756,-0.0883495532618658,-0.00109880723246691,-0.126372590193093
-5.98124214165,-7.38542027748476,-2.53853774652173,-0.0823606836108096,-0.0567161158328048,-0.0391657684013338,-0.11345790758948
-6.0837553521566,-7.53058559845128,-2.26174559049599,-0.0637269011166355,-0.0770641425960904,-0.0387863093899687,-0.0681011783704264
-6.15450350179329,-7.6463844447116,-2.01662962685642,-0.0431209876284268,-0.0902251651478071,-0.0276271620082547,-0.0255736811125198
-6.12270814627786,-7.83221316966931,-1.0055920766976,0.0535588312145527,-0.0844479224074285,-0.0217634756991236,-0.101380802550274
-6.09177079965321,-7.98117447344812,-1.0783752274771,0.0472760722227862,-0.0881190841712844,-0.0163387255981351,-0.0608422196075251
-6.00292933064281,-8.06678365189491,0.0874854948000572,0.099617558428152,0.00873739393719513,-0.0107760894177575,-0.0943465723839827
-6.09125058102982,-8.1452852325943,2.68629569099116,-0.0898130484702392,0.0439729044353732,0.00149179808323474,-0.122474485134768
-6.23781413941084,-8.15491097735067,2.54678210259869,-0.0828254671805466,0.0560351852528766,-0.0637380912004732,-0.0656609300092414
-6.19164640782278,-8.24993481525042,0.143903701098669,0.0989663718103301,0.0143407548859713,-0.0527986402222709,-0.109364592785719
-6.15712164105979,-8.15615481443747,1.21637395714293,0.034704869421029,0.093784711112576,-0.000180102658046799,-4.71029963566849e-06
-6.13080232138726,-8.2342586648552,-1.36667005998741,0.0202711644231387,-0.097923847416909,0.00604815524939717,0.0198199969991881
-6.20442508910456,-8.22276415821145,2.6855211851751,-0.0897789642658172,0.0440424519680402,0.0161561965485117,-0.0325479453242954
-6.25852743587359,-8.13125821481807,2.53135974693816,-0.0819514570973613,0.0573058346036365,0.0278491103283329,0.0342001087897463
-6.21845866410839,-8.12602233027086,1.2037206692745,0.0358887445162781,0.0933380844941941,0.00418002724892341,-0.088102199946988
-6.11672907191388,-8.19292053898724,0.0373977507498278,0.0999300785618082,0.00373890339950618,0.00179951363269959,-0.0706371121158806
-6.22947016346574,-8.18518014837739,2.44657335488375,-0.076804134303869,0.0640400261854511,-0.0359369572479888,-0.056299635575602
-6.3839706943339,-8.27017523667574,3.26702273846773,-0.0992143954748603,-0.0125101451053944,-0.0552861353932967,-0.0724849431929586
-6.45030196989839,-8.32072030924179,3.16434698600913,-0.0999741131347676,-0.00227523689243299,0.0336428375702758,-0.0482698356736124
-6.44375354595832,-8.42304209358234,5.40589037452912,0.0639233711092155,-0.0769012524347524,-0.0573749471691469,-0.0254205319058043
-6.37607673680029,-8.47067476389134,5.36950950121083,0.0610839547141949,-0.0791754411195428,0.0065928544438405,0.0315427708105442
-6.45877440637083,-8.43909814742427,8.92141505967386,-0.0875965341928792,0.0482374045466352,0.00489886462233136,-0.0166607880795651
-6.40313023678761,-8.41019461431836,7.27067902634861,0.0550783450991049,0.0834648183436824,0.000565824484120903,-0.0545612852377664
-6.35625047982596,-8.5344748852015,5.68483166313155,0.082626409845568,-0.056328291257877,-0.0357466528839256,-0.0679519796252643
-6.4060706464802,-8.71313204541281,4.66306047577067,-0.00493085018615202,-0.0998783596002744,-0.0448893164680801,-0.0787788006110421
-6.57643786762937,-8.86678480496049,4.07842320581059,-0.0592344571648179,-0.0805684745070263,-0.11113276398436,-0.0730842850406477
-6.67105612510376,-9.0128635132614,3.67934275105121,-0.085886326537459,-0.0512204931048206,-0.00873193093693114,-0.0948582151960924
-6.83854995528308,-9.11786292864806,3.04072125266847,-0.09949167925848,0.0100700426179709,-0.0680021509208366,-0.115069458004632
-6.80347545445834,-9.20622048742905,5.24013792222399,0.0503589833113334,-0.0863942868472728,-0.0152844824865932,-0.00196327193371637
-6.72301129519891,-9.30511027418654,5.46734069293367,0.0685253501482064,-0.0728304633176647,0.0119388091112222,-0.0260593234398243
-6.75855604049685,-9.46438762086422,4.69630641222476,-0.00160818748788735,-0.0999870678288138,-0.0339365578100477,-0.0592902788488647
-6.78387447122713,-9.51816890779677,4.10373424827125,-0.0571764295904247,-0.0820417936133237,0.0318579988601426,0.0282605066807697
-6.67119633766542,-9.59360953982095,5.04419716476793,0.0325753116719982,-0.0945454867747381,0.0801028218897071,0.0191048547505641
-6.67020470824401,-9.5226879967876,7.93346688660672,-0.00794015823500345,0.0996842710120464,0.008931787656417,-0.0287627279786982
-6.59912099455619,-9.37223401802096,7.3403216097308,0.0491368236054596,0.0870951925536993,0.0219468900823649,0.0633587862129374
-6.76679183521684,-9.32645327642068,9.24631571592416,-0.0984117833086122,0.0177516451637239,-0.0692590573520437,0.0280290964365619
-6.74853224007334,-9.16532660668085,7.94870533536366,-0.00945821122665605,0.0995517063660486,0.0277178063701617,0.0615749633737792
-6.68308429078952,-8.99130138633384,7.32511744031281,0.0504553033592972,0.0863380701829806,0.0149926459245231,0.0876871501640277
-6.67555389712136,-8.78760649622359,7.9619491300165,-0.0107757855773985,0.0994177169582461,0.0183061792455588,0.104277173152007
-6.72111094643667,-8.60687435257413,8.120623630702,-0.0263493593091954,0.0964661145895019,-0.0192076900061213,0.0842660290599486
-6.647482355152,-8.56086258412276,6.85862864999905,0.0838951114706311,0.0544206787106738,-0.0102665201859553,-0.00840891025929658
-6.6729580128936,-8.40740148691954,7.31823072840707,0.0510486876131913,0.0859885544300566,-0.0765243453547906,0.0674725427731628
-6.72759706046627,-8.30104097909673,8.47070454009628,-0.0578364889237765,0.0815778189765446,0.00319744135110689,0.024782688846261
-6.63084565874592,-8.17640910518722,7.43297368411094,0.0408680593641785,0.0912677474456666,0.0558833423561649,0.0333641264638471
-6.45554562790335,-8.1705748336725,6.25096804968813,0.0999481069047632,-0.00322116844546053,0.0753519239378089,0.00905543996018032
-6.55702024990631,-8.11671195821193,2.80039459430957,-0.0942354451728846,0.0334616328511963,-0.00723917683007969,0.0204012426093767
-6.66122327867255,-8.10426240471324,3.65540202866927,-0.0870878529566945,-0.0491498307971976,-0.0171151758095394,0.0615993842958842
-6.74348217741901,-8.15867997909372,4.00111824403024,-0.0652796922486807,-0.0757532955053279,-0.0169792064977834,0.0213357211248422
-6.888695741034,-8.16461960463539,3.12789289124896,-0.0999906159723605,0.00136993338083231,-0.0452229476426251,-0.00730955892250051
-6.87906305228659,-8.00189384067811,1.55262599057511,0.00181693363798707,0.0999834923982712,0.00781575510941801,0.0627422715590109
-6.93312849907625,-7.8543008237624,1.80507138841321,-0.0232137911417751,0.0972682882589492,-0.0308516556478833,0.0503247286567596
-6.89688868726493,-7.82640050082251,0.756176425902569,0.0727464848072296,0.0686144951755204,-0.036506672995908,-0.0407141722356297
-6.90294199480728,-7.79378894792659,-0.105847224953361,0.099440341059195,-0.0105649690028405,-0.105493648601546,0.0431765218987605
-6.9282031566405,-7.6683800735877,1.3730615096155,0.0196448793027163,0.0980514085425687,-0.0449060411359312,0.0273574657963254
-6.87600397355375,-7.61145994876335,1.12962497851254,0.0426998951923787,0.0904252119187999,0.00949928789436694,-0.0335050870944524
-6.81815821759394,-7.49301476267989,1.19483945493421,0.0367162737829497,0.0930156720101268,0.0211294821768568,0.0254295140733323
-6.91614608727751,-7.47612312239571,2.99986326253309,-0.0989973190953062,0.0141255375806416,0.00100944941173609,0.00276610270353839
-6.86228360392541,-7.50101673263708,-0.119579390347155,0.0992858900142213,-0.0119294611816273,-0.0454234066621195,-0.0129641490597452
-6.76724868999629,-7.56141401790167,-0.561913570259505,0.0846237098304943,-0.0532806506578542,0.0104112040986264,-0.00711663460673062
-6.71527243255654,-7.68425810428851,-1.51023243932487,0.0060526869693307,-0.0998166568286641,0.0459235704704204,-0.0230274295581783
-6.77860433391522,-7.66688550655975,-2.41973873105858,-0.0750581989752469,-0.0660777327591697,0.0117262976165682,0.0834503304879295
-6.82000035805464,-7.54148299757645,-3.65296774071962,-0.0872072396487318,0.0489376884706323,0.045811215509306,0.0764648205126681
-6.80640847479975,-7.68804993735648,-1.49149446682104,0.00792187673812166,-0.0996857255024309,0.00567000651677319,-0.0468812142775938
-6.87804309846841,-7.77989024882839,-2.25715610965841,-0.0633725468032191,-0.0773558033483837,-0.00826207686544134,-0.0144845081235276
-6.91790853782952,-7.88627627018579,-2.05123590018129,-0.0462169030277257,-0.0886791851255175,0.00635146366662021,-0.0177068362318904
-6.97545311675916,-7.98104634710449,-1.59943964499329,-0.00286394016732695,-0.0999589808207245,-0.054680638762318,0.00518890390202742
-6.98767131607924,-8.02037767253143,-1.70060060075313,-0.0129440065653253,-0.0991587247499524,0.000725807245242294,0.0598273993230141
-6.9837528927586,-8.11427313465719,-1.40983458083319,0.0160267594639846,-0.0987073603186894,-0.0121083361433358,0.00481189819293171
-6.96157110232844,-8.25923222058433,-1.23154614215647,0.0332780106529579,-0.0943004454230287,-0.0110962202228047,-0.0506586405041105
-6.86633851147718,-8.34010952716276,-0.620399781538611,0.081364610449908,-0.0581360487678232,0.0138679804013497,-0.0227412578106065
-6.7430566141239,-8.41904061782937,-0.556346120428043,0.0849190341316461,-0.0528086890781084,0.0383628632216402,-0.0261224015885029
-6.67584796968318,-8.50026317887789,-1.48625712714395,0.00844385370954014,-0.0996428689597599,0.0587647907311792,0.0184203079112368
-6.5333504698984,-8.53555684714758,-0.0506919169809177,0.0998715439886426,-0.00506702095166606,0.0426259557961393,-0.0302266473180275
-6.37712307552271,-8.54012446336115,-0.0715070605976388,0.0997444459349386,-0.00714461371468771,0.0564829484407494,0.00257699750111939
-6.25792317394183,-8.63661992905459,-0.332472234880214,0.09452383427889,-0.0326380874626095,0.0246760673019835,-0.0638573782308249
-6.16361670933749,-8.61188689792589,0.908975193885341,0.0614554515320845,0.078887435482386,0.0328510130722597,-0.0541544043536915
-6.05254605612466,-8.61356170096491,0.111520568080955,0.09937880235645,0.0111289551260504,0.0116918508563746,-0.012803758165072
-6.04109428803906,-8.52398463220799,1.11393459205208,0.044113387500374,0.0897441309682246,-0.0326616194147706,-0.00016706221130125
-5.91263107723687,-8.58413772559859,-0.145022143095876,0.0989502706120085,-0.0144514340399245,0.0295129401901781,-0.0457016593506747
-5.85483250913596,-8.64561548174412,-0.530372848701772,0.0862618523097098,-0.0505855002554864,-0.0284632842087915,-0.0108922558900408
-5.9311844541409,-8.74282726532862,-1.91322753151779,-0.0335778133898237,-0.0941941104738411,-0.042774131615122,-0.00301767311065593
-6.08507222648896,-8.8310663894623,-2.56187030352254,-0.0836614776481187,-0.0547791671872924,-0.0702262946999341,-0.0334599569463903
-6.13409054335659,-8.89422001592137,-1.68696300532238,-0.0115905582401839,-0.0993260235773128,-0.0374277586274481,0.0361723971182402
-6.11022294232166,-9.00725524105201,-1.02576505818804,0.0518444828890143,-0.0855111080151036,-0.0279768818540829,-0.027524117115532
-6.27143319592934,-9.06510414371179,-2.71028865854929,-0.0908421379566079,-0.0418055734498717,-0.0703681156510756,-0.0160433292099063
-6.29653949409305,-9.13474093422438,-0.989095867353659,0.0549445514594196,-0.0835529548545304,-0.0800508496231283,0.0139161643419383
-6.29645821006549,-9.23801470897589,-1.44472739448379,0.0125735254101073,-0.0992063831553262,-0.0124922413825459,-0.00406739159617953
-6.20024170441812,-9.23618920100503,0.936916010341182,0.0592275717181354,0.080573536278192,0.0369889339292309,-0.078748028307337
-6.22551083404415,-9.21395704056131,2.02499891755595,-0.0438745892520331,0.0898611173865837,0.0186054596260048,-0.067628956942869
-6.28296636288003,-9.15688268781755,2.43571693538277,-0.0761043764778081,0.0648700538070076,0.0186488476419271,-0.00779570106324279
-6.17085714445298,-9.14954276767703,0.120316027729756,0.0992770753899753,0.0120025956364927,0.0128321430370759,-0.00466267549597532
-6.22041652332892,-9.33149645829697,-1.56443162761975,0.000636465620354991,-0.099997974537058,-0.0501958444962991,-0.0819557160828817
-6.31325251902058,-9.25380702164286,-3.91511779531551,-0.0715452238718528,0.0698661644941703,-0.0212907718197988,0.00782327215994538
-6.23774568590915,-9.13879451790639,-5.57048592484847,0.0756599566600283,0.0653878502338365,-0.000153123548605194,0.0496246535026286
-6.25250207723852,-9.10804313418706,-3.43592535318105,-0.0956995940100316,0.0290101310978618,0.0809432026806656,0.00174125262146507
-6.38298566054396,-9.13854404506266,-3.04166324032775,-0.0995011209714442,-0.00997631822999008,-0.030982462334002,-0.0205245926456019
-6.48596003920735,-9.12663223533089,-3.89596241016932,-0.0728703297191453,0.0684829544238787,-0.030104048944243,-0.0565711446921089
-6.47903984500915,-9.10796119198118,-3.602725215826,-0.0895549124090269,0.0444962657243451,0.096475106607226,-0.0258252223746345
-6.39366161207601,-9.0699151663682,-5.12226098255646,0.0398491935245905,0.091717183643196,0.0455290394085539,-0.0536711580302196
-6.52610263203268,-8.96456435766849,-3.7911215308317,-0.079636882727909,0.0604811285392499,-0.0528041372287626,0.0448696801604562
-6.57586671114303,-8.99856345606802,-2.30299071970839,-0.0668503233511043,-0.074370923537716,0.0170862442407556,0.0403718251381866
-6.72141514459947,-8.993565924788,-2.94767246941083,-0.0981256329727138,-0.0192707071407427,-0.0474228004837256,0.0242682384207624
-6.73701686080071,-8.93976608880237,-5.37399015081928,0.0614380977699574,0.0789009514670714,-0.0770398139712007,-0.0251011154814318
-6.90895490116509,-8.94909495735476,-3.45933296689381,-0.0949943815865233,0.0312420784678934,-0.0769436587778509,-0.0405709470202904
-7.09849925221293,-9.03458150875208,-2.60955530231705,-0.0861775331561897,-0.0507290131888432,-0.103366817891649,-0.0347575382084742
-7.14398400551156,-9.20110833928902,-0.963719412822848,0.0570469114431849,-0.0821319054618448,-0.10253166474182,-0.084394925075097
-7.13809254492627,-9.29095263233441,-0.221778633256458,0.0975507755427027,-0.0219965040635378,-0.0916593149574085,-0.0678477889818545
-7.10161931430754,-9.43338125234893,-0.753167744800867,0.0729525943744804,-0.068395313977147,-0.0364793637557499,-0.0740333060373697
-7.00594189467894,-9.38547984851068,0.871316001543676,0.0643820131094742,0.076517686765685,0.0312954065191215,-0.0286162829274339
-7.02196016705376,-9.31856912523059,1.66776234168869,-0.00968141339739557,0.0995302478376736,-0.00633685897742353,-0.0326195245575907
-7.18105878150081,-9.4803203439855,4.08481160712874,-0.0587185481925656,-0.0809452413558533,-0.100380066254481,-0.0808059773990522
-7.29439149620305,-9.56663987317258,3.91959097622355,-0.0712319851355246,-0.0701854991693612,-0.0421007295667231,-0.0161340300177155
-7.30572689138987,-9.46137147627763,7.1050438814924,0.0680861140914398,0.0732412525010834,-0.0794215092782578,0.0320271443938669
-7.43367077953336,-9.40753315098823,9.00657604711796,-0.0913820652361207,0.040611798201771,-0.0365618229073688,0.0132265270876299
-7.51389508043976,-9.40130949554705,8.52080537652876,-0.0618493239379808,0.0785790120096627,-0.0183749769684169,-0.0723553565684902
-7.48404583279678,-9.33962649401284,6.87435405374948,0.0830289866691698,0.0557331801774386,-0.053179739026187,0.00594982135677924
-7.46174344094247,-9.49689481284513,5.45499721103333,0.0676211712228023,-0.0736707350476189,-0.0453187793685004,-0.0835975837846714
-7.56961710929934,-9.66820364157632,4.08722282695405,-0.0585232009167891,-0.0810865892392394,-0.0493504674400729,-0.0902222394919594
-7.66083044576302,-9.66829144133222,3.53309797280914,-0.0924335707229925,-0.0381580267230573,0.00122023425931328,0.0380702269671573
-7.77931946871224,-9.71345493969769,3.285648336291,-0.0989641911364465,-0.0143557957880741,-0.0195248318127748,-0.030807702577393
-7.75425983911959,-9.65202131407688,1.94416253248924,-0.036475178286577,0.0931104793724231,0.0615348078792239,-0.0316768537516143
-7.68289170002362,-9.57099752513855,1.08314182552581,0.0468555084926931,0.0883434283005316,0.0245126306032795,-0.00731963936220303
-7.60617991635568,-9.6019989436057,-0.418785881697499,0.09135833366353,-0.0406651554801297,-0.0146465499955966,0.00966373701298018
-7.60301676564219,-9.6652850901815,-1.18095933609993,0.0380037641289575,-0.0924971021818012,-0.0348406134154606,0.0292109556060076
-7.63892950141949,-9.74463406062478,-1.72688193652084,-0.0155452603035404,-0.0987843352060192,-0.0203674754737584,0.0194353647627334
-7.5779094414398,-9.6554843186754,-4.891183619634,0.017784355708536,0.0984058773246408,0.0432357042711518,-0.0092561353752636
-7.47850626735093,-9.55069772830275,-5.5038308043594,0.0711367354755507,0.0702820380031878,0.0282664386133167,0.0345045523694694
-7.57950547802549,-9.62097283037014,-8.81317411611445,-0.0818728173628199,-0.0574181310830851,-0.019126393311736,-0.0128569709843021
-7.62786811008961,-9.56455629620367,-10.6858148602786,-0.0304829522146129,0.0952406931110942,-0.0178796798495124,-0.0388241589446299
-7.76482588539074,-9.63339494583428,-9.25675890562216,-0.0985917973807029,-0.0167229629325199,-0.0383659779204226,-0.0521156866980927
-7.84229488260531,-9.62195604910796,-9.95949274909077,-0.0860414006901889,0.0509595660035519,0.00857240347561383,-0.0395206692772323
-7.77603691470336,-9.57255334099551,-12.1860234737358,0.0928535818061026,0.037124282427778,-0.0265956139041492,0.0122784256846771
-7.71703651333393,-9.49516499970925,-12.2249783711115,0.0942289456836126,0.0334799312328263,-0.0352285443141813,0.0439084100534277
-7.63144162208326,-9.49258099359101,-12.6195076550287,0.09985885596068,-0.00531120383944826,-0.0142639647100093,0.00789520995769344
-7.54032402554127,-9.52030350142769,-13.6877908968935,0.043440361033953,-0.0900718326295175,0.0476772355080293,0.0623493247928337
-7.67488169535353,-9.51430224529457,-15.4134087140918,-0.0956931556336121,-0.0290313617469331,-0.0388645141786466,0.0350326178800522
-7.79162495585219,-9.56473495653327,-15.4224763454658,-0.0959524637013686,-0.0281624698781469,-0.0207907967972885,-0.02227024136055
-7.73262403385635,-9.68252985106659,-13.7694203508191,0.0359513600176427,-0.0933139845515228,0.0230495619782012,-0.0244809099817989
-7.68757724215568,-9.76190486337531,-13.8808738557754,0.0253496468658836,-0.0967336311929569,0.0196971448347787,0.0173586188842414
-7.63995116303451,-9.86080405037647,-13.6853654104415,0.0436587010500755,-0.0899662037801982,0.00396737807109826,-0.00893298322096747
-7.55065759601541,-9.88040529429347,-12.6642364002056,0.0995214964950605,-0.00977096389225086,-0.0102279294759553,-0.00983028002474207
-7.58088887895883,-9.80813903909959,-10.6843664131059,-0.0306208713024397,0.0951964402731501,0.000389588359018589,-0.0229301850792751
-7.69409911416048,-9.78346480648312,-10.2737316718608,-0.0660768840848196,0.0750589460999907,-0.0471333511168384,-0.050384713483524
-7.84093510758748,-9.86569591479577,-9.27001015642843,-0.0988047350528583,-0.0154150683142979,-0.0480312583741371,-0.0668160399983542
-7.94657809509699,-9.81197428255106,-10.0209901758047,-0.0827468433398717,0.0561512236490598,-0.0228961441696427,-0.00242959140434351
-8.05967029908356,-9.77596984165277,-10.0927078756209,-0.0785105479395643,0.0619362080065399,-0.0345816560470045,-0.0259317671082524
-8.10494515204791,-9.88451084344001,-7.88844347168273,-0.00344550168620075,-0.0999406249636773,-0.0418293512781442,-0.00860037682356207
-8.21791701213069,-9.97945290985789,-9.14190060893701,-0.0960256288616179,-0.0279119795380193,-0.0169462312211612,-0.067030086879857
-8.34813005609196,-9.90525650366487,-9.72657859417642,-0.0954802817122489,0.0297239937449461,-0.0347327622490257,0.0444724124480693
-8.36283438996056,-9.74827047068455,-10.7661105732316,-0.0227455327444366,0.0973788516063512,0.00804119887584065,0.0596071813739734
-8.52508255425492,-9.84366488213849,-9.22160913408807,-0.0979432109571863,-0.020177398925434,-0.0643049533371709,-0.0752170125285119
-8.54291806293298,-9.8005482020235,-11.2649619595026,0.0266141242755985,0.0963934042818439,-0.0444496329536657,-0.053276724166853
-8.53109435651147,-9.73324401786066,-10.7350114912322,-0.0257624391884636,0.0966245141103474,0.0375861456099766,-0.029320329947506
-8.50078020384822,-9.66107490975432,-10.9504718700632,-0.00450871276224117,0.0998983058376247,0.0348228654254932,-0.0277291977312828
-8.45235934887981,-9.5617923360065,-11.1783648009995,0.0181774301857557,0.0983340278430716,0.0302434247826531,0.000948545904744691
-8.51527307795483,-9.55441879376144,-10.1003256262743,-0.07803645993634,0.062532478925787,0.0151227308613251,-0.0551589366807228
-8.62309427555685,-9.61293882901774,-9.03727236581074,-0.0925854525356494,-0.037788013691765,-0.0152357450663745,-0.0207320215645339
-8.56928518622941,-9.76476538546916,-7.4442323294415,0.03983793974279,-0.0917220723547491,0.0139711495846457,-0.0601044840966747
-8.65040540376705,-9.79455866219336,-3.81797634705695,-0.0779841537699948,0.0625976977274549,-0.00313606376764497,-0.0923909744516536
-8.76046904180341,-9.74441892493332,-4.03295908512482,-0.0628349623964761,0.077793107025195,-0.0472286756398885,-0.027653369765158
-8.7714495968439,-9.67570885005417,-4.4479445158905,-0.0261373084611294,0.0965237851848329,0.0151567534206389,-0.0278137103056793
-8.8226392424113,-9.70182224654587,-3.19710064979737,-0.0998459826696602,0.00554794959691602,0.0486563371022655,-0.0316613460886206
-8.87771706488745,-9.68374736270921,-3.71803518813065,-0.0838406929082696,0.0545044788312046,0.0287628704321179,-0.0364295949945408
-8.95393343146866,-9.75522039478411,-2.55413764781871,-0.083235392216605,-0.0554244484189778,0.00701902563539658,-0.0160485836559303
-8.94672322349681,-9.88039884419674,-1.43509352001613,0.0135286689883084,-0.0990806495507815,-0.00631846101645639,-0.0260977998618461
-8.97638074915464,-9.79143734667069,1.25217121256554,0.0313261173443723,0.0949667013859417,-0.0609836430022073,-0.00600520385988546
-8.95495622986016,-9.88356276617128,-1.63138060832876,-0.00605472263534289,-0.0998165333690219,0.0274792419298286,0.00769111386842702
-8.87547210504041,-9.77816751704493,0.345431178609966,0.0940929541957824,0.033860241740283,-0.0146088293760362,0.0715350073860641
-8.75595086398964,-9.79816177838534,0.0768454236221143,0.0997048843132068,0.00767698144390481,0.0198163567375627,-0.0276712427843115
-8.84253144721763,-9.7555414878539,1.53967118720764,0.00311201142913884,0.0999515651946727,-0.0896925946571212,-0.0573312746632286
-8.90798580419489,-9.64554289578961,1.52205481803202,0.00487222115731775,0.0998812367814605,-0.0703265781345825,0.01011735528283
-8.96140713922016,-9.57524883064672,1.86232645003983,-0.028741812101429,0.0957805211779835,-0.0246795229238392,-0.0254864560350949
-9.11249049329065,-9.60847127866571,3.26213233143171,-0.0992743885252489,-0.0120247986651726,-0.0518089655452458,-0.0211976493538213
-9.20819826994068,-9.53371166982328,2.0373150709185,-0.0449779770011823,0.0893139495537014,-0.0507297996488445,-0.0145543407112676
-9.09255458213731,-9.48737282240543,0.895559009440476,0.0625082574437221,0.0780558630171325,0.0531354303596521,-0.0317170155992841
-9.03757691549762,-9.41208028093449,0.991911444020607,0.0547090842345473,0.0837073240655632,0.000268582405137607,-0.00841478259462747
-9.04629851180098,-9.40721973255212,-0.0514193213675201,0.0998678317938286,-0.00513966660392993,-0.108589428097185,0.0100002149863077
-9.03052570316883,-9.46435479725558,0.0774178579356513,0.0997004734101441,0.00773405467999528,-0.0839276647779954,-0.0648691193834594
-9.14250473120405,-9.52039744151241,-2.63638625846008,-0.0875074600286754,-0.0483988061767001,-0.0244715680065424,-0.00764383808013136
-9.29870149707526,-9.57657509662868,-2.3828845557196,-0.0725725424695945,-0.0687984453276301,-0.0836242234016185,0.0126207902113649
-9.27197256124331,-9.61779305403084,-0.763334737263609,0.07225346127284,-0.0691334747723142,-0.0455245254408867,0.0279155173701486
-9.33392095858284,-9.6738423405628,-1.34565807423408,0.0223241127780686,-0.0974763252727147,-0.0842725101176081,0.0414270387407534
-9.37251156692564,-9.75301209583783,-1.17627568467339,0.0384365698938861,-0.092318091914816,-0.0770271782366834,0.0131483366397873
-9.4382355808605,-9.72006082026983,2.02035355467206,-0.0434566798612367,0.0900639604694241,-0.0222673340736179,-0.0571126849014174
-9.47902618566598,-9.79108194936313,3.53480344227766,-0.092368358977669,-0.038315613785668,0.0515777541721869,-0.0327055153076348
-9.39311640752689,-9.82868855347996,-0.00983412765173775,0.0999951645356365,-0.000983396914264741,-0.01408538639655,-0.0366232072025632
-9.27502386719982,-9.91141221281241,-0.767749233138757,0.0719475687964533,-0.0694517627154245,0.046144971530623,-0.0132718966170273
-9.12554634843508,-9.95189942963309,-0.566637488833909,0.0843710731068066,-0.0536798101971858,0.0651064456579311,0.0131925933765
-9.16263718772791,-10.0299535273585,-1.89279406204783,-0.0316462252703911,-0.0948605103619818,-0.00544461402244334,0.0168064126365657
-9.22149707434054,-10.0641503588377,-1.48196606771214,0.00887134813101207,-0.0996057186226694,-0.0677312347436354,0.0654088871434926
-9.1362539197624,-9.88271527562723,1.3299427410314,0.0238531659997241,0.0971134721436197,0.0613899885784086,0.084321611066839
-9.10853881187919,-9.7593165700905,1.11449968961618,0.0440626662697908,0.0897690450054864,-0.0163475583865731,0.0336296605312381
-9.26208394938241,-9.66961309030669,2.33346077210841,-0.0690850283319491,0.0722997846495671,-0.0844601091712773,0.0174036951342451
-9.3561145104665,-9.69584135684041,3.74745300230478,-0.0822012459563333,-0.0569469504295568,-0.0118293151277538,0.0307186838958344
-9.55647993878095,-9.7329990707134,3.28437484667018,-0.0989823928395846,-0.0142297543109551,-0.101383035474867,-0.0229279595620309
-9.62161143371863,-9.66717162465628,2.53322498284869,-0.0820582033771465,0.0571528762050946,0.0169267084394669,0.00867456985202786
-9.58156551427448,-9.58474558563806,1.31952229429541,0.0248638184047066,0.0968596434762062,0.0151821010394393,-0.0144336044579916
-9.48701308307564,-9.48965610827488,1.23886676786746,0.0325867868473877,0.0945415322647297,0.0619656443514556,0.000547945098452018
-9.42814525827995,-9.42417904620886,0.791008945226829,0.0703128249983423,0.071106305210948,-0.0114450002026594,-0.00562924314492186
-9.34149344178211,-9.50769107271313,-0.63097039720303,0.0807455423528694,-0.0589928588063079,0.00590627414497558,-0.0245191676979637
-9.32657605338223,-9.6120222889808,-1.7609527493259,-0.0189012500253291,-0.0981974681317191,0.0338186384252044,-0.00613374813595335
-9.37707691935493,-9.62487785031222,-3.13893292223951,-0.0999996462916657,-0.000265972821438564,0.0494987803189737,-0.012589588509984
-9.29541645795529,-9.60679425488324,-5.43001950605746,0.0657601438237499,0.0753366012259627,0.0159003175758894,-0.0572530057969836
-9.39913530267495,-9.54195672748494,-3.72702155329957,-0.0833475171056742,0.0552556910401032,-0.020371327613991,0.00958183635819765
-9.58482645032606,-9.54487080569991,-3.49321575424828,-0.0938814918067027,0.0344422051580326,-0.0918096558444068,-0.0373562833730023
-9.59959987273481,-9.47574719948335,-4.68921145883301,-0.00231754464562958,0.099973141327136,-0.0124558777631218,-0.0308495351105762
-9.51311417138012,-9.54731564917157,-6.65216351386269,0.0932696355069866,-0.0360662597505463,-0.00678393415229372,-0.0355021899376684
-9.49450134172904,-9.65615766504754,-7.64145751774494,0.0210927896863951,-0.0977501622671058,-0.0024799600353127,-0.0110918536088693
-9.40693080943943,-9.71847803419204,-6.92775773802884,0.0799356747797043,-0.0600856713161578,0.00763485750989989,-0.00223469782833696
-9.31174325787889,-9.62148668965666,-5.62652888299846,0.0792037814503433,0.0610472030806183,0.0159837701101999,0.0359441414547597
-9.21520632158111,-9.58102840276083,-6.09052906327408,0.0981499116090342,0.0191466668414839,-0.00161297531125015,0.0213116200543482
-9.09490411944345,-9.56003325770224,-6.34936910133026,0.0997810652036727,-0.00661354873123485,0.0205211369339793,0.027608693789821
-9.00890309699644,-9.66748810891978,-7.5387436456575,0.0310042740881721,-0.0950722619288376,0.0549967483588452,-0.0123825892887037
-9.05338146043648,-9.65939230859984,-9.11989949557224,-0.0953883441594991,-0.0300177247390432,0.0509099807194611,0.0381135250589839
-9.14230154837826,-9.6931916495167,-9.50762264013208,-0.099657034177151,0.00827499480447952,0.0107369462353661,-0.04207433572134
-9.21217269965491,-9.64263974746701,-10.2342364845989,-0.0689890516098836,0.0723913721238161,-0.00088209966676267,-0.0218394700741236
-9.19976301264049,-9.5653295196159,-11.2845871566411,0.0285006173777189,0.0958525680881262,-0.0160909303633003,-0.0185423402370208
-9.27969867652785,-9.65181096394295,-14.3623416479778,-0.0223276661908208,-0.0974755113988702,-0.0576079976965387,0.0109940670718274
-9.20148187826002,-9.62062832736899,-17.7357831103563,0.0441279058065735,0.089736993091624,0.0340888924612486,-0.0585543565176643
-9.14602335098815,-9.67046793010045,-18.880106264123,0.0999533374578389,-0.00305455905809272,-0.0444948101859648,-0.0467850436733706
-9.08946639816026,-9.65249063008199,-18.1978043729798,0.0795022564552841,0.0606579856121042,-0.0229453036273908,-0.0426806855936412
-9.18345886692025,-9.86455563337966,-20.6687956718159,-0.0245895473818914,-0.0969296350945041,-0.0694029213781047,-0.115135368203166
-9.24795421469394,-9.93503678645523,-21.7624153403765,-0.0973954407713966,-0.0226743934195686,0.0329000929977097,-0.0478067596560035
-9.36136361867025,-9.87074727113466,-22.2611263447816,-0.096377682566013,0.0266710011661511,-0.0170317214102917,0.0376185141544187
-9.28723229006039,-9.83260812330331,-24.4835978741158,0.0796601936535156,0.0604504222242028,-0.00552886504365713,-0.0223112743928553
-9.26074956981522,-9.99980015587595,-26.0781046813841,0.0585448263065838,-0.0810709770061515,-0.0320621060614128,-0.0861210555664869
-9.22759747197451,-10.1382597421705,-26.3570884853512,0.0339560006055748,-0.094058439402715,-0.000803902764869413,-0.0444011468918823
-9.08707642194164,-10.2579598185124,-25.8813146648875,0.0732660525220581,-0.0680594265905541,0.0672549975108119,-0.0516406497513007
-9.12847902427806,-10.1516038074831,-23.389181770355,-0.0171905000140097,0.0985113531998639,-0.0242121023224087,0.0078446578294411
-9.25854938675148,-10.2549683710291,-28.0445007776088,-0.0973704429822263,-0.0227815020015147,-0.0326999194911881,-0.0805830615444982
-9.33563126456628,-10.2987867710148,-27.769086388316,-0.0875054708188947,-0.0484024025928834,0.0104235930040915,0.00458400260719394
-9.27511951594905,-10.3887323510411,-26.0776482715508,0.0585818217986657,-0.081044248128719,0.00192992681856019,-0.00890133189756348
-9.34419050323847,-10.3564478981743,-23.0218136575937,-0.0514248556625786,0.0857641196543342,-0.0176461316268322,-0.0534796667875632
-9.35151927542213,-10.2746207832497,-24.3773472275249,0.0728001482109028,0.0685575555316158,-0.0801289203945679,0.0132695593929864
-9.39009800461304,-10.2218276539179,-22.9439155880816,-0.057943013431162,0.0815021913479397,0.0193642842402557,-0.0287090620161337
-9.34261483347559,-10.2862815328281,-20.6589420699904,-0.0236332630756986,-0.0971672212034224,0.0711164342131463,0.032713342293194
-9.3905498510842,-10.3981641860947,-21.3473590817002,-0.0799826935955081,-0.0600230682755144,0.0320476759868997,-0.0518595849910124
-9.44552800920705,-10.3053412669242,-22.7157114671044,-0.0748789212274615,0.0662808204219865,0.0199007631046131,0.0265420987484788
-9.40192286607179,-10.407526151133,-20.3461963633208,0.007408793865147,-0.099725171213008,0.0361963492701065,-0.00245971299577974
-9.31506205067543,-10.3593110262588,-18.1306929458086,0.0752554979378273,0.0658529424561247,0.0116053174585415,-0.0176378175819583
-9.28284262701738,-10.3198843101193,-17.7322212592298,0.0438079967521861,0.0898936005539908,-0.0115885730941425,-0.0504668844144867
-9.47949924790149,-10.2548662021174,-16.6725774006703,-0.0569734035691694,0.0821829135875856,-0.139683217314942,-0.017164805585713
-9.57590776015762,-10.1275138109907,-17.2838072876718,0.00050476714927708,0.0999987260425102,-0.0969132794054062,0.0273536650842754
-9.62433521175394,-10.1133546242014,-16.6247587136698,-0.0608366590224015,0.0793656154703789,0.0124092074260833,-0.0652064286811278
-9.58234338992406,-10.0696645510596,-18.1319076230046,0.0753354324681426,0.0657614827603357,-0.0333436106382647,-0.0220714096185493
-9.62148653455125,-9.99118175651524,-16.8746111284951,-0.0393235970899902,0.0919437584173288,0.000180452462807956,-0.013460963872955
-9.68372328254159,-10.0140787280758,-15.6507438462344,-0.0998363415485726,-0.0057188203501038,0.0375995935582267,-0.0171781512104996
-9.72446020986055,-9.98953287593802,-16.3113922932235,-0.0823394593159904,0.0567469244941994,0.0416025319970359,-0.0322010723563739
-9.73672587188189,-9.95131775506837,-17.0972405911167,-0.018052382844518,0.0983570611274806,0.00578672082317677,-0.0601419402578358
-9.80728695003764,-10.0791676393993,-14.1570549451491,-0.00198866929615892,-0.099980224016705,-0.0685724088595965,-0.027869660314245
-9.80379019478608,-10.2089373754275,-14.5633179858523,-0.0413369154672614,-0.0910563529889732,0.0448336707188268,-0.0387133830392248
-9.83655450786774,-10.1693069327114,-10.6523355980934,-0.0336538627422225,0.0941669661958356,0.000889549660559652,-0.0545365234796797
-9.78154992450639,-10.2475460693505,-7.6409769087111,0.0211397668595727,-0.0977400135928112,0.0338648165017821,0.0195008769536607
-9.79128442735115,-10.3156110577455,-8.7023355930089,-0.0750193028557705,-0.0661218889554298,0.0652848000110007,-0.00194309943959148
-9.70830129974906,-10.2128143165467,-11.6872578483566,0.063783471906775,0.0770173273459787,0.0191996556953198,0.0257794138528666
-9.66259988907102,-10.2261282712104,-11.5568483901947,0.0532265256447196,0.0846577637774115,-0.00752511496668351,-0.0979717184410749
-9.72739694766337,-10.2979574179972,-10.2264260784126,-0.0695523476423374,0.0718503370725528,0.00475528904999134,-0.14367948385935
-9.84497737245646,-10.3401554128991,-9.18765624901835,-0.0972018127040792,-0.023490585498048,-0.0203786120890062,-0.0187074094038753
-9.69395240816153,-10.4058933110108,-12.4274698384475,0.0990368787098961,0.0138454561283232,0.0519880855850339,-0.0795833542400892
-9.64594877336912,-10.3125049183214,-11.9035665250732,0.0788269893535181,0.0615329647381007,-0.0308233545611092,0.0318554279513759
-9.57191883969726,-10.371828736696,-13.3952240312977,0.0675721415882961,-0.0737157085102711,0.00645779208356156,0.0143918901356361
-9.48354399954716,-10.4196421356372,-13.3048010146573,0.0739526010738746,-0.0673127981472199,0.0144222390762225,0.0194993992059977
-9.37967962308115,-10.5362516950331,-13.0901383019524,0.086594093543299,-0.0500146274945079,0.0172702829227109,-0.066594931901335
-9.36849900849391,-10.6514543533597,-13.7791057258702,0.0350459069875043,-0.0936578048185158,-0.0238652924002647,-0.0215448535081659
-9.40191894664107,-10.7692099438188,-13.3771049088083,0.0688966407063065,-0.0724793273933065,-0.102316578853462,-0.0452762630657197
-9.36808354252539,-10.8579971172767,-13.6424139906574,0.0474814240944048,-0.0880086039314752,-0.0136460199787285,-0.000778569526488582
-9.44847988563479,-11.0284039649415,-14.4234349315462,-0.0282374066702124,-0.0959304376334281,-0.0521589364391906,-0.074476410031334
-9.51261185656762,-11.0598333873186,-14.8330373954841,-0.0641053752510067,-0.0767495984610188,-2.65956818221724e-05,0.0453201760838748
-9.61214707167166,-10.9305650231168,-16.8509608754434,-0.0414868905282017,0.0909881196327356,-0.0580483245758323,0.0382802445691528
-9.56167991943059,-10.7847759825917,-17.9215880009937,0.0599461702247258,0.0800403440484123,-0.00947901798365702,0.0657486964766747
-9.48538890787578,-10.7008609816806,-18.6094023869849,0.0971301467836861,0.0237851757567523,-0.0208391352288739,0.0601298251543039
-9.42144949140513,-10.8047448799247,-20.2264057754753,0.0192732867273933,-0.0981251263373642,0.0446661297432485,-0.00575877190670937
-9.53379271535833,-10.7761012733925,-21.9938746349945,-0.0999996284301105,0.000272605648957394,-0.0123435955230908,0.0283710008831939
-9.49567692160161,-10.6919300807926,-24.3466132885875,0.0706590562862067,0.0707622622924301,-0.0325432625294866,0.0134089303074632
-9.47599903920284,-10.5885097554787,-23.1031381630223,-0.0442878566568836,0.0896581605473776,0.0639657390556545,0.013762164766554
-9.55312123990386,-10.4938768829448,-22.7153636143738,-0.0749019726611319,0.0662547695752619,-0.00222022803988864,0.0283781029586638
-9.61085194403182,-10.5614701719777,-21.108358036867,-0.0634997889879305,-0.0772513870327796,0.00576908485997496,0.00965809799989259
-9.50720137471588,-10.5290437471684,-17.9951098691455,0.0656636401787615,0.0754207289707156,0.0379869291371753,-0.0429943041614802
-9.3404404646372,-10.5143595639638,-18.9758104161272,0.0992040482753261,-0.0125919341559101,0.0675568618033564,0.0272761173605645
-9.24177335113589,-10.381131501826,-17.6215855306491,0.0336149921255311,0.0941808489258856,0.0650521213757802,0.0390472132118589
-9.30842329971012,-10.4284167405463,-14.8714548602248,-0.0670058742136581,-0.0742308077610869,0.000355925639422772,0.0269455690408051
-9.37568245817382,-10.3400226131263,-16.8510107197393,-0.0414823552379112,0.0909901874045534,-0.0257768032257841,-0.00259605998456891
-9.38082956980558,-10.2479923621611,-16.4456494434428,-0.0740026764431918,0.0672577421509544,0.0688555648114262,0.0247725088142321
-9.47850908346043,-10.3107601735624,-15.4765548071067,-0.0973344331935702,-0.0229348667946081,-0.000345080461278791,-0.0398329446066334
-9.44243539212225,-10.4352648278006,-13.5024295701902,0.0592966058697641,-0.0805227454346029,-0.0232229145315754,-0.0439819088036142
-9.39399187159545,-10.3112369901517,-11.3587066568136,0.0355204074702469,0.0934788781123716,0.0129231130565488,0.0305489595365405
-9.43235207788847,-10.3548732506151,-10.206937291305,-0.0709393269076865,0.0704812875725493,0.0325791206146624,-0.114117548035908
-9.5360478702167,-10.4067744610292,-9.0857342491091,-0.0943073144228809,-0.03325853944995,-0.0093884779053397,-0.0186426709641765
-9.5211303345145,-10.5045262720873,-7.81649590772132,0.00374769478398585,-0.0999297492431863,0.0111698409182059,0.00217793818506884
-9.57863588023725,-10.6350399191011,-8.23324562992735,-0.0370236868080312,-0.0928937382988801,-0.0204818589147164,-0.0376199087149587
-9.66305049582284,-10.7393403852253,-8.60396103796494,-0.0681623690007836,-0.0731702907757036,-0.0162522465848056,-0.0311301753485065
-9.74893968557672,-10.7325730682135,-9.71333647125793,-0.0958655076939738,0.0284570629998364,0.00997631794009468,-0.0216897459880219
-9.65370998458695,-10.6900510459279,-11.5667751184124,0.0540642640079775,0.0841252361498956,0.0411654369817906,-0.0416032138642368
-9.59171245665105,-10.6368880744112,-11.8158848628486,0.073135767550684,0.0681994098564813,-0.0111382396147857,-0.0150364383398411
-9.50113154796945,-10.7286960667636,-13.2930808260118,0.0747364225943452,-0.0664414564695826,0.0158444860872589,-0.0253665358827817
-9.54177930436197,-10.7953455963688,-15.0501270830558,-0.0791317052559684,-0.0611406020847239,0.0384839488634432,-0.00550892752047893
-9.37490403590803,-10.834509944474,-12.8386927633973,0.096314890826698,-0.0268968735179619,0.0705603776272499,-0.0122674745872828
-9.27859891082154,-10.8329994863751,-11.8289661560682,0.0740216211693344,0.0672368916552777,0.0222835039171541,-0.0657264335562964
-9.30181718613428,-10.7193025198764,-11.0735807912897,0.00779274160057555,0.0996959035183826,-0.0310110169133129,0.0140010629802969
-9.29511219895934,-10.7345501973986,-13.2051488855551,0.0802824769962666,-0.0596215052421853,-0.0735774898213304,0.0443738277199497
-9.23328672178624,-10.6999319544065,-12.3165171948296,0.096894867589031,0.0247261932958584,-0.0350693904159343,0.00989204969631174
-9.18289943934309,-10.7755324978199,-13.3177004587016,0.0730781748701734,-0.0682611189305036,-0.0226908924270228,-0.00733942448299274
-9.02009771493628,-10.7481786029199,-12.3017324413116,0.0965187203537231,0.0261560054534289,0.0662830040530897,0.00119788944666332
-8.92664758455335,-10.8031875185341,-13.2336920164652,0.0785482223734694,-0.0618884218733036,0.0149019080094632,0.00687950625908229
-8.94220911704233,-10.91506561345,-14.4387943888376,-0.0297074574775998,-0.0954854280517012,0.01414592498862,-0.0163926668642418
-8.88377745541284,-11.0593938430048,-13.2349689743156,0.0784691294475947,-0.0619886741569509,-0.0200374678181028,-0.0823395553978781
-8.97529899538124,-11.2222803327043,-14.999907430526,-0.0759627712800663,-0.0650358161281331,-0.0155587686883374,-0.0978506735713527
-9.03770039820464,-11.1129903312498,-16.5900248455586,-0.0635560853330204,0.0772050776642433,0.0011546825096227,0.0320849237903236
-8.8935509933609,-11.0194574030327,-18.4768473253354,0.0931344456612985,0.0364139400691909,0.0510149591824414,0.0571189881478293
-8.8197019948806,-11.0274947496258,-17.9660218294778,0.0634423308772525,0.0772985811827178,0.0104066676030445,-0.0853359277757519
-8.88888087558622,-11.0380743990205,-16.1207626503759,-0.0916001370800467,0.0401175134687665,0.0224212563744235,-0.0506971628635213
-8.91871006608592,-11.1180047708384,-14.905096995609,-0.0694647712340316,-0.0719350092611633,0.0396355807343305,-0.00799536255665245
-8.96800618505421,-11.1957491943322,-15.5892147099472,-0.0992957671276451,-0.0118469671449056,0.049999648159357,-0.0658974563489547
-9.0743522082686,-11.2502606321659,-15.9043785833535,-0.0980772446302499,0.0195154832309659,-0.00826877858414043,-0.0740269210646733
-8.93166495565399,-11.2320118612296,-18.6906680116876,0.0987403849073317,0.0158220222586112,0.0439468677072847,0.00242674867770099
-8.89739517990705,-11.2176076258207,-17.4581687806951,0.0178448273537989,0.0983949294258251,0.0164249483931327,-0.0839906940169204
-8.92423400617992,-11.1693537386717,-16.4561613543273,-0.0732915934518568,0.0680319213993529,0.0464527671789909,-0.0197780342503719
-8.7666386795329,-11.0734055731874,-18.1386996873052,0.0757803475677778,0.0652482867400117,0.081814979079244,0.0306998787443256
-8.62626380220403,-11.0471684248975,-18.8889636378958,0.0999223616428476,-0.00393975173278492,0.040452515686022,0.0301769000226368
-8.63443035920536,-11.1555954975659,-21.1212575521304,-0.0644909837686833,-0.0764258661223242,0.0563244267673566,-0.032001206545992
-8.71565643326799,-11.2270421255615,-21.8200622277241,-0.0985400394570708,-0.0170252936479498,0.0173139653944414,-0.0544213343476763
-8.7609674927232,-11.1843498001576,-22.6517156357934,-0.0789644430052202,0.0613564726893205,0.0336533835500061,-0.0186641472854845
-8.80514923728346,-11.1197980133658,-22.4992280028802,-0.0873680477140761,0.0486500178687626,0.0431863031538144,0.0159017689230332
-8.82741193199048,-11.0179859866179,-23.6366610933116,0.00746466934846015,0.0997210043647684,-0.0297273640554758,0.00209102238317804
-8.88757114012421,-11.0368847207496,-22.2464752342616,-0.0967580845795708,0.0252561491223944,0.0365988764458365,-0.0441548832540679
-8.97135687189363,-11.0739176793667,-22.3683957233715,-0.0929682204555201,0.0368362591115576,0.00918248868609961,-0.0738692177287152
-8.98451458896893,-11.1982965179842,-20.981593013377,-0.0532237033295705,-0.0846595381743006,0.0400659862542687,-0.0397193004431333
-9.03635643153797,-11.2883520181339,-21.1805381031172,-0.0689056147451272,-0.0724707958876961,0.0170637721760922,-0.0175847042620312
-9.00807792915365,-11.3579069153393,-19.336554353525,0.0883741497454855,-0.0467975390032693,-0.0600956473611642,-0.0227573582021527
-9.05488389400055,-11.5088793302815,-21.2232495122862,-0.0719371620518937,-0.0694625418187356,0.0251311972049937,-0.0815098731234318
-9.03264394712932,-11.641081239274,-20.1686088473228,0.0249092785308764,-0.0968479625137835,-0.002669331659642,-0.0353539464787644
-8.90840993566326,-11.7321742098706,-19.3774567715477,0.0863866359095017,-0.0503721067282201,0.0378473755565549,-0.0407208638683745
-8.7829581286665,-11.6618920596384,-18.3023597869951,0.0853986713677471,0.0520294813410967,0.0400531356290132,0.0182526688911615
-8.80658695548851,-11.7072800542188,-21.2011736128092,-0.0703863101030003,-0.0710335649540714,0.0467574832809907,0.0256455703735909
-8.72896027886851,-11.8036991061507,-19.6163425463532,0.0720143902972177,-0.069382473219971,0.00561228632277544,-0.0270365787118401
-8.77108915333488,-11.8463132016562,-20.9334533296974,-0.0490881346946449,-0.087122643624952,0.00695926022827908,0.0445085481193939
-8.66579433181824,-11.8543683450289,-18.9575539289538,0.0994173881279562,-0.0107788189434334,0.00587743338868307,0.00272367557079711
-8.64061624063504,-11.9465273059066,-19.3956552664484,0.0854556853870537,-0.0519357856879907,-0.0602775942038516,-0.0402231751897624
-8.69076058564176,-11.9510597323489,-15.7827209217488,-0.0997206947758579,0.00746880401538211,0.0495763497691382,-0.0120012304576296
-8.81265819818948,-11.977550617196,-16.1021189780901,-0.0923321125008292,0.0384028775111216,-0.0295655000468971,-0.0648937623582579
-8.88921182928786,-12.0657640430117,-15.5077850004871,-0.0980031145991164,-0.0198844041618665,0.021449483500743,-0.0683290216538346
-8.94012832772352,-12.0411117434225,-16.861223515117,-0.0405509439156868,0.0914090856947318,-0.0103655545199786,-0.0667567861055769
-8.89856612310702,-12.0961792179997,-18.8496348819314,0.0999999996882628,-7.8960392545107e-06,-0.0584377950717654,-0.0550595785379393
-8.82861696072428,-12.2452124789805,-19.4102608633515,0.0846880445164445,-0.0531783331440609,-0.0147388821336953,-0.0958549278367489
-8.94259355649497,-12.3801647375045,-21.0891474238929,-0.0620041169052648,-0.0784569275895906,-0.0519724788654283,-0.0564953309344052
-8.96056327700237,-12.5295640037594,-20.6822007810845,-0.0258866515168053,-0.0965913105473131,0.00791693100940538,-0.0528079557075625
-8.83416508484174,-12.6757112983713,-19.4797225530423,0.0807929327017941,-0.0589279392601114,0.0456052594588368,-0.0872193553517562
-8.87158834089681,-12.8176121530576,-20.6303002877157,-0.0208409080474049,-0.0978041745109053,-0.016582348007673,-0.0440966801754161
-8.94049868707503,-12.9827082895146,-20.7577307661803,-0.033101453455169,-0.0943625655604768,-0.0358088927230469,-0.0707335708965466
-8.93995689807984,-13.114593363222,-20.5428625513269,-0.0122204077971442,-0.0992504994106906,0.0127621967923357,-0.0326345742966421
-8.99242579823187,-13.2532254891673,-20.9313153252966,-0.0489017540486466,-0.0872273950715352,-0.00356714610338127,-0.0514047308737844
-9.14337340743657,-13.2311295020108,-22.3132605360688,-0.0948568949313115,0.0316570605709079,-0.0560907142733873,-0.00956107341445289
-9.24465505518329,-13.1729407914678,-22.1705759529457,-0.098394604778836,0.0178466173382146,-0.00288704296789,0.0403420932048117
-9.21139117747238,-13.1980680434764,-25.8056922040669,0.0781985741343784,-0.0623296318242786,-0.0449346964234598,0.0372023798157155
-9.19198380884508,-13.0939058763055,-23.34510663017,-0.0215143014922268,0.097658255315675,0.0409216701195243,0.00650391185521215
-9.23958677045794,-12.9926603792483,-22.8926442097029,-0.0620437702651813,0.0784255734520405,0.0144408086523171,0.022819923605109
-9.14207834061019,-12.9658886498285,-24.4812957715189,0.0795208196159209,0.0606336478171335,0.0179876102318275,-0.0338619183973332
-9.09960041697851,-12.931262790541,-24.2875518466802,0.066358961829148,0.074809679754412,-0.0238810381974659,-0.0401838204669094
-8.97751771670273,-12.9119048917503,-24.9615961467472,0.0985390393138573,0.0170310813250977,0.0235436609619262,0.00232681746559216
-8.89188980898467,-12.8920018493331,-24.0149676385246,0.0437685357255352,0.0899128204453767,0.0418593719925218,-0.0700097780281315
-8.7923893844994,-12.7295596708357,-23.4626839223406,-0.00990980610584117,0.099507767249319,0.10941023059111,0.0629344112480279
-8.76813507792922,-12.6732834917968,-23.8664585727888,0.0299829256152465,0.095399288108196,-0.00572861904505917,-0.0391231090692852
-8.64003824730473,-12.7598384640484,-25.7893258472283,0.0792081647815385,-0.061041515642558,0.0488886658429504,-0.0255134566090405
-8.57634033603706,-12.7745781288779,-24.8422309991789,0.0958097849515092,0.0286441112193337,-0.0321118736838386,-0.0433837760487723
-8.51166573501504,-12.6297951578005,-22.8981372594021,-0.0616120408195123,0.0787651980639594,0.126286641841528,0.0660177730134315
-8.57156373140958,-12.615089772343,-22.6125099148851,-0.0813086716484518,0.0582142586894676,0.0214106752539074,-0.0435088732320317
-8.6586665199361,-12.6096383535049,-22.508141638821,-0.0869309341090512,0.0494268418465898,-0.000171854417461148,-0.0439754230084848
-8.81251619256674,-12.6669980693859,-20.9649312080963,-0.0518058001566419,-0.0855345489853666,-0.102043872474002,0.0281748331043463
-8.7907374377065,-12.808862434885,-20.3940572382778,0.00262919799781671,-0.0999654306142292,0.0191495568624278,-0.0418989348847951
-8.74118319383047,-12.9113010297626,-20.1848609616361,0.0233320740752462,-0.0972399831311546,0.0262221698007794,-0.00519861174642777
-8.6940752551354,-12.9721650852828,-20.2222963776004,0.0196763580428979,-0.0980450964310183,0.0274315806521805,0.0371810409108075
-8.79112914204467,-12.9650579473733,-22.4375016734879,-0.0902027387438656,0.043167880688145,-0.00685114816541255,-0.0360607427786288
-8.79392146842627,-12.9542974325486,-22.9789681146607,-0.055051147638636,0.0834827595594989,0.0522588212570447,-0.0727222447348961
-8.78684090324684,-13.052732025644,-21.0320688199856,-0.0574273599950841,-0.0818663442691501,0.0645079251745155,-0.0165682488262249
-8.69926292450689,-13.2073776728466,-20.2787296882966,0.0141149615155123,-0.0989988275759648,0.0734630172244319,-0.0556468196265936
-8.75073612833741,-13.3008455223509,-21.3479900625527,-0.0800205510777601,-0.0599725887819726,0.0285473472472422,-0.0334952607223258
-8.75097745441932,-13.1672465569914,-22.8186606361948,-0.0676709597680396,0.0736250039325797,0.0674296336861246,0.0599739614269215
-8.83826419316799,-13.0218779426722,-23.035427164738,-0.0502525761214727,0.0864562235651985,-0.0370341626271902,0.0589123907539424
-8.87045642927767,-12.8729667818061,-22.9110625056027,-0.0605888631453613,0.079554947443592,0.0283966270356739,0.0693562134225303
-8.80632006123957,-12.8737162542225,-25.516740025383,0.0927173979155617,-0.0374631034988747,-0.0285810298774578,0.0367136310825043
-8.89510560411481,-12.9127375584081,-27.7333854759873,-0.0857220685869144,-0.0514949216639888,-0.0030634742883251,0.0124736174783298
-8.9612028063791,-12.9010585776569,-28.013043877692,-0.0966057539037417,-0.0258326985173772,0.0305085516394552,0.0375116792685937
-9.04729157094994,-12.9036740061519,-28.1878634497485,-0.0996263761047553,-0.00863627143122753,0.0135376115339083,0.00602084293626959
-9.07396184132033,-12.8249378831269,-29.0871066919564,-0.0687487474466574,0.0726196235498072,0.0420784770762719,0.00611649947514614
-9.09306917408592,-12.6919745445826,-29.3371480587465,-0.0486415187024893,0.0873727798477042,0.0295341859368925,0.045590558696631
-9.08271533337706,-12.5603665498341,-29.9578255625532,0.0112456961825645,0.0993656596484392,-0.000891855473702741,0.0322423351000936
-8.94794582647715,-12.4849286017926,-31.1489417685772,0.0964570771371738,0.0263824235079588,0.0383124297627351,0.0490555245335464
-9.02374452976871,-12.5268853919926,-34.2319018166507,-0.0947453413258176,-0.0319893778785135,0.0189466380342527,-0.00996741232150811
-9.06172462468202,-12.5629417753162,-33.2982715874781,-0.0306533172608517,-0.0951859976094466,-0.00732677765245082,0.0591296142857889
-9.12659525073565,-12.439529333205,-29.5010149504518,-0.0337363936626519,0.0941374300830365,-0.0311342323909765,0.0292750120281564
-9.18078062947282,-12.365783870731,-29.116493714425,-0.0665852966150944,0.0746082989665352,0.0123999178779179,-0.000862836492512287
-9.18638911201297,-12.2712528585943,-29.6861562105417,-0.0158305226323518,0.0987390224439487,0.0102220400922075,-0.00420801030719886
-9.13695639986208,-12.398004846023,-32.729827350848,0.0254079171620445,-0.0967183423425292,0.0240247949888444,-0.0300336450861849
-9.25814552573571,-12.4570053718411,-34.293607152772,-0.0965376877320055,-0.0260859128143486,-0.0246514381416292,-0.0329146130037419
-9.40111496721531,-12.55820152314,-34.0803565338134,-0.0888301577160685,-0.0459260610126581,-0.0541392837635319,-0.0552700902862338
-9.47285207395189,-12.4857019736283,-35.3548643081969,-0.0698608747043991,0.0715503891361623,-0.00187623203218212,0.000949160375467883
-9.5786315176292,-12.5704918171637,-33.7432179867735,-0.0686376758627643,-0.0727246137986177,-0.03714176781454,-0.0120652297367183
-9.66993098418209,-12.5750924556605,-34.851184712178,-0.0957189275988163,0.0289462760874792,0.00441946104592361,-0.0335469145843224
-9.72814034171956,-12.5682705414914,-35.1240567522219,-0.0843764366996329,0.0536713790569317,0.0261670791621702,-0.0468494648877869
-9.868070604934,-12.4621979895,-35.3559000522359,-0.0697867293564425,0.0716227087293594,-0.0701435338579985,0.0344498432620206
-9.93530148335153,-12.5163992605952,-33.5079195013126,-0.0497918247789084,-0.0867223972523044,-0.0174390536386211,0.0325211261570928
-9.96585163364769,-12.5988652626468,-33.0583919986469,-0.00716077973740765,-0.0997432866590646,-0.0233893705587516,0.0172772846075162
-9.98053423996897,-12.6554986543766,-33.4883843959344,-0.048088300875892,-0.0876784769420049,0.0334056945546068,0.0310450852121207
-9.97419745854031,-12.747165941035,-33.1196015105083,-0.0132487959043156,-0.0991184614846588,0.0195855773329745,0.00745117482627045
-9.92928077999485,-12.8069871250017,-32.3416425895886,0.0601262582795831,-0.0799051504303501,-0.0152095797341163,0.0200839664636874
-9.96793975759365,-12.9132628404477,-33.3964725304337,-0.0398379730569675,-0.0917220578852891,0.00117899545816247,-0.0145536575606862
-9.89744334361878,-13.0101411868514,-32.539211128883,0.0432723637805439,-0.0901526623724683,0.0272240501943335,-0.00672568403122753
-9.88889460864245,-13.0763335602374,-32.9718748186119,0.00148474985094303,-0.099988976981866,0.0070639851253782,0.0337966035958281
-9.97118289963874,-13.0509598312024,-35.0432199580783,-0.0884348027738733,0.0466828197343106,0.00614651177758141,-0.0213090906993028
-9.92451945938243,-12.8803603031954,-36.1609206776133,0.00325993845653588,0.0999468498816226,0.0434035017997836,0.0706526781254126
-9.84545909220105,-12.8088903613787,-37.4695982401506,0.0973777167425152,0.0227503908101484,-0.0183173495611433,0.0487195510065117
-9.94060586474299,-12.7303150585009,-35.7288413620555,-0.0388933952460928,0.0921265640639615,-0.056253377295846,-0.0135512611862101
-9.87765605453485,-12.7933453081732,-39.0235212200883,0.0243901622816378,-0.0969799978545853,0.0385596479265091,0.0339497481823656
-9.79228771796626,-12.8527649964003,-37.7467285733716,0.0998866537685597,-0.00475987383444871,-0.0145183171999781,-0.0546598143926609
-9.86083251906721,-12.8053494925011,-35.3046311143535,-0.0733654438592183,0.0679522747767864,0.00482064275827021,-0.0205367708776265
-9.76926820570008,-12.872969841242,-38.3106910183496,0.0818742338077675,-0.0574161113137334,0.00969007955936441,-0.0102042374271125
-9.60471643809142,-12.8453148275235,-38.0037073967888,0.0953968327011055,-0.0299907370799266,0.0691549349075586,0.0576457507983505
-9.49929535968561,-12.9373608459096,-38.2229484688613,0.0865906454196132,-0.0500205970157775,0.0188304329861975,-0.042025421370294
-9.38120442463676,-13.0575231710842,-38.2055252234682,0.0874489796561432,-0.0485043911115216,0.0306419553927002,-0.0716579340630759
-9.29716923098016,-13.1374515372848,-38.8589430165596,0.0399494304390904,-0.0916735676604346,0.0440857632175176,0.0117452014598047
-9.1599220334852,-13.1066265031916,-37.6015569411295,0.0995245293210417,0.00974002378976137,0.0377226681739184,0.0210850103035103
-9.07379103015559,-13.0042864963248,-36.9941125298635,0.0761611996822464,0.064803330647128,0.00996980364735833,0.0375366762196556
-9.03360226705593,-12.9402524444739,-36.4865872827755,0.0350656259745773,0.0936504237844712,0.00512313712508838,-0.0296163719336295
-9.02153917487739,-12.8464860171047,-36.1165068917649,-0.00118083500801201,0.0999930279003684,0.0132439271865454,-0.0062266005311411
-9.12351585836911,-12.9437165756314,-33.9851991262338,-0.0840646729952087,-0.0541583858161285,-0.017912010496512,-0.0430721727106143
-9.2483702701246,-12.9578986101449,-34.1297947104306,-0.0909911993788351,-0.041480135433736,-0.0338632123766551,0.0272981009203264
-9.29149930485394,-12.8148178024338,-36.277404142624,0.014853693062174,0.0988906861257152,-0.0579827277915106,0.0441901215853111
-9.40546588672533,-12.8282194675907,-35.233571318638,-0.0780049046459105,0.06257183752442,-0.0359616772254743,-0.0759735026812933
-9.52766249144215,-12.7298657960685,-35.5999522504998,-0.0504120478844059,0.0863633338176588,-0.0717845568324202,0.0119903377044981
-9.67660095685168,-12.6558547438698,-35.2048231754087,-0.0797712494480261,0.0603037955812136,-0.0691672159615013,0.0137072566175771
-9.79080491892316,-12.6059888739092,-35.8959217029047,-0.0230307643756808,0.097311787016126,-0.0911731976957935,-0.0474459170555583
-9.8362383032954,-12.5832132491125,-35.1536902947175,-0.0827491516358327,0.0561478218949761,0.0373157672635891,-0.0333721970982701
-9.90253147514496,-12.5055395579676,-35.7879453469691,-0.0333836048132113,0.0942631154252571,-0.0329095670363468,-0.0165894242803439
-9.85749082225153,-12.4320542447748,-36.6423279077854,0.0491675100486285,0.0870778729392147,-0.00412685715520311,-0.0135925597464617
-9.82753318580589,-12.4391476820763,-36.8156338914722,0.0634466703548387,0.0772950193795462,-0.0334890339091931,-0.0843884566810598
-9.79191106140701,-12.385799232773,-36.858183778598,0.0666771461666912,0.0745262247740063,-0.0310550217678101,-0.0211777754706546
-9.69345586530989,-12.4335218570174,-38.6757303902767,0.0559827644517024,-0.0828609080588984,0.0424724316454128,0.03513828381449
-9.61892733600384,-12.3447320591757,-36.8853175933288,0.068674534999829,0.0726898083816244,0.00585399430622591,0.0160999894600593
-9.76271963071222,-12.4859441718417,-40.0753040522658,-0.0721104977041186,-0.0692825816555959,-0.0716817970042607,-0.0719295310104364
-9.83602109722509,-12.5701022026147,-40.4470804479498,-0.0923525167789177,-0.0383537826635096,0.0190510502660493,-0.0458042481094321
-9.86394953714307,-12.4621949784893,-42.4259033282536,0.00144020068727889,0.0999896285720692,-0.029368640605262,0.00791759555334437
-9.88630839657446,-12.3312720828439,-43.013817917006,0.0566553335748374,0.0824025071070286,-0.0790141930062269,0.0485203885383587
-9.96043990268003,-12.2937691291786,-41.759543075185,-0.0606743776653248,0.0794897471056836,-0.0134571284402485,-0.0419867934404099
-9.89488886900387,-12.2542958671147,-43.4937424742355,0.0883012143674837,0.0469350140218121,-0.0227501806913217,-0.00746175195787302
-9.85178948032117,-12.1369490761653,-42.8441633739478,0.0419289489133723,0.09078525895221,0.00117043976932418,0.0265615319971566
-9.93999035792704,-12.0680340875249,-41.7552502711199,-0.0610150514688723,0.0792285522665337,-0.0271858261369911,-0.010313563626168
-9.87752782825697,-11.999134810366,-42.8819786026166,0.0453312206414815,0.0891351806816665,0.0171313090285876,-0.0202359035227104
-9.82805317031264,-11.9844372958125,-41.5701570342854,-0.0745539376695454,0.0666461580135385,0.12402859561387,-0.051948643460058
-9.91098575611109,-11.985648029091,-41.370645080111,-0.0862837106041996,0.0505482075287615,0.0033511248057545,-0.0517589408072769
-9.91990463576865,-11.9826758358218,-42.0749036773358,-0.0330277111175834,0.0943884012913317,0.0241088314600191,-0.091416208022137
-9.95418665819426,-11.9009166966258,-41.7401112359503,-0.0622074575937119,0.0782957995024417,0.0279254351681049,0.00346333969359769
-10.0858613550131,-11.8559500132044,-40.8350868536459,-0.0999984221084938,-0.000561761347461991,-0.0316762747103256,0.0455284447687969
-10.1164324038098,-11.770560417631,-41.3524726688147,-0.0871879962396448,0.0489719645482565,0.0566169474429019,0.0364176310251416
-10.1689954951886,-11.7830822228216,-39.973569942362,-0.0647014040042483,-0.0762478086234552,0.0121383126254395,0.0637260034329081
-10.1567441806359,-11.6406374698404,-41.9683675979425,-0.0428772160684056,0.0903412659985638,0.0551285306211584,0.0521034869826433
-10.0345567520204,-11.7043257341417,-44.5789838323888,0.0827201921188841,-0.0561904779817267,0.03946723649657,-0.00749778631960574
-9.89230278293522,-11.6581163635832,-43.3875184302042,0.0828272507911024,0.0560325488121665,0.0594267182941035,-0.00982317825362067
-9.69023396992101,-11.6912497314597,-44.3147170826651,0.0945255412022648,-0.0326331435877536,0.107543271811942,-0.000500224288758844
-9.54688829047826,-11.5888140042793,-43.1607156873456,0.0681064074631046,0.0732223822507133,0.0752392719796466,0.0292133449296603
-9.52964699353071,-11.4861542665589,-42.4418983927031,0.00303928881695731,0.0999538029465969,0.0142020081305905,0.00270593477385717
-9.57669667499596,-11.4549605610587,-41.6697640152811,-0.0675569472222225,0.0737296336761132,0.0205072657569776,-0.0425359281759246
-9.54241863974454,-11.5615396133048,-44.7121658529536,0.0745261954106458,-0.0666771789866236,-0.0402481601592308,-0.0399018732594953
-9.45646838885237,-11.6781668574925,-44.6205977685253,0.0803109462233985,-0.0595831512820729,0.00563930466877327,-0.0570440929056648
-9.39367272813928,-11.6151740187541,-43.1944362789306,0.070536324119445,0.0708846032627439,-0.00774066340635304,-0.00789176452429885
-9.37903448253561,-11.5287963617508,-42.8551378000622,0.0429227201364507,0.0903196550928309,-0.028284474532783,-0.00394199808954632
-9.46379077532924,-11.606477519749,-39.9922211523636,-0.0661121820092999,-0.0750278574262201,-0.0186441107843285,-0.00265330057198732
-9.27156180189836,-11.651259560078,-38.1913073184233,0.0881297485434861,-0.0472561892418539,0.104099224887396,0.00247414891289921
-9.19363061195887,-11.5611308979585,-36.826920733998,0.0643150272614141,0.0765739986442106,0.0136161626780718,0.0135546634752419
-9.07298416755761,-11.6135042204574,-38.1539930030927,0.0898313247530089,-0.0439355561375916,0.0308151196482509,-0.00843776636129689
-9.16566549204973,-11.7439505937952,-40.2551964274513,-0.083343142278697,-0.0552622894487087,-0.00933818221342442,-0.0751840838890541
-9.29850324178394,-11.7149079448678,-40.498548723243,-0.0942033552815747,-0.0335518681103365,-0.0386343944526351,0.0625945170376649
-9.32904583557023,-11.7351286802035,-39.7548201836513,-0.0466130518438527,-0.0884715965595868,0.0160704580575697,0.0682508612238646
-9.34212418581399,-11.5643646640752,-42.4799940940614,0.00684397290920465,0.0997655252821237,-0.0199223231529668,0.0709984908462697
-9.25925507914343,-11.5336305499604,-43.1525793858415,0.0675084003681011,0.0737740867767278,0.0153607063024612,-0.0430399726619779
-9.218522598679,-11.662987457625,-45.198524190741,0.0347186475828624,-0.0937796113769779,0.00601383288156221,-0.0355772962875829
-9.22068958529909,-11.7528380950595,-45.5745840758473,-0.00214889446095869,-0.0999769085969138,-1.80921591326211e-05,0.0101262711623882
-9.17716750411251,-11.8818365376221,-45.2204452086806,0.032654726317385,-0.0945180874178942,0.0108673548691947,-0.0344803551446784
-9.07843925051459,-11.9335925490218,-44.1097365257137,0.0991890586985521,-0.0127094702680794,-0.000460805100630068,-0.0390465411316541
-8.9925614595329,-12.0640903108943,-44.7575067745829,0.0714274340849761,-0.0699865819999548,0.0144503568967203,-0.0605111798725648
-8.97784325340336,-12.249914391786,-45.7517085325489,-0.0197311802878404,-0.0980340783832272,0.0344493864173785,-0.0877900025085054
-8.98387690615228,-12.4283737977242,-45.8874022752848,-0.0328116313314535,-0.0944637329845099,0.0267779785825262,-0.0839956729536535
-8.89229475765046,-12.5887378859918,-45.0032979970506,0.0522512859686242,-0.0852631404220198,0.0393308625331956,-0.0751009478455913
-8.76542575164234,-12.5317784550166,-43.6674187942391,0.0950834059188615,0.0309700810278083,0.0317856000892638,0.0259893499473876
-8.65086497594854,-12.703317105259,-44.3443817056487,0.0935160455648651,-0.03542243952511,0.021044730128934,-0.136116210717313
-8.50135153774881,-12.8118591411131,-43.4230038913752,0.0847630310514833,0.0530587275287043,0.0647504071482485,-0.161600763382797
-8.54543467695948,-12.7586862276749,-42.3284188433503,-0.00829864326013841,0.0996550677087772,-0.0357844959505371,-0.0464821542705103
-8.57540665922876,-12.7912571901712,-41.4769794576545,-0.0804314764156843,0.059420346697013,0.0504594941464092,-0.0919913091933449
-8.65835344333193,-12.8690783186695,-40.5710763822272,-0.0963870023289058,-0.0266373005773389,0.0134402182257372,-0.0511838279210046
-8.77030988811048,-12.8684393240712,-41.5745140082476,-0.074262855377248,0.0669703539726195,-0.0376935894013091,-0.0663313593742316
-8.85502232551867,-12.8314911056429,-41.8401879690049,-0.0540736876813015,0.0841191791480698,-0.0306387497268883,-0.0471709607197983
-8.9767991211129,-12.9546983632683,-40.3576984761345,-0.0885602799675777,-0.0464443410122725,-0.0332165156266493,-0.0767629166131805
-9.0597191628949,-13.0706328254832,-40.9121121143686,-0.0997451559228377,0.00713469480277891,0.01682511414083,-0.123069157017603
-9.18769570922665,-13.1680730788014,-40.0436710472435,-0.0698831713696268,-0.0715286121724962,-0.0580933749621177,-0.0259116411457363
-9.19954475240801,-13.2765315565447,-38.1951295170322,0.0879484826906204,-0.0475926926367656,-0.0997975258719768,-0.0608657851065093
-9.12789855410729,-13.4036423457234,-38.3177165080555,0.0814688402813804,-0.057989896216556,-0.0098226419806613,-0.0691208929621947
-9.2006336889512,-13.4912726506638,-39.9573526098484,-0.0634564140307611,-0.0772870203744239,-0.00927872081315062,-0.0103432845659039
-9.26342746239935,-13.611066398348,-39.8966879458366,-0.0586539678168868,-0.0809920493587834,-0.00413980563126604,-0.0388016983254911
-9.26570800531,-13.5796435454189,-41.7931695323509,-0.0579676225980669,0.0814846901591218,0.0556870796874183,-0.0500618372299684
-9.37477747784761,-13.6892490782588,-40.4281255360425,-0.0916089776293611,-0.040097321827065,-0.0174604949082484,-0.0695082110128808
-9.5259188044246,-13.740517134318,-39.9659940108684,-0.0641219046040415,-0.076735789237814,-0.0870194219729443,0.0254677331786475
-9.63988037207867,-13.7723094185874,-40.3697111089551,-0.0891117956690125,-0.0453771734757043,-0.0248497719850622,0.0135848892062569
-9.70926617191817,-13.747803718736,-41.2172965255016,-0.0929923326519624,0.0367753459255894,0.0236065328124582,-0.0122696460741434
-9.82195394758296,-13.7650906259561,-40.8367637651938,-0.0999992235327775,-0.00039407212739954,-0.0126885521320066,-0.016892835092742
-9.91905668322694,-13.8669955836598,-40.1775736201982,-0.0788068769606968,-0.0615587211019007,-0.0182958586832909,-0.0403462366017742
-10.0349106230168,-13.8237427149036,-41.4620081365745,-0.081312030467058,0.0582095670944582,-0.0345419093227823,-0.0149566983382137
-10.1282792416237,-13.8168005561457,-41.5809338750413,-0.073831387223909,0.0674457282605296,-0.0195372313830511,-0.0605035695027123
-10.2924085885292,-13.9066173577012,-40.6832696300045,-0.0987632707439384,-0.0156785315626027,-0.0653660761614967,-0.0741382699928206
-10.3763897321883,-13.8953053505078,-41.2887980420562,-0.0901274707530364,0.0433248083164896,0.0061463270938944,-0.0320128011231038
-10.3577322006275,-13.9848626094518,-39.1190222127778,0.0150314082461992,-0.0988638294126628,0.00362612331466305,0.00930657046862571
-10.3508891097572,-13.898668700415,-36.7231499858355,0.0560371663029004,0.0828241268758149,-0.0491940754326397,0.00336978216101436
-10.3878778866466,-13.9832581390406,-38.2223101634835,0.0866225561935442,-0.0499653155548554,-0.123611333082955,-0.0346241230707509
-10.3252204869308,-14.0266547060789,-38.64024012728,0.0588876494769686,-0.0808223034754497,0.00376975023887738,0.0374257364371182
-10.354347450037,-14.0590071783589,-38.9808349917156,0.0285063981060754,-0.0958508490677988,-0.0576333612123356,0.0634983767878126
-10.3190834943252,-14.0928699918103,-38.6160798309445,0.0608229642032664,-0.0793761111766518,-0.0255590084914639,0.0455132977252326
-10.2225967541707,-14.1496245861103,-38.0500316072556,0.0939056930433092,-0.0343761663664783,0.00258104711125373,-0.0223784279335018
-10.1840284255851,-14.0717350528915,-36.7962515548705,0.0619366887832731,0.0785101686570853,-0.0233683601977273,-0.000620635438297157
-10.1120885490887,-14.0048392887331,-37.4034076946091,0.0956597181114539,0.0291413508752972,-0.023719841614998,0.0377544132831673
-10.033238196712,-13.9562290952948,-38.3015306182641,0.0823967458736599,-0.0566637121042339,-0.00354639349698349,0.105273905542486
-10.142892144211,-13.7967123574888,-34.474714284198,-0.0996573632285704,-0.00827103103178754,-0.00999658427041705,0.167787768837753
-10.1438558030338,-13.6509567874772,-35.5879509060521,-0.051444868683142,0.0857521165113391,0.0504812098602834,0.060003453500288
-10.0591831372613,-13.5787871409749,-36.7902280184403,0.0614626591612188,0.078881820014702,0.0232100066113423,-0.00671217351242603
-10.1878188891848,-13.582513152557,-40.1858197577905,-0.0793118135212196,-0.0609067831688334,-0.0493239384022868,0.0571807715867685
-10.2704136849794,-13.5165276281428,-41.6134287793474,-0.071601153872028,0.0698088444553709,-0.0109936419226004,-0.00382332004113017
-10.2404063728991,-13.4271556434911,-43.7959855075559,0.0982694133046429,0.0185235636085846,-0.0682621012243185,0.0708484210431042
-10.1879690299815,-13.2905509077594,-42.7821063012261,0.0362179869122189,0.0932108224619134,0.0162193560053332,0.0433939132697549
-10.2027450650587,-13.2053348008382,-41.7209187914501,-0.0636985964249494,0.0770875399366942,0.0489225613477737,0.00812856698450659
-10.2866293151894,-13.1351012532815,-41.7837429128129,-0.058733160878438,0.0809346391431229,-0.0251510892522848,-0.0107010915863821
-10.3607369573268,-13.1740677237113,-40.5325545637755,-0.0952896318714514,-0.0303296234365559,0.0211819897340257,-0.00863684699326051
-10.3995033341553,-13.0568626953356,-42.3389706149733,-0.00724666327680534,0.099737083731943,-0.031519713551682,0.0174679446437143
-10.3277539859281,-12.9711616256523,-43.9575668131976,0.0999694220799218,0.002472781633391,-0.0282200738526814,0.0832282880498845
-10.2708546509472,-12.9138422884111,-43.0919464806624,0.0629139492445352,0.0777292415404657,-0.00601461426367234,-0.0204099042991928
-10.35303136482,-12.9433732046271,-40.4938858165055,-0.0940458825008903,-0.0339907632251578,0.0118691686280723,0.00445984700910529
-10.3772186311562,-12.8961024052934,-41.8260150569544,-0.0552604306571806,0.0833443747566861,0.0310731643210156,-0.0360735754229928
-10.4777537243176,-12.9285129696441,-40.4849078102936,-0.0937369270774631,-0.0348337265028359,-0.00679816608394734,0.00242316215218352
-10.4883880325276,-12.9995797737849,-39.2495935092107,0.00203132634298202,-0.0999793664377221,-0.0126656345529099,0.0289125622968598
-10.5364571052052,-13.0835701892532,-39.6110578671763,-0.0334570753996959,-0.0942370633333778,-0.0146119972779362,0.0102466478651557
-10.4816326211308,-13.2455319665529,-38.9151134026446,0.0347397922128541,-0.0937717806006035,0.0200846918615598,-0.0681899966991573
-10.4996031192948,-13.379413550847,-39.3999451856565,-0.0129670845971825,-0.0991557094526055,-0.00500341356684597,-0.0347258748415058
-10.4392786738656,-13.4263791612044,-38.0804898954693,0.0928152606118135,-0.0372199865335971,-0.0324908151826344,-0.00974562382376831
-10.4538825717894,-13.3860685825764,-35.67009145285,-0.0442356075310308,0.089683950773595,0.0296317096072531,-0.0493733721455811
-10.4075653692328,-13.3905193461957,-37.3933781441839,0.095362637108249,0.0300992930774198,-0.0490454345516405,-0.0345500566967409
-10.4212632295025,-13.2745046874094,-35.7220037207243,-0.0395224095452028,0.0918584734455198,0.0258245492754643,0.0241561853407575
-10.4107104434826,-13.1384466023283,-36.1742039339641,0.00458723144783438,0.0998947311305456,0.00596555457210268,0.0361633539505419
-10.2602828200527,-13.0909373542109,-37.7231808698464,0.0999710354958655,-0.00240667028992283,0.0504565879340468,0.0499159184073914
-10.370636511591,-13.0406692440825,-34.9135551801529,-0.0937285885333068,0.0348561571541394,-0.0166251030049898,0.0154119529741923
-10.469465452755,-12.9354454524077,-35.0579654306558,-0.0877368535108098,0.0479817104324418,-0.011092087653239,0.0572420812423893
-10.5940842147852,-12.9750372666563,-34.1276941868172,-0.0909038687033558,-0.0416711729468111,-0.0337148933268479,0.0020793586982002
-10.7606179821376,-13.0256145353322,-34.0222587876082,-0.0860135836544268,-0.0510065037708225,-0.0805201836979785,0.000429235094989266
-10.7283456534064,-13.1178325887078,-32.5843183045816,0.0391631959070147,-0.0920121953131692,-0.00689086717578125,-0.000205858062507502
-10.8770722120429,-13.1718257173662,-34.1913756453308,-0.093371496320001,-0.0358017272622989,-0.0553550623165044,-0.018191401396086
-10.799715711136,-13.2232851886562,-32.0812982171509,0.0786687381467027,-0.0617351572315607,-0.00131223723980867,0.01027568594154
-10.90592402138,-13.2458483013803,-34.085021985865,-0.0890434560178205,-0.0455111298519654,-0.0171648542261424,0.0229480171279448
-11.0334814298147,-13.2039381337283,-34.7788126359218,-0.0975614364741627,0.0219491711255325,-0.029995971960572,0.0199609965264056
-11.0749653089758,-13.2638726015411,-33.7861030127537,-0.0716924099506693,-0.0697151228605757,0.0302085307895377,0.00978065504776993
-10.9481107764508,-13.2479245784641,-31.5631790597758,0.0989177923191493,-0.0146720946938621,0.0279367402059245,0.0306201177708498
-10.878653546255,-13.3290390977191,-31.6657754657359,0.0968949786010362,-0.0247257582675384,-0.0274377484052426,-0.0563887609873976
-10.9781289166523,-13.3720488145344,-34.31661837872,-0.0971123455694645,-0.0238577521572532,-0.00236302482787298,-0.0191519646580609
-10.9747953838217,-13.4322042052269,-33.086013085011,-0.00991271598090685,-0.0995074774169352,0.0132462488115488,0.0393520867244472
-10.9695153443665,-13.5413538528947,-32.5723599311587,0.0402606856856133,-0.0915372994364825,-0.0349806462304318,-0.0176123482313439
-11.0514816937691,-13.7109704303765,-33.0688450171281,-0.00820298795940712,-0.0996629870540605,-0.073763361443218,-0.0699535904277813
-11.0485196040232,-13.8231665935225,-32.6816997542463,0.0300315217050406,-0.095384001300426,-0.027069431959081,-0.0168121618455697
-11.086185134784,-13.9591200822125,-32.7384894482915,0.0245691907362164,-0.0969347969852283,-0.0622347214970391,-0.0390186917046957
-11.2014589139783,-14.1101716039031,-33.9536952905528,-0.0823170450313779,-0.0567794337529189,-0.0329567341629069,-0.0942720879376839
-11.3549368301613,-14.1966077494652,-33.8383601136854,-0.0752359955780793,-0.0658752227273293,-0.078241920604917,-0.0205609228348234
-11.440796292063,-14.1050460801134,-35.1418000621961,-0.083410897192444,0.0551599694484283,-0.00244856470932131,0.0364016999033687
-11.4811554329311,-14.0245226493991,-36.595069466019,0.0449989828990941,0.0893033680106581,-0.0853581237671417,-0.0087799372963655
-11.4649225116838,-13.9509966137522,-37.1160568224031,0.0834784524649322,0.0550576786112532,-0.0672455312176092,0.018468357035724
-11.4374325175074,-13.8471006823405,-37.0367158807746,0.0788520960510682,0.0615007881929421,-0.0513621018746999,0.0423951432186946
-11.478887042879,-13.690587925483,-35.8325306991937,-0.0291490675179687,0.0956573670076325,-0.012305457853607,0.0608553898498876
-11.4477257248858,-13.6152278185768,-37.2192729629038,0.0887069313046474,0.046163625708046,-0.0575456133114862,0.0291964811981114
-11.359616295663,-13.6940710771142,-38.3372706250715,0.0803193964677278,-0.0595717596773837,0.00779003275506618,-0.0192714988599505
-11.3417015545562,-13.5590862281761,-35.6106261411218,-0.0494873608657784,0.0868964965607948,0.0674021019725455,0.0480883523772793
-11.3035350886246,-13.5398835580532,-37.700150896105,0.0999999460184452,-0.00010390528405588,-0.061833480086853,0.019306575406933
-11.2689240721107,-13.5305992380281,-38.3022258802082,0.0823573298393493,-0.0567209857260311,-0.0477463133253764,0.0660053057511174
-11.1008240349067,-13.5178637515514,-37.9970633116038,0.0955939866621566,-0.0293562551091828,0.07250605054179,0.0420917415858977
-11.0635058612095,-13.6329306339807,-39.6869279825189,-0.0405037470210718,-0.0914300086254673,0.0778219207183453,-0.0236368738038486
