X,Y,Theta,FmPi_x,FmPi_y,Xi_x,Xi_y
0,0,0.531027793455095,0,0,0,0
0.120672982590119,0.0391403477005611,0.531027793455095,0.0862287031029683,0.0506419861496382,0.0344442794871508,-0.0115016384490771
0.232372141782902,0.0789083360795368,0.531027793455095,0.0862287031029683,0.0506419861496382,0.0254704560898143,-0.0108739977706625
0.354003388106779,0.129104503284813,0.531027793455095,0.0862287031029683,0.0506419861496382,0.0354025432209089,-0.000445818944362467
0.475963435490482,0.182471495543825,0.531027793455095,0.0862287031029683,0.0506419861496382,0.0357313442807346,0.00272500610937447
0.591233404324649,0.226594023510068,0.531027793455095,0.0862287031029683,0.0506419861496382,0.0290412657311984,-0.00651945818339585
0.714491103588048,0.270191349022012,0.531027793455095,0.0862287031029683,0.0506419861496382,0.0370289961604316,-0.00704466063769398
0.8373012003929,0.315860665477249,0.531027793455095,0.0862287031029683,0.0506419861496382,0.0365813937018828,-0.00497266969440124
0.955158692994087,0.358703984412241,0.531027793455095,0.0862287031029683,0.0506419861496382,0.031628789498219,-0.00779866721464592
1.07225648940239,0.409566231058811,0.531027793455095,0.0862287031029683,0.0506419861496382,0.0308690933053318,0.000220260496931572
1.19037488239971,0.459363684189407,0.531027793455095,0.0862287031029683,0.0506419861496382,0.0318896898943575,-0.000844533019042214
1.30560586102138,0.513832533502624,0.531027793455095,0.0862287031029683,0.0506419861496382,0.0290022755187012,0.00382686316357906
1.43069203647178,0.568851290146544,0.531027793455095,0.0862287031029683,0.0506419861496382,0.038857472347434,0.00437677049428184
1.5608540947998,0.621825409511048,0.531027793455095,0.0862287031029683,0.0506419861496382,0.0439333552250482,0.00233213321486575
1.68613983118905,0.675871045744972,0.531027793455095,0.0862287031029683,0.0506419861496382,0.0390570332862815,0.0034036500842857
1.80546413571378,0.726008069369275,0.531027793455095,0.0862287031029683,0.0506419861496382,0.0330956014217642,-0.00050496252533553
1.93103885763236,0.763955985018557,0.531027793455095,0.0862287031029683,0.0506419861496382,0.0393460188156086,-0.0126940705003558
2.05154033875006,0.807566105504964,0.531027793455095,0.0862287031029683,0.0506419861496382,0.0342727780147342,-0.0070318656632312
2.16400475191054,0.844042751084576,0.531027793455095,0.0862287031029683,0.0506419861496382,0.0262357100575086,-0.0141653405700268
2.27992251452572,0.889100203548705,0.531027793455095,0.0862287031029683,0.0506419861496382,0.0296890595122092,-0.00558453368550936
2.38679800076977,0.929604375096437,0.531027793455095,0.0862287031029683,0.0506419861496382,0.0206467831410845,-0.010137814601906
2.50027422256028,0.965944175561802,0.531027793455095,0.0862287031029683,0.0506419861496382,0.027247518687544,-0.014302185684273
2.60083736821018,0.985907943173073,0.531027793455095,0.0862287031029683,0.0506419861496382,0.0143344425469266,-0.0306782185383668
2.70164240801879,1.01880967929578,0.531027793455095,0.0862287031029683,0.0506419861496382,0.0145763367056402,-0.0177402500269309
2.81109768212461,1.05259841972694,0.531027793455095,0.0862287031029683,0.0506419861496382,0.0232265710028581,-0.0168532457184767
2.91774111721719,1.09320425667245,0.531027793455095,0.0862287031029683,0.0506419861496382,0.0204147319896107,-0.0100361492041277
3.02136242469718,1.13164355017812,0.531027793455095,0.0862287031029683,0.0506419861496382,0.0173926043770222,-0.012202692643973
3.13109417616414,1.17254143102442,0.531027793455095,0.0862287031029683,0.0506419861496382,0.0235030483639878,-0.00974410530333761
3.24269654607203,1.21516985669466,0.531027793455095,0.0862287031029683,0.0506419861496382,0.025373666804925,-0.00801356047939797
3.36450480693896,1.24971803212987,0.531027793455095,0.0862287031029683,0.0506419861496382,0.0355795577639552,-0.016093810714428
3.47168589625027,1.2848452675314,0.531027793455095,0.0862287031029683,0.0506419861496382,0.0209523862083454,-0.0155147507481032
3.58252415960368,1.3218676028118,0.531027793455095,0.0862287031029683,0.0506419861496382,0.0246095602504453,-0.0136196508692441
3.70442185777763,1.36383152546476,0.531027793455095,0.0862287031029683,0.0506419861496382,0.0356689950709725,-0.00867806349667916
3.81920460670971,1.40352805825569,0.531027793455095,0.0862287031029683,0.0506419861496382,0.0285540458291189,-0.010945453358703
3.9469829267468,1.43690030142399,0.531027793455095,0.0862287031029683,0.0506419861496382,0.0415496169341143,-0.0172697429813363
4.0717706094484,1.46652721814585,0.531027793455095,0.0862287031029683,0.0506419861496382,0.0385589795986365,-0.0210150694277783
4.20164461418912,1.50275698462144,0.531027793455095,0.0862287031029683,0.0506419861496382,0.0436453016377469,-0.0144122196740499
4.32923738423333,1.5422485326521,0.531027793455095,0.0862287031029683,0.0506419861496382,0.0413640669412461,-0.0111504381189751
4.45270061491764,1.58367116286147,0.531027793455095,0.0862287031029683,0.0506419861496382,0.0372345275813442,-0.00921935594027262
4.57803326124352,1.61443858018894,0.531027793455095,0.0862287031029683,0.0506419861496382,0.0391039432229092,-0.0198745688221657
4.70110368171406,1.65222972983037,0.531027793455095,0.0862287031029683,0.0506419861496382,0.0368417173675695,-0.0128508365082095
4.81893048660013,1.69305172367063,0.531027793455095,0.0862287031029683,0.0506419861496382,0.0315981017831031,-0.0098199923093768
4.93803893798068,1.73993207717158,0.531027793455095,0.0862287031029683,0.0506419861496382,0.0328797482775851,-0.00376163264869039
5.0466908943549,1.78355254870097,0.531027793455095,0.0862287031029683,0.0506419861496382,0.0224232532712509,-0.00702151462024697
5.16901992557838,1.82253995356796,0.531027793455095,0.0862287031029683,0.0506419861496382,0.0361003281205143,-0.0116545812826437
5.29820237720244,1.86050731851294,0.531027793455095,0.0862287031029683,0.0506419861496382,0.0429537485210916,-0.0126746212046605
5.41830448373115,1.89588120968796,0.531027793455095,0.0862287031029683,0.0506419861496382,0.033873403425736,-0.0152680949746248
5.53814939361121,1.92471591052978,0.531027793455095,0.0862287031029683,0.0506419861496382,0.0336162067770989,-0.0218072853078167
5.64885591252819,1.9626078452504,0.531027793455095,0.0862287031029683,0.0506419861496382,0.0244778158140102,-0.0127500514290176
5.76326782221829,2.01441341477106,0.531027793455095,0.0862287031029683,0.0506419861496382,0.0281832065871246,0.00116358337102568
5.88209188607708,2.06120905766027,0.531027793455095,0.0862287031029683,0.0506419861496382,0.0325953607558229,-0.00384634326043382
5.99758087453245,2.10829690607903,0.531027793455095,0.0862287031029683,0.0506419861496382,0.0292602853524102,-0.00355413773087165
6.12312957662166,2.15487790746602,0.531027793455095,0.0862287031029683,0.0506419861496382,0.0393199989862389,-0.00406098476265393
6.25100383746174,2.19948086414085,0.531027793455095,0.0862287031029683,0.0506419861496382,0.0416455577371078,-0.00603902947480084
6.38075638486337,2.24141858335481,0.531027793455095,0.0862287031029683,0.0506419861496382,0.0435238442986663,-0.0087042669356811
6.51018482753874,2.27959488306454,0.531027793455095,0.0862287031029683,0.0506419861496382,0.0431997395723962,-0.0124656864399128
6.63492331365648,2.32173878232453,0.531027793455095,0.0862287031029683,0.0506419861496382,0.038509783014772,-0.00849808688964537
6.76118731569057,2.36208906565148,0.531027793455095,0.0862287031029683,0.0506419861496382,0.0400352989311277,-0.0102917028226892
6.88092968004165,2.40540600496906,0.531027793455095,0.0862287031029683,0.0506419861496382,0.0335136612481137,-0.00732504683205903
6.99930831862667,2.45866583414368,0.531027793455095,0.0862287031029683,0.0506419861496382,0.032149935482048,0.00261784302498225
7.11741290267219,2.49608744843849,0.531027793455095,0.0862287031029683,0.0506419861496382,0.0318758809425495,-0.0132203718548288
7.23503319947656,2.53731029314474,0.531027793455095,0.0862287031029683,0.0506419861496382,0.0313915937014067,-0.00941914144338718
7.35555841226374,2.57761692243789,0.531027793455095,0.0862287031029683,0.0506419861496382,0.0342965096842069,-0.0103353568564828
7.46592906902264,2.6133873608655,0.531027793455095,0.0862287031029683,0.0506419861496382,0.0241419536559371,-0.0148715477220303
7.57772711260226,2.64779440752518,0.531027793455095,0.0862287031029683,0.0506419861496382,0.0255693404766522,-0.0162349394899625
7.69774573708037,2.6873371543144,0.531027793455095,0.0862287031029683,0.0506419861496382,0.0337899213751371,-0.0110992393604176
7.81807949936397,2.72555786406277,0.531027793455095,0.0862287031029683,0.0506419861496382,0.0341050591806367,-0.012421276401263
7.94455454438354,2.7672448913896,0.531027793455095,0.0862287031029683,0.0506419861496382,0.0402463419166024,-0.00895495882281516
8.076208240067,2.81258203490695,0.531027793455095,0.0862287031029683,0.0506419861496382,0.0454249925804904,-0.00530484263228215
8.19826841138609,2.86087435643101,0.531027793455095,0.0862287031029683,0.0506419861496382,0.0358314682161178,-0.0023496646255744
8.32631110060783,2.90903471201821,0.531027793455095,0.0862287031029683,0.0506419861496382,0.0418139861187781,-0.00248163056244777
8.45400464495625,2.95173258595431,0.531027793455095,0.0862287031029683,0.0506419861496382,0.0414648412454501,-0.00794411221353253
8.57044463149712,2.99416688059141,0.531027793455095,0.0862287031029683,0.0506419861496382,0.0302112834379074,-0.00820769151253686
8.6865915209037,3.04076938879009,0.531027793455095,0.0862287031029683,0.0506419861496382,0.0299181863036084,-0.00403947795095905
8.80153402250602,3.08690695751134,0.531027793455095,0.0862287031029683,0.0506419861496382,0.0287137984993491,-0.00450441742839358
8.91692202024553,3.13054033163605,0.531027793455095,0.0862287031029683,0.0506419861496382,0.0291592946365484,-0.00700861202492775
9.03499886310593,3.175520305725,0.531027793455095,0.0862287031029683,0.0506419861496382,0.0318481397574284,-0.00566201206068062
9.15204209936483,3.22926896741506,0.531027793455095,0.0862287031029683,0.0506419861496382,0.0308145331559344,0.00310667554041588
9.269341700289,3.27649172875405,0.531027793455095,0.0862287031029683,0.0506419861496382,0.0310708978212015,-0.00341922481064127
9.38980653150683,3.32055826521808,0.531027793455095,0.0862287031029683,0.0506419861496382,0.0342361281148604,-0.00657544968561474
9.50489415730184,3.36470403061523,0.531027793455095,0.0862287031029683,0.0506419861496382,0.0288589226920428,-0.00649622075248157
9.62992765157212,3.40178073604058,0.531027793455095,0.0862287031029683,0.0506419861496382,0.038804791167308,-0.0135652807242898
9.75065086183569,3.44222629886248,0.531027793455095,0.0862287031029683,0.0506419861496382,0.0344945071606064,-0.0101964233277367
9.87985809942182,3.48170516549499,0.531027793455095,0.0862287031029683,0.0506419861496382,0.0429785344831526,-0.0111631195171292
10.0053745977287,3.52139022165058,0.531027793455095,0.0862287031029683,0.0506419861496382,0.0392877952039288,-0.0109569299940473
10.1269638658432,3.57103256202912,0.531027793455095,0.0862287031029683,0.0506419861496382,0.0353605650115352,-0.000999645771105007
10.2554630085801,3.61745430874949,0.531027793455095,0.0862287031029683,0.0506419861496382,0.0422704396339038,-0.00422023942926164
10.3798915952197,3.6659941137466,0.531027793455095,0.0862287031029683,0.0506419861496382,0.0381998835366639,-0.0021021811525318
10.5046203831087,3.70743673869442,0.531027793455095,0.0862287031029683,0.0506419861496382,0.0385000847860031,-0.00919936120182241
10.6319572629301,3.74748508070709,0.531027793455095,0.0862287031029683,0.0506419861496382,0.0411081767184358,-0.0105936441369603
10.7581586214244,3.78848877236486,0.531027793455095,0.0862287031029683,0.0506419861496382,0.0399726553913418,-0.00963829449187481
10.8795693600417,3.83284992218115,0.531027793455095,0.0862287031029683,0.0506419861496382,0.0351820355143135,-0.00628083633334608
10.9965508525692,3.87263226389347,0.531027793455095,0.0862287031029683,0.0506419861496382,0.0307527894245334,-0.0108596444373146
11.1148786453069,3.92075804238613,0.531027793455095,0.0862287031029683,0.0506419861496382,0.0320990896347633,-0.00251620765698046
11.2321052558564,3.96910710628474,0.531027793455095,0.0862287031029683,0.0506419861496382,0.0309979074465128,-0.00229292225103073
11.353253745859,4.01693449321611,0.531027793455095,0.0862287031029683,0.0506419861496382,0.0349197868996156,-0.00281459921826666
11.4699173517799,4.06365156817789,0.531027793455095,0.0862287031029683,0.0506419861496382,0.0304349028179343,-0.00392491118785465
11.6018811267523,4.10854482705199,0.531027793455095,0.0862287031029683,0.0506419861496382,0.0457350718694802,-0.00574872727553888
11.7229264473625,4.15497197476611,0.531027793455095,0.0862287031029683,0.0506419861496382,0.0348166175072331,-0.00421483843551784
11.8410567634515,4.20412865887494,0.531027793455095,0.0862287031029683,0.0506419861496382,0.0319016129859526,-0.00148530204080988
11.9650634903402,4.24800544283742,0.531027793455095,0.0862287031029683,0.0506419861496382,0.0377780237857492,-0.0067652021871577
12.0827033563883,4.29409481014469,0.531027793455095,0.0862287031029683,0.0506419861496382,0.0314111629451626,-0.00455261884236513
12.19638487166,4.33514991304265,0.531027793455095,0.0862287031029683,0.0506419861496382,0.0274528121687059,-0.00958688325168544
12.31140381194,4.38153577747102,0.531027793455095,0.0862287031029683,0.0506419861496382,0.0287902371771045,-0.00425612172126921
12.4324275249127,4.42777343354255,0.531027793455095,0.0862287031029683,0.0506419861496382,0.0347950098696486,-0.00440433007810181
12.5477952375722,4.47288857347413,0.531027793455095,0.0862287031029683,0.0506419861496382,0.0291390095566029,-0.00552684621805621
12.6663674239037,4.51584460262762,0.531027793455095,0.0862287031029683,0.0506419861496382,0.032343483228491,-0.00768595699615293
12.7834643219366,4.55045350921931,0.531027793455095,0.0862287031029683,0.0506419861496382,0.0308681949298912,-0.0160330795579482
12.8951585549534,4.59030321259073,0.531027793455095,0.0862287031029683,0.0506419861496382,0.0254655299139053,-0.010792282778222
13.0099421235974,4.63285100592845,0.531027793455095,0.0862287031029683,0.0506419861496382,0.0285548655410417,-0.00809419281191781
13.1119832802347,4.68515457922665,0.531027793455095,0.0862287031029683,0.0506419861496382,0.0158124535343411,0.00166158714856757
13.2262466940084,4.73251499950737,0.531027793455095,0.0862287031029683,0.0506419861496382,0.0280347106706733,-0.00328156586892003
13.3344627813582,4.78299629332613,0.531027793455095,0.0862287031029683,0.0506419861496382,0.0219873842468439,-0.000160692330878009
13.4494856322321,4.82831985096148,0.531027793455095,0.0862287031029683,0.0506419861496382,0.0287941477708862,-0.00531842851429254
13.5624349540278,4.86739561666691,0.531027793455095,0.0862287031029683,0.0506419861496382,0.0267206186927575,-0.0115662204442066
13.6829003603006,4.90799506902959,0.531027793455095,0.0862287031029683,0.0506419861496382,0.0342367031698951,-0.010042533786952
13.8017519818933,4.94802531218824,0.531027793455095,0.0862287031029683,0.0506419861496382,0.0326229184897353,-0.0106117429909952
13.9170098648153,4.99314274559874,0.531027793455095,0.0862287031029683,0.0506419861496382,0.0290291798190125,-0.00552455273913743
14.0272787780444,5.03818531563546,0.531027793455095,0.0862287031029683,0.0506419861496382,0.0240402101261323,-0.00559941611291703
14.1379266395475,5.07244906979997,0.531027793455095,0.0862287031029683,0.0506419861496382,0.0244191584000788,-0.0163782319851243
14.2639523922076,5.11842150692364,0.531027793455095,0.0862287031029683,0.0506419861496382,0.0397970495571638,-0.00466954902597116
14.3892309009436,5.15001647003881,0.531027793455095,0.0862287031029683,0.0506419861496382,0.0390498056330597,-0.0190470230344663
14.5078786673245,5.19562555374837,0.531027793455095,0.0862287031029683,0.0506419861496382,0.0324190632779104,-0.00503290244008103
14.617080952526,5.24163365494688,0.531027793455095,0.0862287031029683,0.0506419861496382,0.0229735820985297,-0.00463388495112316
14.7280817479328,5.28912902199428,0.531027793455095,0.0862287031029683,0.0506419861496382,0.0247720923038068,-0.00314661910224245
14.847715121006,5.33335921991961,0.531027793455095,0.0862287031029683,0.0506419861496382,0.033404669970202,-0.00641178822430888
14.9647529830815,5.38203913692158,0.531027793455095,0.0862287031029683,0.0506419861496382,0.0308091589725743,-0.00196206914766628
15.0802851985869,5.43188583739454,0.531027793455095,0.0862287031029683,0.0506419861496382,0.0293035124024046,-0.000795285676681301
15.1940160332863,5.47052276113821,0.531027793455095,0.0862287031029683,0.0506419861496382,0.0275021315964636,-0.0120050624059654
15.3083383059583,5.50579816761879,0.531027793455095,0.0862287031029683,0.0506419861496382,0.0280935695690241,-0.0153665796690627
15.4236569635937,5.54472211101374,0.531027793455095,0.0862287031029683,0.0506419861496382,0.0290899545324299,-0.011718042754679
15.5477719596795,5.58491295382789,0.531027793455095,0.0862287031029683,0.0506419861496382,0.0378862929828276,-0.0104511433354975
15.6643840866416,5.62977631298807,0.531027793455095,0.0862287031029683,0.0506419861496382,0.0303834238591509,-0.00577862698945508
15.7786568917785,5.67845774980964,0.531027793455095,0.0862287031029683,0.0506419861496382,0.028044102033931,-0.00196054932806744
15.8999336341552,5.72427015104333,0.531027793455095,0.0862287031029683,0.0506419861496382,0.0350480392737174,-0.0048295849159472
16.0239725859029,5.76315579977219,0.531027793455095,0.0862287031029683,0.0506419861496382,0.0378102486447336,-0.011756337420781
16.1421204158721,5.79788997686987,0.531027793455095,0.0862287031029683,0.0506419861496382,0.0319191268662635,-0.0159078090519544
16.2547663598794,5.83525283274566,0.531027793455095,0.0862287031029683,0.0506419861496382,0.0264172409042889,-0.0132791302738495
16.3540961161451,5.86585721294,0.531027793455095,0.0862287031029683,0.0506419861496382,0.0131010531627052,-0.0200376059552994
16.4564634369398,5.9013177764494,0.531027793455095,0.0862287031029683,0.0506419861496382,0.016138617691781,-0.0151814226402305
16.5683911683935,5.93115762889017,0.531027793455095,0.0862287031029683,0.0506419861496382,0.0256990283507665,-0.0208021337088771
16.6779204375262,5.96832681754144,0.531027793455095,0.0862287031029683,0.0506419861496382,0.0233005660296781,-0.0134727974983651
16.7847331666423,6.0112421793608,0.531027793455095,0.0862287031029683,0.0506419861496382,0.0205840260131351,-0.00772662433027249
16.9007942539292,6.05188050842206,0.531027793455095,0.0862287031029683,0.0506419861496382,0.0298323841839725,-0.0100036570883804
17.0106746878984,6.09135238273652,0.531027793455095,0.0862287031029683,0.0506419861496382,0.0236517308661703,-0.0111701118351801
17.1186063816506,6.13643029509649,0.531027793455095,0.0862287031029683,0.0506419861496382,0.0217029906492225,-0.00556407378966406
17.2201832565338,6.17453636911189,0.531027793455095,0.0862287031029683,0.0506419861496382,0.0153481717803237,-0.0125359121342457
17.3294779916038,6.20209000335826,0.531027793455095,0.0862287031029683,0.0506419861496382,0.0230660319669482,-0.0230883519032679
17.4523410093,6.23998114271359,0.531027793455095,0.0862287031029683,0.0506419861496382,0.0366343145933081,-0.0127508467943069
17.5772801526871,6.27408699686056,0.531027793455095,0.0862287031029683,0.0506419861496382,0.0387104402840741,-0.0165361320026638
17.6970732786073,6.30366314486891,0.531027793455095,0.0862287031029683,0.0506419861496382,0.0335644228172445,-0.0210658381412909
17.8165891344349,6.33522842383511,0.531027793455095,0.0862287031029683,0.0506419861496382,0.0332871527246779,-0.019076707183435
17.9411759709181,6.37786623798935,0.531027793455095,0.0862287031029683,0.0506419861496382,0.0383581333801475,-0.00800417199540093
18.0532465815479,6.4111878493205,0.531027793455095,0.0862287031029683,0.0506419861496382,0.0258419075268765,-0.0173203748184896
18.1559409151501,6.44588958486963,0.531027793455095,0.0862287031029683,0.0506419861496382,0.0164656304992352,-0.0159402506005097
18.2737700579825,6.47336923999396,0.531027793455095,0.0862287031029683,0.0506419861496382,0.0316004397294298,-0.0231623310253084
18.3879243420536,6.50727657414695,0.531027793455095,0.0862287031029683,0.0506419861496382,0.0279255809681356,-0.0167346519966471
18.4981917005696,6.55294517975867,0.531027793455095,0.0862287031029683,0.0506419861496382,0.0240386554130341,-0.00497338053790908
18.6074358334421,6.58715987393859,0.531027793455095,0.0862287031029683,0.0506419861496382,0.0230154297695666,-0.0164272919697248
18.7167202540918,6.62682104634122,0.531027793455095,0.0862287031029683,0.0506419861496382,0.0230557175466908,-0.0109808137470071
18.8306249093879,6.66009582711981,0.531027793455095,0.0862287031029683,0.0506419861496382,0.027675952193178,-0.0173672053710514
18.9510811049978,6.70118840459724,0.531027793455095,0.0862287031029683,0.0506419861496382,0.0342274925068988,-0.00954940867220588
19.0664572111753,6.74402192868487,0.531027793455095,0.0862287031029683,0.0506419861496382,0.0291474030745551,-0.00780846206200048
19.1911131502545,6.78128855414898,0.531027793455095,0.0862287031029683,0.0506419861496382,0.0384272359761706,-0.0133753606855294
19.3116045960833,6.82069182972366,0.531027793455095,0.0862287031029683,0.0506419861496382,0.0342627427258879,-0.0112387105749638
19.4345316804381,6.85513499065327,0.531027793455095,0.0862287031029683,0.0506419861496382,0.0366983812518038,-0.0161988252200256
19.5526564899777,6.89470522479825,0.531027793455095,0.0862287031029683,0.0506419861496382,0.0318961064366423,-0.0110717520046608
19.6717848885749,6.91618458209495,0.531027793455095,0.0862287031029683,0.0506419861496382,0.0328996954942138,-0.0291626288529336
19.7802856912661,6.94068114356359,0.531027793455095,0.0862287031029683,0.0506419861496382,0.0222720995882471,-0.0261454246809962
19.8970767169717,6.9755556361477,0.531027793455095,0.0862287031029683,0.0506419861496382,0.0305623226026235,-0.0157674935655356
20.0135413946222,7.01553758750795,0.531027793455095,0.0862287031029683,0.0506419861496382,0.0302359745475469,-0.010660034789385
20.1308528573468,7.05400939019954,0.531027793455095,0.0862287031029683,0.0506419861496382,0.0310827596215901,-0.0121701834580472
20.2399505361581,7.08287500564075,0.531027793455095,0.0862287031029683,0.0506419861496382,0.0228689757083904,-0.0217763707084286
20.3475052491909,7.11318781410622,0.531027793455095,0.0862287031029683,0.0506419861496382,0.0213260099297745,-0.0203291776841721
20.454269429188,7.1397371480392,0.531027793455095,0.0862287031029683,0.0506419861496382,0.0205354768941488,-0.024092652216656
20.5588530189182,7.17105419083425,0.531027793455095,0.0862287031029683,0.0506419861496382,0.0183548866272742,-0.0193249433545881
20.6673102929739,7.20539336946443,0.531027793455095,0.0862287031029683,0.0506419861496382,0.0222285709527457,-0.0163028075194522
20.7814127423856,7.23004954774796,0.531027793455095,0.0862287031029683,0.0506419861496382,0.0278737463087051,-0.0259858078661106
20.8988646918081,7.25628352755322,0.531027793455095,0.0862287031029683,0.0506419861496382,0.0312232463194837,-0.0244080063443775
21.0113438832787,7.28979989989479,0.531027793455095,0.0862287031029683,0.0506419861496382,0.0262504883676877,-0.0171256138080675
21.1198896791953,7.31399535987081,0.531027793455095,0.0862287031029683,0.0506419861496382,0.0223170928136005,-0.02644652617362
21.2248208551399,7.34151129083742,0.531027793455095,0.0862287031029683,0.0506419861496382,0.0187024728416567,-0.0231260551830281
21.3352944040474,7.36514108264253,0.531027793455095,0.0862287031029683,0.0506419861496382,0.024244845804505,-0.0270121943445283
21.4406948084226,7.38538336972239,0.531027793455095,0.0862287031029683,0.0506419861496382,0.0191717012722492,-0.0303996990697781
21.5472535103259,7.4117984455771,0.531027793455095,0.0862287031029683,0.0506419861496382,0.0203299988003094,-0.0242269102949253
21.665248543105,7.4388222839774,0.531027793455095,0.0862287031029683,0.0506419861496382,0.0317663296761603,-0.0236181477493429
21.7866510240341,7.46882498046469,0.531027793455095,0.0862287031029683,0.0506419861496382,0.0351737778261123,-0.0206392896623435
21.9008832766464,7.49425343279373,0.531027793455095,0.0862287031029683,0.0506419861496382,0.0280035495093038,-0.0252135338206017
22.0134069686521,7.52046064003602,0.531027793455095,0.0862287031029683,0.0506419861496382,0.0262949889027873,-0.0244347789073456
22.1342961404246,7.55208593341775,0.531027793455095,0.0862287031029683,0.0506419861496382,0.0346604686695073,-0.0190166927679103
22.2515577941896,7.58288043219829,0.531027793455095,0.0862287031029683,0.0506419861496382,0.0310329506620262,-0.0198474873691006
22.356928803639,7.60865858741542,0.531027793455095,0.0862287031029683,0.0506419861496382,0.019142306346434,-0.0248638309325004
22.4559974586384,7.64678766471934,0.531027793455095,0.0862287031029683,0.0506419861496382,0.0128399518964377,-0.0125129088457268
22.5614934427227,7.68179623551783,0.531027793455095,0.0862287031029683,0.0506419861496382,0.019267280981353,-0.0156334153511435
22.6721598727035,7.72006268306637,0.531027793455095,0.0862287031029683,0.0506419861496382,0.0244377268778457,-0.0123755386010957
22.7769937776809,7.7574351933991,0.531027793455095,0.0862287031029683,0.0506419861496382,0.0186052018743439,-0.0132694758169101
22.8925016961853,7.78963990504007,0.531027793455095,0.0862287031029683,0.0506419861496382,0.0292792154014796,-0.0184372745086687
23.0057033243394,7.82166925137449,0.531027793455095,0.0862287031029683,0.0506419861496382,0.0269729250511777,-0.0186126398152187
23.1212823018085,7.85242982626162,0.531027793455095,0.0862287031029683,0.0506419861496382,0.0293502743660774,-0.0198814112625074
23.2350588090848,7.88507343934613,0.531027793455095,0.0862287031029683,0.0506419861496382,0.0275478041733352,-0.0179983730651272
23.3402894737838,7.91326804625737,0.531027793455095,0.0862287031029683,0.0506419861496382,0.0190019615960564,-0.0224473792384043
23.4528697435093,7.93633567960469,0.531027793455095,0.0862287031029683,0.0506419861496382,0.0263515666224823,-0.0275743528023105
23.5685732768987,7.94962079355017,0.531027793455095,0.0862287031029683,0.0506419861496382,0.0294748302864942,-0.03735687220416
23.6856760573485,7.96746846655313,0.531027793455095,0.0862287031029683,0.0506419861496382,0.0308740773468168,-0.0327943131466855
23.7927194359926,7.98152807595861,0.531027793455095,0.0862287031029683,0.0506419861496382,0.0208146755411232,-0.0365823767441524
23.9073165774196,8.00092918997014,0.531027793455095,0.0862287031029683,0.0506419861496382,0.0283684383240246,-0.0312408721381101
24.0219862883066,8.02220925100128,0.531027793455095,0.0862287031029683,0.0506419861496382,0.028441007784,-0.0293619251185024
24.1258980244513,8.04375172538082,0.531027793455095,0.0862287031029683,0.0506419861496382,0.0176830330417657,-0.0290995117700934
24.2246998994746,8.07106008965597,0.531027793455095,0.0862287031029683,0.0506419861496382,0.0125731719203293,-0.0233336218744893
24.3311418773988,8.09576422943869,0.531027793455095,0.0862287031029683,0.0506419861496382,0.0202132748212707,-0.0259378463669222
24.4408848323488,8.11132409471457,0.531027793455095,0.0862287031029683,0.0506419861496382,0.0235142518470344,-0.0350821208737586
24.5330116117357,8.12274558257456,0.531027793455095,0.0862287031029683,0.0506419861496382,0.00589807628388783,-0.039220498289644
24.630597246152,8.13683946141314,0.531027793455095,0.0862287031029683,0.0506419861496382,0.0113569313132791,-0.0365481073110652
24.7371626999887,8.16324300839709,0.531027793455095,0.0862287031029683,0.0506419861496382,0.02033675073376,-0.0242384391656891
24.8447972565433,8.19772151489533,0.531027793455095,0.0862287031029683,0.0506419861496382,0.0214058534516726,-0.0161634796513925
24.9543264791509,8.2306485578316,0.531027793455095,0.0862287031029683,0.0506419861496382,0.0233005195046436,-0.0177149432133734
25.0677985012892,8.25834817687685,0.531027793455095,0.0862287031029683,0.0506419861496382,0.0272433190353487,-0.0229423671043838
25.1812805085129,8.29750875398856,0.531027793455095,0.0862287031029683,0.0506419861496382,0.0272533041207321,-0.0114814090379363
25.2923491410179,8.33605819812036,0.531027793455095,0.0862287031029683,0.0506419861496382,0.0248399294019794,-0.0120925420178382
25.4098749452852,8.3692839767656,0.531027793455095,0.0862287031029683,0.0506419861496382,0.0312971011643199,-0.0174162075043931
25.5200243487124,8.40796646912531,0.531027793455095,0.0862287031029683,0.0506419861496382,0.0239207003242736,-0.0119594937899348
25.6224573375882,8.43777938805525,0.531027793455095,0.0862287031029683,0.0506419861496382,0.0162042857727824,-0.0208290672196974
25.7260146610871,8.46738569844506,0.531027793455095,0.0862287031029683,0.0506419861496382,0.0173286203959773,-0.0210356757598311
25.8334555283758,8.49465062149043,0.531027793455095,0.0862287031029683,0.0506419861496382,0.021212164185739,-0.0233770631042698
25.9440897807722,8.50977712514909,0.531027793455095,0.0862287031029683,0.0506419861496382,0.0244055492934265,-0.0355154824909749
26.0519559166025,8.53186597575602,0.531027793455095,0.0862287031029683,0.0506419861496382,0.0216374327272932,-0.0285531355427069
26.1670829105198,8.56581489170945,0.531027793455095,0.0862287031029683,0.0506419861496382,0.0288982908143822,-0.0166930701962138
26.2803224368108,8.59466141816938,0.531027793455095,0.0862287031029683,0.0506419861496382,0.0270108231879735,-0.021795459689713
26.3991478549245,8.61795796932791,0.531027793455095,0.0862287031029683,0.0506419861496382,0.032596715010806,-0.0273454349911022
26.5164407233817,8.64712274979063,0.531027793455095,0.0862287031029683,0.0506419861496382,0.0310641653541994,-0.0214772056869159
26.6336917805594,8.67813447763553,0.531027793455095,0.0862287031029683,0.0506419861496382,0.0310223540747607,-0.0196302583047454
26.7599452676353,8.69847403220357,0.531027793455095,0.0862287031029683,0.0506419861496382,0.0400247839728944,-0.0303024315815978
26.8856761906138,8.70906170582527,0.531027793455095,0.0862287031029683,0.0506419861496382,0.0395022198754873,-0.0400543125279342
27.0165217343146,8.72296795535645,0.531027793455095,0.0862287031029683,0.0506419861496382,0.0446168405978655,-0.0367357366184686
27.1363912363604,8.74091577306195,0.531027793455095,0.0862287031029683,0.0506419861496382,0.0336407989428427,-0.0326941684441358
27.2547936140262,8.76377441288482,0.531027793455095,0.0862287031029683,0.0506419861496382,0.0321736745628343,-0.0277833463267663
27.3694927480793,8.78073652665196,0.531027793455095,0.0862287031029683,0.0506419861496382,0.0284704309501143,-0.033679872382498
27.4837461294565,8.80995199797041,0.531027793455095,0.0862287031029683,0.0506419861496382,0.0280246782742699,-0.021426514831191
27.5956468282383,8.83792524843813,0.531027793455095,0.0862287031029683,0.0506419861496382,0.0256719956787848,-0.0226687356819246
27.7044613852391,8.86399535666413,0.531027793455095,0.0862287031029683,0.0506419861496382,0.0225858538978114,-0.0245718779236386
27.816102632257,8.89122753658715,0.531027793455095,0.0862287031029683,0.0506419861496382,0.0254125439149524,-0.0234098062266113
27.9310161672849,8.9178997009184,0.531027793455095,0.0862287031029683,0.0506419861496382,0.02868483192493,-0.0239698218183917
28.0487699497232,8.94491757103999,0.531027793455095,0.0862287031029683,0.0506419861496382,0.0315250793353341,-0.0236241160280541
28.1623662859274,8.97727139657747,0.531027793455095,0.0862287031029683,0.0506419861496382,0.0273676331012158,-0.0182881606121534
28.2809046860128,9.00610189752193,0.531027793455095,0.0862287031029683,0.0506419861496382,0.0323096969824128,-0.0218114852051814
28.4085514566162,9.02883484793578,0.531027793455095,0.0862287031029683,0.0506419861496382,0.0414180675004863,-0.0279090357357852
28.5400630042907,9.04233496477715,0.531027793455095,0.0862287031029683,0.0506419861496382,0.0452828445714841,-0.0371418693082752
28.6690472512677,9.05853631192412,0.531027793455095,0.0862287031029683,0.0506419861496382,0.0427555438740672,-0.0344406390026673
28.7979334542617,9.07165654697236,0.531027793455095,0.0862287031029683,0.0506419861496382,0.0426574998909928,-0.0375217511013952
28.9243948121392,9.09396169079994,0.531027793455095,0.0862287031029683,0.0506419861496382,0.0402326547745622,-0.0283368423220614
29.0504381996626,9.11914958850653,0.531027793455095,0.0862287031029683,0.0506419861496382,0.0398146844204721,-0.0254540884430483
29.1713408029818,9.14020505544411,0.531027793455095,0.0862287031029683,0.0506419861496382,0.0346739002162177,-0.0295865192120557
29.2879304023853,9.17043941360841,0.531027793455095,0.0862287031029683,0.0506419861496382,0.0303608963004818,-0.0204076279853385
29.4122182534623,9.19760408278052,0.531027793455095,0.0862287031029683,0.0506419861496382,0.0380591479740469,-0.023477316977536
29.5275574198207,9.21549818586257,0.531027793455095,0.0862287031029683,0.0506419861496382,0.0291104632554635,-0.0327478830675836
29.6433963095135,9.23611212523109,0.531027793455095,0.0862287031029683,0.0506419861496382,0.0296101865897755,-0.0300280467811205
29.750458637951,9.27241692382739,0.531027793455095,0.0862287031029683,0.0506419861496382,0.0208336253345625,-0.0143371875533438
29.8719509874015,9.30069645196102,0.531027793455095,0.0862287031029683,0.0506419861496382,0.0352636463475076,-0.0223624580160067
29.9963694548959,9.33353098912586,0.531027793455095,0.0862287031029683,0.0506419861496382,0.0381897643914924,-0.0178074489847977
30.1223327841739,9.36949579257946,0.531027793455095,0.0862287031029683,0.0506419861496382,0.0397346261750542,-0.014677182696035
30.2421401649588,9.40063163177178,0.531027793455095,0.0862287031029683,0.0506419861496382,0.0335786776818807,-0.0195061469573199
30.3610176490396,9.43643777205923,0.531027793455095,0.0862287031029683,0.0506419861496382,0.0326487809778593,-0.0148358458621916
30.4768052724824,9.47136205241304,0.531027793455095,0.0862287031029683,0.0506419861496382,0.0295589203397855,-0.0157177057958346
30.5945269671115,9.49392638218112,0.531027793455095,0.0862287031029683,0.0506419861496382,0.0314929915261741,-0.0280776563815559
30.7127896964223,9.51406366968915,0.531027793455095,0.0862287031029683,0.0506419861496382,0.0320340262077989,-0.030504698641606
30.8330687867333,9.54577732932601,0.531027793455095,0.0862287031029683,0.0506419861496382,0.0340503872080928,-0.0189283265127824
30.9539540323712,9.57725432248319,0.531027793455095,0.0862287031029683,0.0506419861496382,0.0346565425349334,-0.0191649929924562
31.0711341982559,9.60831416070763,0.531027793455095,0.0862287031029683,0.0506419861496382,0.0309514627816529,-0.019582147925207
31.1945443993514,9.63976532175018,0.531027793455095,0.0862287031029683,0.0506419861496382,0.037181497992572,-0.0191908251070823
31.3203343861502,9.68079965810587,0.531027793455095,0.0862287031029683,0.0506419861496382,0.0395612836958676,-0.00960764979395101
31.4397900271316,9.72194684476536,0.531027793455095,0.0862287031029683,0.0506419861496382,0.0332269378784336,-0.00949479949015331
31.5697704461472,9.75936440380633,0.531027793455095,0.0862287031029683,0.0506419861496382,0.0437517159125758,-0.0132244271086619
31.7012064154795,9.8018152055447,0.531027793455095,0.0862287031029683,0.0506419861496382,0.0452072662293883,-0.00819118441127564
31.8342884366702,9.8427800811706,0.531027793455095,0.0862287031029683,0.0506419861496382,0.0468533180876776,-0.00967711052373454
31.95786381006,9.87623840089024,0.531027793455095,0.0862287031029683,0.0506419861496382,0.0373466702868388,-0.0171836664299985
32.0871240676342,9.90835977047895,0.531027793455095,0.0862287031029683,0.0506419861496382,0.0430315544711952,-0.0185206165609304
32.2159486292418,9.94140078812055,0.531027793455095,0.0862287031029683,0.0506419861496382,0.0425958585046615,-0.0176009685080381
32.3461551463245,9.97440611427458,0.531027793455095,0.0862287031029683,0.0506419861496382,0.0439778139797582,-0.017636659995607
32.4700752550497,10.0100528208613,0.531027793455095,0.0862287031029683,0.0506419861496382,0.0376914056222173,-0.0149952795629051
32.5919519153342,10.0391805590627,0.531027793455095,0.0862287031029683,0.0506419861496382,0.035647957181494,-0.0215142479482289
32.7203366865737,10.0576749536791,0.531027793455095,0.0862287031029683,0.0506419861496382,0.0421560681365847,-0.0321475915332616
32.8521069712923,10.0843691629184,0.531027793455095,0.0862287031029683,0.0506419861496382,0.0455415816155611,-0.0239477769103331
32.9833442318617,10.1044311986776,0.531027793455095,0.0862287031029683,0.0506419861496382,0.0450085574664421,-0.0305799503904094
33.1115547789477,10.1127439108146,0.531027793455095,0.0862287031029683,0.0506419861496382,0.0419818439830841,-0.0423292740127152
33.2386737957527,10.1235433172325,0.531027793455095,0.0862287031029683,0.0506419861496382,0.04089031370202,-0.0398425797316841
33.3562253427505,10.1333802703679,0.531027793455095,0.0862287031029683,0.0506419861496382,0.0313228438948077,-0.0408050330142711
33.4660497935038,10.1538222089368,0.531027793455095,0.0862287031029683,0.0506419861496382,0.0235957476503081,-0.0302000475806983
33.5823048715368,10.181942225876,0.531027793455095,0.0862287031029683,0.0506419861496382,0.0300263749300562,-0.0225219692104153
33.6941511723206,10.2090343035815,0.531027793455095,0.0862287031029683,0.0506419861496382,0.0256175976808528,-0.0235499084442061
33.8199587729345,10.2416121529638,0.531027793455095,0.0862287031029683,0.0506419861496382,0.0395788975109195,-0.0180641367673458
33.9372419505855,10.2687193044434,0.531027793455095,0.0862287031029683,0.0506419861496382,0.0310544745479913,-0.0235348346700262
34.0504888019318,10.2961690920525,0.531027793455095,0.0862287031029683,0.0506419861496382,0.0270181482434069,-0.0231921985405759
34.165847897946,10.3192541236323,0.531027793455095,0.0862287031029683,0.0506419861496382,0.0291303929112203,-0.0275569545697403
34.2820121429122,10.3420662913771,0.531027793455095,0.0862287031029683,0.0506419861496382,0.0299355418632015,-0.0278298184049239
34.4022322371603,10.3644314405668,0.531027793455095,0.0862287031029683,0.0506419861496382,0.0339913911451113,-0.0282768369598871
34.5206295428095,10.3861442292297,0.531027793455095,0.0862287031029683,0.0506419861496382,0.0321686025462693,-0.0289291974867636
34.6398576998698,10.4072304531858,0.531027793455095,0.0862287031029683,0.0506419861496382,0.0329994539573093,-0.0295557621934837
34.753597036652,10.4210899200848,0.531027793455095,0.0862287031029683,0.0506419861496382,0.0275106336792863,-0.036782519250691
34.8781549723227,10.4338180933277,0.531027793455095,0.0862287031029683,0.0506419861496382,0.0383292325676869,-0.0379138129067265
34.9935963053059,10.446223884152,0.531027793455095,0.0862287031029683,0.0506419861496382,0.0292126298802557,-0.0382361953253243
35.1158361793348,10.4627625268875,0.531027793455095,0.0862287031029683,0.0506419861496382,0.0360111709259527,-0.0341033434141709
35.2421323746237,10.4797838826191,0.531027793455095,0.0862287031029683,0.0506419861496382,0.040067492185857,-0.0336206304180422
35.3673552552343,10.4963762014951,0.531027793455095,0.0862287031029683,0.0506419861496382,0.0389941775076306,-0.0340496672736039
35.4904682364665,10.5154110422928,0.531027793455095,0.0862287031029683,0.0506419861496382,0.0368842781292944,-0.0316071453519688
35.6116446386909,10.5291610862632,0.531027793455095,0.0862287031029683,0.0506419861496382,0.034947699121437,-0.0368919421791958
35.7399430486241,10.5470328771973,0.531027793455095,0.0862287031029683,0.0506419861496382,0.0420697068301727,-0.0327701952155648
35.867207055508,10.566608706824,0.531027793455095,0.0862287031029683,0.0506419861496382,0.0410353037809905,-0.0310661565229822
35.9955594248196,10.5902502363299,0.531027793455095,0.0862287031029683,0.0506419861496382,0.0421236662086049,-0.0270004566436626
36.1205041848232,10.6077321495733,0.531027793455095,0.0862287031029683,0.0506419861496382,0.038716056900638,-0.0331600729063002
36.2483403705916,10.6293630115514,0.531027793455095,0.0862287031029683,0.0506419861496382,0.0416074826654071,-0.0290111241715625
36.3788941691033,10.6379661451666,0.531027793455095,0.0862287031029683,0.0506419861496382,0.0443250954087056,-0.0420388525343665
36.5164828752556,10.6559908706374,0.531027793455095,0.0862287031029683,0.0506419861496382,0.0513600030493606,-0.0326172606788173
36.6433057876452,10.6799652961628,0.531027793455095,0.0862287031029683,0.0506419861496382,0.0405942092866258,-0.0266675606242561
36.7652038096202,10.7046952591908,0.531027793455095,0.0862287031029683,0.0506419861496382,0.0356693188720314,-0.0259120231216485
36.8807694739026,10.7232676476083,0.531027793455095,0.0862287031029683,0.0506419861496382,0.0293369611794443,-0.0320695977321908
36.9972750808012,10.7515654879076,0.531027793455095,0.0862287031029683,0.0506419861496382,0.0302769037956114,-0.0223441458503357
37.1191083579474,10.7737240341327,0.531027793455095,0.0862287031029683,0.0506419861496382,0.0356045740432247,-0.0284834399245373
37.2397072802805,10.7956871228463,0.531027793455095,0.0862287031029683,0.0506419861496382,0.0343702192301727,-0.0286788974360528
37.3480707333306,10.8178078235365,0.531027793455095,0.0862287031029683,0.0506419861496382,0.0221347499470781,-0.0285212854593846
37.4564978372303,10.8396050056665,0.531027793455095,0.0862287031029683,0.0506419861496382,0.0221984007967286,-0.0288448040196618
37.5611730402961,10.851761434482,0.531027793455095,0.0862287031029683,0.0506419861496382,0.0184464999628382,-0.0384855573341616
37.6729218658856,10.8684323142638,0.531027793455095,0.0862287031029683,0.0506419861496382,0.0255201224865829,-0.033971106367801
37.7884642404947,10.8809180034954,0.531027793455095,0.0862287031029683,0.0506419861496382,0.0293136715061362,-0.0381562969180456
37.9006729458939,10.8969201173405,0.531027793455095,0.0862287031029683,0.0506419861496382,0.0259800022962455,-0.0346398723045009
38.0072121763058,10.9192711609974,0.531027793455095,0.0862287031029683,0.0506419861496382,0.0203105273088813,-0.0282909424927515
38.1112619586939,10.9368841795806,0.531027793455095,0.0862287031029683,0.0506419861496382,0.017821079285099,-0.0330289675664295
38.2166350383876,10.9569372968998,0.531027793455095,0.0862287031029683,0.0506419861496382,0.0191443765907824,-0.0305888688304448
38.3302807465096,10.9784483662808,0.531027793455095,0.0862287031029683,0.0506419861496382,0.0274170050189912,-0.0291309167686302
38.4443090199129,11.0000415247916,0.531027793455095,0.0862287031029683,0.0506419861496382,0.0277995703004112,-0.0290488276388299
38.5612645152622,11.0226398783674,0.531027793455095,0.0862287031029683,0.0506419861496382,0.0307267922462859,-0.0280436325739233
38.6749487917459,11.0495721713632,0.531027793455095,0.0862287031029683,0.0506419861496382,0.0274555733807436,-0.0237096931537888
38.8007113493761,11.0726557283777,0.531027793455095,0.0862287031029683,0.0506419861496382,0.0395338545271837,-0.0275584291351105
38.9271176367857,11.0989170837203,0.531027793455095,0.0862287031029683,0.0506419861496382,0.0401775843066972,-0.0243806308071113
39.0463735164544,11.1160508378358,0.531027793455095,0.0862287031029683,0.0506419861496382,0.0330271765657582,-0.0335082320341451
39.1606353683668,11.1369906152562,0.531027793455095,0.0862287031029683,0.0506419861496382,0.0280331488093868,-0.029702208729157
39.2760569422087,11.1607370305539,0.531027793455095,0.0862287031029683,0.0506419861496382,0.0291928707389228,-0.0268955708519467
39.4001246125939,11.1802254555029,0.531027793455095,0.0862287031029683,0.0506419861496382,0.0378389672821982,-0.0311535612006519
39.5213038631556,11.195435232848,0.531027793455095,0.0862287031029683,0.0506419861496382,0.0349505474587612,-0.0354322088045382
39.649897121668,11.2077603585468,0.531027793455095,0.0862287031029683,0.0506419861496382,0.0423645554094279,-0.0383168604508208
39.7746086375412,11.2155293087567,0.531027793455095,0.0862287031029683,0.0506419861496382,0.0384828127702761,-0.0428730359397917
39.9100633721905,11.2260960142822,0.531027793455095,0.0862287031029683,0.0506419861496382,0.0492260315462616,-0.0400752806241158
40.0356304250954,11.2423771166526,0.531027793455095,0.0862287031029683,0.0506419861496382,0.0393383498019304,-0.0343608837792457
40.1519446772593,11.2511932141632,0.531027793455095,0.0862287031029683,0.0506419861496382,0.0300855490609546,-0.0418258886390666
40.2747906151809,11.2591190170002,0.531027793455095,0.0862287031029683,0.0506419861496382,0.036617234818678,-0.0427161833126304
40.4007529237814,11.2774148353514,0.531027793455095,0.0862287031029683,0.0506419861496382,0.0397336054974584,-0.0323461677984023
40.5187800444798,11.2850191381337,0.531027793455095,0.0862287031029683,0.0506419861496382,0.031798417595482,-0.0430376833673902
40.6399854865992,11.2939190605261,0.531027793455095,0.0862287031029683,0.0506419861496382,0.0349767390164271,-0.0417420637572086
40.7572337227376,11.3139137555842,0.531027793455095,0.0862287031029683,0.0506419861496382,0.0310195330354279,-0.0306472910915598
40.877414467143,11.3289061164989,0.531027793455095,0.0862287031029683,0.0506419861496382,0.0339520413024399,-0.0356496252349157
40.9949963818428,11.3520750897274,0.531027793455095,0.0862287031029683,0.0506419861496382,0.0313532115968567,-0.0274730129211482
41.1161411988444,11.367172730969,0.531027793455095,0.0862287031029683,0.0506419861496382,0.034916113898575,-0.0355443449080433
41.234365631855,11.3763412206651,0.531027793455095,0.0862287031029683,0.0506419861496382,0.0319957299076279,-0.0414734964535075
41.3537976040708,11.3882438841041,0.531027793455095,0.0862287031029683,0.0506419861496382,0.0332032691128692,-0.038739322710641
41.4709904096059,11.4059531729385,0.531027793455095,0.0862287031029683,0.0506419861496382,0.0309641024321667,-0.0329326973152089
41.591782462865,11.4213731754708,0.531027793455095,0.0862287031029683,0.0506419861496382,0.0345633501560769,-0.0352219836173981
41.6954839907773,11.4428124218633,0.531027793455095,0.0862287031029683,0.0506419861496382,0.017472824809337,-0.0292027397570997
41.8050398590369,11.4651431764722,0.531027793455095,0.0862287031029683,0.0506419861496382,0.0233271651566209,-0.0283112315407248
41.9196217432348,11.4847571396846,0.531027793455095,0.0862287031029683,0.0506419861496382,0.0283531810949373,-0.0310280229372744
42.0394189881566,11.5089744871796,0.531027793455095,0.0862287031029683,0.0506419861496382,0.0335685418188749,-0.0264246386546567
42.1657623879157,11.5361071741042,0.531027793455095,0.0862287031029683,0.0506419861496382,0.0401146966561559,-0.0235092992250303
42.2866791886733,11.5607054218841,0.531027793455095,0.0862287031029683,0.0506419861496382,0.0346880976546,-0.0260437383697791
42.4171600241294,11.6003134727188,0.531027793455095,0.0862287031029683,0.0506419861496382,0.0442521323531064,-0.011033935314849
42.5541418298018,11.6316339452261,0.531027793455095,0.0862287031029683,0.0506419861496382,0.0507531025694519,-0.0193215136423426
42.6848964322419,11.6692091571157,0.531027793455095,0.0862287031029683,0.0506419861496382,0.0445258993371205,-0.0130667742600936
42.8088695589042,11.7014752707592,0.531027793455095,0.0862287031029683,0.0506419861496382,0.0377444235593245,-0.0183758725061676
42.9292388503066,11.737275482134,0.531027793455095,0.0862287031029683,0.0506419861496382,0.0341405882994117,-0.0148417747747596
43.0638538077869,11.7623175640783,0.531027793455095,0.0862287031029683,0.0506419861496382,0.048386254377391,-0.0255999042054009
43.2039989030195,11.787787155975,0.531027793455095,0.0862287031029683,0.0506419861496382,0.0539163921295991,-0.025172394252948
43.3422879066528,11.8216336746155,0.531027793455095,0.0862287031029683,0.0506419861496382,0.0520603005302931,-0.0167954675091551
43.4816737965601,11.8572602798749,0.531027793455095,0.0862287031029683,0.0506419861496382,0.0531571868043219,-0.0150153808902029
43.6160004925137,11.8922275109743,0.531027793455095,0.0862287031029683,0.0506419861496382,0.0480979928506784,-0.0156747550502558
43.7417537182488,11.9228367415245,0.531027793455095,0.0862287031029683,0.0506419861496382,0.0395245226321244,-0.0200327555994111
43.8654120186748,11.9524946364124,0.531027793455095,0.0862287031029683,0.0506419861496382,0.0374295973230332,-0.0209840912617274
43.9809825931966,11.9743031133772,0.531027793455095,0.0862287031029683,0.0506419861496382,0.0293418714188824,-0.0288335091848388
44.0935962653812,11.9979583478083,0.531027793455095,0.0862287031029683,0.0506419861496382,0.026384969081592,-0.0269867517185336
44.2088050715673,12.0284361461675,0.531027793455095,0.0862287031029683,0.0506419861496382,0.0289801030831658,-0.0201641877904795
44.3307003797148,12.0542375559484,0.531027793455095,0.0862287031029683,0.0506419861496382,0.0356666050444918,-0.0248405763687467
44.4520206240315,12.0852651544475,0.531027793455095,0.0862287031029683,0.0506419861496382,0.035091541213788,-0.0196143876505266
44.5708979591882,12.115748993929,0.531027793455095,0.0862287031029683,0.0506419861496382,0.0326486320537054,-0.0201581466681615
44.6932841071033,12.1361157521952,0.531027793455095,0.0862287031029683,0.0506419861496382,0.0361574448121029,-0.0302752278834157
44.7972826441368,12.1641823544153,0.531027793455095,0.0862287031029683,0.0506419861496382,0.0177698339305383,-0.0225753839294889
44.9012194630457,12.1885875621399,0.531027793455095,0.0862287031029683,0.0506419861496382,0.0177081158059522,-0.0262367784251012
45.019602219785,12.2214582523405,0.531027793455095,0.0862287031029683,0.0506419861496382,0.032154053636301,-0.0177712959490499
45.1362539583643,12.2568945671096,0.531027793455095,0.0862287031029683,0.0506419861496382,0.0304230354763995,-0.015205671380544
45.2498559189511,12.2857926023249,0.531027793455095,0.0862287031029683,0.0506419861496382,0.0273732574837862,-0.0217439509343045
45.3610951960061,12.3186389940515,0.531027793455095,0.0862287031029683,0.0506419861496382,0.0250105739520396,-0.017795594423009
45.4809297804007,12.358397898649,0.531027793455095,0.0862287031029683,0.0506419861496382,0.0336058812916598,-0.0108830815521674
45.5997300766861,12.3904736170548,0.531027793455095,0.0862287031029683,0.0506419861496382,0.0325715931824124,-0.018566267743803
45.7174283911775,12.4171384348363,0.531027793455095,0.0862287031029683,0.0506419861496382,0.0314696113884363,-0.0239771683681216
45.8362883503715,12.4496153300409,0.531027793455095,0.0862287031029683,0.0506419861496382,0.0326312560909834,-0.0181650909451179
45.9583304131206,12.4849967916594,0.531027793455095,0.0862287031029683,0.0506419861496382,0.0358133596461894,-0.0152605245310777
46.0775357159174,12.5093408761508,0.531027793455095,0.0862287031029683,0.0506419861496382,0.0329765996938232,-0.0262979016583067
46.2054160454084,12.5396889450643,0.531027793455095,0.0862287031029683,0.0506419861496382,0.0416516263879689,-0.0202939172360805
46.3408833115038,12.5628245093746,0.531027793455095,0.0862287031029683,0.0506419861496382,0.0492385629925174,-0.0275064218393331
46.4668059502495,12.5886761932408,0.531027793455095,0.0862287031029683,0.0506419861496382,0.0396939356427239,-0.0247903022834501
46.5873638138171,12.6044013062658,0.531027793455095,0.0862287031029683,0.0506419861496382,0.0343291604645923,-0.0349168731246792
46.7108144868019,12.6246216025399,0.531027793455095,0.0862287031029683,0.0506419861496382,0.0372219698818519,-0.0304216898755119
46.8260703588496,12.6523603874905,0.531027793455095,0.0862287031029683,0.0506419861496382,0.0290271689447543,-0.0229032011990453
46.940420074392,12.6837725416595,0.531027793455095,0.0862287031029683,0.0506419861496382,0.0281210124394082,-0.0192298319806206
47.0550745369689,12.720892998724,0.531027793455095,0.0862287031029683,0.0506419861496382,0.0284257594738637,-0.0135215290851827
47.1752970872407,12.7662461571536,0.531027793455095,0.0862287031029683,0.0506419861496382,0.0339938471688708,-0.00528882772001005
47.3031326493506,12.7973724243243,0.531027793455095,0.0862287031029683,0.0506419861496382,0.0416068590069383,-0.0195157189789263
47.4334907950742,12.8233997954856,0.531027793455095,0.0862287031029683,0.0506419861496382,0.04412944262066,-0.0246146149883506
47.5545567780595,12.846006685297,0.531027793455095,0.0862287031029683,0.0506419861496382,0.0348372798823462,-0.0280350963382539
47.6806752797671,12.8696154781675,0.531027793455095,0.0862287031029683,0.0506419861496382,0.03988979860463,-0.0270331932790802
47.8081607070074,12.8990041023774,0.531027793455095,0.0862287031029683,0.0506419861496382,0.0412567241372823,-0.0212533619398299
47.9359814153139,12.9257674939783,0.531027793455095,0.0862287031029683,0.0506419861496382,0.0415920052034906,-0.0238785945486635
48.0609672472627,12.9517870189774,0.531027793455095,0.0862287031029683,0.0506419861496382,0.0387571288459156,-0.0246224611506101
48.1931270386608,12.9780388286733,0.531027793455095,0.0862287031029683,0.0506419861496382,0.0459310882951112,-0.0243901764537178
48.3215805070778,13.0147990233523,0.531027793455095,0.0862287031029683,0.0506419861496382,0.0422247653139891,-0.013881791470622
48.4499395572417,13.0514851434896,0.531027793455095,0.0862287031029683,0.0506419861496382,0.0421303470609313,-0.0139558660123171
48.5832051085658,13.0812328765289,0.531027793455095,0.0862287031029683,0.0506419861496382,0.0470368482211931,-0.0208942531103533
48.7081983797904,13.1007164697959,0.531027793455095,0.0862287031029683,0.0506419861496382,0.0387645681215911,-0.031158392882622
48.8364097470694,13.1232291830711,0.531027793455095,0.0862287031029683,0.0506419861496382,0.0419826641760057,-0.0281292728744527
48.9597509975261,13.1476749326969,0.531027793455095,0.0862287031029683,0.0506419861496382,0.037112547353729,-0.0261962365238748
49.0807562906552,13.1763672487782,0.531027793455095,0.0862287031029683,0.0506419861496382,0.0347765900261958,-0.0219496700683326
49.206505752119,13.2003560698675,0.531027793455095,0.0862287031029683,0.0506419861496382,0.039520758360819,-0.0266531650603454
49.3293186542492,13.2389807889465,0.531027793455095,0.0862287031029683,0.0506419861496382,0.0365841990272031,-0.012017267070652
49.4385841985466,13.2726441207081,0.531027793455095,0.0862287031029683,0.0506419861496382,0.0230368411944646,-0.0169786543880157
49.5626621631787,13.2933882817349,0.531027793455095,0.0862287031029683,0.0506419861496382,0.0378492615290664,-0.0298978251228332
49.6871778745877,13.3204407758206,0.531027793455095,0.0862287031029683,0.0506419861496382,0.0382870083060691,-0.0235894920639126
49.8137837423364,13.3466646612936,0.531027793455095,0.0862287031029683,0.0506419861496382,0.0403771646457152,-0.0244181006766331
49.9425755125261,13.3672180483221,0.531027793455095,0.0862287031029683,0.0506419861496382,0.0425630670867463,-0.0300885991211439
50.0717834753724,13.3958999423066,0.531027793455095,0.0862287031029683,0.0506419861496382,0.0429792597433618,-0.0219600921651555
50.1957205422093,13.4233526598484,0.531027793455095,0.0862287031029683,0.0506419861496382,0.0377083637339055,-0.0231892686077995
50.3148260792406,13.4429015633153,0.531027793455095,0.0862287031029683,0.0506419861496382,0.0328768339283787,-0.0310930826827587
50.4365394022054,13.4747398735661,0.531027793455095,0.0862287031029683,0.0506419861496382,0.035484619861748,-0.018803675898889
50.5558908400523,13.502260583384,0.531027793455095,0.0862287031029683,0.0506419861496382,0.0331227347440066,-0.0231212763317412
50.6839540287662,13.5292853143779,0.531027793455095,0.0862287031029683,0.0506419861496382,0.0418344856108597,-0.0236172551557434
50.8172091756025,13.5640218718209,0.531027793455095,0.0862287031029683,0.0506419861496382,0.0470264437333547,-0.0159054287066311
50.9462913991957,13.5905922364623,0.531027793455095,0.0862287031029683,0.0506419861496382,0.0428535204902385,-0.0240716215082024
51.0728970588306,13.6159210655618,0.531027793455095,0.0862287031029683,0.0506419861496382,0.0403769565318992,-0.0253131570501601
51.1937564642722,13.650109915354,0.531027793455095,0.0862287031029683,0.0506419861496382,0.0346307023386867,-0.0164531363574056
51.3188594039986,13.684980529356,0.531027793455095,0.0862287031029683,0.0506419861496382,0.038874236623391,-0.0157713721476505
51.4434448718635,13.7117770195738,0.531027793455095,0.0862287031029683,0.0506419861496382,0.0383567647619945,-0.0238454959318677
51.5648469142059,13.7447656258129,0.531027793455095,0.0862287031029683,0.0506419861496382,0.0351733392393871,-0.0176533799105467
51.6857645277227,13.7853260610099,0.531027793455095,0.0862287031029683,0.0506419861496382,0.0346889104138803,-0.0100815509525791
51.8028694493159,13.8188252991048,0.531027793455095,0.0862287031029683,0.0506419861496382,0.0308762184901639,-0.0171427480547397
51.9301775612542,13.8482784135134,0.531027793455095,0.0862287031029683,0.0506419861496382,0.0410794088353654,-0.021188871741078
52.0501255361861,13.874770738272,0.531027793455095,0.0862287031029683,0.0506419861496382,0.0337192718289199,-0.0241496613910233
52.1703831959975,13.9086880170594,0.531027793455095,0.0862287031029683,0.0506419861496382,0.034028956708454,-0.0167247073622399
52.2901965233487,13.9432283372612,0.531027793455095,0.0862287031029683,0.0506419861496382,0.0335846242482329,-0.0161016659478577
52.4079794323291,13.9734308804807,0.531027793455095,0.0862287031029683,0.0506419861496382,0.0315542058773666,-0.020439442930094
52.5217333104667,14.001592097039,0.531027793455095,0.0862287031029683,0.0506419861496382,0.0275251750346879,-0.0224807695913345
52.6354308102732,14.0329119153733,0.531027793455095,0.0862287031029683,0.0506419861496382,0.0274687967035412,-0.019322167815421
52.7542402651634,14.0608004253376,0.531027793455095,0.0862287031029683,0.0506419861496382,0.0325807517871635,-0.0227534761852581
52.8787304152827,14.083310408937,0.531027793455095,0.0862287031029683,0.0506419861496382,0.0382614470163354,-0.0281320025503184
53.0056267993634,14.1129523966812,0.531027793455095,0.0862287031029683,0.0506419861496382,0.0406676809777391,-0.0209999984054132
53.1394081760398,14.1361872868282,0.531027793455095,0.0862287031029683,0.0506419861496382,0.0475526735734118,-0.0274070960025696
53.2690781756075,14.1647385481249,0.531027793455095,0.0862287031029683,0.0506419861496382,0.0434412964647581,-0.0220907248529816
53.3935165505948,14.1965772272078,0.531027793455095,0.0862287031029683,0.0506419861496382,0.0382096718843812,-0.018803307066765
53.5139465293599,14.2316468637004,0.531027793455095,0.0862287031029683,0.0506419861496382,0.0342012756620811,-0.0155723496570044
53.6410506821622,14.2731027265966,0.531027793455095,0.0862287031029683,0.0506419861496382,0.0408754496993122,-0.00918612325340717
53.7661739671217,14.3184087704442,0.531027793455095,0.0862287031029683,0.0506419861496382,0.0388945818565798,-0.00533594230212486
53.8872481056722,14.3654617414426,0.531027793455095,0.0862287031029683,0.0506419861496382,0.0348454354474903,-0.00358901515117971
54.0034712954582,14.4063215731567,0.531027793455095,0.0862287031029683,0.0506419861496382,0.0299944866830479,-0.00978215443551456
54.1296606515338,14.4515489841879,0.531027793455095,0.0862287031029683,0.0506419861496382,0.0399606529726171,-0.00541457511848087
54.2589437749898,14.4857689810769,0.531027793455095,0.0862287031029683,0.0506419861496382,0.0430544203530836,-0.0164219892606212
54.3877548699376,14.5353409079274,0.531027793455095,0.0862287031029683,0.0506419861496382,0.042582391844844,-0.00107005929913129
54.5177657618461,14.5740374642943,0.531027793455095,0.0862287031029683,0.0506419861496382,0.0437821888054781,-0.0119454297827772
54.6461168209128,14.6021953715428,0.531027793455095,0.0862287031029683,0.0506419861496382,0.0421223559638033,-0.0224840789011687
54.7825207687517,14.6377844482718,0.531027793455095,0.0862287031029683,0.0506419861496382,0.0501752447358577,-0.0150529094205574
54.9163329486198,14.6731445091579,0.531027793455095,0.0862287031029683,0.0506419861496382,0.0475834767651904,-0.0152819252635936
55.0345008987383,14.7116625212624,0.531027793455095,0.0862287031029683,0.0506419861496382,0.0319392470154831,-0.0121239740451493
55.1462370525681,14.756956978287,0.531027793455095,0.0862287031029683,0.0506419861496382,0.0255074507268187,-0.00534752912497716
55.2732760137222,14.7934221836065,0.531027793455095,0.0862287031029683,0.0506419861496382,0.040810258051188,-0.01417678083018
55.3905645110423,14.8252839547823,0.531027793455095,0.0862287031029683,0.0506419861496382,0.0310597942171142,-0.0187802149738125
55.513489085819,14.8476622135352,0.531027793455095,0.0862287031029683,0.0506419861496382,0.0366958716737251,-0.028263727396741
55.6321642303086,14.8703900642974,0.531027793455095,0.0862287031029683,0.0506419861496382,0.0324464413866838,-0.0279141353875065
55.7574119032277,14.8909537385358,0.531027793455095,0.0862287031029683,0.0506419861496382,0.0390189698160892,-0.0300783119112324
55.8785285019265,14.9067303266343,0.531027793455095,0.0862287031029683,0.0506419861496382,0.0348878955958547,-0.0348653980510854
55.9932185757809,14.9352350234743,0.531027793455095,0.0862287031029683,0.0506419861496382,0.0284613707514172,-0.0221372893096845
56.1146872620041,14.9633150543297,0.531027793455095,0.0862287031029683,0.0506419861496382,0.035239983120265,-0.0225619552941971
56.2330202518251,14.9892916550341,0.531027793455095,0.0862287031029683,0.0506419861496382,0.0321042867179901,-0.0246653854452088
56.3531439177378,15.004450045676,0.531027793455095,0.0862287031029683,0.0506419861496382,0.0338949628097609,-0.0354835955078254
56.4789384290144,15.0238686203043,0.531027793455095,0.0862287031029683,0.0506419861496382,0.0395658081736094,-0.0312234115213368
56.6033686629574,15.0466119937616,0.531027793455095,0.0862287031029683,0.0506419861496382,0.0382015308399968,-0.0278986126923044
56.7333318389514,15.0729924749706,0.531027793455095,0.0862287031029683,0.0506419861496382,0.0437344728910229,-0.0242615049406325
56.8591381904164,15.1149720935576,0.531027793455095,0.0862287031029683,0.0506419861496382,0.039577648362096,-0.0086623675626285
56.9777532326177,15.155493769379,0.531027793455095,0.0862287031029683,0.0506419861496382,0.0323863390983341,-0.0101203103282206
57.1072955072115,15.1875349387836,0.531027793455095,0.0862287031029683,0.0506419861496382,0.0433135714907937,-0.0186008167450229
57.2297927876765,15.2195352674737,0.531027793455095,0.0862287031029683,0.0506419861496382,0.036268577362069,-0.0186416574596269
57.33899034656,15.2506316682901,0.531027793455095,0.0862287031029683,0.0506419861496382,0.0229688557805225,-0.0195455853332067
57.452074559257,15.2834787213631,0.531027793455095,0.0862287031029683,0.0506419861496382,0.026855509593986,-0.0177949330766367
57.5677611655411,15.3064528928082,0.531027793455095,0.0862287031029683,0.0506419861496382,0.0294579031811839,-0.027667814704504
57.6815956467891,15.3345063072607,0.531027793455095,0.0862287031029683,0.0506419861496382,0.0276057781450305,-0.022588571697117
57.8118170997167,15.3638957933727,0.531027793455095,0.0862287031029683,0.0506419861496382,0.0439927498245929,-0.021252500037706
57.9375904686229,15.3940201836483,0.531027793455095,0.0862287031029683,0.0506419861496382,0.0395446658031915,-0.0205175958740149
58.0673345878306,15.4267883739654,0.531027793455095,0.0862287031029683,0.0506419861496382,0.0435154161047819,-0.0178737958325268
58.1957362309184,15.4519910954027,0.531027793455095,0.0862287031029683,0.0506419861496382,0.0421729399848285,-0.0254392647123556
58.3220703648923,15.4608349288704,0.531027793455095,0.0862287031029683,0.0506419861496382,0.0401054308709519,-0.0417981526819631
58.4507695451661,15.4840343283505,0.531027793455095,0.0862287031029683,0.0506419861496382,0.0424704771707809,-0.0274425866694905
58.5730066698468,15.5113117132184,0.531027793455095,0.0862287031029683,0.0506419861496382,0.0360084215778009,-0.023364601281779
58.6914106184027,15.5251921115657,0.531027793455095,0.0862287031029683,0.0506419861496382,0.0321752454528834,-0.036761587802328
58.8149954473048,15.5490094108888,0.531027793455095,0.0862287031029683,0.0506419861496382,0.0373561257991106,-0.0268246868265365
58.9378485431943,15.5718412807332,0.531027793455095,0.0862287031029683,0.0506419861496382,0.0366243927865852,-0.0278101163052309
59.0543285220383,15.59708203939,0.531027793455095,0.0862287031029683,0.0506419861496382,0.0302512757410618,-0.0254012274928765
59.1733916116037,15.6236366023678,0.531027793455095,0.0862287031029683,0.0506419861496382,0.0328343864624294,-0.0240874231717907
59.2960167893362,15.6425722248673,0.531027793455095,0.0862287031029683,0.0506419861496382,0.0363964746294876,-0.0317063636501089
59.423560814018,15.6538705361715,0.531027793455095,0.0862287031029683,0.0506419861496382,0.0413153215788178,-0.0393436748454707
59.5369137629834,15.6664159427342,0.531027793455095,0.0862287031029683,0.0506419861496382,0.0271242458624279,-0.0380965795869788
59.6549605380084,15.678298477637,0.531027793455095,0.0862287031029683,0.0506419861496382,0.031818071922082,-0.0387594512467935
59.7716098642662,15.6978117627618,0.531027793455095,0.0862287031029683,0.0506419861496382,0.0304206231548036,-0.0311287010248851
59.8925099247919,15.7204906030766,0.531027793455095,0.0862287031029683,0.0506419861496382,0.0346713574226811,-0.0279631458347982
60.0115161622384,15.7443467216735,0.531027793455095,0.0862287031029683,0.0506419861496382,0.0327775343436123,-0.0267858675527464
60.1318053287141,15.7629689600908,0.531027793455095,0.0862287031029683,0.0506419861496382,0.0340604633727075,-0.0320197477323543
60.2543832198649,15.7848447657441,0.531027793455095,0.0862287031029683,0.0506419861496382,0.0363491880477937,-0.0287661804963175
60.3789766839942,15.8106955709649,0.531027793455095,0.0862287031029683,0.0506419861496382,0.0383647610263971,-0.0247911809288706
60.4943277370191,15.8417168528857,0.531027793455095,0.0862287031029683,0.0506419861496382,0.0291223499218951,-0.0196207042288172
60.6063197376905,15.8689800979246,0.531027793455095,0.0862287031029683,0.0506419861496382,0.0257632975683784,-0.0233787411107507
60.7229026084688,15.8906820206435,0.531027793455095,0.0862287031029683,0.0506419861496382,0.0303541676753945,-0.0289400634307544
60.84720874568,15.9116801267903,0.531027793455095,0.0862287031029683,0.0506419861496382,0.0380774341081995,-0.029643880002812
60.9691462631114,15.9340273414879,0.531027793455095,0.0862287031029683,0.0506419861496382,0.0357088143284514,-0.0282947714520567
61.0964705281934,15.9542342296545,0.531027793455095,0.0862287031029683,0.0506419861496382,0.0410955619790663,-0.0304350979829966
61.2136442893484,15.9823923154909,0.531027793455095,0.0862287031029683,0.0506419861496382,0.0309450580519623,-0.0224839003132864
61.3275588887004,16.0093837305345,0.531027793455095,0.0862287031029683,0.0506419861496382,0.0276858962490358,-0.0236505711059891
61.44480931056,16.0379114064823,0.531027793455095,0.0862287031029683,0.0506419861496382,0.0310217187566195,-0.0221143102018857
61.5621700025532,16.0598867921278,0.531027793455095,0.0862287031029683,0.0506419861496382,0.0311319888902872,-0.028666600504085
61.6790849033592,16.0684714334679,0.531027793455095,0.0862287031029683,0.0506419861496382,0.030686197702984,-0.0420573448095585
61.7972596097365,16.0913417233092,0.531027793455095,0.0862287031029683,0.0506419861496382,0.0319460032743208,-0.0277716963083581
61.9118742402054,16.1102990181961,0.531027793455095,0.0862287031029683,0.0506419861496382,0.0283859273659992,-0.0316846912627202
62.0250177384925,16.1207371403527,0.531027793455095,0.0862287031029683,0.0506419861496382,0.0269147951840623,-0.0402038639930549
62.1348351672403,16.1333646827795,0.531027793455095,0.0862287031029683,0.0506419861496382,0.023588725644899,-0.0380144437228189
62.2553551159906,16.1463386477598,0.531027793455095,0.0862287031029683,0.0506419861496382,0.0342912456473528,-0.0376680211693259
62.3739905230069,16.174944269105,0.531027793455095,0.0862287031029683,0.0506419861496382,0.0324067039132423,-0.0220363648044533
62.4970406132658,16.1968340051805,0.531027793455095,0.0862287031029683,0.0506419861496382,0.0368213871559853,-0.0287522500741684
62.6222791659021,16.2255455950424,0.531027793455095,0.0862287031029683,0.0506419861496382,0.0390098495333469,-0.0219303962877557
62.7429857995452,16.2470803400382,0.531027793455095,0.0862287031029683,0.0506419861496382,0.0344779305400813,-0.02910724115379
62.8647290658812,16.2701642480033,0.531027793455095,0.0862287031029683,0.0506419861496382,0.0355145632330256,-0.0275580781846116
62.9800250719588,16.2832070247495,0.531027793455095,0.0862287031029683,0.0506419861496382,0.0290673029746777,-0.037599209403373
63.08874373208,16.3052801671749,0.531027793455095,0.0862287031029683,0.0506419861496382,0.0224899570182515,-0.0285688437242211
63.2015320641996,16.3376919869507,0.531027793455095,0.0862287031029683,0.0506419861496382,0.0265596290166314,-0.0182301663738969
63.31055029339,16.3578721172238,0.531027793455095,0.0862287031029683,0.0506419861496382,0.022789526087351,-0.0304618558764975
63.4226577747569,16.3838815610213,0.531027793455095,0.0862287031029683,0.0506419861496382,0.0258787782639693,-0.024632542352208
63.5388633575513,16.4059481890428,0.531027793455095,0.0862287031029683,0.0506419861496382,0.0299768796913931,-0.028575358128057
63.6654011057941,16.4297000409199,0.531027793455095,0.0862287031029683,0.0506419861496382,0.0403090451398782,-0.0268901342726036
63.7911573477288,16.4557855302905,0.531027793455095,0.0862287031029683,0.0506419861496382,0.0395275388317025,-0.0245564967789722
63.9026953432473,16.470748907931,0.531027793455095,0.0862287031029683,0.0506419861496382,0.0253092924155816,-0.0356786085091461
64.007509143247,16.4886887312171,0.531027793455095,0.0862287031029683,0.0506419861496382,0.0185850968966612,-0.0327021628635311
64.1197837267424,16.5097301162778,0.531027793455095,0.0862287031029683,0.0506419861496382,0.0260458803924699,-0.0296006010889975
64.2356245322374,16.5373699778852,0.531027793455095,0.0862287031029683,0.0506419861496382,0.0296121023919866,-0.0230021245422485
64.3494318958451,16.5724779703105,0.531027793455095,0.0862287031029683,0.0506419861496382,0.0275786605047372,-0.01553399372429
64.459079427284,16.6043690622118,0.531027793455095,0.0862287031029683,0.0506419861496382,0.0234188283359273,-0.0187508942483969
64.575348641528,16.6392622007455,0.531027793455095,0.0862287031029683,0.0506419861496382,0.0300405111410669,-0.01574884761588
64.690079159515,16.6779602462624,0.531027793455095,0.0862287031029683,0.0506419861496382,0.0285018148839917,-0.0119439406327828
64.7999964518861,16.7089324140897,0.531027793455095,0.0862287031029683,0.0506419861496382,0.0236885892681151,-0.0196698183222832
64.9145709363623,16.740949099313,0.531027793455095,0.0862287031029683,0.0506419861496382,0.0283457813731722,-0.0186253009263488
65.0230366931659,16.7811175633251,0.531027793455095,0.0862287031029683,0.0506419861496382,0.022237053700632,-0.0104735221375591
65.1265194952082,16.8173030238686,0.531027793455095,0.0862287031029683,0.0506419861496382,0.0172540989393291,-0.0144565256060858
65.2330304362002,16.8640640605755,0.531027793455095,0.0862287031029683,0.0506419861496382,0.0202822378890737,-0.00388094944278805
65.3466590224389,16.9028227081243,0.531027793455095,0.0862287031029683,0.0506419861496382,0.0273998831357041,-0.0118833386008781
65.4606878524289,16.9391255883007,0.531027793455095,0.0862287031029683,0.0506419861496382,0.027800126887044,-0.014339105973189
65.5652877139154,16.9796037260299,0.531027793455095,0.0862287031029683,0.0506419861496382,0.0183711583834985,-0.0101638484204578
65.6735108607694,17.0251318134483,0.531027793455095,0.0862287031029683,0.0506419861496382,0.0219944437510087,-0.00511389873124379
65.796280169295,17.0748136624261,0.531027793455095,0.0862287031029683,0.0506419861496382,0.0365406054226654,-0.000960137171853503
65.9107460359541,17.1145305470525,0.531027793455095,0.0862287031029683,0.0506419861496382,0.0282371635561134,-0.0109251015232008
66.0232103323653,17.1519594751861,0.531027793455095,0.0862287031029683,0.0506419861496382,0.0262355933082112,-0.0132130580160563
66.1403234045293,17.1915310061429,0.531027793455095,0.0862287031029683,0.0506419861496382,0.0308843690609883,-0.0110704551928098
66.2472908391173,17.2326879595496,0.531027793455095,0.0862287031029683,0.0506419861496382,0.0207387314850465,-0.00948503274298318
66.3613233932357,17.2749081432435,0.531027793455095,0.0862287031029683,0.0506419861496382,0.0278038510154381,-0.00842180245575896
66.4807551319462,17.3178011559602,0.531027793455095,0.0862287031029683,0.0506419861496382,0.0332030356074782,-0.00774897343288394
66.5972034825308,17.3431011978317,0.531027793455095,0.0862287031029683,0.0506419861496382,0.0302196474816725,-0.0253419442781748
66.7196665606183,17.3715765117504,0.531027793455095,0.0862287031029683,0.0506419861496382,0.036234374984474,-0.0221666722309077
66.8374482859508,17.4093073903059,0.531027793455095,0.0862287031029683,0.0506419861496382,0.0315530222295735,-0.0129111075941388
66.9680190020254,17.4562612056072,0.531027793455095,0.0862287031029683,0.0506419861496382,0.0443420129716294,-0.00368817084831541
67.0922195023767,17.492535370278,0.531027793455095,0.0862287031029683,0.0506419861496382,0.0379717972482716,-0.0143678214788761
67.2113301314172,17.5276513486583,0.531027793455095,0.0862287031029683,0.0506419861496382,0.0328819259375628,-0.015526007769358
67.3383384988672,17.5581401886764,0.531027793455095,0.0862287031029683,0.0506419861496382,0.0407796643470668,-0.0201531461315234
67.4577100814424,17.5900108367998,0.531027793455095,0.0862287031029683,0.0506419861496382,0.0331428794721553,-0.0187713380261982
67.5652535130882,17.6256854793895,0.531027793455095,0.0862287031029683,0.0506419861496382,0.0213147285428441,-0.0149673435599738
67.6742692310528,17.6543701121955,0.531027793455095,0.0862287031029683,0.0506419861496382,0.0227870148616738,-0.0219573533436002
67.7789072850415,17.6881148201106,0.531027793455095,0.0862287031029683,0.0506419861496382,0.0184093508856549,-0.0168972782345307
67.883027236805,17.724770569421,0.531027793455095,0.0862287031029683,0.0506419861496382,0.0178912486605185,-0.0139862368392656
68.0001071905079,17.7609743837032,0.531027793455095,0.0862287031029683,0.0506419861496382,0.0308512505999303,-0.0144381718674502
68.1148906856328,17.800468866132,0.531027793455095,0.0862287031029683,0.0506419861496382,0.0285547920219926,-0.0111475037208173
68.2271630250411,17.838772557737,0.531027793455095,0.0862287031029683,0.0506419861496382,0.0260436363053351,-0.0123382945446657
68.3446313514793,17.8795590228093,0.531027793455095,0.0862287031029683,0.0506419861496382,0.0312396233351926,-0.00985552107737853
68.4708983133156,17.9145319359219,0.531027793455095,0.0862287031029683,0.0506419861496382,0.0400382587333432,-0.015669073037019
68.590486016875,17.9462528973065,0.531027793455095,0.0862287031029683,0.0506419861496382,0.0333590004564037,-0.0189210247649694
68.7114660344353,17.9828154990012,0.531027793455095,0.0862287031029683,0.0506419861496382,0.034751314457349,-0.0140793844549787
68.8156109790877,18.0168481217713,0.531027793455095,0.0862287031029683,0.0506419861496382,0.0179162415493686,-0.0166093633795033
68.9258273633689,18.0504295426485,0.531027793455095,0.0862287031029683,0.0506419861496382,0.0239876811782764,-0.017060565272514
69.0406947143893,18.0853111547746,0.531027793455095,0.0862287031029683,0.0506419861496382,0.0286386479173579,-0.0157603740235324
69.1619370018405,18.115411744394,0.531027793455095,0.0862287031029683,0.0506419861496382,0.0350135843482065,-0.0205413965301755
69.2777756397208,18.151544552209,0.531027793455095,0.0862287031029683,0.0506419861496382,0.0296099347773726,-0.0145091783346363
69.3937612023201,18.1854929095656,0.531027793455095,0.0862287031029683,0.0506419861496382,0.0297568594963238,-0.0166936287931208
69.5091178284032,18.2238784553554,0.531027793455095,0.0862287031029683,0.0506419861496382,0.0291279229801198,-0.0122564403597654
69.6276949924383,18.2548528546167,0.531027793455095,0.0862287031029683,0.0506419861496382,0.0323484609321163,-0.0196675868884171
69.7459299612778,18.2890363230181,0.531027793455095,0.0862287031029683,0.0506419861496382,0.0320062657365519,-0.0164585177481786
69.8584004950815,18.3206931130374,0.531027793455095,0.0862287031029683,0.0506419861496382,0.0262418307007124,-0.0189851961303074
69.9698200328207,18.362012257657,0.531027793455095,0.0862287031029683,0.0506419861496382,0.0251908346362555,-0.00932284153007856
70.0729880600707,18.4042470710116,0.531027793455095,0.0862287031029683,0.0506419861496382,0.0169393241470388,-0.0084071727950068
70.1713870001546,18.4299059454351,0.531027793455095,0.0862287031029683,0.0506419861496382,0.0121702369808325,-0.0249831117261436
70.2662549735442,18.465159969903,0.531027793455095,0.0862287031029683,0.0506419861496382,0.00863927028671441,-0.0153879616817889
70.3685001109437,18.4972644513897,0.531027793455095,0.0862287031029683,0.0506419861496382,0.0160164342965032,-0.018537504662886
70.4693013254462,18.5274182188026,0.531027793455095,0.0862287031029683,0.0506419861496382,0.0145725113994537,-0.0204882187367783
70.5691664164912,18.5610224868263,0.531027793455095,0.0862287031029683,0.0506419861496382,0.0136363879420642,-0.0170377181259393
70.6670115593294,18.6081584647694,0.531027793455095,0.0862287031029683,0.0506419861496382,0.0116164397352421,-0.00350600820657831
70.7657723957793,18.6478773096726,0.531027793455095,0.0862287031029683,0.0506419861496382,0.0125321333469017,-0.0109231412463622
70.862565574803,18.6866915060792,0.531027793455095,0.0862287031029683,0.0506419861496382,0.0105644759207593,-0.0118277897430392
70.9535126477368,18.7195384719354,0.531027793455095,0.0862287031029683,0.0506419861496382,0.00471836983080465,-0.0177950202934909
71.0465269690163,18.7433252593778,0.531027793455095,0.0862287031029683,0.0506419861496382,0.00678561817655066,-0.0268551987072172
71.1414405098884,18.7715132091871,0.531027793455095,0.0862287031029683,0.0506419861496382,0.00868483776914175,-0.0224540363403083
71.240652784478,18.7972571176311,0.531027793455095,0.0862287031029683,0.0506419861496382,0.012983571486604,-0.024898077705652
71.3354584501901,18.8172088939226,0.531027793455095,0.0862287031029683,0.0506419861496382,0.0085769626090979,-0.0306902098581929
71.4287090503798,18.8384349430994,0.531027793455095,0.0862287031029683,0.0506419861496382,0.0070218970867657,-0.0294159369728515
71.5278733462993,18.856487360284,0.531027793455095,0.0862287031029683,0.0506419861496382,0.0129355928164685,-0.0325895689649514
71.6297721900183,18.8689948333542,0.531027793455095,0.0862287031029683,0.0506419861496382,0.0156701406160025,-0.0381345130794379
71.732387158974,18.8820849447102,0.531027793455095,0.0862287031029683,0.0506419861496382,0.0163862658528053,-0.0375518747936781
71.8244884706708,18.8916327879485,0.531027793455095,0.0862287031029683,0.0506419861496382,0.00587260859383676,-0.0410941429112999
71.9287425793285,18.9108139826471,0.531027793455095,0.0862287031029683,0.0506419861496382,0.0180254055546669,-0.0314607914510461
72.0258289028675,18.9239666506713,0.531027793455095,0.0862287031029683,0.0506419861496382,0.0108576204360098,-0.0374893181254503
72.1300792735955,18.9326100503119,0.531027793455095,0.0862287031029683,0.0506419861496382,0.0180216676250318,-0.0419985865091093
72.233155484921,18.9481752252592,0.531027793455095,0.0862287031029683,0.0506419861496382,0.0168475082225363,-0.0350768112022575
72.3342611706955,18.9605155466708,0.531027793455095,0.0862287031029683,0.0506419861496382,0.0148769826714812,-0.0383016647380465
72.4371338069023,18.9752575301206,0.531027793455095,0.0862287031029683,0.0506419861496382,0.0166439331038859,-0.0359000026998597
72.5415860443324,18.9827731094852,0.531027793455095,0.0862287031029683,0.0506419861496382,0.0182235343271131,-0.0431264067850101
72.6536610351499,18.9912986227941,0.531027793455095,0.0862287031029683,0.0506419861496382,0.0258462877145256,-0.042116472840803
72.76254503666,19.0045822737092,0.531027793455095,0.0862287031029683,0.0506419861496382,0.0226552984070914,-0.0373583352344831
72.8620822786781,19.0182755535035,0.531027793455095,0.0862287031029683,0.0506419861496382,0.0133085389151759,-0.0369487063553304
72.9666127315915,19.0304643008667,0.531027793455095,0.0862287031029683,0.0506419861496382,0.0183017498104192,-0.0384532387864915
73.0835590869532,19.0452162977546,0.531027793455095,0.0862287031029683,0.0506419861496382,0.0307176522587191,-0.0358899892617615
73.1935151099851,19.0553306724705,0.531027793455095,0.0862287031029683,0.0506419861496382,0.0237273199289376,-0.0405276114337347
73.3027282768883,19.0665971396991,0.531027793455095,0.0862287031029683,0.0506419861496382,0.0229844638002277,-0.0393755189209841
73.4061153603428,19.0794465974279,0.531027793455095,0.0862287031029683,0.0506419861496382,0.0171583803514892,-0.0377925284208143
73.5097115419449,19.0952165648583,0.531027793455095,0.0862287031029683,0.0506419861496382,0.017367478499132,-0.0348720187192697
73.6150591872296,19.1181430962647,0.531027793455095,0.0862287031029683,0.0506419861496382,0.0191189421817413,-0.0277154547432357
73.7201419684932,19.1379814895636,0.531027793455095,0.0862287031029683,0.0506419861496382,0.0188540781606079,-0.0308035928507095
73.8188302726796,19.1651640306224,0.531027793455095,0.0862287031029683,0.0506419861496382,0.0124596010834175,-0.0234594450909178
73.9191976534846,19.1806186886003,0.531027793455095,0.0862287031029683,0.0506419861496382,0.014138677702082,-0.0351873281717197
74.0147625996923,19.2056621717979,0.531027793455095,0.0862287031029683,0.0506419861496382,0.0093362431046593,-0.0255985029520627
74.121579877799,19.2434807409711,0.531027793455095,0.0862287031029683,0.0506419861496382,0.0205885750037851,-0.0128234169764117
74.2217858803612,19.2747243242958,0.531027793455095,0.0862287031029683,0.0506419861496382,0.01397729945921,-0.0193984028249616
74.3247900846762,19.3047717642085,0.531027793455095,0.0862287031029683,0.0506419861496382,0.016775501211999,-0.0205945462369517
74.434901581804,19.3371559003629,0.531027793455095,0.0862287031029683,0.0506419861496382,0.0238827940248818,-0.018257849995166
74.5371937307497,19.3728404543449,0.531027793455095,0.0862287031029683,0.0506419861496382,0.0160634458427324,-0.0149574321676784
74.6469530964647,19.4003766227887,0.531027793455095,0.0862287031029683,0.0506419861496382,0.0235306626119609,-0.0231058177057779
74.7569779763483,19.4259762872253,0.531027793455095,0.0862287031029683,0.0506419861496382,0.0237961767806425,-0.0250423217130766
74.8608912014549,19.4568369703615,0.531027793455095,0.0862287031029683,0.0506419861496382,0.0176845220035808,-0.0197813030134331
74.956211193894,19.4900511319943,0.531027793455095,0.0862287031029683,0.0506419861496382,0.00909128933620096,-0.0174278245168686
75.0625381771184,19.5233497202463,0.531027793455095,0.0862287031029683,0.0506419861496382,0.0200982801213776,-0.017343397897621
75.1645104838273,19.5584045772798,0.531027793455095,0.0862287031029683,0.0506419861496382,0.0157436036059089,-0.0155871291161738
75.2668122777686,19.5893579212057,0.531027793455095,0.0862287031029683,0.0506419861496382,0.0160730908383186,-0.0196886422237412
75.3670003344923,19.6138845890842,0.531027793455095,0.0862287031029683,0.0506419861496382,0.013959353620745,-0.0261153182711311
75.4673609431473,19.6284151850217,0.531027793455095,0.0862287031029683,0.0506419861496382,0.0141319055520164,-0.0361113902121168
75.5746562897376,19.6397135226305,0.531027793455095,0.0862287031029683,0.0506419861496382,0.0210666434873801,-0.0393436485407985
75.6746509700568,19.6525367768647,0.531027793455095,0.0862287031029683,0.0506419861496382,0.0137659772161349,-0.037818731915527
75.7781898923917,19.6641869465217,0.531027793455095,0.0862287031029683,0.0506419861496382,0.0173102192319732,-0.0389918164926009
75.886208906419,19.6801934340022,0.531027793455095,0.0862287031029683,0.0506419861496382,0.0217903109243203,-0.0346354986691235
75.986141755419,19.6931345480942,0.531027793455095,0.0862287031029683,0.0506419861496382,0.0137041458970053,-0.0377008720576182
76.0992157507788,19.7081241974986,0.531027793455095,0.0862287031029683,0.0506419861496382,0.0268452922567946,-0.0356523367453008
76.2125706321273,19.7150244441501,0.531027793455095,0.0862287031029683,0.0506419861496382,0.0271261782455205,-0.0437417394981114
76.3267414778721,19.7334734169402,0.531027793455095,0.0862287031029683,0.0506419861496382,0.0279421426418907,-0.0321930133595618
76.4363830634676,19.7542560197435,0.531027793455095,0.0862287031029683,0.0506419861496382,0.0234128824924689,-0.029859383346329
76.5514318208573,19.7814538288681,0.531027793455095,0.0862287031029683,0.0506419861496382,0.0288200542867791,-0.0234441770250289
76.6704745039327,19.8058356747678,0.531027793455095,0.0862287031029683,0.0506419861496382,0.0328139799724063,-0.0262601402499261
76.7842819749916,19.8320139385801,0.531027793455095,0.0862287031029683,0.0506419861496382,0.0275787679559798,-0.0244637223373729
76.8904673352666,19.8626359620272,0.531027793455095,0.0862287031029683,0.0506419861496382,0.0199566571719743,-0.0200199627024737
76.9925044253515,19.886900835246,0.531027793455095,0.0862287031029683,0.0506419861496382,0.0158083869819485,-0.0263771129308878
77.0892701097772,19.9155254138876,0.531027793455095,0.0862287031029683,0.0506419861496382,0.0105369813226979,-0.0220174075079793
77.185971056983,19.9429239768714,0.531027793455095,0.0862287031029683,0.0506419861496382,0.0104722441028713,-0.0232434231658551
77.2784192538421,19.9586416244601,0.531027793455095,0.0862287031029683,0.0506419861496382,0.00621949375609887,-0.0349243385609412
77.3713817203695,19.9777122184114,0.531027793455095,0.0862287031029683,0.0506419861496382,0.00673376342442111,-0.0315713921983214
77.4680470105589,19.9949304297883,0.531027793455095,0.0862287031029683,0.0506419861496382,0.0104365870864029,-0.0334237747727872
77.5577132319894,20.0087897596067,0.531027793455095,0.0862287031029683,0.0506419861496382,0.00343751832756567,-0.0367826563311962
77.6611020282676,20.0233137361385,0.531027793455095,0.0862287031029683,0.0506419861496382,0.0171600931751996,-0.0361180096179137
77.7593984602237,20.0402293053435,0.531027793455095,0.0862287031029683,0.0506419861496382,0.0120677288530615,-0.0337264169445959
77.8648613932787,20.0572789661542,0.531027793455095,0.0862287031029683,0.0506419861496382,0.0192342299520867,-0.0335923253389776
77.974881181259,20.0720048693967,0.531027793455095,0.0862287031029683,0.0506419861496382,0.0237910848772991,-0.0359160829070859
78.0769454845236,20.0861445815831,0.531027793455095,0.0862287031029683,0.0506419861496382,0.0158356001616333,-0.0365022739632916
78.1846443502379,20.1032993698474,0.531027793455095,0.0862287031029683,0.0506419861496382,0.0214701626113118,-0.0334871978853446
78.2986700739829,20.1222810590322,0.531027793455095,0.0862287031029683,0.0506419861496382,0.0277970206420264,-0.0316602969647537
78.4092547551184,20.1486430751743,0.531027793455095,0.0862287031029683,0.0506419861496382,0.0243559780324887,-0.0242799700075533
78.5112858896804,20.1770519120944,0.531027793455095,0.0862287031029683,0.0506419861496382,0.0158024314591039,-0.0222331492296064
78.6114946225802,20.1938525041601,0.531027793455095,0.0862287031029683,0.0506419861496382,0.0139800297967483,-0.0338413940839359
78.7153456506147,20.2166218188834,0.531027793455095,0.0862287031029683,0.0506419861496382,0.0176223249316116,-0.0278726714262749
78.8184079385251,20.231911190871,0.531027793455095,0.0862287031029683,0.0506419861496382,0.0168335848073831,-0.0353526141620577
78.9358252135594,20.2471170647732,0.531027793455095,0.0862287031029683,0.0506419861496382,0.031188571931331,-0.03543611224746
79.0439008033241,20.2700029463765,0.531027793455095,0.0862287031029683,0.0506419861496382,0.0218468866616988,-0.0277561045463575
79.1552198701395,20.2989474472035,0.531027793455095,0.0862287031029683,0.0506419861496382,0.0250903637124331,-0.0216974853225658
79.2661466731889,20.3253152587159,0.531027793455095,0.0862287031029683,0.0506419861496382,0.0246980999463879,-0.024274174637231
79.3768439146064,20.3476161216591,0.531027793455095,0.0862287031029683,0.0506419861496382,0.0244685383145224,-0.028341123206463
79.4925179803717,20.3654541055485,0.531027793455095,0.0862287031029683,0.0506419861496382,0.0294453626623472,-0.0328040022602991
79.6201238011579,20.3828670960918,0.531027793455095,0.0862287031029683,0.0506419861496382,0.0413771176832611,-0.0332289956063452
79.7384128593106,20.402962142899,0.531027793455095,0.0862287031029683,0.0506419861496382,0.0320603550496585,-0.0305469393423667
79.8645131556052,20.4297082200592,0.531027793455095,0.0862287031029683,0.0506419861496382,0.0398715931916733,-0.0238959089894202
79.9922224921405,20.4388349367686,0.531027793455095,0.0862287031029683,0.0506419861496382,0.041480633432311,-0.0415152694402714
80.1130987030265,20.4474695594692,0.531027793455095,0.0862287031029683,0.0506419861496382,0.0346475077830135,-0.0420073634490201
80.2312013919701,20.4575985522754,0.531027793455095,0.0862287031029683,0.0506419861496382,0.0318739858406616,-0.0405129933434569
80.3542893849983,20.4782236346985,0.531027793455095,0.0862287031029683,0.0506419861496382,0.0368592899251965,-0.0300169037265405
80.4798921259162,20.4982631515276,0.531027793455095,0.0862287031029683,0.0506419861496382,0.0393740378149445,-0.0306024693205984
80.6038241834521,20.517049197902,0.531027793455095,0.0862287031029683,0.0506419861496382,0.0377033544329599,-0.0318559397752001
80.7311242183109,20.5281474700253,0.531027793455095,0.0862287031029683,0.0506419861496382,0.0410713317557949,-0.0395437140263422
80.8624921527886,20.543785202266,0.531027793455095,0.0862287031029683,0.0506419861496382,0.0451392313747725,-0.0350042539089284
80.9924363073332,20.549221894559,0.531027793455095,0.0862287031029683,0.0506419861496382,0.0437154514415674,-0.0452052938566769
81.1123423116986,20.5691957169313,0.531027793455095,0.0862287031029683,0.0506419861496382,0.0336773012624718,-0.0306681637773121
81.2329919823996,20.5910200162359,0.531027793455095,0.0862287031029683,0.0506419861496382,0.0344209675979954,-0.0288176868449952
81.3505959672192,20.6243582277954,0.531027793455095,0.0862287031029683,0.0506419861496382,0.0313752817166701,-0.017303774590145
81.4668946694743,20.6439426683026,0.531027793455095,0.0862287031029683,0.0506419861496382,0.0300699991520972,-0.0310575456424314
81.5756560014763,20.6607123880041,0.531027793455095,0.0862287031029683,0.0506419861496382,0.022532628899036,-0.0338722664481228
81.681706089802,20.6743816733975,0.531027793455095,0.0862287031029683,0.0506419861496382,0.0198213852226559,-0.0369727007563192
81.7873610779918,20.6929185499189,0.531027793455095,0.0862287031029683,0.0506419861496382,0.019426285086876,-0.0321051096281959
81.890878712373,20.7107576395991,0.531027793455095,0.0862287031029683,0.0506419861496382,0.0172889312781628,-0.0328028964694145
81.9890470008884,20.716341977411,0.531027793455095,0.0862287031029683,0.0506419861496382,0.0119395854124278,-0.0450576483377318
82.0974541793251,20.7289078231329,0.531027793455095,0.0862287031029683,0.0506419861496382,0.0221784753337246,-0.0380761404278314
82.209934598104,20.7466272745269,0.531027793455095,0.0862287031029683,0.0506419861496382,0.0262517156759046,-0.0329225347555422
82.3281423290517,20.7677012675842,0.531027793455095,0.0862287031029683,0.0506419861496382,0.0319790278448053,-0.0295679930924369
82.4382158090321,20.7921830479292,0.531027793455095,0.0862287031029683,0.0506419861496382,0.0238447768774428,-0.0261602058045725
82.5554293750479,20.8224103667438,0.531027793455095,0.0862287031029683,0.0506419861496382,0.0309848629127458,-0.0204146673350216
82.6663912997524,20.8507450400556,0.531027793455095,0.0862287031029683,0.0506419861496382,0.0247332216015934,-0.0223073128378797
82.7861254325241,20.8761337649409,0.531027793455095,0.0862287031029683,0.0506419861496382,0.0335054296686721,-0.0252532612642984
82.9009179214082,20.9027405221733,0.531027793455095,0.0862287031029683,0.0506419861496382,0.0285637857811771,-0.0240352289172545
83.0270456466685,20.9380021998602,0.531027793455095,0.0862287031029683,0.0506419861496382,0.0398990221573428,-0.0153803084627455
83.1502653383504,20.9675509349692,0.531027793455095,0.0862287031029683,0.0506419861496382,0.0369909885788964,-0.0210932510406501
83.2732627682735,20.9978132500757,0.531027793455095,0.0862287031029683,0.0506419861496382,0.0367687268201315,-0.0203796710431128
83.3867796651094,21.0190032932803,0.531027793455095,0.0862287031029683,0.0506419861496382,0.0272881937329004,-0.029451942945018
83.4965695293596,21.0473889589557,0.531027793455095,0.0862287031029683,0.0506419861496382,0.0235611611472315,-0.0222563204742734
83.6117185748234,21.0735509858975,0.531027793455095,0.0862287031029683,0.0506419861496382,0.0289203423608129,-0.024479959207838
83.72571834831,21.1010158136186,0.531027793455095,0.0862287031029683,0.0506419861496382,0.0277710703835936,-0.023177158428604
83.8409754655725,21.130301561152,0.531027793455095,0.0862287031029683,0.0506419861496382,0.0290284141595762,-0.0213562386161872
83.9529484491674,21.1614452627422,0.531027793455095,0.0862287031029683,0.0506419861496382,0.0257442804918675,-0.0194982845594769
84.0689149353442,21.1787151896442,0.531027793455095,0.0862287031029683,0.0506419861496382,0.0297377830739016,-0.0333720592476485
84.1910289285853,21.1917267415645,0.531027793455095,0.0862287031029683,0.0506419861496382,0.035885290138129,-0.0376304342292624
84.311848468575,21.2122082427453,0.531027793455095,0.0862287031029683,0.0506419861496382,0.034590836886693,-0.0301604849688353
84.4332207013873,21.2277258194996,0.531027793455095,0.0862287031029683,0.0506419861496382,0.0351435297093552,-0.0351244093953902
84.5465284980276,21.249814399111,0.531027793455095,0.0862287031029683,0.0506419861496382,0.0270790935373242,-0.0285534065382613
84.6579422579861,21.2763639881677,0.531027793455095,0.0862287031029683,0.0506419861496382,0.025185056855463,-0.0240923970929412
84.7614853773025,21.30762980549,0.531027793455095,0.0862287031029683,0.0506419861496382,0.0173144162135124,-0.0193761688272946
84.8768126303134,21.3360699129253,0.531027793455095,0.0862287031029683,0.0506419861496382,0.0290985499079106,-0.0222018787143128
84.9868811797184,21.3671187501163,0.531027793455095,0.0862287031029683,0.0506419861496382,0.0238398463019855,-0.0195931489586236
85.096030658098,21.3928378269616,0.531027793455095,0.0862287031029683,0.0506419861496382,0.022920775276642,-0.024922909304351
85.2097186856969,21.4189516028716,0.531027793455095,0.0862287031029683,0.0506419861496382,0.0274593244959007,-0.0245282102396462
85.3299708684921,21.4426294297603,0.531027793455095,0.0862287031029683,0.0506419861496382,0.0340234796921983,-0.026964159260956
85.4377759556749,21.4730173962507,0.531027793455095,0.0862287031029683,0.0506419861496382,0.0215763840799141,-0.0202540196592462
85.5466791290911,21.4960719892496,0.531027793455095,0.0862287031029683,0.0506419861496382,0.0226744703132269,-0.0275873931507729
85.659355551116,21.5259762325961,0.531027793455095,0.0862287031029683,0.0506419861496382,0.0264477189219186,-0.020737742803151
85.7607414143964,21.5522546785246,0.531027793455095,0.0862287031029683,0.0506419861496382,0.0151571601773881,-0.0243635402211186
85.8625468180119,21.5638189614918,0.531027793455095,0.0862287031029683,0.0506419861496382,0.015576700512554,-0.0390777031823948
85.9703687576273,21.5840571095534,0.531027793455095,0.0862287031029683,0.0506419861496382,0.0215932365124303,-0.0304038380880201
86.0723436190142,21.6085507244005,0.531027793455095,0.0862287031029683,0.0506419861496382,0.0157461582838714,-0.0261483713025381
86.1874711680221,21.6352282390996,0.531027793455095,0.0862287031029683,0.0506419861496382,0.0288988459049087,-0.0239644714505953
86.3045704803729,21.6641511124094,0.531027793455095,0.0862287031029683,0.0506419861496382,0.030870609247863,-0.0217191128397829
86.4192283199796,21.6828962924504,0.531027793455095,0.0862287031029683,0.0506419861496382,0.0284291365037141,-0.0318968061086782
86.5344293100272,21.6957642406451,0.531027793455095,0.0862287031029683,0.0506419861496382,0.0289722869446862,-0.0377740379549802
86.6541327907056,21.7152530554608,0.531027793455095,0.0862287031029683,0.0506419861496382,0.0334747775754174,-0.0311531713339068
86.767535659662,21.7431560780425,0.531027793455095,0.0862287031029683,0.0506419861496382,0.0271741658533884,-0.0227389635679582
86.8861875548544,21.7693097529126,0.531027793455095,0.0862287031029683,0.0506419861496382,0.0324231920894285,-0.024488311279514
86.9982184390866,21.7976492007681,0.531027793455095,0.0862287031029683,0.0506419861496382,0.0258021811292686,-0.0223025382941628
87.1268359039837,21.8162480016935,0.531027793455095,0.0862287031029683,0.0506419861496382,0.042388761794097,-0.0320431852242464
87.2564426631233,21.8364818566303,0.531027793455095,0.0862287031029683,0.0506419861496382,0.043378056036584,-0.0304081312127984
87.3905624333001,21.8456748169301,0.531027793455095,0.0862287031029683,0.0506419861496382,0.0478910670738948,-0.0414490258498041
87.5290131392461,21.8568990086817,0.531027793455095,0.0862287031029683,0.0506419861496382,0.0522220028429707,-0.0394177943980267
87.6537450752353,21.8733563424229,0.531027793455095,0.0862287031029683,0.0506419861496382,0.0385032328862813,-0.034184652408495
87.7805159244886,21.8862407809789,0.531027793455095,0.0862287031029683,0.0506419861496382,0.0405421461503117,-0.0377575475936069
87.9109093425536,21.907831976302,0.531027793455095,0.0862287031029683,0.0506419861496382,0.0441647149619975,-0.0290507908265667
88.047052579214,21.922283985063,0.531027793455095,0.0862287031029683,0.0506419861496382,0.0499145335574482,-0.0361899773886627
88.1665762408629,21.9402503271411,0.531027793455095,0.0862287031029683,0.0506419861496382,0.0332949585458842,-0.0326756440714675
88.2939202997342,21.9577018546918,0.531027793455095,0.0862287031029683,0.0506419861496382,0.0411153557683299,-0.0331904585989875
88.4291365295187,21.9742477977218,0.531027793455095,0.0862287031029683,0.0506419861496382,0.0489875266814934,-0.0340960431196358
88.5551056474263,21.9854356361233,0.531027793455095,0.0862287031029683,0.0506419861496382,0.039740414804637,-0.0394541477481454
88.6765703272951,22.0052984970207,0.531027793455095,0.0862287031029683,0.0506419861496382,0.0352359767657902,-0.0307791252522414
88.8010834213709,22.0264695562487,0.531027793455095,0.0862287031029683,0.0506419861496382,0.0382843909729118,-0.0294709269216611
88.9266480240679,22.0406886455011,0.531027793455095,0.0862287031029683,0.0506419861496382,0.0393358995940041,-0.0364228968972427
89.0495020193159,22.0488769686776,0.531027793455095,0.0862287031029683,0.0506419861496382,0.0366252921449437,-0.0424536629731342
89.1759497150603,22.0657476540164,0.531027793455095,0.0862287031029683,0.0506419861496382,0.0402189926415168,-0.0337713008107592
89.301493396781,22.0820546207448,0.531027793455095,0.0862287031029683,0.0506419861496382,0.0393149786176643,-0.0343350194212562
89.4242704869513,22.092193045022,0.531027793455095,0.0862287031029683,0.0506419861496382,0.0365483870672989,-0.0405035618724376
89.5510349716106,22.1046484906487,0.531027793455095,0.0862287031029683,0.0506419861496382,0.0405357815563399,-0.0381865405229753
89.6846198642587,22.1209811602984,0.531027793455095,0.0862287031029683,0.0506419861496382,0.0473561895451056,-0.0343093164999111
89.8144670605907,22.1304505804748,0.531027793455095,0.0862287031029683,0.0506419861496382,0.0436184932291042,-0.0411725659732305
89.9393724903977,22.1502065036618,0.531027793455095,0.0862287031029683,0.0506419861496382,0.0386767267040007,-0.0308860629626473
90.0736357673818,22.1704684018713,0.531027793455095,0.0862287031029683,0.0506419861496382,0.0480345738811003,-0.0303800879401841
90.2078557978414,22.1891836067508,0.531027793455095,0.0862287031029683,0.0506419861496382,0.0479913273566659,-0.0319267812700943
90.3382318738713,22.2082404966194,0.531027793455095,0.0862287031029683,0.0506419861496382,0.0441473729269184,-0.0315850962810842
90.4638272439996,22.2214012758016,0.531027793455095,0.0862287031029683,0.0506419861496382,0.0393666670253303,-0.0374812069674348
90.5891963184119,22.2365397989992,0.531027793455095,0.0862287031029683,0.0506419861496382,0.0391403713093403,-0.0355034629520574
90.7065283825875,22.2544932165305,0.531027793455095,0.0862287031029683,0.0506419861496382,0.0311033610725708,-0.0326885686182941
90.8266546673371,22.2716924064283,0.531027793455095,0.0862287031029683,0.0506419861496382,0.033897581646638,-0.0334427962518689
90.9471634664924,22.2984089120656,0.531027793455095,0.0862287031029683,0.0506419861496382,0.0342800960523277,-0.0239254805123252
91.0658078887728,22.3171489352974,0.531027793455095,0.0862287031029683,0.0506419861496382,0.0324157191774184,-0.0319019629178676
91.1806995671006,22.3327140465083,0.531027793455095,0.0862287031029683,0.0506419861496382,0.0286629752248402,-0.0350768749386567
91.3019546474017,22.3466452991361,0.531027793455095,0.0862287031029683,0.0506419861496382,0.0350263771980721,-0.0367107335218684
91.4153479988877,22.3548544342522,0.531027793455095,0.0862287031029683,0.0506419861496382,0.027164648383053,-0.042432851033567
91.5400760145869,22.3631000214463,0.531027793455095,0.0862287031029683,0.0506419861496382,0.0384993125962367,-0.042396398955507
91.6598576561062,22.3759922514067,0.531027793455095,0.0862287031029683,0.0506419861496382,0.033552938416296,-0.0377497561892994
91.7847497050327,22.383433506269,0.531027793455095,0.0862287031029683,0.0506419861496382,0.0386633458235792,-0.0432007312873459
91.906315108907,22.3988211609639,0.531027793455095,0.0862287031029683,0.0506419861496382,0.0353367007713068,-0.0352543314547056
92.0302198572497,22.4164585137625,0.531027793455095,0.0862287031029683,0.0506419861496382,0.0376760452396994,-0.0330046333510481
92.1557103962013,22.428906719973,0.531027793455095,0.0862287031029683,0.0506419861496382,0.0392618358486132,-0.0381937799390926
92.2873606575797,22.4437557353349,0.531027793455095,0.0862287031029683,0.0506419861496382,0.0454215582754145,-0.0357929707878029
92.4118823813621,22.4635997451064,0.531027793455095,0.0862287031029683,0.0506419861496382,0.0382930206794647,-0.0307979763780821
92.5341326340779,22.4797154455199,0.531027793455095,0.0862287031029683,0.0506419861496382,0.0360215496128227,-0.0345262857361526
92.6522826392774,22.5012600481318,0.531027793455095,0.0862287031029683,0.0506419861496382,0.0319213020964888,-0.0290973835377493
92.7652656525912,22.5242331627146,0.531027793455095,0.0862287031029683,0.0506419861496382,0.0267543102108831,-0.0276688715668136
92.8764623096974,22.5352625192702,0.531027793455095,0.0862287031029683,0.0506419861496382,0.0249679540031948,-0.0396126295940462
92.9904490405924,22.5529538947263,0.531027793455095,0.0862287031029683,0.0506419861496382,0.0277580277920499,-0.0329506106935114
93.1081968600475,22.5520218624534,0.531027793455095,0.0862287031029683,0.0506419861496382,0.0315191163520758,-0.0515740184226203
93.2329755676471,22.5551498249521,0.531027793455095,0.0862287031029683,0.0506419861496382,0.038550004496642,-0.0475140236509333
93.353350255729,22.5619921445846,0.531027793455095,0.0862287031029683,0.0506419861496382,0.03414598497897,-0.043799666517117
93.4716259748004,22.5742464699398,0.531027793455095,0.0862287031029683,0.0506419861496382,0.0320470159684021,-0.038387660794406
93.5856401631401,22.5835788696406,0.531027793455095,0.0862287031029683,0.0506419861496382,0.027785485236727,-0.0413095864489037
93.6934140764497,22.5963212185395,0.531027793455095,0.0862287031029683,0.0506419861496382,0.0215452102066287,-0.0378996372507068
93.8056157273523,22.6001770810195,0.531027793455095,0.0862287031029683,0.0506419861496382,0.0259729477996196,-0.0467861236696407
93.9233211209629,22.606388533793,0.531027793455095,0.0862287031029683,0.0506419861496382,0.0314766905076596,-0.0444305333760973
94.0350975302922,22.6147037016759,0.531027793455095,0.0862287031029683,0.0506419861496382,0.0255477062263338,-0.0423268182668011
94.1430617022385,22.6169638950971,0.531027793455095,0.0862287031029683,0.0506419861496382,0.0217354688432891,-0.0483817927284527
94.2455868553928,22.6217806295814,0.531027793455095,0.0862287031029683,0.0506419861496382,0.0162964500512999,-0.0458252516653133
94.3588847266158,22.6236259179721,0.531027793455095,0.0862287031029683,0.0506419861496382,0.0270691681200397,-0.0487966977589309
94.4682774659358,22.6217301034546,0.531027793455095,0.0862287031029683,0.0506419861496382,0.0231640362170715,-0.0525378006670749
94.5793333109616,22.632340556597,0.531027793455095,0.0862287031029683,0.0506419861496382,0.0248271419228168,-0.0400315330072409
94.6965186957815,22.6469500199287,0.531027793455095,0.0862287031029683,0.0506419861496382,0.0309566817169227,-0.0360325228179441
94.8108244919847,22.6604908221943,0.531027793455095,0.0862287031029683,0.0506419861496382,0.028077093100169,-0.0371011838841113
94.9270072139498,22.6813880194783,0.531027793455095,0.0862287031029683,0.0506419861496382,0.0299540188621137,-0.0297447888655995
95.0420086318336,22.6950463193155,0.531027793455095,0.0862287031029683,0.0506419861496382,0.0287727147808994,-0.0369836863124817
95.1634548223655,22.6953996345381,0.531027793455095,0.0862287031029683,0.0506419861496382,0.0352174874288664,-0.0502886709269568
95.2860544193538,22.6951024448057,0.531027793455095,0.0862287031029683,0.0506419861496382,0.0363708938853691,-0.0509391758820925
95.407609006024,22.6955722672565,0.531027793455095,0.0862287031029683,0.0506419861496382,0.0353258835672428,-0.0501721636988499
95.5237936123341,22.6952433389398,0.531027793455095,0.0862287031029683,0.0506419861496382,0.0299559032071457,-0.0509709144663688
95.6356277338959,22.7026233800987,0.531027793455095,0.0862287031029683,0.0506419861496382,0.0256054184587349,-0.0432619449906433
95.7427745880244,22.7097849026282,0.531027793455095,0.0862287031029683,0.0506419861496382,0.0209181510255654,-0.0434804636202273
95.8458969672552,22.7205436544158,0.531027793455095,0.0862287031029683,0.0506419861496382,0.0168936761278218,-0.0398832343620015
95.9521606845552,22.7371281353328,0.531027793455095,0.0862287031029683,0.0506419861496382,0.0200350141970205,-0.0340575052326528
96.0639549348098,22.7534616464583,0.531027793455095,0.0862287031029683,0.0506419861496382,0.0255655471516185,-0.0343084750241189
96.1692714746846,22.7637886106418,0.531027793455095,0.0862287031029683,0.0506419861496382,0.019087836771817,-0.0403150219661228
96.2791028342451,22.7624484174588,0.531027793455095,0.0862287031029683,0.0506419861496382,0.0236026564575411,-0.0519821793326898
96.3868448649506,22.7686394606475,0.531027793455095,0.0862287031029683,0.0506419861496382,0.0215133276025021,-0.0444509429609106
96.5017215727425,22.7802433775751,0.531027793455095,0.0862287031029683,0.0506419861496382,0.0286480046889785,-0.0390380692220873
96.6182764981844,22.7954324081733,0.531027793455095,0.0862287031029683,0.0506419861496382,0.0303262223389211,-0.0354529555513956
96.7425916713838,22.8099728233471,0.531027793455095,0.0862287031029683,0.0506419861496382,0.0380864700963919,-0.0361015709758163
96.8622896240378,22.8218452329443,0.531027793455095,0.0862287031029683,0.0506419861496382,0.0334692495510573,-0.0387695765524789
96.9772712478174,22.8363865338499,0.531027793455095,0.0862287031029683,0.0506419861496382,0.0287529206765456,-0.0361006852440227
97.0952276216458,22.851178478924,0.531027793455095,0.0862287031029683,0.0506419861496382,0.0317276707254592,-0.0358500410754878
97.2138782486853,22.860439137753,0.531027793455095,0.0862287031029683,0.0506419861496382,0.0324219239365355,-0.0413813273206642
97.3293324883988,22.8700557141084,0.531027793455095,0.0862287031029683,0.0506419861496382,0.0292255366105323,-0.0410254097942762
97.4358541097481,22.8824288736632,0.531027793455095,0.0862287031029683,0.0506419861496382,0.0202929182463443,-0.038268826594809
97.5446209930525,22.8877656890484,0.531027793455095,0.0862287031029683,0.0506419861496382,0.0225381802014404,-0.0453051707644576
97.6548757367417,22.8987224169617,0.531027793455095,0.0862287031029683,0.0506419861496382,0.0240260405861612,-0.0396852582363252
97.7756457137061,22.9080059243022,0.531027793455095,0.0862287031029683,0.0506419861496382,0.0345412738614002,-0.0413584788091548
97.8976856958626,22.9160177594717,0.531027793455095,0.0862287031029683,0.0506419861496382,0.0358112790535685,-0.042630150980159
98.0257246763157,22.9233195014835,0.531027793455095,0.0862287031029683,0.0506419861496382,0.0418102773500948,-0.0433402441378519
98.1596843435346,22.9345135698295,0.531027793455095,0.0862287031029683,0.0506419861496382,0.04773096411596,-0.0394479178035532
98.2854370862811,22.9486931081444,0.531027793455095,0.0862287031029683,0.0506419861496382,0.0395240396435064,-0.0364624478347757
98.4016919108216,22.9623989991889,0.531027793455095,0.0862287031029683,0.0506419861496382,0.0300261214375332,-0.0369360951051725
98.5088527317882,22.9753061412776,0.531027793455095,0.0862287031029683,0.0506419861496382,0.0209321178636053,-0.0377348440609531
98.626757476808,22.9916705842329,0.531027793455095,0.0862287031029683,0.0506419861496382,0.0316760419168283,-0.0342775431942499
98.7320270710439,23.0032256549462,0.531027793455095,0.0862287031029683,0.0506419861496382,0.0190408911329385,-0.039086915436382
98.8392166956824,23.0170581468798,0.531027793455095,0.0862287031029683,0.0506419861496382,0.0209609215355684,-0.0368094942160511
98.9440320941144,23.0315345809913,0.531027793455095,0.0862287031029683,0.0506419861496382,0.0185866953290095,-0.0361655520381063
99.0573436603842,23.0443582903932,0.531027793455095,0.0862287031029683,0.0506419861496382,0.0270828631668145,-0.0378182767477924
99.1687004108097,23.0566237698194,0.531027793455095,0.0862287031029683,0.0506419861496382,0.0251280473225641,-0.0383765067234307
99.2763704292133,23.0762611760868,0.531027793455095,0.0862287031029683,0.0506419861496382,0.0214413153005317,-0.0310045798822536
99.3881056439195,23.091672685311,0.531027793455095,0.0862287031029683,0.0506419861496382,0.0255065116032434,-0.0352304769254381
99.507856879198,23.1091865387483,0.531027793455095,0.0862287031029683,0.0506419861496382,0.0335225321755139,-0.0331281327123207
99.6191442534404,23.1173271391703,0.531027793455095,0.0862287031029683,0.0506419861496382,0.0250586711394334,-0.042501385727661
99.726712568687,23.1280609099276,0.531027793455095,0.0862287031029683,0.0506419861496382,0.0213396121436169,-0.0399082153923302
99.8497446791054,23.1482494635078,0.531027793455095,0.0862287031029683,0.0506419861496382,0.0368034073154355,-0.0304534325693737
99.9684022398547,23.1688627500604,0.531027793455095,0.0862287031029683,0.0506419861496382,0.0324288576463978,-0.0300286995970787
100.086833472604,23.1825194373686,0.531027793455095,0.0862287031029683,0.0506419861496382,0.032202529646689,-0.0369852988413903
100.202264387916,23.196184707363,0.531027793455095,0.0862287031029683,0.0506419861496382,0.0292022122083715,-0.0369767161552588
100.32289559161,23.2103282131541,0.531027793455095,0.0862287031029683,0.0506419861496382,0.0344025005913231,-0.0364984803585884
100.440542107474,23.2137309218297,0.531027793455095,0.0862287031029683,0.0506419861496382,0.0314178127609352,-0.0472392774740023
100.554535715784,23.2192482337539,0.531027793455095,0.0862287031029683,0.0506419861496382,0.0277649052066558,-0.0451246742254874
100.670618295091,23.2182762364343,0.531027793455095,0.0862287031029683,0.0506419861496382,0.0298538762039904,-0.0516139834692417
100.779431954748,23.2173156639884,0.531027793455095,0.0862287031029683,0.0506419861496382,0.0225849565539882,-0.0516025585955298
100.887814000699,23.2101641784131,0.531027793455095,0.0862287031029683,0.0506419861496382,0.0221533428484619,-0.0577934717248958
100.986765899062,23.2143925828763,0.531027793455095,0.0862287031029683,0.0506419861496382,0.0127231952603104,-0.0464135816864513
101.087388438672,23.2212759081374,0.531027793455095,0.0862287031029683,0.0506419861496382,0.0143938365062937,-0.0437586608885034
101.194221094085,23.2239446702503,0.531027793455095,0.0862287031029683,0.0506419861496382,0.0206039523106121,-0.04797322403682
101.306382866663,23.2394180730019,0.531027793455095,0.0862287031029683,0.0506419861496382,0.0259330694744833,-0.0351685833979722
101.420938920441,23.2457732600278,0.531027793455095,0.0862287031029683,0.0506419861496382,0.0283273506749957,-0.0442867991237677
101.529191940514,23.24563008636,0.531027793455095,0.0862287031029683,0.0506419861496382,0.0220243169708354,-0.0507851598174156
101.635434283157,23.2513077892302,0.531027793455095,0.0862287031029683,0.0506419861496382,0.0200136395400214,-0.0449642832794233
101.74029715526,23.2603226362574,0.531027793455095,0.0862287031029683,0.0506419861496382,0.0186341689995224,-0.041627139122479
101.850277949671,23.2680447645484,0.531027793455095,0.0862287031029683,0.0506419861496382,0.0237520913080864,-0.0429198578585854
101.958621914929,23.2765420187385,0.531027793455095,0.0862287031029683,0.0506419861496382,0.0221152621550864,-0.0421447319595707
102.068816496866,23.282489598856,0.531027793455095,0.0862287031029683,0.0506419861496382,0.0239658788338559,-0.0446944060321783
102.184136279734,23.2874333218632,0.531027793455095,0.0862287031029683,0.0506419861496382,0.0290910797648252,-0.0456982631423806
102.295638652601,23.2920956817851,0.531027793455095,0.0862287031029683,0.0506419861496382,0.0252736697639548,-0.0459796262277905
102.414408709407,23.2961621766937,0.531027793455095,0.0862287031029683,0.0506419861496382,0.0325413537033477,-0.0465754912410041
102.530917376839,23.3094240992253,0.531027793455095,0.0862287031029683,0.0506419861496382,0.0302799643295444,-0.0373800636180803
102.654299544916,23.31352896799,0.531027793455095,0.0862287031029683,0.0506419861496382,0.0371534649737768,-0.0465371173849647
102.778565637211,23.315729050251,0.531027793455095,0.0862287031029683,0.0506419861496382,0.0380373891917962,-0.0484419038885839
102.895797477538,23.3190675144218,0.531027793455095,0.0862287031029683,0.0506419861496382,0.0310031372242321,-0.0473035219788578
103.019121788132,23.324686166008,0.531027793455095,0.0862287031029683,0.0506419861496382,0.037095607491235,-0.0450233345634032
103.134485496924,23.3406821037432,0.531027793455095,0.0862287031029683,0.0506419861496382,0.0291350056891133,-0.034646048414416
103.250118226484,23.3545959875254,0.531027793455095,0.0862287031029683,0.0506419861496382,0.0294040264567137,-0.036728102367487
103.362910157938,23.377806693586,0.531027793455095,0.0862287031029683,0.0506419861496382,0.0265632283504758,-0.0274312800890542
103.483264910113,23.4004023343157,0.531027793455095,0.0862287031029683,0.0506419861496382,0.0341260490723485,-0.0280463454199129
103.602815411167,23.4265068512119,0.531027793455095,0.0862287031029683,0.0506419861496382,0.0333217979515439,-0.0245374692534952
103.721554754368,23.4472284384143,0.531027793455095,0.0862287031029683,0.0506419861496382,0.0325106400974668,-0.0299203989471657
103.842883439575,23.4691281241919,0.531027793455095,0.0862287031029683,0.0506419861496382,0.0350999821042706,-0.0287423003720662
103.957558989928,23.4937836314855,0.531027793455095,0.0862287031029683,0.0506419861496382,0.028446847250148,-0.0259864788560478
104.063317693646,23.5265260555458,0.531027793455095,0.0862287031029683,0.0506419861496382,0.0195300006145516,-0.0178995620893154
104.166053063786,23.5546375582435,0.531027793455095,0.0862287031029683,0.0506419861496382,0.0165066670370422,-0.0225304834519733
104.284833252641,23.585482489816,0.531027793455095,0.0862287031029683,0.0506419861496382,0.0325514857523999,-0.01979705457709
104.390367436778,23.6183318857382,0.531027793455095,0.0862287031029683,0.0506419861496382,0.0193054810342446,-0.0177925902274403
104.499637414022,23.6434995946498,0.531027793455095,0.0862287031029683,0.0506419861496382,0.0230412741409012,-0.0254742772380929
104.608797780945,23.6735433500046,0.531027793455095,0.0862287031029683,0.0506419861496382,0.0229316638199393,-0.0205982307948318
104.71211430594,23.6942659715104,0.531027793455095,0.0862287031029683,0.0506419861496382,0.0170878218923995,-0.0299193646437885
104.826930918033,23.7285569168319,0.531027793455095,0.0862287031029683,0.0506419861496382,0.0285879089893477,-0.0163510408281589
104.941123947793,23.748708328102,0.531027793455095,0.0862287031029683,0.0506419861496382,0.0279643266568712,-0.030490574879515
105.048476847213,23.7703207650554,0.531027793455095,0.0862287031029683,0.0506419861496382,0.0211241963178033,-0.0290295491963235
105.146428038409,23.7984933449182,0.531027793455095,0.0862287031029683,0.0506419861496382,0.0117224880921114,-0.0224694062868025
105.249024101434,23.8248720381568,0.531027793455095,0.0862287031029683,0.0506419861496382,0.0163673599225262,-0.0242632929110549
105.346261710202,23.8463631614161,0.531027793455095,0.0862287031029683,0.0506419861496382,0.0110089056653244,-0.0291508628903365
105.441150744013,23.8658637962517,0.531027793455095,0.0862287031029683,0.0506419861496382,0.00866033070755634,-0.0311413513140231
105.541244410856,23.8847904014568,0.531027793455095,0.0862287031029683,0.0506419861496382,0.0138649637403141,-0.0317153809445188
105.64557717562,23.9009051214486,0.531027793455095,0.0862287031029683,0.0506419861496382,0.0181040616607646,-0.0345272661578093
105.762248422697,23.917696278515,0.531027793455095,0.0862287031029683,0.0506419861496382,0.0304425439745977,-0.0338508290832777
105.870686805337,23.9287721490098,0.531027793455095,0.0862287031029683,0.0506419861496382,0.0222096795368714,-0.0395661156548606
105.970845941143,23.9418555268171,0.531027793455095,0.0862287031029683,0.0506419861496382,0.0139304327029564,-0.03755860834233
106.071396887541,23.9588403122834,0.531027793455095,0.0862287031029683,0.0506419861496382,0.014322243294572,-0.0336572006833116
106.175389365379,23.9753179266476,0.531027793455095,0.0862287031029683,0.0506419861496382,0.0177637747351724,-0.0341643717854403
106.274311766282,23.9901434762093,0.531027793455095,0.0862287031029683,0.0506419861496382,0.0126936978000813,-0.0358164365879148
106.374928002507,24.0014253371646,0.531027793455095,0.0862287031029683,0.0506419861496382,0.0143875331218233,-0.0393601251943387
106.474349616063,24.0148948625492,0.531027793455095,0.0862287031029683,0.0506419861496382,0.0131929104528581,-0.0371724607650421
106.567927510748,24.0376058451931,0.531027793455095,0.0862287031029683,0.0506419861496382,0.00734919158225367,-0.0279310035057527
106.673134336821,24.0586470817615,0.531027793455095,0.0862287031029683,0.0506419861496382,0.0189781229698553,-0.0296007495812525
106.767307296735,24.0786092543743,0.531027793455095,0.0862287031029683,0.0506419861496382,0.00794425681123911,-0.0306798135368602
106.860075070289,24.0995624545662,0.531027793455095,0.0862287031029683,0.0506419861496382,0.00653907045082391,-0.0296887859576955
106.959071573218,24.1172457345029,0.531027793455095,0.0862287031029683,0.0506419861496382,0.0127677998262925,-0.032958706212959
107.062892991776,24.1309213898157,0.531027793455095,0.0862287031029683,0.0506419861496382,0.0175927154549882,-0.0369663308368224
107.167232431163,24.1438620700272,0.531027793455095,0.0862287031029683,0.0506419861496382,0.0181107362841075,-0.0377013059381675
107.271984714589,24.1645186070559,0.531027793455095,0.0862287031029683,0.0506419861496382,0.0185235803233077,-0.0299854491209075
107.385835997043,24.1770304361216,0.531027793455095,0.0862287031029683,0.0506419861496382,0.0276225793504778,-0.0381301570839696
107.500804148234,24.1902469931529,0.531027793455095,0.0862287031029683,0.0506419861496382,0.0287394480878831,-0.0374254291183185
107.60565543254,24.2003345391227,0.531027793455095,0.0862287031029683,0.0506419861496382,0.0186225812037151,-0.0405544401798679
107.712727089644,24.2107527344241,0.531027793455095,0.0862287031029683,0.0506419861496382,0.020842954001246,-0.0402237908482057
107.829229336424,24.2285279403528,0.531027793455095,0.0862287031029683,0.0506419861496382,0.0302735436770156,-0.0328667802210028
107.943413831196,24.2438036080812,0.531027793455095,0.0862287031029683,0.0506419861496382,0.0279557916688304,-0.0353663184211861
108.049263301436,24.2482445347072,0.531027793455095,0.0862287031029683,0.0506419861496382,0.0196207671364625,-0.0462010595236109
108.161803420571,24.2577454244054,0.531027793455095,0.0862287031029683,0.0506419861496382,0.0263114160324456,-0.0411410964515078
108.277065975658,24.2703994639329,0.531027793455095,0.0862287031029683,0.0506419861496382,0.0290338519838507,-0.0379879466221276
108.381230108855,24.2825091685753,0.531027793455095,0.0862287031029683,0.0506419861496382,0.0179354300942478,-0.0385322815072051
108.485325855267,24.2962781802281,0.531027793455095,0.0862287031029683,0.0506419861496382,0.0178670433088222,-0.0368729744968945
108.594122536227,24.3173588450648,0.531027793455095,0.0862287031029683,0.0506419861496382,0.0225679778568839,-0.0295613213128725
108.702125986429,24.3353076481018,0.531027793455095,0.0862287031029683,0.0506419861496382,0.021774747099613,-0.0326931831126416
108.808610352408,24.3468653767427,0.531027793455095,0.0862287031029683,0.0506419861496382,0.0202556628759858,-0.0390842575087973
108.911191102461,24.3550981911398,0.531027793455095,0.0862287031029683,0.0506419861496382,0.0163520469494181,-0.0424091717525101
109.01433204867,24.3655789985915,0.531027793455095,0.0862287031029683,0.0506419861496382,0.0169122431064856,-0.0401611786978897
109.117103100649,24.3807517009745,0.531027793455095,0.0862287031029683,0.0506419861496382,0.0165423488758769,-0.0354692837667194
109.21659785509,24.3894261342842,0.531027793455095,0.0862287031029683,0.0506419861496382,0.013266051337677,-0.0419675528398784
109.325169408352,24.4020629212966,0.531027793455095,0.0862287031029683,0.0506419861496382,0.0223428501594185,-0.0380051991372596
109.434001165728,24.4189438624151,0.531027793455095,0.0862287031029683,0.0506419861496382,0.0226030542726043,-0.0337610450311843
109.539949155196,24.4321363004674,0.531027793455095,0.0862287031029683,0.0506419861496382,0.0197192863650493,-0.0374495480972783
109.649212529329,24.4472846663345,0.531027793455095,0.0862287031029683,0.0506419861496382,0.0230346710307607,-0.0354936202825797
109.764349784651,24.4727570442335,0.531027793455095,0.0862287031029683,0.0506419861496382,0.0289085522188977,-0.0251696082505894
109.873812000653,24.4894150566424,0.531027793455095,0.0862287031029683,0.0506419861496382,0.0232335128989867,-0.0339839737407601
109.988832018496,24.5001558214295,0.531027793455095,0.0862287031029683,0.0506419861496382,0.028791314739717,-0.0399012213625838
110.100657621207,24.511527987576,0.531027793455095,0.0862287031029683,0.0506419861496382,0.025596899607681,-0.0392698200030708
110.217117808432,24.5318819448848,0.531027793455095,0.0862287031029683,0.0506419861496382,0.0302314841225737,-0.0302880288409213
110.33343878498,24.5492796588832,0.531027793455095,0.0862287031029683,0.0506419861496382,0.030092273444918,-0.0332442721511725
110.436717353645,24.563417166898,0.531027793455095,0.0862287031029683,0.0506419861496382,0.0170498655623845,-0.036504478134848
110.546002032081,24.5774696440381,0.531027793455095,0.0862287031029683,0.0506419861496382,0.0230559753330404,-0.0365895090095698
110.646254787048,24.5921379906281,0.531027793455095,0.0862287031029683,0.0506419861496382,0.0140240518637818,-0.0359736395595824
110.754610525631,24.6000504064905,0.531027793455095,0.0862287031029683,0.0506419861496382,0.0221270354793006,-0.0427295702872783
110.863692343859,24.6044337298926,0.531027793455095,0.0862287031029683,0.0506419861496382,0.0228531151253186,-0.0462586627475048
110.964295839102,24.610143783754,0.531027793455095,0.0862287031029683,0.0506419861496382,0.0143747921406785,-0.0449319322882999
111.066767540083,24.6216519659295,0.531027793455095,0.0862287031029683,0.0506419861496382,0.0162429978771215,-0.0391338039740816
111.165290810204,24.6350906546779,0.531027793455095,0.0862287031029683,0.0506419861496382,0.01229456701871,-0.0372032974012555
111.268795120902,24.6524619712859,0.531027793455095,0.0862287031029683,0.0506419861496382,0.0172756075942821,-0.033270669541615
111.374249292986,24.6662935681884,0.531027793455095,0.0862287031029683,0.0506419861496382,0.0192254689813787,-0.0368103892471581
111.473963247434,24.6850784125862,0.531027793455095,0.0862287031029683,0.0506419861496382,0.0134852513451804,-0.0318571417518783
111.57404872787,24.7020865594793,0.531027793455095,0.0862287031029683,0.0506419861496382,0.0138567773334906,-0.0336338392565487
111.669377954795,24.7223724691142,0.531027793455095,0.0862287031029683,0.0506419861496382,0.00910052382196724,-0.0303560765146962
111.760751514242,24.7476915468637,0.531027793455095,0.0862287031029683,0.0506419861496382,0.00514485634397843,-0.0253229084001063
111.866840975559,24.7719491938661,0.531027793455095,0.0862287031029683,0.0506419861496382,0.0198607582136887,-0.0263843391472491
111.974766854087,24.7861788310101,0.531027793455095,0.0862287031029683,0.0506419861496382,0.0216971754248796,-0.0364123490056834
112.087158150123,24.7906260839021,0.531027793455095,0.0862287031029683,0.0506419861496382,0.0261625929333071,-0.0461947332576642
112.191044587405,24.7942013044599,0.531027793455095,0.0862287031029683,0.0506419861496382,0.0176577341790285,-0.0470667655917936
112.295189503028,24.8025167439692,0.531027793455095,0.0862287031029683,0.0506419861496382,0.0179162125197934,-0.0423265466403961
112.401118570945,24.8091957355357,0.531027793455095,0.0862287031029683,0.0506419861496382,0.019700364813815,-0.0439629945830866
112.500577008719,24.814633189077,0.531027793455095,0.0862287031029683,0.0506419861496382,0.0132297346716648,-0.0452045326082953
112.605635131144,24.8153350315892,0.531027793455095,0.0862287031029683,0.0506419861496382,0.0188294193220209,-0.049940143637528
112.709506245112,24.8238037754032,0.531027793455095,0.0862287031029683,0.0506419861496382,0.0176424108650473,-0.042173242335604
112.814022334179,24.8327010180227,0.531027793455095,0.0862287031029683,0.0506419861496382,0.0182873859638768,-0.0417447435300851
112.920088744977,24.8420287054496,0.531027793455095,0.0862287031029683,0.0506419861496382,0.019837707694883,-0.0413142987227602
113.024093830004,24.8565438529825,0.531027793455095,0.0862287031029683,0.0506419861496382,0.0177763819242642,-0.0361268386167239
113.126943889517,24.8787924643254,0.531027793455095,0.0862287031029683,0.0506419861496382,0.0166213564092033,-0.0283933748067788
113.23655508467,24.8987610695201,0.531027793455095,0.0862287031029683,0.0506419861496382,0.0233824920501995,-0.0306733809549442
113.344016425013,24.9178542823395,0.531027793455095,0.0862287031029683,0.0506419861496382,0.0212326372403382,-0.031548773330222
113.455180762072,24.9373418000298,0.531027793455095,0.0862287031029683,0.0506419861496382,0.0249356339558489,-0.0311544684593947
113.571187041363,24.9543191370688,0.531027793455095,0.0862287031029683,0.0506419861496382,0.0297775761876942,-0.0336646491105626
113.680291364104,24.9761102492327,0.531027793455095,0.0862287031029683,0.0506419861496382,0.0228756196384978,-0.0288508739857498
113.782654586834,24.9967429477528,0.531027793455095,0.0862287031029683,0.0506419861496382,0.0161345196267924,-0.0300092876295786
113.893596737093,25.0141771325322,0.531027793455095,0.0862287031029683,0.0506419861496382,0.024713447155893,-0.0332078013702244
113.998571326529,25.0499305805675,0.531027793455095,0.0862287031029683,0.0506419861496382,0.0187458863337859,-0.0148885381143167
114.101116634414,25.068052399375,0.531027793455095,0.0862287031029683,0.0506419861496382,0.0163166047818279,-0.0325201673421276
114.206969003174,25.0864643560484,0.531027793455095,0.0862287031029683,0.0506419861496382,0.0196236656564359,-0.0322300294762492
114.317186542522,25.1065134184968,0.531027793455095,0.0862287031029683,0.0506419861496382,0.0239888362450955,-0.0305929237012244
114.437448117616,25.1215424767146,0.531027793455095,0.0862287031029683,0.0506419861496382,0.0340328719918226,-0.0356129279318367
114.545055905831,25.1314580143635,0.531027793455095,0.0862287031029683,0.0506419861496382,0.0213790851114766,-0.0407264485007595
114.657722694894,25.1473268783785,0.531027793455095,0.0862287031029683,0.0506419861496382,0.0264380859598994,-0.0347731221346628
114.772958741892,25.162933235153,0.531027793455095,0.0862287031029683,0.0506419861496382,0.0290073438954437,-0.0350356293751126
114.873591778237,25.1692339691521,0.531027793455095,0.0862287031029683,0.0506419861496382,0.0144043332420445,-0.0443412521505131
114.979506363646,25.176619899724,0.531027793455095,0.0862287031029683,0.0506419861496382,0.0196858823060779,-0.0432560555777783
115.081208433294,25.1823402491398,0.531027793455095,0.0862287031029683,0.0506419861496382,0.0154733665445157,-0.0449216367338039
115.184323325517,25.1892209204693,0.531027793455095,0.0862287031029683,0.0506419861496382,0.0168861891198127,-0.0437613148201841
115.292341591893,25.1980603220865,0.531027793455095,0.0862287031029683,0.0506419861496382,0.021789563273952,-0.0418025845324337
115.40945815935,25.2135569024823,0.531027793455095,0.0862287031029683,0.0506419861496382,0.0308878643532857,-0.0351454057537914
