X,Y,Theta,FmPi_x,FmPi_y,Xi_x,Xi_y
0,0,2.20742048283268,0,0,0,0
0.074652242414904,0.0474758008762898,2.20742048283268,-0.0594484293471401,0.0804107222213437,0.134100671762044,-0.0329349213450538
0.10090218940058,0.0604246210001081,2.20742048283268,-0.0594484293471401,0.0804107222213437,0.0856983763328161,-0.0674619020975253
-0.0319973872512408,0.277960451093439,2.20742048283268,-0.0594484293471401,0.0804107222213437,-0.0734511473046807,0.137125107871987
-0.118847771286584,0.41720387831536,2.20742048283268,-0.0594484293471401,0.0804107222213437,-0.0274019546882028,0.0588327050005776
-0.294570791479818,0.527942741721458,2.20742048283268,-0.0594484293471401,0.0804107222213437,-0.116274590846094,0.0303281411847537
-0.222213711441023,0.62274015090842,2.20742048283268,-0.0594484293471401,0.0804107222213437,0.131805509385935,0.0143866869656186
-0.302045925709504,0.613873838965545,2.20742048283268,-0.0594484293471401,0.0804107222213437,-0.0203837849213411,-0.0892770341642183
-0.391812224283541,0.685559377446904,2.20742048283268,-0.0594484293471401,0.0804107222213437,-0.0303178692268966,-0.00872518373998492
-0.457130897378658,0.747256474569975,2.20742048283268,-0.0594484293471401,0.0804107222213437,-0.00587024374797722,-0.0187136250982726
-0.506843333383622,0.853227295811177,2.20742048283268,-0.0594484293471401,0.0804107222213437,0.00973599334217638,0.0255600990198585
-0.64831417180722,0.958820411973782,2.20742048283268,-0.0594484293471401,0.0804107222213437,-0.0820224090764582,0.0251823939412615
-0.521093300524061,0.965123601864154,2.20742048283268,-0.0594484293471401,0.0804107222213437,0.186669300630299,-0.0741075323309724
-0.664493982691295,1.12176289060052,2.20742048283268,-0.0594484293471401,0.0804107222213437,-0.083952252820094,0.0762285665150194
-0.69033410204204,1.34089662041146,2.20742048283268,-0.0594484293471401,0.0804107222213437,0.0336083099963954,0.138723007589597
-0.756313285902885,1.50389487970277,2.20742048283268,-0.0594484293471401,0.0804107222213437,-0.00653075451370486,0.0825875370699715
-0.787092235258769,1.54349203053544,2.20742048283268,-0.0594484293471401,0.0804107222213437,0.0286694799912556,-0.040813571388678
-0.84049995246807,1.60692072333531,2.20742048283268,-0.0594484293471401,0.0804107222213437,0.00604071213783944,-0.0169820294214761
-0.861764248580083,1.5900002648566,2.20742048283268,-0.0594484293471401,0.0804107222213437,0.0381841332351273,-0.0973311807000452
-0.904912160025436,1.655500663379,2.20742048283268,-0.0594484293471401,0.0804107222213437,0.0163005179017872,-0.0149103236989513
-0.888146605977943,1.73775773679402,2.20742048283268,-0.0594484293471401,0.0804107222213437,0.0762139833946334,0.00184635119367813
-1.03138228189367,1.89991893170946,2.20742048283268,-0.0594484293471401,0.0804107222213437,-0.0837872465685895,0.081750472694101
-1.17673921631816,1.92987616278108,2.20742048283268,-0.0594484293471401,0.0804107222213437,-0.0859085050773479,-0.0504534911497229
-1.1800391276931,1.86386971871646,2.20742048283268,-0.0594484293471401,0.0804107222213437,0.0561485179722029,-0.146417166285966
-1.18998302515273,2.01307981069128,2.20742048283268,-0.0594484293471401,0.0804107222213437,0.0495045318875054,0.0687993697534769
-1.31902438317979,2.07573410871571,2.20742048283268,-0.0594484293471401,0.0804107222213437,-0.0695929286799133,-0.017756424196912
-1.48348861703257,2.09484711426452,2.20742048283268,-0.0594484293471401,0.0804107222213437,-0.105015804505642,-0.0612977166725416
-1.56838380144624,2.21709525630641,2.20742048283268,-0.0594484293471401,0.0804107222213437,-0.0254467550665309,0.0418374198205462
-1.67883146077352,2.24686036258516,2.20742048283268,-0.0594484293471401,0.0804107222213437,-0.0509992299801447,-0.050645615942587
-1.65572086408168,2.40185471291332,2.20742048283268,-0.0594484293471401,0.0804107222213437,0.0825590260389873,0.0745836281068179
-1.67481524250341,2.40187855895344,2.20742048283268,-0.0594484293471401,0.0804107222213437,0.0403540509254059,-0.0803868761812307
-1.83072252429927,2.45536708524836,2.20742048283268,-0.0594484293471401,0.0804107222213437,-0.0964588524487219,-0.0269221959264199
-1.84059498101111,2.44731727533836,2.20742048283268,-0.0594484293471401,0.0804107222213437,0.0495759726353035,-0.0884605321313439
-1.96701946841605,2.56911729480914,2.20742048283268,-0.0594484293471401,0.0804107222213437,-0.0669760580577965,0.0413892972494339
-1.95603294464241,2.57632391821813,2.20742048283268,-0.0594484293471401,0.0804107222213437,0.0704349531207774,-0.073204098812348
-1.94630848433031,2.74020155265549,2.20742048283268,-0.0594484293471401,0.0804107222213437,0.0691728896592414,0.0834669122160135
-1.9514610994788,2.7370557082316,2.20742048283268,-0.0594484293471401,0.0804107222213437,0.0542958141986503,-0.0835565666452338
-2.06413528192066,2.8042763557111,2.20742048283268,-0.0594484293471401,0.0804107222213437,-0.0532257530947174,-0.0131900747418431
-2.13900710908089,2.89377618445092,2.20742048283268,-0.0594484293471401,0.0804107222213437,-0.0154233978130985,0.00908910651847106
-2.29545435519892,2.98124560955844,2.20742048283268,-0.0594484293471401,0.0804107222213437,-0.0969988167708902,0.00705870288617999
-2.23611581132986,3.00253949019958,2.20742048283268,-0.0594484293471401,0.0804107222213437,0.1187869732162,-0.0591168415802024
-2.33229918147448,3.04957855566216,2.20742048283268,-0.0594484293471401,0.0804107222213437,-0.0367349407974784,-0.0333716567587644
-2.41149364705137,3.11215856628999,2.20742048283268,-0.0594484293471401,0.0804107222213437,-0.0197460362297502,-0.017830711593513
-2.39436511634204,3.18591312765479,2.20742048283268,-0.0594484293471401,0.0804107222213437,0.0765769600564695,-0.00665616085654935
-2.58717428170564,3.29192054359487,2.20742048283268,-0.0594484293471401,0.0804107222213437,-0.133360736016455,0.0255966937187449
-2.77911882073437,3.24520720442694,2.20742048283268,-0.0594484293471401,0.0804107222213437,-0.132496109681595,-0.127124061389283
-2.8352714474562,3.27842367342995,2.20742048283268,-0.0594484293471401,0.0804107222213437,0.00329580262531556,-0.0471942532183315
-2.89198202244256,3.34560122870204,2.20742048283268,-0.0594484293471401,0.0804107222213437,0.00273785436077655,-0.0132331669492484
-2.88666041708383,3.40202144888548,2.20742048283268,-0.0594484293471401,0.0804107222213437,0.0647700347058729,-0.02399050203791
-2.91191552462683,3.50028759794158,2.20742048283268,-0.0594484293471401,0.0804107222213437,0.03419332180414,0.0178554268347598
-3.0129444614611,3.66400507520812,2.20742048283268,-0.0594484293471401,0.0804107222213437,-0.0415805074871258,0.0833067550451943
-3.05664713018501,3.74671161737075,2.20742048283268,-0.0594484293471401,0.0804107222213437,0.0157457606232235,0.0022958199412908
-3.10058701930684,3.92570910951371,2.20742048283268,-0.0594484293471401,0.0804107222213437,0.015508540225308,0.0985867699216096
-3.10181662099167,4.09901273968531,2.20742048283268,-0.0594484293471401,0.0804107222213437,0.0582188276623175,0.0928929079502649
-2.96487488150802,4.14198152322549,2.20742048283268,-0.0594484293471401,0.0804107222213437,0.196390168830787,-0.0374419386811695
-2.94092798540281,4.21640639324819,2.20742048283268,-0.0594484293471401,0.0804107222213437,0.0833953254523524,-0.00598585219864023
-2.90679105439048,4.24185272889942,2.20742048283268,-0.0594484293471401,0.0804107222213437,0.093585360359468,-0.0549643865701177
-2.99861801588431,4.26900296736804,2.20742048283268,-0.0594484293471401,0.0804107222213437,-0.0323785321466893,-0.0532604837527175
-2.99313820296328,4.3646536792246,2.20742048283268,-0.0594484293471401,0.0804107222213437,0.0649282422681662,0.0152399896352153
-3.03359150126919,4.49440933854672,2.20742048283268,-0.0594484293471401,0.0804107222213437,0.018995131041239,0.0493449371007766
-3.08962851804592,4.55584133263743,2.20742048283268,-0.0594484293471401,0.0804107222213437,0.00341141257040828,-0.0189787281306384
-3.19323422052916,4.72809357428899,2.20742048283268,-0.0594484293471401,0.0804107222213437,-0.044157273136101,0.0918415194302197
-3.22112354165615,4.81556500593131,2.20742048283268,-0.0594484293471401,0.0804107222213437,0.0315591082201443,0.00706070942096906
-3.27727166858058,4.88925343669923,2.20742048283268,-0.0594484293471401,0.0804107222213437,0.00330030242271329,-0.00672229145342423
-3.2759454151713,5.074695440686,2.20742048283268,-0.0594484293471401,0.0804107222213437,0.0607746827564234,0.105031281765428
-3.37951165805498,5.08805778037445,2.20742048283268,-0.0594484293471401,0.0804107222213437,-0.0441178135365424,-0.0670483825328937
-3.39521366617862,5.07375712781113,2.20742048283268,-0.0594484293471401,0.0804107222213437,0.0437464212235004,-0.0947113747846582
-3.48424168832063,5.10279948712508,2.20742048283268,-0.0594484293471401,0.0804107222213437,-0.0295795927948702,-0.0513683629073963
-3.47712251321685,5.32611616662217,2.20742048283268,-0.0594484293471401,0.0804107222213437,0.0665676044509262,0.142905957275743
-3.51598022143811,5.40080257441872,2.20742048283268,-0.0594484293471401,0.0804107222213437,0.0205907211258762,-0.00572431442478602
-3.56056147572268,5.4579177654056,2.20742048283268,-0.0594484293471401,0.0804107222213437,0.0148671750625692,-0.0232955312344727
-3.72723776135412,5.55291507049953,2.20742048283268,-0.0594484293471401,0.0804107222213437,-0.1072278562843,0.0145865828725887
-3.6763597718102,5.69853737312664,2.20742048283268,-0.0594484293471401,0.0804107222213437,0.110326418891062,0.0652115804057692
-3.8631974549344,5.70247937796651,2.20742048283268,-0.0594484293471401,0.0804107222213437,-0.127389253777057,-0.0764687173814781
-3.94759395695333,5.66638921069827,2.20742048283268,-0.0594484293471401,0.0804107222213437,-0.0249480726717944,-0.116500889489581
-4.01474701534193,5.6394690492049,2.20742048283268,-0.0594484293471401,0.0804107222213437,-0.00770462904145974,-0.10733088371471
-4.07978959251877,5.6829097374823,2.20742048283268,-0.0594484293471401,0.0804107222213437,-0.00559414782970247,-0.0369700339439514
-4.12496185509348,5.78807785774269,2.20742048283268,-0.0594484293471401,0.0804107222213437,0.014276166772428,0.0247573980390518
-4.2476134011913,5.90207514006732,2.20742048283268,-0.0594484293471401,0.0804107222213437,-0.0632031167506788,0.0335865601032813
-4.19527606970644,6.05822634211162,2.20742048283268,-0.0594484293471401,0.0804107222213437,0.111785760832002,0.0757404798229604
-4.27115488455661,6.22393515293641,2.20742048283268,-0.0594484293471401,0.0804107222213437,-0.0164303855030331,0.0852980886034477
-4.26183762263842,6.18037160186949,2.20742048283268,-0.0594484293471401,0.0804107222213437,0.0687656912653385,-0.123974273288267
-4.5608854202936,6.16321892794324,2.20742048283268,-0.0594484293471401,0.0804107222213437,-0.239599368308048,-0.0975633961475912
-4.53944632073167,6.27709710318189,2.20742048283268,-0.0594484293471401,0.0804107222213437,0.0808875289090702,0.0334674530173052
-4.61527715898766,6.26056605256604,2.20742048283268,-0.0594484293471401,0.0804107222213437,-0.0163824089088445,-0.0969417728371957
-4.74067306530316,6.46916729184237,2.20742048283268,-0.0594484293471401,0.0804107222213437,-0.0659474769683628,0.128190517054992
-4.80308912831599,6.64179403488876,2.20742048283268,-0.0594484293471401,0.0804107222213437,-0.00296763366568775,0.0922160208250455
-4.89135466368845,6.79758974524031,2.20742048283268,-0.0594484293471401,0.0804107222213437,-0.0288171060253256,0.0753849881302019
-4.87168639959082,6.80529189282683,2.20742048283268,-0.0594484293471401,0.0804107222213437,0.0791166934447744,-0.0727085746348204
-4.83563213805925,6.83455585222135,2.20742048283268,-0.0594484293471401,0.0804107222213437,0.0955026908787107,-0.0511467628268264
-4.86924002794428,6.83260684112147,2.20742048283268,-0.0594484293471401,0.0804107222213437,0.0258405394621052,-0.0823597333212236
-4.83401946909254,6.83535378038504,2.20742048283268,-0.0594484293471401,0.0804107222213437,0.094668988198881,-0.0776637829577753
-4.85826913915681,6.98257365290054,2.20742048283268,-0.0594484293471401,0.0804107222213437,0.0351987592828743,0.0668091502941576
-4.82971257532089,6.89979605160054,2.20742048283268,-0.0594484293471401,0.0804107222213437,0.0880049931830518,-0.163188323521348
-4.86892708953324,6.89915670431837,2.20742048283268,-0.0594484293471401,0.0804107222213437,0.0202339151347953,-0.081050069503507
-4.71306911013033,7.04245451359462,2.20742048283268,-0.0594484293471401,0.0804107222213437,0.215306408750049,0.0628870870549022
-4.65672416376736,7.1311334849142,2.20742048283268,-0.0594484293471401,0.0804107222213437,0.11579337571011,0.00826824909824209
-4.69492744042033,7.1166574191528,2.20742048283268,-0.0594484293471401,0.0804107222213437,0.0212451526941644,-0.0948867879827467
-4.67026399149836,7.04608492489768,2.20742048283268,-0.0594484293471401,0.0804107222213437,0.0841118782691113,-0.150983216476465
-4.60609108661525,7.23994745734113,2.20742048283268,-0.0594484293471401,0.0804107222213437,0.12362133423025,0.113451810222106
-4.65421835885868,7.34307440411339,2.20742048283268,-0.0594484293471401,0.0804107222213437,0.01132115710371,0.0227162245509176
-4.60636918399701,7.42782049635106,2.20742048283268,-0.0594484293471401,0.0804107222213437,0.107297604208817,0.00433537001632067
-4.80894941010053,7.41603886198305,2.20742048283268,-0.0594484293471401,0.0804107222213437,-0.143131796756381,-0.0921923565893533
-4.8708528321241,7.44472429646508,2.20742048283268,-0.0594484293471401,0.0804107222213437,-0.00245499267643701,-0.0517252877393057
-4.89328161822456,7.56611834403643,2.20742048283268,-0.0594484293471401,0.0804107222213437,0.0370196432466776,0.040983325350005
-4.86138248636732,7.65487510693708,2.20742048283268,-0.0594484293471401,0.0804107222213437,0.0913475612043897,0.00834604067930145
-4.91009748401394,7.56183662118219,2.20742048283268,-0.0594484293471401,0.0804107222213437,0.0107334317005099,-0.173449207976235
-4.94494418183706,7.56825534982328,2.20742048283268,-0.0594484293471401,0.0804107222213437,0.0246017315240217,-0.0739919935802529
-5.10833203014222,7.70481557503924,2.20742048283268,-0.0594484293471401,0.0804107222213437,-0.103939418958013,0.056149502994614
-5.19840696777712,7.67401677143867,2.20742048283268,-0.0594484293471401,0.0804107222213437,-0.030626508287767,-0.111209525821913
-5.29521446388959,7.66078444532074,2.20742048283268,-0.0594484293471401,0.0804107222213437,-0.0373590667653283,-0.0936430483392692
-5.37392039879888,7.76658718542144,2.20742048283268,-0.0594484293471401,0.0804107222213437,-0.0192575055621518,0.0253920178793572
-5.4316760764573,7.79606331187565,2.20742048283268,-0.0594484293471401,0.0804107222213437,0.00169275168871752,-0.0509345957671339
-5.45840146244866,7.94802673060227,2.20742048283268,-0.0594484293471401,0.0804107222213437,0.0327230433557801,0.0715526965052777
-5.57771718421947,8.0356960152036,2.20742048283268,-0.0594484293471401,0.0804107222213437,-0.059867292423663,0.00725856237998612
-5.6629763583669,8.20944306013458,2.20742048283268,-0.0594484293471401,0.0804107222213437,-0.0258107448002951,0.0933363227096347
-5.84766201089905,8.36015010009882,2.20742048283268,-0.0594484293471401,0.0804107222213437,-0.12523722318501,0.0702963177428932
-5.93412525745101,8.50368840799979,2.20742048283268,-0.0594484293471401,0.0804107222213437,-0.0270148172048157,0.0631275856796294
-6.06109331298102,8.4382821685834,2.20742048283268,-0.0594484293471401,0.0804107222213437,-0.0675196261828765,-0.145816961637731
-6.08761402710715,8.59502450365523,2.20742048283268,-0.0594484293471401,0.0804107222213437,0.0329277152210145,0.0763316128504843
-6.19223585956212,8.67014226483916,2.20742048283268,-0.0594484293471401,0.0804107222213437,-0.0451734031078371,-0.00529296103740751
-6.09953958816062,8.76601343433783,2.20742048283268,-0.0594484293471401,0.0804107222213437,0.152144700748647,0.0154604472773212
-6.12159488152903,8.86574742918641,2.20742048283268,-0.0594484293471401,0.0804107222213437,0.0373931359787276,0.0193232726272348
-6.12645469626778,8.9404381232644,2.20742048283268,-0.0594484293471401,0.0804107222213437,0.0545886146083898,-0.00572002814334671
-6.27642774171702,9.03113909758409,2.20742048283268,-0.0594484293471401,0.0804107222213437,-0.0905246161020989,0.0102902520983428
-6.31273703751645,9.29034919803729,2.20742048283268,-0.0594484293471401,0.0804107222213437,0.0231391335477051,0.178799378231859
-6.42815577316117,9.41794414703707,2.20742048283268,-0.0594484293471401,0.0804107222213437,-0.0559703062975754,0.047184226778433
-6.40243522036068,9.45122189104435,2.20742048283268,-0.0594484293471401,0.0804107222213437,0.0851689821476231,-0.0471329782140585
-6.57755062870734,9.51543702876613,2.20742048283268,-0.0594484293471401,0.0804107222213437,-0.115666978999519,-0.0161955844995625
-6.56412577777635,9.63020953461505,2.20742048283268,-0.0594484293471401,0.0804107222213437,0.0728732802781273,0.0343617836275817
-6.53901453212515,9.69386890138309,2.20742048283268,-0.0594484293471401,0.0804107222213437,0.0845596749983468,-0.0167513554533106
-6.53990413653804,9.77534249780405,2.20742048283268,-0.0594484293471401,0.0804107222213437,0.0585588249342504,0.00106287419962281
-6.71026977864582,9.83684269531581,2.20742048283268,-0.0594484293471401,0.0804107222213437,-0.110917212760647,-0.01891052470958
-6.75883126860203,9.83943490956718,2.20742048283268,-0.0594484293471401,0.0804107222213437,0.0108869393909334,-0.0778185079699715
-6.63279289110871,9.95638566698105,2.20742048283268,-0.0594484293471401,0.0804107222213437,0.185486806840459,0.0365400351925227
-6.65382395541564,10.1547227661388,2.20742048283268,-0.0594484293471401,0.0804107222213437,0.0384173650402111,0.117926376936437
-6.83705806748194,10.2578622639437,2.20742048283268,-0.0594484293471401,0.0804107222213437,-0.123785682719161,0.0227287755835405
-6.89436013613293,10.4671862279327,2.20742048283268,-0.0594484293471401,0.0804107222213437,0.00214636069614627,0.128913241767637
-6.93926077855076,10.5327599745995,2.20742048283268,-0.0594484293471401,0.0804107222213437,0.0145477869293149,-0.0148369755545406
-6.91752565687217,10.5263936490709,2.20742048283268,-0.0594484293471401,0.0804107222213437,0.0811835510257313,-0.0867770477499394
-7.01233516656979,10.6130234517408,2.20742048283268,-0.0594484293471401,0.0804107222213437,-0.0353610803504856,0.00621908044854669
-7.14195911196966,10.7774792172346,2.20742048283268,-0.0594484293471401,0.0804107222213437,-0.0701755160527235,0.084045043272434
-7.20733314905091,10.949549018573,2.20742048283268,-0.0594484293471401,0.0804107222213437,-0.00592560773410966,0.0916590791171055
-7.24618608706706,11.0472327813361,2.20742048283268,-0.0594484293471401,0.0804107222213437,0.020595491330986,0.0172730405417687
-7.39573567398746,11.1264592865626,2.20742048283268,-0.0594484293471401,0.0804107222213437,-0.0901011575732615,-0.00118421699485044
-7.42173558815812,11.1921443636221,2.20742048283268,-0.0594484293471401,0.0804107222213437,0.0334485151764821,-0.0147256451618349
-7.50019028206429,11.2781719181201,2.20742048283268,-0.0594484293471401,0.0804107222213437,-0.019006264559035,0.00561683227663917
-7.51993540024217,11.4719185977839,2.20742048283268,-0.0594484293471401,0.0804107222213437,0.0397033111692693,0.113335957442441
-7.58155573901314,11.4483378586599,2.20742048283268,-0.0594484293471401,0.0804107222213437,-0.00217190942383505,-0.103991461345329
-7.57838165698673,11.5427448763941,2.20742048283268,-0.0594484293471401,0.0804107222213437,0.0626225113735539,0.0139962955128649
-7.54236630730302,11.8592828672924,2.20742048283268,-0.0594484293471401,0.0804107222213437,0.0954637790308428,0.236127268676912
-7.59932652298265,11.9042476545137,2.20742048283268,-0.0594484293471401,0.0804107222213437,0.00248821366751373,-0.0354459350000239
-7.64374365536564,11.9522493976123,2.20742048283268,-0.0594484293471401,0.0804107222213437,0.015031296964154,-0.032408979122689
-7.89225058162295,12.1118316148757,2.20742048283268,-0.0594484293471401,0.0804107222213437,-0.189058496910176,0.07917149504204
-8.01949188492831,12.2674807199916,2.20742048283268,-0.0594484293471401,0.0804107222213437,-0.0677928739582208,0.0752383828945595
-8.19426083650878,12.4368032716604,2.20742048283268,-0.0594484293471401,0.0804107222213437,-0.115320522233326,0.088911829447411
-8.27513444275082,12.5632938591521,2.20742048283268,-0.0594484293471401,0.0804107222213437,-0.0214251768949001,0.0460798652704069
-8.30042492944458,12.6151927880589,2.20742048283268,-0.0594484293471401,0.0804107222213437,0.0341579426533747,-0.028511793314557
-8.51745441559137,12.6834168451846,2.20742048283268,-0.0594484293471401,0.0804107222213437,-0.157581056799648,-0.0121866650956582
-8.63146826328809,12.6679649414311,2.20742048283268,-0.0594484293471401,0.0804107222213437,-0.0545654183495721,-0.0958626259748039
-8.71102904932237,12.8058958251963,2.20742048283268,-0.0594484293471401,0.0804107222213437,-0.0201123566871398,0.0575201615437978
-8.85907892472215,12.8897471031098,2.20742048283268,-0.0594484293471401,0.0804107222213437,-0.0886014460526405,0.00344055569214909
-9.09010826077458,12.8837764282194,2.20742048283268,-0.0594484293471401,0.0804107222213437,-0.171580906705294,-0.0863813971117364
-9.24320743335239,12.8814803126208,2.20742048283268,-0.0594484293471401,0.0804107222213437,-0.0936507432306665,-0.0827068378199487
-9.23039343129406,12.9610885308601,2.20742048283268,-0.0594484293471401,0.0804107222213437,0.0722624314054658,-0.000802503982038016
-9.4104094970374,13.0361474498181,2.20742048283268,-0.0594484293471401,0.0804107222213437,-0.120567636396198,-0.00535180326332321
-9.3700407395495,13.0806325798143,2.20742048283268,-0.0594484293471401,0.0804107222213437,0.0998171868350459,-0.0359255922251051
-9.43225038607635,13.137216206996,2.20742048283268,-0.0594484293471401,0.0804107222213437,-0.00276121717970634,-0.0238270950396604
-9.50554120154879,13.196387633982,2.20742048283268,-0.0594484293471401,0.0804107222213437,-0.0138423861253045,-0.0212392952353322
-9.80192517036971,13.2205524167951,2.20742048283268,-0.0594484293471401,0.0804107222213437,-0.236935539473782,-0.0562459394083059
-9.99728800765091,13.0441642527854,2.20742048283268,-0.0594484293471401,0.0804107222213437,-0.135914407934053,-0.256798886231045
-10.047324455999,13.182795490183,2.20742048283268,-0.0594484293471401,0.0804107222213437,0.00941198099902672,0.0582205151763184
-10.1213006979179,13.3377533353137,2.20742048283268,-0.0594484293471401,0.0804107222213437,-0.0145278125716979,0.0745471229093365
-10.2090903917089,13.3340797306181,2.20742048283268,-0.0594484293471401,0.0804107222213437,-0.0283412644439267,-0.0840843269169796
-10.4621268527986,13.5306557267128,2.20742048283268,-0.0594484293471401,0.0804107222213437,-0.193588031742544,0.116165273873385
-10.563493434367,13.6238787757898,2.20742048283268,-0.0594484293471401,0.0804107222213437,-0.0419181522212372,0.0128123268557139
-10.6627592392819,13.8583985219379,2.20742048283268,-0.0594484293471401,0.0804107222213437,-0.0398173755677584,0.154109023926682
-10.7141524910723,13.8922602770659,2.20742048283268,-0.0594484293471401,0.0804107222213437,0.00805517755672699,-0.0465489670933321
-10.7697267105409,13.8934079205775,2.20742048283268,-0.0594484293471401,0.0804107222213437,0.00387420987849857,-0.0792630787097538
-10.6584798338864,13.9805902902347,2.20742048283268,-0.0594484293471401,0.0804107222213437,0.170695306001653,0.00677164743586767
-10.8614045445089,14.0472350858186,2.20742048283268,-0.0594484293471401,0.0804107222213437,-0.143476281275293,-0.0137659266374422
-10.9144290348303,14.166894906057,2.20742048283268,-0.0594484293471401,0.0804107222213437,0.0064239390256598,0.039249098017078
-10.9404987784704,14.3201301293283,2.20742048283268,-0.0594484293471401,0.0804107222213437,0.0333786857070871,0.0728245010499591
-10.9771970528565,14.3773105346106,2.20742048283268,-0.0594484293471401,0.0804107222213437,0.0227501549609959,-0.0232303169390414
-10.9580846174436,14.5479049771339,2.20742048283268,-0.0594484293471401,0.0804107222213437,0.0785608647600445,0.0901837203019948
-11.0922071154967,14.671160660429,2.20742048283268,-0.0594484293471401,0.0804107222213437,-0.0746740687058827,0.0428449610737249
-11.0998113023368,14.5381361906824,2.20742048283268,-0.0594484293471401,0.0804107222213437,0.0518442425070426,-0.21343519196792
-11.2276849682218,14.6344933512795,2.20742048283268,-0.0594484293471401,0.0804107222213437,-0.0684252365378702,0.0159464383756738
-11.1487486761732,14.5712835623627,2.20742048283268,-0.0594484293471401,0.0804107222213437,0.13838472139575,-0.143620511138067
-11.0657373135652,14.8351082560731,2.20742048283268,-0.0594484293471401,0.0804107222213437,0.142459791955101,0.183413971489013
-11.1080045224302,14.937729643261,2.20742048283268,-0.0594484293471401,0.0804107222213437,0.0171812204821521,0.0222106649665965
-11.2955533653542,15.0857905856488,2.20742048283268,-0.0594484293471401,0.0804107222213437,-0.128100413576838,0.0676502201664491
-11.3009063689108,15.135467481236,2.20742048283268,-0.0594484293471401,0.0804107222213437,0.0540954257905288,-0.030733826634196
-11.3480542613829,15.3061329768991,2.20742048283268,-0.0594484293471401,0.0804107222213437,0.0123005368750583,0.0902547734417585
-11.398688448272,15.3639282266782,2.20742048283268,-0.0594484293471401,0.0804107222213437,0.00881424245799248,-0.0226154724421946
-11.3751655508388,15.5082100449745,2.20742048283268,-0.0594484293471401,0.0804107222213437,0.0829713267803578,0.0638710960749245
-11.4291636558498,15.5084930008287,2.20742048283268,-0.0594484293471401,0.0804107222213437,0.00545032433614173,-0.0801277663671318
-11.5000290314176,15.5450740254115,2.20742048283268,-0.0594484293471401,0.0804107222213437,-0.0114169462206694,-0.0438296976384935
-11.4837687068436,15.5279442051636,2.20742048283268,-0.0594484293471401,0.0804107222213437,0.0757087539211759,-0.0975405424692938
-11.4811809261978,15.5594146540457,2.20742048283268,-0.0594484293471401,0.0804107222213437,0.0620362099928768,-0.0489402733391849
-11.6144262945051,15.655311789567,2.20742048283268,-0.0594484293471401,0.0804107222213437,-0.0737969389600935,0.0154864132999202
-11.6901300497304,15.6768639514163,2.20742048283268,-0.0594484293471401,0.0804107222213437,-0.0162553258782062,-0.0588585603720181
-11.7913745128444,15.9115161870144,2.20742048283268,-0.0594484293471401,0.0804107222213437,-0.041796033766812,0.154241513376703
-11.860600888341,15.890859504072,2.20742048283268,-0.0594484293471401,0.0804107222213437,-0.00977794614952129,-0.101067405163741
-11.8720772506156,16.037048546197,2.20742048283268,-0.0594484293471401,0.0804107222213437,0.0479720670726057,0.065778319903646
-11.9366275103929,16.0668043034609,2.20742048283268,-0.0594484293471401,0.0804107222213437,-0.00510183043020901,-0.0506549649574655
-11.9683325328107,16.1979993880277,2.20742048283268,-0.0594484293471401,0.0804107222213437,0.0277434069293082,0.0507843623455095
-12.0223609670551,16.4019182394706,2.20742048283268,-0.0594484293471401,0.0804107222213437,0.00541999510277136,0.123508129221528
-12.1401257035605,16.4060237410429,2.20742048283268,-0.0594484293471401,0.0804107222213437,-0.058316307158284,-0.0763052206490452
-12.2567560421166,16.5901378266506,2.20742048283268,-0.0594484293471401,0.0804107222213437,-0.0571819092088972,0.103703363386389
-12.3445418884532,16.787849050524,2.20742048283268,-0.0594484293471401,0.0804107222213437,-0.0283374169895323,0.117300501652045
-12.3472851114194,16.8431240979227,2.20742048283268,-0.0594484293471401,0.0804107222213437,0.0567052063810183,-0.0251356748226367
-12.2874030060103,16.8587201337285,2.20742048283268,-0.0594484293471401,0.0804107222213437,0.119330534756253,-0.0648146864155832
-12.3882672591162,16.8999086995809,2.20742048283268,-0.0594484293471401,0.0804107222213437,-0.0414158237587777,-0.0392221563689487
-12.3551931659812,17.063519485446,2.20742048283268,-0.0594484293471401,0.0804107222213437,0.0925225224821388,0.0832000636437904
-12.2593795179608,17.1908184684901,2.20742048283268,-0.0594484293471401,0.0804107222213437,0.155262077367479,0.0468882608228042
-12.3109083174619,17.1747102970427,2.20742048283268,-0.0594484293471401,0.0804107222213437,0.007919629846036,-0.0965188936687745
-12.4206244933679,17.328990713885,2.20742048283268,-0.0594484293471401,0.0804107222213437,-0.0502677465588575,0.073869694620951
-12.3272184474413,17.30326669294,2.20742048283268,-0.0594484293471401,0.0804107222213437,0.15285447527375,-0.106134743166387
-12.374791218813,17.4669308477648,2.20742048283268,-0.0594484293471401,0.0804107222213437,0.011875657975479,0.0832534326034706
-12.4589356232311,17.5970403369611,2.20742048283268,-0.0594484293471401,0.0804107222213437,-0.024695975070973,0.0496987669750087
-12.4940316282682,17.6040381755611,2.20742048283268,-0.0594484293471401,0.0804107222213437,0.0243524243100004,-0.0734128836214282
-12.6399027630389,17.7454271944418,2.20742048283268,-0.0594484293471401,0.0804107222213437,-0.0864227054234914,0.0609782966593869
-12.805987970594,17.8695438285179,2.20742048283268,-0.0594484293471401,0.0804107222213437,-0.106636778207979,0.0437059118547748
-12.8622558847278,17.8797027801556,2.20742048283268,-0.0594484293471401,0.0804107222213437,0.00318051521332491,-0.0702517705836824
-12.9875671429049,18.0608885426724,2.20742048283268,-0.0594484293471401,0.0804107222213437,-0.0658628288299484,0.100775040295532
-12.8744088223166,18.1459899999454,2.20742048283268,-0.0594484293471401,0.0804107222213437,0.172606749935429,0.0046907350516344
-12.7821404283098,18.1178140137073,2.20742048283268,-0.0594484293471401,0.0804107222213437,0.151716823353994,-0.108586708459455
-12.8773871904054,18.1903295821288,2.20742048283268,-0.0594484293471401,0.0804107222213437,-0.0357983327484991,-0.00789515379982467
-12.8985757632324,18.2472663297398,2.20742048283268,-0.0594484293471401,0.0804107222213437,0.038259856520135,-0.0234739746103764
-13.0707959322177,18.2214281471215,2.20742048283268,-0.0594484293471401,0.0804107222213437,-0.112771739638114,-0.106248904839653
-13.1933412882041,18.305006878582,2.20742048283268,-0.0594484293471401,0.0804107222213437,-0.0630969266392628,0.00316800923920446
-13.1133408831912,18.5050544951009,2.20742048283268,-0.0594484293471401,0.0804107222213437,0.139448834359968,0.119636894297489
-13.1217169384147,18.7533376566019,2.20742048283268,-0.0594484293471401,0.0804107222213437,0.0510723741236904,0.167872439279635
-13.1932323911368,18.8187679736118,2.20742048283268,-0.0594484293471401,0.0804107222213437,-0.0120670233749275,-0.0149804052113653
-13.3739812763641,19.0193957852879,2.20742048283268,-0.0594484293471401,0.0804107222213437,-0.121300455880223,0.120217089454759
-13.571971308955,19.1240328650893,2.20742048283268,-0.0594484293471401,0.0804107222213437,-0.13854160324375,0.0242263575800294
-13.635036358439,19.210801696526,2.20742048283268,-0.0594484293471401,0.0804107222213437,-0.00361662013680952,0.00635810921537663
-13.6463184801907,19.2863974435118,2.20742048283268,-0.0594484293471401,0.0804107222213437,0.0481663075954201,-0.00481497523559538
-13.7047773854997,19.4121030970878,2.20742048283268,-0.0594484293471401,0.0804107222213437,0.000989524038152556,0.0452949313547083
-13.8984713124133,19.4821699043785,2.20742048283268,-0.0594484293471401,0.0804107222213437,-0.134245497566447,-0.0103439149307223
-14.0234187463116,19.5257635160006,2.20742048283268,-0.0594484293471401,0.0804107222213437,-0.0654990045512348,-0.0368171105992307
-14.1346137635705,19.6275347000943,2.20742048283268,-0.0594484293471401,0.0804107222213437,-0.0517465879117028,0.0213604618723597
-14.1636756508645,19.6383791084167,2.20742048283268,-0.0594484293471401,0.0804107222213437,0.0303865420531212,-0.0695663138989241
-14.2904359065274,19.7968731512195,2.20742048283268,-0.0594484293471401,0.0804107222213437,-0.0673118263157133,0.0780833205814414
-14.3987477056612,20.0476745400917,2.20742048283268,-0.0594484293471401,0.0804107222213437,-0.0488633697867511,0.170390666650904
-14.4252467145574,20.1618943848386,2.20742048283268,-0.0594484293471401,0.0804107222213437,0.0329494204509785,0.0338091225255418
-14.3501582900835,20.2449441863318,2.20742048283268,-0.0594484293471401,0.0804107222213437,0.134536853821046,0.00263907927179058
-14.4134207481524,20.3390732363437,2.20742048283268,-0.0594484293471401,0.0804107222213437,-0.00381402872173081,0.0137183277906109
-14.539507430109,20.2925245071682,2.20742048283268,-0.0594484293471401,0.0804107222213437,-0.0666382526094972,-0.126959451396812
-14.6175349402775,20.290092201247,2.20742048283268,-0.0594484293471401,0.0804107222213437,-0.0185790808213692,-0.0828430281425639
-14.5558718431464,20.3939315270914,2.20742048283268,-0.0594484293471401,0.0804107222213437,0.12111152647822,0.0234286036230273
-14.6939419171583,20.4035075445994,2.20742048283268,-0.0594484293471401,0.0804107222213437,-0.0786216446647402,-0.0708347047133507
-14.7133843276461,20.384264073908,2.20742048283268,-0.0594484293471401,0.0804107222213437,0.0400060188593404,-0.0996541929126863
-14.7997287422129,20.4360065392725,2.20742048283268,-0.0594484293471401,0.0804107222213437,-0.0268959852196198,-0.0286682568569155
-14.8188229556887,20.4812026719807,2.20742048283268,-0.0594484293471401,0.0804107222213437,0.040354215871355,-0.0352145895130861
-14.7619796909203,20.5785666664965,2.20742048283268,-0.0594484293471401,0.0804107222213437,0.116291694115557,0.0169532722943837
-14.8702724009133,20.6491420232069,2.20742048283268,-0.0594484293471401,0.0804107222213437,-0.0488442806459322,-0.00983536551093742
-14.8157941325527,20.7513755249766,2.20742048283268,-0.0594484293471401,0.0804107222213437,0.113926697707764,0.021822779548437
-14.920463026609,20.8371140422972,2.20742048283268,-0.0594484293471401,0.0804107222213437,-0.0452204647091434,0.00532779509918446
-15.0547991848132,21.1077462651726,2.20742048283268,-0.0594484293471401,0.0804107222213437,-0.0748877288570419,0.190221500654029
-14.9932575356042,21.1627593782772,2.20742048283268,-0.0594484293471401,0.0804107222213437,0.120990078556074,-0.0253976091167404
-14.8284025411129,21.36434817035,2.20742048283268,-0.0594484293471401,0.0804107222213437,0.224303423838512,0.121178069851455
-14.9141802993728,21.3901657962996,2.20742048283268,-0.0594484293471401,0.0804107222213437,-0.0263293289128229,-0.054593096271734
-14.9994108302285,21.5258997225044,2.20742048283268,-0.0594484293471401,0.0804107222213437,-0.0257821015085441,0.05532320398352
-15.0592931607753,21.5163076927761,2.20742048283268,-0.0594484293471401,0.0804107222213437,-0.000433901199661246,-0.0900027519496922
-15.0954864009304,21.5234805617482,2.20742048283268,-0.0594484293471401,0.0804107222213437,0.0232551891920847,-0.0732378532492107
-15.1620303449013,21.5769912983594,2.20742048283268,-0.0594484293471401,0.0804107222213437,-0.00709551462381386,-0.0268999856101541
-15.2174399098876,21.7710888260574,2.20742048283268,-0.0594484293471401,0.0804107222213437,0.00403886436085032,0.113686805476617
-15.3178307923417,21.8449717736056,2.20742048283268,-0.0594484293471401,0.0804107222213437,-0.0409424531069936,-0.00652777467315899
-15.4584128162743,21.9170932815108,2.20742048283268,-0.0594484293471401,0.0804107222213437,-0.0811335945853835,-0.00828921431607091
-15.5141101336261,22.0073352286148,2.20742048283268,-0.0594484293471401,0.0804107222213437,0.00375111199530043,0.00983122488265212
-15.4472166847922,22.0629639411374,2.20742048283268,-0.0594484293471401,0.0804107222213437,0.126341878181043,-0.0247820096987666
-15.4718514323363,22.243319924758,2.20742048283268,-0.0594484293471401,0.0804107222213437,0.034813681803021,0.0999452613992728
-15.4887196407614,22.3038417224285,2.20742048283268,-0.0594484293471401,0.0804107222213437,0.0425802209220834,-0.0198889245508362
-15.4352465411956,22.4360426965267,2.20742048283268,-0.0594484293471401,0.0804107222213437,0.112921528912909,0.0517902518768527
-15.5179939787794,22.4482127462802,2.20742048283268,-0.0594484293471401,0.0804107222213437,-0.0232990082366153,-0.068240672467914
-15.548382567038,22.5185630932186,2.20742048283268,-0.0594484293471401,0.0804107222213437,0.0290598410885503,-0.0100603752828476
-15.5727520687617,22.6592038964613,2.20742048283268,-0.0594484293471401,0.0804107222213437,0.03507892762344,0.0602300810213263
-15.8012649955583,22.7035624082695,2.20742048283268,-0.0594484293471401,0.0804107222213437,-0.16906449744946,-0.0360522104131304
-15.916568383233,22.8795432135308,2.20742048283268,-0.0594484293471401,0.0804107222213437,-0.0558549583276328,0.095570083039908
-16.0160147618435,22.8966099267993,2.20742048283268,-0.0594484293471401,0.0804107222213437,-0.039997949263302,-0.0633440089527932
-16.0532699309503,22.9886190346696,2.20742048283268,-0.0594484293471401,0.0804107222213437,0.0221932602402931,0.0115983856488848
-16.1060076454617,23.0813254708104,2.20742048283268,-0.0594484293471401,0.0804107222213437,0.0067107148357447,0.0122957139194754
-16.1261822527752,22.9949917309871,2.20742048283268,-0.0594484293471401,0.0804107222213437,0.0392738220336517,-0.166744462044583
-16.1632161566102,23.1431459519095,2.20742048283268,-0.0594484293471401,0.0804107222213437,0.0224145255121558,0.0677434987010374
-16.0769327368508,23.216632667873,2.20742048283268,-0.0594484293471401,0.0804107222213437,0.145731849106568,-0.0069240062578976
-16.0882234655601,23.2227931972091,2.20742048283268,-0.0594484293471401,0.0804107222213437,0.0481577006377593,-0.0742501928851877
-16.0682920100863,23.1283478915643,2.20742048283268,-0.0594484293471401,0.0804107222213437,0.0793798848209861,-0.174856027866135
-16.0762301899153,23.1041107579978,2.20742048283268,-0.0594484293471401,0.0804107222213437,0.0515102495181565,-0.104647855787922
-16.2082302587427,23.2194757844955,2.20742048283268,-0.0594484293471401,0.0804107222213437,-0.0725516394802563,0.0349543042764312
-16.1205451047143,23.2015281371937,2.20742048283268,-0.0594484293471401,0.0804107222213437,0.147133583375545,-0.0983583695232288
-16.181457395467,23.2725115554628,2.20742048283268,-0.0594484293471401,0.0804107222213437,-0.0014638614055893,-0.00942730395221816
-16.2064037169796,23.4352182657886,2.20742048283268,-0.0594484293471401,0.0804107222213437,0.0345021078344894,0.0822959881044932
-16.2060969371456,23.5668938411029,2.20742048283268,-0.0594484293471401,0.0804107222213437,0.0597552091811726,0.0512648530929472
-16.2215223912249,23.6800625832175,2.20742048283268,-0.0594484293471401,0.0804107222213437,0.044022975267842,0.0327580198932264
-16.2942741504423,23.6489084977938,2.20742048283268,-0.0594484293471401,0.0804107222213437,-0.0133033298702678,-0.111564807645081
-16.3776461961775,23.7834022947409,2.20742048283268,-0.0594484293471401,0.0804107222213437,-0.0239236163880976,0.0540830747258479
-16.5029740789701,23.8571707264323,2.20742048283268,-0.0594484293471401,0.0804107222213437,-0.065879453445373,-0.00664229052994797
-16.4934216902306,23.8405688771616,2.20742048283268,-0.0594484293471401,0.0804107222213437,0.0690008180866069,-0.0970125714921301
-16.5318442661388,23.8790393485485,2.20742048283268,-0.0594484293471401,0.0804107222213437,0.0210258534389591,-0.0419402508343691
-16.7182352458714,23.9300169059801,2.20742048283268,-0.0594484293471401,0.0804107222213437,-0.12694255038546,-0.0294331647898289
-16.8585437916928,24.021498038598,2.20742048283268,-0.0594484293471401,0.0804107222213437,-0.0808601164743321,0.0110704103966492
-16.999961469973,24.2028922282135,2.20742048283268,-0.0594484293471401,0.0804107222213437,-0.0819692489330659,0.100983467394142
-17.0956437344413,24.3348986057717,2.20742048283268,-0.0594484293471401,0.0804107222213437,-0.0362338351211163,0.0515956553367936
-17.2321015158999,24.3729927922319,2.20742048283268,-0.0594484293471401,0.0804107222213437,-0.077009352111447,-0.0423165357611326
-17.2711045223796,24.5249937376196,2.20742048283268,-0.0594484293471401,0.0804107222213437,0.0204454228673848,0.0715902231663449
-17.3119431827092,24.6970617630139,2.20742048283268,-0.0594484293471401,0.0804107222213437,0.0186097690175829,0.0916573031730305
-17.3255317813168,24.7042608519467,2.20742048283268,-0.0594484293471401,0.0804107222213437,0.0458598307394988,-0.0732116332885724
-17.5024772994068,24.7522048378996,2.20742048283268,-0.0594484293471401,0.0804107222213437,-0.117497088742795,-0.0324667362684896
-17.5654321528724,24.9336956832727,2.20742048283268,-0.0594484293471401,0.0804107222213437,-0.00350642411846025,0.101080123151807
-17.5809830448913,25.080517861119,2.20742048283268,-0.0594484293471401,0.0804107222213437,0.0438975373281818,0.0664114556249047
-17.6902057943535,25.210198510555,2.20742048283268,-0.0594484293471401,0.0804107222213437,-0.0497743201150516,0.0492699272147103
-17.7781260491895,25.2155707914747,2.20742048283268,-0.0594484293471401,0.0804107222213437,-0.0284718254888656,-0.0750384413016446
-17.9177355576017,25.1930694943433,2.20742048283268,-0.0594484293471401,0.0804107222213437,-0.0801610790650716,-0.102912019352817
-18.0041445496215,25.1452543073623,2.20742048283268,-0.0594484293471401,0.0804107222213437,-0.0269605626726641,-0.128225909202343
-18.0442927658444,25.1338863115705,2.20742048283268,-0.0594484293471401,0.0804107222213437,0.0193002131242405,-0.091778718013079
-18.0605212620784,25.3405571944015,2.20742048283268,-0.0594484293471401,0.0804107222213437,0.0432199331132085,0.126260160609612
-18.0475547523971,25.397654052649,2.20742048283268,-0.0594484293471401,0.0804107222213437,0.0724149390284042,-0.0233138639737982
-18.0005813938346,25.4978708940382,2.20742048283268,-0.0594484293471401,0.0804107222213437,0.106421787909677,0.0198061191678706
-17.9312285013645,25.5644357898537,2.20742048283268,-0.0594484293471401,0.0804107222213437,0.128801321817221,-0.0138458264058935
-17.8452947884811,25.6558354818594,2.20742048283268,-0.0594484293471401,0.0804107222213437,0.145382142230518,0.0109889697843881
-18.0010316937152,25.6634721456243,2.20742048283268,-0.0594484293471401,0.0804107222213437,-0.0962884758869758,-0.0727740584564374
-18.0244403739909,25.5940921160861,2.20742048283268,-0.0594484293471401,0.0804107222213437,0.0360397490714426,-0.149790751759615
-18.0781577398511,25.6535249512402,2.20742048283268,-0.0594484293471401,0.0804107222213437,0.00573106348692476,-0.0209778870671936
-18.0989356488759,25.6974806584091,2.20742048283268,-0.0594484293471401,0.0804107222213437,0.0386705203223725,-0.0364550150524253
-18.1846995178662,25.8285305668208,2.20742048283268,-0.0594484293471401,0.0804107222213437,-0.0263154396431886,0.0506391861903005
-18.2896440841105,25.9148009133542,2.20742048283268,-0.0594484293471401,0.0804107222213437,-0.0454961368971236,0.00585962431210468
-18.2479361685633,26.0838247155573,2.20742048283268,-0.0594484293471401,0.0804107222213437,0.101156344894313,0.0886130799817727
-18.1700707247102,26.150388238204,2.20742048283268,-0.0594484293471401,0.0804107222213437,0.137313873200217,-0.013847199574658
-18.0515884255487,26.1332706520404,2.20742048283268,-0.0594484293471401,0.0804107222213437,0.177930728508718,-0.0975283083849983
-18.2442750819707,26.2091284601305,2.20742048283268,-0.0594484293471401,0.0804107222213437,-0.133238227074879,-0.00455291413122566
-18.3686071309884,26.3264335051779,2.20742048283268,-0.0594484293471401,0.0804107222213437,-0.0648836196705844,0.0368943228260089
-18.2586757480259,26.2215783099463,2.20742048283268,-0.0594484293471401,0.0804107222213437,0.169379812309663,-0.185265917452859
-18.3981313896018,26.3202094579991,2.20742048283268,-0.0594484293471401,0.0804107222213437,-0.0800072122288196,0.0182204258313983
-18.505486542196,26.2310250580073,2.20742048283268,-0.0594484293471401,0.0804107222213437,-0.047906723247036,-0.169595122213154
-18.5139122826539,26.2665110494557,2.20742048283268,-0.0594484293471401,0.0804107222213437,0.0510226888892149,-0.0449247307729076
-18.7271821221532,26.3255299298186,2.20742048283268,-0.0594484293471401,0.0804107222213437,-0.153821410152114,-0.0213918418585004
-18.8406736283667,26.4205414333075,2.20742048283268,-0.0594484293471401,0.0804107222213437,-0.0540430768664051,0.0146007812675908
-18.9783724611366,26.4320241390418,2.20742048283268,-0.0594484293471401,0.0804107222213437,-0.078250403422768,-0.0689280164870159
-19.1012566845645,26.3369680486477,2.20742048283268,-0.0594484293471401,0.0804107222213437,-0.06343579408068,-0.175466812615489
-19.2221721758317,26.3460877091853,2.20742048283268,-0.0594484293471401,0.0804107222213437,-0.0614670619200799,-0.0712910616837172
-19.3971751678441,26.5811334565148,2.20742048283268,-0.0594484293471401,0.0804107222213437,-0.115554562665334,0.154635025108186
-19.4377231985683,26.5213672602509,2.20742048283268,-0.0594484293471401,0.0804107222213437,0.0189003986230023,-0.140176918485232
-19.5817619118116,26.7135530312116,2.20742048283268,-0.0594484293471401,0.0804107222213437,-0.0845902838962299,0.111775048739326
-19.5561742776569,26.7034208392733,2.20742048283268,-0.0594484293471401,0.0804107222213437,0.085036063501888,-0.0905429141596944
-19.5774522758216,26.78439229538,2.20742048283268,-0.0594484293471401,0.0804107222213437,0.0381704311824708,0.000560733885406561
-19.6066799259853,26.8547593281749,2.20742048283268,-0.0594484293471401,0.0804107222213437,0.0302207791834207,-0.0100436894264349
-19.6371007889095,26.766582375162,2.20742048283268,-0.0594484293471401,0.0804107222213437,0.0290275664229511,-0.168587675234251
-19.7110473805878,26.8397844885966,2.20742048283268,-0.0594484293471401,0.0804107222213437,-0.0144981623312213,-0.00720860878680529
-19.734736082584,26.8682779691317,2.20742048283268,-0.0594484293471401,0.0804107222213437,0.0357597273510082,-0.0519172416861966
-19.7033454955684,26.8795682724031,2.20742048283268,-0.0594484293471401,0.0804107222213437,0.0908390163627002,-0.0691204189499934
-19.7971846784253,26.8609794080517,2.20742048283268,-0.0594484293471401,0.0804107222213437,-0.0343907535097592,-0.0989995865726558
-19.8197876390015,26.9449190807567,2.20742048283268,-0.0594484293471401,0.0804107222213437,0.0368454687709012,0.00352895048361446
-19.8037881209386,27.0957880745862,2.20742048283268,-0.0594484293471401,0.0804107222213437,0.0754479474100587,0.070458271608115
-19.9619858634024,27.3238318374982,2.20742048283268,-0.0594484293471401,0.0804107222213437,-0.0987493131166097,0.147633040690665
-20.0616068029135,27.3903869283913,2.20742048283268,-0.0594484293471401,0.0804107222213437,-0.0401725101639792,-0.0138556313282538
-20.081300616602,27.3560057689282,2.20742048283268,-0.0594484293471401,0.0804107222213437,0.0397546156586261,-0.11479188168445
-20.1251665830774,27.4772437317138,2.20742048283268,-0.0594484293471401,0.0804107222213437,0.0155824628717165,0.040827240564262
-20.1414577226386,27.6815376564029,2.20742048283268,-0.0594484293471401,0.0804107222213437,0.0431572897859129,0.123883202467777
-20.148907971937,27.7713724105412,2.20742048283268,-0.0594484293471401,0.0804107222213437,0.0519981800487535,0.00942403191695873
-20.3088399373082,27.800487612561,2.20742048283268,-0.0594484293471401,0.0804107222213437,-0.100483536024023,-0.0512955202015524
-20.4278936339983,27.8756835128308,2.20742048283268,-0.0594484293471401,0.0804107222213437,-0.0596052673429903,-0.00521482195151468
-20.4309072518364,28.0392956062522,2.20742048283268,-0.0594484293471401,0.0804107222213437,0.0564348115090183,0.0832013712000557
-20.3440170279753,28.0665125097978,2.20742048283268,-0.0594484293471401,0.0804107222213437,0.146338653208289,-0.0531938186757295
-20.5045843902169,28.191482330235,2.20742048283268,-0.0594484293471401,0.0804107222213437,-0.101118932894489,0.0445590982158328
-20.6939525624559,28.3803916336225,2.20742048283268,-0.0594484293471401,0.0804107222213437,-0.129919742891859,0.108498581166114
-20.7572699621142,28.5811059805825,2.20742048283268,-0.0594484293471401,0.0804107222213437,-0.00386897031118405,0.120303624738693
-20.7811328173009,28.6954335766236,2.20742048283268,-0.0594484293471401,0.0804107222213437,0.0355855741604572,0.033916873819788
-20.7084754900183,28.8279301712717,2.20742048283268,-0.0594484293471401,0.0804107222213437,0.132105756629762,0.0520858724267416
-20.8174463890942,28.99422484894,2.20742048283268,-0.0594484293471401,0.0804107222213437,-0.0495224697287322,0.0858839554469787
-20.9913476184399,29.050974387674,2.20742048283268,-0.0594484293471401,0.0804107222213437,-0.114452799998618,-0.0236611834873758
-20.9936865673598,29.226210153273,2.20742048283268,-0.0594484293471401,0.0804107222213437,0.0571094804272823,0.0948250433776555
-21.1249769401847,29.4925997476422,2.20742048283268,-0.0594484293471401,0.0804107222213437,-0.0718419434777713,0.185978872147867
-21.2414922579998,29.4607172723182,2.20742048283268,-0.0594484293471401,0.0804107222213437,-0.0570668884679564,-0.112293197545337
-21.2948043550894,29.520536663033,2.20742048283268,-0.0594484293471401,0.0804107222213437,0.0061363322575777,-0.0205913315065848
-21.3186771548258,29.6363726952102,2.20742048283268,-0.0594484293471401,0.0804107222213437,0.0355756296106823,0.0354253099558673
-21.4516835206261,29.7356316739593,2.20742048283268,-0.0594484293471401,0.0804107222213437,-0.0735579364531957,0.0188482565277718
-21.6460180823286,29.844076728482,2.20742048283268,-0.0594484293471401,0.0804107222213437,-0.134886132355281,0.0280343323013127
-21.6459318668713,29.8901010275943,2.20742048283268,-0.0594484293471401,0.0804107222213437,0.0595346448044197,-0.0343864231089812
-21.7824384980921,29.8862797454635,2.20742048283268,-0.0594484293471401,0.0804107222213437,-0.0770582018736879,-0.0842320043521356
-21.7313857663425,30.0044639710293,2.20742048283268,-0.0594484293471401,0.0804107222213437,0.11050116109673,0.0377735033444472
-21.8027928432081,30.1173757713315,2.20742048283268,-0.0594484293471401,0.0804107222213437,-0.011958647518414,0.0325010780808194
-21.9370930212153,30.3560904434552,2.20742048283268,-0.0594484293471401,0.0804107222213437,-0.074851748660079,0.158303949902358
-22.1221994065099,30.4870004384593,2.20742048283268,-0.0594484293471401,0.0804107222213437,-0.125657955947427,0.0504992727827798
-22.1423780931241,30.417160495389,2.20742048283268,-0.0594484293471401,0.0804107222213437,0.0392697427328985,-0.15025066529165
-22.2353947976547,30.5273104250221,2.20742048283268,-0.0594484293471401,0.0804107222213437,-0.0335682751834542,0.0297392074117567
-22.2475957492111,30.6788029827234,2.20742048283268,-0.0594484293471401,0.0804107222213437,0.0472474777907093,0.0710818354798828
-22.3127677011932,30.7266710326632,2.20742048283268,-0.0594484293471401,0.0804107222213437,-0.00572352263498233,-0.0325426722815266
-22.3470518227599,30.7312306626037,2.20742048283268,-0.0594484293471401,0.0804107222213437,0.0251643077804874,-0.0758510922808299
-22.4980011818458,30.8065373206422,2.20742048283268,-0.0594484293471401,0.0804107222213437,-0.0915009297387164,-0.00510406418285736
-22.5792799106272,30.809064977631,2.20742048283268,-0.0594484293471401,0.0804107222213437,-0.0218302994342894,-0.0778830652325574
-22.6878212548876,30.8223551838532,2.20742048283268,-0.0594484293471401,0.0804107222213437,-0.049092914913301,-0.0671205159991227
-22.7342653024503,30.879501333761,2.20742048283268,-0.0594484293471401,0.0804107222213437,0.0130043817844224,-0.0232645723135493
-22.7834869612291,30.931675298875,2.20742048283268,-0.0594484293471401,0.0804107222213437,0.010226770568379,-0.0282367571072931
-22.8804728364332,31.1278435993633,2.20742048283268,-0.0594484293471401,0.0804107222213437,-0.0375374458569666,0.115757578266905
-22.8934255605991,31.3344803547827,2.20742048283268,-0.0594484293471401,0.0804107222213437,0.0464957051812588,0.126226033198062
-22.7430509605754,31.4616403857724,2.20742048283268,-0.0594484293471401,0.0804107222213437,0.209823029370866,0.0467493087683297
-22.7583424175955,31.3860758637559,2.20742048283268,-0.0594484293471401,0.0804107222213437,0.0441569723270284,-0.155975244237827
-22.8892380751583,31.4714882255891,2.20742048283268,-0.0594484293471401,0.0804107222213437,-0.0714472282157006,0.00500163961189903
-22.9974557291072,31.4482029176306,2.20742048283268,-0.0594484293471401,0.0804107222213437,-0.0487692246017449,-0.103696030179815
-23.0656251729115,31.7058350356873,2.20742048283268,-0.0594484293471401,0.0804107222213437,-0.00872101445714102,0.177221395835322
-23.0741121224554,31.7789667716251,2.20742048283268,-0.0594484293471401,0.0804107222213437,0.0509614798031964,-0.00727898628351864
-23.0852363413783,31.8899476653644,2.20742048283268,-0.0594484293471401,0.0804107222213437,0.0483242104242899,0.0305701715179175
-23.2702268902953,32.0343572045377,2.20742048283268,-0.0594484293471401,0.0804107222213437,-0.125542119569853,0.0639988169519639
-23.2508611875648,32.0940837255862,2.20742048283268,-0.0594484293471401,0.0804107222213437,0.0788141320775421,-0.0206842011728413
-23.2473205884336,32.1865723974079,2.20742048283268,-0.0594484293471401,0.0804107222213437,0.0629890284784165,0.0120779496002981
-23.2725738325194,32.320963416694,2.20742048283268,-0.0594484293471401,0.0804107222213437,0.0341951852612901,0.053980297064842
-23.2849119874458,32.3599664939965,2.20742048283268,-0.0594484293471401,0.0804107222213437,0.0471102744207652,-0.0414076449188865
-23.4575199767573,32.4573092681651,2.20742048283268,-0.0594484293471401,0.0804107222213437,-0.113159559964337,0.0169320519472113
-23.5325843294791,32.4957854814944,2.20742048283268,-0.0594484293471401,0.0804107222213437,-0.0156159233747165,-0.0419345088920215
-23.5804899037556,32.5750824616143,2.20742048283268,-0.0594484293471401,0.0804107222213437,0.0115428550706198,-0.00111374210139714
-23.5782806619361,32.5337520122396,2.20742048283268,-0.0594484293471401,0.0804107222213437,0.0616576711666662,-0.121741171596074
-23.7216872570002,32.6721738300176,2.20742048283268,-0.0594484293471401,0.0804107222213437,-0.0839581657169169,0.0580110955566935
-23.7593623725322,32.7273169022672,2.20742048283268,-0.0594484293471401,0.0804107222213437,0.021773313815152,-0.0252676499718091
-23.8860137324069,32.9382079758194,2.20742048283268,-0.0594484293471401,0.0804107222213437,-0.0672029305276315,0.13048035133089
-24.1120452879496,33.0127987195154,2.20742048283268,-0.0594484293471401,0.0804107222213437,-0.166583126195566,-0.00581997852539168
-24.3043686870832,33.0166568001271,2.20742048283268,-0.0594484293471401,0.0804107222213437,-0.132874969786446,-0.076552641609593
-24.3121169351793,32.9979262479916,2.20742048283268,-0.0594484293471401,0.0804107222213437,0.0517001812510326,-0.0991412743569051
-24.2974241915063,32.955225857488,2.20742048283268,-0.0594484293471401,0.0804107222213437,0.074141173020174,-0.123111112724932
-24.34948636897,33.0627989024592,2.20742048283268,-0.0594484293471401,0.0804107222213437,0.00738625188338526,0.0271623227498541
-24.4900097129298,33.192171211463,2.20742048283268,-0.0594484293471401,0.0804107222213437,-0.0810749146126107,0.0489615867825296
-24.4587883875987,33.1151979257149,2.20742048283268,-0.0594484293471401,0.0804107222213437,0.090669754678257,-0.157384007969521
-24.733244295574,33.1434309338708,2.20742048283268,-0.0594484293471401,0.0804107222213437,-0.215007478628205,-0.0521777140654172
-24.9286998209937,33.1201838099336,2.20742048283268,-0.0594484293471401,0.0804107222213437,-0.13600709607253,-0.103657846158481
-25.0608370117241,33.3031248289954,2.20742048283268,-0.0594484293471401,0.0804107222213437,-0.0726887613832554,0.102530296840376
-25.0355421940014,33.4109518501753,2.20742048283268,-0.0594484293471401,0.0804107222213437,0.084743247069865,0.0274162989585984
-25.0066470978285,33.3801858318012,2.20742048283268,-0.0594484293471401,0.0804107222213437,0.0883435255199923,-0.111176740595497
-25.1025294555142,33.4979090631571,2.20742048283268,-0.0594484293471401,0.0804107222213437,-0.0364339283385138,0.0373125091346247
-25.2989090314872,33.5958966482522,2.20742048283268,-0.0594484293471401,0.0804107222213437,-0.136931146625878,0.0175768628736952
-25.277882496136,33.6688387855795,2.20742048283268,-0.0594484293471401,0.0804107222213437,0.0804749646983412,-0.00746858489397495
-25.3780745232334,33.8903348992391,2.20742048283268,-0.0594484293471401,0.0804107222213437,-0.0407435977503058,0.141085391438243
-25.4760373493186,34.0433576653562,2.20742048283268,-0.0594484293471401,0.0804107222213437,-0.0385143967380152,0.0726120438957166
-25.6181662657165,34.1162293341137,2.20742048283268,-0.0594484293471401,0.0804107222213437,-0.0826804870507449,-0.00753905346379946
-25.6446852934324,34.1970347240597,2.20742048283268,-0.0594484293471401,0.0804107222213437,0.0329294016311655,0.000394667724652464
-25.658692296937,34.2392060712542,2.20742048283268,-0.0594484293471401,0.0804107222213437,0.0454414258425788,-0.0382393750268997
-25.8589457906883,34.3761036212432,2.20742048283268,-0.0594484293471401,0.0804107222213437,-0.140805064404139,0.0564868277676279
-25.8093561432035,34.4358700116865,2.20742048283268,-0.0594484293471401,0.0804107222213437,0.109038076831917,-0.0206443317779628
-25.9157823396399,34.5418867542365,2.20742048283268,-0.0594484293471401,0.0804107222213437,-0.0469777670893162,0.0256060203286458
-25.8906411491309,34.662519571105,2.20742048283268,-0.0594484293471401,0.0804107222213437,0.0845896198561463,0.0402220946470985
-26.000899835801,34.7198796228792,2.20742048283268,-0.0594484293471401,0.0804107222213437,-0.0508102573229176,-0.0230506704471231
-25.9973249931808,34.7317006043369,2.20742048283268,-0.0594484293471401,0.0804107222213437,0.0630232719673674,-0.0685897407636737
-26.0411132050836,34.6811136917998,2.20742048283268,-0.0594484293471401,0.0804107222213437,0.0156602174443527,-0.130997634758406
-26.1021941819371,34.7577346910281,2.20742048283268,-0.0594484293471401,0.0804107222213437,-0.00163254750641037,-0.00378972299305458
-26.1809146069395,34.9339040969332,2.20742048283268,-0.0594484293471401,0.0804107222213437,-0.0192719956552949,0.0957586836837264
-26.2751793807305,35.0719950947698,2.20742048283268,-0.0594484293471401,0.0804107222213437,-0.0348163444437851,0.0576802756152869
-26.2981618709113,35.1514713087844,2.20742048283268,-0.0594484293471401,0.0804107222213437,0.0364659391663417,-0.000934508206696938
-26.1944902974127,35.2765079695895,2.20742048283268,-0.0594484293471401,0.0804107222213437,0.163120002845678,0.0446259385837104
-26.3195658308166,35.3833218807311,2.20742048283268,-0.0594484293471401,0.0804107222213437,-0.0656271040567812,0.0264031889202943
-26.3714925329036,35.5676153526436,2.20742048283268,-0.0594484293471401,0.0804107222213437,0.00752172726022993,0.103882749691155
-26.4440399024809,35.6050227878185,2.20742048283268,-0.0594484293471401,0.0804107222213437,-0.0130989402302157,-0.0430032870464531
-26.456553104197,35.6245657221276,2.20742048283268,-0.0594484293471401,0.0804107222213437,0.0469352276310428,-0.0608677879123145
-26.6534713569493,35.6638050378127,2.20742048283268,-0.0594484293471401,0.0804107222213437,-0.137469823405171,-0.0411714065361922
-26.7999764746642,35.616852602991,2.20742048283268,-0.0594484293471401,0.0804107222213437,-0.0870566883677564,-0.127363157043066
-26.9482976850523,35.8285621768026,2.20742048283268,-0.0594484293471401,0.0804107222213437,-0.0888727810409776,0.131298851590316
-26.8953811104137,35.9727597746583,2.20742048283268,-0.0594484293471401,0.0804107222213437,0.11236500398572,0.063786875634355
-27.0000814315306,36.042355711346,2.20742048283268,-0.0594484293471401,0.0804107222213437,-0.0452518917697591,-0.0108147855336994
-27.1379942813406,36.1714945102244,2.20742048283268,-0.0594484293471401,0.0804107222213437,-0.0784644204628465,0.0487280766570216
-27.2170346605593,36.146838243169,2.20742048283268,-0.0594484293471401,0.0804107222213437,-0.0195919498714852,-0.105066989276707
-27.3447663245646,36.3446121822869,2.20742048283268,-0.0594484293471401,0.0804107222213437,-0.0682832346581994,0.117363216896538
-27.3390187276974,36.3568920337887,2.20742048283268,-0.0594484293471401,0.0804107222213437,0.0651960262142957,-0.0681308707195134
-27.4827397377266,36.5751708734776,2.20742048283268,-0.0594484293471401,0.0804107222213437,-0.0842725806819971,0.137868117467586
-27.5331842420692,36.7467906986675,2.20742048283268,-0.0594484293471401,0.0804107222213437,0.00900392500446606,0.0912091029684867
-27.6708504655983,36.6938270307438,2.20742048283268,-0.0594484293471401,0.0804107222213437,-0.078217794181952,-0.133374390145015
-27.6414456557674,36.7789032116161,2.20742048283268,-0.0594484293471401,0.0804107222213437,0.0888532391780495,0.00466545865098933
-27.7441193628265,36.7805565466109,2.20742048283268,-0.0594484293471401,0.0804107222213437,-0.043225277711987,-0.0787573872265304
-27.848215139485,36.6726609201041,2.20742048283268,-0.0594484293471401,0.0804107222213437,-0.0446473473112833,-0.18830634872823
-27.9892456469687,36.683303328907,2.20742048283268,-0.0594484293471401,0.0804107222213437,-0.0815820781365608,-0.0697683134183741
-28.135687808165,36.7146145754154,2.20742048283268,-0.0594484293471401,0.0804107222213437,-0.0869937318492224,-0.0490994757129563
-28.0945272674718,36.7633619901061,2.20742048283268,-0.0594484293471401,0.0804107222213437,0.100608970040374,-0.0316633075306297
-28.13842704508,37.0577182484683,2.20742048283268,-0.0594484293471401,0.0804107222213437,0.0155486517389862,0.213945536140846
-28.1193160897281,37.2089432329874,2.20742048283268,-0.0594484293471401,0.0804107222213437,0.0785593846989459,0.0708142622976878
-28.2483727445731,37.3501576865845,2.20742048283268,-0.0594484293471401,0.0804107222213437,-0.0696082254978301,0.0608037313757995
-28.319809166579,37.3926897451653,2.20742048283268,-0.0594484293471401,0.0804107222213437,-0.0119879926587495,-0.0378786636405901
-28.3214617686297,37.5277029847325,2.20742048283268,-0.0594484293471401,0.0804107222213437,0.0577958272963936,0.0546025173459377
-28.3228205748028,37.6114603277903,2.20742048283268,-0.0594484293471401,0.0804107222213437,0.0580896231740945,0.00334662083636739
-28.3814510462217,37.5323115627257,2.20742048283268,-0.0594484293471401,0.0804107222213437,0.00081795792825258,-0.159559487285918
-28.3374940069965,37.6099530497151,2.20742048283268,-0.0594484293471401,0.0804107222213437,0.103405468572323,-0.00276923523189876
-28.4738971742931,37.6269749765942,2.20742048283268,-0.0594484293471401,0.0804107222213437,-0.0769547379495115,-0.0633887953422916
-28.6494886342819,37.6678291337125,2.20742048283268,-0.0594484293471401,0.0804107222213437,-0.116143030641623,-0.0395565651030674
-28.7586347548929,37.6524093027975,2.20742048283268,-0.0594484293471401,0.0804107222213437,-0.0496976912638226,-0.095830553136338
-28.8131453297753,37.7245999629396,2.20742048283268,-0.0594484293471401,0.0804107222213437,0.00493785446469724,-0.0082200620791798
-28.7907851066506,37.7958670350134,2.20742048283268,-0.0594484293471401,0.0804107222213437,0.0818086524718834,-0.00914365014761198
-28.8494368274324,37.8077083144999,2.20742048283268,-0.0594484293471401,0.0804107222213437,0.000796708565304699,-0.0685694427348419
-28.9190384336596,37.8845863212108,2.20742048283268,-0.0594484293471401,0.0804107222213437,-0.0101531768801026,-0.00353271551041168
-28.9287992241137,37.939183670539,2.20742048283268,-0.0594484293471401,0.0804107222213437,0.0496876388931028,-0.0258133728931846
-29.0690020913721,38.1721926927055,2.20742048283268,-0.0594484293471401,0.0804107222213437,-0.0807544379113166,0.152598299945221
-29.1576507888277,38.1808235072015,2.20742048283268,-0.0594484293471401,0.0804107222213437,-0.0292002681084319,-0.0717799077253483
-29.1086812796612,38.2819887367632,2.20742048283268,-0.0594484293471401,0.0804107222213437,0.108417938513638,0.0207545073403036
-29.1772528037324,38.3248665446796,2.20742048283268,-0.0594484293471401,0.0804107222213437,-0.0091230947241018,-0.0375329143049463
-29.2429020962839,38.4076814923653,2.20742048283268,-0.0594484293471401,0.0804107222213437,-0.00620086320433411,0.00240422546438357
-29.3482993180597,38.4611632377727,2.20742048283268,-0.0594484293471401,0.0804107222213437,-0.04594879242864,-0.0269289768139649
-29.3846511439621,38.497557501958,2.20742048283268,-0.0594484293471401,0.0804107222213437,0.0230966034447164,-0.0440164580360491
-29.3969111576125,38.6541268586442,2.20742048283268,-0.0594484293471401,0.0804107222213437,0.0471884156967569,0.0761586344648646
-29.4755377421437,38.5879554255781,2.20742048283268,-0.0594484293471401,0.0804107222213437,-0.0191781551840571,-0.146582155287406
-29.5247450635073,38.7692435888699,2.20742048283268,-0.0594484293471401,0.0804107222213437,0.0102411079834961,0.100877441070418
-29.6250993935991,38.9009187549589,2.20742048283268,-0.0594484293471401,0.0804107222213437,-0.0409059007446337,0.0512644438677182
-29.7846952158281,39.1176659478941,2.20742048283268,-0.0594484293471401,0.0804107222213437,-0.100147392881829,0.136336470713833
-29.8358649629025,39.3193152217753,2.20742048283268,-0.0594484293471401,0.0804107222213437,0.00827868227269254,0.12123855165979
-29.8658188926969,39.5190824502841,2.20742048283268,-0.0594484293471401,0.0804107222213437,0.029494499552811,0.119356506287536
-29.8599065298055,39.4898245164064,2.20742048283268,-0.0594484293471401,0.0804107222213437,0.0653607922384803,-0.109668656099095
-29.8447527019486,39.6275199946506,2.20742048283268,-0.0594484293471401,0.0804107222213437,0.0746022572040592,0.057284756022885
-29.8024032382025,39.6197049313515,2.20742048283268,-0.0594484293471401,0.0804107222213437,0.101797893093274,-0.0882257855204865
-29.897067268198,39.7996591939385,2.20742048283268,-0.0594484293471401,0.0804107222213437,-0.0352156006484295,0.0995435403656326
-29.8685664014308,39.9509159739,2.20742048283268,-0.0594484293471401,0.0804107222213437,0.0879492961143284,0.0708460577402356
-29.811758692702,40.0396326665681,2.20742048283268,-0.0594484293471401,0.0804107222213437,0.116256138075997,0.0083059704466909
-29.7930335824854,40.0848165261233,2.20742048283268,-0.0594484293471401,0.0804107222213437,0.0781735395637336,-0.0352268626661203
-29.8299710087209,40.0649937403835,2.20742048283268,-0.0594484293471401,0.0804107222213437,0.022511003111601,-0.100233507961087
-29.8682567394712,40.1577413620285,2.20742048283268,-0.0594484293471401,0.0804107222213437,0.0211626985968492,0.0123368994236505
-29.9206844984531,40.3106916975092,2.20742048283268,-0.0594484293471401,0.0804107222213437,0.0070206703652243,0.0725396132592884
-30.0216576757132,40.2850205151494,2.20742048283268,-0.0594484293471401,0.0804107222213437,-0.0415247479129581,-0.106081904581113
-30.0635704182439,40.4890437456263,2.20742048283268,-0.0594484293471401,0.0804107222213437,0.0175356868164516,0.123612508255538
-30.271179636459,40.543176085388,2.20742048283268,-0.0594484293471401,0.0804107222213437,-0.148160788867911,-0.0262783824596283
-30.2946599813264,40.544168490064,2.20742048283268,-0.0594484293471401,0.0804107222213437,0.0359680844797374,-0.0794183175453359
-30.3546175012299,40.5661518597449,2.20742048283268,-0.0594484293471401,0.0804107222213437,-0.000509090556393477,-0.0584273525404554
-30.4364282767321,40.6416493384138,2.20742048283268,-0.0594484293471401,0.0804107222213437,-0.0223623461550975,-0.00491324355244138
-30.4652598682903,40.5983179575446,2.20742048283268,-0.0594484293471401,0.0804107222213437,0.0306168377890219,-0.123742103090556
-30.6023625927436,40.6734385378422,2.20742048283268,-0.0594484293471401,0.0804107222213437,-0.0776542951062492,-0.00529014192370658
-30.696536486896,40.7165356461996,2.20742048283268,-0.0594484293471401,0.0804107222213437,-0.0347254648051741,-0.0373136138639334
-30.6915261342057,40.8209289636141,2.20742048283268,-0.0594484293471401,0.0804107222213437,0.064458782037386,0.0239825951930632
-30.6439227966946,40.8332801072213,2.20742048283268,-0.0594484293471401,0.0804107222213437,0.107051766858299,-0.068059578614131
-30.6376117760432,41.031376797978,2.20742048283268,-0.0594484293471401,0.0804107222213437,0.0657594499984839,0.117685968535355
-30.7343912460807,41.2815652160203,2.20742048283268,-0.0594484293471401,0.0804107222213437,-0.0373310406903613,0.169777695821022
-30.7770132456466,41.2968670403258,2.20742048283268,-0.0594484293471401,0.0804107222213437,0.0168264297812404,-0.065108897915868
-30.8979274649135,41.3692436887236,2.20742048283268,-0.0594484293471401,0.0804107222213437,-0.0614657899197944,-0.00803407382352794
-30.9789341487309,41.3036699925069,2.20742048283268,-0.0594484293471401,0.0804107222213437,-0.0215582544702217,-0.145984418438077
-31.0597993328402,41.4463562847575,2.20742048283268,-0.0594484293471401,0.0804107222213437,-0.0214167547621715,0.062275570029237
-31.0925951051262,41.570898344338,2.20742048283268,-0.0594484293471401,0.0804107222213437,0.0266526570610986,0.0441313373592304
-31.093965271293,41.6450575108424,2.20742048283268,-0.0594484293471401,0.0804107222213437,0.0580782631804229,-0.00625155571698499
-31.2355400495537,41.690952077208,2.20742048283268,-0.0594484293471401,0.0804107222213437,-0.0821263489135864,-0.0345161558557824
-31.3419242037137,41.8282173192496,2.20742048283268,-0.0594484293471401,0.0804107222213437,-0.0469357248128933,0.0568545198203108
-31.4267541604948,41.9509422169121,2.20742048283268,-0.0594484293471401,0.0804107222213437,-0.0253815274339335,0.0423141754411671
-31.5857303099161,41.948863557794,2.20742048283268,-0.0594484293471401,0.0804107222213437,-0.0995277200741998,-0.082489381339484
-31.7236415836801,41.9858981056638,2.20742048283268,-0.0594484293471401,0.0804107222213437,-0.0784628444168014,-0.0433761743515891
-31.7884245105783,42.0263062292897,2.20742048283268,-0.0594484293471401,0.0804107222213437,-0.0053344975511098,-0.040002598595365
-31.7675014447521,42.2192473941838,2.20742048283268,-0.0594484293471401,0.0804107222213437,0.0803714951733438,0.112530442672768
-31.8996124550248,42.34990413826,2.20742048283268,-0.0594484293471401,0.0804107222213437,-0.0726625809255201,0.0502460218547579
-31.9361085461446,42.471116174563,2.20742048283268,-0.0594484293471401,0.0804107222213437,0.022952338227264,0.0408013140816514
-31.9462360983655,42.4485444561456,2.20742048283268,-0.0594484293471401,0.0804107222213437,0.0493208771262869,-0.102982440638669
-32.1099972478647,42.5534270864393,2.20742048283268,-0.0594484293471401,0.0804107222213437,-0.104312720152086,0.0244719080723164
-32.1184772346624,42.5936075503317,2.20742048283268,-0.0594484293471401,0.0804107222213437,0.0509684425494714,-0.0402302583289111
-32.0993334867638,42.584652816795,2.20742048283268,-0.0594484293471401,0.0804107222213437,0.0785921772456988,-0.0893654557580565
-32.1497135802024,42.5903631915784,2.20742048283268,-0.0594484293471401,0.0804107222213437,0.00906833590858817,-0.0747003474379854
-32.1890615502639,42.6004241710712,2.20742048283268,-0.0594484293471401,0.0804107222213437,0.0201004592856623,-0.0703497427284738
-32.1902935397991,42.6304308861385,2.20742048283268,-0.0594484293471401,0.0804107222213437,0.0582164398118719,-0.0504040071540961
-32.3899769394491,42.6558089366187,2.20742048283268,-0.0594484293471401,0.0804107222213437,-0.140234970302764,-0.0550326717411447
-32.4129983938618,42.9264158701963,2.20742048283268,-0.0594484293471401,0.0804107222213437,0.0364269749344121,0.190196211356217
-32.3802937849576,42.929116760974,2.20742048283268,-0.0594484293471401,0.0804107222213437,0.0921530382513327,-0.0777098314436319
-32.4020232625578,43.0551869442983,2.20742048283268,-0.0594484293471401,0.0804107222213437,0.0377189517469296,0.0456594611029875
-32.478075816058,43.0787894169436,2.20742048283268,-0.0594484293471401,0.0804107222213437,-0.0166041241530026,-0.0568082495760147
-32.4524513478664,43.2084260500255,2.20742048283268,-0.0594484293471401,0.0804107222213437,0.0850728975387371,0.0492259108605373
-32.3425315765009,43.3273935829519,2.20742048283268,-0.0594484293471401,0.0804107222213437,0.16936820071259,0.0385568107050768
-32.2943440984653,43.521738852127,2.20742048283268,-0.0594484293471401,0.0804107222213437,0.10763590738279,0.113934546953689
-32.2325465708459,43.7366485493076,2.20742048283268,-0.0594484293471401,0.0804107222213437,0.121245956966488,0.134498974959267
-32.2225011824368,43.7608711926237,2.20742048283268,-0.0594484293471401,0.0804107222213437,0.0694938177562915,-0.0561880789052513
-32.2493560603363,43.7190338850776,2.20742048283268,-0.0594484293471401,0.0804107222213437,0.0325935514476015,-0.122248029767438
-32.232742371493,43.7899761142506,2.20742048283268,-0.0594484293471401,0.0804107222213437,0.0760621181904576,-0.00946849304832698
-32.3911576109502,43.9780905418326,2.20742048283268,-0.0594484293471401,0.0804107222213437,-0.0989668101100942,0.107703705360631
-32.3546775585822,44.1015068075418,2.20742048283268,-0.0594484293471401,0.0804107222213437,0.0959284817151835,0.0430055434879061
-32.3601629561811,44.2712431546211,2.20742048283268,-0.0594484293471401,0.0804107222213437,0.0539630317482509,0.0893256248579487
-32.4819112537585,44.375625812495,2.20742048283268,-0.0594484293471401,0.0804107222213437,-0.06229986823026,0.0239719356525472
-32.5992586074506,44.5423777445105,2.20742048283268,-0.0594484293471401,0.0804107222213437,-0.0578989243450035,0.0863412097941592
-32.7758884435054,44.5697208207384,2.20742048283268,-0.0594484293471401,0.0804107222213437,-0.117181406707607,-0.0530676459934826
-32.9340683670648,44.840363283859,2.20742048283268,-0.0594484293471401,0.0804107222213437,-0.098731494212289,0.190231740899313
-32.9995587545479,44.8689481691565,2.20742048283268,-0.0594484293471401,0.0804107222213437,-0.00604195813598363,-0.0518258369238946
-33.0817015494644,44.9456951631207,2.20742048283268,-0.0594484293471401,0.0804107222213437,-0.0226943655693187,-0.00366372825710659
-33.2459009033242,45.0544006381715,2.20742048283268,-0.0594484293471401,0.0804107222213437,-0.104750924512715,0.0282947528294824
-33.3336434275569,45.1398543841956,2.20742048283268,-0.0594484293471401,0.0804107222213437,-0.0282940948854737,0.00504302380277249
-33.4418686476936,45.1639871493692,2.20742048283268,-0.0594484293471401,0.0804107222213437,-0.0487767907896176,-0.0562779570478244
-33.4375207557299,45.2443336238862,2.20742048283268,-0.0594484293471401,0.0804107222213437,0.063796321310842,-6.42477043254486e-05
-33.7170654996198,45.3377675303711,2.20742048283268,-0.0594484293471401,0.0804107222213437,-0.220096314542751,0.0130231842635304
-33.8869442844264,45.5176571010605,2.20742048283268,-0.0594484293471401,0.0804107222213437,-0.110430355459435,0.0994788484680521
-34.0952819475689,45.5132361772005,2.20742048283268,-0.0594484293471401,0.0804107222213437,-0.148889233795326,-0.0848316460813118
-34.0115320471759,45.4382599238717,2.20742048283268,-0.0594484293471401,0.0804107222213437,0.143198329740147,-0.155386975550163
-33.832191886596,45.5576777293544,2.20742048283268,-0.0594484293471401,0.0804107222213437,0.238788589926989,0.0390070832613478
-34.0137844202646,45.6255079536931,2.20742048283268,-0.0594484293471401,0.0804107222213437,-0.122144104321488,-0.012580497882599
-34.0408715693548,45.730342524208,2.20742048283268,-0.0594484293471401,0.0804107222213437,0.0323612802569558,0.024423848293586
-33.9974680483413,45.6760415596374,2.20742048283268,-0.0594484293471401,0.0804107222213437,0.102851950360714,-0.134711686791973
-33.8475996048851,45.8857275670413,2.20742048283268,-0.0594484293471401,0.0804107222213437,0.209316872803279,0.12927528518254
-33.8491140308593,45.9534194004842,2.20742048283268,-0.0594484293471401,0.0804107222213437,0.0579340033729735,-0.0127188887784649
-33.8968872091909,45.932619817475,2.20742048283268,-0.0594484293471401,0.0804107222213437,0.0116752510155764,-0.101210305230488
-33.9573068554872,45.8493720813677,2.20742048283268,-0.0594484293471401,0.0804107222213437,-0.000971216949243625,-0.163658458328709
-34.0138394104093,45.901370833544,2.20742048283268,-0.0594484293471401,0.0804107222213437,0.0029158744251182,-0.0284119700450264
-34.1288571199578,46.0010599017015,2.20742048283268,-0.0594484293471401,0.0804107222213437,-0.0555692802013914,0.0192783459361644
-34.0624292019642,46.1373017814341,2.20742048283268,-0.0594484293471401,0.0804107222213437,0.125876347340724,0.0558311575112634
-34.2028911903802,46.3180888120863,2.20742048283268,-0.0594484293471401,0.0804107222213437,-0.0810135590688582,0.100376308430855
-34.445011688838,46.411019420509,2.20742048283268,-0.0594484293471401,0.0804107222213437,-0.182672069110658,0.0125198862013838
-34.6935997688273,46.3435857022744,2.20742048283268,-0.0594484293471401,0.0804107222213437,-0.18913965064212,-0.14784444045597
-34.7406721590174,46.3994972096913,2.20742048283268,-0.0594484293471401,0.0804107222213437,0.0123760391570489,-0.0244992148044045
-34.7465491149672,46.4560009300554,2.20742048283268,-0.0594484293471401,0.0804107222213437,0.0535714733972854,-0.023907001857309
-34.8377815980121,46.4779373143005,2.20742048283268,-0.0594484293471401,0.0804107222213437,-0.0317840536977587,-0.0584743379762234
-34.8648577785649,46.5195082101315,2.20742048283268,-0.0594484293471401,0.0804107222213437,0.0323722487943715,-0.0388398263903259
-34.8942820552738,46.563148087975,2.20742048283268,-0.0594484293471401,0.0804107222213437,0.0300241526382269,-0.0367708443778225
-35.0989296616051,46.7113082075547,2.20742048283268,-0.0594484293471401,0.0804107222213437,-0.145199176984119,0.0677493973583227
-35.2947206169853,46.8528140212549,2.20742048283268,-0.0594484293471401,0.0804107222213437,-0.136342526033041,0.0610950914788126
-35.3812148735182,46.7821093495889,2.20742048283268,-0.0594484293471401,0.0804107222213437,-0.0270458271857531,-0.151115393887268
-35.3630382066356,46.9541419364829,2.20742048283268,-0.0594484293471401,0.0804107222213437,0.0776250962297231,0.0916218646725916
-35.4557121743809,47.0638036141142,2.20742048283268,-0.0594484293471401,0.0804107222213437,-0.0332255383981774,0.0292509554099758
-35.6511764025694,47.0586552746132,2.20742048283268,-0.0594484293471401,0.0804107222213437,-0.136015798841333,-0.0855590617223246
-35.5772354849322,47.105155714314,2.20742048283268,-0.0594484293471401,0.0804107222213437,0.133389346984318,-0.0339102825205175
-35.6228604512195,47.136071131236,2.20742048283268,-0.0594484293471401,0.0804107222213437,0.0138234630598038,-0.0494953052993365
-35.6604640721206,47.1708711020774,2.20742048283268,-0.0594484293471401,0.0804107222213437,0.0218448084461239,-0.0456107513799742
-35.8053453010215,47.2236888610014,2.20742048283268,-0.0594484293471401,0.0804107222213437,-0.0854327995537981,-0.0275929632973939
-35.724696953372,47.1826727901867,2.20742048283268,-0.0594484293471401,0.0804107222213437,0.140096776996693,-0.121426793036033
-35.6568917435728,47.2483221182962,2.20742048283268,-0.0594484293471401,0.0804107222213437,0.127253639146292,-0.0147613941117992
-35.700334366658,47.4170838665998,2.20742048283268,-0.0594484293471401,0.0804107222213437,0.0160058062619445,0.0883510260822369
-35.7342554894036,47.358918506596,2.20742048283268,-0.0594484293471401,0.0804107222213437,0.025527306601587,-0.138576082225183
-35.6061094084053,47.4307233476509,2.20742048283268,-0.0594484293471401,0.0804107222213437,0.187594510345408,-0.00860588116642624
-35.6143647315178,47.4685171064468,2.20742048283268,-0.0594484293471401,0.0804107222213437,0.0511931062346603,-0.0426169634253848
-35.6924519343869,47.4032209509603,2.20742048283268,-0.0594484293471401,0.0804107222213437,-0.0186387735219756,-0.14570687770792
-35.8838623127653,47.4795658211181,2.20742048283268,-0.0594484293471401,0.0804107222213437,-0.131961949031301,-0.00406585206352728
-36.0109265838914,47.538161672949,2.20742048283268,-0.0594484293471401,0.0804107222213437,-0.0676158417789563,-0.0218148703904364
-35.9727677611998,47.5062045421349,2.20742048283268,-0.0594484293471401,0.0804107222213437,0.0976072520387718,-0.112367853035404
-35.9715723193152,47.5767033236318,2.20742048283268,-0.0594484293471401,0.0804107222213437,0.0606438712317818,-0.00991194072442259
-36.0425247471431,47.7446530121626,2.20742048283268,-0.0594484293471401,0.0804107222213437,-0.0115039984808349,0.087538966309409
-36.1909378743107,47.8568660202838,2.20742048283268,-0.0594484293471401,0.0804107222213437,-0.0889646978204183,0.0318022858998321
-36.126198764005,47.9262092079136,2.20742048283268,-0.0594484293471401,0.0804107222213437,0.124187539652871,-0.0110675345915172
-36.2302610679263,48.0690088886167,2.20742048283268,-0.0594484293471401,0.0804107222213437,-0.0446138745742226,0.0623889584817401
-36.3084939631622,48.1243667041925,2.20742048283268,-0.0594484293471401,0.0804107222213437,-0.0187844658887316,-0.0250529066455498
-36.3918460548417,48.0982851583608,2.20742048283268,-0.0594484293471401,0.0804107222213437,-0.0239036623323693,-0.106492268053055
-36.4599823091543,48.1456311882019,2.20742048283268,-0.0594484293471401,0.0804107222213437,-0.00868782496546688,-0.0330646923801927
-36.5373716117687,48.1486701993413,2.20742048283268,-0.0594484293471401,0.0804107222213437,-0.0179408732672661,-0.0773717110819772
-36.5720583443116,48.145931792886,2.20742048283268,-0.0594484293471401,0.0804107222213437,0.0247616968042499,-0.0831491286766692
-36.6581942522932,48.1915348048926,2.20742048283268,-0.0594484293471401,0.0804107222213437,-0.026687478634398,-0.0348077102147282
-36.7252285997213,48.2285341382203,2.20742048283268,-0.0594484293471401,0.0804107222213437,-0.00758591808099962,-0.0434113888936323
-36.7573613711046,48.2342828415104,2.20742048283268,-0.0594484293471401,0.0804107222213437,0.0273156579638287,-0.0746620189312797
-36.7672533483476,48.2512240594277,2.20742048283268,-0.0594484293471401,0.0804107222213437,0.0495564521041739,-0.0634695043040088
-36.7587541562291,48.3349472067299,2.20742048283268,-0.0594484293471401,0.0804107222213437,0.0679476214656978,0.00331242508085294
-36.7661638224574,48.4250168496119,2.20742048283268,-0.0594484293471401,0.0804107222213437,0.0520387631188135,0.00965892066060903
-36.771601491967,48.8044840885708,2.20742048283268,-0.0594484293471401,0.0804107222213437,0.0540107598375521,0.299056516737572
-36.8948398585684,48.8189564285369,2.20742048283268,-0.0594484293471401,0.0804107222213437,-0.063789937254252,-0.0659383822552118
-36.8903251045127,49.0710808487277,2.20742048283268,-0.0594484293471401,0.0804107222213437,0.0639631834027586,0.17171369796942
-36.8378719854033,49.0533699552239,2.20742048283268,-0.0594484293471401,0.0804107222213437,0.111901548456624,-0.0981216157251104
-36.8727895498906,49.1483382187818,2.20742048283268,-0.0594484293471401,0.0804107222213437,0.0245308648597726,0.0145575413365526
-36.9341235586421,49.1497387713905,2.20742048283268,-0.0594484293471401,0.0804107222213437,-0.00188557940436185,-0.0790101696126522
-36.9235136171579,49.2096592687612,2.20742048283268,-0.0594484293471401,0.0804107222213437,0.0700583708313777,-0.0204902248506067
-36.9679481491557,49.3201834453074,2.20742048283268,-0.0594484293471401,0.0804107222213437,0.0150138973493966,0.0301134543247807
-37.0602078002956,49.4194408437077,2.20742048283268,-0.0594484293471401,0.0804107222213437,-0.0328112217928386,0.0188466761790225
-36.9889732754399,49.4570175704341,2.20742048283268,-0.0594484293471401,0.0804107222213437,0.130682954202901,-0.0428339954950008
-37.1669883473987,49.5558014784401,2.20742048283268,-0.0594484293471401,0.0804107222213437,-0.118566642611706,0.0183731857846583
-37.3440876752859,49.607839179295,2.20742048283268,-0.0594484293471401,0.0804107222213437,-0.117650898540064,-0.028373021366388
-37.3086353326015,49.7953061543358,2.20742048283268,-0.0594484293471401,0.0804107222213437,0.09490077203154,0.107056252819388
-37.4043188559102,49.901702316912,2.20742048283268,-0.0594484293471401,0.0804107222213437,-0.0362350939615708,0.0259854403549074
-37.5837099392286,49.8977811016699,2.20742048283268,-0.0594484293471401,0.0804107222213437,-0.119942653971185,-0.0843319374634222
-37.6640222626905,50.0088929271375,2.20742048283268,-0.0594484293471401,0.0804107222213437,-0.020863894114747,0.0307011032461826
-37.9412487519216,50.0452524446861,2.20742048283268,-0.0594484293471401,0.0804107222213437,-0.217778059884023,-0.0440512046726711
-37.9848692958819,50.0853694282675,2.20742048283268,-0.0594484293471401,0.0804107222213437,0.015827885386875,-0.0402937386400224
-38.0548228186396,50.159216619929,2.20742048283268,-0.0594484293471401,0.0804107222213437,-0.0105050934105923,-0.00656353055976155
-38.0606095061019,50.2345309311834,2.20742048283268,-0.0594484293471401,0.0804107222213437,0.0536617418848346,-0.005096410966966
-38.2294006285331,50.3909293705241,2.20742048283268,-0.0594484293471401,0.0804107222213437,-0.109342693084061,0.0759877171193486
-38.3360602663322,50.3145859007519,2.20742048283268,-0.0594484293471401,0.0804107222213437,-0.0472112084518977,-0.156754191993576
-38.3689734970326,50.2646944906,2.20742048283268,-0.0594484293471401,0.0804107222213437,0.0265351986467573,-0.130302132373262
-38.4676984081823,50.3200848877444,2.20742048283268,-0.0594484293471401,0.0804107222213437,-0.0392764818025459,-0.0250203250768761
-38.5038649927084,50.4040256544967,2.20742048283268,-0.0594484293471401,0.0804107222213437,0.0232818448209723,0.00353004453092298
-38.5410643938763,50.4265660081114,2.20742048283268,-0.0594484293471401,0.0804107222213437,0.0222490281792864,-0.0578703686066433
-38.5941984942871,50.3693043535806,2.20742048283268,-0.0594484293471401,0.0804107222213437,0.00631432893632666,-0.13767237675212
-38.5929349902794,50.4112411968352,2.20742048283268,-0.0594484293471401,0.0804107222213437,0.0607119333548822,-0.0384738789667609
-38.6355285457994,50.5165040016678,2.20742048283268,-0.0594484293471401,0.0804107222213437,0.0168548738271456,0.0248520826112544
-38.6323193536146,50.6974143744279,2.20742048283268,-0.0594484293471401,0.0804107222213437,0.0626576215318864,0.100499650538706
-38.7016190749314,50.7729391392153,2.20742048283268,-0.0594484293471401,0.0804107222213437,-0.00985129196965678,-0.00488595743388887
-38.6851143470762,50.8038982411606,2.20742048283268,-0.0594484293471401,0.0804107222213437,0.0759531572023613,-0.0494516202760291
-38.6756291395565,50.6666052458222,2.20742048283268,-0.0594484293471401,0.0804107222213437,0.0689336368668495,-0.217703717559823
-38.6721110681548,50.6766748192381,2.20742048283268,-0.0594484293471401,0.0804107222213437,0.0629665007488274,-0.0703411488053911
-38.7798990111122,50.8984976096363,2.20742048283268,-0.0594484293471401,0.0804107222213437,-0.0483395136102465,0.141412068176816
-38.7536273268556,50.9730347944313,2.20742048283268,-0.0594484293471401,0.0804107222213437,0.0857201136036808,-0.00587353742628682
-38.7634309136491,51.1723233692246,2.20742048283268,-0.0594484293471401,0.0804107222213437,0.04964484255371,0.118877852571958
-38.800951040606,51.1018774688793,2.20742048283268,-0.0594484293471401,0.0804107222213437,0.0219283023901847,-0.150856622566665
-38.9644006505235,51.2350790431335,2.20742048283268,-0.0594484293471401,0.0804107222213437,-0.104001180570335,0.0527908520328353
-39.0049613367507,51.4077971236645,2.20742048283268,-0.0594484293471401,0.0804107222213437,0.0188877431199855,0.0923073583096681
-38.9717300575593,51.4526914163486,2.20742048283268,-0.0594484293471401,0.0804107222213437,0.0926797085385183,-0.035516429537235
-38.9970970388965,51.4555939009948,2.20742048283268,-0.0594484293471401,0.0804107222213437,0.0340814480099448,-0.0775082375750999
-38.9354395642292,51.4239148325538,2.20742048283268,-0.0594484293471401,0.0804107222213437,0.121105904014448,-0.112089790662432
-39.1156819772391,51.7341930700652,2.20742048283268,-0.0594484293471401,0.0804107222213437,-0.120793983662745,0.229867515290137
-39.1579042762635,51.8299605928227,2.20742048283268,-0.0594484293471401,0.0804107222213437,0.0172261303227191,0.0153568005361251
-39.0427873823728,51.9218864298585,2.20742048283268,-0.0594484293471401,0.0804107222213437,0.174565323237818,0.0115151148144137
-39.1248541951258,51.9685218488811,2.20742048283268,-0.0594484293471401,0.0804107222213437,-0.0226183834057949,-0.0337753031987562
-39.2269382316149,52.0849944510122,2.20742048283268,-0.0594484293471401,0.0804107222213437,-0.0426356071419486,0.0360618799097581
-39.4062364112677,52.2366082194795,2.20742048283268,-0.0594484293471401,0.0804107222213437,-0.119849750305749,0.071203046245945
-39.4921955288308,52.3477185603788,2.20742048283268,-0.0594484293471401,0.0804107222213437,-0.0265106882159049,0.0306996186780006
-39.6340568023783,52.4234031856138,2.20742048283268,-0.0594484293471401,0.0804107222213437,-0.0824128442003512,-0.00472609698639692
-39.8030739064825,52.3758326714458,2.20742048283268,-0.0594484293471401,0.0804107222213437,-0.109568674757097,-0.127981236389284
-40.03572040942,52.4567512558378,2.20742048283268,-0.0594484293471401,0.0804107222213437,-0.173198073590346,0.000507862170677775
-40.1195623633083,52.4008532759898,2.20742048283268,-0.0594484293471401,0.0804107222213437,-0.024393524541192,-0.136308702069353
-40.200631755793,52.5617075727648,2.20742048283268,-0.0594484293471401,0.0804107222213437,-0.0216209631374691,0.0804435745536511
-40.2116927254764,52.5486413317832,2.20742048283268,-0.0594484293471401,0.0804107222213437,0.0483874596637292,-0.0934769632029249
-40.298356908624,52.6776382834973,2.20742048283268,-0.0594484293471401,0.0804107222213437,-0.0272157538004921,0.0485862294926873
-40.2829363920487,52.8872596335332,2.20742048283268,-0.0594484293471401,0.0804107222213437,0.0748689459224546,0.129210627814548
-40.2429457218728,53.0418443971304,2.20742048283268,-0.0594484293471401,0.0804107222213437,0.0994390995230865,0.0741740413758492
-40.2072804837931,53.0921303016072,2.20742048283268,-0.0594484293471401,0.0804107222213437,0.0951136674268201,-0.030124817744468
-40.2893947992386,53.1872181808938,2.20742048283268,-0.0594484293471401,0.0804107222213437,-0.0226658860983832,0.0146771570652602
-40.2337848215125,53.4969987799381,2.20742048283268,-0.0594484293471401,0.0804107222213437,0.115058407073245,0.229369876822878
-40.2295801069663,53.6453795365549,2.20742048283268,-0.0594484293471401,0.0804107222213437,0.0636531438932896,0.0679700343955387
-40.1945510311065,53.6712678570717,2.20742048283268,-0.0594484293471401,0.0804107222213437,0.0944775052070289,-0.054522401704622
-40.2203945202948,53.741988919559,2.20742048283268,-0.0594484293471401,0.0804107222213437,0.0336049401587901,-0.00968965973400393
-40.3292519728927,53.8943161886716,2.20742048283268,-0.0594484293471401,0.0804107222213437,-0.0494090232507058,0.0719165468912841
-40.4751089513548,53.9931862536472,2.20742048283268,-0.0594484293471401,0.0804107222213437,-0.0864085491149869,0.0184593427542028
-40.5586971198263,54.0973741495965,2.20742048283268,-0.0594484293471401,0.0804107222213437,-0.0241397391243666,0.0237771737279533
-40.8022857789894,54.1693710159461,2.20742048283268,-0.0594484293471401,0.0804107222213437,-0.184140229815981,-0.00841385587176435
-41.0122415556194,54.1992525898253,2.20742048283268,-0.0594484293471401,0.0804107222213437,-0.150507347282811,-0.050529148342072
-41.1912649301453,54.3295377341837,2.20742048283268,-0.0594484293471401,0.0804107222213437,-0.119574945178824,0.0498744221369716
-41.1542347509824,54.401806460607,2.20742048283268,-0.0594484293471401,0.0804107222213437,0.0964786085101108,-0.00814199579796937
-41.2616684726682,54.5674633456553,2.20742048283268,-0.0594484293471401,0.0804107222213437,-0.0479852923386668,0.0852461628269061
-41.342451326182,54.4915381625304,2.20742048283268,-0.0594484293471401,0.0804107222213437,-0.0213344241666744,-0.156335905346195
-41.3754795168527,54.6849619390003,2.20742048283268,-0.0594484293471401,0.0804107222213437,0.0264202386764268,0.113013054248573
-41.490698376205,54.7581509635304,2.20742048283268,-0.0594484293471401,0.0804107222213437,-0.0557704300051893,-0.00722169769125092
-41.4908429618342,54.7111364906769,2.20742048283268,-0.0594484293471401,0.0804107222213437,0.0593038437179605,-0.127425195074876
-41.4857329026918,54.8102909793956,2.20742048283268,-0.0594484293471401,0.0804107222213437,0.0645584884895793,0.0187437664973211
-41.5191039085628,54.8421910752596,2.20742048283268,-0.0594484293471401,0.0804107222213437,0.0260774234760888,-0.0485106263573418
-41.6343830894041,54.9344128072834,2.20742048283268,-0.0594484293471401,0.0804107222213437,-0.0558307514940834,0.01181100980247
-41.6553574664434,55.0225380656469,2.20742048283268,-0.0594484293471401,0.0804107222213437,0.0384740523077903,0.00771453614217288
-41.4470180587917,54.9921218724071,2.20742048283268,-0.0594484293471401,0.0804107222213437,0.267787836998864,-0.110826915461168
-41.6060674962811,55.0368421361458,2.20742048283268,-0.0594484293471401,0.0804107222213437,-0.0996010081423057,-0.0356904584826419
-41.8071433324474,55.1629990194601,2.20742048283268,-0.0594484293471401,0.0804107222213437,-0.141627406819144,0.0457461610929584
-41.9598419157238,55.4191182969433,2.20742048283268,-0.0594484293471401,0.0804107222213437,-0.0932501539292453,0.175708555261875
-42.1937033722218,55.5610247862216,2.20742048283268,-0.0594484293471401,0.0804107222213437,-0.174413027150791,0.0614957670569436
-42.197065217708,55.703401751738,2.20742048283268,-0.0594484293471401,0.0804107222213437,0.0560865838608828,0.0619662432950261
-42.2286415528992,55.7460065946065,2.20742048283268,-0.0594484293471401,0.0804107222213437,0.0278720941559606,-0.0378058793528686
-42.3552870760172,55.80890108074,2.20742048283268,-0.0594484293471401,0.0804107222213437,-0.0671970937708745,-0.0175162360878325
-42.3908516493841,55.9717854555015,2.20742048283268,-0.0594484293471401,0.0804107222213437,0.0238838559802112,0.0824736525401983
-42.442826884636,56.0235312101192,2.20742048283268,-0.0594484293471401,0.0804107222213437,0.00747319409527603,-0.0286649676036732
-42.571878453189,55.9738988940602,2.20742048283268,-0.0594484293471401,0.0804107222213437,-0.0696031392058035,-0.130043038280288
-42.54322139528,55.9776416033995,2.20742048283268,-0.0594484293471401,0.0804107222213437,0.0881054872561247,-0.0766680128820814
-42.7044110654743,55.982936039948,2.20742048283268,-0.0594484293471401,0.0804107222213437,-0.101741240847213,-0.075116285672862
-42.7582217896911,56.0982634439093,2.20742048283268,-0.0594484293471401,0.0804107222213437,0.00563770513034414,0.0349166817399942
-42.7118290126787,56.1932128937705,2.20742048283268,-0.0594484293471401,0.0804107222213437,0.105841206359542,0.014538727639879
-42.9473730983132,56.3682548400201,2.20742048283268,-0.0594484293471401,0.0804107222213437,-0.176095656287341,0.0946312240281866
-42.9856905496714,56.5301036825954,2.20742048283268,-0.0594484293471401,0.0804107222213437,0.0211309779889433,0.0814381203539392
-43.0015484231701,56.5698955887566,2.20742048283268,-0.0594484293471401,0.0804107222213437,0.0435905558484511,-0.0406188160600822
-43.0541229462203,56.6859572914525,2.20742048283268,-0.0594484293471401,0.0804107222213437,0.0068739062969399,0.0356509804745655
-43.0037435539526,56.7215784972904,2.20742048283268,-0.0594484293471401,0.0804107222213437,0.109827821614817,-0.0447895163835099
-42.9101763461953,56.9725144223113,2.20742048283268,-0.0594484293471401,0.0804107222213437,0.153015637104499,0.170525202799634
-43.0660085629767,57.0941268633072,2.20742048283268,-0.0594484293471401,0.0804107222213437,-0.0963837874342631,0.0412017187745461
-43.1315444090639,57.1851550201245,2.20742048283268,-0.0594484293471401,0.0804107222213437,-0.00608741674011209,0.0106174345959311
-43.2603727720378,57.3309052282721,2.20742048283268,-0.0594484293471401,0.0804107222213437,-0.0693799336266934,0.0653394859262753
-43.3398399740912,57.3175544432467,2.20742048283268,-0.0594484293471401,0.0804107222213437,-0.0200187727063139,-0.0937615072467535
-43.4426487181126,57.5492207262068,2.20742048283268,-0.0594484293471401,0.0804107222213437,-0.0433603146742156,0.151255560738747
-43.4860515978502,57.5237108788341,2.20742048283268,-0.0594484293471401,0.0804107222213437,0.0160455496095187,-0.105920569594051
-43.6321273336289,57.7170306748484,2.20742048283268,-0.0594484293471401,0.0804107222213437,-0.0866273064315675,0.112909073792967
-43.7666803353259,57.8834309948562,2.20742048283268,-0.0594484293471401,0.0804107222213437,-0.0751045723498027,0.0859895977864378
-43.8808604399014,57.9576274793541,2.20742048283268,-0.0594484293471401,0.0804107222213437,-0.0547316752283538,-0.00621423772343599
-43.9237869605878,57.9932345607935,2.20742048283268,-0.0594484293471401,0.0804107222213437,0.0165219086607245,-0.0448036407819379
-44.0216474125627,58.0661130241321,2.20742048283268,-0.0594484293471401,0.0804107222213437,-0.0384120226278308,-0.00753225888277376
-44.2171297336138,58.1605530196086,2.20742048283268,-0.0594484293471401,0.0804107222213437,-0.136033891703931,0.0140292732551941
-44.4441892189508,58.1870243887727,2.20742048283268,-0.0594484293471401,0.0804107222213437,-0.167611055989818,-0.0539393530572263
-44.4829300570897,58.2260554143512,2.20742048283268,-0.0594484293471401,0.0804107222213437,0.0207075912081933,-0.0413796966428686
-44.5797296395305,58.3394109812341,2.20742048283268,-0.0594484293471401,0.0804107222213437,-0.037351153093637,0.0329448446614977
-44.663658261479,58.3784487205101,2.20742048283268,-0.0594484293471401,0.0804107222213437,-0.0244801926013195,-0.0413729829453127
-44.809944861791,58.4740328914361,2.20742048283268,-0.0594484293471401,0.0804107222213437,-0.086838170964857,0.015173448704654
-44.8546901598681,58.5735426972016,2.20742048283268,-0.0594484293471401,0.0804107222213437,0.0147031312700269,0.019099083544166
-45.0229186500843,58.6475169324083,2.20742048283268,-0.0594484293471401,0.0804107222213437,-0.108780060869016,-0.00643648701464827
-45.0416120221473,58.6778451862059,2.20742048283268,-0.0594484293471401,0.0804107222213437,0.0407550572840449,-0.0500824684237759
-45.0599680518243,58.787797880343,2.20742048283268,-0.0594484293471401,0.0804107222213437,0.0410923996701744,0.0295419719158199
-45.1117136937158,58.851521491931,2.20742048283268,-0.0594484293471401,0.0804107222213437,0.00770278745560687,-0.0166871106333515
-45.2757494513545,58.9283757417696,2.20742048283268,-0.0594484293471401,0.0804107222213437,-0.10458732829146,-0.00355647238281365
-45.3497174124851,59.0463070330856,2.20742048283268,-0.0594484293471401,0.0804107222213437,-0.0145195317835028,0.0375205690946756
-45.3315714993045,59.176119010624,2.20742048283268,-0.0594484293471401,0.0804107222213437,0.0775943425277896,0.049401255317095
-45.38893196177,59.2678911674132,2.20742048283268,-0.0594484293471401,0.0804107222213437,0.00208796688162477,0.011361434567825
-45.3031341753539,59.3531556670182,2.20742048283268,-0.0594484293471401,0.0804107222213437,0.145246215763192,0.00485377738371051
-45.2491287915001,59.3418489956512,2.20742048283268,-0.0594484293471401,0.0804107222213437,0.113453813200911,-0.0917173935883944
-45.5031396569093,59.5984453634032,2.20742048283268,-0.0594484293471401,0.0804107222213437,-0.19456243606204,0.176185645530708
-45.5453531108854,59.6825538193975,2.20742048283268,-0.0594484293471401,0.0804107222213437,0.0172349753710797,0.00369773377294291
-45.7323612633915,59.803592236621,2.20742048283268,-0.0594484293471401,0.0804107222213437,-0.127559723158991,0.040627695002093
-45.8120402695151,59.8926457232468,2.20742048283268,-0.0594484293471401,0.0804107222213437,-0.0202305767764561,0.00864276440444933
-45.8674234128555,59.9709816835453,2.20742048283268,-0.0594484293471401,0.0804107222213437,0.00406528600677081,-0.00207476192280698
-45.9200556453983,60.1312039232297,2.20742048283268,-0.0594484293471401,0.0804107222213437,0.00681619680432655,0.0798115174630958
-46.0088088915867,60.2030492293353,2.20742048283268,-0.0594484293471401,0.0804107222213437,-0.0293048168412743,-0.00856541611577621
-46.1210467538438,60.2404329780026,2.20742048283268,-0.0594484293471401,0.0804107222213437,-0.0527894329099005,-0.0430269735541005
-46.0945988406169,60.3423910555735,2.20742048283268,-0.0594484293471401,0.0804107222213437,0.0858963425739664,0.0215473553495877
-46.2823516389223,60.4934450418303,2.20742048283268,-0.0594484293471401,0.0804107222213437,-0.128304368958179,0.0706432640354824
-46.2353492215827,60.5515381244102,2.20742048283268,-0.0594484293471401,0.0804107222213437,0.10645084668675,-0.0223176396414284
-46.3070670329432,60.4368347779842,2.20742048283268,-0.0594484293471401,0.0804107222213437,-0.0122693820133963,-0.195114068647382
-46.4816810009323,60.437667767817,2.20742048283268,-0.0594484293471401,0.0804107222213437,-0.115165538641925,-0.0795777323884903
-46.5748638191536,60.3222700391037,2.20742048283268,-0.0594484293471401,0.0804107222213437,-0.033734388874167,-0.19580845093465
-46.771214287807,60.3583104494813,2.20742048283268,-0.0594484293471401,0.0804107222213437,-0.136902039306273,-0.044370311843813
-46.8683256329569,60.3462250352786,2.20742048283268,-0.0594484293471401,0.0804107222213437,-0.0376629158027443,-0.0924961364240044
-46.9172146206782,60.361499675083,2.20742048283268,-0.0594484293471401,0.0804107222213437,0.0105594416258368,-0.0651360824169829
-46.8975949920318,60.3026960577016,2.20742048283268,-0.0594484293471401,0.0804107222213437,0.0790680579934989,-0.139214339602708
-47.069188512689,60.3402693156751,2.20742048283268,-0.0594484293471401,0.0804107222213437,-0.112145091310085,-0.0428374642478202
-47.1131762413169,60.4236478119503,2.20742048283268,-0.0594484293471401,0.0804107222213437,0.0154607007192341,0.00296777405384274
-47.29347935655,60.513948264676,2.20742048283268,-0.0594484293471401,0.0804107222213437,-0.120854685885896,0.00988973050429243
-47.3856516169974,60.4449695211051,2.20742048283268,-0.0594484293471401,0.0804107222213437,-0.0327238311002798,-0.149389465792174
-47.6062456111868,60.4508867077808,2.20742048283268,-0.0594484293471401,0.0804107222213437,-0.16114556484226,-0.0744935355456646
-47.6377469210391,60.5261897940849,2.20742048283268,-0.0594484293471401,0.0804107222213437,0.0279471194948027,-0.00510763591728391
-47.6447246947159,60.4558916553681,2.20742048283268,-0.0594484293471401,0.0804107222213437,0.0524706556703434,-0.150708860938105
-47.842045648659,60.4523553225448,2.20742048283268,-0.0594484293471401,0.0804107222213437,-0.13787252459586,-0.0839470550446619
-47.9875917021188,60.4347322001704,2.20742048283268,-0.0594484293471401,0.0804107222213437,-0.0860976241127069,-0.0980338445957374
-48.0919826675826,60.3967477810093,2.20742048283268,-0.0594484293471401,0.0804107222213437,-0.0449425361166267,-0.118395141382408
-47.9826260924752,60.5325145276122,2.20742048283268,-0.0594484293471401,0.0804107222213437,0.168805004454539,0.0553560243814721
-48.0724511501696,60.6611256564073,2.20742048283268,-0.0594484293471401,0.0804107222213437,-0.0303766283473106,0.0482004065738333
-48.2367326124487,60.6000518636865,2.20742048283268,-0.0594484293471401,0.0804107222213437,-0.104833032931961,-0.14148451494222
-48.3118909304127,60.6873202148124,2.20742048283268,-0.0594484293471401,0.0804107222213437,-0.0157098886168379,0.00685762890461561
-48.2784115208295,60.8580479707915,2.20742048283268,-0.0594484293471401,0.0804107222213437,0.0929278389304091,0.0903170337577315
-48.2691441357396,60.9334757588798,2.20742048283268,-0.0594484293471401,0.0804107222213437,0.0687158144369682,-0.0049829341330847
-48.4016447720977,61.0574445405785,2.20742048283268,-0.0594484293471401,0.0804107222213437,-0.0730522070109685,0.0435580594773564
-48.4426605704051,61.1307836105095,2.20742048283268,-0.0594484293471401,0.0804107222213437,0.01843263103974,-0.00707165229033224
-48.2761836113695,61.1797683051656,2.20742048283268,-0.0594484293471401,0.0804107222213437,0.225925388382794,-0.0314260275652032
-48.259916257435,61.1404833924295,2.20742048283268,-0.0594484293471401,0.0804107222213437,0.0757157832816169,-0.119695634957436
-48.2310204666813,61.2320376964743,2.20742048283268,-0.0594484293471401,0.0804107222213437,0.0883442201008395,0.0111435818234424
-48.2920364138521,61.085204982794,2.20742048283268,-0.0594484293471401,0.0804107222213437,-0.00156751782364062,-0.227243435901632
-48.3414761413324,61.1272228187704,2.20742048283268,-0.0594484293471401,0.0804107222213437,0.0100087018668145,-0.0383928862449583
-48.4955894730556,61.2143203065869,2.20742048283268,-0.0594484293471401,0.0804107222213437,-0.0946649023760444,0.00668676559513282
-48.5396013704345,61.3247285652596,2.20742048283268,-0.0594484293471401,0.0804107222213437,0.015436531968222,0.0299975364514173
-48.4793573605748,61.4694849790698,2.20742048283268,-0.0594484293471401,0.0804107222213437,0.119692439206929,0.0643456915888105
-48.5387703468203,61.3966713333871,2.20742048283268,-0.0594484293471401,0.0804107222213437,3.54431015995305e-05,-0.153224367904001
-48.6517086002976,61.5566089865165,2.20742048283268,-0.0594484293471401,0.0804107222213437,-0.0534898241301967,0.0795269309080116
-48.7963061526349,61.6236853243635,2.20742048283268,-0.0594484293471401,0.0804107222213437,-0.0851491229901528,-0.0133343843743603
-48.7954566173686,61.5758438968948,2.20742048283268,-0.0594484293471401,0.0804107222213437,0.0602979646134842,-0.128252149689994
-48.8390884896599,61.6558084409734,2.20742048283268,-0.0594484293471401,0.0804107222213437,0.0158165570558372,-0.000446178142816667
-48.8442584630774,61.8026378131334,2.20742048283268,-0.0594484293471401,0.0804107222213437,0.0542784559296691,0.0664186499386763
-48.8689770362483,61.8880404749536,2.20742048283268,-0.0594484293471401,0.0804107222213437,0.034729856176188,0.00499193959885158
-48.8849333970051,62.0583505848334,2.20742048283268,-0.0594484293471401,0.0804107222213437,0.0434920685903348,0.089899387658499
-48.906629252376,62.2256420583945,2.20742048283268,-0.0594484293471401,0.0804107222213437,0.0377525739762795,0.0868807513397054
-48.8626855308177,62.3431590026048,2.20742048283268,-0.0594484293471401,0.0804107222213437,0.103392150905497,0.0371062219890397
-49.0104638612251,62.3628340100102,2.20742048283268,-0.0594484293471401,0.0804107222213437,-0.088329901060332,-0.0607357148160337
-49.0237192234058,62.4619158669705,2.20742048283268,-0.0594484293471401,0.0804107222213437,0.046193067166468,0.018671134738987
-48.9925205093736,62.5518057561993,2.20742048283268,-0.0594484293471401,0.0804107222213437,0.0906471433793569,0.00947916700745477
-48.9728554141164,62.6382320008451,2.20742048283268,-0.0594484293471401,0.0804107222213437,0.0791135246043451,0.00601552242449177
-48.9646579545752,62.657388235434,2.20742048283268,-0.0594484293471401,0.0804107222213437,0.0676458888883538,-0.061254487632517
-49.1864324655516,62.6783335471597,2.20742048283268,-0.0594484293471401,0.0804107222213437,-0.162326081629327,-0.0594654104956467
-49.1472631169689,62.7163789100822,2.20742048283268,-0.0594484293471401,0.0804107222213437,0.0986177779298665,-0.0423653592987461
-49.2077505773797,62.7687155465614,2.20742048283268,-0.0594484293471401,0.0804107222213437,-0.00103903106359793,-0.0280740857421775
-49.3023882521028,62.7406524360017,2.20742048283268,-0.0594484293471401,0.0804107222213437,-0.035189245376034,-0.108473832781017
-49.3972932908007,62.8113188151336,2.20742048283268,-0.0594484293471401,0.0804107222213437,-0.0354566093507631,-0.00974434308944794
-49.5058046206165,63.1015923014709,2.20742048283268,-0.0594484293471401,0.0804107222213437,-0.0490629004686683,0.209862764115957
-49.7420448391018,63.2338183577321,2.20742048283268,-0.0594484293471401,0.0804107222213437,-0.176791789138092,0.0518153340397691
-49.8340111192937,63.2710943081271,2.20742048283268,-0.0594484293471401,0.0804107222213437,-0.0325178508447717,-0.0431347718262862
-49.7957877677574,63.3926631691806,2.20742048283268,-0.0594484293471401,0.0804107222213437,0.0976717808834267,0.0411581388320981
-49.7739691036064,63.374768266669,2.20742048283268,-0.0594484293471401,0.0804107222213437,0.0812670934981142,-0.0983056247328942
-49.9145295545698,63.3082507959499,2.20742048283268,-0.0594484293471401,0.0804107222213437,-0.0811120216161759,-0.146928192940441
-50.0041891147705,63.2991706274283,2.20742048283268,-0.0594484293471401,0.0804107222213437,-0.0302111308535863,-0.0894908907429603
-50.0545704087901,63.3715128398766,2.20742048283268,-0.0594484293471401,0.0804107222213437,0.00906713532751791,-0.00806850977299289
-50.1537359066629,63.424372340383,2.20742048283268,-0.0594484293471401,0.0804107222213437,-0.0397170685256053,-0.0275512217149694
-50.2601259708873,63.4832723574228,2.20742048283268,-0.0594484293471401,0.0804107222213437,-0.0469416348772576,-0.0215107051815253
-50.3453259511498,63.5038779725626,2.20742048283268,-0.0594484293471401,0.0804107222213437,-0.0257515509153703,-0.0598051070815337
-50.330034264776,63.5076660065073,2.20742048283268,-0.0594484293471401,0.0804107222213437,0.0747401157209596,-0.076622688276645
-50.3847509428577,63.5020587331898,2.20742048283268,-0.0594484293471401,0.0804107222213437,0.00473175126537428,-0.0860179955388567
-50.470804455294,63.7469350775751,2.20742048283268,-0.0594484293471401,0.0804107222213437,-0.0266050830891401,0.164465622163875
-50.4656545398113,63.9332650981449,2.20742048283268,-0.0594484293471401,0.0804107222213437,0.064598344829899,0.105919298348493
-50.5444041233247,64.0677049161334,2.20742048283268,-0.0594484293471401,0.0804107222213437,-0.0193011541662552,0.0540290957671599
-50.6024539043481,64.1073118108024,2.20742048283268,-0.0594484293471401,0.0804107222213437,0.0013986483236903,-0.0408038275523643
-50.6445933864492,64.1712450359939,2.20742048283268,-0.0594484293471401,0.0804107222213437,0.0173089472460847,-0.0164774970298209
-50.7823150343707,64.2477778723413,2.20742048283268,-0.0594484293471401,0.0804107222213437,-0.0782732185744327,-0.00387788587397697
-50.8197604700113,64.3014550874191,2.20742048283268,-0.0594484293471401,0.0804107222213437,0.0220029937065437,-0.0267335071435504
-50.8910207030356,64.3649184118979,2.20742048283268,-0.0594484293471401,0.0804107222213437,-0.0118118036771034,-0.0169473977425074
-50.9753641297099,64.4202451157985,2.20742048283268,-0.0594484293471401,0.0804107222213437,-0.0248949973271834,-0.0250840183208019
-51.1824209776508,64.4639640599805,2.20742048283268,-0.0594484293471401,0.0804107222213437,-0.147608418593712,-0.0366917780393394
-51.1162409443297,64.4849495895082,2.20742048283268,-0.0594484293471401,0.0804107222213437,0.125628462668205,-0.0594251926935518
-51.0342769957016,64.5693346136257,2.20742048283268,-0.0594484293471401,0.0804107222213437,0.141412377975208,0.00397430189615378
-51.1335605505054,64.5796063868641,2.20742048283268,-0.0594484293471401,0.0804107222213437,-0.0398351254566567,-0.0701389489829531
-51.0961791418658,64.7829515128515,2.20742048283268,-0.0594484293471401,0.0804107222213437,0.0968298379867246,0.122934403766014
-51.1593919188411,64.7502037080504,2.20742048283268,-0.0594484293471401,0.0804107222213437,-0.0037643476280993,-0.113158527022408
-51.1858982527785,64.7360423808534,2.20742048283268,-0.0594484293471401,0.0804107222213437,0.0329420954096858,-0.0945720494183808
-51.2048715519252,64.8655030541871,2.20742048283268,-0.0594484293471401,0.0804107222213437,0.0404751302004653,0.0490499511123947
-51.2573050904659,64.9841020471132,2.20742048283268,-0.0594484293471401,0.0804107222213437,0.00701489080642725,0.0381882707046945
-51.2853433182683,65.0179316766308,2.20742048283268,-0.0594484293471401,0.0804107222213437,0.0314102015448061,-0.0465810927037102
-51.3392321977168,65.1794901635333,2.20742048283268,-0.0594484293471401,0.0804107222213437,0.00555954989863661,0.0811477646811447
-51.2875074983881,65.1957090911529,2.20742048283268,-0.0594484293471401,0.0804107222213437,0.11117312867587,-0.0641917946017654
-51.33745130654,65.3315003482168,2.20742048283268,-0.0594484293471401,0.0804107222213437,0.00950462119516166,0.0553805348425529
-51.5095995058657,65.4062005300344,2.20742048283268,-0.0594484293471401,0.0804107222213437,-0.1126997699785,-0.00571054040374452
-51.4697904091125,65.5494241999724,2.20742048283268,-0.0594484293471401,0.0804107222213437,0.0992575261003206,0.0628129477167247
-51.6677923498412,65.6449307653607,2.20742048283268,-0.0594484293471401,0.0804107222213437,-0.138553511381536,0.0150958431668582
-51.6418786674763,65.8460508187213,2.20742048283268,-0.0594484293471401,0.0804107222213437,0.0853621117120051,0.120709331139282
-51.7272271272797,66.0446092690127,2.20742048283268,-0.0594484293471401,0.0804107222213437,-0.0259000304562291,0.118147728070067
-51.807623131081,66.2530425219896,2.20742048283268,-0.0594484293471401,0.0804107222213437,-0.0209475744541785,0.128022530755594
-51.940571390046,66.3152352366218,2.20742048283268,-0.0594484293471401,0.0804107222213437,-0.0734998296179098,-0.0182180075892187
-52.0444903941514,66.4711100685301,2.20742048283268,-0.0594484293471401,0.0804107222213437,-0.0444705747582561,0.075464109687005
-52.1899406692393,66.5701026961814,2.20742048283268,-0.0594484293471401,0.0804107222213437,-0.0860018457407233,0.0185819054298957
-52.2550641302231,66.7013830185919,2.20742048283268,-0.0594484293471401,0.0804107222213437,-0.00567503163669025,0.0508696001892179
-52.3672236973129,66.8328566964545,2.20742048283268,-0.0594484293471401,0.0804107222213437,-0.0527111377426464,0.0510629556412296
-52.478956856047,67.0142142265678,2.20742048283268,-0.0594484293471401,0.0804107222213437,-0.0522847293869186,0.100946807891923
-52.4522097765239,67.1468000446151,2.20742048283268,-0.0594484293471401,0.0804107222213437,0.0861955088702553,0.0521750958260054
-52.4997015736879,67.326749396702,2.20742048283268,-0.0594484293471401,0.0804107222213437,0.0119566321831027,0.099538629865517
-52.5122425853204,67.5404008471224,2.20742048283268,-0.0594484293471401,0.0804107222213437,0.0469074177147099,0.13324072819909
-52.5862369617532,67.5362173354552,2.20742048283268,-0.0594484293471401,0.0804107222213437,-0.0145459470857284,-0.0845942338885788
-52.620043014963,67.5877452987431,2.20742048283268,-0.0594484293471401,0.0804107222213437,0.0256423761373338,-0.0288827589334106
-52.6417374040277,67.738516290962,2.20742048283268,-0.0594484293471401,0.0804107222213437,0.0377540402825288,0.0703602699975496
-52.7000140806733,67.7446869058099,2.20742048283268,-0.0594484293471401,0.0804107222213437,0.00117175270154168,-0.0742401073734631
-52.797054994878,67.8601211542418,2.20742048283268,-0.0594484293471401,0.0804107222213437,-0.0375924848575879,0.0350235262105389
-52.817777648378,67.8748586039037,2.20742048283268,-0.0594484293471401,0.0804107222213437,0.0387257758471481,-0.0656732725593665
-52.9040621152452,67.8068009003535,2.20742048283268,-0.0594484293471401,0.0804107222213437,-0.0268360375200917,-0.148468425771553
-53.0643613707874,67.7680405889787,2.20742048283268,-0.0594484293471401,0.0804107222213437,-0.100850826195032,-0.119171033596128
-53.2619317137599,67.7777926579443,2.20742048283268,-0.0594484293471401,0.0804107222213437,-0.138121913625411,-0.0706586532557743
-53.2105000450243,67.9049582971328,2.20742048283268,-0.0594484293471401,0.0804107222213437,0.110880098082804,0.0467549169671244
-53.3019060713473,67.9558899688101,2.20742048283268,-0.0594484293471401,0.0804107222213437,-0.0319575969758851,-0.0294790505440807
-53.3475391829383,68.0794858918158,2.20742048283268,-0.0594484293471401,0.0804107222213437,0.0138153177561169,0.0431852007843521
-53.5023509706224,68.2209185115626,2.20742048283268,-0.0594484293471401,0.0804107222213437,-0.0953633583369472,0.0610218975254919
-53.590679589287,68.4332406813896,2.20742048283268,-0.0594484293471401,0.0804107222213437,-0.0288801893174532,0.131911447605721
-53.8090398682013,68.6214984677872,2.20742048283268,-0.0594484293471401,0.0804107222213437,-0.158911849567081,0.107847064176244
-53.935991352074,68.71346500101,2.20742048283268,-0.0594484293471401,0.0804107222213437,-0.0675030545255944,0.0115558110014091
-54.0518841275026,68.7919714831757,2.20742048283268,-0.0594484293471401,0.0804107222213437,-0.0564443460814619,-0.00190424005561596
-53.9625181749986,68.7050163409205,2.20742048283268,-0.0594484293471401,0.0804107222213437,0.148814381851143,-0.167365864476558
-53.879680123743,68.9034383352494,2.20742048283268,-0.0594484293471401,0.0804107222213437,0.142286480602705,0.118011272107515
-53.9777993670914,69.02814674525,2.20742048283268,-0.0594484293471401,0.0804107222213437,-0.0386708140012376,0.044297687779324
-53.9751982334579,69.1401677470373,2.20742048283268,-0.0594484293471401,0.0804107222213437,0.0620495629806851,0.0316102795658875
-54.0056685106622,69.2742568914122,2.20742048283268,-0.0594484293471401,0.0804107222213437,0.0289781521428047,0.0536784221535518
-53.9955137670919,69.5197068999456,2.20742048283268,-0.0594484293471401,0.0804107222213437,0.0696031729174481,0.165039286312073
-54.1457079307854,69.5420673190829,2.20742048283268,-0.0594484293471401,0.0804107222213437,-0.0907457343463539,-0.0580503030839914
-54.1343358183195,69.730962436745,2.20742048283268,-0.0594484293471401,0.0804107222213437,0.0708205418130869,0.108484395440682
-54.2034342703675,69.7604777214262,2.20742048283268,-0.0594484293471401,0.0804107222213437,-0.00965002270088089,-0.0508954375400799
-54.1524895523473,69.9807884693584,2.20742048283268,-0.0594484293471401,0.0804107222213437,0.110393147367294,0.139900025710855
-54.2361854011154,70.0780642818549,2.20742048283268,-0.0594484293471401,0.0804107222213437,-0.0242474194209364,0.0168650902751519
-54.3190845484656,70.2383663118231,2.20742048283268,-0.0594484293471401,0.0804107222213437,-0.0234507180030411,0.079891307746824
-54.3356295373241,70.3906840203631,2.20742048283268,-0.0594484293471401,0.0804107222213437,0.0429034404886391,0.0719069863186732
-54.3888232797409,70.5842591391457,2.20742048283268,-0.0594484293471401,0.0804107222213437,0.00625468693031317,0.113164396561307
-54.5067802121283,70.6509775064154,2.20742048283268,-0.0594484293471401,0.0804107222213437,-0.0585085030402708,-0.0136923549516599
-54.5126026923399,70.6857473118014,2.20742048283268,-0.0594484293471401,0.0804107222213437,0.0536259491355696,-0.0456409168353336
-54.5019920994797,70.7321526571474,2.20742048283268,-0.0594484293471401,0.0804107222213437,0.0700590222073725,-0.0340053768753976
-54.5457039922517,70.7695766012827,2.20742048283268,-0.0594484293471401,0.0804107222213437,0.0157365365750807,-0.0429867780860502
-54.604218090606,70.8251288675081,2.20742048283268,-0.0594484293471401,0.0804107222213437,0.000934330992858001,-0.0248584559959508
-54.6072001037823,70.8167132650129,2.20742048283268,-0.0594484293471401,0.0804107222213437,0.0564664161709085,-0.08882632471652
-54.4661244855785,70.8003382456395,2.20742048283268,-0.0594484293471401,0.0804107222213437,0.200524047550896,-0.0967857415947213
-54.4785902097714,70.8104225610469,2.20742048283268,-0.0594484293471401,0.0804107222213437,0.0469827051542353,-0.0703264068139955
-54.5408766390224,70.9099789261431,2.20742048283268,-0.0594484293471401,0.0804107222213437,-0.0028379999038074,0.0191456428748356
-54.597976422411,70.9506855633399,2.20742048283268,-0.0594484293471401,0.0804107222213437,0.002348645958548,-0.0397040850244887
-54.6533042747878,71.1697578591056,2.20742048283268,-0.0594484293471401,0.0804107222213437,0.00412057697028401,0.138661573544337
-54.6717051200463,71.3529709272888,2.20742048283268,-0.0594484293471401,0.0804107222213437,0.0410475840886545,0.102802345961811
-54.7084163438885,71.3405897984289,2.20742048283268,-0.0594484293471401,0.0804107222213437,0.0227372055049339,-0.0927918510812074
-54.7732677353345,71.5331966870029,2.20742048283268,-0.0594484293471401,0.0804107222213437,-0.00540296209881103,0.112196166352708
-54.9485061709315,71.5778351722148,2.20742048283268,-0.0594484293471401,0.0804107222213437,-0.115790006249836,-0.0357722370094606
-55.0312737106508,71.7236917947005,2.20742048283268,-0.0594484293471401,0.0804107222213437,-0.0233191103721623,0.0654459002642764
-55.0176775891048,71.7400228349936,2.20742048283268,-0.0594484293471401,0.0804107222213437,0.0730445508931276,-0.0640796819281766
-55.0635070483916,71.910253822168,2.20742048283268,-0.0594484293471401,0.0804107222213437,0.0136189700603219,0.0898202649529933
-55.173708267844,71.9312141719557,2.20742048283268,-0.0594484293471401,0.0804107222213437,-0.0507527901052864,-0.0594503724336475
-55.2806166855236,72.0148724152868,2.20742048283268,-0.0594484293471401,0.0804107222213437,-0.047459988332449,0.00324752110976867
-55.3864338809537,72.2003970668527,2.20742048283268,-0.0594484293471401,0.0804107222213437,-0.0463687660829366,0.105113929344596
-55.3297493648107,72.2555898496171,2.20742048283268,-0.0594484293471401,0.0804107222213437,0.116132945490126,-0.0252179394569549
-55.3581541680123,72.3991779234648,2.20742048283268,-0.0594484293471401,0.0804107222213437,0.0310436261455226,0.0631773516263388
-55.4723059021169,72.3404463764699,2.20742048283268,-0.0594484293471401,0.0804107222213437,-0.0547033047574715,-0.139142269216272
-55.6493765769208,72.4320081011992,2.20742048283268,-0.0594484293471401,0.0804107222213437,-0.117622245456665,0.0111510025079902
-55.7915011696939,72.6095478374907,2.20742048283268,-0.0594484293471401,0.0804107222213437,-0.0826761634259693,0.0971290140701546
-55.8774998648082,72.7437692279861,2.20742048283268,-0.0594484293471401,0.0804107222213437,-0.0265502657672275,0.0538106682740187
-55.8923054945284,72.8771476230799,2.20742048283268,-0.0594484293471401,0.0804107222213437,0.0446427996269658,0.0529676728725452
-55.8822407831234,72.9868303315207,2.20742048283268,-0.0594484293471401,0.0804107222213437,0.0695131407521593,0.0292719862194089
-55.7753078086185,73.1236301222458,2.20742048283268,-0.0594484293471401,0.0804107222213437,0.166381403852015,0.0563890685037407
-55.9474944477385,73.1339245613727,2.20742048283268,-0.0594484293471401,0.0804107222213437,-0.112738209772866,-0.0701162830944853
-56.1196508016417,73.1122281643496,2.20742048283268,-0.0594484293471401,0.0804107222213437,-0.11270792455607,-0.102107119244376
-56.097093264076,73.2080361898779,2.20742048283268,-0.0594484293471401,0.0804107222213437,0.0820059669128765,0.0153973033069765
-56.1893890441766,73.414127472642,2.20742048283268,-0.0594484293471401,0.0804107222213437,-0.0328473507533945,0.125680560542754
-56.2253034001569,73.5137854770408,2.20742048283268,-0.0594484293471401,0.0804107222213437,0.0235340733667628,0.0192472821773937
-56.404610952823,73.5041620005751,2.20742048283268,-0.0594484293471401,0.0804107222213437,-0.119859123318904,-0.0900341986870365
-56.4452826690754,73.4834079386783,2.20742048283268,-0.0594484293471401,0.0804107222213437,0.0187767130946791,-0.101164784118133
-56.3615693728191,73.6102433130247,2.20742048283268,-0.0594484293471401,0.0804107222213437,0.143161725603477,0.0464246521250362
-56.4338310569832,73.6308006624484,2.20742048283268,-0.0594484293471401,0.0804107222213437,-0.0128132548169979,-0.0598533727976176
-56.4427087269312,73.7425262621847,2.20742048283268,-0.0594484293471401,0.0804107222213437,0.0505707593991504,0.0313148775149807
-56.7459309798956,73.7434462286987,2.20742048283268,-0.0594484293471401,0.0804107222213437,-0.243773823617268,-0.0794907557074063
-56.905904376933,73.8617569635014,2.20742048283268,-0.0594484293471401,0.0804107222213437,-0.100524967690202,0.0379000125813849
-56.9528764812639,74.0414036025588,2.20742048283268,-0.0594484293471401,0.0804107222213437,0.0124763250162296,0.0992359168360251
-57.0556987632427,74.2085520907008,2.20742048283268,-0.0594484293471401,0.0804107222213437,-0.0433738526316759,0.0867377659207464
-57.1936187091902,74.1930134072296,2.20742048283268,-0.0594484293471401,0.0804107222213437,-0.0784715166003488,-0.0959494056925443
-57.3494908667893,74.1719679159781,2.20742048283268,-0.0594484293471401,0.0804107222213437,-0.0964237282519576,-0.101456213472858
-57.5015392771146,74.2679809782346,2.20742048283268,-0.0594484293471401,0.0804107222213437,-0.0925999809781124,0.0156023400351559
-57.5907557880665,74.4107564370986,2.20742048283268,-0.0594484293471401,0.0804107222213437,-0.0297680816047543,0.0623647366426434
-57.6370239135239,74.4993386648711,2.20742048283268,-0.0594484293471401,0.0804107222213437,0.0131803038896918,0.00817150555113999
-57.6586416601702,74.612496548639,2.20742048283268,-0.0594484293471401,0.0804107222213437,0.0378306827008597,0.0327471615465456
-57.8103436127529,74.7114643482588,2.20742048283268,-0.0594484293471401,0.0804107222213437,-0.0922535232355626,0.0185570773984622
-57.8728184720499,74.666138435246,2.20742048283268,-0.0594484293471401,0.0804107222213437,-0.00302642994982416,-0.125736635234106
-58.0327013510267,74.9220595736692,2.20742048283268,-0.0594484293471401,0.0804107222213437,-0.100434449629692,0.175510416201784
-58.0125322814128,74.8923167454612,2.20742048283268,-0.0594484293471401,0.0804107222213437,0.0796174989611054,-0.110153550429272
-58.0220854553771,74.9763563616657,2.20742048283268,-0.0594484293471401,0.0804107222213437,0.0498952553828451,0.00362889398310573
-58.1092695534783,74.899812632211,2.20742048283268,-0.0594484293471401,0.0804107222213437,-0.0277356687540986,-0.156954451676025
-58.1429366049568,74.9444778364837,2.20742048283268,-0.0594484293471401,0.0804107222213437,0.0257813778686882,-0.0357455179487034
-58.050697483718,75.0968552892368,2.20742048283268,-0.0594484293471401,0.0804107222213437,0.151687550585848,0.071966730531754
-58.1341737027784,75.1133176590593,2.20742048283268,-0.0594484293471401,0.0804107222213437,-0.0240277897132614,-0.0639483523987558
-58.3065918324375,75.1391333022426,2.20742048283268,-0.0594484293471401,0.0804107222213437,-0.112969700311877,-0.0545950790380778
-58.3544593014279,75.3225665753613,2.20742048283268,-0.0594484293471401,0.0804107222213437,0.0115809603567398,0.103022550897312
-58.3862893696253,75.4681481052083,2.20742048283268,-0.0594484293471401,0.0804107222213437,0.0276183611497405,0.0651708076256767
-58.4354162049323,75.6170622002883,2.20742048283268,-0.0594484293471401,0.0804107222213437,0.0103215940401615,0.0685033728586881
-58.5479879502378,75.7228854999934,2.20742048283268,-0.0594484293471401,0.0804107222213437,-0.0531233159584334,0.025412577483733
-58.6242002222968,75.760310052288,2.20742048283268,-0.0594484293471401,0.0804107222213437,-0.0167638427118613,-0.0429861699267704
-58.5356273267593,75.857963741664,2.20742048283268,-0.0594484293471401,0.0804107222213437,0.148021324884633,0.0172429671547092
-58.4949128404121,75.9235111655156,2.20742048283268,-0.0594484293471401,0.0804107222213437,0.100162915694341,-0.0148632983697654
-58.5098835320556,75.9038286500091,2.20742048283268,-0.0594484293471401,0.0804107222213437,0.0444777377037213,-0.100093237727814
-58.5172268425115,75.9866224156917,2.20742048283268,-0.0594484293471401,0.0804107222213437,0.0521051188911626,0.00238304346125906
-58.5635190330668,76.1011113100072,2.20742048283268,-0.0594484293471401,0.0804107222213437,0.0131562387919234,0.0340781720941137
-58.7123014393011,76.1854471481095,2.20742048283268,-0.0594484293471401,0.0804107222213437,-0.0893339768872198,0.00392511588095612
-58.7982268055098,76.1488340943544,2.20742048283268,-0.0594484293471401,0.0804107222213437,-0.0264769368614889,-0.117023775976453
-59.0931351708788,76.2604990774839,2.20742048283268,-0.0594484293471401,0.0804107222213437,-0.2354599360219,0.0312542609081432
-59.2339462721738,76.2697478363591,2.20742048283268,-0.0594484293471401,0.0804107222213437,-0.0813626719479021,-0.0711619633461074
-59.192605508094,76.3536039176278,2.20742048283268,-0.0594484293471401,0.0804107222213437,0.100789193426948,0.00344535904735066
-59.1365080020122,76.4501652059562,2.20742048283268,-0.0594484293471401,0.0804107222213437,0.115545935428976,0.0161505661070795
-59.3176269403895,76.4415478261192,2.20742048283268,-0.0594484293471401,0.0804107222213437,-0.121670509030172,-0.0890281020584145
-59.4440611014613,76.6615581129306,2.20742048283268,-0.0594484293471401,0.0804107222213437,-0.0669857317246669,0.139599564590093
-59.5274523404613,76.8669589613998,2.20742048283268,-0.0594484293471401,0.0804107222213437,-0.0239428096528724,0.124990126247821
-59.466723573897,77.0220199738823,2.20742048283268,-0.0594484293471401,0.0804107222213437,0.120177195911476,0.0746502902611312
-59.4769669979082,77.0833655791364,2.20742048283268,-0.0594484293471401,0.0804107222213437,0.0492050053359764,-0.0190651169671985
-59.6159024104416,77.1804373677791,2.20742048283268,-0.0594484293471401,0.0804107222213437,-0.0794869831863,0.0166610664213662
-59.7218059348247,77.1852314809245,2.20742048283268,-0.0594484293471401,0.0804107222213437,-0.0464550950358942,-0.0756166090759121
-59.8408976231926,77.1904263114129,2.20742048283268,-0.0594484293471401,0.0804107222213437,-0.059643259020757,-0.0752158917329901
-59.9694321527936,77.327737042696,2.20742048283268,-0.0594484293471401,0.0804107222213437,-0.0690861002538639,0.0569000090617435
-59.920061426237,77.5396127771558,2.20742048283268,-0.0594484293471401,0.0804107222213437,0.108819155903744,0.131465012238421
-59.9672008415909,77.6144237499422,2.20742048283268,-0.0594484293471401,0.0804107222213437,0.0123090139931681,-0.0055997494348452
-59.9870001942552,77.6993672306236,2.20742048283268,-0.0594484293471401,0.0804107222213437,0.039649076682881,0.00453275846004053
-60.0928806861935,77.7483983851351,2.20742048283268,-0.0594484293471401,0.0804107222213437,-0.0464320625911916,-0.0313795677099074
-60.092459508748,77.8530056497426,2.20742048283268,-0.0594484293471401,0.0804107222213437,0.0598696067926734,0.0241965423861497
-60.1846498636652,78.0657040959821,2.20742048283268,-0.0594484293471401,0.0804107222213437,-0.0327419255700416,0.132287724018201
-60.3096511938295,77.9457394981159,2.20742048283268,-0.0594484293471401,0.0804107222213437,-0.0655529008171571,-0.200375320087588
-60.3280960162314,78.0093407675202,2.20742048283268,-0.0594484293471401,0.0804107222213437,0.0410036069452511,-0.0168094528170446
-60.4144384964825,77.9483030905058,2.20742048283268,-0.0594484293471401,0.0804107222213437,-0.0268940509039537,-0.141448399235711
-60.5447113567846,77.8840579751379,2.20742048283268,-0.0594484293471401,0.0804107222213437,-0.0708244309550123,-0.144655837589207
-60.5345270849208,77.8981344395444,2.20742048283268,-0.0594484293471401,0.0804107222213437,0.0696327012109761,-0.0663342578149098
