X,Y,Theta,FmPi_x,FmPi_y,Xi_x,Xi_y
0,0,4.92710558357051,0,0,0,0
0.0470656294193979,-0.0728641258083156,4.92710558357051,0.0213070547739472,-0.0977036816955227,0.0257585746454506,0.0248395558872071
-0.0226359020307835,-0.155298659031098,4.92710558357051,0.0213070547739472,-0.0977036816955227,-0.0910085862241287,0.0152691484727404
0.00995271249276838,-0.289319603004872,4.92710558357051,0.0213070547739472,-0.0977036816955227,0.0112815597496047,-0.0363172622782512
0.0391652640489418,-0.284592527490318,4.92710558357051,0.0213070547739472,-0.0977036816955227,0.00790549678222613,0.102430757210076
0.0935605381489473,-0.332512952180398,4.92710558357051,0.0213070547739472,-0.0977036816955227,0.0330882193260583,0.0497832570054427
0.194622135732741,-0.274891345203947,4.92710558357051,0.0213070547739472,-0.0977036816955227,0.0797545428098465,0.155325288671974
0.0684428389966219,-0.427705334032868,4.92710558357051,0.0213070547739472,-0.0977036816955227,-0.147486351510066,-0.0551103071333985
0.0195680386134435,-0.585132887945484,4.92710558357051,0.0213070547739472,-0.0977036816955227,-0.0701818551571256,-0.0597238722170927
0.0600032829056046,-0.672669632113302,4.92710558357051,0.0213070547739472,-0.0977036816955227,0.0191281895182139,0.0101669375277048
0.0488026796186264,-0.746874405246717,4.92710558357051,0.0213070547739472,-0.0977036816955227,-0.0325076580609255,0.0234989085621074
0.0452802640466557,-0.980381619487225,4.92710558357051,0.0213070547739472,-0.0977036816955227,-0.0248294703459179,-0.135803532544985
-0.0254093876125079,-0.963527464037581,4.92710558357051,0.0213070547739472,-0.0977036816955227,-0.0919967064331108,0.114557837145167
-0.0680851473049071,-0.954339512598406,4.92710558357051,0.0213070547739472,-0.0977036816955227,-0.0639828144663464,0.106891633134698
-0.00504787107862685,-1.14525183774775,4.92710558357051,0.0213070547739472,-0.0977036816955227,0.041730221452333,-0.0932086434538228
0.0241529457134856,-1.2464644484189,4.92710558357051,0.0213070547739472,-0.0977036816955227,0.00789376201816516,-0.00350892897562594
0.1713586159234,-1.43380668723493,4.92710558357051,0.0213070547739472,-0.0977036816955227,0.125898615435967,-0.0896385571205059
0.241441530422676,-1.64091635453299,4.92710558357051,0.0213070547739472,-0.0977036816955227,0.0487758597253289,-0.109405985602542
0.3903658196167,-1.80622921639944,4.92710558357051,0.0213070547739472,-0.0977036816955227,0.127617234420077,-0.067609180170924
0.230648419513829,-1.96240111487121,4.92710558357051,0.0213070547739472,-0.0977036816955227,-0.181024454876818,-0.0584682167762454
0.175488897616996,-2.02349800775436,4.92710558357051,0.0213070547739472,-0.0977036816955227,-0.0764665766707797,0.0366067888123672
0.14502207855952,-2.02758995628598,4.92710558357051,0.0213070547739472,-0.0977036816955227,-0.051773873831424,0.0936117331639085
0.239880139710068,-2.08535043047171,4.92710558357051,0.0213070547739472,-0.0977036816955227,0.0735510063766015,0.0399432075097916
0.107032676931177,-2.16684922700513,4.92710558357051,0.0213070547739472,-0.0977036816955227,-0.154154517552839,0.0162048851621033
0.119589454009939,-2.34211169974997,4.92710558357051,0.0213070547739472,-0.0977036816955227,-0.00875027769518461,-0.0775587910493204
0.255825480884166,-2.42948726362246,4.92710558357051,0.0213070547739472,-0.0977036816955227,0.11492897210028,0.0103281178230322
0.269950779748636,-2.59894777346936,4.92710558357051,0.0213070547739472,-0.0977036816955227,-0.00718175590947717,-0.0717568281513716
0.447671225424368,-2.79796744851736,4.92710558357051,0.0213070547739472,-0.0977036816955227,0.156413390901785,-0.101315993352477
0.561470856668825,-2.92414442233793,4.92710558357051,0.0213070547739472,-0.0977036816955227,0.0924925764705096,-0.028473292125052
0.488001894867583,-2.99066203502851,4.92710558357051,0.0213070547739472,-0.0977036816955227,-0.0947760165751897,0.0311860690049387
0.473855116372706,-2.99406060118925,4.92710558357051,0.0213070547739472,-0.0977036816955227,-0.0354538332688237,0.0943051155347902
0.493974492824778,-3.01640286255643,4.92710558357051,0.0213070547739472,-0.0977036816955227,-0.00118767832187516,0.0753614203283432
0.673867689807801,-3.12863524470651,4.92710558357051,0.0213070547739472,-0.0977036816955227,0.158586142209075,-0.0145287004545585
0.605448789423549,-3.3119271331019,4.92710558357051,0.0213070547739472,-0.0977036816955227,-0.0897259551581988,-0.0855882066998688
0.584727037744746,-3.3956527448031,4.92710558357051,0.0213070547739472,-0.0977036816955227,-0.0420288064527508,0.013978069994321
0.523479294524502,-3.61208675074159,4.92710558357051,0.0213070547739472,-0.0977036816955227,-0.0825547979941909,-0.118730324242963
0.57218207537362,-3.55282641073089,4.92710558357051,0.0213070547739472,-0.0977036816955227,0.0273957260751711,0.156964021706218
0.534142357488549,-3.71925602360085,4.92710558357051,0.0213070547739472,-0.0977036816955227,-0.0593467726590182,-0.0687259311744345
0.559471786407508,-3.71911440460652,4.92710558357051,0.0213070547739472,-0.0977036816955227,0.00402237414501111,0.0978453006898484
0.460461366511983,-3.81912463453273,4.92710558357051,0.0213070547739472,-0.0977036816955227,-0.120317474669472,-0.00230654823068049
0.62672830292548,-3.95967487080345,4.92710558357051,0.0213070547739472,-0.0977036816955227,0.14495988163955,-0.0428465545751978
0.6873969122988,-4.11418368261691,4.92710558357051,0.0213070547739472,-0.0977036816955227,0.0393615545993733,-0.0568051301179354
0.610233758348735,-4.13109579655055,4.92710558357051,0.0213070547739472,-0.0977036816955227,-0.0984702087240126,0.0807915677618775
0.834053717059236,-4.14119246390321,4.92710558357051,0.0213070547739472,-0.0977036816955227,0.202512903936553,0.08760701434286
0.749049300072067,-4.32074039757618,4.92710558357051,0.0213070547739472,-0.0977036816955227,-0.106311471761116,-0.0818442519774477
0.701554294761213,-4.42001467386155,4.92710558357051,0.0213070547739472,-0.0977036816955227,-0.0688020600848014,-0.0015705945898395
0.942098181289795,-4.53232836411716,4.92710558357051,0.0213070547739472,-0.0977036816955227,0.219236831754635,-0.0146100085600925
1.08966173043985,-4.61851561757645,4.92710558357051,0.0213070547739472,-0.0977036816955227,0.126256494376107,0.0115164282362324
1.02650764125188,-4.77034766523653,4.92710558357051,0.0213070547739472,-0.0977036816955227,-0.0844611439619141,-0.0541283659645583
1.02255965634861,-4.95862803573785,4.92710558357051,0.0213070547739472,-0.0977036816955227,-0.0252550396772208,-0.0905766888058017
1.0453723460141,-5.13017323008491,4.92710558357051,0.0213070547739472,-0.0977036816955227,0.00150563489154433,-0.0738415126515315
0.938943589163751,-5.24363549649798,4.92710558357051,0.0213070547739472,-0.0977036816955227,-0.127735811624296,-0.0157585847175453
0.924819048091655,-5.30403705296994,4.92710558357051,0.0213070547739472,-0.0977036816955227,-0.0354315958460441,0.037302125223556
0.913537634602,-5.41143334111639,4.92710558357051,0.0213070547739472,-0.0977036816955227,-0.0325884682636016,-0.00969260645092218
1.02494317013615,-5.53330765314495,4.92710558357051,0.0213070547739472,-0.0977036816955227,0.0900984807602005,-0.0241706303330431
1.0310983657348,-5.63257635927307,4.92710558357051,0.0213070547739472,-0.0977036816955227,-0.0151518591752967,-0.00156502443259077
1.06862116426142,-5.78817661419062,4.92710558357051,0.0213070547739472,-0.0977036816955227,0.0162157437526751,-0.0578965732220353
1.10053605476663,-5.85323845745778,4.92710558357051,0.0213070547739472,-0.0977036816955227,0.0106078357312625,0.0326418384283678
1.2405575901445,-5.93864154308366,4.92710558357051,0.0213070547739472,-0.0977036816955227,0.118714480603923,0.0123005960696388
1.17597354448479,-6.15183715859694,4.92710558357051,0.0213070547739472,-0.0977036816955227,-0.0858911004336603,-0.115491933817754
1.14332327595392,-6.38548603383527,4.92710558357051,0.0213070547739472,-0.0977036816955227,-0.0539573233048196,-0.135945193542812
1.01072605522626,-6.4882726196784,4.92710558357051,0.0213070547739472,-0.0977036816955227,-0.153904275501602,-0.00508290414760848
1.09436337903595,-6.61567712638759,4.92710558357051,0.0213070547739472,-0.0977036816955227,0.0623302690357423,-0.029700825013663
1.1343035415914,-6.77625281946282,4.92710558357051,0.0213070547739472,-0.0977036816955227,0.0186331077814977,-0.0628720113797041
1.2109314836038,-6.93078952067924,4.92710558357051,0.0213070547739472,-0.0977036816955227,0.0553208872384572,-0.0568330195209068
1.29856692454352,-7.03288301353929,4.92710558357051,0.0213070547739472,-0.0977036816955227,0.0663283861657764,-0.0043898111645182
1.4073973860826,-7.18882484652971,4.92710558357051,0.0213070547739472,-0.0977036816955227,0.0875234067651263,-0.0582381512948984
1.48928563518895,-7.37853299694491,4.92710558357051,0.0213070547739472,-0.0977036816955227,0.0605811943324058,-0.0920044687196819
1.68679084966076,-7.46814707171978,4.92710558357051,0.0213070547739472,-0.0977036816955227,0.176198159697861,0.0080896069206533
1.70258928368881,-7.63938557384053,4.92710558357051,0.0213070547739472,-0.0977036816955227,-0.00550862074590155,-0.0735348204252261
1.80667317072657,-7.72491903896097,4.92710558357051,0.0213070547739472,-0.0977036816955227,0.0827768322638203,0.012170216575076
1.89968728640384,-7.73735618242057,4.92710558357051,0.0213070547739472,-0.0977036816955227,0.0717070609033243,0.0852665382359247
1.89945228743369,-7.80392016883243,4.92710558357051,0.0213070547739472,-0.0977036816955227,-0.0215420537440988,0.0311396952836588
2.0810637611492,-7.89627778803877,4.92710558357051,0.0213070547739472,-0.0977036816955227,0.160304418941559,0.00534606248918335
2.07106463749534,-7.87341462446789,4.92710558357051,0.0213070547739472,-0.0977036816955227,-0.0313061784278109,0.120566845266408
2.04183227206799,-8.11067620677688,4.92710558357051,0.0213070547739472,-0.0977036816955227,-0.0505394202012954,-0.139557900613468
2.16828893350235,-8.31309688621805,4.92710558357051,0.0213070547739472,-0.0977036816955227,0.105149606660411,-0.10471699774565
2.28435243383755,-8.3467473869643,4.92710558357051,0.0213070547739472,-0.0977036816955227,0.0947564455612597,0.0640531809492781
2.30472083064416,-8.40401892195333,4.92710558357051,0.0213070547739472,-0.0977036816955227,-0.00093865796733994,0.0404321467064862
2.30961719168726,-8.39539970249846,4.92710558357051,0.0213070547739472,-0.0977036816955227,-0.0164106937308509,0.106322901150391
2.23558253836756,-8.43251930872464,4.92710558357051,0.0213070547739472,-0.0977036816955227,-0.0953417080936481,0.0605840754693483
2.20799262728353,-8.55533037761045,4.92710558357051,0.0213070547739472,-0.0977036816955227,-0.0488969658579719,-0.0251073871902865
2.2593474207788,-8.62823503307656,4.92710558357051,0.0213070547739472,-0.0977036816955227,0.0300477387213165,0.02479902622941
2.29772674140652,-8.78955491972543,4.92710558357051,0.0213070547739472,-0.0977036816955227,0.0170722658537723,-0.0636162049533489
2.34731328286041,-8.91193223195686,4.92710558357051,0.0213070547739472,-0.0977036816955227,0.0282794866799467,-0.0246736305359061
2.39574713541762,-8.94064664192947,4.92710558357051,0.0213070547739472,-0.0977036816955227,0.0271267977832657,0.0689892717229057
2.44878009930983,-9.0663996081055,4.92710558357051,0.0213070547739472,-0.0977036816955227,0.0317259091182555,-0.0280492844804995
2.44172232416473,-9.17477290888859,4.92710558357051,0.0213070547739472,-0.0977036816955227,-0.0283648299190402,-0.0106696190875734
2.41068620701594,-9.30454438149775,4.92710558357051,0.0213070547739472,-0.0977036816955227,-0.0523431719227412,-0.0320677909136318
2.43964718260182,-9.38835329352391,4.92710558357051,0.0213070547739472,-0.0977036816955227,0.00765392081193084,0.0138947696693545
2.27741665128886,-9.40689503005761,4.92710558357051,0.0213070547739472,-0.0977036816955227,-0.183537586086902,0.0791619451618248
2.23370622794734,-9.63444001773613,4.92710558357051,0.0213070547739472,-0.0977036816955227,-0.0650174781154731,-0.129841305982992
2.21723471178561,-9.80341037069848,4.92710558357051,0.0213070547739472,-0.0977036816955227,-0.0377785709356727,-0.0712666712668281
2.30628506729588,-9.86651978725742,4.92710558357051,0.0213070547739472,-0.0977036816955227,0.0677433007363203,0.0345942651365757
2.31190375571199,-9.85995874319205,4.92710558357051,0.0213070547739472,-0.0977036816955227,-0.0156883663578379,0.104264725760896
2.24564681630626,-10.0006316555807,4.92710558357051,0.0213070547739472,-0.0977036816955227,-0.0875639941796799,-0.0429692306931178
2.25747752554345,-10.0426449965617,4.92710558357051,0.0213070547739472,-0.0977036816955227,-0.00947634553675358,0.0556903407144742
2.26669245134079,-10.1101521786199,4.92710558357051,0.0213070547739472,-0.0977036816955227,-0.0120921289766133,0.0301964996373867
2.24854107656828,-10.2194281999081,4.92710558357051,0.0213070547739472,-0.0977036816955227,-0.0394584295464501,-0.0115723395926838
2.33894909521045,-10.3541842266741,4.92710558357051,0.0213070547739472,-0.0977036816955227,0.0691009638682185,-0.0370523450704932
2.5524510324589,-10.4235384806719,4.92710558357051,0.0213070547739472,-0.0977036816955227,0.192194882474507,0.0283494276977457
2.70240420465804,-10.4493245611451,4.92710558357051,0.0213070547739472,-0.0977036816955227,0.128646117425191,0.0719176012222863
2.61176606105999,-10.6225060839997,4.92710558357051,0.0213070547739472,-0.0977036816955227,-0.111945198371998,-0.0754778411590503
2.62211190197487,-10.7283022214546,4.92710558357051,0.0213070547739472,-0.0977036816955227,-0.0109612138590727,-0.00809245575942497
2.64205435833874,-10.8531016628399,4.92710558357051,0.0213070547739472,-0.0977036816955227,-0.00136459841006975,-0.0270957596897456
2.70751790561359,-11.0394040108141,4.92710558357051,0.0213070547739472,-0.0977036816955227,0.0441564925009015,-0.0885986662786385
2.6170801185799,-11.1984682806756,4.92710558357051,0.0213070547739472,-0.0977036816955227,-0.11174484180764,-0.061360588166039
2.64250748496901,-11.2317680119354,4.92710558357051,0.0213070547739472,-0.0977036816955227,0.00412031161516019,0.0644039504357449
2.60496070171857,-11.3834200448533,4.92710558357051,0.0213070547739472,-0.0977036816955227,-0.0588538380243854,-0.0539483512223679
2.61587748346698,-11.530935617055,4.92710558357051,0.0213070547739472,-0.0977036816955227,-0.0103902730255347,-0.0498118905062245
2.57716964477854,-11.6620687654465,4.92710558357051,0.0213070547739472,-0.0977036816955227,-0.0600148934623925,-0.0334294666959012
2.58380493543179,-11.6476831695124,4.92710558357051,0.0213070547739472,-0.0977036816955227,-0.0146717641206926,0.112089277629561
2.56665133490787,-11.6989929612789,4.92710558357051,0.0213070547739472,-0.0977036816955227,-0.0384606552978704,0.0463938899290183
2.49435730110592,-11.8274372448462,4.92710558357051,0.0213070547739472,-0.0977036816955227,-0.0936010885758946,-0.0307406018717447
2.59287155465534,-11.8034004123983,4.92710558357051,0.0213070547739472,-0.0977036816955227,0.0772071987754738,0.121740514143452
2.77777182188901,-11.8256013912982,4.92710558357051,0.0213070547739472,-0.0977036816955227,0.163593212459716,0.0755027027955629
2.69858118081897,-12.0185118472054,4.92710558357051,0.0213070547739472,-0.0977036816955227,-0.100497695843982,-0.0952067742116975
2.75780626663737,-12.2830107241558,4.92710558357051,0.0213070547739472,-0.0977036816955227,0.0379180310444491,-0.16679519525481
2.80102422895403,-12.5464835751811,4.92710558357051,0.0213070547739472,-0.0977036816955227,0.0219109075427177,-0.16576916932977
2.88114861456218,-12.6572752438385,4.92710558357051,0.0213070547739472,-0.0977036816955227,0.0588173308342037,-0.0130879869618972
2.84534214301028,-12.7477707270793,4.92710558357051,0.0213070547739472,-0.0977036816955227,-0.0571135263258535,0.00720819845474607
2.91625263864252,-12.9783862948649,4.92710558357051,0.0213070547739472,-0.0977036816955227,0.0496034408582972,-0.132911886090072
2.81587628992322,-13.0364635326853,4.92710558357051,0.0213070547739472,-0.0977036816955227,-0.121683403493247,0.0396264438750711
2.9224875994669,-13.0561788007412,4.92710558357051,0.0213070547739472,-0.0977036816955227,0.0853042547697288,0.0779884136396694
2.98261569146916,-13.2166681297457,4.92710558357051,0.0213070547739472,-0.0977036816955227,0.038821037228318,-0.0627856473089927
3.05444574649681,-13.3883900619309,4.92710558357051,0.0213070547739472,-0.0977036816955227,0.0505230002536945,-0.0740182504896898
3.05731394063661,-13.6412662877013,4.92710558357051,0.0213070547739472,-0.0977036816955227,-0.0184388606341441,-0.155172544074929
2.97957454535332,-13.7732357084516,4.92710558357051,0.0213070547739472,-0.0977036816955227,-0.0990464500572378,-0.0342657390547434
3.07040605194101,-13.8240244469823,4.92710558357051,0.0213070547739472,-0.0977036816955227,0.0695244518137447,0.0469149431648275
2.87143415191578,-13.891836672762,4.92710558357051,0.0213070547739472,-0.0977036816955227,-0.220278954799178,0.0298914559157923
2.98603118278424,-13.9682090356615,4.92710558357051,0.0213070547739472,-0.0977036816955227,0.0932899760945161,0.0213313187960955
3.05686320997521,-14.0178890864784,4.92710558357051,0.0213070547739472,-0.0977036816955227,0.0495249724170187,0.0480236308785751
2.99295474015123,-14.1858199400765,4.92710558357051,0.0213070547739472,-0.0977036816955227,-0.0852155245979313,-0.0702271719025398
2.96017980176397,-14.1093469509254,4.92710558357051,0.0213070547739472,-0.0977036816955227,-0.0540819931611996,0.174176670846605
3.03315100364897,-14.1913536116076,4.92710558357051,0.0213070547739472,-0.0977036816955227,0.0516641471110486,0.0156970210133014
3.16400714966652,-14.2947012245658,4.92710558357051,0.0213070547739472,-0.0977036816955227,0.109549091243605,-0.00564393126269436
3.28129731994099,-14.4526964774638,4.92710558357051,0.0213070547739472,-0.0977036816955227,0.0959831155005239,-0.060291571202479
3.34849842672214,-14.4489635499526,4.92710558357051,0.0213070547739472,-0.0977036816955227,0.045894052007196,0.101436609206779
3.30410785691211,-14.5552160434828,4.92710558357051,0.0213070547739472,-0.0977036816955227,-0.0656976245839769,-0.00854881183467882
3.40471495451694,-14.6749199542296,4.92710558357051,0.0213070547739472,-0.0977036816955227,0.0793000428308854,-0.0220002290513444
3.3764774237905,-14.6402360321062,4.92710558357051,0.0213070547739472,-0.0977036816955227,-0.0495445855003839,0.132387603818968
3.32619970270601,-14.605357112124,4.92710558357051,0.0213070547739472,-0.0977036816955227,-0.0715847758584462,0.132582601677704
3.34255919046214,-14.7812877673209,4.92710558357051,0.0213070547739472,-0.0977036816955227,-0.00494756701781185,-0.0782269735013189
3.23187131461784,-14.9647463766256,4.92710558357051,0.0213070547739472,-0.0977036816955227,-0.131994930618248,-0.0857549276092446
3.28986886331864,-14.8867112028852,4.92710558357051,0.0213070547739472,-0.0977036816955227,0.0366904939268548,0.175738855435904
3.23088645178672,-15.1388500734028,4.92710558357051,0.0213070547739472,-0.0977036816955227,-0.0802894663058663,-0.154435188822049
3.23324278274012,-15.2066972249838,4.92710558357051,0.0213070547739472,-0.0977036816955227,-0.0189507238205468,0.0298565301145316
3.15863127186478,-15.3172197376393,4.92710558357051,0.0213070547739472,-0.0977036816955227,-0.0959185656492867,-0.0128188309599896
3.22532954510745,-15.3515779823004,4.92710558357051,0.0213070547739472,-0.0977036816955227,0.0453912184687151,0.0633454370343833
3.1200142952529,-15.4529180453288,4.92710558357051,0.0213070547739472,-0.0977036816955227,-0.12662230462849,-0.00363638133282462
3.08817439336294,-15.5926200933603,4.92710558357051,0.0213070547739472,-0.0977036816955227,-0.053146956663908,-0.0419983663359621
3.22138964681572,-15.7745092636107,4.92710558357051,0.0213070547739472,-0.0977036816955227,0.111908198678825,-0.084185488554864
3.31931077055172,-15.7865111971697,4.92710558357051,0.0213070547739472,-0.0977036816955227,0.0766140689620547,0.08570174813653
3.26556894836456,-15.8526061003277,4.92710558357051,0.0213070547739472,-0.0977036816955227,-0.0750488769611099,0.0316087785374892
3.27399800970376,-15.8884762103832,4.92710558357051,0.0213070547739472,-0.0977036816955227,-0.0128779934347421,0.061833571640021
3.18447694461323,-16.0433851037271,4.92710558357051,0.0213070547739472,-0.0977036816955227,-0.110828119864477,-0.0572052116484234
3.29006942015609,-16.2055699596266,4.92710558357051,0.0213070547739472,-0.0977036816955227,0.084285420768916,-0.0644811742039005
3.33433225992337,-16.410571864542,4.92710558357051,0.0213070547739472,-0.0977036816955227,0.022955784993325,-0.107298223219894
3.24925336618898,-16.6416142001077,4.92710558357051,0.0213070547739472,-0.0977036816955227,-0.106385948508338,-0.133338653870171
3.29702570795498,-16.7122095846497,4.92710558357051,0.0213070547739472,-0.0977036816955227,0.0264652869920534,0.0271082971535372
3.20017292799856,-16.8131230734089,4.92710558357051,0.0213070547739472,-0.0977036816955227,-0.118159834730365,-0.00320980706374763
3.12505787552226,-17.0378037808606,4.92710558357051,0.0213070547739472,-0.0977036816955227,-0.0964221072502502,-0.126977025756165
3.16088715930797,-17.0757577465964,4.92710558357051,0.0213070547739472,-0.0977036816955227,0.0145222290117626,0.0597497159597677
3.1503313259227,-17.1317631480939,4.92710558357051,0.0213070547739472,-0.0977036816955227,-0.0318628881592155,0.0416982801979626
3.25447063248478,-17.1621616919384,4.92710558357051,0.0213070547739472,-0.0977036816955227,0.0828322517881306,0.067305137851029
3.19858746554878,-17.2338850529441,4.92710558357051,0.0213070547739472,-0.0977036816955227,-0.0771902217099437,0.0259803206898814
3.33568014942413,-17.3934447340283,4.92710558357051,0.0213070547739472,-0.0977036816955227,0.115785629101404,-0.061855999388738
3.41307295564184,-17.4533475547874,4.92710558357051,0.0213070547739472,-0.0977036816955227,0.0560857514437583,0.03780086093645
3.4712193132758,-17.4849070282529,4.92710558357051,0.0213070547739472,-0.0977036816955227,0.036839302860016,0.0661442082300212
3.42428063067798,-17.5944251124765,4.92710558357051,0.0213070547739472,-0.0977036816955227,-0.0682457373717618,-0.0118144025280751
3.3508878555591,-17.5142231848281,4.92710558357051,0.0213070547739472,-0.0977036816955227,-0.0946998298928292,0.177905609343973
3.19371365509677,-17.476239825321,4.92710558357051,0.0213070547739472,-0.0977036816955227,-0.178481255236278,0.135687041202553
3.2470683082083,-17.5905270514854,4.92710558357051,0.0213070547739472,-0.0977036816955227,0.0320475983375845,-0.0165835444688002
3.16970708533155,-17.6998071296241,4.92710558357051,0.0213070547739472,-0.0977036816955227,-0.0986682776506982,-0.0115763964431828
3.18237280495284,-17.849647433111,4.92710558357051,0.0213070547739472,-0.0977036816955227,-0.0086413351526593,-0.0521366217913954
3.17077059896914,-17.9660089434117,4.92710558357051,0.0213070547739472,-0.0977036816955227,-0.0329092607576463,-0.0186578286051604
3.10290779139697,-18.1498430184392,4.92710558357051,0.0213070547739472,-0.0977036816955227,-0.0891698623461232,-0.0861303933319588
3.08142267669163,-18.3372043888449,4.92710558357051,0.0213070547739472,-0.0977036816955227,-0.0427921694792863,-0.0896576887102561
3.05312373530942,-18.4626233685428,4.92710558357051,0.0213070547739472,-0.0977036816955227,-0.049605996156156,-0.0277152980023196
3.10858965021074,-18.6341072503529,4.92710558357051,0.0213070547739472,-0.0977036816955227,0.0341588601273728,-0.0737802001145489
3.20617307353221,-18.8621231886008,4.92710558357051,0.0213070547739472,-0.0977036816955227,0.0762763685475248,-0.13031225655242
3.25729364331726,-19.0519049888557,4.92710558357051,0.0213070547739472,-0.0977036816955227,0.0298135150110986,-0.0920781185593678
3.35550835114918,-19.2703406931787,4.92710558357051,0.0213070547739472,-0.0977036816955227,0.076907653057972,-0.120732022627499
3.32618629079431,-19.4862543607605,4.92710558357051,0.0213070547739472,-0.0977036816955227,-0.0506291151288112,-0.118209985886248
3.2787126307201,-19.5928800237136,4.92710558357051,0.0213070547739472,-0.0977036816955227,-0.0687807148481576,-0.00892198125761468
3.27513255467405,-19.6767835837583,4.92710558357051,0.0213070547739472,-0.0977036816955227,-0.0248871308200034,0.0138001216508654
3.29656299508311,-19.764096384183,4.92710558357051,0.0213070547739472,-0.0977036816955227,0.000123385635113937,0.0103908812707829
3.27133789860313,-19.7670853175515,4.92710558357051,0.0213070547739472,-0.0977036816955227,-0.046532151253925,0.0947147483270987
3.29172635172231,-19.8169493857082,4.92710558357051,0.0213070547739472,-0.0977036816955227,-0.000918601654772422,0.0478396135387997
3.41432645220074,-19.852224359896,4.92710558357051,0.0213070547739472,-0.0977036816955227,0.101293045704488,0.0624287075077414
3.38332841760109,-19.9605304326834,4.92710558357051,0.0213070547739472,-0.0977036816955227,-0.0523050893735962,-0.0106023910919366
3.40233125938759,-20.1404581642464,4.92710558357051,0.0213070547739472,-0.0977036816955227,-0.00230421298744765,-0.0822240498674303
3.3779150711695,-20.3124559974686,4.92710558357051,0.0213070547739472,-0.0977036816955227,-0.0457232429920409,-0.0742941515266904
3.25598587705325,-20.4296462520288,4.92710558357051,0.0213070547739472,-0.0977036816955227,-0.143236248890198,-0.0194865728646316
3.3108277397699,-20.6295042829223,4.92710558357051,0.0213070547739472,-0.0977036816955227,0.0335348079427038,-0.10215434919803
3.45645339774012,-20.8059315319147,4.92710558357051,0.0213070547739472,-0.0977036816955227,0.124318603196276,-0.0787235672968303
3.428743288484,-20.7666028576427,4.92710558357051,0.0213070547739472,-0.0977036816955227,-0.0490171640300713,0.137032355967496
3.40863059764091,-20.7557748518731,4.92710558357051,0.0213070547739472,-0.0977036816955227,-0.0414197456170389,0.108531687465143
3.36557016328074,-20.8165572878085,4.92710558357051,0.0213070547739472,-0.0977036816955227,-0.0643674891341132,0.0369212457600612
3.38313597435048,-20.8086620082709,4.92710558357051,0.0213070547739472,-0.0977036816955227,-0.00374124370421169,0.105598961233131
3.47907997328429,-20.8666044123198,4.92710558357051,0.0213070547739472,-0.0977036816955227,0.0746369441598645,0.0397612776466849
3.47718216700581,-20.8941584688383,4.92710558357051,0.0213070547739472,-0.0977036816955227,-0.023204861052429,0.0701496251769698
3.49395941569128,-20.9674669370842,4.92710558357051,0.0213070547739472,-0.0977036816955227,-0.00452980608846854,0.024395213449607
3.40050818302885,-21.1238442544681,4.92710558357051,0.0213070547739472,-0.0977036816955227,-0.114758287436383,-0.0586736356883895
3.51746564149462,-21.175949968943,4.92710558357051,0.0213070547739472,-0.0977036816955227,0.0956504036918215,0.0455979672207163
3.57906603699768,-21.1333058706524,4.92710558357051,0.0213070547739472,-0.0977036816955227,0.0402933407291161,0.140347779986099
3.55214831901156,-21.1249949336703,4.92710558357051,0.0213070547739472,-0.0977036816955227,-0.0482247727600658,0.106014618677638
3.40072632487592,-21.3386709950414,4.92710558357051,0.0213070547739472,-0.0977036816955227,-0.172729048909593,-0.115972379675652
3.36775366787902,-21.3584686092788,4.92710558357051,0.0213070547739472,-0.0977036816955227,-0.0542797117708402,0.0779060674581447
3.38006542806254,-21.4460553878069,4.92710558357051,0.0213070547739472,-0.0977036816955227,-0.00899529459042969,0.0101169031674666
3.36262196833313,-21.3621861841045,4.92710558357051,0.0213070547739472,-0.0977036816955227,-0.0387505145033589,0.181572885397921
3.38575351115809,-21.3316750264824,4.92710558357051,0.0213070547739472,-0.0977036816955227,0.00182448805101321,0.128214839317641
3.37584233804332,-21.4705994299492,4.92710558357051,0.0213070547739472,-0.0977036816955227,-0.031218227888717,-0.0412207217712979
3.52960640432762,-21.5242628515666,4.92710558357051,0.0213070547739472,-0.0977036816955227,0.132457011510356,0.0440402600781097
3.58031687876001,-21.6713503163562,4.92710558357051,0.0213070547739472,-0.0977036816955227,0.0294034196584364,-0.0493837830940467
3.53475472613275,-21.8059365072895,4.92710558357051,0.0213070547739472,-0.0977036816955227,-0.0668692074012022,-0.036882509237819
3.61352335857117,-22.0271302265127,4.92710558357051,0.0213070547739472,-0.0977036816955227,0.0574615776644664,-0.12349003752761
3.67992034711772,-22.1923915345566,4.92710558357051,0.0213070547739472,-0.0977036816955227,0.0450899337726008,-0.0675576263484141
3.63439935764047,-22.2425279905912,4.92710558357051,0.0213070547739472,-0.0977036816955227,-0.0668280442511973,0.0475672256608931
3.53305349184384,-22.324276261298,4.92710558357051,0.0213070547739472,-0.0977036816955227,-0.122652920570577,0.0159554109887892
3.52242284019064,-22.4394061912824,4.92710558357051,0.0213070547739472,-0.0977036816955227,-0.0319377064271444,-0.0174262482889183
3.60150353667037,-22.6349199888005,4.92710558357051,0.0213070547739472,-0.0977036816955227,0.0577736417057875,-0.0978101158226002
3.58696585049162,-22.6603190287227,4.92710558357051,0.0213070547739472,-0.0977036816955227,-0.0358447409527045,0.0723046417733132
3.71717440454802,-22.5933814283208,4.92710558357051,0.0213070547739472,-0.0977036816955227,0.108901499282452,0.164641282097457
3.72983999057468,-22.661756379938,4.92710558357051,0.0213070547739472,-0.0977036816955227,-0.00864146874728333,0.0293287300783227
3.84782384126486,-22.7988816501087,4.92710558357051,0.0213070547739472,-0.0977036816955227,0.096676795916231,-0.039421588475154
3.76919107011964,-22.8644448397015,4.92710558357051,0.0213070547739472,-0.0977036816955227,-0.0999398259191656,0.0321404921027258
3.86518069116856,-22.929404092207,4.92710558357051,0.0213070547739472,-0.0977036816955227,0.0746825662749714,0.032744429189982
3.86287284039403,-23.073449616679,4.92710558357051,0.0213070547739472,-0.0977036816955227,-0.0236149055484728,-0.0463418427764849
3.92488682120641,-23.3042362726839,4.92710558357051,0.0213070547739472,-0.0977036816955227,0.0407069260384297,-0.133082974309331
3.88464320026335,-23.4922078024185,4.92710558357051,0.0213070547739472,-0.0977036816955227,-0.061550675717006,-0.0902678480390935
3.79836598902169,-23.6695859903368,4.92710558357051,0.0213070547739472,-0.0977036816955227,-0.107584266015606,-0.07967450622273
3.861319776007,-23.7304331253057,4.92710558357051,0.0213070547739472,-0.0977036816955227,0.0416467322113638,0.0368565467265889
3.74407822259084,-23.743354171304,4.92710558357051,0.0213070547739472,-0.0977036816955227,-0.138548608190114,0.0847826356972531
3.80281292943076,-23.8223026369991,4.92710558357051,0.0213070547739472,-0.0977036816955227,0.0374276520659731,0.018755216000374
3.81352646872628,-23.9572151095916,4.92710558357051,0.0213070547739472,-0.0977036816955227,-0.0105935154784258,-0.0372087908969281
3.85672490680925,-24.0214880615783,4.92710558357051,0.0213070547739472,-0.0977036816955227,0.0218913833090275,0.0334307297088257
3.82171100253822,-23.949282064846,4.92710558357051,0.0213070547739472,-0.0977036816955227,-0.0563209590449769,0.169909678427805
3.90105149116159,-24.0519068433011,4.92710558357051,0.0213070547739472,-0.0977036816955227,0.0580334338494184,-0.00492109675961205
3.85630740601759,-24.1079872014779,4.92710558357051,0.0213070547739472,-0.0977036816955227,-0.0660511399179429,0.0416233235187715
3.85788603487933,-24.2775730474333,4.92710558357051,0.0213070547739472,-0.0977036816955227,-0.0197284259122079,-0.0718821642598967
3.79262118542302,-24.3651082677668,4.92710558357051,0.0213070547739472,-0.0977036816955227,-0.0865719042302622,0.0101684613619795
3.88235697095268,-24.5471232138295,4.92710558357051,0.0213070547739472,-0.0977036816955227,0.0684287307557083,-0.0843112643670799
3.82984532398783,-24.5640517083203,4.92710558357051,0.0213070547739472,-0.0977036816955227,-0.0738187017387901,0.0807751872046835
3.82931191151411,-24.6570959627001,4.92710558357051,0.0213070547739472,-0.0977036816955227,-0.02184046724767,0.00465942731575242
3.82668058024705,-24.8526233235178,4.92710558357051,0.0213070547739472,-0.0977036816955227,-0.0239383860410041,-0.0978236791221931
3.95558828343902,-24.9321163174976,4.92710558357051,0.0213070547739472,-0.0977036816955227,0.10760064841802,0.0182106877157122
4.01169034588971,-24.9691765003392,4.92710558357051,0.0213070547739472,-0.0977036816955227,0.0347950076767385,0.0606434988539125
4.05538326133515,-24.9822906651827,4.92710558357051,0.0213070547739472,-0.0977036816955227,0.022385860671494,0.0845895168520125
4.00738600212669,-25.1130694501742,4.92710558357051,0.0213070547739472,-0.0977036816955227,-0.069304313982403,-0.0330751032959993
4.16349803613812,-25.2485290838759,4.92710558357051,0.0213070547739472,-0.0977036816955227,0.134804979237482,-0.0377559520061121
4.17106582209484,-25.4266569561493,4.92710558357051,0.0213070547739472,-0.0977036816955227,-0.013739268817234,-0.0804241905779137
4.16643367682957,-25.6205407590715,4.92710558357051,0.0213070547739472,-0.0977036816955227,-0.0259392000392165,-0.0961801212266993
4.10778090448962,-25.5934077587812,4.92710558357051,0.0213070547739472,-0.0977036816955227,-0.0799598271138939,0.124836681985887
4.10151363557474,-25.7331100447793,4.92710558357051,0.0213070547739472,-0.0977036816955227,-0.0275743236888304,-0.0419986043025626
4.18482360294875,-25.9152087522591,4.92710558357051,0.0213070547739472,-0.0977036816955227,0.0620029126000707,-0.0843950257842871
4.25204039116001,-26.0431175796608,4.92710558357051,0.0213070547739472,-0.0977036816955227,0.0459097334373109,-0.0302051457061998
4.22621698256666,-26.049468429275,4.92710558357051,0.0213070547739472,-0.0977036816955227,-0.0471304633672964,0.091352832081343
4.25935430829968,-26.2216849251986,4.92710558357051,0.0213070547739472,-0.0977036816955227,0.0118302709590685,-0.0745128142280553
4.27041320768482,-26.2009789949308,4.92710558357051,0.0213070547739472,-0.0977036816955227,-0.0102481553888047,0.118409611963292
4.19978261293276,-26.3042439175251,4.92710558357051,0.0213070547739472,-0.0977036816955227,-0.0919376495260056,-0.00556124089882604
4.22434671838634,-26.3762668295507,4.92710558357051,0.0213070547739472,-0.0977036816955227,0.00325705067963344,0.025680769669962
4.33591306933204,-26.4364792921288,4.92710558357051,0.0213070547739472,-0.0977036816955227,0.0902592961717505,0.0374912191173838
4.40546671331956,-26.6069142132861,4.92710558357051,0.0213070547739472,-0.0977036816955227,0.0482465892135742,-0.0727312394617809
4.43907499666087,-26.5531792650055,4.92710558357051,0.0213070547739472,-0.0977036816955227,0.0123012285673572,0.151438629976184
4.41746633782474,-26.6384530771692,4.92710558357051,0.0213070547739472,-0.0977036816955227,-0.0429157136100764,0.012429869531858
4.48175137484303,-26.767331392557,4.92710558357051,0.0213070547739472,-0.0977036816955227,0.0429779822443417,-0.0311746336923624
4.42920363449522,-26.8757285976418,4.92710558357051,0.0213070547739472,-0.0977036816955227,-0.0738547951217585,-0.010693523389238
4.35121739775469,-26.9929337000186,4.92710558357051,0.0213070547739472,-0.0977036816955227,-0.0992932915144766,-0.0195014206812989
4.39638911679939,-27.105716565853,4.92710558357051,0.0213070547739472,-0.0977036816955227,0.0238646642707563,-0.0150791841388028
4.37421561984545,-27.1996211114628,4.92710558357051,0.0213070547739472,-0.0977036816955227,-0.0434805517278882,0.00379913608564242
4.30004785505761,-27.3422630263403,4.92710558357051,0.0213070547739472,-0.0977036816955227,-0.0954748195617914,-0.0449382331819667
4.50148181541879,-27.4549315396177,4.92710558357051,0.0213070547739472,-0.0977036816955227,0.180126905587235,-0.0149648315818777
4.52273302045982,-27.6101725642368,4.92710558357051,0.0213070547739472,-0.0977036816955227,-5.58497329199437e-05,-0.0575373429235295
4.52916543800424,-27.7578181681283,4.92710558357051,0.0213070547739472,-0.0977036816955227,-0.014874637229525,-0.0499419221959995
4.63735881129595,-27.8736123110079,4.92710558357051,0.0213070547739472,-0.0977036816955227,0.0868863185177624,-0.0180904611840232
4.56163150724696,-28.0049616020088,4.92710558357051,0.0213070547739472,-0.0977036816955227,-0.0970343588229308,-0.033645609305434
4.7257997998823,-28.0996405163794,4.92710558357051,0.0213070547739472,-0.0977036816955227,0.14286123786139,0.00302476732498569
4.78741653316949,-28.0964428318095,4.92710558357051,0.0213070547739472,-0.0977036816955227,0.0403096785132424,0.100901366265384
4.76182254891617,-28.187949273229,4.92710558357051,0.0213070547739472,-0.0977036816955227,-0.0469010390272686,0.00619724027603552
4.86084606385111,-28.3930494462585,4.92710558357051,0.0213070547739472,-0.0977036816955227,0.0777164601609937,-0.10739649133398
4.95391370943806,-28.4628467421687,4.92710558357051,0.0213070547739472,-0.0977036816955227,0.0717605908129986,0.0279063857852857
4.96016706173306,-28.4277215593572,4.92710558357051,0.0213070547739472,-0.0977036816955227,-0.015053702478941,0.132828864507062
5.02543053735691,-28.4447354299002,4.92710558357051,0.0213070547739472,-0.0977036816955227,0.0439564208498999,0.0806898111525587
5.03959854890062,-28.60294185949,4.92710558357051,0.0213070547739472,-0.0977036816955227,-0.00713904323023895,-0.0605027478943536
5.0383246285726,-28.7379389987226,4.92710558357051,0.0213070547739472,-0.0977036816955227,-0.0225809751019712,-0.0372934575370721
5.03896639599821,-28.9024583957053,4.92710558357051,0.0213070547739472,-0.0977036816955227,-0.0206652873483342,-0.0668157152871031
5.0236350075424,-29.0503509471152,4.92710558357051,0.0213070547739472,-0.0977036816955227,-0.0366384432297595,-0.050188869714441
5.02419448133508,-29.0744665133654,4.92710558357051,0.0213070547739472,-0.0977036816955227,-0.0207475809812641,0.0735881154453872
5.21613949641005,-29.017240977326,4.92710558357051,0.0213070547739472,-0.0977036816955227,0.170637960301026,0.15492921773487
5.13946068582755,-29.0528524237113,4.92710558357051,0.0213070547739472,-0.0977036816955227,-0.0979858653564484,0.062092235310205
5.04538790283729,-29.151644786087,4.92710558357051,0.0213070547739472,-0.0977036816955227,-0.115379837764207,-0.00108868068012702
5.10198406835419,-29.2465395940365,4.92710558357051,0.0213070547739472,-0.0977036816955227,0.0352891107429458,0.00280887374604444
5.080995148714,-29.4794193497674,4.92710558357051,0.0213070547739472,-0.0977036816955227,-0.0422959744141347,-0.135176074035443
5.09877317404776,-29.5747879292882,4.92710558357051,0.0213070547739472,-0.0977036816955227,-0.0035290294401833,0.00233510217476895
5.09754543055158,-29.5346305299188,4.92710558357051,0.0213070547739472,-0.0977036816955227,-0.0225347982701278,0.137861081064857
5.09390665442128,-29.7605383456695,4.92710558357051,0.0213070547739472,-0.0977036816955227,-0.0249458309042458,-0.128204134055086
5.04076213805789,-29.8900941285854,4.92710558357051,0.0213070547739472,-0.0977036816955227,-0.0744515711373415,-0.0318521012203898
5.13783642258448,-29.9389007824909,4.92710558357051,0.0213070547739472,-0.0977036816955227,0.0757672297526459,0.0488970277899493
5.12018697050288,-30.0646048864862,4.92710558357051,0.0213070547739472,-0.0977036816955227,-0.0389565068555535,-0.0280004222997238
5.33744820675839,-30.0542103899748,4.92710558357051,0.0213070547739472,-0.0977036816955227,0.195954181481562,0.108098178206928
5.38961071500732,-30.0962706232192,4.92710558357051,0.0213070547739472,-0.0977036816955227,0.0308554534749856,0.0556434484510863
5.40749161933088,-30.297780810514,4.92710558357051,0.0213070547739472,-0.0977036816955227,-0.00342615045039052,-0.103806505599267
5.47501484758352,-30.3770258217,4.92710558357051,0.0213070547739472,-0.0977036816955227,0.0462161734786974,0.0184586705095258
5.59224620754926,-30.3481600532196,4.92710558357051,0.0213070547739472,-0.0977036816955227,0.0959243051917864,0.126569450175913
5.55350807985741,-30.3775202655087,4.92710558357051,0.0213070547739472,-0.0977036816955227,-0.0600451824657952,0.0683434694064911
5.59284135986819,-30.4189654622122,4.92710558357051,0.0213070547739472,-0.0977036816955227,0.0180262252368346,0.0562584849920266
5.642118840067,-30.4686821443402,4.92710558357051,0.0213070547739472,-0.0977036816955227,0.0279704254248599,0.0479869995675115
5.74140790215403,-30.4641939980189,4.92710558357051,0.0213070547739472,-0.0977036816955227,0.0779820073130864,0.102191828016763
5.73914278063468,-30.5084749652707,4.92710558357051,0.0213070547739472,-0.0977036816955227,-0.0235721762932952,0.0534227144437856
5.65108507056817,-30.5984918228595,4.92710558357051,0.0213070547739472,-0.0977036816955227,-0.109364764840459,0.00768682410667754
5.5027073836628,-30.7901403798162,4.92710558357051,0.0213070547739472,-0.0977036816955227,-0.169684741679322,-0.0939448752611836
5.45071038690535,-30.9495715089837,4.92710558357051,0.0213070547739472,-0.0977036816955227,-0.0733040515313965,-0.0617274474719483
5.41336768899169,-30.9408016837363,4.92710558357051,0.0213070547739472,-0.0977036816955227,-0.0586497526876093,0.10647350694288
5.63420319570285,-31.0337648439936,4.92710558357051,0.0213070547739472,-0.0977036816955227,0.199528451937214,0.00474052143824538
5.69707708101488,-30.9876259485561,4.92710558357051,0.0213070547739472,-0.0977036816955227,0.0415668305380881,0.143842577133072
5.72957284498396,-31.1825331609767,4.92710558357051,0.0213070547739472,-0.0977036816955227,0.011188709195133,-0.0972035307250707
5.65207397011982,-31.1808683228936,4.92710558357051,0.0213070547739472,-0.0977036816955227,-0.098805929638087,0.0993685197786337
5.80299592279105,-31.2287170383699,4.92710558357051,0.0213070547739472,-0.0977036816955227,0.129614897897277,0.0498549662192139
5.67648562143365,-31.3707744267721,4.92710558357051,0.0213070547739472,-0.0977036816955227,-0.147817356131342,-0.044353706706721
5.67810223651675,-31.4453174938726,4.92710558357051,0.0213070547739472,-0.0977036816955227,-0.0196904396908475,0.0231606145950501
5.53348189433014,-31.5198107260682,4.92710558357051,0.0213070547739472,-0.0977036816955227,-0.165927396960559,0.0232104494999154
5.41718096840347,-31.5311532176964,4.92710558357051,0.0213070547739472,-0.0977036816955227,-0.137607980700622,0.0863611900672961
5.46849074707147,-31.6867324048973,4.92710558357051,0.0213070547739472,-0.0977036816955227,0.0300027238940606,-0.0578755055053732
5.4762896016307,-31.7782592571007,4.92710558357051,0.0213070547739472,-0.0977036816955227,-0.0135082002147164,0.00617682949216992
5.41229487149708,-31.892393099191,4.92710558357051,0.0213070547739472,-0.0977036816955227,-0.0853017849075726,-0.0164301603948242
5.58425882618784,-31.9962539340875,4.92710558357051,0.0213070547739472,-0.0977036816955227,0.150656899916811,-0.00615715320095098
5.65186112473829,-32.1017171990795,4.92710558357051,0.0213070547739472,-0.0977036816955227,0.0462952437765043,-0.00775958329646156
5.8464031670257,-32.3896019138632,4.92710558357051,0.0213070547739472,-0.0977036816955227,0.173234987513463,-0.190181033088157
5.90983595683339,-32.5305452515083,4.92710558357051,0.0213070547739472,-0.0977036816955227,0.0421257350337434,-0.0432396559495787
5.97766082481774,-32.5475206336007,4.92710558357051,0.0213070547739472,-0.0977036816955227,0.0465178132104029,0.0807282996030753
6.09172166753448,-32.7846793083139,4.92710558357051,0.0213070547739472,-0.0977036816955227,0.0927537879427932,-0.139454993017632
6.18634609395354,-32.7833668597933,4.92710558357051,0.0213070547739472,-0.0977036816955227,0.0733173716451124,0.0990161302160981
6.13878282089304,-32.8867093703361,4.92710558357051,0.0213070547739472,-0.0977036816955227,-0.0688703278344518,-0.00563882884725891
6.20576002179378,-32.8941072844264,4.92710558357051,0.0213070547739472,-0.0977036816955227,0.0456701461267993,0.090305767605179
6.30636030449506,-33.1848285545082,4.92710558357051,0.0213070547739472,-0.0977036816955227,0.0792932279273324,-0.193017588386235
6.43411678687095,-33.4253384062613,4.92710558357051,0.0213070547739472,-0.0977036816955227,0.106449427601937,-0.14280617005762
6.44582037144168,-33.5273276807794,4.92710558357051,0.0213070547739472,-0.0977036816955227,-0.0096034702032135,-0.00428559282260954
6.4356556207029,-33.5925256447918,4.92710558357051,0.0213070547739472,-0.0977036816955227,-0.0314718055127317,0.0325057176831337
6.43581230218487,-33.6805128140942,4.92710558357051,0.0213070547739472,-0.0977036816955227,-0.0211503732919722,0.00971651239316929
6.50971528365358,-33.8244938036549,4.92710558357051,0.0213070547739472,-0.0977036816955227,0.0525959266947625,-0.0462773078652503
6.57817909164723,-33.8306425822922,4.92710558357051,0.0213070547739472,-0.0977036816955227,0.0471567532196959,0.0915549030582115
6.55095090761818,-33.9584411532448,4.92710558357051,0.0213070547739472,-0.0977036816955227,-0.048535238802995,-0.0300948892569962
6.55951601282158,-34.2676928528507,4.92710558357051,0.0213070547739472,-0.0977036816955227,-0.0127419495705483,-0.211548017910443
6.51799501625288,-34.3998727662379,4.92710558357051,0.0213070547739472,-0.0977036816955227,-0.0628280513426477,-0.0344762316916121
6.48903441562046,-34.506625881389,4.92710558357051,0.0213070547739472,-0.0977036816955227,-0.0502676554063666,-0.00904943345562259
6.50148381034032,-34.6744279280331,4.92710558357051,0.0213070547739472,-0.0977036816955227,-0.0088576600540835,-0.0700983649485639
6.60898101187826,-34.8082374985013,4.92710558357051,0.0213070547739472,-0.0977036816955227,0.0861901467639885,-0.0361058887726619
6.64676900280361,-34.9468893099303,4.92710558357051,0.0213070547739472,-0.0977036816955227,0.0164809361514011,-0.040948129733503
6.62583384002955,-35.2495366673602,4.92710558357051,0.0213070547739472,-0.0977036816955227,-0.0422422175479982,-0.204943675734387
6.73593717293098,-35.4506044007265,4.92710558357051,0.0213070547739472,-0.0977036816955227,0.0887962781274749,-0.103364051670828
6.74083530044584,-35.6916061752733,4.92710558357051,0.0213070547739472,-0.0977036816955227,-0.0164089272590883,-0.143298092851244
6.69412181057807,-35.7199524060033,4.92710558357051,0.0213070547739472,-0.0977036816955227,-0.0680205446417179,0.0693574509655295
6.84108258874391,-35.9279608122027,4.92710558357051,0.0213070547739472,-0.0977036816955227,0.125653723391895,-0.110304724503838
6.82016438462375,-35.8740155888888,4.92710558357051,0.0213070547739472,-0.0977036816955227,-0.0422252588941021,0.151648905009348
6.91124570940585,-35.9467235139787,4.92710558357051,0.0213070547739472,-0.0977036816955227,0.0697742700081534,0.0249957566056247
6.90346665285704,-36.0512956699803,4.92710558357051,0.0213070547739472,-0.0977036816955227,-0.0290861113227606,-0.00686847430602677
6.8025459885839,-36.0555038875828,4.92710558357051,0.0213070547739472,-0.0977036816955227,-0.122227719047089,0.0934954640930044
6.83323254312126,-36.1478986659305,4.92710558357051,0.0213070547739472,-0.0977036816955227,0.00937949976341401,0.00530890334782419
6.75332810202863,-36.3798571719941,4.92710558357051,0.0213070547739472,-0.0977036816955227,-0.101211495866577,-0.134254824368099
6.82601731942077,-36.5368252224348,4.92710558357051,0.0213070547739472,-0.0977036816955227,0.0513821626181945,-0.0592643687451984
6.88546136436505,-36.5034846742771,4.92710558357051,0.0213070547739472,-0.0977036816955227,0.0381369901703339,0.131044229853297
6.87061538754755,-36.6867110759272,4.92710558357051,0.0213070547739472,-0.0977036816955227,-0.0361530315914506,-0.0855227199546598
6.98163750488913,-36.8115156912155,4.92710558357051,0.0213070547739472,-0.0977036816955227,0.089715062567632,-0.0271009335927634
7.04885499349929,-36.8203471985145,4.92710558357051,0.0213070547739472,-0.0977036816955227,0.0459104338362148,0.0888721743965635
7.13542870635549,-36.8794020812733,4.92710558357051,0.0213070547739472,-0.0977036816955227,0.0652666580822507,0.0386487989366864
7.24554317400178,-37.0586065739082,4.92710558357051,0.0213070547739472,-0.0977036816955227,0.0888074128723467,-0.0815008109393716
7.29419415695683,-37.1234059703389,4.92710558357051,0.0213070547739472,-0.0977036816955227,0.0273439281810959,0.0329042852648118
7.35683693592827,-37.284365411827,4.92710558357051,0.0213070547739472,-0.0977036816955227,0.0413357241974934,-0.0632557597925927
7.40681455158311,-37.2285453584856,4.92710558357051,0.0213070547739472,-0.0977036816955227,0.0286705608808988,0.153523735036963
7.4965854263383,-37.3455655897144,4.92710558357051,0.0213070547739472,-0.0977036816955227,0.0684638199812419,-0.0193165495333356
7.58143857832754,-37.5694998870485,4.92710558357051,0.0213070547739472,-0.0977036816955227,0.0635460972152876,-0.126230615638569
7.58546083788984,-37.6003129283998,4.92710558357051,0.0213070547739472,-0.0977036816955227,-0.0172847952116395,0.0668906403442144
7.5492906990305,-37.5327871473035,4.92710558357051,0.0213070547739472,-0.0977036816955227,-0.0574771936332948,0.165229462791876
7.38791378268902,-37.6366595257162,4.92710558357051,0.0213070547739472,-0.0977036816955227,-0.182683971115423,-0.00616869671722386
7.39420042625387,-37.769662833832,4.92710558357051,0.0213070547739472,-0.0977036816955227,-0.0150204112090948,-0.035299626420235
7.34879757597002,-37.8505197237793,4.92710558357051,0.0213070547739472,-0.0977036816955227,-0.0667099050577983,0.0168467917482271
7.41839746432047,-38.028323439668,4.92710558357051,0.0213070547739472,-0.0977036816955227,0.0482928335764937,-0.0801000341932183
7.46639740444237,-37.9646302381585,4.92710558357051,0.0213070547739472,-0.0977036816955227,0.0266928853479527,0.161396883205008
7.46273991438801,-38.1557824070057,4.92710558357051,0.0213070547739472,-0.0977036816955227,-0.024964544828305,-0.0934484871516463
7.46067708476249,-38.2851488812783,4.92710558357051,0.0213070547739472,-0.0977036816955227,-0.023369884399468,-0.0316627925771218
7.49721979525748,-38.245920092861,4.92710558357051,0.0213070547739472,-0.0977036816955227,0.0152356557210404,0.136932470112836
7.42094336636595,-38.2349010970457,4.92710558357051,0.0213070547739472,-0.0977036816955227,-0.0975834836654706,0.10872267751086
7.45783255854276,-38.3518958744955,4.92710558357051,0.0213070547739472,-0.0977036816955227,0.0155821374028565,-0.0192910957543119
7.42571535677581,-38.5374505723897,4.92710558357051,0.0213070547739472,-0.0977036816955227,-0.0534242565408962,-0.0878510161986891
7.42439026109898,-38.5017855688868,4.92710558357051,0.0213070547739472,-0.0977036816955227,-0.0226321504507732,0.133368685198431
7.37595606325193,-38.5793149668363,4.92710558357051,0.0213070547739472,-0.0977036816955227,-0.069741252620994,0.0201742837460757
7.31705070908525,-38.6974934383488,4.92710558357051,0.0213070547739472,-0.0977036816955227,-0.0802124089406322,-0.0204747898170019
7.36966319896805,-38.742879877112,4.92710558357051,0.0213070547739472,-0.0977036816955227,0.0313054351088528,0.0523172429322949
7.37153158566841,-39.0711249474304,4.92710558357051,0.0213070547739472,-0.0977036816955227,-0.0194386680735846,-0.230541388622853
7.47797195806931,-39.2334023590938,4.92710558357051,0.0213070547739472,-0.0977036816955227,0.0851333176269508,-0.064573729967913
7.56607789848414,-39.4376311974838,4.92710558357051,0.0213070547739472,-0.0977036816955227,0.0667988856408789,-0.10652515669445
7.65035763505079,-39.5198395155238,4.92710558357051,0.0213070547739472,-0.0977036816955227,0.0629726817927052,0.0154953636554902
7.50415523375445,-39.6575310314002,4.92710558357051,0.0213070547739472,-0.0977036816955227,-0.167509456070282,-0.0399878341808722
7.29250528536616,-39.7797819299712,4.92710558357051,0.0213070547739472,-0.0977036816955227,-0.232957003162244,-0.0245472168754937
7.39963402000215,-39.7969394731134,4.92710558357051,0.0213070547739472,-0.0977036816955227,0.0858216798620437,0.0805461385533388
7.37694401727395,-39.9415279921258,4.92710558357051,0.0213070547739472,-0.0977036816955227,-0.043997057502152,-0.0468848373168553
7.31315929879933,-40.1551272537692,4.92710558357051,0.0213070547739472,-0.0977036816955227,-0.0850917732485583,-0.115895579947902
7.48653353068787,-40.2765007079857,4.92710558357051,0.0213070547739472,-0.0977036816955227,0.152067177114589,-0.0236697725210269
7.46263312379169,-40.4608065989279,4.92710558357051,0.0213070547739472,-0.0977036816955227,-0.0452074616701268,-0.0866022092465908
7.64486202316944,-40.5442418246908,4.92710558357051,0.0213070547739472,-0.0977036816955227,0.160921844603805,0.0142684559326061
7.70690421387635,-40.6956552647877,4.92710558357051,0.0213070547739472,-0.0977036816955227,0.0407351359329636,-0.0537097584014243
7.80868060471615,-40.8078315080434,4.92710558357051,0.0213070547739472,-0.0977036816955227,0.0804693360658482,-0.0144725615601207
7.95084083362635,-40.9206851595496,4.92710558357051,0.0213070547739472,-0.0977036816955227,0.120853174136257,-0.0151499698106943
7.99855908639047,-41.1757145843761,4.92710558357051,0.0213070547739472,-0.0977036816955227,0.0264111979901739,-0.157325743131055
8.0450949989749,-41.3238862517953,4.92710558357051,0.0213070547739472,-0.0977036816955227,0.0252288578104757,-0.0504679857236772
8.00753277892296,-41.4130681582988,4.92710558357051,0.0213070547739472,-0.0977036816955227,-0.0588692748258878,0.0085217751920259
7.98040992521836,-41.4859471363902,4.92710558357051,0.0213070547739472,-0.0977036816955227,-0.0484299084785479,0.0248247036041511
7.9492658634857,-41.7376122398399,4.92710558357051,0.0213070547739472,-0.0977036816955227,-0.0524511165065995,-0.153961421754207
7.89456579421952,-41.9340704776126,4.92710558357051,0.0213070547739472,-0.0977036816955227,-0.0760071240401331,-0.0987545560771448
7.95553269839937,-41.9805404424286,4.92710558357051,0.0213070547739472,-0.0977036816955227,0.0396598494059061,0.0512337168795476
7.84916710026587,-42.0795320139838,4.92710558357051,0.0213070547739472,-0.0977036816955227,-0.127672652907443,-0.00128788985967021
7.88482972954732,-42.277934916139,4.92710558357051,0.0213070547739472,-0.0977036816955227,0.0143555745074996,-0.100699220459708
7.81085237397741,-42.4237233339776,4.92710558357051,0.0213070547739472,-0.0977036816955227,-0.0952844103438579,-0.0480847361431
7.84402322195131,-42.4345120449193,4.92710558357051,0.0213070547739472,-0.0977036816955227,0.0118637931999555,0.0869149707538901
7.82776851172429,-42.614062977125,4.92710558357051,0.0213070547739472,-0.0977036816955227,-0.0375617650009669,-0.0818472505102272
7.7954714742205,-42.7966606316516,4.92710558357051,0.0213070547739472,-0.0977036816955227,-0.0536040922777443,-0.0848939728310341
7.84595821325583,-42.9626780874823,4.92710558357051,0.0213070547739472,-0.0977036816955227,0.0291796842613834,-0.0683137741352553
7.70728253926839,-42.9332986691483,4.92710558357051,0.0213070547739472,-0.0977036816955227,-0.159982728761386,0.127083100029569
7.85675052070776,-42.9230290865336,4.92710558357051,0.0213070547739472,-0.0977036816955227,0.128160926665426,0.107973264310205
7.8503132109132,-43.061242258774,4.92710558357051,0.0213070547739472,-0.0977036816955227,-0.0277443645685078,-0.0405094905448387
7.86881774136882,-43.1833653865423,4.92710558357051,0.0213070547739472,-0.0977036816955227,-0.00280252431833206,-0.0244194460728662
7.92395765113317,-43.2347191447658,4.92710558357051,0.0213070547739472,-0.0977036816955227,0.0338328549904012,0.0463499234721172
7.91942139075737,-43.3126394642236,4.92710558357051,0.0213070547739472,-0.0977036816955227,-0.0258433151497457,0.0197833622376355
7.86275548329286,-43.4338359649349,4.92710558357051,0.0213070547739472,-0.0977036816955227,-0.0779729622384562,-0.0234928190156996
7.92442943897505,-43.5612258375883,4.92710558357051,0.0213070547739472,-0.0977036816955227,0.0403669009082426,-0.029686190957912
7.94179843639195,-43.5777141304584,4.92710558357051,0.0213070547739472,-0.0977036816955227,-0.00393805735704267,0.0812153888254417
7.91402921738942,-43.7596829986102,4.92710558357051,0.0213070547739472,-0.0977036816955227,-0.0490762737764781,-0.0842651864563095
7.98297963655831,-43.8039390509125,4.92710558357051,0.0213070547739472,-0.0977036816955227,0.0476433643949357,0.05344762939318
7.99085877913621,-44.0717576622255,4.92710558357051,0.0213070547739472,-0.0977036816955227,-0.0134279121960383,-0.170114929617406
8.06524176340606,-44.251983127434,4.92710558357051,0.0213070547739472,-0.0977036816955227,0.0530759294958951,-0.0825217835130121
8.09332943810865,-44.1814048865524,4.92710558357051,0.0213070547739472,-0.0977036816955227,0.00678061992864709,0.168281922577154
8.16275707172496,-44.257096056844,4.92710558357051,0.0213070547739472,-0.0977036816955227,0.0481205788423635,0.0220125114038687
8.35958700952274,-44.3726792645158,4.92710558357051,0.0213070547739472,-0.0977036816955227,0.175522883023831,-0.0178795259762885
8.56492674666373,-44.4568630487983,4.92710558357051,0.0213070547739472,-0.0977036816955227,0.184032682367039,0.0135198974130417
8.58537372051703,-44.5495413628281,4.92710558357051,0.0213070547739472,-0.0977036816955227,-0.000860080920645934,0.00502536766570216
8.64850957497455,-44.6407683314737,4.92710558357051,0.0213070547739472,-0.0977036816955227,0.0418287996835737,0.00647671304991881
8.76815991992012,-44.6938461750492,4.92710558357051,0.0213070547739472,-0.0977036816955227,0.0983432901716216,0.0446258381200662
8.88800359068394,-44.8680026611845,4.92710558357051,0.0213070547739472,-0.0977036816955227,0.098536615989874,-0.0764528044397537
8.90774676412182,-44.9572248455586,4.92710558357051,0.0213070547739472,-0.0977036816955227,-0.00156388133606122,0.00848149732135672
9.04893970764966,-45.0115075251156,4.92710558357051,0.0213070547739472,-0.0977036816955227,0.119885888753885,0.0434210021385208
9.03457356255831,-45.1111032999667,4.92710558357051,0.0213070547739472,-0.0977036816955227,-0.0356731998652964,-0.00189209315551908
9.20894782143951,-45.1843166461842,4.92710558357051,0.0213070547739472,-0.0977036816955227,0.153067204107256,0.0244903354780068
9.3051918431262,-45.3628358002271,4.92710558357051,0.0213070547739472,-0.0977036816955227,0.074936966912742,-0.0808154723474459
9.52051916215229,-45.5473251175113,4.92710558357051,0.0213070547739472,-0.0977036816955227,0.194020264252144,-0.0867856355886096
9.46847628230025,-45.5113502360656,4.92710558357051,0.0213070547739472,-0.0977036816955227,-0.0733499346259894,0.13367856314118
9.52613226194351,-45.6361469097624,4.92710558357051,0.0213070547739472,-0.0977036816955227,0.0363489248693164,-0.0270929920012919
9.55588254098773,-45.7546426653234,4.92710558357051,0.0213070547739472,-0.0977036816955227,0.00844322427027575,-0.0207920738654703
9.75685075535604,-45.8688427006019,4.92710558357051,0.0213070547739472,-0.0977036816955227,0.179661159594364,-0.0164963535829927
9.80213182116169,-45.9980924378681,4.92710558357051,0.0213070547739472,-0.0977036816955227,0.0239740110316966,-0.0315460555706117
9.74059302191139,-46.0812294949348,4.92710558357051,0.0213070547739472,-0.0977036816955227,-0.0828458540242457,0.0145666246288001
9.73890493875071,-46.2562258539572,4.92710558357051,0.0213070547739472,-0.0977036816955227,-0.0229951379346264,-0.0772926773269269
9.8247996633465,-46.4109300475327,4.92710558357051,0.0213070547739472,-0.0977036816955227,0.0645876698218424,-0.0570005118799819
9.90192670561835,-46.6249294496355,4.92710558357051,0.0213070547739472,-0.0977036816955227,0.0558199874979002,-0.116295720407202
9.91853567923732,-46.5657075482293,4.92710558357051,0.0213070547739472,-0.0977036816955227,-0.00469808115497677,0.156925583101676
9.88398043514922,-46.5500672447054,4.92710558357051,0.0213070547739472,-0.0977036816955227,-0.0558622988620459,0.113343985219453
9.95904460726855,-46.6352827869971,4.92710558357051,0.0213070547739472,-0.0977036816955227,0.0537571173453851,0.0124881394038074
10.0590084545262,-46.7940054230877,4.92710558357051,0.0213070547739472,-0.0977036816955227,0.0786567924836868,-0.0610189543951072
10.0504211605093,-46.8264976280301,4.92710558357051,0.0213070547739472,-0.0977036816955227,-0.0298943487908225,0.0652114767531078
10.0567353106789,-46.9925761508261,4.92710558357051,0.0213070547739472,-0.0977036816955227,-0.0149929046043684,-0.068374841100431
10.0954554843027,-47.079595631297,4.92710558357051,0.0213070547739472,-0.0977036816955227,0.0174131188498376,0.010684201224576
10.1480894910853,-47.233656502359,4.92710558357051,0.0213070547739472,-0.0977036816955227,0.0313269520086868,-0.056357189366488
10.10225534379,-47.3821110416264,4.92710558357051,0.0213070547739472,-0.0977036816955227,-0.0671412020692933,-0.0507508575718538
10.1375513393702,-47.5054277895489,4.92710558357051,0.0213070547739472,-0.0977036816955227,0.0139889408062799,-0.0256130662269936
10.2010385991412,-47.611174218589,4.92710558357051,0.0213070547739472,-0.0977036816955227,0.0421802049970975,-0.00804274734457611
10.1864922627325,-47.6832772456328,4.92710558357051,0.0213070547739472,-0.0977036816955227,-0.0358533911826646,0.02560065465171
10.317305124288,-47.6786267847491,4.92710558357051,0.0213070547739472,-0.0977036816955227,0.10950580678149,0.10235414257924
10.3317692459864,-47.6418199550528,4.92710558357051,0.0213070547739472,-0.0977036816955227,-0.00684293307548528,0.13451051139188
10.4640691937758,-47.7061364419803,4.92710558357051,0.0213070547739472,-0.0977036816955227,0.110992893015404,0.0333871947679238
10.5288268767811,-47.8581376881844,4.92710558357051,0.0213070547739472,-0.0977036816955227,0.0434506282313653,-0.0542975645085795
10.5381252355882,-47.9574915858268,4.92710558357051,0.0213070547739472,-0.0977036816955227,-0.0120086959668518,-0.00165021594682191
10.4595869752918,-48.1021405680791,4.92710558357051,0.0213070547739472,-0.0977036816955227,-0.0998453150702781,-0.0469453005568279
10.4334319546722,-48.2966083272548,4.92710558357051,0.0213070547739472,-0.0977036816955227,-0.0474620753936293,-0.096764077480167
10.4354123903061,-48.357905564046,4.92710558357051,0.0213070547739472,-0.0977036816955227,-0.01932661913997,0.0364064449044026
10.4531998284352,-48.3692070142982,4.92710558357051,0.0213070547739472,-0.0977036816955227,-0.0035196166449048,0.0864022314432886
10.4400654399069,-48.4271387022481,4.92710558357051,0.0213070547739472,-0.0977036816955227,-0.0344414433022705,0.0397719937455934
10.446973718241,-48.3863342564661,4.92710558357051,0.0213070547739472,-0.0977036816955227,-0.0143987764398376,0.138508127477507
10.3935941581992,-48.5671865666337,4.92710558357051,0.0213070547739472,-0.0977036816955227,-0.0746866148157477,-0.0831486284720824
10.3302422836411,-48.4865105680464,4.92710558357051,0.0213070547739472,-0.0977036816955227,-0.0846589293320512,0.178379680282804
10.3876162812837,-48.6674405084769,4.92710558357051,0.0213070547739472,-0.0977036816955227,0.0360669428687194,-0.0832262587349
10.293004217582,-48.8461511770943,4.92710558357051,0.0213070547739472,-0.0977036816955227,-0.11591911847563,-0.0810069869219208
10.3010317317168,-49.0148092012694,4.92710558357051,0.0213070547739472,-0.0977036816955227,-0.013279540639174,-0.0709543424796173
10.3463973777114,-49.083640836341,4.92710558357051,0.0213070547739472,-0.0977036816955227,0.0240585912206698,0.0288720466239631
10.4022080481008,-49.1378801417677,4.92710558357051,0.0213070547739472,-0.0977036816955227,0.0345036156153899,0.0434643762688345
10.4617405610635,-49.3390037892845,4.92710558357051,0.0213070547739472,-0.0977036816955227,0.038225458188736,-0.103419965821262
10.4524228958327,-49.5334063211764,4.92710558357051,0.0213070547739472,-0.0977036816955227,-0.030624720004706,-0.0966988501964683
10.5955497683417,-49.576838424532,4.92710558357051,0.0213070547739472,-0.0977036816955227,0.121819817735076,0.0542715783399443
10.671208461832,-49.6498839220048,4.92710558357051,0.0213070547739472,-0.0977036816955227,0.0543516387163726,0.0246581842227496
10.8126622182676,-49.7003053163888,4.92710558357051,0.0213070547739472,-0.0977036816955227,0.120146701661611,0.0472822873114702
10.7700512918754,-49.8918570372352,4.92710558357051,0.0213070547739472,-0.0977036816955227,-0.0639179811661318,-0.0938480391508598
10.8802120663627,-49.9463788769125,4.92710558357051,0.0213070547739472,-0.0977036816955227,0.088853719713304,0.0431818420182224
10.828271696078,-49.9047080362199,4.92710558357051,0.0213070547739472,-0.0977036816955227,-0.0732474250585844,0.139374522388149
10.9249353333523,-50.0301083500492,4.92710558357051,0.0213070547739472,-0.0977036816955227,0.0753565825003143,-0.0276966321337864
10.9334929656134,-50.1491178806245,4.92710558357051,0.0213070547739472,-0.0977036816955227,-0.0127494225128177,-0.0213058488797577
11.1250047428424,-50.1735316771377,4.92710558357051,0.0213070547739472,-0.0977036816955227,0.170204722455029,0.0732898851822803
11.1273229135347,-50.3010267292922,4.92710558357051,0.0213070547739472,-0.0977036816955227,-0.0189888840816708,-0.0297913704589139
11.3437334692256,-50.3369467765183,4.92710558357051,0.0213070547739472,-0.0977036816955227,0.195103500916994,0.0617836344693588
11.4248334511399,-50.4604689945939,4.92710558357051,0.0213070547739472,-0.0977036816955227,0.0597929271403181,-0.0258185363800656
11.4869634229052,-50.575699132744,4.92710558357051,0.0213070547739472,-0.0977036816955227,0.0408229169913734,-0.0175264564546038
11.4786897638211,-50.631312773922,4.92710558357051,0.0213070547739472,-0.0977036816955227,-0.0295807138580442,0.0420900405175191
11.5274989278581,-50.7103815816409,4.92710558357051,0.0213070547739472,-0.0977036816955227,0.0275021092630205,0.0186348739766584
11.5898085123194,-50.7835357722951,4.92710558357051,0.0213070547739472,-0.0977036816955227,0.0410025296873282,0.0245494910412769
11.640650073992,-50.8100448226669,4.92710558357051,0.0213070547739472,-0.0977036816955227,0.0295345068986878,0.071194631323777
11.5622410340552,-50.8529716411385,4.92710558357051,0.0213070547739472,-0.0977036816955227,-0.0997160947107032,0.054776863223932
11.6889588923385,-50.9459495436017,4.92710558357051,0.0213070547739472,-0.0977036816955227,0.105410803509327,0.00472577923225637
11.6683104942919,-51.1018903920807,4.92710558357051,0.0213070547739472,-0.0977036816955227,-0.0419554528206015,-0.0582371667834916
11.697760032604,-51.247325587244,4.92710558357051,0.0213070547739472,-0.0977036816955227,0.00814248353815816,-0.0477315134677041
11.6375626152633,-51.2927282080886,4.92710558357051,0.0213070547739472,-0.0977036816955227,-0.0815044721146434,0.0523010608508856
11.7428919578537,-51.3639020592176,4.92710558357051,0.0213070547739472,-0.0977036816955227,0.0840222878165308,0.0265298305664983
11.8832721542668,-51.4260966697847,4.92710558357051,0.0213070547739472,-0.0977036816955227,0.11907314163915,0.0355090711283867
11.805581985004,-51.4104158438387,4.92710558357051,0.0213070547739472,-0.0977036816955227,-0.0989972240368336,0.113384507641529
11.7912365459457,-51.6110865771643,4.92710558357051,0.0213070547739472,-0.0977036816955227,-0.0356524938321849,-0.102967051630023
11.8845973978578,-51.6843609909765,4.92710558357051,0.0213070547739472,-0.0977036816955227,0.072053797138162,0.0244292678833331
11.9511033348184,-51.6943377626052,4.92710558357051,0.0213070547739472,-0.0977036816955227,0.0451988821866316,0.0877269100668199
11.9181173408746,-51.7661164028566,4.92710558357051,0.0213070547739472,-0.0977036816955227,-0.0542930487177613,0.0259250414440824
12.0227621871114,-51.9329318334797,4.92710558357051,0.0213070547739472,-0.0977036816955227,0.0833377914629037,-0.0691117489275526
12.0869301392287,-51.8499967952515,4.92710558357051,0.0213070547739472,-0.0977036816955227,0.0428608973432718,0.180638719923681
12.0341479713206,-51.8514993145781,4.92710558357051,0.0213070547739472,-0.0977036816955227,-0.0740892226820105,0.0962011623688983
12.1797907770018,-51.9623919253719,4.92710558357051,0.0213070547739472,-0.0977036816955227,0.124335750907262,-0.0131889290982441
12.2229152686387,-52.0964228711888,4.92710558357051,0.0213070547739472,-0.0977036816955227,0.0218174368629402,-0.036327264121345
12.2339860689719,-52.2499832668752,4.92710558357051,0.0213070547739472,-0.0977036816955227,-0.0102362544407162,-0.0558567139908859
12.2273248606579,-52.3657990072061,4.92710558357051,0.0213070547739472,-0.0977036816955227,-0.0279682630879954,-0.0181120586353647
12.2271749904955,-52.2621756710218,4.92710558357051,0.0213070547739472,-0.0977036816955227,-0.0214569249363439,0.201327017879829
12.1724614735629,-52.4322928262897,4.92710558357051,0.0213070547739472,-0.0977036816955227,-0.0760205717064815,-0.0724134735724034
12.2005690402825,-52.4449859588777,4.92710558357051,0.0213070547739472,-0.0977036816955227,0.00680051194564246,0.0850105491075204
12.0492315991959,-52.4074426741656,4.92710558357051,0.0213070547739472,-0.0977036816955227,-0.172644495860597,0.135246966407595
12.0654975692339,-52.5866534990392,4.92710558357051,0.0213070547739472,-0.0977036816955227,-0.0050410847359641,-0.0815071431780172
12.0729703186509,-52.5135010519026,4.92710558357051,0.0213070547739472,-0.0977036816955227,-0.0138343053569409,0.170856128832107
11.9448444018146,-52.6169478340681,4.92710558357051,0.0213070547739472,-0.0977036816955227,-0.149432971610232,-0.005743100470055
11.9830878801625,-52.8025949023599,4.92710558357051,0.0213070547739472,-0.0977036816955227,0.0169364235739135,-0.0879433865962269
12.0300345903237,-52.8790283802673,4.92710558357051,0.0213070547739472,-0.0977036816955227,0.025639655387345,0.0212702037881201
12.0937406076677,-52.8019258340916,4.92710558357051,0.0213070547739472,-0.0977036816955227,0.042398962570032,0.174806227871213
12.1268597038388,-52.8520639681147,4.92710558357051,0.0213070547739472,-0.0977036816955227,0.0118120413971335,0.047565547672368
12.047181605838,-53.0285468119347,4.92710558357051,0.0213070547739472,-0.0977036816955227,-0.100985152774744,-0.078779162124472
12.1804064367017,-53.2251115478285,4.92710558357051,0.0213070547739472,-0.0977036816955227,0.111917776089722,-0.0988610541982362
12.0669729234492,-53.2899965361841,4.92710558357051,0.0213070547739472,-0.0977036816955227,-0.13474056802641,0.0328186933399128
12.0591992211891,-53.4966262467454,4.92710558357051,0.0213070547739472,-0.0977036816955227,-0.0290807570340574,-0.108926028865749
12.1127643587382,-53.6226042821404,4.92710558357051,0.0213070547739472,-0.0977036816955227,0.0322580827751228,-0.0282743536995322
12.0444644316273,-53.6907269073973,4.92710558357051,0.0213070547739472,-0.0977036816955227,-0.0896069818847993,0.0295810564386318
11.9571554807089,-53.798452637659,4.92710558357051,0.0213070547739472,-0.0977036816955227,-0.108616005692385,-0.0100220485661207
11.8097698947377,-53.8213403560032,4.92710558357051,0.0213070547739472,-0.0977036816955227,-0.168692640745152,0.0748159633512484
11.8254135565419,-53.8126979817374,4.92710558357051,0.0213070547739472,-0.0977036816955227,-0.00566339296977347,0.106346055961332
11.7786066322023,-54.013523824528,4.92710558357051,0.0213070547739472,-0.0977036816955227,-0.0681139791134981,-0.103122161095081
11.7499887455177,-54.0981882412873,4.92710558357051,0.0213070547739472,-0.0977036816955227,-0.0499249414585122,0.0130392649362672
11.8346612555165,-54.2268084944359,4.92710558357051,0.0213070547739472,-0.0977036816955227,0.06336545522478,-0.030916571453135
11.8595676473863,-54.3058832924114,4.92710558357051,0.0213070547739472,-0.0977036816955227,0.00359933709584176,0.0186288837200994
11.9214740244594,-54.4123214576535,4.92710558357051,0.0213070547739472,-0.0977036816955227,0.0405993222992019,-0.00873448354660966
11.8651205494482,-54.4659489389591,4.92710558357051,0.0213070547739472,-0.0977036816955227,-0.0776605297851878,0.04407620038993
11.8996134833847,-54.5838765972605,4.92710558357051,0.0213070547739472,-0.0977036816955227,0.0131858791626178,-0.0202239766058772
11.8930556073543,-54.6700476391992,4.92710558357051,0.0213070547739472,-0.0977036816955227,-0.0278649308043342,0.0115326397567999
11.9498055524685,-54.6140364218202,4.92710558357051,0.0213070547739472,-0.0977036816955227,0.0354428903401688,0.153714899074509
11.9046358740361,-54.7188240698392,4.92710558357051,0.0213070547739472,-0.0977036816955227,-0.0664767332062863,-0.00708396632342712
11.8786672899412,-54.8690476308201,4.92710558357051,0.0213070547739472,-0.0977036816955227,-0.0472756388688776,-0.0525198792854001
12.0009524851376,-54.8486964840764,4.92710558357051,0.0213070547739472,-0.0977036816955227,0.100978140422487,0.11805482843918
11.9843002202407,-54.8883164487746,4.92710558357051,0.0213070547739472,-0.0977036816955227,-0.0379593196708419,0.0580837169973119
12.0085305854629,-55.0690600529401,4.92710558357051,0.0213070547739472,-0.0977036816955227,0.00292331044825947,-0.0830399224699996
12.074480172494,-55.0705122800543,4.92710558357051,0.0213070547739472,-0.0977036816955227,0.0446425322571396,0.096251454581341
12.0968187810554,-55.2075694752006,4.92710558357051,0.0213070547739472,-0.0977036816955227,0.00103155378745676,-0.0393535134507609
12.1828466492822,-55.4341880885196,4.92710558357051,0.0213070547739472,-0.0977036816955227,0.0647208134528223,-0.128914931623455
12.2922564956941,-55.6381181890909,4.92710558357051,0.0213070547739472,-0.0977036816955227,0.0881027916380009,-0.106226418875797
12.1912252817076,-55.6481851864966,4.92710558357051,0.0213070547739472,-0.0977036816955227,-0.122338268760509,0.0876366842897854
12.1917505504669,-55.5437277779414,4.92710558357051,0.0213070547739472,-0.0977036816955227,-0.0207817860146307,0.202161090250795
12.0924049471848,-55.5935357314329,4.92710558357051,0.0213070547739472,-0.0977036816955227,-0.120652658056063,0.0478957282039892
12.117523201893,-55.8642310494851,4.92710558357051,0.0213070547739472,-0.0977036816955227,0.0038111999342489,-0.172991636356649
12.2156740078652,-55.9442696086276,4.92710558357051,0.0213070547739472,-0.0977036816955227,0.0768437511982859,0.0176651225530318
12.2832123337573,-55.8987634134956,4.92710558357051,0.0213070547739472,-0.0977036816955227,0.0462312711181402,0.143209876827507
12.4068148930998,-56.0005620457489,4.92710558357051,0.0213070547739472,-0.0977036816955227,0.102295504568553,-0.00409495055779552
12.5098330366805,-56.1898731901499,4.92710558357051,0.0213070547739472,-0.0977036816955227,0.0817110888067783,-0.0916074627054727
12.6077437869417,-56.4162178207106,4.92710558357051,0.0213070547739472,-0.0977036816955227,0.0766036954872663,-0.128640948865237
12.7161434561133,-56.6253561516819,4.92710558357051,0.0213070547739472,-0.0977036816955227,0.0870926143975801,-0.111434649275698
12.7262713960895,-56.7580903575077,4.92710558357051,0.0213070547739472,-0.0977036816955227,-0.0111791147977534,-0.0350305241302904
12.6551337642704,-56.7726975446909,4.92710558357051,0.0213070547739472,-0.0977036816955227,-0.0924446865930207,0.08309649451232
12.667575398092,-56.8680919076991,4.92710558357051,0.0213070547739472,-0.0977036816955227,-0.00886542095230508,0.00230931868731798
12.6738567490174,-57.0280331205369,4.92710558357051,0.0213070547739472,-0.0977036816955227,-0.0150257038485542,-0.0622375311422996
12.6134783757393,-57.0601365630017,4.92710558357051,0.0213070547739472,-0.0977036816955227,-0.0816854280521003,0.0656002392307525
12.5628605926568,-57.1962384601279,4.92710558357051,0.0213070547739472,-0.0977036816955227,-0.0719248378563976,-0.03839821543068
12.5272604823906,-57.2297547650994,4.92710558357051,0.0213070547739472,-0.0977036816955227,-0.0569071650401379,0.0641873767240323
12.5289724905165,-57.143271675197,4.92710558357051,0.0213070547739472,-0.0977036816955227,-0.0195950466481277,0.184186771597841
12.5828572336314,-57.2325779795479,4.92710558357051,0.0213070547739472,-0.0977036816955227,0.0325776883409807,0.00839737734462953
12.5834711301956,-57.3403558458426,4.92710558357051,0.0213070547739472,-0.0977036816955227,-0.0206931582097543,-0.010074184599129
12.6962248109282,-57.3838199976373,4.92710558357051,0.0213070547739472,-0.0977036816955227,0.0914466259587056,0.0542395299007398
12.6678139460406,-57.4935598205083,4.92710558357051,0.0213070547739472,-0.0977036816955227,-0.0497179196615431,-0.0120361411754009
12.6786702639219,-57.6363782961408,4.92710558357051,0.0213070547739472,-0.0977036816955227,-0.010450736892706,-0.045114793937035
12.6260300877016,-57.7690351609835,4.92710558357051,0.0213070547739472,-0.0977036816955227,-0.0739472309941902,-0.0349531831471538
12.6803703229904,-57.9927668855801,4.92710558357051,0.0213070547739472,-0.0977036816955227,0.0330331805148282,-0.12602804290111
12.6694254870332,-58.1258196534991,4.92710558357051,0.0213070547739472,-0.0977036816955227,-0.0322518907311298,-0.0353490862234715
12.6858012036712,-58.213934885913,4.92710558357051,0.0213070547739472,-0.0977036816955227,-0.00493133813599864,0.00958844928164015
12.6606685559817,-58.2497910449013,4.92710558357051,0.0213070547739472,-0.0977036816955227,-0.0464397024634171,0.0618475227071799
12.7556137279363,-58.2817818608227,4.92710558357051,0.0213070547739472,-0.0977036816955227,0.0736381171806062,0.0657128657741307
12.7924708604654,-58.3871568004426,4.92710558357051,0.0213070547739472,-0.0977036816955227,0.0155500777552252,-0.00767125792437062
12.9419412871139,-58.436718190177,4.92710558357051,0.0213070547739472,-0.0977036816955227,0.12816337187457,0.0481422919611587
13.0167074424295,-58.5701243395092,4.92710558357051,0.0213070547739472,-0.0977036816955227,0.0534591005416106,-0.0357024676367478
12.9268094155351,-58.5411543354078,4.92710558357051,0.0213070547739472,-0.0977036816955227,-0.111205081668307,0.12667368579699
13.0078290126962,-58.5791145382011,4.92710558357051,0.0213070547739472,-0.0977036816955227,0.059712542387124,0.0597434789021685
13.0895647327022,-58.7617741527301,4.92710558357051,0.0213070547739472,-0.0977036816955227,0.0604286652320083,-0.084955932833427
13.0012947195511,-58.9056537908829,4.92710558357051,0.0213070547739472,-0.0977036816955227,-0.109577067924998,-0.0461759564573009
13.0558579260273,-58.9407016019031,4.92710558357051,0.0213070547739472,-0.0977036816955227,0.0332561517022616,0.0626558706753154
13.1776497410455,-59.0205956410871,4.92710558357051,0.0213070547739472,-0.0977036816955227,0.100484760244186,0.0178096425115092
13.1348283480079,-59.0643690676944,4.92710558357051,0.0213070547739472,-0.0977036816955227,-0.0641284478115575,0.053930255088274
13.180390267474,-59.1242115962088,4.92710558357051,0.0213070547739472,-0.0977036816955227,0.0242548646921674,0.0378611531810531
13.2684770267364,-59.385505094999,4.92710558357051,0.0213070547739472,-0.0977036816955227,0.0667797044884663,-0.163589817094652
13.3774320816243,-59.5743545602709,4.92710558357051,0.0213070547739472,-0.0977036816955227,0.0876480001139776,-0.0911457835764029
13.4374425470278,-59.6379299696237,4.92710558357051,0.0213070547739472,-0.0977036816955227,0.0387034106295533,0.0341282723427873
13.4372500170759,-59.6331745675326,4.92710558357051,0.0213070547739472,-0.0977036816955227,-0.0214995847258623,0.1024590837866
13.468962172878,-59.7647795554908,4.92710558357051,0.0213070547739472,-0.0977036816955227,0.0104051010281545,-0.033901306262737
13.4765638415284,-59.7788921592007,4.92710558357051,0.0213070547739472,-0.0977036816955227,-0.0137053861235787,0.0835910779856753
13.5588536803195,-59.7247269948026,4.92710558357051,0.0213070547739472,-0.0977036816955227,0.0609827840171586,0.151868846093629
13.5912349815124,-59.8663055123072,4.92710558357051,0.0213070547739472,-0.0977036816955227,0.0110742464189487,-0.0438748358090669
13.6577022783985,-60.1358148523179,4.92710558357051,0.0213070547739472,-0.0977036816955227,0.0451602421121999,-0.171805658315222
13.6631449800487,-60.1647525901604,4.92710558357051,0.0213070547739472,-0.0977036816955227,-0.0158643531237308,0.0687659438530263
13.7364985200399,-60.3706767031282,4.92710558357051,0.0213070547739472,-0.0977036816955227,0.0520464852172287,-0.108220431272283
13.7948571361878,-60.6058061823925,4.92710558357051,0.0213070547739472,-0.0977036816955227,0.0370515613739016,-0.137425797568758
13.6709321647139,-60.6468935922697,4.92710558357051,0.0213070547739472,-0.0977036816955227,-0.145232026247788,0.0566162718182921
13.6265613013385,-60.6924531099961,4.92710558357051,0.0213070547739472,-0.0977036816955227,-0.0656779181493299,0.0521441639691023
13.5603930554513,-60.7184515592345,4.92710558357051,0.0213070547739472,-0.0977036816955227,-0.0874753006611822,0.0717052324571809
13.774749647715,-60.8369886599086,4.92710558357051,0.0213070547739472,-0.0977036816955227,0.19304953748977,-0.0208334189785647
13.8059722320842,-61.0198680055113,4.92710558357051,0.0213070547739472,-0.0977036816955227,0.00991552959520403,-0.0851756639072324
13.8564783003188,-61.0364053382443,4.92710558357051,0.0213070547739472,-0.0977036816955227,0.0291990134607024,0.0811663489625614
13.7654781485987,-61.1459408256979,4.92710558357051,0.0213070547739472,-0.0977036816955227,-0.112307206494036,-0.0118318057581344
13.6464440469126,-61.3988666318752,4.92710558357051,0.0213070547739472,-0.0977036816955227,-0.140341156460082,-0.155222124481804
13.7160216621248,-61.3505658939394,4.92710558357051,0.0213070547739472,-0.0977036816955227,0.0482705604382956,0.146004419631358
13.7391669837005,-61.4622965871606,4.92710558357051,0.0213070547739472,-0.0977036816955227,0.00183826680170351,-0.0140270115257216
13.7740506273948,-61.5074968227203,4.92710558357051,0.0213070547739472,-0.0977036816955227,0.0135765889203769,0.0525034461359064
13.7475040849949,-61.5837855440537,4.92710558357051,0.0213070547739472,-0.0977036816955227,-0.0478535971738307,0.0214149603620841
13.7673791028759,-61.8296681055738,4.92710558357051,0.0213070547739472,-0.0977036816955227,-0.00143203689294935,-0.148178879824569
13.8270625977223,-61.9464647068699,4.92710558357051,0.0213070547739472,-0.0977036816955227,0.0383764400724614,-0.0190929196006341
13.8349489430701,-62.0284546885068,4.92710558357051,0.0213070547739472,-0.0977036816955227,-0.013420709426211,0.0157137000586562
13.9405162321818,-62.0882724031038,4.92710558357051,0.0213070547739472,-0.0977036816955227,0.0842602343377353,0.0378859670985416
13.9919912299791,-62.2896629951083,4.92710558357051,0.0213070547739472,-0.0977036816955227,0.0301679430233681,-0.103686910309018
14.0507484008717,-62.4970722839464,4.92710558357051,0.0213070547739472,-0.0977036816955227,0.0374501161186556,-0.109705607142595
14.0448498059849,-62.6010518513386,4.92710558357051,0.0213070547739472,-0.0977036816955227,-0.0272056496606955,-0.00627588569660431
14.1143531658935,-62.745278766957,4.92710558357051,0.0213070547739472,-0.0977036816955227,0.0481963051346653,-0.0465232339229291
14.1936461146592,-62.8555648051604,4.92710558357051,0.0213070547739472,-0.0977036816955227,0.0579858939916715,-0.0125823565078356
14.1601380751398,-62.8959464576853,4.92710558357051,0.0213070547739472,-0.0977036816955227,-0.0548150942933145,0.0573220291705767
14.1484767830545,-63.016889953988,4.92710558357051,0.0213070547739472,-0.0977036816955227,-0.0329683468592823,-0.0232398146071682
14.139239480384,-63.1033187202058,4.92710558357051,0.0213070547739472,-0.0977036816955227,-0.0305443574443756,0.0112749154777378
14.1693466967643,-63.2935169555049,4.92710558357051,0.0213070547739472,-0.0977036816955227,0.00880016160631414,-0.0924945536036352
14.2933005879012,-63.3991499726103,4.92710558357051,0.0213070547739472,-0.0977036816955227,0.102646836362936,-0.00792933540984042
14.351515635338,-63.5396816308705,4.92710558357051,0.0213070547739472,-0.0977036816955227,0.0369079926628731,-0.0428279765647279
14.4141729064029,-63.6851373002909,4.92710558357051,0.0213070547739472,-0.0977036816955227,0.0413502162909329,-0.0477519877248369
14.2888788034343,-63.5437827869595,4.92710558357051,0.0213070547739472,-0.0977036816955227,-0.146601157742511,0.239058195026951
14.3057943211489,-63.6828132213568,4.92710558357051,0.0213070547739472,-0.0977036816955227,-0.00439153705937456,-0.0413267527017829
14.2954314571046,-63.808221429917,4.92710558357051,0.0213070547739472,-0.0977036816955227,-0.0316699188182041,-0.0277045268647087
14.3131939600606,-63.8892932491433,4.92710558357051,0.0213070547739472,-0.0977036816955227,-0.00354455181794044,0.0166318624692454
14.4171950827656,-63.9335858546971,4.92710558357051,0.0213070547739472,-0.0977036816955227,0.0826940679309944,0.0534110761417212
14.4603898107803,-64.0723506106757,4.92710558357051,0.0213070547739472,-0.0977036816955227,0.021887673240751,-0.041061074283075
14.3539611478144,-64.1476094477532,4.92710558357051,0.0213070547739472,-0.0977036816955227,-0.127735717739817,0.0224448446179599
14.4957832321323,-64.2212827128566,4.92710558357051,0.0213070547739472,-0.0977036816955227,0.120515029543978,0.0240304165921568
14.4575177882537,-64.12728048032,4.92710558357051,0.0213070547739472,-0.0977036816955227,-0.059572498652585,0.191705914232151
14.5949494129295,-64.1821488351246,4.92710558357051,0.0213070547739472,-0.0977036816955227,0.116124569901819,0.0428353268909165
14.5706779600727,-64.2892921926139,4.92710558357051,0.0213070547739472,-0.0977036816955227,-0.0455785076306739,-0.00943967579384453
14.6564180779929,-64.5222612050177,4.92710558357051,0.0213070547739472,-0.0977036816955227,0.064433063146176,-0.13526533070828
14.6414242754582,-64.5874143593397,4.92710558357051,0.0213070547739472,-0.0977036816955227,-0.0363008573086328,0.0325505273735566
14.6799265139904,-64.7580914183682,4.92710558357051,0.0213070547739472,-0.0977036816955227,0.0171951837582992,-0.0729733773330189
14.6965586459421,-64.9011413574349,4.92710558357051,0.0213070547739472,-0.0977036816955227,-0.00467492282228343,-0.0453462573711015
14.6896113828215,-65.0056300989686,4.92710558357051,0.0213070547739472,-0.0977036816955227,-0.0282543178944892,-0.00678505983816224
14.6553014140649,-65.0452618475077,4.92710558357051,0.0213070547739472,-0.0977036816955227,-0.0556170235306055,0.0580719331563416
14.6914639655619,-65.155760852963,4.92710558357051,0.0213070547739472,-0.0977036816955227,0.0148554967231131,-0.0127953237597773
14.6651575122424,-65.1500706564918,4.92710558357051,0.0213070547739472,-0.0977036816955227,-0.0476135080935213,0.103393878166745
14.7435828322681,-65.2336039144833,4.92710558357051,0.0213070547739472,-0.0977036816955227,0.0571182652518003,0.0141704237040747
14.857626420061,-65.3507402621369,4.92710558357051,0.0213070547739472,-0.0977036816955227,0.0927365330189072,-0.0194326659581658
14.9127533068197,-65.5128290394371,4.92710558357051,0.0213070547739472,-0.0977036816955227,0.0338198319848333,-0.0643850956046476
14.8558474235829,-65.5734583410659,4.92710558357051,0.0213070547739472,-0.0977036816955227,-0.0782129380107832,0.0370743800667348
14.8524809014092,-65.6503109833905,4.92710558357051,0.0213070547739472,-0.0977036816955227,-0.0246735769476125,0.0208510393708894
14.9696183517624,-65.6838018704062,4.92710558357051,0.0213070547739472,-0.0977036816955227,0.0958303955792559,0.0642127946798514
15.094585197299,-65.793051009952,4.92710558357051,0.0213070547739472,-0.0977036816955227,0.103659790762601,-0.0115454578502933
14.9454599445878,-65.9834659777862,4.92710558357051,0.0213070547739472,-0.0977036816955227,-0.170432307485115,-0.0927112861386934
14.9947899732775,-66.1073346518061,4.92710558357051,0.0213070547739472,-0.0977036816955227,0.0280229739157537,-0.0261649923243383
15.1041298812923,-66.3548007978892,4.92710558357051,0.0213070547739472,-0.0977036816955227,0.0880328532408295,-0.149762464387583
15.2503948672534,-66.3839718894303,4.92710558357051,0.0213070547739472,-0.0977036816955227,0.124957931187136,0.0685325901544163
15.2596824009814,-66.4622934334596,4.92710558357051,0.0213070547739472,-0.0977036816955227,-0.0120195210459588,0.01938213766623
15.228833320022,-66.4576076067531,4.92710558357051,0.0213070547739472,-0.0977036816955227,-0.0521561357333578,0.102389508401942
15.4431705906286,-66.6078681857679,4.92710558357051,0.0213070547739472,-0.0977036816955227,0.193030215832681,-0.052556897319229
15.4093828101223,-66.7197972294824,4.92710558357051,0.0213070547739472,-0.0977036816955227,-0.0550948352802669,-0.0142253620189523
15.2973792721771,-66.6769371466753,4.92710558357051,0.0213070547739472,-0.0977036816955227,-0.133310592719074,0.140563764502613
15.3246134434385,-66.7288892491175,4.92710558357051,0.0213070547739472,-0.0977036816955227,0.00592711648735988,0.0457515792532565
15.2939616469263,-66.8312289852465,4.92710558357051,0.0213070547739472,-0.0977036816955227,-0.0519588512860932,-0.00463605443347792
15.2129062621561,-67.0340821348118,4.92710558357051,0.0213070547739472,-0.0977036816955227,-0.102362439544119,-0.105149467869733
15.2389582587397,-67.2611197178609,4.92710558357051,0.0213070547739472,-0.0977036816955227,0.00474494180964846,-0.129333901353634
15.3917437392951,-67.3862774008698,4.92710558357051,0.0213070547739472,-0.0977036816955227,0.131478425781411,-0.0274540013132969
15.5435868674186,-67.5158337105376,4.92710558357051,0.0213070547739472,-0.0977036816955227,0.130536073349528,-0.0318526279722873
15.5787959905187,-67.5614020909012,4.92710558357051,0.0213070547739472,-0.0977036816955227,0.0139020683261923,0.0521353013319337
15.4945265131099,-67.6384514249117,4.92710558357051,0.0213070547739472,-0.0977036816955227,-0.105576532182765,0.0206543476850169
15.4867762299837,-67.6931641871234,4.92710558357051,0.0213070547739472,-0.0977036816955227,-0.0290573379001036,0.0429909194838223
15.3330392665647,-67.7268416196756,4.92710558357051,0.0213070547739472,-0.0977036816955227,-0.17504401819302,0.06402624914332
15.6520116318193,-67.7961092823483,4.92710558357051,0.0213070547739472,-0.0977036816955227,0.297665310480711,0.028436019022773
15.6894786302836,-67.9386433060927,4.92710558357051,0.0213070547739472,-0.0977036816955227,0.0161599436902857,-0.0448303420489177
15.7198091887476,-68.0069904665235,4.92710558357051,0.0213070547739472,-0.0977036816955227,0.00902350369011162,0.0293565212647882
15.6736909202085,-68.1529419277475,4.92710558357051,0.0213070547739472,-0.0977036816955227,-0.0674253233130826,-0.0482477795285453
15.5944097561922,-68.1554308992442,4.92710558357051,0.0213070547739472,-0.0977036816955227,-0.100588218790209,0.0952147101988241
15.4804735994117,-68.3617825935153,4.92710558357051,0.0213070547739472,-0.0977036816955227,-0.135243211554432,-0.108648012575566
15.3722585976494,-68.3864939066817,4.92710558357051,0.0213070547739472,-0.0977036816955227,-0.129522056536237,0.0729923685291666
15.2523345273256,-68.547226093663,4.92710558357051,0.0213070547739472,-0.0977036816955227,-0.141231125097782,-0.0630285052857595
15.4172640826898,-68.5586858702555,4.92710558357051,0.0213070547739472,-0.0977036816955227,0.143622500590212,0.0862439051029531
15.5769360401008,-68.7330259821363,4.92710558357051,0.0213070547739472,-0.0977036816955227,0.138364902637085,-0.0766364301852538
15.5387413317596,-68.8200680508568,4.92710558357051,0.0213070547739472,-0.0977036816955227,-0.059501763115187,0.0106616129750154
15.501016185582,-68.9949299781172,4.92710558357051,0.0213070547739472,-0.0977036816955227,-0.0590322009514849,-0.0771582455649
15.3492278560972,-69.1936875757076,4.92710558357051,0.0213070547739472,-0.0977036816955227,-0.173095384258772,-0.101053915894808
15.4814304256922,-69.2284438163162,4.92710558357051,0.0213070547739472,-0.0977036816955227,0.110895514821033,0.06294744108693
15.4954574214058,-69.2907626349321,4.92710558357051,0.0213070547739472,-0.0977036816955227,-0.00728005906036244,0.0353848630795537
15.5433237022388,-69.4156854558638,4.92710558357051,0.0213070547739472,-0.0977036816955227,0.0265592260591383,-0.0272191392361125
15.5333138431829,-69.5480898451629,4.92710558357051,0.0213070547739472,-0.0977036816955227,-0.0313169138298838,-0.0347007076036681
15.6564137938809,-69.7072746980124,4.92710558357051,0.0213070547739472,-0.0977036816955227,0.101792895924019,-0.0614811711539012
15.6744314976993,-69.8371499888814,4.92710558357051,0.0213070547739472,-0.0977036816955227,-0.00328935095555882,-0.0321716091735449
15.6872911787861,-69.960728682584,4.92710558357051,0.0213070547739472,-0.0977036816955227,-0.00844737368711235,-0.0258750120070936
15.5790350276554,-69.948217403936,4.92710558357051,0.0213070547739472,-0.0977036816955227,-0.129563205904681,0.110214960343557
15.6191751026627,-70.039196787794,4.92710558357051,0.0213070547739472,-0.0977036816955227,0.0188330202333418,0.00672429783748596
15.7040056326534,-70.2686159909312,4.92710558357051,0.0213070547739472,-0.0977036816955227,0.0635234752167971,-0.131715521441621
15.7326060838031,-70.2214606006596,4.92710558357051,0.0213070547739472,-0.0977036816955227,0.00729339637573545,0.144859071967097
15.7750525502693,-70.3293840575855,4.92710558357051,0.0213070547739472,-0.0977036816955227,0.0211394116923129,-0.0102197752303914
15.7077045123851,-70.4081486168766,4.92710558357051,0.0213070547739472,-0.0977036816955227,-0.088655092658144,0.0189391224044815
15.6995562907901,-70.4582053393246,4.92710558357051,0.0213070547739472,-0.0977036816955227,-0.0294552763689518,0.0476469592474851
15.8030464867224,-70.5924314616208,4.92710558357051,0.0213070547739472,-0.0977036816955227,0.082183141158311,-0.0365224406006788
15.7972078276085,-70.7751210955261,4.92710558357051,0.0213070547739472,-0.0977036816955227,-0.0271457138878676,-0.0849859522097878
15.9816906400476,-70.9025846641334,4.92710558357051,0.0213070547739472,-0.0977036816955227,0.163175757665219,-0.029759886911769
16.0886333829674,-71.0201948054408,4.92710558357051,0.0213070547739472,-0.0977036816955227,0.0856356881457592,-0.0199064596119025
16.076037565588,-71.1221037892067,4.92710558357051,0.0213070547739472,-0.0977036816955227,-0.0339028721532729,-0.00420530207039094
16.1299734130042,-71.235999730243,4.92710558357051,0.0213070547739472,-0.0977036816955227,0.0326287926422137,-0.016192259340702
16.2011503028809,-71.5566182278432,4.92710558357051,0.0213070547739472,-0.0977036816955227,0.0498698351027814,-0.222914815904733
16.3277847130662,-71.5932173249622,4.92710558357051,0.0213070547739472,-0.0977036816955227,0.105327355411371,0.0611045845765654
16.3187043021634,-71.6101264492297,4.92710558357051,0.0213070547739472,-0.0977036816955227,-0.0303874656767675,0.080794557427962
16.3807545072263,-71.7157646626336,4.92710558357051,0.0213070547739472,-0.0977036816955227,0.040743150288904,-0.00793453170837144
16.4449799727679,-71.7808037504544,4.92710558357051,0.0213070547739472,-0.0977036816955227,0.0429184107676701,0.032664593874681
16.5599046179023,-71.8371339442477,4.92710558357051,0.0213070547739472,-0.0977036816955227,0.0936175903604657,0.0413734879022638
16.5236972332858,-71.9481531648708,4.92710558357051,0.0213070547739472,-0.0977036816955227,-0.0575144393903917,-0.013315538927559
16.5235503316722,-72.0329123646845,4.92710558357051,0.0213070547739472,-0.0977036816955227,-0.0214539563875766,0.0129444818818036
16.4470671664764,-72.1252040610455,4.92710558357051,0.0213070547739472,-0.0977036816955227,-0.0977902199697976,0.00541198533449005
16.5811831128248,-72.238823598701,4.92710558357051,0.0213070547739472,-0.0977036816955227,0.112808891574541,-0.0159158559599308
16.6026306223517,-72.3277330865629,4.92710558357051,0.0213070547739472,-0.0977036816955227,0.000140454752932895,0.00879419383363111
16.6007761927247,-72.369538544062,4.92710558357051,0.0213070547739472,-0.0977036816955227,-0.023161484400966,0.0558982241963986
16.602039466629,-72.5840629050506,4.92710558357051,0.0213070547739472,-0.0977036816955227,-0.0200437808696563,-0.116820679293074
16.5808288318497,-72.6241926444925,4.92710558357051,0.0213070547739472,-0.0977036816955227,-0.0425176895532158,0.0575739422536201
16.6593208895566,-72.7127992280943,4.92710558357051,0.0213070547739472,-0.0977036816955227,0.0571850029329388,0.00909709809365133
16.6583656773802,-72.7919249553674,4.92710558357051,0.0213070547739472,-0.0977036816955227,-0.022262266950352,0.0185779544224209
16.6475629240644,-72.9706629634017,4.92710558357051,0.0213070547739472,-0.0977036816955227,-0.0321098080897333,-0.081034326338731
16.6248003754218,-73.1499139962235,4.92710558357051,0.0213070547739472,-0.0977036816955227,-0.0440696034165352,-0.0815473511262692
16.5393053346716,-73.2599909709319,4.92710558357051,0.0213070547739472,-0.0977036816955227,-0.106802095524199,-0.012373293012875
16.5075548867773,-73.2897966175851,4.92710558357051,0.0213070547739472,-0.0977036816955227,-0.0530575026681936,0.0678980350422886
16.5949494556766,-73.2780753742174,4.92710558357051,0.0213070547739472,-0.0977036816955227,0.0660875141253479,0.109424925063195
16.5842380781197,-73.2018663170335,4.92710558357051,0.0213070547739472,-0.0977036816955227,-0.0320184323308557,0.173912738879436
16.4980032258354,-73.21823323444,4.92710558357051,0.0213070547739472,-0.0977036816955227,-0.107541907058273,0.0813367642890249
16.5166035079398,-73.2647558446878,4.92710558357051,0.0213070547739472,-0.0977036816955227,-0.002706772669545,0.051181071447756
16.560185182744,-73.4788879460923,4.92710558357051,0.0213070547739472,-0.0977036816955227,0.0222746200302758,-0.116428419709039
16.7545896603639,-73.6719658794611,4.92710558357051,0.0213070547739472,-0.0977036816955227,0.173097422845902,-0.0953742516732404
16.8417195371643,-73.8534579693432,4.92710558357051,0.0213070547739472,-0.0977036816955227,0.0658228220265435,-0.0837884081866405
16.7472480171925,-73.9957425571396,4.92710558357051,0.0213070547739472,-0.0977036816955227,-0.115778574745774,-0.0445809061008142
16.7952728916523,-74.0623392869761,4.92710558357051,0.0213070547739472,-0.0977036816955227,0.0267178196858487,0.0311069518590001
16.7820232095184,-74.1118658962671,4.92710558357051,0.0213070547739472,-0.0977036816955227,-0.0345567369078941,0.0481770724045083
16.7026039739526,-74.2736488868328,4.92710558357051,0.0213070547739472,-0.0977036816955227,-0.100726290339696,-0.0640793088701779
16.6206983131979,-74.4223256218974,4.92710558357051,0.0213070547739472,-0.0977036816955227,-0.103212715528607,-0.0509730533690813
16.6570796689813,-74.5631219847299,4.92710558357051,0.0213070547739472,-0.0977036816955227,0.0150743010094532,-0.0430926811370209
16.7598277929785,-74.6251279154949,4.92710558357051,0.0213070547739472,-0.0977036816955227,0.0814410692232138,0.0356977509305945
16.7742183913093,-74.69570498953,4.92710558357051,0.0213070547739472,-0.0977036816955227,-0.00691645644310668,0.0271266076604098
16.7220317746275,-74.7439571992679,4.92710558357051,0.0213070547739472,-0.0977036816955227,-0.0734936714557779,0.04945147195757
16.7621929896564,-74.8170375152488,4.92710558357051,0.0213070547739472,-0.0977036816955227,0.0188541602549049,0.0246233657146349
16.9076081024476,-74.7484682348983,4.92710558357051,0.0213070547739472,-0.0977036816955227,0.124108058017268,0.166272962046086
16.9420627319138,-74.9125893211571,4.92710558357051,0.0213070547739472,-0.0977036816955227,0.0131475746922967,-0.0664174045632927
16.9246570417412,-75.0600879993586,4.92710558357051,0.0213070547739472,-0.0977036816955227,-0.0387127449465623,-0.0497949965059625
17.0393201378675,-75.114871498812,4.92710558357051,0.0213070547739472,-0.0977036816955227,0.09335604135239,0.0429201822421434
17.1952151018325,-75.2689917969215,4.92710558357051,0.0213070547739472,-0.0977036816955227,0.134587909191036,-0.0564166164140449
17.2700448915327,-75.4143604814492,4.92710558357051,0.0213070547739472,-0.0977036816955227,0.0535227349262626,-0.0476650028321652
17.1284339654793,-75.3438176675537,4.92710558357051,0.0213070547739472,-0.0977036816955227,-0.162917980827409,0.168246495591032
17.1496660133819,-75.4367603957396,4.92710558357051,0.0213070547739472,-0.0977036816955227,-7.50068713033514e-05,0.00476095350963979
17.1894482357783,-75.5129522616405,4.92710558357051,0.0213070547739472,-0.0977036816955227,0.0184751676224159,0.0215118157945368
17.1437850357379,-75.6359533125407,4.92710558357051,0.0213070547739472,-0.0977036816955227,-0.0669702548143225,-0.0252973692046977
16.9640819053707,-75.720024376623,4.92710558357051,0.0213070547739472,-0.0977036816955227,-0.201010185141109,0.0136326176132971
16.9764069195861,-75.8103533699717,4.92710558357051,0.0213070547739472,-0.0977036816955227,-0.00898204055855301,0.00737468834681199
17.1005980109738,-75.9219310443068,4.92710558357051,0.0213070547739472,-0.0977036816955227,0.10288403661374,-0.0138739926396203
17.124708212392,-76.075696958975,4.92710558357051,0.0213070547739472,-0.0977036816955227,0.00280314664423564,-0.0560622329726669
17.1553375456292,-76.154571255038,4.92710558357051,0.0213070547739472,-0.0977036816955227,0.0093222784632685,0.0188293856325408
17.1130957335954,-76.1919084697495,4.92710558357051,0.0213070547739472,-0.0977036816955227,-0.0635488668077409,0.0603664669840117
17.1366402952601,-76.2710833018437,4.92710558357051,0.0213070547739472,-0.0977036816955227,0.00223750689072189,0.0185288496012986
17.2682449343567,-76.4497597792541,4.92710558357051,0.0213070547739472,-0.0977036816955227,0.110297584322694,-0.0809727957148076
17.32841603687,-76.5548797856068,4.92710558357051,0.0213070547739472,-0.0977036816955227,0.0388640477393022,-0.00741632465718145
17.224890564894,-76.6762900190343,4.92710558357051,0.0213070547739472,-0.0977036816955227,-0.124832526749861,-0.0237065517319859
17.2691447198939,-76.7641955228795,4.92710558357051,0.0213070547739472,-0.0977036816955227,0.0229471002259106,0.00979817785026649
17.2463996237272,-76.8626468188491,4.92710558357051,0.0213070547739472,-0.0977036816955227,-0.0440521509406324,-0.000747614274094754
17.2209730434061,-76.8100739290236,4.92710558357051,0.0213070547739472,-0.0977036816955227,-0.0467336350950369,0.150276571521063
17.173254426813,-77.0258572535328,4.92710558357051,0.0213070547739472,-0.0977036816955227,-0.0690256713670795,-0.118079642813725
17.2498443789278,-77.0971938359597,4.92710558357051,0.0213070547739472,-0.0977036816955227,0.0552828973408387,0.0263670992686965
17.2101433033324,-77.1793235365133,4.92710558357051,0.0213070547739472,-0.0977036816955227,-0.0610081303693152,0.015573981141922
17.200093057647,-77.189899939822,4.92710558357051,0.0213070547739472,-0.0977036816955227,-0.0313573004593295,0.0871272783867696
17.1845961149368,-77.2276636350938,4.92710558357051,0.0213070547739472,-0.0977036816955227,-0.036803997484113,0.0599399864236958
17.2400227742415,-77.3355011259357,4.92710558357051,0.0213070547739472,-0.0977036816955227,0.0341196045307023,-0.0101338091463123
17.4481204914623,-77.3540108581184,4.92710558357051,0.0213070547739472,-0.0977036816955227,0.186790662446829,0.0791939495127584
17.6635068364533,-77.3141400434193,4.92710558357051,0.0213070547739472,-0.0977036816955227,0.194079290217083,0.137574496394674
17.6539721103041,-77.4332154148237,4.92710558357051,0.0213070547739472,-0.0977036816955227,-0.0308417809231797,-0.0213716897089604
17.7327571379361,-77.4037133630041,4.92710558357051,0.0213070547739472,-0.0977036816955227,0.0574779728580727,0.127205733515188
17.7440563360917,-77.4105726357813,4.92710558357051,0.0213070547739472,-0.0977036816955227,-0.0100078566182987,0.0908444089182768
17.9005325602828,-77.3423758704117,4.92710558357051,0.0213070547739472,-0.0977036816955227,0.135169169417103,0.165900447065153
18.0716195381357,-77.4607284958956,4.92710558357051,0.0213070547739472,-0.0977036816955227,0.149779923079014,-0.0206489437884241
18.1299905349211,-77.4773980899112,4.92710558357051,0.0213070547739472,-0.0977036816955227,0.0370639420114578,0.0810340876799195
18.2538276622437,-77.5991155524559,4.92710558357051,0.0213070547739472,-0.0977036816955227,0.102530072548649,-0.0240137808491862
18.2077394299096,-77.7611071204811,4.92710558357051,0.0213070547739472,-0.0977036816955227,-0.067395287108069,-0.0642878863296773
18.1877062366435,-77.7888099765726,4.92710558357051,0.0213070547739472,-0.0977036816955227,-0.0413402480400551,0.0700008256040245
18.1892973974222,-77.9574388132132,4.92710558357051,0.0213070547739472,-0.0977036816955227,-0.0197158939952264,-0.0709251549450532
18.0308394928659,-78.1111855565658,4.92710558357051,0.0213070547739472,-0.0977036816955227,-0.179764959330228,-0.0560430616570795
18.2316616844441,-78.227982412401,4.92710558357051,0.0213070547739472,-0.0977036816955227,0.179515136804228,-0.019093174139677
18.3492389755292,-78.3917334514376,4.92710558357051,0.0213070547739472,-0.0977036816955227,0.0962702363110994,-0.0660473573410745
18.3335258926047,-78.3958447705586,4.92710558357051,0.0213070547739472,-0.0977036816955227,-0.0370201376983577,0.0935923625745334
18.2208445014205,-78.5562155940039,4.92710558357051,0.0213070547739472,-0.0977036816955227,-0.133988445958162,-0.062667141749764
18.2928934081531,-78.5657372125227,4.92710558357051,0.0213070547739472,-0.0977036816955227,0.0507418519585991,0.0881820631767228
18.2839039067592,-78.674729158804,4.92710558357051,0.0213070547739472,-0.0977036816955227,-0.0302965561677788,-0.0112882645857708
18.2293909449343,-78.63761892924,4.92710558357051,0.0213070547739472,-0.0977036816955227,-0.0758200165988852,0.134813911259541
18.1746062676242,-78.6431901223769,4.92710558357051,0.0213070547739472,-0.0977036816955227,-0.0760917320840537,0.0921324885585471
18.0492569540122,-78.7858190643428,4.92710558357051,0.0213070547739472,-0.0977036816955227,-0.146656368385912,-0.0449252602703804
18.202747767359,-78.9167125375507,4.92710558357051,0.0213070547739472,-0.0977036816955227,0.132183758572855,-0.0331897915123317
18.1845548592826,-79.0949154567828,4.92710558357051,0.0213070547739472,-0.0977036816955227,-0.0394999628503335,-0.0804992375365633
18.2189082160059,-79.1976843911983,4.92710558357051,0.0213070547739472,-0.0977036816955227,0.0130463019492967,-0.00506525271998859
18.2484204317436,-79.4531319958299,4.92710558357051,0.0213070547739472,-0.0977036816955227,0.00820516096382073,-0.157743922936087
18.3599870519714,-79.5973157216945,4.92710558357051,0.0213070547739472,-0.0977036816955227,0.0902595654538243,-0.0464800441691031
18.2989688702438,-79.6879532624586,4.92710558357051,0.0213070547739472,-0.0977036816955227,-0.0823252365015521,0.00706614093137653
18.3367563713149,-79.7298306926039,4.92710558357051,0.0213070547739472,-0.0977036816955227,0.0164804462971178,0.0558262515503181
18.315649917848,-79.7653061979904,4.92710558357051,0.0213070547739472,-0.0977036816955227,-0.0424135082407888,0.0622281763089607
18.4207618036553,-79.8169218340909,4.92710558357051,0.0213070547739472,-0.0977036816955227,0.0838048310333597,0.0460880455949931
18.3581085847143,-79.8389900801029,4.92710558357051,0.0213070547739472,-0.0977036816955227,-0.0839602737150185,0.0756354356835491
18.4876986335962,-80.0728842583864,4.92710558357051,0.0213070547739472,-0.0977036816955227,0.108282994107998,-0.136190496587965
18.6368745856452,-80.287735292864,4.92710558357051,0.0213070547739472,-0.0977036816955227,0.127868897275062,-0.117147352782039
18.6208414767143,-80.3425818811121,4.92710558357051,0.0213070547739472,-0.0977036816955227,-0.0373401637048594,0.0428570934474252
18.6652709852288,-80.4010200836114,4.92710558357051,0.0213070547739472,-0.0977036816955227,0.0231224537405539,0.039265479196156
18.6688772432628,-80.610773521825,4.92710558357051,0.0213070547739472,-0.0977036816955227,-0.0177007967399216,-0.112049756518071
18.6596037146423,-80.6931554731891,4.92710558357051,0.0213070547739472,-0.0977036816955227,-0.0305805833945065,0.0153217303314113
18.7412643558729,-80.7304772196145,4.92710558357051,0.0213070547739472,-0.0977036816955227,0.0603535864566596,0.060381935270181
18.6975072066806,-80.8404800777979,4.92710558357051,0.0213070547739472,-0.0977036816955227,-0.0650642039662177,-0.0122991764879534
18.8475168079828,-80.8986910808822,4.92710558357051,0.0213070547739472,-0.0977036816955227,0.128702546528218,0.0394926786112407
18.732993693636,-80.9797251116073,4.92710558357051,0.0213070547739472,-0.0977036816955227,-0.135830169120748,0.0166696509704528
18.7468397334774,-81.1534820416771,4.92710558357051,0.0213070547739472,-0.0977036816955227,-0.00746101493251095,-0.076053248374259
18.801580239821,-81.2470422957629,4.92710558357051,0.0213070547739472,-0.0977036816955227,0.0334334515696593,0.00414342760968345
18.7329932587025,-81.3003252111175,4.92710558357051,0.0213070547739472,-0.0977036816955227,-0.089894035892389,0.0444207663409009
18.7520300202328,-81.4172851909494,4.92710558357051,0.0213070547739472,-0.0977036816955227,-0.00227029324364647,-0.0192562981363434
18.8368794905177,-81.5770456824042,4.92710558357051,0.0213070547739472,-0.0977036816955227,0.0635424155109248,-0.0620568097593421
18.9065237282875,-81.77830378372,4.92710558357051,0.0213070547739472,-0.0977036816955227,0.0483371829958135,-0.103554419620206
18.7972548969215,-81.8373680368294,4.92710558357051,0.0213070547739472,-0.0977036816955227,-0.13057588613991,0.0386394285860454
18.8260608396228,-81.9240387387127,4.92710558357051,0.0213070547739472,-0.0977036816955227,0.00749888792735365,0.0110329798122669
18.7713851579861,-81.8944923079691,4.92710558357051,0.0213070547739472,-0.0977036816955227,-0.0759827364106049,0.127250112439097
18.6740962830562,-82.0413942632543,4.92710558357051,0.0213070547739472,-0.0977036816955227,-0.118595929703847,-0.0491982735896914
18.5348407734173,-82.2881308163133,4.92710558357051,0.0213070547739472,-0.0977036816955227,-0.160562564412859,-0.149032871363475
18.5386702486215,-82.3917002514979,4.92710558357051,0.0213070547739472,-0.0977036816955227,-0.017477579569779,-0.00586575348901031
18.4949026714585,-82.448608081265,4.92710558357051,0.0213070547739472,-0.0977036816955227,-0.0650746319369914,0.0407958519283267
18.4181663480771,-82.524495365998,4.92710558357051,0.0213070547739472,-0.0977036816955227,-0.0980433781553215,0.0218163969625587
18.6515950129762,-82.7544400725084,4.92710558357051,0.0213070547739472,-0.0977036816955227,0.212121610125189,-0.132241024814859
18.5824487777447,-82.8305479674618,4.92710558357051,0.0213070547739472,-0.0977036816955227,-0.0904532900054708,0.0215957867420806
18.5032394899543,-82.9631949348478,4.92710558357051,0.0213070547739472,-0.0977036816955227,-0.100516342564303,-0.0349432856904844
18.5495444636238,-82.984555807096,4.92710558357051,0.0213070547739472,-0.0977036816955227,0.0249979188955138,0.0763428094473142
18.7195550638577,-83.1257389678822,4.92710558357051,0.0213070547739472,-0.0977036816955227,0.148703545459952,-0.0434794790906476
18.7009492143484,-83.0939902719961,4.92710558357051,0.0213070547739472,-0.0977036816955227,-0.0399129042832295,0.129452377581659
18.7943021034918,-83.1630924510215,4.92710558357051,0.0213070547739472,-0.0977036816955227,0.0720458343694217,0.0286015026701095
18.858657417628,-83.327684217546,4.92710558357051,0.0213070547739472,-0.0977036816955227,0.0430482593622437,-0.0668880848290151
18.837988931675,-83.3592856373131,4.92710558357051,0.0213070547739472,-0.0977036816955227,-0.041975540726889,0.0661022619284264
18.9330214185044,-83.4898497200229,4.92710558357051,0.0213070547739472,-0.0977036816955227,0.0737254320554076,-0.0328604010142926
19.0400779386562,-83.6892203963797,4.92710558357051,0.0213070547739472,-0.0977036816955227,0.0857494653778822,-0.101666994661232
19.1677715300664,-83.7665018422047,4.92710558357051,0.0213070547739472,-0.0977036816955227,0.106386536636249,0.0204222358705076
19.1733206196394,-83.9561034655743,4.92710558357051,0.0213070547739472,-0.0977036816955227,-0.0157579652009228,-0.0918979416740501
19.180227268595,-84.0233230131491,4.92710558357051,0.0213070547739472,-0.0977036816955227,-0.0144004058183584,0.0304841341207198
19.1688183419347,-84.1179803978554,4.92710558357051,0.0213070547739472,-0.0977036816955227,-0.0327159814342163,0.00304629698914305
19.1118023028281,-84.2679211476722,4.92710558357051,0.0213070547739472,-0.0977036816955227,-0.078323093880567,-0.0522370681212876
18.9883245204608,-84.3298876896592,4.92710558357051,0.0213070547739472,-0.0977036816955227,-0.144784837141272,0.0357371397085977
19.048197708282,-84.430605663041,4.92710558357051,0.0213070547739472,-0.0977036816955227,0.0385661330472158,-0.00301429168629419
19.0502864699024,-84.4762064460274,4.92710558357051,0.0213070547739472,-0.0977036816955227,-0.0192182931534524,0.0521028987090529
19.1657216982201,-84.5171112933526,4.92710558357051,0.0213070547739472,-0.0977036816955227,0.0941281735436986,0.0567988343703943
19.3576431044485,-84.6072295475806,4.92710558357051,0.0213070547739472,-0.0977036816955227,0.170614351454453,0.00758542746748969
19.4659424528584,-84.6253910790375,4.92710558357051,0.0213070547739472,-0.0977036816955227,0.0869922936359482,0.0795421502386017
19.6326887332323,-84.6395426282796,4.92710558357051,0.0213070547739472,-0.0977036816955227,0.145439225599957,0.0835521324534649
19.6839066332362,-84.7323100608884,4.92710558357051,0.0213070547739472,-0.0977036816955227,0.0299108452299373,0.00493624908672707
19.6559740961618,-84.9768053016704,4.92710558357051,0.0213070547739472,-0.0977036816955227,-0.0492395918483604,-0.146791559086497
19.7789888004186,-85.0210415516503,4.92710558357051,0.0213070547739472,-0.0977036816955227,0.101707649482937,0.0534674317156086
19.6841995823953,-85.262278732167,4.92710558357051,0.0213070547739472,-0.0977036816955227,-0.116096272797283,-0.143533498821186
19.6779104443184,-85.2829362424053,4.92710558357051,0.0213070547739472,-0.0977036816955227,-0.0275961928508077,0.0770461714572486
19.7729846668918,-85.3491135100011,4.92710558357051,0.0213070547739472,-0.0977036816955227,0.0737671677994156,0.0315264140996891
19.7641519138099,-85.5176065260374,4.92710558357051,0.0213070547739472,-0.0977036816955227,-0.0301398078558917,-0.0707893343407572
19.8251857080429,-85.5180112569106,4.92710558357051,0.0213070547739472,-0.0977036816955227,0.0397267394590708,0.0972989508223396
19.8302650914413,-85.6196298983361,4.92710558357051,0.0213070547739472,-0.0977036816955227,-0.0162276713754916,-0.00391495972997902
19.8452410021484,-85.6955450592046,4.92710558357051,0.0213070547739472,-0.0977036816955227,-0.00633114406691448,0.0217885208269719
19.7385014771394,-85.8122623146343,4.92710558357051,0.0213070547739472,-0.0977036816955227,-0.1280465797829,-0.0190135737341007
19.7266352079718,-85.9282764380988,4.92710558357051,0.0213070547739472,-0.0977036816955227,-0.0331733239415082,-0.0183104417690156
19.7213425143379,-86.0112339098884,4.92710558357051,0.0213070547739472,-0.0977036816955227,-0.0265997484078941,0.0147462099058633
19.8117774644382,-86.0050298108464,4.92710558357051,0.0213070547739472,-0.0977036816955227,0.0691278953263583,0.10390778073759
19.8005569681379,-86.1186858384112,4.92710558357051,0.0213070547739472,-0.0977036816955227,-0.032527551074194,-0.0159523458692854
19.7777718776656,-86.1018735255865,4.92710558357051,0.0213070547739472,-0.0977036816955227,-0.0440921452463354,0.114515994520233
19.8396165398665,-86.1654037265513,4.92710558357051,0.0213070547739472,-0.0977036816955227,0.0405376074270309,0.0341734807306983
19.9019098947943,-86.2268737366446,4.92710558357051,0.0213070547739472,-0.0977036816955227,0.0409863001537871,0.0362336716021708
19.9580071168749,-86.2339871584572,4.92710558357051,0.0213070547739472,-0.0977036816955227,0.0347901673066928,0.0905902598829804
20.255122110346,-86.3470137677657,4.92710558357051,0.0213070547739472,-0.0977036816955227,0.275807938697126,-0.015322927613011
20.2788064793157,-86.4256376388845,4.92710558357051,0.0213070547739472,-0.0977036816955227,0.00237731419578102,0.019079810576699
20.2963856866956,-86.5998808345824,4.92710558357051,0.0213070547739472,-0.0977036816955227,-0.00372784739403853,-0.0765395140023336
20.3897601847952,-86.6031991577254,4.92710558357051,0.0213070547739472,-0.0977036816955227,0.0720674433256909,0.0943853585525008
20.3829879580315,-86.7529382977227,4.92710558357051,0.0213070547739472,-0.0977036816955227,-0.0280792815377051,-0.0520354583017515
20.3641940052587,-86.8838249088568,4.92710558357051,0.0213070547739472,-0.0977036816955227,-0.040101007546701,-0.0331829294385914
20.4263728015451,-86.9359770517086,4.92710558357051,0.0213070547739472,-0.0977036816955227,0.0408717415123947,0.0455515388437189
20.622390085813,-87.1037014183692,4.92710558357051,0.0213070547739472,-0.0977036816955227,0.17471022949398,-0.0700206849651395
20.6469408581436,-87.300113990475,4.92710558357051,0.0213070547739472,-0.0977036816955227,0.00324371755670083,-0.0987088904102566
20.6692068775637,-87.4258242888206,4.92710558357051,0.0213070547739472,-0.0977036816955227,0.000958964646118554,-0.0280066166501129
20.7294753997632,-87.4632757339866,4.92710558357051,0.0213070547739472,-0.0977036816955227,0.0389614674256036,0.0602522365295723
20.910314434696,-87.5418601174521,4.92710558357051,0.0213070547739472,-0.0977036816955227,0.159531980158768,0.0191192982300584
20.9558297498596,-87.6834985887404,4.92710558357051,0.0213070547739472,-0.0977036816955227,0.0242082603897305,-0.0439347895928245
21.104051406588,-87.8688501110581,4.92710558357051,0.0213070547739472,-0.0977036816955227,0.126914601954443,-0.0876478406221426
21.2649189984659,-87.9482052336953,4.92710558357051,0.0213070547739472,-0.0977036816955227,0.139560537103935,0.0183485590582476
21.2726101012477,-87.9711604421325,4.92710558357051,0.0213070547739472,-0.0977036816955227,-0.013615951992179,0.074748473258324
21.2875565961561,-88.0451879771724,4.92710558357051,0.0213070547739472,-0.0977036816955227,-0.00636055986549255,0.023676146655695
21.3182478563367,-88.0356122359194,4.92710558357051,0.0213070547739472,-0.0977036816955227,0.00938420540663065,0.107279422948515
21.2495752920226,-88.2503413584929,4.92710558357051,0.0213070547739472,-0.0977036816955227,-0.0899796190880466,-0.117025440878031
21.2203286196935,-88.2469177432656,4.92710558357051,0.0213070547739472,-0.0977036816955227,-0.0505537271030887,0.101127296922869
21.2563862501009,-88.4323996426858,4.92710558357051,0.0213070547739472,-0.0977036816955227,0.0147505756335056,-0.0877782177246962
21.2374963692081,-88.6162249961505,4.92710558357051,0.0213070547739472,-0.0977036816955227,-0.040196935666724,-0.0861216717691539
21.3377168489889,-88.7748507544313,4.92710558357051,0.0213070547739472,-0.0977036816955227,0.0789134250068333,-0.0609220765852643
21.3572422242867,-88.8676808621746,4.92710558357051,0.0213070547739472,-0.0977036816955227,-0.00178167947619956,0.00487357395214832
21.2823569952873,-88.9638001553656,4.92710558357051,0.0213070547739472,-0.0977036816955227,-0.0961922837732792,0.00158438850451098
21.4243419113408,-88.9474781773087,4.92710558357051,0.0213070547739472,-0.0977036816955227,0.120677861279485,0.114025659752441
21.3912737921962,-89.1787377258377,4.92710558357051,0.0213070547739472,-0.0977036816955227,-0.054375173918519,-0.133555866833471
21.3596503332645,-89.326724450761,4.92710558357051,0.0213070547739472,-0.0977036816955227,-0.0529305137056704,-0.0502830432277498
21.4323675206895,-89.2826087248479,4.92710558357051,0.0213070547739472,-0.0977036816955227,0.0514101326511138,0.141819407608606
21.3353963063758,-89.3571357335894,4.92710558357051,0.0213070547739472,-0.0977036816955227,-0.118278269087661,0.0231766729539946
21.4016390124292,-89.5156406744092,4.92710558357051,0.0213070547739472,-0.0977036816955227,0.044935651279421,-0.0608012591242529
21.4139298153442,-89.583636700193,4.92710558357051,0.0213070547739472,-0.0977036816955227,-0.00901625185890609,0.0297076559116632
21.4055453956455,-89.5670471698929,4.92710558357051,0.0213070547739472,-0.0977036816955227,-0.0296914744726795,0.114293211995654
21.4007350118625,-89.5902551548058,4.92710558357051,0.0213070547739472,-0.0977036816955227,-0.0261174385568779,0.0744956967826224
21.5027332211057,-89.7509422751827,4.92710558357051,0.0213070547739472,-0.0977036816955227,0.0806911544692512,-0.0629834386813687
21.6342128931314,-89.8377511485152,4.92710558357051,0.0213070547739472,-0.0977036816955227,0.110172617251677,0.0108948083630663
21.6716489974636,-89.8760793466975,4.92710558357051,0.0213070547739472,-0.0977036816955227,0.0161290495582569,0.0593754835131677
21.6676032809686,-89.8671711590399,4.92710558357051,0.0213070547739472,-0.0977036816955227,-0.0253527712688952,0.106611869353087
21.7659976857923,-89.9385971202567,4.92710558357051,0.0213070547739472,-0.0977036816955227,0.0770873500497262,0.0262777204787375
21.9702360380079,-90.0887994519649,4.92710558357051,0.0213070547739472,-0.0977036816955227,0.182931297441716,-0.0524986500126193
21.9869846539232,-90.2889146417576,4.92710558357051,0.0213070547739472,-0.0977036816955227,-0.00455843885869234,-0.102411508097176
22.0507346368852,-90.4366094375325,4.92710558357051,0.0213070547739472,-0.0977036816955227,0.0424429281880863,-0.0499911140794291
22.0739448738519,-90.3631554508477,4.92710558357051,0.0213070547739472,-0.0977036816955227,0.00190318219275198,0.171157668380316
22.2368953234892,-90.432959635993,4.92710558357051,0.0213070547739472,-0.0977036816955227,0.141643394863305,0.0278994965502066
22.3252169701478,-90.4841354903259,4.92710558357051,0.0213070547739472,-0.0977036816955227,0.0670145918846901,0.0465278273626553
22.3103597318319,-90.7226008101054,4.92710558357051,0.0213070547739472,-0.0977036816955227,-0.0361642930898975,-0.140761638083987
22.3685560404574,-90.806842541683,4.92710558357051,0.0213070547739472,-0.0977036816955227,0.0368892538516263,0.0134619501179136
22.5010687244994,-90.9648503007924,4.92710558357051,0.0213070547739472,-0.0977036816955227,0.111205629268059,-0.0603040774138797
22.4237434750839,-90.8909348178713,4.92710558357051,0.0213070547739472,-0.0977036816955227,-0.0986323041895254,0.171619164616675
22.4416447345113,-91.0151580266623,4.92710558357051,0.0213070547739472,-0.0977036816955227,-0.00340579534654939,-0.0265195270954823
22.4628616437059,-91.1847422676015,4.92710558357051,0.0213070547739472,-0.0977036816955227,-9.01455793034245e-05,-0.0718805592437031
22.6605533688138,-91.3342400433779,4.92710558357051,0.0213070547739472,-0.0977036816955227,0.176384670333952,-0.0517940940808861
22.7303022319344,-91.3285528562342,4.92710558357051,0.0213070547739472,-0.0977036816955227,0.0484418083466691,0.103390868839245
22.7870204944139,-91.3602511559011,4.92710558357051,0.0213070547739472,-0.0977036816955227,0.0354112077055699,0.0660053820285963
22.7290564863899,-91.4943694806356,4.92710558357051,0.0213070547739472,-0.0977036816955227,-0.0792710627979409,-0.0364146430389055
22.7199424632973,-91.4069923435076,4.92710558357051,0.0213070547739472,-0.0977036816955227,-0.0304210778666083,0.185080818823498
22.6456111435397,-91.4174774404629,4.92710558357051,0.0213070547739472,-0.0977036816955227,-0.0956383745315463,0.0872185847401579
22.6890066781451,-91.4531160226132,4.92710558357051,0.0213070547739472,-0.0977036816955227,0.0220884798314556,0.0620650995452861
22.6462873806774,-91.6876570065496,4.92710558357051,0.0213070547739472,-0.0977036816955227,-0.0640263522416,-0.136837302240929
22.5900161007781,-91.7369470775395,4.92710558357051,0.0213070547739472,-0.0977036816955227,-0.0775783346732424,0.048413610705617
22.5644837907564,-91.8207866381016,4.92710558357051,0.0213070547739472,-0.0977036816955227,-0.0468393647956882,0.0138641211334456
22.6100677396524,-91.8124824980685,4.92710558357051,0.0213070547739472,-0.0977036816955227,0.0242768941220359,0.106007821728665
22.5623512031893,-92.0375326542363,4.92710558357051,0.0213070547739472,-0.0977036816955227,-0.0690235912370283,-0.127346474472271
22.6857881191712,-92.1726368914159,4.92710558357051,0.0213070547739472,-0.0977036816955227,0.102129861207956,-0.0374005554841272
22.5515458092073,-92.0792158529155,4.92710558357051,0.0213070547739472,-0.0977036816955227,-0.155549364737801,0.191124720195953
22.6025233452035,-92.1566128345596,4.92710558357051,0.0213070547739472,-0.0977036816955227,0.0296704812221966,0.0203067000513527
22.6105102932733,-92.1917925077527,4.92710558357051,0.0213070547739472,-0.0977036816955227,-0.0133201067040889,0.062524008502501
22.6912548423247,-92.2653329325791,4.92710558357051,0.0213070547739472,-0.0977036816955227,0.059437494277411,0.02416325686912
22.6535358115961,-92.3905625072571,4.92710558357051,0.0213070547739472,-0.0977036816955227,-0.0590260855025493,-0.0275258929825529
22.7425783180469,-92.664412096952,4.92710558357051,0.0213070547739472,-0.0977036816955227,0.0677354516768895,-0.176145907999324
22.8699041849957,-92.7800943261304,4.92710558357051,0.0213070547739472,-0.0977036816955227,0.10601881217488,-0.0179785474828772
22.8186610682636,-92.8090146708673,4.92710558357051,0.0213070547739472,-0.0977036816955227,-0.072550171506065,0.0687833369585714
22.8921025160072,-92.9723904669747,4.92710558357051,0.0213070547739472,-0.0977036816955227,0.0521343929696538,-0.0656721144118904
22.9245778873939,-93.1340985631817,4.92710558357051,0.0213070547739472,-0.0977036816955227,0.0111683166127836,-0.0640044145114251
22.8525420016258,-93.0963281092335,4.92710558357051,0.0213070547739472,-0.0977036816955227,-0.0933429405421071,0.135474135643726
22.8466650411971,-93.2195669177829,4.92710558357051,0.0213070547739472,-0.0977036816955227,-0.0271840152026699,-0.0255351268538909
22.9019833422872,-93.2672823817985,4.92710558357051,0.0213070547739472,-0.0977036816955227,0.0340112463161986,0.0499882176799414
22.8258810008191,-93.2959058658645,4.92710558357051,0.0213070547739472,-0.0977036816955227,-0.0974093962420661,0.0690801976295454
22.8278612131324,-93.4153405026533,4.92710558357051,0.0213070547739472,-0.0977036816955227,-0.019326842460647,-0.021730955093336
23.0162440991473,-93.4046580063993,4.92710558357051,0.0213070547739472,-0.0977036816955227,0.167075831240937,0.108386177949484
23.029381958152,-93.3615309952244,4.92710558357051,0.0213070547739472,-0.0977036816955227,-0.00816919576919384,0.140830692870492
23.0716770650676,-93.5333673171396,4.92710558357051,0.0213070547739472,-0.0977036816955227,0.0209880521416328,-0.0741326402196901
23.0676176164083,-93.4471028320281,4.92710558357051,0.0213070547739472,-0.0977036816955227,-0.0253665034332613,0.183968166807001
22.9968095469574,-93.4457546672572,4.92710558357051,0.0213070547739472,-0.0977036816955227,-0.0921151242248306,0.0990518464664418
23.0917835726531,-93.5661830317482,4.92710558357051,0.0213070547739472,-0.0977036816955227,0.0736669709217477,-0.0227246827955142
23.0366028730637,-93.5891976126677,4.92710558357051,0.0213070547739472,-0.0977036816955227,-0.0764877543633555,0.0746891007760698
23.1788157647595,-93.7793882897063,4.92710558357051,0.0213070547739472,-0.0977036816955227,0.120905836921928,-0.0924869953430828
23.3234425342447,-93.8672757613377,4.92710558357051,0.0213070547739472,-0.0977036816955227,0.123319714711231,0.00981621006413558
23.3021160479752,-94.0629118490702,4.92710558357051,0.0213070547739472,-0.0977036816955227,-0.0426335410434815,-0.0979324060370722
23.2842427121783,-94.2488595808989,4.92710558357051,0.0213070547739472,-0.0977036816955227,-0.0391803905707961,-0.0882440501331289
23.4259317389619,-94.4535273177534,4.92710558357051,0.0213070547739472,-0.0977036816955227,0.120381972009634,-0.106964055158975
23.4231137272292,-94.5123868115182,4.92710558357051,0.0213070547739472,-0.0977036816955227,-0.0241250665066999,0.0388441879306702
23.3522057396922,-94.6063317883327,4.92710558357051,0.0213070547739472,-0.0977036816955227,-0.0922150423109187,0.00375870488108998
23.3892188008033,-94.684191554427,4.92710558357051,0.0213070547739472,-0.0977036816955227,0.0157060063371928,0.0198439156012151
23.5391204439324,-94.7200043039478,4.92710558357051,0.0213070547739472,-0.0977036816955227,0.128594588355149,0.0618909321747296
23.5852869805445,-94.8634783848826,4.92710558357051,0.0213070547739472,-0.0977036816955227,0.0248594818381314,-0.0457703992392733
23.6706724754607,-94.9590893885066,4.92710558357051,0.0213070547739472,-0.0977036816955227,0.0640784401422176,0.00209267807149816
23.7072625080663,-95.0664122296163,4.92710558357051,0.0213070547739472,-0.0977036816955227,0.0152829778316486,-0.00961915941420455
23.6244192914123,-95.185322107409,4.92710558357051,0.0213070547739472,-0.0977036816955227,-0.104150271427889,-0.0212061960972189
23.5715196569664,-95.3679851921352,4.92710558357051,0.0213070547739472,-0.0977036816955227,-0.0742066892198689,-0.0849594030305862
23.5918067410661,-95.5283613175886,4.92710558357051,0.0213070547739472,-0.0977036816955227,-0.00101997067421378,-0.0626724437578855
23.575581026176,-95.585745366727,4.92710558357051,0.0213070547739472,-0.0977036816955227,-0.0375327696641063,0.0403196325570514
23.5028248201956,-95.7117445494548,4.92710558357051,0.0213070547739472,-0.0977036816955227,-0.0940632607543459,-0.0282955010323016
23.5943040048754,-95.7796008152865,4.92710558357051,0.0213070547739472,-0.0977036816955227,0.0701721299058535,0.0298474158638212
23.6677876813176,-95.9878376891645,4.92710558357051,0.0213070547739472,-0.0977036816955227,0.0521766216682966,-0.110533192182447
23.6312710237499,-96.152488749052,4.92710558357051,0.0213070547739472,-0.0977036816955227,-0.0578237123416856,-0.0669473781919492
23.5418075443175,-96.3984873815525,4.92710558357051,0.0213070547739472,-0.0977036816955227,-0.110770534206331,-0.148294950805031
23.6143932337199,-96.3443411168363,4.92710558357051,0.0213070547739472,-0.0977036816955227,0.0512786346285217,0.151849946411751
23.6791659808277,-96.4111908069251,4.92710558357051,0.0213070547739472,-0.0977036816955227,0.0434656923337933,0.0308539916067074
23.6959791391968,-96.5739067856014,4.92710558357051,0.0213070547739472,-0.0977036816955227,-0.00449389640481135,-0.0650122969807468
23.6362837103067,-96.6123530243646,4.92710558357051,0.0213070547739472,-0.0977036816955227,-0.0810024836640242,0.059257442932286
23.6079017463672,-96.6891578421588,4.92710558357051,0.0213070547739472,-0.0977036816955227,-0.049689018713456,0.0208988639013116
23.6090221864169,-96.8021293272495,4.92710558357051,0.0213070547739472,-0.0977036816955227,-0.0201866147242971,-0.0152678033952183
23.6976066477512,-96.891282110874,4.92710558357051,0.0213070547739472,-0.0977036816955227,0.0672774065603843,0.00855089807102938
23.72841990106,-97.0514757455245,4.92710558357051,0.0213070547739472,-0.0977036816955227,0.00950619853489032,-0.0624899529549364
23.6967268049556,-97.191912446707,4.92710558357051,0.0213070547739472,-0.0977036816955227,-0.0530001508783915,-0.042733019486979
23.8169224212007,-97.2977343678871,4.92710558357051,0.0213070547739472,-0.0977036816955227,0.0988885614711825,-0.0081182394845673
23.8497189276386,-97.4969404873898,4.92710558357051,0.0213070547739472,-0.0977036816955227,0.0114894516638975,-0.101502437807241
