theta_array,theta_org,x_array,y_array,xi_x_array,xi_y_array,fmpi_x_array,fmpi_y_array
4.54313058001349,0,0,0,0,0,0,0
4.4884854202079,1.56263508299204,0.026557940908996,-0.0815950636499727,0.0487616834250408,0.0159087507281387,-0.0222037425160448,-0.0975038143781113
4.47238397715979,1.56233240784252,-0.0834223226980454,-0.118016991058168,-0.0862095149823916,0.0607117511478222,-0.0237707486246499,-0.0971336785560174
4.52463829838616,1.56223606651224,-0.0746844864669836,-0.189084871923405,0.0274027941587007,0.0271747745628383,-0.0186649579276389,-0.098242655428075
4.49018419257976,1.5625187428395,-0.0492464113158946,-0.439576157111473,0.047476148922706,-0.152949892413325,-0.0220380737716171,-0.0975413927747434
4.4602382308051,1.56232625537178,-0.130876059294952,-0.341189187100513,-0.0566809206369949,0.195224777730938,-0.0249487273420626,-0.0968378077199779
4.43057224683515,1.56216339876481,-0.12624936485267,-0.406910213822226,0.0324368117625581,0.0303341520800179,-0.0278101173202761,-0.0960551788017308
4.47098157636712,1.56201415420932,-0.201602017407033,-0.392016645525176,-0.0514457070018566,0.111993815229534,-0.0239069455525059,-0.0971002469324848
4.4220885509503,1.56221069632614,-0.275859735419225,-0.58044281568406,-0.045633708326061,-0.0926103777784612,-0.0286240096861318,-0.0958157923804225
4.42213814161294,1.56195378445373,-0.269480531417176,-0.65406172179141,0.0349984620843514,0.0221983056388627,-0.0286192580823019,-0.0958172117462129
4.47839838848461,1.56195254369834,-0.371690886456326,-0.834118193133999,-0.0790242347188209,-0.0827815833987254,-0.0231861203203294,-0.0972748879438635
4.43285226691763,1.5622226106047,-0.461851869260199,-0.896373134568375,-0.0625699453158384,0.0338633952674934,-0.0275910374880345,-0.0961183367018691
4.36449757499596,1.56197907483104,-0.51264132446745,-0.803794330248025,-0.0166978261680447,0.186588169967892,-0.0340916290392064,-0.0940093656475414
4.34686237553183,1.56166190769609,-0.572193466775594,-0.865173887286594,-0.0238080264014736,0.0320140090034794,-0.03574411590667,-0.0933935660420489
4.31700206799717,1.56157968090363,-0.64353352452464,-1.01233843860303,-0.0328235298689864,-0.0548797904939433,-0.0385165278800599,-0.0922847608224921
4.27210503524921,1.56144778109729,-0.669987180395273,-1.06966804619624,0.0161659789019158,0.0331334607377669,-0.0426196347725485,-0.0904630683309746
4.28120764776603,1.56127849280501,-0.724191142662217,-1.10864413773298,-0.0124095320481966,0.0518711737093284,-0.0417944302187477,-0.0908472652460724
4.26458249513442,1.56130359925637,-0.805983903277118,-1.16515724947585,-0.0384938260873666,0.0336267921220731,-0.043298934527534,-0.0901399038649384
4.29759201520593,1.56123597298779,-0.757628786502612,-1.31029292894428,0.0886555289343037,-0.0536158631456821,-0.0403004121597981,-0.0915198163227527
4.27750896144185,1.56135149439947,-0.814120416660986,-1.3911054281418,-0.0143614710476408,0.00987956050621119,-0.042130159110733,-0.0906920597037267
4.30717351314551,1.5612700829472,-1.00956829691678,-1.59636741178771,-0.156026201487905,-0.113360235876237,-0.0394216787678909,-0.0919017477696764
4.30435210456195,1.5613520453808,-0.917048031915916,-1.82698526617961,0.132201078899743,-0.138827696922144,-0.0396808138988776,-0.0917901574697562
4.32927977535771,1.56134089750127,-0.956781000414576,-1.83451077641767,-0.00235236043440298,0.0852251778496613,-0.0373806080642569,-0.0927506880877248
4.3240731518263,1.56143490748398,-0.991397191808701,-1.82946728642325,0.00324682573041535,0.0975982950248893,-0.0378630171245406,-0.0925548050304615
4.3813304999953,1.56141077039664,-1.00556170142801,-2.02978941831411,0.0183399117757182,-0.105752249847087,-0.0325044213950276,-0.0945698820437801
4.41463719252092,1.56164729665778,-0.880297978330546,-2.16660232950809,0.154600889350939,-0.0412130645611717,-0.0293371662534741,-0.095599846632806
4.44462062556032,1.56181258943131,-0.917661857168879,-2.20783049443372,-0.0109058808773581,0.0552082096635123,-0.0264579979609751,-0.0964363745891406
4.37087296989114,1.56195784883314,-0.89465063356468,-2.29590181349117,0.0565028170376543,0.00615348218557896,-0.0334915934334548,-0.0942248012430282
4.38386245094216,1.56160232175209,-0.950863558230664,-2.24410144744315,-0.0239480535067228,0.146452244471405,-0.0322648711592618,-0.0946518784233902
4.33965350594346,1.56165742355668,-0.766611711131475,-2.27629064053206,0.220668290445015,0.0609442737962044,-0.0364164433458257,-0.0931334668851121
4.2953107686775,1.56148001655635,-0.813332995720906,-2.33606474776561,-0.00621219821080266,0.0316535358552262,-0.0405090863786284,-0.0914276430887772
4.31272635600682,1.5612960614489,-0.815444285509949,-2.27418756482376,0.0367994678736005,0.153996415125579,-0.038910757662643,-0.0921192321837252
4.26438470523232,1.56136563977026,-0.826875798873327,-2.41749907085111,0.031885249079855,-0.0531801680175551,-0.0433167624432333,-0.0901313380097982
4.22256833135741,1.56117868772107,-0.863184041305254,-2.38897058499781,0.0107385209027024,0.116770211016266,-0.0470467633346293,-0.0882417251629601
4.16606243765643,1.56103877773598,-0.969362952322688,-2.41893165073834,-0.0542237113247336,0.0554828177438423,-0.0519551996927007,-0.0854438834843758
4.14340116876023,1.56086866633669,-1.0219170273785,-2.51872126452428,0.0013238859507641,-0.015544938477798,-0.0538779610065741,-0.0842446753081409
4.19469585432672,1.560803701296,-0.96092510269688,-2.72313287850551,0.110479611486872,-0.117515303043048,-0.0494876868052536,-0.0868963109381816
4.20304150119416,1.56093078154996,-0.926077225324232,-2.93624058526928,0.0836086432768327,-0.125801420000234,-0.0487607659041847,-0.087306286763539
4.18366730764781,1.56094767960295,-0.872239865568488,-3.09112486223075,0.104280357621046,-0.0685390167188725,-0.050442997865302,-0.0863452602425932
4.19740688322631,1.56088963045186,-0.957927658259115,-3.17475316025769,-0.0364358658661865,0.00340185596625259,-0.0492519268244404,-0.0870301539931992
4.23732771414877,1.56091649437,-1.06380129408786,-3.3511391505719,-0.0601343428349186,-0.0874595202593057,-0.0457392929938285,-0.0889264700548983
4.22972496765266,1.56102236432355,-0.92352878487096,-3.43298103888261,0.186686559206897,0.00673427080406219,-0.0464140499899945,-0.088576159114777
4.18204756657438,1.56100713172613,-0.983136456267627,-3.66733744684894,-0.00902488279813718,-0.148092965549527,-0.0505827885985294,-0.0862634424167995
4.20345283725514,1.56084568489688,-1.06849504951275,-3.80708117185016,-0.0366337436891203,-0.0524173885628637,-0.0487248495560049,-0.0873263364383546
4.13218437452823,1.56089306908801,-1.1096588132964,-3.83763630049045,0.0136557432639952,0.0530799217097485,-0.0548195070476446,-0.0836350503500371
4.18123497629591,1.56069727668635,-1.19558379785408,-3.81359025245646,-0.0352721158321548,0.11026835889303,-0.0506528687255284,-0.0862223108590485
4.16623996770453,1.56081593882988,-1.1649974051607,-3.93028230146581,0.082526422710684,-0.0312389432623769,-0.0519400300173019,-0.0854531057469638
4.16844954215899,1.56077187592529,-1.25822327042097,-4.05658762814995,-0.0414747768800985,-0.0407376642673875,-0.0517510883801725,-0.085567662416754
4.17530357081349,1.56076241982259,-1.46877064723611,-4.04169331269755,-0.159383982622158,0.100814668656124,-0.0511633941929766,-0.0859203532037322
4.12579980007238,1.56076187138447,-1.40123457297469,-4.05580317752158,0.122888434593181,0.0691734840862077,-0.0553523603317588,-0.0832833489102301
4.18380174040625,1.56064365297939,-1.44284558763772,-4.09406625069578,0.00882037511498512,0.0480889674794912,-0.0504313897780173,-0.0863520406536967
4.1386469887264,1.56078538863444,-1.50950122853064,-4.1956397194322,-0.0123777759216204,-0.0175858900467262,-0.0542778649713029,-0.0839875786896909
4.1449850858526,1.56065561767173,-1.73875117062994,-4.18753371863337,-0.175505485202415,0.0924359086184107,-0.0537444568968852,-0.0843299078195799
4.10085094473518,1.5606499021215,-1.73091462070789,-4.19220383161736,0.0652492929121238,0.077206482831641,-0.0574127429900728,-0.0818765958156288
4.10314091389964,1.56055253385469,-1.74983269899113,-4.21804940362002,0.0383070194560275,0.0561622824305038,-0.0572250977392703,-0.0820078544331637
4.13402156414881,1.56055386345271,-1.71297158464353,-4.37272820587376,0.091526875520089,-0.0709431792762247,-0.0546657611724867,-0.0837356229775156
4.1429566887321,1.56061576968981,-1.86154814123028,-4.42532795067094,-0.0946611558278886,0.031620974512326,-0.0539154007588602,-0.0842207193095113
4.13312487765184,1.56062023827912,-1.98997245115243,-4.5731513699305,-0.0736834861341925,-0.0641368479890336,-0.0547408237879537,-0.0836865712705223
4.10616806624789,1.56057635172791,-1.98659873223368,-4.5936889712771,0.0603503045728221,0.0616431061655883,-0.0569765856540732,-0.0821807075121896
4.12813301595818,1.5605160310861,-2.0068634428941,-4.7408321253093,0.0348931811487551,-0.0637308829255637,-0.0551578918091787,-0.083412271106636
4.12663658694287,1.5605536302464,-2.09210869909307,-4.73963522718163,-0.0299626056511713,0.0845265360028654,-0.0552826505477942,-0.083329637875191
4.10679362768182,1.56054222269921,-2.22285806077284,-4.84987318647752,-0.0738241962518159,-0.0280216255111729,-0.0569251654279528,-0.0822163337847183
4.13587841579824,1.56048014901162,-2.17244278352229,-5.01236350681955,0.104925459641784,-0.0786533355699556,-0.0545101823912352,-0.0838369847720818
4.16824441089219,1.56054073517243,-2.26288002651875,-4.93693067156621,-0.0386686031022419,0.160989880103557,-0.0517686398942255,-0.0855570448502168
4.16002670032402,1.56061907323282,-2.34875790447083,-5.08396512678035,-0.0334079109176096,-0.0619057141251174,-0.0524699670344679,-0.0851287410890227
4.1733418357311,1.5605807316565,-2.37523063277666,-5.17475057617982,0.0248591203015205,-0.00496563048476206,-0.0513318486073503,-0.085819818914701
4.19768581282627,1.56060944579868,-2.37051519367469,-5.17750775742403,0.0539430887247489,0.0842867071835049,-0.0492276496227753,-0.0870438884277194
4.18342592879057,1.5606806901691,-2.4258324587082,-5.31083020814499,-0.00485342671766992,-0.0469893688668298,-0.0504638383158459,-0.0863330818541315
4.22978270171335,1.56062598786838,-2.43394251371449,-5.5036656611715,0.0382988810450104,-0.10425661438778,-0.0464089360512975,-0.0885788386387323
4.19943287353724,1.5607614420356,-2.52267985983662,-5.72062168611114,-0.0396618425064118,-0.12982626570168,-0.0490755036157152,-0.0871297592379545
4.20160328057157,1.56064331449652,-2.55121112036542,-5.84352050050532,0.0203550206039132,-0.0356627466411388,-0.0488862811327108,-0.0872360677530433
4.23724601023756,1.56064100665273,-2.61628753674552,-6.03605298099223,-0.0193298578985387,-0.103609747807955,-0.0457465584815673,-0.0889227326789531
4.20076494997528,1.56074346236361,-2.73968544718344,-6.13713709345298,-0.0744385138276731,-0.0138890582227902,-0.0489593966102482,-0.0871950542379579
4.21227905125211,1.56060443473295,-2.75333379007226,-6.21510463034003,0.0343038578708793,0.00978544848838575,-0.0479522007597013,-0.087752985375435
4.17284799754366,1.5606360863534,-2.80026940898487,-6.36602041477803,0.00443860453753453,-0.065121325614054,-0.05137422345014,-0.0857944588239537
4.17508119127264,1.56050227011579,-2.81326980037037,-6.46801489182633,0.0381821084709371,-0.0160855036610698,-0.0511824998564315,-0.0859089733872219
4.19286969489044,1.56050199678806,-2.9518786321669,-6.42325908078574,-0.0889625410784669,0.131561604729356,-0.0496462907180635,-0.0868057936887713
4.24838340802893,1.56054355303082,-3.07631468997009,-6.40099774765036,-0.0796826839033293,0.111688037897323,-0.04475337389987,-0.0894267047619358
4.15930961894825,1.56071840012414,-3.12300725914274,-6.56449302749341,0.00583842860118755,-0.0784041858737914,-0.0525309977738359,-0.0850910939692589
4.17876212760241,1.56042081292369,-3.10310934984238,-6.64129491422791,0.0707638376667764,0.00929490374819841,-0.0508659283664093,-0.086096790482708
4.1761410175388,1.56047406944045,-3.27052666983156,-6.69449192730582,-0.116325897447102,0.0327661566090376,-0.0510914225420812,-0.0859631696869451
4.1163182018231,1.56044639320415,-3.34290654134701,-6.8407992396962,-0.0162403518497124,-0.0635525280471139,-0.0561395196657347,-0.0827547843432668
4.21804741567355,1.56027424136819,-3.3099465968473,-6.97106730135486,0.0804051590886364,-0.0422399319919927,-0.0474452145889265,-0.0880281296666623
4.18457353399307,1.5605601105965,-3.22703245699247,-6.99703004654874,0.133278868668162,0.0604281923606973,-0.0503647288133341,-0.0863909375545799
4.1414378348196,1.56045991833907,-3.41137277053397,-7.02210615375666,-0.130297056051962,0.0590626253705977,-0.0540432574895424,-0.084138732578516
4.19737379646214,1.56031821062522,-3.51090663460435,-7.1175813216594,-0.0502790577267118,-0.00844664354406416,-0.0492548063436626,-0.0870285243586739
4.13468793106699,1.56046385618241,-3.57314986071442,-7.25274650669306,-0.00763327571950961,-0.0513931531952287,-0.054609950390566,-0.0837720318384359
4.08694180996335,1.56027117179348,-3.77340197062963,-7.38961970847086,-0.141706124600225,-0.0558030617538754,-0.0585459853149784,-0.0810701400239221
4.0219619218001,1.56013394550646,-3.64445579618998,-7.47176378316464,0.192632823579439,-0.00504666409300186,-0.0636866491397978,-0.0770974106007737
4.0502261363781,1.56003145122605,-3.66783478097759,-7.53057601342396,0.0381034198681053,0.0200542006080029,-0.0614824046557128,-0.078866430867329
4.01595627311741,1.56006757733901,-3.72537892955864,-7.49544978586052,0.00660436922209418,0.111839770459469,-0.0641485178031402,-0.0767135428960246
4.0358284560058,1.56001424695792,-3.87016014584036,-7.58750124730839,-0.0821697295240141,-0.0140783781050354,-0.0626114867577063,-0.0779730833428406
4.07129058989473,1.56002152307215,-3.82754670219433,-7.66104217809289,0.10242105317514,0.00660300125289182,-0.059807609529107,-0.0801439320373905
4.08698564656448,1.56008055300861,-3.94992595152927,-7.75468865527758,-0.0638368179156059,-0.0125737707816536,-0.0585424314193357,-0.0810727064030329
4.13120216628856,1.56009319773002,-4.15814665083426,-7.98160663278931,-0.153319071678066,-0.143336811667295,-0.0549016276269232,-0.0835811658444333
4.17314878836066,1.56015932064199,-4.20743926468761,-8.2608412349818,0.00205580108776843,-0.193424694355256,-0.0513484149411213,-0.0858099078372331
4.17602080823378,1.56025425238449,-4.27247284047108,-8.35005272994704,-0.0139318200376745,-0.00325446756377544,-0.0511017557457992,-0.0859570274014678
4.21896408759847,1.56025106740397,-4.12413034498754,-8.42693135118114,0.195706997234895,0.0111929631381939,-0.0473645017513518,-0.0880715843722945
4.24862048208803,1.56040370359506,-4.22595395145622,-8.42343663003775,-0.057091434578165,0.0929320332561613,-0.0447321718905169,-0.0894373121127712
4.21511407138453,1.56050109317166,-4.38751693135107,-8.47230955062091,-0.113859752986026,0.0390156574146938,-0.047703226908818,-0.0878885779978594
4.27322159483391,1.56035914764293,-4.31341007168505,-8.58600337259775,0.116625460486482,-0.0231832226844355,-0.0425186008204701,-0.0905105992924007
4.29959953834226,1.56058087759119,-4.39973057175548,-8.63458076212921,-0.0462038971442266,0.0430231463275683,-0.040116602926198,-0.0916005358590318
4.35770713215884,1.56068005324062,-4.34914514828212,-8.70763516025967,0.0853146268488796,0.020721304654976,-0.0347292033755228,-0.0937757027854315
4.33475604308868,1.56095276904565,-4.367364740379,-8.7334438881426,0.0186525303942949,0.0671452746290361,-0.0368721224911762,-0.092954002511972
4.34944416901048,1.56083906373724,-4.29266935531618,-8.87165493648266,0.110198259208663,-0.0447255097397732,-0.0355028741458365,-0.0934855386002824
4.37776493617024,1.56091313883109,-4.32172551874909,-8.86072220329859,0.00378524557987409,0.10538611773992,-0.0328414090127856,-0.0944533845558481
4.44073207900554,1.56105205496454,-4.32161907376097,-9.0218904188145,0.0269392393034956,-0.0648354529206859,-0.0268327943153765,-0.0963327625952287
4.47058747419312,1.56139153402827,-4.17599171061073,-9.14440466939643,0.169572574263596,-0.0254234329690505,-0.0239452111133554,-0.0970908176128765
4.42332986755474,1.56158303142359,-4.17668288583529,-9.25576548921727,0.0278138747051778,-0.0155095698107151,-0.0285050499297346,-0.0958512500101242
4.32575802983326,1.56130376616075,-4.25274218380076,-9.47102190918915,-0.0383522780656037,-0.122637951779676,-0.0377070198998721,-0.0926184681922059
4.20956769231178,1.56078281160711,-4.30014103658762,-9.48755869870647,0.000791101263348915,0.0710858578327706,-0.0481899540502078,-0.0876226473500936
4.24923044750504,1.56029822836317,-4.24502029514694,-9.43739106222177,0.0997983513457245,0.139632217035735,-0.0446776099050434,-0.0894645805510358
4.26672557443804,1.56045447224752,-4.24051229068961,-9.55104637356579,0.047613662738932,-0.0234228214963449,-0.0431056582816061,-0.0902324898476674
4.28603735717197,1.56052031731835,-4.21277891054418,-9.6070846720408,0.0690885587290607,0.0350097613852397,-0.0413551785836304,-0.0910480598602521
4.35340057595279,1.56060269298022,-4.34737080734867,-9.75067980006815,-0.0994591663932932,-0.0499698576466719,-0.0351327304111923,-0.0936252703806749
4.37523979979994,1.56089627263881,-4.34834250024456,-9.84364572955245,0.0321081188365591,0.00140422499128479,-0.0330798117324523,-0.0943701544755836
4.37625164242736,1.56100516717154,-4.39868383205867,-9.95735935130155,-0.0173570247443965,-0.0193100440248907,-0.0329843070697153,-0.0944035777242088
4.39753987753726,1.56100098648694,-4.40788821084399,-10.0569559794576,0.0217629207381451,-0.00451231630477283,-0.0309672995234646,-0.0950843118512409
4.35356454205289,1.56111134598358,-4.32785248011496,-10.1351793856515,0.115153109297566,0.0154076235049161,-0.0351173785685362,-0.0936310296988884
4.38348984847887,1.56088672033855,-4.24982575330381,-10.270991296548,0.110326863252943,-0.0411720610136833,-0.0323001364417933,-0.0946398498828138
4.29551594207353,1.56104809698424,-4.2764715826862,-10.4677506899963,0.0138444976237093,-0.105323440897086,-0.0404903270060988,-0.0914359525511666
4.28165149520588,1.56060268559496,-4.32399183544581,-10.5256375139433,-0.00576614898239569,0.0329789827008565,-0.0417541037772117,-0.0908658066478356
4.28777613031881,1.5605330549761,-4.31378824044981,-10.6384829721412,0.0514003992226424,-0.0217256287341532,-0.0411968042266427,-0.0911198294637982
4.2973116427763,1.5605567976392,-4.37656209572252,-10.6819385215187,-0.0224477850639726,0.048052964223788,-0.0403260702087424,-0.0915085136013015
4.19740972408671,1.56059065572774,-4.39069807141788,-10.780915680549,0.0351157038883716,-0.0119468651196157,-0.0492516795837239,-0.0870302939106964
4.23388764357866,1.56018015212662,-4.37291140326745,-10.8323540934439,0.0638316032323412,0.0373301848934415,-0.0460449350819154,-0.0887685977883069
4.29186323235822,1.56031565080688,-4.41804714555226,-10.9876981274257,-0.00431169714570356,-0.064056590494322,-0.040824045139108,-0.0912874434874812
4.28206418331926,1.56054902933525,-4.44583745376894,-11.0796159917539,0.013926292767684,-0.00103483399625789,-0.0417166009843584,-0.0908830303319152
4.30913159526202,1.56049803722053,-4.52510172477589,-11.2734505224703,-0.0400226188658774,-0.101855768291441,-0.0392416521410771,-0.0919787624250223
4.36843381686238,1.56060548509652,-4.54298541282965,-11.2364413246487,0.0158376342326163,0.131152027730583,-0.033721322286374,-0.0941428299089128
4.42187105967928,1.56090356860396,-4.4392225359383,-11.418354170932,0.132407724998789,-0.0861032816412814,-0.0286448481074428,-0.0958095646420624
4.35873328963363,1.56121145487981,-4.41092032279884,-11.4254292656059,0.0629351696085938,0.0867361963640591,-0.0346329564691344,-0.0938112910379505
4.32410293089879,1.56086267872667,-4.33416772107844,-11.4768100439077,0.11461286263191,0.0411751542131616,-0.0378602609115053,-0.0925559325149542
4.33543183959475,1.56069382919788,-4.45934634858453,-11.4025032806073,-0.0883693314200227,0.167285662635983,-0.0368092960860694,-0.0929788993355378
4.28820543674294,1.56073750419308,-4.59523641881245,-11.5823696557048,-0.0947323881245956,-0.0887288679784874,-0.0411576821033219,-0.0911375071190884
4.29375879628584,1.56048783879867,-4.63636904619583,-11.7730039453089,-0.000481696669260678,-0.0992696255808027,-0.0406509307141222,-0.0913646640232187
4.32329532394521,1.56050104922712,-4.66518225483854,-11.8081633115666,0.00912178872858416,0.0573659598667338,-0.0379349973712944,-0.092525326124472
4.29411211841924,1.56063794980923,-4.75942642994024,-11.9358671880787,-0.0536255280822717,-0.0363248553184637,-0.0406186470194233,-0.0913790211936607
4.26573706027687,1.56048144903595,-4.7566372852955,-11.8713685893804,0.0459839779452578,0.154688433913438,-0.0431948333005254,-0.0901898352151717
4.27489748171083,1.56035632456571,-4.82409753084884,-11.9270901859181,-0.0250933898962271,0.0348601319826822,-0.0423668556571081,-0.0905817285203245
4.34142374914995,1.56038624661406,-4.84068237887104,-12.030643513475,0.0196666694624894,-0.0103555406729599,-0.036251517484685,-0.0931977868839039
4.26451865217805,1.5607003805241,-4.91917119024473,-12.0328398632362,-0.0351841221364606,0.0879407895880237,-0.0433046892372386,-0.0901371393492504
4.24302225069661,1.56032451870595,-4.84314697271974,-12.0790735135002,0.121256376612799,0.0429518406201964,-0.0452321590878061,-0.0891854908841982
4.26192750736725,1.56024030329278,-4.86994416829157,-12.0954302616669,0.0167409064105035,0.0736678799956367,-0.0435381019823295,-0.0900246281623883
4.22936177160848,1.56031658412339,-4.89772263033714,-12.163826405508,0.0186677553930452,0.0201631520326199,-0.0464462174386166,-0.0885592958736955
4.1744541844989,1.56017420806605,-4.84252284902891,-12.1952686565763,0.106436136608492,0.0544346136599033,-0.0512363553002611,-0.0858768647281991
4.20996988740168,1.5599751386348,-4.93552954490612,-12.2983063012097,-0.0448519871222048,-0.015395622607842,-0.0481547087550048,-0.0876420220255139
4.2459109351316,1.5600874641286,-4.9760111756182,-12.4425829984961,0.00449271127498796,-0.054960917253888,-0.0449743419870649,-0.089315780032593
4.29345383400963,1.56022017849889,-5.1917017950637,-12.6165782266595,-0.175011827846217,-0.0826429653888108,-0.0406787915992873,-0.0913522627745025
4.30457745765825,1.56039888718701,-5.21562499555577,-12.6846168982669,0.0157369272032168,0.0237604257257727,-0.0396601276952813,-0.0917990973332199
4.29672967494147,1.56044656708435,-5.35061546477745,-12.8320312398044,-0.0946111508333716,-0.0559293119069457,-0.0403793183883165,-0.0914850296305082
4.25656592676774,1.56038633288719,-5.55401497198128,-13.0025481976764,-0.159379359017735,-0.0807270555797022,-0.0440201481860919,-0.0897899022923765
4.30017198085094,1.56017017889225,-5.57674655713648,-13.0919084201862,0.017332575160401,0.0022632627885345,-0.0400641603156047,-0.0916234852982876
4.24566773057135,1.56036450319232,-5.62363894549975,-13.2845002094101,-0.00189632570149478,-0.103286949797731,-0.0449960626617755,-0.08930483942619
4.26121866383268,1.56010193477796,-5.66595235668384,-13.3993050033033,0.0012884932304682,-0.0248110500471175,-0.0436019044145519,-0.0899937438460268
4.32131303301951,1.56015966178938,-5.65556578022807,-13.4926186750768,0.0485049112889837,-0.000863725588940545,-0.0381183348332176,-0.0924499461846393
4.3646830224831,1.56044505946588,-5.76464542261822,-13.6599906520604,-0.0750054477376887,-0.0733562907456979,-0.0340741946524605,-0.0940156862379158
4.35167021599961,1.56065714810484,-5.78732328435135,-13.7945112834785,0.0126168214194495,-0.0409562934406024,-0.0352946831525792,-0.0935643379774529
4.27374390355504,1.56057845387116,-5.74051379986558,-13.9885976054985,0.0892808050333489,-0.103553527238482,-0.0424713205475816,-0.0905327947814745
4.22712079730456,1.56018302079201,-5.87669445444587,-13.945991956237,-0.0895360948269575,0.131060638071655,-0.0466445597533239,-0.0884549888102339
4.24763142942431,1.55996171623757,-5.96566581380269,-14.0986049925102,-0.0441507511480166,-0.0632200103718623,-0.044820608208809,-0.0893930259013109
4.26959852813651,1.56003120893194,-5.98156204135841,-14.1981067060735,0.0269500194230956,-0.00914575570862916,-0.0428462469788136,-0.0903559578546457
4.17887593421543,1.56012419889711,-6.13852510767444,-14.2635120091289,-0.106106936663128,0.0206972757487677,-0.0508561296529073,-0.0861025788041606
4.15560717659416,1.559724448324,-6.25383955612494,-14.3739385837677,-0.0624687665752959,-0.0255305564333787,-0.052845681875195,-0.0848960182054829
4.20591656460156,1.55962188839803,-6.25281567256644,-14.4754942970937,0.049533437170325,-0.0141095972979307,-0.0485095536118313,-0.087446116027991
4.24081460978976,1.55980234073467,-6.29390655102644,-14.5545756580199,0.00433805978239832,0.010004056343741,-0.0454289382423975,-0.0890854172699912
4.21982639330057,1.55993887038591,-6.32163587565692,-14.5392203127438,0.0195592148914489,0.103467739579581,-0.047288539521929,-0.0881123943034291
4.15961884790636,1.55984683153315,-6.26595789896893,-14.7021540017807,0.108182659320338,-0.0778263550305208,-0.0525046826323491,-0.0851073340063963
4.09247537901857,1.55961598419092,-6.3524063933616,-14.8646017167935,-0.0283520103544679,-0.0810548495859798,-0.0580964840381963,-0.0813928654268887
4.03373865679986,1.55938618755911,-6.39417906603345,-14.885461470009,0.0210016253346079,0.0569823145229923,-0.0627742980064604,-0.0778420677384414
4.16059503629298,1.55923823670684,-6.44204700044464,-15.0121137524021,0.00455364242628109,-0.041493734484657,-0.0524215768374677,-0.0851585479084365
4.10705907210365,1.55958012214224,-6.56803145956721,-15.1065960822262,-0.0690811195670469,-0.0122508884684669,-0.0569033395555277,-0.0822314413556537
4.05443597782355,1.55938582602461,-6.55882732084528,-15.2189664814383,0.0703539843707244,-0.0332458367985653,-0.0611498456487965,-0.0791245624135032
4.05619644509742,1.55924099555169,-6.56249152350122,-15.3824848634663,0.0573462521029713,-0.0842862899812083,-0.061010454758907,-0.0792320920467923
4.11230028540428,1.55923357101211,-6.58110984423163,-15.4718157070118,0.0378532466996002,-0.00680229047450076,-0.0564715674300173,-0.0825285530710251
4.14885087790352,1.55937737872104,-6.67345434557515,-15.6414743524021,-0.038926447109396,-0.0851216033209074,-0.0534180542341243,-0.0845370420693802
4.1661477362753,1.55947448445648,-6.75285599269632,-15.8117495195487,-0.0274537358627152,-0.0848268522663327,-0.0519479112584482,-0.0854483148803087
4.22852378234977,1.55951661484243,-6.78817590817961,-15.9910741572004,0.0112004973774722,-0.0908042942990752,-0.0465204128607619,-0.0885203433526116
4.23077251404699,1.55975493787221,-6.90430658193145,-16.2387298688137,-0.0698094368472837,-0.159030980236356,-0.0463212369045541,-0.0886247313769254
4.22644442423689,1.55973804738514,-6.79558646916818,-16.3725570523854,0.155424490414669,-0.0454037641162701,-0.0467043776514058,-0.0884234194554524
4.19369586337953,1.55972742891444,-6.79309120690541,-16.4037006566795,0.0520698198344272,0.0557031759662054,-0.04957455757166,-0.0868467802602616
4.23504171764529,1.55958727603082,-6.82378383194503,-16.4704067422529,0.0152498338650773,0.022115592353683,-0.0459424589046973,-0.0888216779271266
4.31842134985059,1.55975775103364,-6.97025567244929,-16.5343501502178,-0.108086329459691,0.0283959257009473,-0.038385511044562,-0.0923393336658209
4.40307730812675,1.56015107834161,-7.01468223251103,-16.5907114129273,-0.0139862554005701,0.038893069749075,-0.0304403046611724,-0.0952543324586079
4.38395700127321,1.56064165212426,-7.0542823278763,-16.7619783057615,-0.00734417371665175,-0.0766119641796547,-0.0322559216486152,-0.0946549286545524
4.387762478425,1.5605129077675,-6.9839596825308,-16.9048189308572,0.102218127135911,-0.0480636329437678,-0.0318954817904106,-0.0947769921518803
4.38515534472114,1.56054315321652,-6.96436189701259,-16.8290969713364,0.0517402549202135,0.170415473874899,-0.0321424694020106,-0.0946935143541563
4.45027362164881,1.56053148813737,-6.97511515609056,-16.9642248647895,0.0151591645885985,-0.0385434935753974,-0.0259124236665649,-0.096584399877643
4.47987304743119,1.56095196247892,-6.93471246244999,-16.8919427333369,0.0634453415186256,0.169591105235938,-0.0230426478780518,-0.097308973783347
4.52445193304557,1.56116553937515,-6.90299365608872,-16.9225198315592,0.0504020729906032,0.0676620769984256,-0.0186832666293365,-0.0982391752207699
4.42734030890081,1.56149737766154,-6.90294648275577,-17.0964668179977,0.0281675892448388,-0.0779821897214044,-0.0281204159118915,-0.095964796717037
4.46255670269899,1.56080556674339,-6.9025713197329,-17.1342382186094,0.0250993077770443,0.0591239897129256,-0.024724144754173,-0.0968953903246935
4.44253608300541,1.56104538105834,-6.81833251932363,-17.3118274270159,0.110897766467151,-0.081208196123337,-0.0266589660578791,-0.0963810122831507
4.50208709630082,1.56091692455257,-6.80529496830352,-17.3679880140327,0.0339130652510518,0.04163620692654,-0.0208755142309415,-0.097796793943328
4.48066149108497,1.56134246995181,-6.81403155065072,-17.3682025206673,0.0142293357338059,0.0971126047306074,-0.0229659180810104,-0.0973271113652117
4.47770341783165,1.56118457244543,-6.76123385431853,-17.3898218282132,0.0760514142402076,0.07563944323496,-0.0232537179080132,-0.0972587507808657
4.49443285921828,1.56117072917091,-6.81518236195012,-17.6268954560608,-0.0323250523807193,-0.139439483292478,-0.0216234552508662,-0.0976341445551391
4.55082595246758,1.56128323521378,-6.82347633115275,-17.7005293955756,0.00779213831524728,0.0250637663599453,-0.0160861075178765,-0.0986977058746723
4.51146548351169,1.56171321584608,-6.8557871804945,-17.8100335502703,-0.0123534159048391,-0.0115158857508846,-0.0199574334369163,-0.0979882689438438
4.49346592062884,1.56140396576755,-6.94154535918744,-17.9274385145266,-0.0640403273434107,-0.0197917738937646,-0.0217178513495298,-0.097613190362572
4.47779336761209,1.56125630666936,-6.89360612548953,-18.0070242403411,0.0711842031085865,0.0176751162397371,-0.0232449694106741,-0.0972608420542246
4.49490880890627,1.56114779145268,-6.72585597660907,-18.0770100528653,0.189327132743282,0.0276586126489617,-0.0215769838628224,-0.0976444251730917
4.40193650729898,1.56129787198803,-6.5645041614958,-18.29308032521,0.191900766164282,-0.120850728186597,-0.0305489510510113,-0.0952195441581345
4.43710358046993,1.56066727342456,-6.68953548154447,-18.3820754193735,-0.0978491598524092,0.00723967173252155,-0.0271821601962575,-0.0962347658960367
4.43446832844369,1.56088527624431,-6.75365012936738,-18.4243398466805,-0.0366789794422828,0.0538983726756428,-0.0274356683806291,-0.096162799982676
4.43324482945275,1.56085720636392,-6.7564679296861,-18.6009810862699,0.0247355025863933,-0.0805120790863668,-0.0275533029051137,-0.0961291605030391
4.4548009853434,1.5608463427096,-6.81020774872568,-18.5150982227777,-0.0282649321479911,0.182583588090689,-0.0254748868915857,-0.0967007245984275
4.44547884848599,1.56099071704233,-6.91343448792574,-18.4956984539139,-0.0768515148802396,0.115858814795569,-0.0263752243198207,-0.0964590459318313
4.41096475156851,1.56090978120014,-7.00658756712189,-18.496749846061,-0.0634650267723897,0.094440071048798,-0.029688052423768,-0.0954914631958459
4.38594614106971,1.56065947509298,-6.95940099155789,-18.6413861850218,0.0792541516381498,-0.0499174360706017,-0.0320675760741421,-0.0947189028902315
4.42679429029076,1.56049969363923,-6.96214952389535,-18.741730593363,0.0254242779448846,-0.00439498019910556,-0.028172810282346,-0.0959494281420944
4.43270396572321,1.56076996439592,-6.97599235603962,-18.8323087872184,0.0137624595044357,0.00553605000571822,-0.0276052916487128,-0.0961142438610923
4.40842202487363,1.56080772592021,-7.00990427126546,-18.9863618848813,-0.00398115034450908,-0.0586374316870153,-0.0299307648813323,-0.095415665975868
4.4161714555699,1.560634669125,-7.07635781973093,-19.1224289186297,-0.0372630919959223,-0.0404222887223672,-0.0291904564695449,-0.0956447450260578
4.43948072052285,1.5606754722154,-7.10845186488358,-19.2592382886188,-0.00514072505780661,-0.0405102602534751,-0.0269533200948431,-0.0962991097355782
4.46807811108726,1.56083123822774,-7.04341148837788,-19.1823279116825,0.089229148088698,0.173940801697278,-0.0241887715830009,-0.0970304247610275
4.48867917249079,1.56104784744921,-6.95266863846801,-19.2969300456348,0.112927700422648,-0.0170940193785732,-0.0221848505127738,-0.0975081145737414
4.53329576037691,1.56121466345808,-7.03030976840637,-19.329634709603,-0.0598273929215087,0.065695898903706,-0.0178137370168464,-0.0984005628718385
4.49929095953143,1.56155030537039,-7.11495048277467,-19.404147091789,-0.0634918288885271,0.0232256587344021,-0.0211488854797811,-0.0977380409204272
4.52702573530664,1.56127125947407,-7.14712623490775,-19.4790601939473,-0.0137453953191105,0.0233738346527382,-0.0184303568139669,-0.0982869368111036
4.53643044278494,1.561483522724,-7.0679145637449,-19.4684061745524,0.0967168666505818,0.109109939130335,-0.0175051954877287,-0.0984559197353638
4.53494456715453,1.56157057347228,-6.96435230679942,-19.6565652377131,0.121213726306972,-0.0897292626458935,-0.0176514693614887,-0.0984298005147853
4.57702915193395,1.56157527401809,-6.94484639414618,-19.7286626895056,0.0330005983309687,0.0269878319707321,-0.0134946856777358,-0.0990852837633274
4.58222438500203,1.56192622089007,-7.00247386009535,-19.8011697305149,-0.0446477312119402,0.0266470133009868,-0.0129797347372286,-0.0991540543102055
4.60131048745405,1.56196260845883,-7.22416622219472,-19.9104594180877,-0.210607340958342,-0.00990597509280766,-0.011085021141023,-0.0993837124799787
4.65724774503821,1.56209512768626,-7.29852984429958,-19.9716996710274,-0.0688522924788431,0.0386077577852872,-0.0055113296260185,-0.0998480107250684
4.7016703810878,1.5625851287841,-7.22622866062684,-20.0822980606172,0.073373023078509,-0.0106041339532716,-0.00107183940576647,-0.0999942556364527
4.67894223851607,1.56301496982881,-7.25396988498223,-20.2029670076922,-0.0243971737395372,-0.0207248760879279,-0.00334405061585657,-0.0999440709871205
4.7027025646561,1.56279939984674,-7.26141281917847,-20.494338054434,-0.00647430777070901,-0.191375738037576,-0.000968626425530947,-0.0999953087041975
4.69395636086882,1.56303318693986,-7.03492624402641,-20.6527279051061,0.228329732727191,-0.0584068382642104,-0.00184315757513064,-0.0999830124078748
4.65133200461983,1.5629883252414,-7.11458986379,-20.6019808819673,-0.0735617151069516,0.150560683323954,-0.00610190465663444,-0.0998136601851738
4.6666259108842,1.56257456073252,-7.08301289430245,-20.7411817862885,0.0361516792765397,-0.0393055989743322,-0.00457470978899032,-0.0998953053468806
4.70883967341536,1.56272527069336,-7.09860083914402,-20.8901673764482,-0.0152330148898541,-0.0489862200380643,-0.000354929951722047,-0.0999993701216631
4.75904988158154,1.56313057590308,-7.16915518265834,-20.9078422938527,-0.075218740618872,0.08221624036065,0.00466439710455809,-0.0998911577650945
4.70131428842966,1.56361831266702,-7.07920061820226,-21.0781219122811,0.0910620110134293,-0.0702857508058592,-0.00110744655734729,-0.0999938676225828
4.70352526638478,1.56306721897573,-6.90456966356605,-21.1879000373832,0.175517314429882,-0.00978205334763604,-0.000886359793678651,-0.0999960717544252
4.63211826407871,1.56311867694378,-6.88855203704491,-21.2477556261309,0.0240360806724702,0.0398224148087995,-0.00801845415132378,-0.0996780035565677
4.5959953029044,1.56244922071007,-6.94104074535475,-21.5235709474247,-0.0408756034651354,-0.176491931320032,-0.0116131048447068,-0.0993233899736907
4.61483779469933,1.56212207779044,-6.92450498917007,-21.5959970312045,0.0262754101150864,0.02709848173705,-0.00973965393040499,-0.0995245655168409
4.64691788334861,1.56229532340137,-6.85264915295822,-21.6014083129042,0.0783982695922032,0.0943744716194015,-0.00654243338035971,-0.0997857533191164
4.71938843295642,1.56260124861585,-6.86296616277144,-21.5188555342376,-0.0110169493550787,0.18255032905971,0.000699939541861927,-0.0999975503931858
4.80766417090147,1.5632930270131,-6.6879290202113,-21.6312910097679,0.165524031090888,-0.012889000403413,0.00951311146925676,-0.0995464751268145
4.84979394714067,1.56422464076914,-6.77886149660609,-21.657713680579,-0.104629776819217,0.0726348072563276,0.0136973004244203,-0.0990574780674492
4.86891121853227,1.56466186505282,-6.81057453304254,-21.6603365274927,-0.0473014273051722,0.0961546913737467,0.0155883908687256,-0.0987775382874256
4.84767393991071,1.5648649039018,-6.74805635148569,-21.8474477932766,0.0490309143255829,-0.0880249719656792,0.0134872672312702,-0.0990862938182285
4.80806917239718,1.56465475640391,-6.61113405751986,-21.9658339556845,0.12736886680655,-0.018843548269499,0.00955342715927372,-0.0995426141384304
4.83816798830978,1.56425820433291,-6.80160616700204,-22.1155667300342,-0.203016872014519,-0.0505227499922304,0.0125447625323437,-0.0992100243574565
4.83075679117889,1.56456065360626,-6.76158679075896,-22.3206907626455,0.0282102165420381,-0.105823761981509,0.0118091597010426,-0.0993002706298189
4.80060777599036,1.56449881165404,-6.77094135526069,-22.3807122481285,-0.0181650057190494,0.0395896390240779,0.00881044121731761,-0.0996111245070358
4.82003519015089,1.56417919417871,-6.72711636789462,-22.396694427593,0.0330811438923133,0.0834389944745454,0.0107438434737521,-0.0994211739390132
4.84230147862622,1.56439317825314,-6.55723407969402,-22.4532841221492,0.156927550329186,0.0425676287571579,0.0129547378714201,-0.0991573233134235
4.74825913964327,1.56466079369199,-6.51642225426971,-22.5057848335856,0.0372255786655877,0.0474349620450264,0.00358624675871387,-0.0999356734814231
4.73852467862999,1.56367842864034,-6.61672582623875,-22.7443589809285,-0.102916844259815,-0.138608299134897,0.0026132722907777,-0.0999658482079468
4.81511350202866,1.56357572818052,-6.4133939617951,-22.8055995527067,0.193077469129181,0.0382322756563388,0.0102543953144712,-0.0994728474345364
4.83231044738166,1.5644097520692,-6.45256159054361,-22.8705559399957,-0.051131052616137,0.0343254161261486,0.0119634238676237,-0.0992818034151454
4.77605276185591,1.56459335583902,-6.55685282925439,-23.0069640384657,-0.110653317159122,-0.0366106838851963,0.00636207844834923,-0.0997974145848331
4.9192357173607,1.56398620983151,-6.59161894121975,-23.109624756443,-0.0553035999526115,-0.00479237995534382,0.0205374879872505,-0.0978683380219239
5.03295892537364,1.56555601456024,-6.52577087660135,-23.1726028723567,0.0343373124718749,0.031927481914627,0.0315107521465221,-0.0949055978283708
4.99254518559528,1.56689462071544,-6.45821576951785,-23.344401974303,0.0399045303775893,-0.0756978761069346,0.0276505767059086,-0.0961012258393756
5.04000689732134,1.56644075060297,-6.45908375528007,-23.2960199338768,-0.0330468417343139,0.143063196039773,0.0321788559720928,-0.094681155613603
5.01344157112626,1.56699836693871,-6.42010103343612,-23.4353222592086,0.00933015973307327,-0.0437998355199319,0.02965256211088,-0.095502489811839
5.02491026452529,1.56670015242069,-6.27206318378065,-23.5587457063122,0.117291972873799,-0.0282673066767841,0.0307458767816739,-0.0951561404268065
5.0832128750594,1.56686639865349,-6.24368014127412,-23.6851723341935,-0.00785530236152399,-0.0332237182634895,0.036238344868048,-0.0932029096178033
5.0943654566075,1.56758191785408,-6.0602151082006,-23.7176008813455,0.146189510343857,0.0603644235151273,0.0372755227296694,-0.0927929706671249
5.11331574348365,1.56774256850881,-5.99050539041222,-23.8938956479821,0.0306825397589918,-0.0842247966405815,0.0390271780293874,-0.09206996999599
5.09749705021228,1.56799940953369,-5.84018340253865,-23.8341074486629,0.112756058523461,0.152463983384176,0.0375659293501044,-0.0926757840650025
5.12908676045642,1.56781860864785,-5.79885210212162,-23.8482569349973,0.00085699893675395,0.0772935610759322,0.0404743014802765,-0.0914430474103072
5.08473440403057,1.56820962022737,-5.76773706734556,-23.9019655702104,-0.00526507901765916,0.0394390288496701,0.036380113793723,-0.0931476640627974
5.1153862531828,1.56767945095551,-5.64362727805124,-23.9267605345441,0.0848920632901873,0.0671940022169824,0.0392177260041285,-0.0919889665506962
5.09227491036862,1.56806867149177,-5.62575140423687,-24.0172491518828,-0.0192055796066355,0.00238207670513091,0.037081453421011,-0.0928706940438446
5.1344997306338,1.5677992674854,-5.49874273160209,-24.1656893062059,0.0860399880351514,-0.0572175316784227,0.0409686845996258,-0.0912226226446948
5.12661750695371,1.5683437604376,-5.42265107385436,-24.3425803675428,0.0358432754932676,-0.0853483514911779,0.0402483822544618,-0.0915427098457257
5.1129485337854,1.56827481605232,-5.34201119743622,-24.4906995991493,0.0416465100051644,-0.0560349366600435,0.0389933664129768,-0.092084294946442
5.11794124814931,1.56813273059492,-5.23525348142649,-24.8070646501059,0.0673050869213712,-0.224476585641174,0.0394526290883524,-0.091888465315386
5.11537949524949,1.56823956653427,-5.17374184768491,-24.8223691063499,0.0222945293936507,0.0766847753353574,0.039217104347932,-0.0919892315793724
5.14105540240985,1.56821687375275,-5.18729148272692,-24.9043144910431,-0.0551154605817223,0.00900670240320861,0.0415658255397095,-0.0909520870964621
5.15305449378345,1.56853919848792,-5.27154863621874,-25.0395754845439,-0.126911302996812,-0.044814194054821,0.0426541495049967,-0.0904467994458919
5.16020137487929,1.568692795952,-5.16085362113227,-25.0495282204802,0.0673955479009707,0.08018691206304,0.0432994671854942,-0.090139647999381
5.17719595513408,1.56879434560911,-5.12223024118769,-25.0628875644482,-0.00620164635153353,0.076031466619853,0.0448250262961169,-0.0893908105878475
5.16009892921267,1.56901028334353,-5.04571061524585,-25.0670416964382,0.0332293933998757,0.0859899513790902,0.0432902325419656,-0.0901440833691405
5.211153677697,1.56880757425425,-4.93282772042646,-25.0628765592391,0.0650487855206454,0.0919825499804237,0.0478341092987439,-0.0878174127812692
5.2604420937247,1.5694512612258,-4.88594420709022,-25.1310997761534,-0.00521913374094263,0.0171308349376726,0.0521026470771795,-0.0853540518519823
5.27440161983599,1.57007755836217,-4.87396495804029,-25.3012882188083,-0.0413097849489801,-0.085570011710679,0.053289033998913,-0.0846184309442257
5.28228695448799,1.57027401420131,-4.85806493593836,-25.3146578079187,-0.038054592920433,0.0708260136120276,0.0539546150223604,-0.084195602722404
5.33817967419074,1.5703756959678,-4.80344226851336,-25.4209891549509,-0.00395116392387873,-0.0252813237063928,0.0585738313488744,-0.0810500233258055
5.3846821535164,1.57109298255163,-4.68287439132727,-25.4362694861071,0.0582896980386614,0.0629592266267665,0.0622781791474371,-0.0782395577830022
5.3414910075669,1.57168539275455,-4.49410230277328,-25.5989919585004,0.129930195176854,-0.0818668505492437,0.0588418933771345,-0.0808556218440866
5.26626836252008,1.57118384536517,-4.33004808342572,-25.5205059290005,0.111455163755298,0.163535070357551,0.0525990555922579,-0.0850490408576285
5.30053718775172,1.57025074223634,-4.27220809478054,-25.5085005189049,0.00235785464061733,0.0952023620007063,0.0554821340045688,-0.0831969519050973
5.33016693473576,1.57068089895914,-4.15353134671153,-25.5173822628386,0.0607542228174083,0.0726350093657518,0.057922525251599,-0.0815167532994162
5.34956865253105,1.57106075766294,-4.12088354834158,-25.6336052206283,-0.0268452912535544,-0.0358452725340669,0.0594930896235021,-0.0803776852556102
5.40189684192789,1.57131973285246,-4.15012852537445,-25.5866460233996,-0.0928607315657644,0.124115115829993,0.0636157545328924,-0.0771559186013022
5.37031881843252,1.57196034960349,-4.00578601750839,-25.6940253696401,0.08319449511565,-0.0282533673417923,0.0611480127504106,-0.079125978898688
5.38107926854631,1.57159447628131,-3.9225413760449,-25.6959963186306,0.021248754042241,0.0764924816179777,0.0619958874212508,-0.078463430608479
5.29661891093688,1.57173448882944,-3.83795626480138,-25.7700150500074,0.0294293909976182,0.00939497567515546,0.0551557202459038,-0.0834137070519924
5.2069279331097,1.57070350847362,-3.80927190633383,-25.8790040380022,-0.018778230894664,-0.0209702251596817,0.0474625893622121,-0.0880187628351707
5.24092662004515,1.56960799336312,-3.80179306529618,-25.980794612295,-0.0429482655896618,-0.0154360323323183,0.0504271066273095,-0.0863545419604433
5.25559779949649,1.57004201951923,-3.82310354786388,-26.1244870082512,-0.0729990397712652,-0.0580869460466604,0.0516885572035651,-0.0856054499095343
5.30276034639316,1.57023998875929,-3.66140944898957,-26.3020152518024,0.106027142107877,-0.0944548427278337,0.0556669567664334,-0.0830734008233925
5.2530133576843,1.57086319734257,-3.78037321970206,-26.3739555143516,-0.17043091323563,0.0137984873863309,0.051467142523145,-0.0857387499355005
5.24440502147484,1.57024296616886,-3.70669575368207,-26.4006851645079,0.0229502893016327,0.0594489640247968,0.050727176718358,-0.0861786141811556
5.20512139338346,1.5701459984637,-3.65447634060266,-26.5425711808271,0.00491591047151063,-0.0537816541057362,0.0473035026078917,-0.0881043622133728
5.20658828132009,1.56968050530105,-3.57734664973054,-26.592233994586,0.0296969999773737,0.0383720647522392,0.0474326908947498,-0.0880348785112078
5.18286866455644,1.56971216034456,-3.36680347969666,-26.6739923050575,0.165211779588416,0.00737678385322182,0.0453313904454681,-0.0891350943247413
5.16002318922462,1.56944883625661,-3.24528016406214,-26.8295591309329,0.0782399107285117,-0.0654194639630692,0.0432834049060066,-0.090147361912275
5.09971239130631,1.56919741645148,-3.06713836560528,-27.0930285630946,0.140370652983624,-0.170877096789686,0.0377711454732343,-0.0925923353719938
5.043161930528,1.56850603118406,-3.01157876341501,-27.2686148818705,0.0230821846815696,-0.0810071595918415,0.0324774175087002,-0.0945791591840696
5.1058073521859,1.56784437589823,-2.85931307881878,-27.4068799354938,0.113930897524695,-0.0459046503101439,0.0383347870715369,-0.092360403313216
5.02530008590492,1.56863783943252,-2.87744412744,-27.3078557687446,-0.0489140169638183,0.194168314546215,0.0307829683425929,-0.0951441477970081
4.9519209581483,1.56764849089897,-2.75356236174758,-27.3602542856435,0.100156966428552,0.0447463949590764,0.0237247992638689,-0.0971449118579513
4.90126540145932,1.56679626589099,-2.70299556802944,-27.4496065913798,0.0317912520446533,0.00886927557287576,0.0187755416734937,-0.0982215813091344
4.88205875658675,1.56622113966643,-2.66079170484489,-27.5673541331377,0.0253181755541907,-0.0191834836371318,0.016885687630351,-0.0985640581208496
4.86908182142414,1.56601619740918,-2.67233719892915,-27.5704097248747,-0.0271507364597259,0.0957192856884477,0.0156052423754744,-0.0987748774253995
4.88275244262257,1.56586676487357,-2.75944856178128,-27.6527177186739,-0.104065418925053,0.0162443272423627,0.0169540560729209,-0.0985523210415475
4.90572469347392,1.56601923834983,-2.74020918901138,-27.805739886294,2.60205130184765e-05,-0.054885288237045,0.0192133522568746,-0.0981368793831007
5.012784456563,1.56630057129868,-2.62868433360906,-27.8100697768312,0.0819350557657934,0.0911920637846724,0.0295897996365324,-0.0955219543218724
4.9878290247034,1.56757899630605,-2.75863883489865,-27.9266973703952,-0.15715154332877,-0.0203970323876119,0.0271970420391805,-0.0962305611763698
4.9127053270863,1.56727732127327,-2.75070650597541,-28.0586533409451,-0.0119656072445862,-0.0339556025084167,0.0198979361678213,-0.0980003680414585
4.88476468197241,1.56640401777223,-2.73233829916332,-28.127774450175,0.00121587433896986,0.0293968966914765,0.0171523324731253,-0.098518005921412
4.94661602042866,1.5660884652085,-2.59136950587675,-28.2112471563674,0.117759673147888,0.0137966967172285,0.0232091201386751,-0.097269402909592
4.94826958433441,1.56683613946456,-2.62484380486645,-28.2777292670586,-0.0568442284988273,0.0307487814919433,0.0233699295091281,-0.0972308921831862
4.9665973461663,1.56685825043379,-2.55586078095403,-28.2916076468239,0.0438350944825787,0.0829078880902037,0.0251479294298471,-0.0967862678554733
4.98932943328167,1.56708517379324,-2.56504900312631,-28.3246109693851,-0.0365296187034341,0.0631863236370074,0.0273413965311508,-0.0961896461981557
5.13302803487181,1.56735879710736,-2.49726456045044,-28.5068467812701,0.0269500543417207,-0.0909529946116322,0.040834388334153,-0.0912828172734365
5.01816527693385,1.56913795964147,-2.47293599332033,-28.5883214540789,-0.0057747881447745,0.0138866820536417,0.030103355274881,-0.095361354862409
5.0482010593786,1.56774429757345,-2.48917181485209,-28.770393748027,-0.0491894212474233,-0.087657992776247,0.032953599715662,-0.0944143011719089
5.07249114629112,1.56812740836157,-2.45153619508082,-28.7666686225201,0.00239863495289905,0.0973112083446773,0.035236984818374,-0.0935860828377258
5.06958845274519,1.56842800946676,-2.55165468072845,-28.9223470540098,-0.135083670682049,-0.0619904608877878,0.0349651850344138,-0.0936879706019359
5.05566045978614,1.56839974919376,-2.40287624687482,-29.1171310023299,0.115121483401227,-0.100618085682735,0.0336569504524097,-0.0941658626373913
5.01406856325415,1.56826714138569,-2.38839454165987,-29.230440547447,-0.0152307303728194,-0.0178256659989067,0.029712435587768,-0.0954838791181147
4.98861862472128,1.56777423707457,-2.42380708837863,-29.3934800415491,-0.0626855639246258,-0.0668304377067991,0.0272730172058661,-0.0962090563953754
4.95849549244244,1.56747978888419,-2.49068768578893,-29.5553018308176,-0.0912435618831045,-0.0648349553058698,0.0243629644728074,-0.0969868339626401
4.99108523089906,1.56712652214909,-2.31225918875728,-29.6813434948967,0.150918253180022,-0.0299001720829765,0.0275102438516234,-0.0961414919960379
5.02640518309541,1.56755355888635,-2.10869148308212,-29.6507351709115,0.172679612620242,0.125718395520383,0.0308880930549235,-0.0951100715351975
5.03791863944771,1.56800191259355,-2.04393422209161,-29.7090914328553,0.0327761937064914,0.0363918849266119,0.0319810672840117,-0.0947481468704033
5.11248338344206,1.56815604525503,-2.14846176110501,-29.7957845666135,-0.143478068168115,0.00540928900340543,0.0389505291547145,-0.092102422761661
5.16953998318107,1.56907419320501,-2.24383680398494,-29.8573782413735,-0.13951438864441,0.0281376918599326,0.0441393457644797,-0.0897313666199491
5.15776399385045,1.56978363009831,-2.13172109471743,-29.8920610207725,0.0690360751497061,0.0555621380439095,0.0430796341178096,-0.090244917442899
5.16340862618577,1.56965126501099,-2.22412717328969,-29.8982264095011,-0.135994423066984,0.0838349236275662,0.0435883444947214,-0.0900003123561774
5.14825664648331,1.56971402464403,-2.18094316148187,-30.0459948749954,0.000964301504695619,-0.0571180597481857,0.0422197103031246,-0.090650405746032
5.13764257545548,1.56954755191643,-2.1667022837992,-30.156019707667,-0.0270143026587943,-0.0189314185574131,0.0412551803414654,-0.0910934141142661
5.13280560776447,1.56943029438147,-2.15246080325268,-30.1911624933461,-0.0265726030046896,0.0561491120111313,0.0408140835512076,-0.0912918976901841
5.0999182537151,1.56937571121481,-2.27723636161095,-30.1938719326387,-0.162565764312201,0.0898751184584782,0.0377902059539366,-0.0925845577510583
5.1699579790869,1.56895417044517,-2.3619795070772,-30.4126565813163,-0.128919994717492,-0.129071739961951,0.0441768492512333,-0.0897129087157128
5.20468272305614,1.56984989678277,-2.26567853537529,-30.5035772896948,0.0490361224135416,-0.00279560399978251,0.0472648492883753,-0.0881251043786455
5.18633561889438,1.57030720397108,-2.31251339512616,-30.5126046118429,-0.0924750044429783,0.0799500749394276,0.0456401446921033,-0.0889773970875968
5.19072316856033,1.57007341000865,-2.21352682512676,-30.6969798732771,0.0529564731101808,-0.0955989685381073,0.0460300968892257,-0.0887762928960682
5.11638179333884,1.57016174850576,-2.28782031755532,-30.8222595644474,-0.113602777693331,-0.0333298130194064,0.0393092852647687,-0.0919498781509417
5.05757975850661,1.56923707712489,-2.40809020345342,-30.8752803262285,-0.154107506668058,0.0410803297143425,0.0338376207699585,-0.0941010914954151
5.06998256436068,1.56849732637629,-2.35720489803339,-30.8538831875727,0.0158831995845929,0.115071321796582,0.0350021058354386,-0.0936741831407392
5.04046114118289,1.56865435372977,-2.38169151266016,-30.9081149776493,-0.0567084756112748,0.0404347387215005,0.0322218609845035,-0.0946665287981731
5.013849640896,1.56829151092451,-2.29781523021756,-30.9761733193833,0.0541847511226603,0.027432039812459,0.0296915313199391,-0.0954903815464001
5.0212852742492,1.56797967836467,-2.24691131091861,-31.2104450928808,0.0205031838542902,-0.139004805011999,0.030400735444653,-0.0952669684855366
5.03160232151952,1.56810452109655,-2.28411141706771,-31.1856928708888,-0.06858208003954,0.119700480084191,0.0313819738904421,-0.094948258092182
5.0930769012302,1.56822527989095,-2.08379663748543,-31.3843340226491,0.163158856646523,-0.105800226566717,0.0371559229357605,-0.0928409251935364
5.08646604316508,1.56903615636612,-2.0882125766939,-31.4016942684676,-0.0409572965177469,0.0757242813919571,0.036541357309272,-0.0930845272104667
5.11708155093992,1.56895517426345,-2.08376651079292,-31.5270335893159,-0.0349275523605863,-0.0334169721784445,0.0393736182615664,-0.0919223486699097
5.08150229826751,1.56935555571152,-1.95316773006294,-31.6131747922099,0.0945199195363209,0.00712355880605808,0.0360788611936623,-0.0932647617000572
5.10718018142253,1.56893301445115,-1.92801947812626,-31.7717014882976,-0.0133132940329839,-0.0662190069083651,0.0384615459696684,-0.0923076891793045
5.09121592634517,1.56927746227985,-1.9463987123917,-31.8481281056797,-0.0553623183311571,0.0164832932464105,0.0369830840657104,-0.0929099106284609
5.12070712834177,1.56908510452296,-1.83616941928488,-31.9749819759724,0.0705226627644389,-0.0350748775609632,0.039706630342386,-0.0917789927317418
5.1200164617135,1.56948253952627,-1.83068464233694,-31.9229288364534,-0.0341584552415997,0.143859534402752,0.0396432321895332,-0.0918063948838356
5.18448372283007,1.56946756111792,-1.7947016866557,-32.0987349263775,-0.00949233395171589,-0.0867443246552264,0.0454752896329582,-0.089061765268821
5.30764553566748,1.57030776993133,-1.75957468260991,-32.3184177032478,-0.0209451161464296,-0.136882309859878,0.0560721201922213,-0.0828004670104528
5.2953472621772,1.5718999126845,-1.71977844232628,-32.3421114685058,-0.0152533624578615,0.0597900130345896,0.0550496027414875,-0.0834837782925786
5.24318551142042,1.57175072215386,-1.66761199577792,-32.4353193110807,0.00154440321127014,-0.00696743018969925,0.0506220433370928,-0.0862404123852472
5.24234862956014,1.57110797631212,-1.55427570654581,-32.3664439783313,0.0627864366504487,0.155158079599362,0.050549852581658,-0.0862827468499505
5.21471424964768,1.57109602845875,-1.50837723705806,-32.4240782799559,-0.0022480161547791,0.0300122380690682,0.0481464856425304,-0.0876465396936674
5.24464437882204,1.57075821155195,-1.49525251792169,-32.4947324466291,-0.0376230836131337,0.0155123031169846,0.0507478027495075,-0.0861664697901515
5.32835639368992,1.57114761368378,-1.34777231495558,-32.5350682430225,0.0897053619983437,0.0412856943498974,0.0577748409677638,-0.0816214907432449
5.36045776459413,1.57221846635069,-1.33891201810509,-32.5759204233237,-0.051504490003484,0.038872925581876,0.0603647868539755,-0.0797251058831163
5.36384391888499,1.57262713824795,-1.3535913637303,-32.6840694749552,-0.0753137474004371,-0.0286288069049743,0.0606344017752266,-0.0795202447264871
5.39670483970413,1.5726848498571,-1.30734477580071,-32.6733171174967,-0.0169677172627076,0.0882375277754626,0.0632143051922988,-0.0774851703170026
5.4210110110734,1.57309522641733,-1.20138433321165,-32.6831654184821,0.0408816272781012,0.0660776352796619,0.065078815310958,-0.0759259362650354
5.34563701757346,1.57340289788933,-1.01887058270918,-32.7983580969467,0.123337135596146,-0.0345817099290997,0.059176614906326,-0.0806109685354816
5.40386155021774,1.57249306556195,-1.01069940860515,-32.8796603112273,-0.0555960464233562,-0.0042714309131664,0.0637672205273864,-0.0770307833675062
5.41182208091173,1.57322971218093,-0.963546426137961,-32.8766652730745,-0.0172254170438446,0.0795157652560334,0.0643783995110312,-0.0765207271031716
5.43133745311127,1.57332984849945,-0.890191044104291,-32.7741851237914,0.00749600569920039,0.177730016717089,0.0658593763344702,-0.0752498674340003
5.41381776068563,1.57355780662548,-0.881942190240519,-32.7589749443607,-0.0562821282121573,0.091602275568428,0.064530982075929,-0.0763920961377297
5.33405351758825,1.57334035902608,-0.937596809621618,-32.7043539508578,-0.113893527976074,0.135912010999681,0.0582389085949753,-0.0812910174968066
5.32807974078359,1.57233913086187,-0.885415069904715,-32.7393501672348,-0.00557051821756405,0.0466412548201398,0.0577522579344668,-0.0816374711971826
5.33106781806909,1.57227270213465,-0.901959093949056,-32.7967139065648,-0.0745399628657495,0.0241007994597846,0.0579959388214084,-0.0814645387897302
5.25011844414668,1.57231751305743,-0.9044639685148,-32.8803875408103,-0.0537235955070141,0.00221374914194872,0.0512187209412702,-0.0858873833874352
5.2695524589449,1.57131383688109,-1.0372680415915,-32.9445457618032,-0.185682153770139,0.0207176211659883,0.0528780806934396,-0.084875842158874
5.30527456396694,1.57155860908679,-0.99084468120025,-33.1561708997811,-0.00945228481600324,-0.128691958413431,0.0558756452072526,-0.0829331795644736
5.33108434438785,1.57204190445681,-1.05582779976077,-33.0504562397213,-0.122980403682948,0.187178240379015,0.0579972851224239,-0.0814635803192339
5.36177604283477,1.57234631414469,-0.936388580615031,-33.1974842901248,0.058969384902583,-0.067382591357821,0.0604698342431601,-0.0796454590457281
5.36222224458499,1.57275863649556,-1.01147491033147,-33.2074774500526,-0.135591695881997,0.0696253094444064,0.0605053661655533,-0.0796184693722023
5.30895710861768,1.57276174345313,-1.05419853785033,-33.2761522915635,-0.0989042983044466,0.0140520116269311,0.0561806707855947,-0.0827268531377849
5.35061238495782,1.5721020349273,-0.93488233784333,-33.3768134580737,0.0597392500074467,-0.0203456198909322,0.05957694999955,-0.0803155466192637
5.40708718361122,1.57264629704799,-0.785002453225168,-33.5723407890414,0.085864523193957,-0.118702637660653,0.0640153614242049,-0.0768246933070899
5.38796447174242,1.57338559951521,-0.554894821420887,-33.6928507197068,0.167572981471658,-0.042475210778822,0.0625346503326234,-0.0780347198865769
5.35131986722318,1.5731778532592,-0.442329052250783,-33.8542892450327,0.0529320122604875,-0.0811651484388114,0.0596337569096164,-0.0802733768870152
5.36744293623338,1.57275276410556,-0.358699649295732,-33.9407157719434,0.0227091997533804,-0.00712502098637247,0.0609202032016703,-0.0793015059243341
5.32633776974293,1.57297034808476,-0.42170254497336,-33.9674687504264,-0.120612855949833,0.0549849715611939,0.057609960272205,-0.0817379500442418
5.34394795849578,1.57245917354241,-0.55025649594031,-34.0832609192269,-0.187594324836781,-0.035081362502271,0.0590403738698306,-0.0807108062982314
5.4417554575713,1.57268978133778,-0.444527303601378,-34.2175656251671,0.0390894507162334,-0.0597450329496576,0.0666397416226989,-0.0745596729905647
5.50123544542175,1.5739253458047,-0.487362899135276,-34.3284135497371,-0.113789684514332,-0.0403814981176573,0.0709540889804339,-0.0704664264522948
5.42611253953154,1.57466349821232,-0.539898726490023,-34.3497411079504,-0.118001132454626,0.0542653900568801,0.0654653050998786,-0.0755929482701913
5.42189756289431,1.57375038889252,-0.342700210531914,-34.5775237474729,0.13205241395405,-0.151914428830002,0.0651461020040597,-0.0758682106924675
5.50387763678931,1.57374145804786,-0.248340727203624,-34.6295846642773,0.0232194564521331,0.0182177896154934,0.0711400268761567,-0.070278706419937
5.4069969810773,1.57474885738104,-0.197158396618667,-34.6653259126675,-0.0128261007968229,0.0410892189521388,0.0640084313817798,-0.0768304673423505
5.36806731411357,1.57357732328755,-0.147834549982671,-34.8160147287564,-0.0116458587938211,-0.071425362847148,0.0609697054298166,-0.079263453241714
5.30179105571604,1.57312110129736,-0.114000853783436,-34.8421591158162,-0.0217527121566414,0.0569829321925643,0.0555864083558773,-0.0831273192524194
5.22838692015246,1.5722995100337,-0.146249610675219,-34.8913729824916,-0.0815890672273252,0.0377662102157688,0.0493403103355419,-0.0869800768911618
5.19757971879046,1.57138093840701,-0.233265556473216,-34.9529933189708,-0.133653655043645,0.0268382644385334,0.0466377092456472,-0.0884586009177088
5.20776782125323,1.57099459239986,-0.337318958806244,-35.0332981816314,-0.151589900861521,0.0076740058684861,0.0475364985284929,-0.0879788685290428
5.21856636106935,1.57112795428674,-0.260434038363503,-35.0387593105465,0.0284011686152639,0.0819992953277222,0.0484837518274778,-0.0874604242428056
5.26005438467923,1.57127070807165,-0.26738954429768,-35.15511809293,-0.0590250565582244,-0.030984536279667,0.0520695506240471,-0.085374246103903
5.24482270471097,1.57181202735369,-0.124604950019131,-35.3777055053856,0.0920214266236947,-0.136429993682449,0.0507631676548544,-0.0861574187731106
5.26665896224372,1.57166134239301,-0.155144900679564,-35.3812373747935,-0.0831722223712317,0.0814966197857248,0.0526322717107982,-0.0850284891936856
5.15074158828053,1.5719358391434,-0.179921572246996,-35.4366729849954,-0.0672215122689686,0.0351096022492492,0.0424448407015373,-0.0905452124511347
5.1220137983403,1.5704743608532,-0.190002856940924,-35.4844385611311,-0.0499078059612088,0.0439614547971012,0.0398265212672803,-0.0917270309328001
5.0286253471989,1.57011624700686,-0.100896042947392,-35.6164548012555,0.0580076372710392,-0.0369749795730281,0.0310991767224931,-0.0950412605513161
5.07031868315976,1.56896356117559,-0.121447137968394,-35.7888831853867,-0.0555846845325936,-0.0787659711474833,0.0350335895115912,-0.0936624129837222
5.05390513283211,1.56950993870304,-0.116608539402183,-35.9484365161405,-0.028653008242818,-0.0653285342650676,0.0334916068090295,-0.094224796488766
5.06197482948563,1.56932480539502,0.00905874654376426,-36.0391958404576,0.0914164123453558,0.00319214005466795,0.0342508736005911,-0.0939514643717507
5.05940734935747,1.56944992808378,0.0317761269206297,-36.1840586024006,-0.0112921620809234,-0.0508236688922328,0.0340095424577888,-0.0940390930507726
5.00745867029247,1.56943923396011,0.173299145456226,-36.3071128594607,0.112442365648532,-0.0273760692236547,0.0290806528870638,-0.0956781878364244
5.00600611619884,1.56881454393279,0.291970395714617,-36.4762898301881,0.0897296057446926,-0.0734566426207663,0.0289416445136986,-0.0957203281066394
4.95403967247405,1.56882960927274,0.410604235924495,-36.595580795642,0.0947032720332732,-0.0221965376697053,0.023930568176605,-0.0970944277842187
4.92807232595944,1.56820809935761,0.477191118305791,-36.6004604324999,0.0451853832881,0.092803400751333,0.0214014990931964,-0.0976830376092181
4.91409412694755,1.56789406176379,0.43110594928684,-36.723747286159,-0.0661191888513399,-0.025314214369577,0.0200340198323883,-0.0979726392895255
4.87749789701111,1.56773253139697,0.443103309185884,-36.7779194418772,-0.00443861683850866,0.0444678902504219,0.0164359767375525,-0.0986400459685752
4.82446839150915,1.56729206406806,0.418909868808739,-36.9140960648696,-0.0353779309148554,-0.0368040554931264,0.0111844905377112,-0.0993725674993449
4.78185390516462,1.56666368205307,0.360349471488301,-36.9202149999991,-0.0655013045733881,0.0936398930838931,0.00694090725295005,-0.0997588282133764
4.74395033300156,1.56614968905232,0.348355171891963,-36.9844542667128,-0.0151499109030828,0.0357109314716457,0.00315561130674491,-0.0999501981853
4.69151057477047,1.56571017715368,0.261830225289757,-37.0150968566761,-0.0844372577218169,0.0693356154373781,-0.00208768888038982,-0.0999782054006707
4.66807037524647,1.56509844509233,0.258902398732981,-37.0586468948337,0.00150258330134823,0.0563517709775505,-0.0044304098581242,-0.0999018091352156
4.68674640309643,1.56483707712213,0.0954207689324363,-36.9950793323373,-0.160917653080241,0.163534687209381,-0.00256397672030373,-0.0999671247129662
4.67684573103218,1.56502092066888,0.121296997872382,-37.089342657568,0.0294298055459792,0.0056735152902303,-0.00355357660603382,-0.0999368405209263
4.71664616766415,1.5649212544652,0.136550863487795,-37.2084009704658,0.0148281481733952,-0.0190592190786198,0.000425717442017747,-0.099999093819192
4.67155356222211,1.56539060021385,0.122574721298251,-37.3364786240461,-0.00989373518434888,-0.0281610185636216,-0.00408240700519454,-0.0999166350166174
4.63441275751963,1.56488584154025,0.196283716120774,-37.4268349265321,0.0814987175417947,0.00933983695753571,-0.00778972271927201,-0.0996961394435956
4.61282679641393,1.56448784076091,0.14317821755275,-37.6217052983171,-0.0431657207360396,-0.0953655939265812,-0.00993977783198438,-0.0995047778584063
4.59627053196471,1.5642604093801,0.241749953515309,-37.6950633720527,0.110157503684469,0.0259685087400512,-0.0115857677219103,-0.0993265824756593
4.57514396796009,1.56409937855254,0.368912713057291,-37.9707436102309,0.140844215118572,-0.176620570435476,-0.0136814555765893,-0.099059667742759
4.60083573907599,1.56391264460711,0.325407899150985,-37.9740993896187,-0.0323726117599534,0.0960226592967528,-0.0111322021463523,-0.0993784386845192
4.57355080506039,1.56418590869297,0.26688514202463,-37.9741967608328,-0.0446835007919364,0.0989403740354273,-0.0138392563344193,-0.0990377452495271
4.5104998807444,1.56388174557506,0.159436292597022,-37.9694925662461,-0.0873968075657827,0.102673146899024,-0.0200520418618252,-0.0979689523123097
4.50472030108064,1.56320142921223,0.153681125057162,-38.0879416819627,0.0148627556304763,-0.0205976913828665,-0.0206179231703362,-0.0978514243337424
4.52313169424029,1.56315041451067,0.162698670086831,-38.1987888301934,0.027830494509903,-0.012632724993318,-0.0188129494802338,-0.0982144232373951
4.51698326882644,1.56335147155367,0.219748429368928,-38.2155612315,0.0764662134204044,0.0813244962422417,-0.019416454138307,-0.0980968975487758
4.51652334245482,1.56329692348439,0.302068553646898,-38.3399919192765,0.101781693711239,-0.0263427307421356,-0.0194615694332699,-0.0980879570344597
4.44325097717306,1.5633140048724,0.2149417098231,-38.4325573635966,-0.0605367867959501,0.00383460167192928,-0.0265900570278471,-0.0964000459919799
4.42501496497245,1.56256621951641,0.108703188210307,-38.6447321750518,-0.0778950307712893,-0.11627566376914,-0.028343490841504,-0.0958991476860852
4.36602551033123,1.56238674119215,0.0600837309552993,-38.590273391637,-0.0146715081864492,0.148520129110262,-0.0339479490685585,-0.0940613456954479
4.32628471901753,1.56181671581146,0.159307635154296,-38.5839471294008,0.136882137725672,0.0989645774607752,-0.0376582335266753,-0.0926383152245894
4.34476451443501,1.56147282021256,0.0320568432886123,-38.6810514633179,-0.0913108280291106,-0.00378595952366778,-0.0359399638365733,-0.0933183743933948
4.40346697600068,1.56162364725184,0.0847558802612791,-38.6944598816367,0.0831022217705226,0.081857768516536,-0.0304031847978558,-0.095266186835348
4.474584868043,1.56217862468738,0.0784111101147396,-38.7072675348372,0.0172121404513259,0.0843781068834017,-0.0235569105978654,-0.0971857600838939
4.55896501622815,1.5628797571237,0.104994018235507,-38.8205820176746,0.041865184782572,-0.0144891216185377,-0.0152822766618044,-0.0988253612188292
4.56723755051245,1.56377722254992,0.108380451677791,-38.9733138226093,0.0178506603229023,-0.0537834035290543,-0.0144642268806185,-0.0989484014057124
4.6267000719397,1.56388114392492,0.137586788152982,-39.1533805938422,0.0377647448615299,-0.0804336760993034,-0.00855840838633881,-0.0996330951335581
4.66534220834189,1.56456139390962,0.126768717541863,-39.2782672377395,-0.0061151287692236,-0.0249972934237137,-0.00470294184189528,-0.0998893504735703
4.67963833142745,1.56501384035013,0.263731782562245,-39.4436259069549,0.140237544472336,-0.0654122946723195,-0.0032744794519545,-0.0999463745431455
4.68134563759997,1.56521452670884,0.275283577396765,-39.6344960760601,0.0146556305348158,-0.0909183496922825,-0.00310383570029525,-0.099951819412883
4.7152017536059,1.56525658816877,0.195377085390912,-39.6626487796605,-0.0801877689570771,0.071846900815242,0.000281276951224237,-0.0999996044156011
4.69312063191743,1.56564772721975,0.213459321221867,-39.8121231188908,0.0200089514508051,-0.0494929021186503,-0.00192671561985045,-0.099981437111697
4.65707379521465,1.5654062298746,0.186784071940259,-40.0302329914573,-0.0211465511952111,-0.118262822046822,-0.00552869808639656,-0.0998470505196297
4.62598167690871,1.56500629236547,0.177282706643705,-40.0940223086982,-0.000871383204366971,0.0358376038652122,-0.00862998209218739,-0.0996269211061374
4.69015746918896,1.56465454282323,0.2641078413562,-40.08318148716,0.0890481027081917,0.110816110551418,-0.00222296799569674,-0.0999752890132862
4.77426780881519,1.56540798674652,0.117573469463744,-40.1062223680818,-0.152718306601807,0.0767677306881938,0.00618393470935026,-0.0998086116099733
4.81187753968252,1.56640109921529,-0.0203892341956154,-40.2011266053178,-0.147895155457686,0.00460127216560435,0.00993245179832662,-0.0995055094016101
4.8431506889335,1.5668594738628,-0.0905078925324005,-40.2248263610236,-0.0831575969478775,0.075446530557961,0.0130389386110923,-0.0991462862637636
4.81833672420402,1.5672440283392,-0.0226494237440599,-40.2412664019222,0.0572835042085769,0.0829992376795761,0.0105749645797638,-0.0994392785781189
4.81877701371462,1.56694439719957,-0.0293841695899545,-40.3323681446196,-0.0173534914705393,0.00833287019650619,0.0106187456246447,-0.0994346128938967
4.87541940228942,1.56696082347164,-0.0483474977158906,-40.5119343843315,-0.0351942466933668,-0.0808922447464302,0.0162309185674306,-0.09867399496553
4.87563582917308,1.56769238263418,-0.0720644639893816,-40.6730220998551,-0.0399692401658507,-0.0624172356760755,0.0162522738923597,-0.0986704798474585
4.90454849994472,1.56771456890988,-0.162787796971423,-40.8774504670456,-0.10982124401285,-0.106268957074866,0.0190979110308088,-0.0981594101156854
4.93552475830765,1.56810144095663,-0.0766083778137119,-41.0092018408176,0.0640505448771085,-0.0342305404948224,0.0221288742806027,-0.0975208332771684
4.92433876341418,1.56852519404592,-0.109825334175543,-41.206660968124,-0.0542536014089934,-0.0996968668724294,0.0210366450471624,-0.0977622604339717
4.92442056341365,1.56840660272883,-0.0487596864773182,-41.328999853832,0.040021005768601,-0.0245783463986218,0.0210446419296237,-0.0977605393093447
4.95633469906752,1.5684308502875,-0.195259293532812,-41.3442891295986,-0.170652946307441,0.0817499750702291,0.0241533392519472,-0.0970392508368668
4.95145749270564,1.56883137768833,-0.0401732493481507,-41.4149385313623,0.131406270776803,0.0265064952850618,0.0236797734078583,-0.0971558970487767
4.94284678580944,1.56879242939142,-0.0749916843478279,-41.5064858216159,-0.0576607599383496,0.00580890210922758,0.0228423249386724,-0.0973561923628698
4.97007208197951,1.56869145419849,-0.078670805654601,-41.5254212370153,-0.0291632049557715,0.0777628859330102,0.0254840836489984,-0.096698301332396
4.89210611144415,1.56904622773043,-0.0388007356967111,-41.7989381031936,0.0219949432134907,-0.175127436645109,0.0178751267443992,-0.0983894295332159
4.99468075631069,1.56808409096811,-0.0835075507084322,-41.8422797907287,-0.0725625594728021,0.0527002694447953,0.027855744461081,-0.0960419569798479
4.96962097917081,1.56941318839566,-0.0668245886236565,-41.9262029895241,-0.00875749809744919,0.0127865886395384,0.0254404601822249,-0.0967097874349677
4.88294344714655,1.56910099797703,-0.145234711349095,-41.8773768984812,-0.0953830024281477,0.147375171985336,0.016972879702709,-0.0985490809424287
4.93982699890341,1.56796747856387,-0.163749803062198,-42.0333317035364,-0.0410633179928941,-0.0585300777441351,0.0225482262797914,-0.0974247273110648
4.91464001499776,1.56872162146783,-0.183695452561655,-42.0054270026751,-0.0400331484372181,0.125866389221705,0.0200874989377612,-0.0979616883604271
4.90670357490625,1.56838981717615,-0.0678572726828221,-41.9882578347561,0.096528772473446,0.115287192693556,0.0193094074053866,-0.0981180247745174
4.82343660980194,1.56829586034039,-0.140875099205239,-42.1323624416073,-0.0840997803276202,-0.0447205522959022,0.0110819538052033,-0.0993840545553427
4.84028144452027,1.56724578891928,-0.218758835286085,-42.3226444582598,-0.0906381464824018,-0.0910987266519876,0.0127544104015554,-0.0991832900004265
4.84960229942116,1.56747763906305,-0.128360679719733,-42.4719905035033,0.0767198395331319,-0.0502859439388201,0.0136783160332206,-0.0990601013046895
4.8468663329699,1.5676265879068,-0.123022814732374,-42.5680535585837,-0.00806937507559069,0.00303409883375383,0.0134072400629499,-0.0990971539141989
4.83522337896106,1.56760569246716,-0.180807246713197,-42.5634108507705,-0.0700370057840791,0.103889241431212,0.0122525738032554,-0.0992465336180351
4.82285357059233,1.56745067092055,-0.272841010448061,-42.6229804785449,-0.103057770859164,0.0398208711021177,0.0110240071243003,-0.0993904988765193
4.886601044647,1.5672919714379,-0.150864017567951,-42.7176241753131,0.104643774640595,0.00384264515528265,0.0173332182395146,-0.0984863419234432
4.9382249662068,1.5681343566553,-0.13390632918677,-42.9628586172594,-0.00543443143165789,-0.14777371667557,0.0223921198128387,-0.0974607252706826
4.88296390101782,1.56884196153748,-0.179959244157942,-43.0819566199804,-0.0630278103805462,-0.0205492689603679,0.0169748954093745,-0.0985487337607176
4.84539729203068,1.56813765698883,-0.0728892380663648,-43.1953799655655,0.0938083582192812,-0.0143066028232388,0.013261647872296,-0.0991167427618121
4.86562146130451,1.56768075009692,-0.0379472904688003,-43.3292608856841,0.0196785946158489,-0.0350526344117821,0.0152633529817157,-0.098828285706854
4.90636053466761,1.56796336876342,-0.00971997301628313,-43.44427050491,0.00895156961323695,-0.0168849763209107,0.0192757478392802,-0.0981246429050139
4.87238306929444,1.56851023316916,-0.106419074088496,-43.6210992794779,-0.112630338174402,-0.0781059520575771,0.0159312371021889,-0.0987228225102678
4.85801323902634,1.56808676083829,-0.135463243065472,-43.6976449050102,-0.0435551798898606,0.0223959257102335,0.0145110109128849,-0.0989415512425701
4.91578459270688,1.56790940402927,-0.229259457630499,-43.8098921731407,-0.113995825085258,-0.0143086356362858,0.020199610520231,-0.0979386324941847
4.88357197286951,1.56866863437746,-0.308033728142177,-43.8748922856247,-0.0958090874901338,0.0335382811020006,0.0170348169784554,-0.0985383935860055
4.84893025737927,1.56825072331336,-0.409011617559456,-44.0337457003019,-0.11458962981392,-0.0597841433395563,0.0136117403966404,-0.0990692713376578
4.83939204588531,1.56781446655583,-0.458388520478218,-44.0539743698905,-0.0620430948046496,0.0789659249370118,0.0126661918858883,-0.0991945945256588
4.83554946649341,1.5676890190838,-0.398663035463976,-44.2515955143934,0.0474405488057449,-0.0983786115728813,0.0122849362084969,-0.0992425329299548
4.84341182638077,1.56767419082155,-0.416796419384355,-44.371479257165,-0.0311982128946973,-0.0207408648434573,0.0130648289743186,-0.0991428779281286
4.85601188694126,1.56779193632627,-0.275502049916241,-44.4851662361756,0.126981404364185,-0.0147165842961268,0.0143129651039281,-0.0989703947144485
4.74210006457294,1.56798619115266,-0.391511558151483,-44.5924709621586,-0.118980179549764,-0.0073488601624816,0.00297067131452268,-0.0999558658205764
4.70047331730583,1.56652797198661,-0.41400808891283,-44.6798652414539,-0.0213049926502925,0.0125986216374114,-0.00119153811105479,-0.0999929009326657
4.73692053328259,1.5660151196472,-0.506394640632697,-45.0488104717166,-0.0948394609667756,-0.268975318608167,0.00245290924690909,-0.0999699116545895
4.6351702738676,1.56651291319822,-0.456884196720301,-45.2634160374835,0.0572246429484405,-0.114903554085886,-0.00771419903604444,-0.0997020116809701
4.62112605520196,1.5652813293887,-0.388622930319659,-45.3522421553707,0.0773748954980151,0.0107577250024391,-0.0091136290973739,-0.0995838428896751
4.61253065881056,1.56513050786728,-0.596885929825689,-45.5451566280109,-0.198293755003883,-0.0934126426868693,-0.00996924450214626,-0.099501829953305
4.58460124841568,1.5650243462474,-0.684542571954702,-45.6116949468397,-0.0749126194782394,0.0326463064246436,-0.0127440226507742,-0.0991846252534966
4.54617352742454,1.56468483053039,-0.717927519987372,-45.7419289790558,-0.0168398325848572,-0.0316122336377287,-0.0165451154478131,-0.0986217985782988
4.63038935309105,1.56424027947665,-0.743638738144412,-45.8584841481444,-0.0175204416801052,-0.0168911776940353,-0.00819077647693466,-0.09966399139461
4.62669319133899,1.56526402360947,-0.821961906719117,-45.8269662707151,-0.0697640746530234,0.131150913673483,-0.00855909392168139,-0.0996330362442089
4.67139852039617,1.56520467383465,-0.830338314115834,-45.9085663189131,-0.00427850918311579,0.018315952673877,-0.00409789821360106,-0.0999160008718872
4.72221574494021,1.56576850296939,-0.880698018347133,-46.1105505821852,-0.0513423648715194,-0.101989091498301,0.000982660640220432,-0.099995171773772
4.67287152421983,1.56643378126233,-0.825047238373428,-46.3207153112324,0.0596014971435129,-0.110242800353636,-0.00395071716980786,-0.0999219286935765
4.72008903899463,1.56584420940705,-0.876181623435673,-46.442551988139,-0.0519043833142045,-0.0218396414370392,0.000769998251959616,-0.0999970354695177
4.71291536881551,1.56645482841497,-0.978535074795602,-46.4310380107484,-0.102406090200581,0.111513963536356,5.26388406510537e-05,-0.0999999861457613
4.77469711951651,1.56634975907887,-0.874520022025592,-46.8325612739802,0.0977882697268014,-0.301717315648855,0.00622678304320844,-0.0998059475829613
4.81317696226093,1.56721961121135,-1.08624414215863,-46.8587252117687,-0.2217858632151,0.0733285811571827,0.0100617430820662,-0.0994925189456498
4.7727308912511,1.5677084336417,-1.0487528097411,-46.9701504823228,0.0314608025595968,-0.0116072726297463,0.00603052985792685,-0.0998179979243856
4.76112487901619,1.56719681588134,-0.983173999983835,-47.1148538719564,0.0607071489468867,-0.0448221255198813,0.0048716608103807,-0.0998812641136895
4.77758652898334,1.56707384497842,-1.00675480365819,-47.1364654788134,-0.0300959405733748,0.0781759324011304,0.00651513689902166,-0.0997875392581008
4.74820843096657,1.56729031907892,-1.03388608761418,-47.2560628983802,-0.0307124631043434,-0.0196615643600297,0.00358117914834822,-0.0999358552067647
4.6911886084641,1.56692130894593,-1.06946993437742,-47.3531928714274,-0.0334639683780946,0.00284755500595923,-0.00211987838513677,-0.0999775280532192
4.70198974533473,1.56619457144464,-1.02016111604759,-47.4799800269326,0.0503487230913294,-0.0267925626609711,-0.00103990476150036,-0.0999945928442484
4.68689193693809,1.56635742549679,-1.02739262089021,-47.7551495368744,-0.00468207674911653,-0.175202013142106,-0.00254942809350339,-0.0999674967996901
4.71217378183413,1.56620298081834,-0.991484508910157,-47.9333987179019,0.0359296318349386,-0.0782491833430301,-2.15198548897266e-05,-0.0999999976844792
4.68532582151375,1.56655949210802,-1.01082854228835,-48.0553084866006,-0.0166380478365352,-0.021946387191993,-0.00270598554166118,-0.0999633815066713
4.63903550838823,1.56622889102269,-0.899565730140147,-48.1821502659164,0.118591582861361,-0.027110695295645,-0.00732877071315438,-0.099731084020149
4.65725038099733,1.56567019477178,-0.912195296182513,-48.3781455225346,-0.00711849961164179,-0.0961472313658491,-0.00551106643072484,-0.0998480252523611
4.69332973092547,1.56592806592836,-0.987987139898799,-48.3830215078071,-0.0738860341577254,0.095105852527851,-0.00190580955856029,-0.099981837800305
4.65307135474148,1.56638337155804,-0.732592819486627,-48.5579755177602,0.261322605024198,-0.0751298874097889,-0.00592828461202595,-0.0998241225433954
4.59288517126255,1.56592180360262,-0.686568015851572,-48.7208937793415,0.0579467606334221,-0.0636314702073417,-0.0119219569983666,-0.0992867913739239
4.63581221914537,1.5651936231245,-0.694595066476671,-48.7577843529089,-0.000376856409728399,0.0628163696636238,-0.0076501942153709,-0.0997069432309862
4.60016561472031,1.56573612548447,-0.582173855255446,-48.9276960503095,0.123620006775235,-0.0705407409890801,-0.0111987955540094,-0.0993709564115164
4.68540207171985,1.56532583575546,-0.574582082449676,-48.9551625686534,0.0102901361111302,0.0724970692041412,-0.00269836330536004,-0.0999635875480281
4.67566473875164,1.56641232183178,-0.601637616743746,-48.8761357887696,-0.0233839355564383,0.178959353966004,-0.00367159873763215,-0.0999325740822772
4.63089608123957,1.56627223297873,-0.485037301239836,-48.9302688111888,0.124740588381586,0.0455351066767509,-0.00814027287767513,-0.0996681290959
4.6720636213665,1.56572332149706,-0.447285793810962,-48.9847490355432,0.0417829505118699,0.0454384799340044,-0.0040314430829967,-0.0999187042883792
4.64353120702503,1.56625922939348,-0.491754813024986,-49.1923606243239,-0.0375886819509104,-0.107848564773115,-0.00688033726311365,-0.0997630240076242
4.56241356397694,1.56592053546897,-0.516111457752673,-49.1917551151143,-0.00941526223934308,0.099482984345942,-0.014941382488344,-0.0988774751363373
4.58151383274125,1.56490326939789,-0.600122073585516,-49.2942345132873,-0.0709604302407205,-0.00333459167252448,-0.0130501855921222,-0.0991448065004474
4.59668581304201,1.56514278385627,-0.588249923376171,-49.3322286035575,0.0234166684832344,0.061337294990504,-0.0115445182738893,-0.0993313852607716
4.59866055352061,1.56533858607286,-0.419754549727087,-49.4362590435285,0.179843715833696,-0.00467645097369851,-0.0113483421846124,-0.0993539889972262
4.65891531983861,1.56539826624194,-0.288369717484311,-49.5032817081531,0.136729650256442,0.0328343978216669,-0.00534481801366606,-0.0998570624462826
4.6787223612188,1.56618533377714,-0.258189398169234,-49.571584437165,0.0335463452821281,0.0316406042784194,-0.00336602596705097,-0.0999433332903658
4.72344083995557,1.5664531035504,-0.445792547250461,-49.5676722510894,-0.188708312539887,0.103906078957761,0.00110516345865974,-0.0999938928821638
4.70813464639011,1.56701390901232,-0.476404707400236,-49.8314615243313,-0.0301867280336605,-0.163790178208367,-0.000425432116114406,-0.0999990950334781
4.68399952276551,1.56685170191646,-0.493175731213191,-50.0345253386611,-0.0139324593824077,-0.103104109688517,-0.00283856443054722,-0.0999597046412885
4.67861432507673,1.56656694010209,-0.64677148369884,-50.1171142962341,-0.150218929046108,0.0173540114815698,-0.00337682343954036,-0.0999429690546472
4.66922895717013,1.56649337781331,-0.712139301743691,-50.2820030302087,-0.0610531555645347,-0.0649818588974105,-0.00431466248031673,-0.0999068750771485
4.6993853841033,1.56638982476279,-0.571826828668721,-50.3310409201502,0.141612796056356,0.0509536555018375,-0.00130032298138529,-0.0999915454433228
4.68500871946592,1.56680553990421,-0.498755718118751,-50.3915306458847,0.075808794548035,0.0394727926727219,-0.0027376839980656,-0.0999625184072847
4.71098738677871,1.56663471035134,-0.581126106147186,-50.4574227977013,-0.0822302287137258,0.0341077499602166,-0.000140159314708507,-0.0999999017767843
4.63389161718942,1.56697683594724,-0.589128904322741,-50.4052343821611,-0.000161120837399498,0.151880481907246,-0.00784167733815553,-0.0996920663670097
4.69204351705282,1.56596613973844,-0.427298385501987,-50.5461004875214,0.163864924794214,-0.0408868015403412,-0.00203440597346034,-0.0999793038200164
4.7571740998611,1.5667580095995,-0.570269420068804,-50.5942849210232,-0.147448049567516,0.051715297912684,0.00447701500069842,-0.0998997314144714
4.78645358545744,1.56761170014681,-0.62921055808993,-50.7365428878684,-0.0663408289477673,-0.0425321197733541,0.00739969092664097,-0.0997258470718108
4.76583147198364,1.56802183842916,-0.715363747253403,-50.7106165497701,-0.0914948947350431,0.1257835670884,0.00534170557157024,-0.099857228990127
4.8308703682086,1.5677331964512,-0.70974114027136,-50.8318935028558,-0.00619783087259473,-0.0219780243456258,0.0118204378546385,-0.0992989287400656
4.77599776317749,1.56863119586439,-0.679688265693407,-50.9022192614261,0.0236962848651353,0.0294720057694851,0.0063565897128177,-0.0997977643398032
4.82759068844322,1.56790456483513,-0.559125905191801,-50.9485413755162,0.109067654322474,0.0530150477873279,0.0114947061791308,-0.0993371618773934
4.82856517355238,1.56861863211701,-0.644175070300861,-51.0855963687433,-0.0966406684000964,-0.0377290799342938,0.0115915032910367,-0.0993259132928255
4.87268140033224,1.56864860214573,-0.627044409675888,-51.1898548310816,0.00116997215007797,-0.0055403970036898,0.0159606884748949,-0.0987180653346051
4.85803583270442,1.56926882056053,-0.581769042778884,-51.2561680594967,0.0307621205342663,0.032627994945168,0.0145132463627383,-0.0989412233602075
4.98108573261376,1.56908378423478,-0.591868109768359,-51.3659742215501,-0.0366465848151157,-0.0133943925577245,0.0265475178256401,-0.0964117694957277
5.00187309965954,1.57078956651201,-0.736699152485746,-51.418766684853,-0.173376827470461,0.043046663220822,0.0285457847530742,-0.0958391265237281
4.94006951567104,1.57107826890354,-0.739263241466483,-51.5233002429993,-0.0251359417271705,-0.00711430202311303,0.0225718527464338,-0.0974192561231778
4.89900488434917,1.57024574335675,-0.906158709906513,-51.5408453354716,-0.18544893076658,0.0807186802808839,0.0185534623265493,-0.0982637727532243
4.99381865074488,1.56967310644623,-0.901850910099339,-51.5713461894447,-0.0234651360069421,0.0655650819057336,0.0277729358141169,-0.0960659358787752
4.97844085792134,1.57098748357091,-0.839369161983409,-51.7091569483614,0.0361893198968774,-0.0413291118622148,0.0262924282190524,-0.0964816470544838
4.93843287310156,1.57080355218996,-0.724643307872771,-51.6825932425986,0.0923134720251448,0.124019773451001,0.0224123820854926,-0.0974560676882352
4.95703059898772,1.57025290009587,-0.846995622104453,-51.7733915282258,-0.146573177236642,0.00622413340726635,0.0242208630049609,-0.0970224190344423
4.9064023277623,1.57051923708923,-0.974622670056424,-52.0098287965379,-0.146906896706908,-0.138313431085968,0.0192798487549371,-0.0981238372261641
4.95115189609336,1.56985538358315,-0.967249803875531,-52.134857369268,-0.0162772156087074,-0.0278654437595356,0.0236500817896004,-0.097163128970537
4.95145586279869,1.57049791844161,-0.933862395718132,-52.2564706869813,0.00970779310464459,-0.0244573820688638,0.0236796150527548,-0.0971559356444749
4.94916822095965,1.57052633660952,-0.854128606539112,-52.3105908862323,0.0562764938769979,0.0430896526011235,0.023457295302022,-0.0972098518521335
4.87465497654381,1.57050884183827,-0.81041127602214,-52.478376954598,0.0275618456266103,-0.0690996948991811,0.0161554848903614,-0.0986863734664381
4.84419718986245,1.56951241040317,-0.863812733031681,-52.56827957491,-0.0665441451424824,0.00922996640210605,0.0131426881329414,-0.0991325867141589
4.79736006250115,1.56910551805531,-0.962299529097491,-52.6868439294733,-0.106973682994446,-0.0189251416486018,0.0084868869286357,-0.0996392129146982
4.83358235438626,1.5684764695597,-0.86263494378075,-52.7820790991365,0.0875748939388703,0.00403133708697601,0.0120896913778708,-0.0992665067502017
4.84644574800179,1.56899779687599,-0.894038797444915,-53.0061107984271,-0.0447694137692092,-0.124928915257625,0.0133655601050449,-0.0991027840329344
4.83015133557796,1.56921293611405,-0.870056849425983,-53.1839980815599,0.0122329123837219,-0.0785798807820823,0.0117490356352097,-0.0993074023506937
4.79129524965934,1.56902200105604,-0.87612286461901,-53.3359159189703,-0.0139484565664694,-0.0522289858872953,0.00788244137344272,-0.0996888515230978
4.8392901142886,1.5685146856571,-0.786870402825851,-53.4374481467373,0.07659638103646,-0.00233634267151284,0.0126560807566991,-0.0991958850955014
4.91358319934018,1.56919933430505,-0.653451800903597,-53.3982255009655,0.113434641628777,0.137205508206975,0.0199839602934761,-0.0979828624351665
4.93160745692381,1.57022736006605,-0.655643642754008,-53.4837858336214,-0.0239385288265527,0.0120464376295706,0.021746686976142,-0.0976067702854761
4.96587918818774,1.57049274871094,-0.573870030825404,-53.5330814852541,0.0566951968082909,0.0475086514485585,0.025078415120313,-0.0968043030812848
4.98112255199965,1.57098054287897,-0.57197337774279,-53.5284242585815,-0.0246544145471755,0.101068018639647,0.0265510676297896,-0.0964107919670736
5.05894863441504,1.57119079640599,-0.544022946221762,-53.7089290213687,-0.00601597022298483,-0.0864500789454905,0.0339664017440132,-0.0940546838417115
5.00358191304933,1.57230083931167,-0.616278863261107,-53.7836239158696,-0.100965431217933,0.0210953127002325,0.0287095141785883,-0.0957902072010988
4.95051326486134,1.57154815170741,-0.578421627768003,-53.8305471305021,0.0142692099308873,0.0502549982039482,0.0235880255622165,-0.0971782128363978
4.86017686523896,1.57082304068204,-0.415374193660861,-54.0247015049562,0.148322384792521,-0.0952444511770043,0.0147250493146207,-0.0989099232771009
4.89931973209394,1.56961754424889,-0.211388130986361,-54.2219090399436,0.185401663140812,-0.098949608620283,0.0185843995336884,-0.0982579263671499
4.90087616268925,1.57020501896202,-0.210100865205811,-54.3679041590855,-0.0174500428240946,-0.047766237104877,0.0187373086046447,-0.0982288820370786
4.8203581505875,1.57025342306754,-0.293735910794942,-54.5149797595263,-0.0944109976077585,-0.0476579015230767,0.0107759520186273,-0.099417698917709
4.81096080129583,1.56916569109806,-0.426857601852699,-54.5740005716529,-0.142962918175043,0.0404937609209102,0.00984122711728668,-0.0995145730474988
4.81408189716719,1.56903840471928,-0.338173017998294,-54.6141389828267,0.0785328106511383,0.0593449618129973,0.0101517732032666,-0.0994833729867933
4.82717162928398,1.56909441414628,-0.213823430586313,-54.7672481233493,0.112896510388465,-0.0537671704057547,0.0114530770235154,-0.0993419701168314
4.83567072315407,1.56931002089421,-0.298260601298609,-54.9681266186634,-0.0967341406485874,-0.10163745274408,0.0122969699362917,-0.0992410425700271
4.81427844281378,1.56945847949086,-0.237750505023913,-55.2174871803402,0.0503387702437691,-0.149879185898369,0.0101713260309268,-0.0994813757784471
4.85056861370058,1.56921275716593,-0.156148333046308,-55.3237021731169,0.0678281391550237,-0.00716815527135639,0.0137740328225812,-0.0990468375053058
4.84558651385757,1.5697373762781,-0.17841982210724,-55.453561157118,-0.0355518917468405,-0.0307447524069422,0.013280402685909,-0.0991142315941566
4.95248201462256,1.56969120531726,-0.102820025219414,-55.5906481027761,0.0518204975791752,-0.0399553600415256,0.0237792993086502,-0.0971315856165729
4.94323601670156,1.57119979722082,-0.142927103193628,-55.7687392231716,-0.0629872952192218,-0.0807438263456949,0.0228802172450078,-0.0973472940498155
4.91607538346132,1.57110393016564,-0.0810786795992744,-55.8098084972711,0.0416203342797249,0.0568634803940026,0.0202280893146288,-0.0979327544934758
4.87812502186908,1.57073763585686,-0.0421021197357589,-55.8348053750056,0.0224787267372162,0.0736328414283397,0.0164978331262993,-0.0986297191628202
4.8304326205745,1.57021856036255,-0.0452243711744744,-55.9982533373384,-0.0148992202910844,-0.0641438687382211,0.0117769688523689,-0.0993040935946265
4.82700080252321,1.56958947102814,0.00951027516334513,-56.1064496366403,0.0432985397482959,-0.00885237414254936,0.0114361065895236,-0.0993439251593828
4.80173280908094,1.56956502541526,-0.0335553092177411,-56.1016652896463,-0.0519880858103386,0.104385496426404,0.00892250142925239,-0.0996011494323484
4.83641079823851,1.56921347230603,-0.0288606532261586,-56.2893303253153,-0.00767575639337159,-0.0884331209569063,0.0123704123849541,-0.0992319147120833
4.85637019573119,1.56972656102545,-0.0470173346056718,-56.5944666284964,-0.0325051075262652,-0.206171043280913,0.014348426146752,-0.0989652599001852
4.98128739797306,1.57005854465897,0.0272328580679793,-56.6837507800069,0.0476832324738361,0.00712226230997448,0.026566960199815,-0.096406413820562
4.94303849457127,1.57180968085231,0.0428425186423536,-56.6768518970105,-0.00725132797952477,0.104250694496428,0.0228609885538991,-0.0973518115000358
4.92761485596855,1.57127927239836,0.218414196939715,-56.7780182246713,0.154214868500372,-0.00347350972982674,0.0213568097969898,-0.0976928179309779
4.90115316667187,1.57109048317256,0.186900223667602,-56.8820876844244,-0.0502784909490739,-0.00584577179358892,0.018764517676961,-0.0982236879594277
4.93629370574796,1.57074278537191,0.166137400469328,-56.9806476694526,-0.042966679324431,-0.00105619652166589,0.0222038561261565,-0.0975037885065444
4.98369875082517,1.57124722276936,0.0493887602465055,-57.0853767550327,-0.143547992839892,-0.0083870142960073,0.0267993526170699,-0.0963420712840758
4.9753935844253,1.57192029227632,0.0750521936267754,-57.1788458001816,-0.000334867253860116,0.00309227404326273,0.0259983006341299,-0.0965613191921972
5.01089838263286,1.57182382957412,0.0476220716265788,-57.2308708263692,-0.0568397076462305,0.0435525667519638,0.0294095856460339,-0.0955775929396038
5.06882610288733,1.57232396269282,0.0804797618569166,-57.2780784107742,-0.00203606163943792,0.0465070146735919,0.0348937518697757,-0.0937145990785349
5.04865294758573,1.57312949484468,0.106488269706695,-57.4012952541872,-0.00698775320910383,-0.0288174432235849,0.0329962610588827,-0.0943994001894825
5.03799623481451,1.57287695253687,0.0907952459673995,-57.3449386073057,-0.0476814429442306,0.15110231188409,0.0319884192049347,-0.094745665002518
5.08946813228689,1.57271963134799,0.146437632943477,-57.2971536629601,0.0188217467050963,0.140759351845845,0.0368206402709815,-0.0929744075003169
5.14187255924308,1.57341501969547,0.262941211758038,-57.3381421632365,0.0748634450413469,0.0499295906591095,0.0416401337732142,-0.0909180909354614
5.10439763138493,1.57413130057151,0.345121947968557,-57.4291569528183,0.0439761895691909,0.00139956328574642,0.0382045466413273,-0.0924143528675641
5.15771562246983,1.57364256755895,0.353895390763398,-57.535831057212,-0.0343018260013209,-0.016427103234985,0.043075268796162,-0.0902470011586999
5.06290730204344,1.57438022553181,0.448060445422112,-57.8076670975954,0.0598265887991795,-0.177916554852417,0.0343384658595348,-0.0939194855310311
5.0940021445584,1.57315125267336,0.4919337238817,-57.8402391304132,0.00663147099359573,0.0602344743714979,0.0372418074659926,-0.0928065071892372
5.0366947237766,1.5735797599937,0.44950198537925,-57.9089817921104,-0.0742968181203203,0.0260445563278958,0.0318650796178699,-0.0947872180251473
4.98655785819796,1.57281269628832,0.357895510168661,-57.9511368373247,-0.118681170243185,0.0541100101739792,0.0270746950325957,-0.0962650553881934
5.01866057256008,1.57213104589403,0.403221929183187,-58.0897433615006,0.015175835372045,-0.0432600910700726,0.0301505836424813,-0.0953464331058994
4.98560440098011,1.5725997765012,0.591164115068187,-58.1762438710847,0.160959287756925,0.00979031660724416,0.0269828981280751,-0.0962908261913352
4.98317598435926,1.57216433038562,0.640894362622872,-58.2960536079568,0.0229812630013722,-0.0234536689501773,0.0267489845533127,-0.0963560679218836
5.04137095720616,1.57215444856044,0.81944077738684,-58.4166280717376,0.146238438002645,-0.0259372901248496,0.0323079767613228,-0.0946371736559679
5.02111374652763,1.57297473451384,0.875688471856195,-58.5953718274092,0.0258633003978889,-0.0834715740187106,0.0303843940714662,-0.095272181652935
4.99727085094833,1.57273292726273,0.921683479291331,-58.733625078648,0.0178905989307645,-0.0422837653454499,0.0281044085043714,-0.0959694858932745
5.01562549806022,1.5724338851732,0.954634250807702,-58.8991923345894,0.00308970982599377,-0.0701297528583734,0.0298610616903775,-0.0954375030830306
4.99274445569901,1.57271606522696,0.967313893979573,-59.024017311819,-0.0149900830861696,-0.0287292632315433,0.0276697262580406,-0.0960957139981024
4.98338561910221,1.57242738823021,0.994316771678429,-59.0556041129708,0.000233694153926489,0.0647636571364042,0.0267691835449298,-0.0963504582881569
5.00562243062212,1.57230560342712,1.08725229067046,-59.0547836190881,0.0640306031170456,0.0965519194349272,0.0289049158749891,-0.0957314255522177
5.01409259324509,1.57260981016312,1.09500130867767,-59.105297081608,-0.0219657120487327,0.0449697025810959,0.0297147300559393,-0.0954831651009887
4.95473887585533,1.57273474829883,1.18163203541658,-59.1067533101873,0.0626322756652805,0.095621443137994,0.0239984510736314,-0.0970776717173755
4.95224026223356,1.57192550777221,1.15758368926483,-59.0845223211506,-0.0478041629728815,0.119368320517327,0.0237558168211277,-0.0971373314805437
4.88855735502962,1.57188676496843,1.31741679696886,-59.2208946721824,0.142307252902571,-0.0379201067025605,0.0175258548014642,-0.0984522443293092
4.82864204224165,1.57104286335334,1.39073197050068,-59.4280229207472,0.0617160352222696,-0.10780322658903,0.0115991383095494,-0.0993250219757134
4.80301108557995,1.57026245432387,1.32311038098841,-59.5020308851805,-0.0766714014258044,0.0255816982045534,0.00904981191353166,-0.0995896626378948
4.82574870531187,1.56992254153137,1.26585165992548,-59.7076392200702,-0.0685704304688344,-0.106250168489993,0.0113117094059068,-0.0993581663997294
4.85883041615569,1.57026995819426,1.21415979835999,-59.8256787502931,-0.0662837203971314,-0.019109870080754,0.014591858831634,-0.0989296601421316
4.85141960828323,1.57074467536929,1.13879735728356,-59.9478925864433,-0.089220757223455,-0.0231787561352415,0.0138583161470332,-0.0990350800149567
4.83662104591209,1.57066336331464,1.15293334125669,-60.121868500891,0.00174470858252673,-0.0747466027792789,0.0123912753906023,-0.0992293116684493
4.91249003599319,1.57049264358585,1.1858059455506,-60.2234959695059,0.0129957671934259,-0.00362281899614114,0.0198768371004858,-0.0980046496186827
4.9774014573585,1.5715564624951,1.25774465661329,-60.3128667804162,0.045746580106386,0.00713811238677076,0.0261921309562993,-0.0965089232971131
4.96856965225914,1.57246349235366,1.29004133692175,-60.4898972486443,0.00695790776918159,-0.0802939880037311,0.0253387725392829,-0.0967364802243832
4.86903560549051,1.57237650471821,1.28365330843384,-60.4642819640334,-0.021988705873542,0.124390883141693,0.0156006773856305,-0.098775598530758
4.81135103369112,1.57100635479289,1.21671551825188,-60.5061354333157,-0.0768178503591568,0.0576572558225831,0.00988006017718978,-0.0995107251048605
4.80593378733373,1.57021877315667,1.28585495270542,-60.5554338290272,0.0597985907253223,0.0502643917064507,0.00934084372822618,-0.0995627874180151
4.7895372272057,1.57015588836351,1.23229884073991,-60.5410221756912,-0.0612632860089767,0.114114208309681,0.00770717404345965,-0.0997025549736005
4.8430215430561,1.56992600081762,1.24280991195961,-60.7157876190892,-0.00251506294855897,-0.0756174740358866,0.0130261341682612,-0.0991479693621128
4.73859877331068,1.57069457343137,1.16784143274216,-60.7597419507334,-0.0775891584386456,0.0560113226597564,0.00262067922120083,-0.0999656543039636
4.75072739980756,1.56926489563399,1.17269414627295,-60.809841981767,0.00101981070494284,0.0498264862474708,0.00383290282584293,-0.0999265172810883
4.77603252675993,1.56944057942191,1.15008912604261,-60.8247771703627,-0.0289650792671255,0.0848623547059435,0.0063600590367839,-0.0997975433016696
4.78322358734584,1.56978990319793,1.04826846297681,-60.8666459989871,-0.108898201654783,0.0578803991798118,0.00707753858897941,-0.0997492278041364
4.79181637055991,1.56989271406498,1.01947650564301,-60.85732301266,-0.0367263475786614,0.109007716609274,0.00793439024486826,-0.099684730282236
4.82477064376443,1.5700083258048,1.0422355965284,-61.0416327349593,0.0115445652763771,-0.0849405398765739,0.0112145256090061,-0.0993691824227459
4.80772693403754,1.57049848034254,1.03576695585458,-61.2400653308537,-0.0159879999732926,-0.0988867180362829,0.00951935929947922,-0.099545877858038
4.82181787545469,1.5703003020893,1.05522985636184,-61.3447080037904,0.00854183753349463,-0.00524080985802078,0.0109210629737592,-0.099401863078733
4.84155561048677,1.57051524050464,1.12803565708801,-61.5884007009358,0.0599250247396386,-0.144525738888137,0.0128807759865395,-0.0991669582571967
4.83787119744765,1.57083581918486,1.14480610680643,-61.5997979491208,0.00425513236680464,0.0878164949738046,0.012515317351614,-0.0992137431588406
4.91396467499498,1.57078750074937,1.10714475465378,-61.6232859470289,-0.0576826890677572,0.0744872340034863,0.0200213369151069,-0.0979752319115999
4.88735709860376,1.5718411928787,1.03400140834106,-61.7532803056029,-0.0905510205796538,-0.031521149645817,0.0174076742669326,-0.0984732089281972
4.81742156465445,1.57149808088063,1.08724451709892,-61.8516072450941,0.0427591513991449,0.00112197522438562,0.0104839573587173,-0.0994489147155493
4.84996271341266,1.57055117447147,1.20695167213503,-61.9008251306877,0.105993137245544,0.0498372794208477,0.0137140177905626,-0.0990551650144511
4.80134636230982,1.57101275237587,1.17868057786325,-62.1640656848141,-0.0371551044931484,-0.163635964059555,0.00888401022136457,-0.0996045900668573
4.76258016671031,1.57039065805493,1.24558583123193,-62.1214019842612,0.0618882417938244,0.142537769233665,0.00501701157485923,-0.0998740686808029
4.70853019513532,1.56985023034452,1.23815520644759,-62.1636078086001,-0.00704474721704329,0.0577934311509145,-0.000385877567301001,-0.0999992554897438
4.69698327782496,1.56911534177744,1.17996024441424,-62.2584944452969,-0.0566544527153664,0.00510149675430172,-0.00154050931798339,-0.0999881334511311
4.67529959043227,1.5689720502203,1.13416931097373,-62.4193694893391,-0.0420828447369814,-0.0609438173001986,-0.00370808870352503,-0.0999312267420289
4.69020881067801,1.5687028680372,1.10641735312743,-62.5025465944041,-0.025534122733739,0.0167982979470882,-0.00221783511256264,-0.0999754030120083
4.56932080607553,1.56892096327757,1.01032734969005,-62.6095914729447,-0.0818319426023721,-0.00806655919129962,-0.0142580608350078,-0.0989783193493667
4.48836646831942,1.56729421038712,0.929906152604239,-62.6134165885217,-0.0582058564640228,0.0936760569342441,-0.0222153406217855,-0.0975011725111962
4.47757321792902,1.56621562505759,0.733801921760842,-62.6244123032331,-0.172837850052636,0.0862600076132716,-0.0232663807907612,-0.0972557223247008
4.4624652184254,1.56605969104597,0.701164698532412,-62.7859776512135,-0.00790421417333451,-0.0646722199315588,-0.0247330090550956,-0.0968931280487969
4.44796434991749,1.56588763444424,0.71114543619292,-62.8821587778291,0.0361161316611356,0.000343176958279789,-0.0261353940006275,-0.0965243035739288
4.3930061892086,1.5657166929935,0.656711068186227,-62.8727659178196,-0.0230363055806174,0.104335799061832,-0.0313980624260753,-0.0949429390522975
4.35847387129829,1.5650055972552,0.613630657689476,-62.9098745565527,-0.00842311882429414,0.0566936647243144,-0.0346572916724572,-0.0938023034574857
4.21949934373434,1.56457321986964,0.480119243346626,-63.1377970569262,-0.0861940602301226,-0.139825576478384,-0.0473173541127271,-0.0880969238950532
4.19702110053354,1.56292242845206,0.433154342030387,-63.2321347621857,0.0023205965694881,-0.00732655828302353,-0.0492854978857277,-0.0870111469764417
4.11969278865981,1.56267278147291,0.496663546593939,-63.26509020141,0.119369141899874,0.0499883212448784,-0.0558599373363217,-0.0829437604692614
4.10427361494938,1.56183157079946,0.423408922797049,-63.2476201026876,-0.0161224531307885,0.0995427194615224,-0.0571321706661006,-0.0820726207390721
4.19273275335467,1.56165471985177,0.398476932941044,-63.3641189637519,0.0247261877152141,-0.0296998668287225,-0.0496581775712196,-0.0867989942355626
4.20987466296512,1.56263883849955,0.328956090335509,-63.4122846256885,-0.0213577884067028,0.0394717741865398,-0.0481630541988325,-0.0876374361231564
4.1831610415567,1.56283314278707,0.309162762667441,-63.5529683421023,0.0306933774083513,-0.0543640048148772,-0.0504867050764189,-0.0863197115989546
4.14098319650781,1.56254624801876,0.364331815758451,-63.680161003473,0.109250557685308,-0.0430785076222115,-0.0540815045942985,-0.084114153748444
4.17327852155492,1.56210157817558,0.168555866820603,-63.7955249128661,-0.144438666822253,-0.0295473406841118,-0.0513372821155945,-0.0858165687089846
4.11235591884157,1.5624515046265,0.188563370784664,-64.0002865696634,0.0764744799596065,-0.122229962146657,-0.0564669759955458,-0.0825316946507125
4.16134941469015,1.56181054587365,0.0590171836174801,-64.1163191563404,-0.0771888670087108,-0.0308345172984736,-0.0523573201584729,-0.0851980693784969
4.21024538509907,1.56234951746787,0.139214553984378,-64.3356050282569,0.128327932119499,-0.131630586705775,-0.0481305617526005,-0.0876552852107568
4.16697676800262,1.562953202153,0.134771102510698,-64.416786687825,0.0474336025770684,0.00430969240985668,-0.0518770540507484,-0.0854913519779383
4.15176477966487,1.5624673432424,0.171929773810835,-64.5146667130822,0.0903301664655948,-0.0131876873401076,-0.0531714951654586,-0.0846923379171317
4.15725227411434,1.56231525737816,0.0680014873985105,-64.5269067392528,-0.0512223382124865,0.0727428134169799,-0.0527059481998377,-0.0849828395875075
4.18276914290755,1.56236498784626,-0.00936624474074083,-64.6158328793589,-0.026847202362317,-0.00262622080691211,-0.0505205297769344,-0.0862999192992548
4.18546777296768,1.56265883287609,0.00685592658154548,-64.7553328349327,0.0665096258650893,-0.0530640144635393,-0.050287454542803,-0.0864359411101975
4.19359144235847,1.56271321965601,-0.0387056674442198,-64.7798746989155,0.00402203190507533,0.0622997391780582,-0.0495836259308406,-0.0868416031608726
4.19078255219585,1.56280528517173,-0.214082662578554,-64.9175076756197,-0.125549636603332,-0.0509309909032503,-0.0498273585310021,-0.0867019858009202
4.2297854557357,1.56277170924797,-0.349330579720824,-65.0447130185839,-0.0888392250392493,-0.0386263765145998,-0.0464086921030204,-0.0885789664496434
4.21775941241561,1.56323575360131,-0.30310299926533,-65.094694438984,0.0936981454645114,0.0380330412396526,-0.0474705650090177,-0.0880144616396909
4.20400955356524,1.56310582168368,-0.315180806858854,-65.2852054218923,0.0365984184184754,-0.10315753408557,-0.0486762260119995,-0.0873534488227497
4.25969526252255,1.56297167166063,-0.452640489996565,-65.5277517181037,-0.0937207327834914,-0.152619079964579,-0.0437389503542193,-0.089927216246869
4.28346672357255,1.56366537769476,-0.434650755643632,-65.5699874101045,0.0595788272399441,0.0487057581352334,-0.0415890928870115,-0.0909414501359833
4.27504445570388,1.56396824168408,-0.520681015331223,-65.5039857132212,-0.0436767176463641,0.156589651251189,-0.0423535420412272,-0.090587954367907
4.27546483927665,1.56384302958806,-0.469396647488124,-65.6067204159994,0.0935998244551331,-0.012128951681934,-0.0423154566120336,-0.0906057510962472
4.3586958322224,1.5638712364133,-0.465136154393925,-65.6505911470122,0.0388969634671428,0.0499392626983812,-0.0346364703729439,-0.0938099937112469
4.30953418860289,1.56493395343361,-0.602463420213484,-65.6082644090196,-0.0981226468949066,0.13432129139107,-0.0392046189246527,-0.0919945533984092
4.27512198696095,1.5642837686971,-0.514428046060165,-65.9107234220342,0.13038189266928,-0.211867775195603,-0.0423465185159613,-0.090591237818993
4.29005292058016,1.56391340384952,-0.526210669958179,-66.0841756888916,0.0292066129901152,-0.0822388771642466,-0.0409892368881288,-0.091213389693229
4.25301209871374,1.56412833580146,-0.577246478164676,-66.1505522053628,-0.00669684079856125,0.0232563791040135,-0.0443389674079353,-0.0896328955752186
4.21979085310487,1.56367330628498,-0.571651160426115,-66.1700630734738,0.0528869887623609,0.068599845492835,-0.0472916710238006,-0.0881107136038326
4.16938835895667,1.56327197814077,-0.482790463133998,-66.1210089951517,0.140531430519168,0.134670287814159,-0.0516707332270506,-0.0856162094920055
4.12745287830565,1.56267659442096,-0.490876049557098,-66.3033068426472,0.0471290244502988,-0.0989231106378051,-0.0552146108733993,-0.0833747368577503
4.09897497229866,1.56222165214235,-0.532010553034039,-66.419443644259,0.0164317366344697,-0.0343680545293236,-0.0575662401114101,-0.081768747082461
4.1143439454666,1.56191415001477,-0.602147383644585,-66.4260672641927,-0.0138340412990596,0.0760201694018883,-0.0563027893114863,-0.0826437893355961
4.12590209062005,1.56207756519957,-0.599736197386855,-66.4722214903577,0.0577550272005464,0.0371347843327885,-0.0553438409428163,-0.0832890104977616
4.10785486436077,1.56221566364251,-0.604018420318999,-66.6201536406854,0.0525556594679436,-0.0656554517777994,-0.056837882400088,-0.0822766985499161
4.0543477327562,1.5620339423286,-0.68734788426879,-66.5695827331072,-0.0221726361867578,0.129690073511367,-0.0611568277630334,-0.0791191659331838
4.09590550256365,1.56142697118363,-0.728706599845781,-66.6625982118392,0.0164582396506309,-0.0114238144015748,-0.0578169552276218,-0.0815916643304154
3.98719887897326,1.56188990898458,-0.787096025408691,-66.8436800849668,0.00793834658475923,-0.106244538581794,-0.066327772147669,-0.0748373345458462
4.02293538169747,1.56074923889081,-0.903298760912908,-66.8370028184369,-0.0525911677654791,0.0838366369901571,-0.0636115677387379,-0.0771593704602362
4.03452451184492,1.56110023805685,-0.950519653565615,-66.9368194008238,0.0154922133946969,-0.0219252071910909,-0.062713106047404,-0.0778913751957626
4.06430378058718,1.56123032664777,-0.987514440076808,-66.8961216918324,0.0233713090691452,0.120421823940285,-0.0603660955803385,-0.0797241149489001
4.0969446944442,1.56154035529753,-1.1008882579152,-66.962607884339,-0.0556416832094376,0.0151655106671627,-0.0577321346289565,-0.0816517031738104
4.14784779739292,1.5618967443452,-1.17628693593125,-67.1687602319069,-0.021895853210653,-0.121668930627974,-0.0535028248053943,-0.0844834169399136
4.14829536057478,1.5625044194106,-1.37806758507385,-67.2697101540924,-0.148315641361491,-0.0164425678134075,-0.0534650077811061,-0.0845073543720679
4.21854842534356,1.56250036288792,-1.43167191006874,-67.3216414082941,-0.00620321930294976,0.0361206349273204,-0.0474011056919482,-0.0880518891289719
4.12334293778195,1.5633502732979,-1.46594775498088,-67.4412103908901,0.0212809638750265,-0.0364218780319951,-0.0555568087871593,-0.0831471045640617
4.04226750719058,1.56222511774719,-1.52087790070509,-67.6212379260579,0.00717797385340635,-0.101652912473049,-0.0621081195776138,-0.0783746226946761
4.09772791961442,1.56133277752391,-1.74219770989592,-67.8137796743096,-0.163651643932101,-0.110844852865897,-0.0576681652587304,-0.0816968953858821
4.09309152191162,1.56195273820788,-1.83844121872348,-67.9326677218972,-0.0381971854494151,-0.0374594018768165,-0.0580463233781472,-0.0814286457107053
4.07006399757242,1.56190566292615,-1.82581943937062,-67.8675475010838,0.0725276477979052,0.145190733025032,-0.0599058684450458,-0.0800705122117054
4.05985958200476,1.56163552446825,-1.79255698615647,-67.9166080196815,0.0939822612853983,0.0303945310077167,-0.0607198080712484,-0.0794550496053634
4.02972812055119,1.56153358820613,-1.73936866156271,-67.951395289401,0.116274305354849,0.0428024140755364,-0.0630859807610897,-0.0775896837950215
4.05498777889539,1.56121476365083,-1.91473138932002,-67.9975109582857,-0.11425655243423,0.0330426240313413,-0.061106175323076,-0.0791582929160647
3.99791336885499,1.56147467317713,-1.86341760494444,-68.0753813504585,0.116835920813946,-0.00232669861373647,-0.0655221364383685,-0.0755436935591041
3.99724192130615,1.56087366822797,-1.97975261090626,-68.0251174140892,-0.0507621606694529,0.125763618224709,-0.0655728452923689,-0.0754996818553764
3.99665674121148,1.56084162917912,-1.94723792150928,-68.0947965042927,0.098131704370564,0.00578220680332797,-0.0656170149735809,-0.0754612970068556
3.95339090363416,1.56085065630117,-1.92713124389757,-68.1710379652327,0.0889261645510971,-0.00368887161747544,-0.0688194869393905,-0.0725525893224981
3.99864105115095,1.56041561268909,-1.95516710187868,-68.316144924498,0.0374312893060467,-0.0695156064127787,-0.065467147287156,-0.0755913528525705
3.96271979856725,1.56090353989582,-2.14694066616428,-68.4605036954299,-0.123633897610958,-0.0711673381992068,-0.0681396666746447,-0.0731914327327203
3.98364480881557,1.56051872776074,-2.18884356432101,-68.4310956736118,0.0246904316620302,0.104009150654418,-0.0665933298187581,-0.0746011288362992
3.97067687162113,1.56072654981965,-2.23224516849917,-68.4932550616861,0.0241535219444546,0.0115719141966393,-0.0675551261226092,-0.0737313022708697
4.03498982565773,1.5605930274752,-2.28655563050418,-68.4728434752152,0.00836639332169775,0.098332134507674,-0.0626768553267098,-0.0779205480367963
4.08350545303736,1.56127387138125,-2.26798910356094,-68.510622951321,0.0773907519758723,0.0430890007520792,-0.0588242250326329,-0.0808684768578596
4.05960126624844,1.56183099798781,-2.32211221789317,-68.6367990085856,0.00661721620419176,-0.0467366951930963,-0.0607403305364269,-0.079439362071492
4.125414105215,1.56157077869072,-2.24407277261593,-68.7486179820104,0.133423923450462,-0.0285569798294445,-0.0553844781732193,-0.0832619935953986
4.13913857922543,1.56236538271349,-2.36253081348339,-68.8675707724679,-0.064221469948645,-0.0349385394343973,-0.0542365709188181,-0.0840142510230735
4.12331630728904,1.5625354266746,-2.43810641897666,-68.8387744452081,-0.0200165824774242,0.111941952289111,-0.055559023015838,-0.0831456250293759
4.14749618700225,1.56233085396781,-2.46678807452105,-68.7562621265086,0.0248508712003489,0.166976918268379,-0.0535325267447442,-0.0844645995688327
4.17409554367712,1.56260420064455,-2.37697145740701,-68.9538874670108,0.141083768067885,-0.111766856745084,-0.0512671509538461,-0.0858584837571428
4.17527089151123,1.56297592416575,-2.41067478853358,-69.1483993314521,0.0174628708562834,-0.108593183267449,-0.0511662019828499,-0.0859186811738298
4.11767191366054,1.56302118264998,-2.40484822053183,-69.2824943639647,0.0618540101316951,-0.0512643272857283,-0.0560274421299497,-0.0828307052268368
4.09411500765418,1.56234393415946,-2.42948540359452,-69.3795365723657,0.0333257688696664,-0.0155541957655385,-0.0579629519323486,-0.0814880126355297
4.00939170171811,1.56207801244286,-2.48519773994626,-69.3140335180491,0.00893838717386997,0.141793839786573,-0.0646507235256094,-0.076290785469906
3.98608637948874,1.56109529203437,-2.5210394481882,-69.5914872385937,0.0305692793392018,-0.202690221907342,-0.0664109875811511,-0.0747634986373444
3.99333771961703,1.56087972236767,-2.57486423123838,-69.561087496394,0.012042327722829,0.105642839679931,-0.0658671107730074,-0.07524309748021
3.91654561585871,1.56094561959678,-2.71232571948725,-69.6410526016678,-0.0660160936166503,-0.00999685829096397,-0.0714453946322157,-0.0699682469828061
3.84416882274903,1.56012997482677,-2.77546022276897,-69.6599972927415,0.0131835004572656,0.0456738999454409,-0.0763180037389895,-0.0646185910191145
3.85337623693263,1.55941775603251,-2.88746741057383,-69.6605866864173,-0.0362873807536526,0.0647291398359606,-0.0757198070512092,-0.0653185335117656
3.83085658280983,1.55948539580232,-2.96281561417145,-69.5742663560787,0.0018232306468231,0.149917262156473,-0.0771714342444382,-0.0635969318179451
3.83363183729916,1.55925087802019,-2.95894136239225,-69.760165065578,0.0808688913912174,-0.122087852499751,-0.0769946396120194,-0.0638108569995361
3.81363615313491,1.55930197170609,-3.20110717972705,-69.9351544487671,-0.163910712774209,-0.112730740333575,-0.0782551045605893,-0.0622586428555204
3.74420257175013,1.55909995738564,-3.33562640921128,-70.0232287092227,-0.0521333159861495,-0.0313947998275721,-0.0823859134980811,-0.0566794606280503
3.76442939011262,1.55848350624281,-3.49256496188525,-70.1511157911501,-0.0757158586195449,-0.069552924090416,-0.0812226940544251,-0.0583341578369077
3.77613672948432,1.55864117285883,-3.56740855643091,-70.1475406884555,0.00569061112613023,0.0628561428070256,-0.0805342056717878,-0.0592810401124523
3.77797950147062,1.55872845023864,-3.74929364748316,-70.1690704757037,-0.101460263498009,0.0378995583048696,-0.0804248275542422,-0.0594293455531053
3.76915666738191,1.55871440978693,-3.83197238546508,-70.2372635005927,-0.00173271218497151,-0.00947555808669631,-0.0809460257969509,-0.0587174668023014
3.79493127957262,1.55863107948428,-4.03085936186801,-70.3048740965999,-0.119481088952475,-0.00682651060477757,-0.0794058874504508,-0.0607840854024007
3.75791900103223,1.55883247314092,-4.00556478154505,-70.4052931843024,0.10689532844615,-0.0426149537176987,-0.0816007481231953,-0.0578041339848185
3.75046926694899,1.55852354613622,-4.21668153846227,-70.4491592234098,-0.12908765170073,0.0133285926108622,-0.0820291052164908,-0.0571946317182118
3.72102757991604,1.55842605583527,-4.31800312804553,-70.4233151116752,-0.0176443705579276,0.0805992303645697,-0.0836772190253261,-0.0547551186300204
3.74281377379731,1.55815715023001,-4.34053971249,-70.3818146772091,0.0599279658958861,0.0980654230824327,-0.0824645503403595,-0.0565649886163014
3.78905997429227,1.55832913245908,-4.53426246945388,-70.5441291274819,-0.113961358287166,-0.10199762607642,-0.0797613986767145,-0.0603168241963567
3.87836409745267,1.55872032721964,-4.55659108364477,-70.7496291598992,0.0517355540676205,-0.138310010984205,-0.0740641682585125,-0.0671900214330577
3.88130610006403,1.55960637167996,-4.55150453488929,-70.6431936815828,0.0789527235541286,0.173843105634164,-0.0738661747986497,-0.0674076273177994
3.8982079656001,1.55962079500187,-4.63488674753183,-70.6777520847883,-0.0106658487893165,0.0340880127822669,-0.0727163638532233,-0.0686464159877676
3.8845094948007,1.55978593687706,-4.69315935496942,-70.720809064873,0.0153772554944733,0.0245869234845544,-0.0736498629320598,-0.0676439035692707
3.81601118504047,1.55964155920952,-4.82474382183203,-70.7701619111036,-0.0534774491358635,0.013091479226883,-0.0781070177267485,-0.0624443254574296
3.80160430108219,1.55894973100897,-4.88111151725387,-70.8764125321294,0.0226308135951492,-0.0449380156897838,-0.078998509016991,-0.0613126053360351
3.80374462443282,1.55881910499909,-5.00272471456219,-71.0041722403455,-0.0427460979374127,-0.0662781610916368,-0.0788670993709093,-0.0614815471244756
3.83301769197474,1.55883540197169,-5.10268921374858,-71.1429873644148,-0.0229306849575632,-0.0750515649986483,-0.0770338142288229,-0.0637635590706729
3.81335903735949,1.55911907917441,-5.20835848704559,-71.2083096161778,-0.0273969188892808,-0.00308529702170102,-0.0782723544077323,-0.0622369547412978
3.87765255728023,1.55891936277576,-5.5090053086596,-71.245027544891,-0.226534863709044,0.0304193760844844,-0.0741119579049639,-0.0671373047976523
3.9209266634928,1.55951465836707,-5.64797412920066,-71.4174321226482,-0.0678306447964553,-0.102123997567982,-0.0711381757445971,-0.0702805801892018
3.83169383334014,1.55998094314187,-5.72424934609717,-71.3599085434005,0.000842943741116431,0.121185100591962,-0.0771181606376279,-0.0636615213442863
3.8506061549486,1.55902828531087,-5.78880193977364,-71.3395498207767,0.0113478603239747,0.0854672557245217,-0.0759004540004493,-0.0651085331007057
3.82079889805307,1.55920325483567,-5.7593357725471,-71.3744831891923,0.107273325395425,0.027884193919135,-0.0778071581688787,-0.062817562334773
3.71336421234031,1.55891683155689,-5.83797903482673,-71.4646928361573,0.00545110418686928,-0.0360973791451646,-0.084094366466507,-0.0541122678197544
3.69420299918318,1.55793167816128,-5.88494793932497,-71.5272116326125,0.0381468179813307,-0.0100277135289222,-0.0851157224795697,-0.0524910829263493
3.70158917425345,1.55777008785048,-6.00660057569198,-71.6218122732105,-0.0369269404486334,-0.0414823155947828,-0.0847256959183729,-0.0531183250032172
3.76234245779551,1.55781980071736,-6.02614547351207,-71.7543456955031,0.0617993587111618,-0.0743688976286578,-0.0813442565312508,-0.0581645246639054
3.74601894039831,1.55836879166669,-6.1091652565395,-71.8296392990215,-0.000736956171589642,-0.0184645932806133,-0.0822828268558472,-0.0568290102378237
3.63314723265676,1.55821515802974,-6.33082741121802,-72.0084629977732,-0.133502137920826,-0.131624001239073,-0.0881600167576898,-0.0471996975126309
3.65221908059442,1.55725547613429,-6.3711263941089,-72.2165448125962,0.0469448700109323,-0.15920942864374,-0.0872438529018083,-0.0488723861791875
3.65624007329039,1.55742112920906,-6.37415801329494,-72.2630263752481,0.0840150134424312,0.00274123438405971,-0.0870466326284716,-0.0492227970359661
3.62459337956581,1.55745840548796,-6.5347982653113,-72.1703328357015,-0.0720797261478268,0.139137411670789,-0.0885605258685368,-0.0464438721241912
3.70568525525661,1.55716789782671,-6.59030336123761,-72.1321070204331,0.02900231288074,0.0916907370088433,-0.0845074088070523,-0.0534649217404995
3.72660808610368,1.55780769302248,-6.64989671044388,-72.1491923653845,0.02377700719004,0.0381358799024072,-0.0833703563963122,-0.0552212248537814
3.71148361745457,1.55798174816891,-6.74345268853894,-72.2402974858028,-0.00935999713999713,-0.0371510956285859,-0.0841959809550558,-0.0539540247897771
3.70400903399935,1.55784270247062,-6.89082781030224,-72.1987044738939,-0.0627782126808327,0.0949162054901211,-0.0845969090824707,-0.0533231935811442
3.74466506127007,1.55774228492972,-6.97574170631392,-72.109062899863,-0.00255420498023534,0.14635913121738,-0.0823596910314473,-0.0567175571865056
3.68320863776031,1.55807513588552,-7.043547013021,-72.155634330239,0.0178823659118653,0.00498070596337241,-0.085687672618937,-0.0515521363393397
3.7779662799525,1.55752784148378,-7.05974885265719,-72.2930270299325,0.0642237736571827,-0.0779644174839296,-0.0804256132933819,-0.0594282822095961
3.86756319230322,1.55840035717362,-7.18892221360812,-72.3131303066148,-0.0543878138584108,0.0462828811073515,-0.0747855470925091,-0.0663861577896635
3.83463686717679,1.55929381908273,-7.18111702902038,-72.3189421053469,0.0847356535071857,0.0580764079403877,-0.07693046891945,-0.0638882066725427
3.87630248932087,1.55894882604324,-7.23589497587878,-72.3731719142659,0.0194245834018076,0.0128073785443514,-0.0742025302602034,-0.0670371874632551
3.95394119092414,1.55939043698751,-7.26814749570364,-72.5599933925917,0.0365270319289549,-0.11423102950135,-0.0687795517538218,-0.0725904488245068
4.03845481306861,1.56029734333315,-7.41167481579666,-72.7368102393721,-0.08112083419714,-0.0986795924254467,-0.0624064858958736,-0.078137254354937
4.02741669303529,1.5613419955317,-7.33084563608841,-72.8432075042283,0.144094334715141,-0.0289536068721075,-0.0632651550068973,-0.0774436579840677
4.03211660339362,1.56123622732161,-7.35543158115199,-72.8562428083364,0.0383145342972723,0.064704838007569,-0.062900479360849,-0.0777401421157397
4.05925457843271,1.56129441026859,-7.57462911832986,-73.0854082626582,-0.158429669633339,-0.149747154956363,-0.0607678675445298,-0.0794182993653886
4.08020519019281,1.56165734991491,-7.66949740211546,-73.1041798782299,-0.0357774923566135,0.0619022858357423,-0.0590907914289849,-0.0806739014074329
3.97150691761468,1.56192150743035,-7.73990253933699,-73.2097973593866,-0.00291123473588745,-0.0318301304300546,-0.0674939024856469,-0.0737873507266522
3.93787979864347,1.56055902270583,-7.78390738021252,-73.2453781055401,0.0259316931435757,0.0358956919879942,-0.0699365340191016,-0.0714764381414956
3.92687713826239,1.56015696129919,-7.85157692942909,-73.3015389323708,0.00304916674489919,0.0145418125313441,-0.0707187159614676,-0.0707026393620582
3.95043208387589,1.56002765817064,-7.96176267753877,-73.3651767302004,-0.0411518926925363,0.00871084974752967,-0.0690338554171515,-0.0723486475771581
3.9471411552971,1.56030106815786,-8.1222961543678,-73.2943493694236,-0.091261901434969,0.142948431501163,-0.0692715753940619,-0.0721210707243369
3.95416756022906,1.56022202457369,-8.13711208751908,-73.340022657217,0.0539471845910064,0.0269327287503982,-0.0687631177422811,-0.0726060165438181
3.89822323808938,1.56031305210982,-8.23339178914671,-73.3185761352231,-0.0235643861845393,0.0900940485335373,-0.0727153154430912,-0.0686475265396485
3.88221602341038,1.55963549984598,-8.33412171734781,-73.3167193489864,-0.0269251197469381,0.0693315981967566,-0.0738048084541596,-0.0674748119600552
3.93215485042646,1.55943571233274,-8.4963374081799,-73.3231878535583,-0.0918711062240845,0.0646063814028535,-0.0703445846080074,-0.0710748859747724
3.96351747569687,1.55998808847389,-8.39970278778029,-73.4971279098571,0.164715882270212,-0.100694293403484,-0.068081261870609,-0.0732457628952389
3.89179996445167,1.56041651002083,-8.38432467325122,-73.5569046665949,0.0885328687323593,0.00840228650466823,-0.0731547542032816,-0.0681790432424616
3.89735542522824,1.55958165516133,-8.47065119287218,-73.5300507567552,-0.0135516583598493,0.0954383072520608,-0.0727748612611101,-0.0685843974124303
3.92478742181929,1.55962556000044,-8.51518368269898,-73.6278504818213,0.0263338200839295,-0.0272450220361891,-0.0708663099107309,-0.070554703029892
3.91171920478451,1.55995790674923,-8.57321948446907,-73.7644112197929,0.0137464549415328,-0.0669381294209854,-0.0717822567116305,-0.0696226085505677
3.89209490319155,1.55982109054488,-8.61428046150259,-73.775254547431,0.0320736653471339,0.0573572888096447,-0.0731346423806491,-0.0682006164477607
3.86276743423795,1.55958782612362,-8.81256870934435,-73.7946708821241,-0.123185190023794,0.0466104076647125,-0.0751030578179672,-0.0660267423578589
3.78460047204433,1.55922293092433,-8.9443292748758,-73.8537599737392,-0.0517309778457374,0.000871437859344626,-0.0800295876857102,-0.0599605294744402
3.8971665692463,1.55836535751423,-9.12535720861532,-74.0166121747353,-0.108240121202583,-0.0942815487744897,-0.0727878125369369,-0.0685706522215425
3.95306168043155,1.55960700886052,-9.0616081790887,-74.1065182083903,0.132592398731794,-0.0173761052359054,-0.0688433692051731,-0.0725299284191031
3.97191151162108,1.56030903253197,-9.16562075006079,-74.1117554230527,-0.036548527929738,0.0685774376525723,-0.0674640430423576,-0.0738146523149634
3.94662497976739,1.5605285549701,-9.1389487331591,-74.0829842928925,0.0959808101977293,0.100856434986044,-0.0693087932960321,-0.0720853048259345
3.90276440829484,1.56021251016639,-9.23017927170233,-74.3683354879014,-0.0188277119054541,-0.216374164811404,-0.0724028266377754,-0.0689770301974523
3.84958455504758,1.55972620158367,-9.30228244956135,-74.5766176667406,0.00386375139345585,-0.143251219597065,-0.0759669292524792,-0.0650309592421088
3.86404518518015,1.55913817717759,-9.40174756902455,-74.5968885941528,-0.0244464886629392,0.045851724023187,-0.0750186308002652,-0.0661226514354461
3.81441668081691,1.55928978030567,-9.37136704160537,-74.6740435785861,0.108587013553098,-0.0148352802733103,-0.0782064861339091,-0.062319704159974
3.86122596682726,1.55875296511177,-9.37317505856497,-74.6982272154842,0.0733967296626503,0.0417272581458326,-0.0752047466222518,-0.0659108950438614
3.88618917053351,1.55928249409445,-9.51893945558787,-74.7706776124149,-0.0722282577552625,-0.0046828809544035,-0.0735361392676446,-0.0677675159763848
3.87053759098227,1.55956299708117,-9.62810467576421,-74.7800292292933,-0.0345774625081141,0.0572566889552997,-0.0745877576682268,-0.0666083058336261
3.91647943156384,1.55936232428467,-9.65887902516414,-74.8913293914736,0.0406756758749023,-0.0413366439138554,-0.0714500252748241,-0.0699635182665008
3.85248058964395,1.55992861795104,-9.76361826229487,-75.0688210551915,-0.0289609580905135,-0.1122409746357,-0.0757782790402182,-0.0652506890822069
3.90944170378538,1.55918752733962,-9.82703795701981,-75.1911230460975,0.00852094124254965,-0.0528430469420029,-0.0719406359674959,-0.0694589439639866
3.90299519555811,1.55987869992892,-9.84321773584543,-75.3393661165579,0.0562071268640818,-0.0792493324497949,-0.0723869056897021,-0.0689937380105628
3.91877352207067,1.55982896311004,-9.8980467313728,-75.4098819395013,0.0164603392298099,-0.000388576099731086,-0.071289334757183,-0.0701272468437077
3.94876683799626,1.56002872273742,-9.78954341157199,-75.5668645054663,0.17765755773263,-0.0847489769909284,-0.0691542379318129,-0.0722335889740376
3.93651947279593,1.56045555672021,-9.74974734884202,-75.5086744411221,0.109829763257084,0.129571299907061,-0.0700337005271148,-0.0713812355628453
3.94369276200349,1.56029449166002,-9.82892786287412,-75.5132835775864,-0.00966064918249432,0.0672726302869691,-0.0695198648496112,-0.0718817667513243
3.88959464754531,1.56037352833745,-9.93990101748346,-75.6408436814275,-0.0376682220223756,-0.0595425556757829,-0.073304932586957,-0.0680175481653205
3.94682269995602,1.55971451950437,-10.0146788435347,-75.8400449220773,-0.00548328682998267,-0.12710223348533,-0.0692945392213033,-0.0720990071645045
3.98701183298262,1.56045718396913,-10.2906991287337,-75.9110317624774,-0.209678516188297,0.00383808649292061,-0.066341769010686,-0.0748249268929331
3.99397567048387,1.56095487211943,-10.2865644837871,-75.9355012068458,0.0699537409202481,0.0508156577780996,-0.0658190959736611,-0.075285102146507
3.96713262176409,1.56105352314898,-10.3445515472521,-75.9265198268614,0.00982895996463318,0.0824727874153457,-0.0678160234296258,-0.0734914074310218
3.99081246820997,1.56068938835077,-10.406571472897,-75.8374816615184,0.00403698265031038,0.164114692077335,-0.0660569082951456,-0.0750765267343044
3.99135422216013,1.56097162996248,-10.4089644478741,-75.8560815762049,0.0636232506213312,0.0565123876196918,-0.066016225598449,-0.0751123023061781
4.06608920320565,1.56098281321447,-10.3152002891344,-76.0212358446715,0.153987816942109,-0.0853225016521582,-0.0602236582023961,-0.0798317668144766
4.03852789062318,1.56205452214775,-10.4498904544966,-76.1320015031072,-0.0722893897124189,-0.0326238437759492,-0.0624007756497738,-0.0781418146596724
4.06263231175714,1.56168144306785,-10.4199104334204,-76.2323657362353,0.0904792886419391,-0.020741129546302,-0.0604992675658077,-0.0796231035818173
4.08739612547081,1.56204454846033,-10.4919299727186,-76.1822332547608,-0.0135103914457881,0.131229211480023,-0.0585091478524199,-0.081096730005492
4.12783035073904,1.56237329499687,-10.4370646436939,-76.2700692428242,0.110048464300465,-0.00444041515251015,-0.0551831352757028,-0.0833955729109375
4.12659694271814,1.56298346714874,-10.5888928558993,-76.3050102392773,-0.0965422581621872,0.0483864497187738,-0.0552859540432405,-0.0833274461718869
4.1200066073025,1.56295810294615,-10.804493277214,-76.3351905722152,-0.15976651602689,0.0527809533365617,-0.0558339052878158,-0.0829612862744498
4.06865218429975,1.5628463190233,-10.8798025748674,-76.418363222299,-0.0152904443366425,-0.00318679354306384,-0.0600188533167032,-0.0799858565406914
3.94301652630584,1.56211909633785,-10.8906649418271,-76.5133344494503,0.0587060910073465,-0.0231364886463163,-0.0695684579670604,-0.0718347385050252
4.00989062116108,1.56042890650506,-10.9548303483648,-76.5076506701504,0.000447245986819556,0.0820068107763345,-0.0646126525245491,-0.0763230314763629
4.02138832098617,1.56131173965063,-11.0140113056648,-76.536689762268,0.00454990449781278,0.0480217750881475,-0.0637308617978219,-0.0770608672057805
4.08015799871452,1.56146905571276,-11.0131777727342,-76.6239850142809,0.059928131414421,-0.00662413927706318,-0.0590945984838517,-0.0806711127358012
4.02696694946265,1.5623189502246,-11.1202979570231,-76.6914265410796,-0.0438202058939801,0.00997367025725571,-0.0632999783948446,-0.0774151970559541
4.00839546620486,1.56157046583763,-11.2545690486997,-76.6487546582147,-0.0695443966562294,0.11889822314001,-0.0647266950204154,-0.0762263402750921
4.03977422252812,1.56128502345364,-11.2986898615769,-76.9108812624202,0.0181825236962149,-0.183907078178973,-0.0623033365733629,-0.078219526026602
4.02230009204887,1.56178167656435,-11.3529095477414,-76.9838000745923,0.00944088728362891,0.00420013094988603,-0.0636605734481972,-0.0771189431219508
4.00556486029414,1.56154765855992,-11.4101526297066,-76.9622414418251,0.007699120190793,0.0976014521463733,-0.0649422021559768,-0.0760428193791645
3.95729592563432,1.56130218150494,-11.451437655954,-77.0360381865256,0.0272506172343565,-0.000975967634187835,-0.0685356434816985,-0.072820777066367
3.95353774709512,1.5606579510494,-11.4033871691106,-77.1806022056009,0.116859319167489,-0.072001324843372,-0.0688088323241335,-0.0725626942318798
3.9051935276965,1.56064955956415,-11.4721083449547,-77.2720985727355,0.00351388390540053,-0.0223436655027724,-0.0722350597495154,-0.069152701631852
3.85417358155459,1.56002730876375,-11.5882017535204,-77.2720930994573,-0.0404257069600793,0.0653843608011644,-0.0756677016055657,-0.0653788875228928
3.86852144068719,1.55936563633625,-11.7553609406625,-77.4489784615573,-0.0924372888038448,-0.110427571670878,-0.0747218983382883,-0.0664577904291326
3.78860618775918,1.55955698215267,-11.831972752542,-77.5244809699334,0.00317694954648395,-0.0152218850373842,-0.0797887614259926,-0.0602806233387316
3.74301941442773,1.5585928920222,-11.9768849889034,-77.7387682013217,-0.0624593198245352,-0.157705285906072,-0.0824529165368894,-0.0565819454822893
3.73878862971318,1.55809223305228,-11.8668465853197,-77.9153414452969,0.192729967503058,-0.120340644385764,-0.082691563919297,-0.0562325995893914
3.77721335155728,1.55810357786529,-12.0299545085485,-77.9036384275176,-0.0826375874951804,0.07107072842169,-0.0804703357336228,-0.0593677106423857
3.7520907939206,1.55850753694714,-12.2041827994855,-77.9133152946523,-0.0922920361594802,0.0476507017394554,-0.0819362547775919,-0.0573275688741599
3.73385684041165,1.55818869881367,-12.3732860939285,-77.9391870520439,-0.0861354099474809,0.0299523426220631,-0.0829678844954993,-0.0558241000137171
3.71210031694153,1.5579567276122,-12.5375721712584,-77.9244410863822,-0.0801233858027797,0.0687519038066757,-0.0841626915271239,-0.0540059381448946
3.67991484672457,1.55768121214565,-12.6379591990293,-77.8110148492528,-0.0145300183093774,0.164695857045293,-0.0858570094615486,-0.0512696199158874
3.55916456321997,1.55729280925733,-12.6471658037876,-77.7680149448415,0.0822010279373065,0.0835541234887229,-0.0914076326956037,-0.0405542190774967
3.58202713671948,1.55611885459574,-12.8695737679051,-77.9644578679301,-0.131951312685798,-0.153809670670122,-0.0904566514316434,-0.042633252418437
3.58639033077129,1.55630919498192,-13.0810810730731,-78.1927336951865,-0.121237531330698,-0.185248301980573,-0.0902697738373161,-0.0430275252758023
3.52264053141885,1.5563449583344,-13.1234204291998,-78.3007382458052,0.0504881885185035,-0.0708152113514215,-0.09282754464523,-0.0371893392672931
3.52395000892677,1.55578816825356,-13.2047926362139,-78.2793647526229,0.0114065594546636,0.0586843561117969,-0.0927787664687036,-0.0373108629295244
3.48202938898881,1.55577610491869,-13.2005360694991,-78.310032737151,0.0985174597152405,0.00272189493781494,-0.0942608930005245,-0.0333898794658451
3.53429960151489,1.55544071605232,-13.1649680455947,-78.3260920955419,0.127955676125224,0.0222097115889757,-0.0923876522208195,-0.0382690699798794
3.55723165141308,1.55588236436787,-13.2495293303119,-78.4547352087607,0.00692456490234794,-0.0882656526820973,-0.0914858496194952,-0.0403774605367786
3.47646598221527,1.55608860322229,-13.3446250855368,-78.485328251492,-0.000650560455094151,0.00227191101720625,-0.0944451947698349,-0.032864953748453
3.47838116225653,1.55539148535647,-13.403206302264,-78.4615899774245,0.0358008625692651,0.0567840469844596,-0.0943820792964356,-0.0330457729169911
3.47095939779871,1.55538806176992,-13.4026998310531,-78.4840219222807,0.0951312068059834,0.00991244281074821,-0.0946247355951381,-0.0323443876669541
3.51905428934934,1.55533412178566,-13.3478265867764,-78.6383109281247,0.147833561676117,-0.117432807057141,-0.0929603173993454,-0.0368561987868114
3.51447488570187,1.55576513366283,-13.5157686602547,-78.5193202049118,-0.0748139519885727,0.155420834217129,-0.0931281214897797,-0.0364301110042893
3.49933575672207,1.55566479831057,-13.5622191530507,-78.672927193682,0.0472184558123743,-0.118590877241169,-0.0936689486083369,-0.0350161115289626
3.54701540366716,1.55555480811466,-13.783147088056,-78.7683975719975,-0.129034360647416,-0.0560296507395344,-0.0918935743579408,-0.0394407275759666
3.50989503399223,1.55593201187544,-13.9177960585854,-78.7541982511601,-0.041354981798063,0.050202538285431,-0.0932939887312762,-0.0360032174480076
3.5060419397606,1.55557189524256,-13.9736481138638,-78.7974100606965,0.0375799643629715,-0.00756832898638726,-0.093432019641433,-0.0356434805500652
3.50085255664906,1.55553363135018,-14.0699725493897,-78.9587841408371,-0.00270870708378501,-0.126215931892206,-0.0936157284420798,-0.0351581482484327
3.57236583168923,1.55549607907984,-14.1321817656925,-79.0552690451799,0.0286550999612221,-0.054727557326113,-0.090864316264043,-0.0417573470166386
3.52338525845652,1.55614318137661,-14.1994441576117,-78.9820836056837,0.0255374310802207,0.110443899626512,-0.0927998229993955,-0.0372584601302961
3.51802931561512,1.55566346853823,-14.4165544584219,-79.0317352371366,-0.124112255612512,-0.0128907338931097,-0.0929980451977208,-0.0367608975598077
3.46546345344503,1.55557354788189,-14.5623729115469,-79.0018299018708,-0.0510173845555967,0.0617291847830634,-0.0948010685694081,-0.0318238495172784
3.48099906962835,1.55509101351417,-14.7378060662191,-79.0770724783051,-0.0811379094701281,-0.0419498334968704,-0.0942952452019975,-0.0332927429373904
3.4984329049101,1.55518689012014,-14.7395981580145,-79.0699711754617,0.0919084329916854,0.0420328309322633,-0.0937005247870679,-0.0349315280889353
3.52050860331784,1.55533185139064,-14.8400770233772,-79.138388538836,-0.007572246736125,-0.0314260101229165,-0.0929066186266465,-0.0369913532513054
3.47711834740956,1.55551329101628,-14.8760440063008,-79.1806073836934,0.0584567517988845,-0.0092922853488917,-0.0944237347224093,-0.0329265595085802
3.49242462029126,1.55513923116992,-14.9345570376326,-79.2535095737231,0.0353956794901578,-0.0385342684785819,-0.0939087108220356,-0.0343679215511106
3.45898779710512,1.55526701817404,-15.1486938271688,-79.1918718338224,-0.1191316297872,0.0928470273175008,-0.095005159749013,-0.0312092874168015
3.4505746359848,1.55492392745143,-15.1675186530409,-79.273076544901,0.0764395372694239,-0.0507958124590271,-0.0952643631414436,-0.0304088986195679
3.48580640477283,1.55486676907393,-15.2849040973448,-79.2892189226987,-0.0232513374603311,0.0176032875351575,-0.0941341068436119,-0.0337456653328314
3.42391726945426,1.55512950149863,-15.4122328191264,-79.2888681938958,-0.0312876796344617,0.028209627260904,-0.0960410421471254,-0.0278588984580166
3.41599005181869,1.55459911247711,-15.6513102636878,-79.3222769309807,-0.142818578807303,-0.0063120442289224,-0.0962588657541288,-0.0270966928559301
3.52296588434692,1.55448167430593,-15.7214681190045,-79.3615956429307,0.022657584755212,-0.00209917293816075,-0.0928154400719119,-0.0372195390118864
3.46999013047491,1.55536363214247,-15.8233696264479,-79.4232509942907,-0.0072454659440232,-0.0294026955363398,-0.0946560414993235,-0.0322526558236426
3.48308722290845,1.554883817599,-15.8477960639391,-79.3863143014623,0.0697990818292203,0.0704262659637478,-0.0942255193204817,-0.0334895731353137
3.46774895411844,1.5549816644028,-15.9142661218826,-79.5356224241926,0.0282580296625393,-0.117267688611794,-0.0947280876060115,-0.0320404341185917
3.44514310075571,1.55486329691074,-15.9703552924703,-79.6406764868745,0.0393389535248795,-0.0751630418166851,-0.0954281241125405,-0.0298910208651621
3.40712590701577,1.55468236467403,-15.9891073551739,-79.6585627009579,0.0777432072620736,0.00835617289348178,-0.0964952699656944,-0.0262423869769454
3.42641609675415,1.5543846797945,-16.2123241378278,-79.7173263878289,-0.127245654856926,-0.0306648856620519,-0.0959711277969624,-0.0280988012089325
3.36988269468676,1.55448330550155,-16.3314842005544,-79.6411573806276,-0.0217545823735072,0.0988002333540809,-0.0974054803531278,-0.0226312261527395
3.35755349985947,1.55401919753243,-16.4786514294402,-79.804776297814,-0.0494901339685019,-0.142190311806766,-0.0976770949173026,-0.0214286053796382
3.36271987053401,1.55392163517401,-16.4101112759247,-79.7560618057715,0.166105237241285,0.0706474452770426,-0.0975650837257446,-0.0219329532345384
3.34414365031328,1.55396773097358,-16.4831106099902,-79.7043146600115,0.024956324399195,0.0718640285884067,-0.0979556584647805,-0.0201168828283926
3.28301234052527,1.55381404967666,-16.5896276978834,-79.7458094922595,-0.00751539880850316,-0.0273999552220328,-0.0990016890846943,-0.0140948770259812
3.24350709910303,1.55342178990215,-16.7464236549214,-79.7264213799077,-0.0573148354016723,0.029561923731158,-0.0994811216363071,-0.0101738113793342
3.3250551614772,1.55316777593573,-16.9346352866718,-79.616812375085,-0.089889841241286,0.127852510820404,-0.0983217905090821,-0.0182435059977014
3.36174643388246,1.55354685556829,-17.0581945374632,-79.5703783991065,-0.0259728629538142,0.0682719454080087,-0.0975863878376236,-0.021837969429526
3.35200802260189,1.55374398805597,-17.1783366568089,-79.6668687692456,-0.0223476950882832,-0.0756037575805029,-0.0977944242573448,-0.0208866125586331
3.38950270470282,1.55365961344462,-17.25208893005,-79.712034813068,0.0231904634503631,-0.0206281995248021,-0.0969427366914609,-0.0245378442975352
3.51479037089743,1.55391287950384,-17.4034252422457,-79.7351969672331,-0.0582196885010355,0.0132973355693591,-0.0931166236947124,-0.0364594897344618
3.53258014210946,1.5549400505562,-17.4479124297821,-79.8728513406002,0.0479661301904564,-0.0995442166985145,-0.0924533177268181,-0.0381101566685841
3.52289760902041,1.55513202689199,-17.5913555969719,-80.0108435280207,-0.0506251861580672,-0.10077898549987,-0.0928179810317581,-0.037213201920665
3.52646256136267,1.55503193861189,-17.6612947841367,-80.0851830123006,0.022745541050744,-0.0367956278501882,-0.0926847282154999,-0.0375438564297664
3.56381905152574,1.55506609038923,-17.864498107664,-80.1160538866584,-0.111985439426227,0.010108359653197,-0.0912178841010753,-0.0409792340109328
3.68435810366649,1.55540240120298,-17.9864670892075,-80.1166383314418,-0.0363406229430511,0.0510661525352996,-0.0856283586005239,-0.0516505973187153
3.74712470760166,1.55674976163472,-18.0513186460392,-80.2884689856385,0.0173683800768358,-0.114910693069139,-0.0822199369084637,-0.0569199611276066
3.79016939309998,1.55758539356802,-18.0477965165949,-80.4135894634726,0.08321656242995,-0.0647152019792872,-0.079694432985695,-0.0604052758547511
3.88668679234791,1.5582038432306,-18.1051132108093,-80.331479324351,0.0161857133556063,0.149914239892981,-0.0735024075699951,-0.0678041007713717
3.91902091001025,1.55955688609954,-18.0877154751917,-80.4920257539773,0.0886697195583739,-0.09040154880706,-0.071271983940773,-0.0701448808192458
3.87953593995137,1.56009947041696,-18.2351439088038,-80.5687281984052,-0.0734430523112251,-0.00942567760788293,-0.0739853813009269,-0.0672767668200282
3.7981531279383,1.55950405050227,-18.3404002928243,-80.6014604459957,-0.0260467454658324,0.0283073556195217,-0.0792096385546619,-0.0610396032100457
3.72174111709756,1.55831744519095,-18.47822779578,-80.70115345116,-0.0541893750415406,-0.0448781936712163,-0.0836381279141081,-0.0548148114930927
3.67718138726265,1.55728478990615,-18.4577293928997,-80.7371919968808,0.106495234841937,0.0149961962944167,-0.0859968319616675,-0.0510347420151874
3.75405271782952,1.55673007041079,-18.577898484416,-80.9254302312939,-0.038345466686792,-0.130750023275841,-0.0818236248295016,-0.0574882111372495
3.70559853661089,1.55776177497165,-18.6484897148036,-81.0621248764199,0.0139208145073358,-0.0832370519545698,-0.0845120448949005,-0.0534575931714319
3.75483863630148,1.55714426327353,-18.7901660828771,-81.1283713377322,-0.0598979495563934,-0.00869396123779864,-0.0817784185171906,-0.0575525000745165
3.76699684419063,1.5577928764673,-18.842621946029,-81.0770619637998,0.0286167930931012,0.109851874813225,-0.0810726562449824,-0.058542500880838
3.83805436951915,1.55793493089035,-18.9479894085736,-81.2374767460457,-0.0286557805435242,-0.0962640391125632,-0.0767116820010722,-0.0641507431333915
3.85833936807374,1.55898502269878,-19.0443955128711,-81.1827644859536,-0.0210114129517617,0.12040579491012,-0.0753946913457419,-0.0656935348179737
3.87852082428871,1.55925474267295,-19.0678008189666,-81.3498645539579,0.0506483307740322,-0.0998984395537886,-0.0740536368694528,-0.0672016284505608
3.85614648970051,1.55961202181762,-19.1062654443123,-81.538603732362,0.0370739425406073,-0.123211132792344,-0.0755385678863095,-0.0655280456116723
3.83673831659893,1.55932739496599,-19.1275583977478,-81.5100192944563,0.0555030878818293,0.0926341688806847,-0.0767960413174101,-0.0640497309750372
3.84790162548247,1.55902377616309,-19.0950175340176,-81.7119681330079,0.108617127876286,-0.137045818332315,-0.0760762641460585,-0.0649030202192405
3.84666057697155,1.5592611573548,-19.2028453057762,-81.7922974055533,-0.0316710184230224,-0.0155207166180987,-0.0761567533356022,-0.0648085559272867
3.84285762789071,1.55925194861203,-19.1992224627885,-81.8611287310512,0.0800255086625686,-0.00431285777139023,-0.076402665674842,-0.0645184677265225
3.81741369387096,1.55921767573645,-19.2441320586172,-81.8446385168858,0.0331097663894104,0.0790440239540016,-0.0780193622181413,-0.0625538097886489
3.80451388446148,1.55882636826419,-19.3593257207027,-82.0259216632486,-0.0363738813418298,-0.119740948128357,-0.0788197807436354,-0.0615421982344248
3.81749682745456,1.55867616725032,-19.1961930975464,-81.9667866737601,0.241146784782467,0.121695285090195,-0.078014161626168,-0.0625602956016525
3.80203297659458,1.55887465309931,-19.3384564759434,-81.9457174072258,-0.0632911598502461,0.0824157309620664,-0.0789722185467978,-0.0613464644278447
3.81146403854565,1.55861756299305,-19.4398192143948,-82.0491166481811,-0.0229725856975392,-0.0413107238909673,-0.0783901527537844,-0.0620885170642555
3.79207438970053,1.5587727160024,-19.552086377599,-82.1529433685415,-0.0326879466000437,-0.0432697365792971,-0.0795792166041505,-0.0605569837811437
3.788122855683,1.55850309310268,-19.5284982265471,-82.5168939095737,0.103406038715883,-0.303708489200747,-0.0798178876639682,-0.0602420518314421
3.82924553933371,1.55856688080067,-19.7489875022917,-82.6859636894909,-0.143215484270111,-0.105597257112891,-0.0772737914745183,-0.063472522804381
3.85886720187013,1.55920000824519,-19.8239161928888,-82.8375642217859,0.000431314979537412,-0.0858672107640431,-0.0753600055766695,-0.0657333215308974
3.89253054650475,1.55969557031726,-19.8052252434469,-82.9433629859027,0.0917958737410791,-0.0375662935238057,-0.0731049242991445,-0.0682324705929395
3.89787618646483,1.56026432231319,-19.8693610208845,-82.83790931557,0.00860335786152655,0.174075956770325,-0.0727391352991277,-0.0686222864376814
3.83441590774776,1.56030546707853,-19.8860614743849,-82.8872541798112,0.0602441302425971,0.0145263423594318,-0.0769445837430122,-0.0638712066005848
3.90591725076376,1.5593260081396,-19.9759671904561,-82.9785784939247,-0.0177207226401033,-0.0221193524174341,-0.0721849934310888,-0.0692049616960639
3.88942664074438,1.5604703127644,-20.1297369438449,-83.1209056529343,-0.0804533944258102,-0.0743219275314554,-0.0733163589630147,-0.0680052314782206
3.91528336281291,1.56023573327036,-20.0782805660712,-83.3057379289981,0.12299003309903,-0.114954266963552,-0.0715336553252773,-0.0698780091001771
3.96856250893661,1.56072442402072,-20.1481795491397,-83.3387528130824,-0.00218811335143188,0.0405734174462155,-0.0677108697171185,-0.0735883015305518
3.98440741962701,1.56161239625236,-20.2312211903734,-83.4419004942368,-0.0165052224013136,-0.0284957892228572,-0.0665364188323615,-0.0746518919315818
4.00364236667683,1.56191029923341,-20.2599031402852,-83.3990916670413,0.0364063239764252,0.118726655156046,-0.0650882738882638,-0.0759178279605414
4.09319420905657,1.56222179470909,-20.3206492239451,-83.4429468267631,-0.00270812226292483,0.0375794461708467,-0.0580379613969776,-0.0814346058925992
4.21311867538835,1.5638081114305,-20.3328553333065,-83.4322995205848,0.0356723949800495,0.0984405224425458,-0.047878504341411,-0.0877932162642963
4.11813246714913,1.56599906529503,-20.366957256385,-83.5011699589507,0.0218873651405651,0.0139860617094132,-0.055989288219067,-0.0828565000752641
4.08042159812396,1.56427709214433,-20.4631732889005,-83.5544503198942,-0.0371427009421659,0.0274063262906885,-0.059073331573338,-0.0806866872341805
4.02824426352513,1.56361363214149,-20.5354566002772,-83.6961487222366,-0.00908226811279089,-0.06420241450855,-0.0632010432639458,-0.0774959878338798
4.0747761454838,1.56273718073992,-20.5615663010774,-83.7914039280419,0.0334181998604886,-0.0149032982801087,-0.059527900660618,-0.0803519075252081
4.03354916110171,1.56359528863543,-20.6767181490891,-83.9011658792451,-0.0523628003954821,-0.0319317803216512,-0.062789047616275,-0.0778301708814849
3.92646346020602,1.56289687306673,-20.7351931552387,-83.8959580033158,0.0122729518904789,0.0758812544615902,-0.0707479580400343,-0.0706733785322702
3.86606877780837,1.5610491688167,-20.719375220354,-83.935558478899,0.0907026068683405,0.0266738475131589,-0.0748846719837221,-0.0662743230964327
3.93730620910711,1.56007404770766,-20.8663969039637,-83.9288809710081,-0.0770441629605387,0.0781138194124948,-0.0699775206491346,-0.071436311521522
3.932785755295,1.56123035229314,-20.9162606265749,-83.983941629606,0.0204360065081746,0.0160585939694932,-0.0702997291193776,-0.0711192525673754
