X,Y,Theta,FmPi_x,FmPi_y,Xi_x,Xi_y
0,0,4.76974390318665,0,0,0,0
0.061521904107043,0.0298359336968455,6.88133194222005,0.0826380685387732,0.0563111856399866,-0.0211161644317302,-0.026475251943141
-0.037097877848269,-0.0576548431940659,10.0654744562872,-0.0801679619419048,-0.0597753952565879,-0.0184518200134072,-0.0277153816343236
0.000275453661618796,-0.175704450194694,11.5104281578604,0.0492407668160023,-0.0870364686977366,-0.0118674353061145,-0.0310131383028911
-0.0574334225407636,-0.290081141202166,10.5448431678763,-0.0435623752404768,-0.0900128849854724,-0.0141465009619055,-0.0243638060219996
-0.00454935616852655,-0.382500115998667,24.2891993455882,0.0664821205816265,-0.0747002519605528,-0.0135980542093894,-0.0177187228359488
-0.102927505031003,-0.465341158687562,28.9639974218921,-0.077146014090352,-0.0636277652442015,-0.0212321347721245,-0.0192132774446929
-0.106780588843573,-0.581101369629768,36.2007499543846,0.00723711138448405,-0.0997377772902954,-0.0110901951970544,-0.0160224336519114
-0.0946351006443283,-0.694296186886521,36.4038043969582,0.0272017415567723,-0.0962292328571654,-0.0150562533575272,-0.0169655843995868
-0.0231001879294845,-0.735721949138153,31.3123176061521,0.0994637394627044,-0.0103423658848094,-0.0279288267478605,-0.0310833963668231
0.0208234752335369,-0.828409716383737,30.6571948168113,0.0725709173463783,-0.068800159560172,-0.0286472541833569,-0.0238876076854121
-0.104039192265769,-0.824285346075142,27.9600221624821,-0.0951009394221759,0.0309161983597537,-0.0297617280771304,-0.0267918280511589
-0.0938012745084652,-0.750992472584475,20.0236295520155,0.0386397659810758,0.0922332287460853,-0.0284018482237716,-0.0189403552554177
-0.157485706674106,-0.86892954926967,23.2917279974245,-0.0266940476656081,-0.0963713018446168,-0.0369903845000328,-0.0215657748405783
-0.100951625064661,-0.944183448146946,24.6032247209968,0.0863051391125285,-0.0505116121576723,-0.0297710575030832,-0.0247422867196032
-0.208483825300966,-1.03653661719601,22.6357381105433,-0.0799346470287127,-0.0600870385723504,-0.0275975532075927,-0.0322661304767136
-0.331747391590698,-1.07324676361422,15.8453441858608,-0.0990578074430469,-0.013694918202612,-0.0242057588466852,-0.0230152282155954
-0.290077455850022,-1.16220271993298,18.1371293291346,0.0756777909916014,-0.0653672085271468,-0.034007855250925,-0.0235887477916114
-0.386548592594661,-1.26909087367691,16.6084552415688,-0.0621224516884316,-0.0783632630523926,-0.0343486850562075,-0.0285248906915373
-0.5041599068562,-1.25218268457841,15.3793819534001,-0.0946501106469508,0.032270056624059,-0.0229612036145882,-0.0153618675255591
-0.426733208161849,-1.29075184797527,18.6838845563285,0.098630785974912,-0.0164914540890459,-0.0212040872805611,-0.0220777093078147
-0.432622272885318,-1.21406330533179,13.94120628996,0.0194708890023837,0.0980861074844794,-0.0253599537258526,-0.0213975648410046
-0.46131806485434,-1.338343647494,10.9399445052431,-0.00556010940993073,-0.0998453062659913,-0.0231356825590914,-0.0244350358962149
-0.433735418583083,-1.28952153774107,13.5155424074919,0.0582356566197944,0.0812933471943517,-0.0306530103485368,-0.0324712374414204
-0.353867112157048,-1.29341567576241,6.59822941568917,0.095078271244635,0.0309858409137401,-0.0152099648186,-0.0348799789350815
-0.463329085682329,-1.36195146930581,9.8541221074062,-0.0909238960280159,-0.0416274564570855,-0.0185380774972653,-0.0269083370863159
-0.458883247361261,-1.48973885458102,5.00938900005781,0.0292652890464852,-0.0956218743647377,-0.0248194507254167,-0.0321655109104737
-0.436064038363205,-1.61468810551798,-1.0976934150776,0.0455650558421345,-0.0890158732255274,-0.0227458468440792,-0.0359333777114357
-0.5269752412706,-1.57746868396107,-3.96647588097238,-0.0678642736064442,0.0734468540365732,-0.023046929300951,-0.0362274324796628
-0.549674457293983,-1.51986675216947,-4.77305384046119,0.00606276568646854,0.0998160451642469,-0.0287619817098516,-0.0422141133726439
-0.60684982206672,-1.64478112592177,-1.8389245107464,-0.0264926968638678,-0.0964268479878878,-0.0306826679088688,-0.0284875257644132
-0.683084318925673,-1.58002903752602,-4.33128571866786,-0.0371944803605685,0.0928254848126703,-0.0390400164983846,-0.0280733964169234
-0.721764204378331,-1.703251219419,-14.2295554102002,-0.00922570928416758,-0.0995735220236988,-0.0294541761684904,-0.0236486598692738
-0.786496536507868,-1.64154363987693,-4.38824716366111,-0.0318495410369498,0.094792440287903,-0.0328827910925874,-0.0330848607458309
-0.90039783672611,-1.73710558326482,-2.4381035503158,-0.0762589794274275,-0.0646882373904807,-0.0376423207908146,-0.0308737059974157
-0.954324511799432,-1.66565493761981,1.65923048527759,-0.00883189355118997,0.0996092247550419,-0.0450947815221318,-0.0281585791100349
-0.902462676387564,-1.74223917974005,-0.476391182605132,0.0888655619972469,-0.0458575172781244,-0.0370037265853784,-0.0307267248421064
-0.832802103258836,-1.777387928241,-0.0807918924201987,0.0996738109924845,-0.0080704028545339,-0.0300132378637564,-0.0270783456464249
-0.767426827083653,-1.83346785241594,-0.323871180863255,0.0948010564442593,-0.0318238856372436,-0.0294257802690769,-0.0242560385376902
-0.898043660507258,-1.88657666285698,-2.8591520071914,-0.0960378090177655,-0.027870041963858,-0.0345790244058396,-0.0252387684771829
-0.903482935712277,-2.01111681495949,-1.33936255089618,0.0229373308139254,-0.0973338525649352,-0.0283766060189441,-0.0272062995375715
-1.0266594370277,-2.04418113432894,-3.05299824885021,-0.0996078081982394,-0.00884785544314329,-0.0235686931171839,-0.0242164639263096
-0.986702344740872,-1.98784338174339,-5.34169901709368,0.0588587108436662,0.0808433804205495,-0.0189016185568385,-0.0245056278350009
-0.907548936244377,-2.02572390645552,-6.44888173297078,0.0986303726585206,-0.0164939258286602,-0.0194769641620254,-0.0213865988834745
-0.924713725222454,-1.95410396934299,-11.0791286588442,0.0083457185062855,0.0996511363839562,-0.025510507484362,-0.0280311992714177
-0.992763937194061,-2.07033699699802,-8.29223683747107,-0.0424360209981771,-0.0905493463358089,-0.02561419097343,-0.0256836813192212
-0.913595639086698,-2.11532408310621,-12.6741299214276,0.0994199582034556,-0.0107550876715695,-0.0202516600960931,-0.0342319984366199
-0.98719931236847,-2.22634265498764,-8.43287196942638,-0.0547095406627856,-0.0837070257533202,-0.0188941326189866,-0.0273115461281142
-1.09866003113053,-2.22455327818653,-9.8393261821293,-0.0915298379697458,0.0402776459246575,-0.0199308807923093,-0.0384882691235442
-1.21024315839043,-2.2364483098013,-9.63026832619104,-0.097896104451566,0.0204047233063347,-0.0136870228083428,-0.0322997549211093
-1.28936310768395,-2.35298767952975,-2.17095006053684,-0.0564769348654575,-0.0825248800556709,-0.0226430144280545,-0.0340144896727737
-1.37858167956072,-2.46518711916342,-2.23017778782413,-0.061262809373648,-0.0790371317018024,-0.0279557625031264,-0.0331623079318715
-1.49303646473943,-2.50074848514606,-9.37592802642819,-0.0998807079209577,-0.0048830508095177,-0.0145740772577534,-0.0306783151731214
-1.4257977041015,-2.58475742007585,-19.3724160293074,0.0866394501400919,-0.0499360158545165,-0.0194006895021641,-0.0340729190752733
-1.50958392892305,-2.5436822341076,-22.9031462470333,-0.0612167356463326,0.0790728226181855,-0.0225694891752097,-0.037997636649939
-1.57721316244544,-2.50122570459864,-22.9998783465501,-0.0532935962021812,0.0846155576938359,-0.0143356373202108,-0.0421590281848767
-1.60462600437419,-2.43636548258301,-29.704887443977,-0.0139783500441043,0.0990182090832009,-0.0134344918846512,-0.0341579870675686
-1.71223166180287,-2.43486584207922,-28.667854362559,-0.0923564885260664,0.0383442176492697,-0.0152491689026111,-0.0368445771454744
-1.73134279572718,-2.36953286669818,-29.8344110227408,-0.00107189810892677,0.0999942550071957,-0.0180392358153814,-0.0346612796261596
-1.83971094402854,-2.34711070871898,-22.4999244618945,-0.0873341437841659,0.0487108543292626,-0.0210340045171911,-0.0262886963500586
-1.87589532252996,-2.27165282754718,-23.4612823633462,-0.0100492623331268,0.0994937803410846,-0.0261351161682921,-0.0240358991692891
-1.94034703947529,-2.20749604379401,-16.8782220114526,-0.0389913433015271,0.0920851516127462,-0.0254603736438046,-0.0279283678595756
-2.0494156237087,-2.20873867867183,-15.9586964158541,-0.0968730777634403,0.024811424881261,-0.0121955064699772,-0.0260540597590786
-1.99953283051351,-2.31287452883708,-13.4564016400511,0.0629387917082113,-0.0777091275096458,-0.013055998513017,-0.026426722655607
-2.07457780494211,-2.42912606297188,-8.44754972294943,-0.0559322345313265,-0.0828950248225591,-0.0191127398972686,-0.033356509312243
-2.02843729796213,-2.37390354618261,-17.9116442322266,0.059147316997286,0.0806324679767559,-0.0130068100173126,-0.0254099511874839
-2.14230794203314,-2.40105109104691,-21.9989441449196,-0.0999969614699696,0.00077954908339756,-0.0138736826010373,-0.0279270939476941
-2.06681554846989,-2.47349689498761,-19.3076210682306,0.0896909794196743,-0.0442213546913655,-0.0141985858564251,-0.0282244492493389
-2.0035166436426,-2.44318413204051,-30.7688099591268,0.0797825495301523,0.0602888446602586,-0.0164836447028658,-0.0299760817131569
-1.93125092603754,-2.51088952882933,-31.7291648254351,0.0951340710093921,-0.0308140963388502,-0.0228683534043259,-0.0368913004499709
-1.9280385988542,-2.63973027685799,-32.7459003570782,0.0238501476870289,-0.0971142134566661,-0.0206378205036959,-0.0317265345719986
-2.03999948805247,-2.69989819111815,-34.2651163491615,-0.095755401235899,-0.0288253904423167,-0.0162054879623696,-0.0313425238178411
-2.13150163006279,-2.77991412665589,-27.7217950511135,-0.0851194761301494,-0.0524849957924064,-0.00638266588016911,-0.0275309397453358
-2.24150109377186,-2.80435047518986,-22.024144443901,-0.0999455685708819,0.00329898818475359,-0.0100538951381874,-0.0277353367187168
-2.1758332428027,-2.90873343845494,-19.5412575444253,0.0770161752703396,-0.06378486299059,-0.0113483243011809,-0.040598100274496
-2.18608233295408,-2.84795017203418,-17.3974811982905,0.0118442906773011,0.0992960864201183,-0.0220933808286836,-0.0385128199993576
-2.2003765954414,-2.7755846208216,-17.2597187279016,-0.00190397163040896,0.0999818728171792,-0.0123902908569045,-0.027616321604599
-2.11464842957449,-2.84412963638575,-12.9552628575736,0.0925329648578324,-0.0379163607776269,-0.00680479899092812,-0.0306286547865193
-2.2181119710649,-2.9164076963857,-15.2573268358057,-0.0900170093963072,-0.0435538519461269,-0.0134465320941011,-0.0287242080538275
-2.29370677124265,-3.0316012624383,-14.6713419459744,-0.0509131148533612,-0.0860688952870226,-0.024681685324385,-0.0291246707655781
-2.27657307237156,-3.15089022944297,-7.51735400235795,0.033030588578911,-0.0943873943815101,-0.015896889707822,-0.0249015726231527
-2.37821569368371,-3.24447890346665,-8.72055136997954,-0.0762112519260895,-0.0647444598391099,-0.0254313693860615,-0.0288442141845739
-2.32472757053537,-3.32917968852983,-6.917497815218,0.0805479310957622,-0.0592623893898343,-0.0270598079474238,-0.0254383956733433
-2.335976986462,-3.46480633018557,-7.73084015761432,0.0122830496306801,-0.0992427664455715,-0.0235324655573068,-0.0363838752101691
-2.3789603590229,-3.59664476533481,-1.77788367789826,-0.0205610358972618,-0.0978633935791699,-0.0224223366636367,-0.0339750415700695
-2.3532541034126,-3.72441370638288,11.3681701019412,0.0364034359647483,-0.0931385518996321,-0.0106971803544567,-0.0346303891484432
-2.33139297241974,-3.66850252967907,13.8396504920489,0.0293146670920475,0.0956067481576611,-0.00745353609918231,-0.0396955714538514
-2.33092779705701,-3.60769894675033,20.2890951678185,0.0130880513000262,0.0991398149744485,-0.0126228759372995,-0.0383362320457001
-2.25157098605569,-3.69815664054152,24.597235152982,0.0860010500943459,-0.05102763352018,-0.00664423909302414,-0.039430060271012
-2.36259293943112,-3.72217425956516,28.1545419594852,-0.0992833523739457,0.0119505623880605,-0.0117386010014831,-0.0359681814116986
-2.4401592451573,-3.68386982354586,27.40020788049,-0.0641667444883375,0.0766982979065925,-0.0133995612378448,-0.0383938618872977
-2.37906110396492,-3.77782961584731,30.6989245269856,0.0753779176955698,-0.0657127805215995,-0.0142797765031928,-0.0282470117798521
-2.29284699739165,-3.77430679057923,31.8165879559519,0.0920803223449409,0.0390027465295943,-0.00586621577166202,-0.0354799212615129
-2.39790049152972,-3.82053288353724,28.3837467580736,-0.0994020380138127,-0.0109194706236396,-0.00565145612426443,-0.0353066223343723
-2.40704211787886,-3.95981694019401,36.0853405930977,-0.0042961696409662,-0.0999076720097913,-0.00484545670817016,-0.0393763846469719
-2.41559130724908,-3.8969525440719,39.2972430365913,-0.00273314627670594,0.0999626425792662,-0.00581604309351635,-0.0370982464571621
-2.5314567334814,-3.93853973423038,40.811625888284,-0.0999577247057278,0.00290745105787619,-0.0159077015265936,-0.0444946412163509
-2.63498699979956,-4.03679796120053,41.4002944604527,-0.0847472845360803,-0.0530838747997982,-0.0187829817820775,-0.0451743521703545
-2.55402918454865,-4.10593882517589,37.4680528868574,0.0973424430904915,-0.0229008465602132,-0.0163846278395834,-0.0462400174151507
-2.64907515820802,-4.08709788148853,33.8939006435587,-0.0787768472826313,0.061597145487506,-0.0162691263767352,-0.0427562018001439
-2.72634201522646,-4.20985596998195,29.2907905692347,-0.0526381944983942,-0.0850248227281258,-0.0246286625200476,-0.0377332657652918
-2.67527222868765,-4.18921446564089,32.1223706800085,0.0760674903658794,0.0649133030236241,-0.0249977038270734,-0.0442717986825643
-2.61220874710622,-4.26813604684575,37.3416191641098,0.0936777145516257,-0.0349926534630361,-0.0306142329701968,-0.0439289277418222
-2.73741067029921,-4.30803671465841,40.7866757845487,-0.099854080414698,0.00540024300703527,-0.0253478427782894,-0.0453009108196984
-2.69186728999044,-4.27149733357972,38.6611544147251,0.0571845533373987,0.0820361314275741,-0.0116411730286239,-0.0454967503488808
-2.61287600058077,-4.33454916232665,43.7195744945392,0.0965686455312926,-0.025971074299142,-0.0175773561216239,-0.0370807544477909
-2.64347248861354,-4.27767142633641,39.3700606726333,-0.00999851563675702,0.0994988928835971,-0.0205979723960152,-0.0426211568933597
-2.56130987397891,-4.29779340231446,50.4260357024449,0.0987138990292322,0.0159864360770796,-0.0165512843945992,-0.0361084120551309
-2.61107965649905,-4.43174989120777,48.3901110427719,-0.0299887846972015,-0.0953974464667944,-0.0197809978229411,-0.038559042426511
-2.71807144800331,-4.47606533175148,53.5199098313607,-0.0993640914058125,-0.0112595443556721,-0.00762770009844616,-0.0330558961880425
-2.6938881464997,-4.41681532602277,57.6438732578122,0.0457863791342761,0.0889022355499136,-0.0216030776306684,-0.0296522298211999
-2.81192356537751,-4.46322885988682,66.1501653859885,-0.0984425676115301,-0.0175801274753432,-0.0195928512662826,-0.0288334063887108
-2.8511319869721,-4.59914649286303,61.0455850052285,-0.0213808283166597,-0.0976875641035927,-0.0178275932779246,-0.0382300688726134
-2.88338483442579,-4.5319411285543,52.0013719134971,-0.0164344194695021,0.0986403054369787,-0.0158184279841862,-0.0314349411282451
-2.82788953058169,-4.48490825314541,51.0832413589304,0.0683858062507879,0.0729615069980719,-0.0128905024066883,-0.0259286315891885
-2.74547771986202,-4.49533502876016,50.4274661013839,0.0986909310694945,0.0161276199309223,-0.0162791203498305,-0.0265543955456695
-2.79595626415926,-4.61498181471213,54.7044535373202,-0.0270023945322294,-0.0962853607228317,-0.0234761497650067,-0.0233614252291359
-2.84840226787885,-4.54863670195827,58.5416625984644,-0.0409766898476897,0.0912190270126044,-0.0114693138719053,-0.0248739142587455
-2.75992011126406,-4.55913238318771,56.7926820812413,0.0970375937391797,0.0241599958880359,-0.00855543712438367,-0.0346556771174815
-2.87638254774897,-4.59863725553412,66.0046308353129,-0.0999513783865543,-0.00311800555288968,-0.0165110580983558,-0.0363868667935137
-2.96829755054132,-4.58063608645002,65.3821298837522,-0.0830207876952734,0.0557453927285147,-0.00889421509707677,-0.0377442236444141
-2.91859389589388,-4.53891377440553,63.6751531265647,0.0665001832770002,0.0746841725141639,-0.0167965286295608,-0.0329618604696815
-2.86594531178573,-4.49434128283498,63.6319442658628,0.0696641287830845,0.0717419623434836,-0.0170155446749369,-0.0271694707729253
-2.96616629391324,-4.57474986555566,66.5281756807832,-0.0850042707473035,-0.0526713769966109,-0.0152167113802011,-0.0277372057240708
-2.88663615776174,-4.62911621362244,68.9398697207103,0.098469716012306,-0.0174274217386225,-0.0189395798608079,-0.036938926328161
-3.00061233814466,-4.66347901098617,72.2090217370872,-0.0998866891545854,0.00475913119542151,-0.0140894912283387,-0.039121928559152
-3.08109455755045,-4.6315623164786,71.4479648955262,-0.0690463919125818,0.0723366833899244,-0.0114358274932012,-0.0404199888823564
-3.01526824721094,-4.60808317321307,76.1727739261381,0.071473566610123,0.0699394686570345,-0.00564725627061557,-0.0464603253915019
-3.12352464741022,-4.65625120423482,78.6223902124159,-0.0996592714468525,-0.00824800670965846,-0.00859712875243401,-0.0399200243120861
-3.05029198954195,-4.7440171713838,81.2391147298008,0.0903772065550128,-0.0428014080996474,-0.0171445486867383,-0.0449645590493333
-2.99195332983988,-4.71816789283518,76.1686175199314,0.071763645237237,0.06964179221031,-0.0134249855351629,-0.043792513661689
-2.94164126464521,-4.83930637044514,80.7584799365241,0.0603487198855105,-0.0797372686275382,-0.0100366546908441,-0.0414012089824229
-2.86038412860144,-4.86663888472045,81.7613849909706,0.0996803624157058,0.00798907683487522,-0.0184232263719317,-0.0353215911101916
-2.96038988369093,-4.96716373186936,79.1212695644025,-0.0835665365050902,-0.0549238925836782,-0.0164392185844058,-0.0456009545652236
-2.91568779289454,-4.92350798916667,82.6844715595174,0.053772271548489,0.0843121747585457,-0.00907018075209676,-0.0406564320558633
-2.85641994007988,-4.88295618009972,82.5620247466185,0.0636676438444311,0.0771131060669889,-0.0043997910297664,-0.0365612970000404
-2.7686867306284,-4.94920976852349,81.3495443970729,0.094543648989778,-0.0325806451086784,-0.0068104395383064,-0.0336729433150893
-2.74401302347594,-4.89621264167218,82.8582162209612,0.0383874934350945,0.0923385095600453,-0.0137137862826311,-0.0393413827087352
-2.76476125557709,-4.82550998762934,77.0192752844274,-0.00502341200940984,0.0998737469597678,-0.0157248200917377,-0.0291710929169273
-2.70890775362461,-4.91610679577683,80.9899231835239,0.0770299390841814,-0.0637682404076457,-0.021176437131702,-0.0268285677398428
-2.81521013052243,-4.98683728110274,79.0103079428589,-0.0891345540161818,-0.0453324528382964,-0.0171678228816408,-0.0253980324876162
-2.93669635000671,-4.97937559175389,84.5165208135388,-0.0953401222741116,0.0301705333853655,-0.0261460972101717,-0.0227088440365097
-2.91121289991377,-4.91751834589824,89.0034587540697,0.0507199230699507,0.0861828834733341,-0.0252364729770105,-0.0243256376176841
-2.8809336168448,-4.85023118151934,82.8082597421451,0.0429505908627394,0.0903064047813973,-0.0126713077937666,-0.0230192404025029
-2.87111298427309,-4.96956680745005,80.3140287503403,0.0202016154645945,-0.0979382189577729,-0.0103809828928809,-0.0213974069729312
-2.87354149433091,-5.09370961025699,80.3212623393337,0.0209095255885576,-0.0977895277607038,-0.0233380356463786,-0.0263532750462359
-2.80387324157686,-5.09620109297825,75.701720822522,0.095429717491139,0.0298859334731476,-0.0257614647370898,-0.0323774161944081
-2.78959858985981,-5.21638768940523,80.5626433342472,0.0436793144893466,-0.0899561975949448,-0.0294046627722953,-0.0302303988320416
-2.77554379290666,-5.33145604601601,80.5023412069721,0.038178658906008,-0.092425050739173,-0.0241238619528636,-0.0226433058716058
-2.77841297756952,-5.26053633500343,76.7195752162638,0.0246865977763565,0.0969049631867656,-0.0275557824392179,-0.0259852521741868
-2.76382396781439,-5.38523685681615,74.1723594995903,0.0338132815305548,-0.0941098400388368,-0.0192242717754203,-0.0305906817738757
-2.67188284623399,-5.40378216766159,69.2197832801735,0.0994519266572913,0.0104553471560131,-0.00751080507688684,-0.0290006580014568
-2.63991844445511,-5.33349274694047,64.0643434079795,0.033188957915148,0.094331824282723,-0.00122455613627359,-0.0240424035616025
-2.57606601249449,-5.28508381344324,63.638909618229,0.0691627348663079,0.0722254533098464,-0.00531030290568202,-0.0238165198126179
-2.57251779558789,-5.20989194239175,58.112347305677,0.000711672565845275,0.0999974675787293,0.0028365443407492,-0.0248055965272354
-2.63022736984227,-5.30955646429307,54.3667315131302,-0.057380142471168,-0.0818994459687516,-0.000329431783213874,-0.017765075932572
-2.5987199910516,-5.23555804609051,57.717891440524,0.0390866367540347,0.0920447436155816,-0.00757925796336334,-0.0180463254130174
-2.69503114947244,-5.21429202561288,53.0478003885721,-0.0936152074093095,0.0351595355730415,-0.00269595101152698,-0.0138935150954138
-2.72469601332443,-5.12932551898266,52.0685598782276,-0.0230197953049109,0.0973143824114401,-0.00664506854708513,-0.0123478757812219
-2.79088980846442,-5.24190713649986,54.4279101873161,-0.0522654193643752,-0.0852544775285498,-0.0139283757756092,-0.0273271399886506
-2.9063628826233,-5.27883016798498,47.2248623731978,-0.0994906599789333,-0.0100801079833643,-0.0159824141799438,-0.0268429235017562
-2.82600390864419,-5.25001846570002,44.506468765622,0.0865738841825675,0.0500496011726706,-0.00621491020346587,-0.021237898887712
-2.92777538497108,-5.30191869521473,41.1591693449747,-0.0949717206753802,-0.0313108970161756,-0.00679975565150137,-0.0205893324985347
-2.92401107216402,-5.23311941820529,45.3987421712083,0.0153739149547811,0.0988111468355831,-0.0116096021477246,-0.0300118698261409
-2.97850211644687,-5.17824908793167,46.0274250654021,-0.045674393144442,0.0889598213289964,-0.00881665113841246,-0.0340894910553713
-2.91959936461027,-5.13974329663026,51.0563156128152,0.0703253236784818,0.071093943831502,-0.011422571841877,-0.0325881525300948
-2.83775090185402,-5.14939332910106,56.7051750744669,0.0987777709845466,0.0155869162865676,-0.0169293082282951,-0.0252369487573674
-2.83297699099792,-5.2700496188429,61.3738260274335,0.0112530421539296,-0.0993648279940235,-0.00647913129783184,-0.0212914617478157
-2.92829942715598,-5.33589765410936,66.383261103971,-0.0917194399004138,-0.0398440001048385,-0.0036029962576456,-0.0260040351616198
-2.96365910334626,-5.26195951738297,64.6977153840395,-0.0290802984509344,0.095678295563856,-0.00627937773934795,-0.0217401588374679
-2.87308616651797,-5.29238045656722,56.3872626186851,0.0987002443511583,-0.0160705247276389,-0.00812730752287072,-0.0143504144566142
-2.9562611704383,-5.25299697746119,65.2220807024042,-0.0730757734916933,0.0682636896789995,-0.0100992304286383,-0.0288802105729671
-3.053042103012,-5.3082802720091,66.2431716686377,-0.0963843959722062,-0.0266467298757832,-0.000396536601492414,-0.0286365646721265
-3.0411809197934,-5.22692520031921,83.0656775138984,0.0185448054389163,0.0982654068898752,-0.00668362222031771,-0.0169103351999835
-3.14188522448364,-5.22378826712197,84.5568475422909,-0.0964789587517459,0.0263022911203361,-0.00422534593848534,-0.0231653579230997
-3.04028604662723,-5.27066666577835,81.4082421685618,0.0962921373337682,-0.0269782187643054,0.00530704052263387,-0.0199001798920762
-3.11201362918023,-5.35816530547994,79.1814345036884,-0.0801128348050109,-0.0598492581366305,0.00838525225201936,-0.0276493815649559
-3.10588562977777,-5.28923772793137,76.8953348495538,0.0073618502522404,0.0997286476438119,-0.00123385084978311,-0.030801070095241
-2.99677012808677,-5.3292006740809,75.3223338059676,0.0997121744828778,-0.00758170560600477,0.00940332720812354,-0.0323812405435282
-3.09304311389567,-5.36689495933358,72.2919090732728,-0.0999377794455917,-0.00352707236731348,0.0036647936366907,-0.0341672128853636
-3.01636433036461,-5.45707445230126,68.5183782872337,0.0827216862163583,-0.0561882783997015,-0.00604290268530372,-0.033991214567977
-3.02742518425145,-5.39111978636459,70.7801948430248,-0.0094220171723831,0.0995551384530368,-0.00163883671445753,-0.0336004725163725
-3.01771609315689,-5.51325195831256,74.1014602107197,0.0270616001880503,-0.0962687373723273,-0.0173525090934836,-0.0258634345756441
-3.11856607133086,-5.58633775784656,78.9742484200704,-0.0907109223296764,-0.0420895304095854,-0.0101390558442973,-0.0309962691244143
-3.15229205183526,-5.70777444886033,73.557123678999,-0.0267024102678999,-0.0963689850827783,-0.00702357023649602,-0.0250677059309892
-3.22819294789199,-5.65300376837302,71.3143437468704,-0.0587939367761642,0.080890500050132,-0.0171069592805675,-0.0261198195628243
-3.17802878114953,-5.75193825911087,61.9614408763532,0.064451143956471,-0.0764594666650393,-0.014286977214014,-0.0224750240728069
-3.14821362846612,-5.67887306839829,57.6933798981751,0.0413308281245594,0.0910591162187407,-0.0115156754411467,-0.0179939255061665
-3.06645443374997,-5.74659669716194,56.1075602128694,0.0904279358401617,-0.0426941262902475,-0.00866874112401561,-0.0250295024734006
-3.16397511859861,-5.72937998037178,59.3572382040821,-0.0945058697134831,0.0326900686707471,-0.00301481513515345,-0.0154733518805843
-3.21470996669457,-5.84282549088542,60.7864534503437,-0.0456985624027472,-0.0889474080247548,-0.00503628569320869,-0.024498102488888
-3.15123172408781,-5.80153370751374,57.29334650518,0.0735305669285922,0.0677735621548685,-0.0100523243218347,-0.026481778783185
-3.25568490804199,-5.83755438039008,53.5366176028351,-0.099162109862109,-0.0129180481379743,-0.00529107409207397,-0.0231026247383639
-3.17364409397807,-5.92916518482589,55.9474806595198,0.0824664743570192,-0.0565621835427443,-0.000425660293102315,-0.0350486208930656
-3.21416999605229,-5.86513296667143,52.2696958821403,-0.0419974387541169,0.0907535957309362,0.00147153667990452,-0.026721377576485
-3.28096663299305,-5.82062155967476,46.1942573447329,-0.0598128570004392,0.080140015831325,-0.00698377994032384,-0.0356286088346458
-3.26226558015764,-5.95512953500814,55.2106822190761,0.0230713382616331,-0.0973021754680609,-0.00437028542622686,-0.0372057998653226
-3.36989146186988,-5.9820268858334,59.5474613095029,-0.0989821521202673,0.0142314286577371,-0.00864372959197235,-0.0411287794830031
-3.47659466634129,-6.01404418794747,65.9379145447343,-0.0999368834007023,0.00355237049791135,-0.0067663210707094,-0.0355696726119792
-3.43828171227135,-6.12843232467818,61.7612948764616,0.0479634505026257,-0.0877468370705302,-0.00965049643268179,-0.0266412996601781
-3.54917944757281,-6.15222002537332,65.9891677863136,-0.0999876410945882,-0.00157214132310459,-0.0109100942068716,-0.0222155593720395
-3.62458841021415,-6.10518665580872,65.1653089865534,-0.069084677145711,0.0723001202189379,-0.00632428549563091,-0.0252667506543371
-3.68754765014734,-6.05071713306166,71.273784849266,-0.0554656546060288,0.0832079392794024,-0.00749358532715494,-0.0287384165323363
-3.62815258309964,-5.98913933021881,70.0388024661229,0.0602821158151095,0.0797876338341583,-0.000887048767414189,-0.0182098309913084
-3.56653724470138,-6.08466488653658,74.6549735286289,0.0736273120245527,-0.0676684485121327,-0.0120119736262949,-0.0278571078056356
-3.60375848319286,-6.20807191906053,79.825921747006,-0.0280860825199368,-0.0959748507093567,-0.00913515597154158,-0.0274321818146017
-3.72040514230778,-6.23294240644403,91.1240372214275,-0.099984068820846,-0.00178493193941007,-0.0166625902940689,-0.0230855554440881
-3.68865408450797,-6.3475861830494,93.104328296569,0.0414456046194431,-0.0910069330201211,-0.00969454681963988,-0.0236368435852503
-3.66468430133405,-6.47853387525002,92.9220644488691,0.0242635068066966,-0.0970117633972365,-0.000293723632775578,-0.033935928803376
-3.57131008749716,-6.5138433975375,88.0211790239834,0.0998399511644426,0.00565545325166084,-0.00646573732755051,-0.0409649755391488
-3.60136594739972,-6.44982470587469,89.8104234504096,-0.0271578526588824,0.0962416284097398,-0.00289800724368261,-0.0322229367469262
-3.56039890376489,-6.56988534632953,93.116952752403,0.0425911844160033,-0.0904764666089586,-0.00162414078116813,-0.0295841738458797
-3.56463017107001,-6.69976716908811,92.5661066057479,-0.0110649635152294,-0.099385947610347,0.00683369621011387,-0.0304958751482385
-3.55023696983732,-6.6273371323805,89.4355290526192,0.00996956819306755,0.0995017975216718,0.00442363303961946,-0.0270717608140547
-3.54994227671552,-6.75765771489305,98.9982251999237,0.00380474262424308,-0.099927593454277,-0.00351004950244826,-0.0303929890582788
-3.63767007316266,-6.7376769077126,96.8961484627012,-0.0880811073182434,0.0473467901086451,0.000353310871111123,-0.0273659829281945
-3.57581187897856,-6.68481224100191,95.1309045581754,0.0634739516299299,0.077272617818224,-0.00161575744583553,-0.0244079511075288
-3.66421006310081,-6.66081600288428,96.8127941951409,-0.083833305058941,0.0545158413939887,-0.00456487906330993,-0.0305196032763666
-3.77080261356724,-6.67908857596332,97.261831078736,-0.0991877642703273,0.0127195683517167,-0.00740478619609997,-0.0309921414307528
-3.73619345986758,-6.80067390237233,93.1465786913595,0.0452525529118739,-0.0891751448272334,-0.0106433992122099,-0.0324101815817741
-3.79476981539193,-6.7360189106643,102.54885181675,-0.0432343913633236,0.0901708789102278,-0.0153419641610353,-0.0255158872022001
-3.70139090432974,-6.74994829843893,106.974936788772,0.0987101663596995,0.0160094677375751,-0.00533125529750311,-0.0299388555122073
-3.75201099746635,-6.68795161070913,108.894453659274,-0.0487747020933103,0.0872985019098772,-0.00184539104330383,-0.0253018141800725
-3.8507620201085,-6.75493646314091,104.121711109397,-0.0900814960246757,-0.0434203186763564,-0.00866952661746812,-0.0235645337554269
-3.75746204049061,-6.75900313903051,100.780523045851,0.0969021647263483,0.024697580273129,-0.00360218510845911,-0.0287642561627219
-3.71648505807994,-6.87442767257311,105.737557905619,0.0474331054879114,-0.0880346551295152,-0.00645612307724175,-0.0273898784130928
-3.67129118164713,-6.99317685937631,105.811778780473,0.0538305289198761,-0.0842749912857093,-0.00863665248706846,-0.0344741955174834
-3.70669620058595,-7.12409882394305,104.876263301668,-0.0358901386164031,-0.0933375484469962,0.000485119677581913,-0.0375844161197492
-3.78167674664966,-7.08843416338621,102.811208290403,-0.0651414334233635,0.0758722192343779,-0.00983911264034942,-0.0402075586775403
-3.69407127308732,-7.09944769181814,107.083315058469,0.0963993324608425,0.0265926437404023,-0.00879385889849749,-0.0376061721723282
-3.63349975249627,-7.19960168385664,106.030853344012,0.0708591052138699,-0.0705619388076158,-0.0102875846228234,-0.0295920532308882
-3.71442982445617,-7.16272611765334,102.898229567274,-0.0714891081081251,0.0699235827307555,-0.00944096385177229,-0.0330480165274549
-3.81569962885796,-7.2323168379358,97.7300411481884,-0.0942531389497343,-0.0334117613741341,-0.00701666545205448,-0.0361789589083177
-3.72082088160605,-7.24449352106661,100.684523485275,0.0988233032336621,0.0152955790340763,-0.0039445559817497,-0.0274722621648849
-3.68530421537154,-7.36580058627298,99.4099714732004,0.0434788034141479,-0.0900532823037222,-0.00796213717964411,-0.0312537829026516
-3.64342624767375,-7.49058303539462,99.5106565469603,0.0523103163599697,-0.0852269370699188,-0.0104323486621736,-0.0395555120517237
-3.65448539061394,-7.63036378300777,98.7988016372796,-0.0160667548470284,-0.0987008580949806,0.00500761190683452,-0.0410798895181648
-3.74451796153412,-7.6550467230184,97.1618790797813,-0.0974234833354001,0.0225536004841136,0.00739091241522338,-0.0472365404947421
-3.6878567155154,-7.6123513038033,95.2420043844151,0.0545152951292205,0.0838336602861523,0.00214595088950098,-0.0411382410710539
-3.796319264413,-7.68090986270888,97.6128096456702,-0.09751415463019,-0.0221582861873249,-0.0109483942674133,-0.0464002727182606
-3.74358314305439,-7.65364912878922,101.407029169049,0.0640179633932218,0.076822525101588,-0.0112818420346112,-0.0495617911819295
-3.75393237285057,-7.80047204480264,98.9365082549541,-0.00236581256322655,-0.0999720107375844,-0.00798341723295914,-0.0468509052758304
-3.79550724533032,-7.74841613717193,96.1021779084091,-0.0279815544956525,0.0960053780160613,-0.0135933179840895,-0.0439494703853551
-3.85878091394773,-7.70205488014398,90.104024454847,-0.0538481363571812,0.0842637419704253,-0.00942553226022858,-0.0379024849424709
-3.84254424268983,-7.63894547301569,101.772527477376,0.0323318041915916,0.0946290359124333,-0.0160951329337005,-0.031519628784145
-3.89829853255479,-7.76946658786195,104.894243229992,-0.0342062255182019,-0.0939677292255055,-0.0215480643467516,-0.0365533856207536
-3.97029255250288,-7.89446021891565,104.703178142563,-0.0514286728324497,-0.0857618307330997,-0.0205653471156446,-0.0392318003206036
-3.93455121377296,-8.01787072000133,105.864720625888,0.0582146970133445,-0.0813083578215948,-0.0224733582834249,-0.0421021432640778
-4.04038839131339,-8.09947432877707,104.079780331583,-0.0918224317025286,-0.0396060732241214,-0.014014745837899,-0.0419975355516273
-4.16286620680922,-8.12099650819707,103.512705615629,-0.098725085916545,0.0159172048667724,-0.023752729579285,-0.0374393842867704
-4.09862432388985,-8.1044105022844,101.084840212116,0.0850492557184244,0.0525987081756012,-0.0208073727990521,-0.0360127022629246
-4.13669924940407,-8.04449460767136,102.322122298667,-0.0218581963452758,0.0975818592389558,-0.016216729168943,-0.0376659646259183
-4.10257912071414,-8.17506010560605,105.672543816453,0.0416134331840648,-0.0909303149595083,-0.00749330449414121,-0.0396351829751893
-4.2004831228122,-8.18594164796838,103.273629613149,-0.0921477938508897,0.0388430700178801,-0.00575620824716694,-0.0497246123802082
-4.20822954383378,-8.33271698938472,105.21154571221,-0.0031802819608477,-0.0999494162396635,-0.00456613906072789,-0.0468259251766794
-4.30478355283113,-8.41871052661978,104.189007324867,-0.0869577752409171,-0.0493796043437992,-0.00959623375643615,-0.0366139328912594
-4.42049658559026,-8.44775516778879,97.2886370779605,-0.0994930500524491,0.0100564900069985,-0.0162199827066845,-0.0391011311760021
-4.38642124044858,-8.58589090030078,105.680501658749,0.0423357170278231,-0.0905962861476125,-0.00826037188614537,-0.0475394463643806
-4.29739744101162,-8.6024226426727,107.070520076386,0.0967316848420375,0.0253570729308556,-0.00770788540507494,-0.041888815302781
-4.3877451578679,-8.57912088603742,109.307693701636,-0.0797262896334692,0.0603632234169132,-0.0106214272228096,-0.0370614667816298
-4.34034743793104,-8.68960001874816,112.181469248352,0.0609103764896318,-0.0793090539339067,-0.0135126565527757,-0.0311700787768334
-4.31617619604513,-8.82100028104129,111.889954436026,0.0355468478899216,-0.0934688269162012,-0.0113756060040124,-0.037931435376926
-4.42241285684539,-8.84629029550007,116.104839918742,-0.0991023630159055,0.0133686814856097,-0.00713429778435115,-0.03865869594439
-4.48295103579827,-8.80244093623288,115.207059567748,-0.0513215985286138,0.0858259490158296,-0.00921658042426587,-0.0419765897486393
-4.60180527548541,-8.81956552808257,116.064469220486,-0.0984820593834815,0.0173575337991442,-0.0203721803036578,-0.0344821256488412
-4.52825632821699,-8.85072742262663,113.178424575034,0.0996714084444216,0.00810002090770614,-0.0261224611759978,-0.0392619154517622
-4.47179531403046,-8.81701001637188,107.546036738689,0.0743915016413718,0.0668274231400686,-0.0179304874548447,-0.0331100168853169
-4.5444231187176,-8.92807145179723,98.2153267921304,-0.0677855508087248,-0.0735195151069278,-0.00484225387841919,-0.0375419203184268
-4.53887351488052,-8.87182456836232,101.957991591946,0.014327488178832,0.0989682933190496,-0.00877788434174764,-0.0427214098841393
-4.46535096579707,-8.86448171468288,100.983281297691,0.0899437140832407,0.0437050145511044,-0.0164211649997874,-0.0363621608716649
-4.42714638185403,-8.97799730036269,99.4543186000415,0.0474283516884416,-0.0880372163128611,-0.00922376774540679,-0.0254783693669509
-4.53668277660208,-9.03470138428166,97.662930413718,-0.0962815726378134,-0.027015898474592,-0.0132548221102398,-0.0296881854443782
-4.57485269103685,-8.96933425719475,102.374474725598,-0.0269345628348091,0.0963043577669137,-0.0112353515999528,-0.0309372306800046
-4.66246715016601,-9.05865196605138,104.380473105011,-0.0759718951143326,-0.0650251578447669,-0.0116425640148328,-0.0242925510118592
-4.7737860454154,-9.12564616859096,110.366660177413,-0.0916754791973398,-0.0399450436717514,-0.0196434160520433,-0.0270491588678308
-4.81307365880697,-9.2569311899949,98.7117414020752,-0.0245879734857382,-0.0969300343539846,-0.0146996399058392,-0.034354987049948
-4.93362752389916,-9.32539913462829,97.8273516890681,-0.0905610457163303,-0.042411048074349,-0.0299928193758596,-0.0260568965590462
-4.86083996572666,-9.38208746642078,100.270858631051,0.0966362649172626,-0.0257183262060468,-0.0238487067447553,-0.0309700055864379
-4.78020600863797,-9.41388622055556,94.1583216589502,0.0996001305474929,-0.00893386785901629,-0.0189661734588098,-0.022864886275773
-4.90242478847194,-9.41601160602065,90.8865960286992,-0.0975986639868505,0.0217830389978498,-0.0246201158471173,-0.0239084244629346
-4.82491753004533,-9.46925172345746,93.9074123839931,0.0942632137600222,-0.0333833271504259,-0.0167559553334153,-0.0198567902863882
-4.80575093346533,-9.39750660845315,89.09098997945,0.0429916821383406,0.0902868499113569,-0.023825085558336,-0.0185417349070374
-4.82426980811084,-9.31272271561241,83.2607573954064,-0.000855197103032638,0.0999963431227111,-0.0176636775424752,-0.0152124502819753
-4.84107217764218,-9.23742470705316,83.2807486375553,-0.00285394417771106,0.0999592667171509,-0.0139484253536306,-0.0246612581579004
-4.94644394989168,-9.28559007121985,85.1355873699877,-0.0951541589980682,-0.0307520084770142,-0.0102176132514327,-0.0174133556896781
-4.86155467851401,-9.28961019019616,88.1297272775109,0.0986396504843384,0.0164383500488207,-0.0137503791066651,-0.020458469025133
-4.86458215087716,-9.42572157328009,80.2786103543142,0.0167208562810137,-0.0985921546839792,-0.0197483286441686,-0.0375192283999493
-4.96077199481262,-9.45088357882006,78.4186407449084,-0.0992667216791316,0.0120879265003483,0.00307687774367871,-0.0372499320403197
-4.8845329795545,-9.53803672134909,81.0096162065591,0.0782707111377737,-0.0622390213450307,-0.00203169587965402,-0.0249141211840005
-4.78624582483922,-9.57500233017014,81.5983026380291,0.0996548653981352,-0.00830107236925176,-0.0013677106828629,-0.0286645364517923
-4.87970481811696,-9.65629206219139,79.0424093829693,-0.0876336441763768,-0.048169953377268,-0.00582534910135557,-0.0331197786439805
-4.85407404095083,-9.7874352700387,80.3601859925918,0.0246990527058854,-0.0969017894335904,0.000931724460245142,-0.034241418413723
-4.91619428449127,-9.75003815515167,77.7429416189312,-0.0698945241264295,0.0715175188128053,0.00777428058598506,-0.0341204039257779
-4.83631652832988,-9.82611781803875,81.1410257600344,0.0857511584350923,-0.051446465641866,-0.0058734022737017,-0.0246331972452101
-4.94872353088732,-9.87203203596166,78.7344111609461,-0.0981126099110065,-0.0193369019351777,-0.0142943926464323,-0.0265773159877334
-4.93252580288294,-9.99487257438724,80.5107500438788,0.0389544871542038,-0.092100748805604,-0.0227567591498259,-0.0307397896199699
-4.95965640224854,-10.1277015904907,73.8102932709075,-0.00171332501026096,-0.0999853215097557,-0.025417274355342,-0.0328436945936712
-4.9153877125285,-10.2380633320981,74.5140369742858,0.0633918707851587,-0.077339968440372,-0.0191231810651198,-0.0330217731671052
-5.04403933430262,-10.2520500627027,72.1037998694256,-0.0988344032031839,0.0152236902054159,-0.0298172185709316,-0.0292104208099548
-4.97231030960276,-10.3019569542635,68.9089934085005,0.0978847728337176,-0.0204590138396624,-0.0261557481338617,-0.0294478777211591
-4.92544965088906,-10.4002403702853,80.8613117440999,0.0682150100689305,-0.0731212171759724,-0.0213543513552281,-0.0251621988458322
-4.84934311681504,-10.4639506195654,87.6380241242409,0.0947148187347252,-0.032079637031116,-0.0186082846607016,-0.0316306122490229
-4.93395819171039,-10.4281505588053,84.1012190999256,-0.0750629151174049,0.0660723752719491,-0.00955215977795021,-0.0302723145117767
-4.84719997596875,-10.488820462582,93.9667527726225,0.0960771160024842,-0.027734234812686,-0.00931890026084314,-0.032935668964079
-4.94388128015841,-10.4745425122454,96.8643532297254,-0.0865314402601758,0.0501229473045992,-0.0101498639294819,-0.0358449969680077
-5.02352960322127,-10.5926430598461,98.3333227888972,-0.0586593150447029,-0.0809881766586105,-0.0209890080181605,-0.0371123709420171
-4.99669108965606,-10.7120833058179,105.700308801385,0.0441217488937463,-0.0897400204733496,-0.017283235328529,-0.0297002254984804
-4.97851328670659,-10.6550887008216,107.917989956048,0.0450170786831134,0.0892942474453891,-0.0268392757336473,-0.0322996424490984
-4.91081780733244,-10.6921414462056,113.021477386786,0.0997124150588628,-0.00757854096307992,-0.0320169356847133,-0.0294742044209446
-4.93853129191126,-10.6269865897699,114.63355145582,0.0034573508722699,0.0999402157539497,-0.0311708354510865,-0.0347853593181746
-4.88533418884244,-10.5864710643266,113.875149514823,0.0712449217126172,0.0701723672834474,-0.0180478186438036,-0.0296568418401648
-4.97767979432567,-10.7002611989855,117.056499884602,-0.0683994634257207,-0.0729487039163377,-0.0239461420575102,-0.0408414307426224
-5.08517386170334,-10.7851822596398,116.696819180095,-0.0896986791828152,-0.0442057343888596,-0.0177953881948527,-0.0407153262653672
-5.02101898128672,-10.7569861345025,113.714445411544,0.0815554315248217,0.0578680532660302,-0.0174005511082029,-0.0296719281287814
-4.95384750084384,-10.8047138750632,112.697378103702,0.0921077572447542,-0.0389379128272361,-0.0249362768018733,-0.00878982773341264
-4.96816093539641,-10.7319168646886,108.342706908915,0.00422270804821924,0.0999108039039798,-0.0185361426007873,-0.027113793529395
-4.89144056708501,-10.7547757361514,106.8929911857,0.099689366078301,0.00787593111362003,-0.022968997766899,-0.030734802576422
-4.81612712156998,-10.7742264717521,100.587338372611,0.0998411437398122,0.00563436036530914,-0.0245276982247828,-0.0250850959659807
-4.84588668360749,-10.7040685386272,102.067022503236,0.00347317518519498,0.0999396670703527,-0.0332327372227041,-0.0297817339455122
-4.86017567205903,-10.6408860966028,108.263666612641,0.0120982840603489,0.0992654598679476,-0.0263872725118954,-0.0360830178435538
-4.98716233088325,-10.678426992235,116.26395194167,-0.099968692208422,-0.00250211473313939,-0.0270179666157944,-0.0350387808990789
-5.07844074074381,-10.7752532463598,117.022959779203,-0.0708072429427615,-0.0706139812419945,-0.0204711669177948,-0.026212272882745
-5.01125903071598,-10.7597749999309,113.576811446497,0.0887236811449354,0.0461314253420793,-0.0215419711171085,-0.0306531789132318
-4.93457460461514,-10.7776868768579,119.518927852759,0.0990437029634834,0.0137965540364713,-0.0223592768626437,-0.0317084309634694
-5.03669084061192,-10.8761451314375,123.188392478021,-0.0786126930482566,-0.061806508489807,-0.0235035429485269,-0.036651746089774
-5.14211180857363,-10.8669962455654,128.209981049819,-0.0827970356857768,0.0560771868200269,-0.0226239322759323,-0.0469283009479025
-5.07182133015352,-10.9383910788569,137.902531823648,0.0946835038590925,-0.0321719458063266,-0.0243930254389797,-0.0392228874852201
-5.01328080987397,-10.9276074302509,138.756639780162,0.0864539477873661,0.0502564912422205,-0.0279134275078201,-0.0394728426361652
-4.9941358754507,-11.0583832893477,137.087969122739,0.0415678509921348,-0.0909511614213677,-0.0224229165688614,-0.0398246976754812
-5.09918757844068,-11.1400344568961,141.926576114171,-0.0849949598994929,-0.0526864004434122,-0.0200567430904863,-0.028964767105002
-5.160091104126,-11.0844848837901,140.352168217545,-0.0523790922723069,0.0851846857875825,-0.00852443341301079,-0.0296351126815004
-5.08186971160047,-11.1440827081945,138.042793656121,0.0982513720524859,-0.0186190195715024,-0.0200299795269565,-0.0409788048329247
-5.03672118039396,-11.2617588478646,143.601276105488,0.0612176617637503,-0.0790721056263146,-0.0160691305572405,-0.038604034043825
-5.06148947908653,-11.2059268917823,139.856377046605,-0.00554754678337153,0.0998460050512103,-0.0192207519091978,-0.0440140489688456
-5.13393412892171,-11.1632883755956,134.028382078817,-0.0488783076773729,0.0872405355244686,-0.0235663421578129,-0.0446020193377947
-5.16231396950911,-11.2998786037525,136.578849297838,-0.00803444409560464,-0.0996767159775773,-0.0203453964917868,-0.0369135121793356
-5.25775844857408,-11.2647388720273,146.928136294262,-0.0747358769210414,0.0664420702630716,-0.0207086021439347,-0.0313023385379179
-5.33533900381251,-11.2040652378895,146.619197194039,-0.05099604416212,0.0860197853974021,-0.0265845110763108,-0.0253461512595123
-5.28790582226428,-11.2791243796589,143.967098983694,0.0854523750068942,-0.051941232231062,-0.03801919345866,-0.0231179095383709
-5.40273575121811,-11.2395714631369,140.605520935199,-0.0720586519502131,0.0693365032224588,-0.0427712770036175,-0.0297835867004714
-5.34110145537603,-11.2731859479876,144.488636521477,0.0999696806622157,-0.00246230548361058,-0.038335384820134,-0.0311521793671066
-5.36905892771034,-11.3920194364229,149.349079074141,0.0123114873656087,-0.0992392426353933,-0.0402689596999251,-0.0195942457998459
-5.37567854504043,-11.3151338204031,152.147029337432,0.021843881307542,0.0975850646842129,-0.0284634986376338,-0.0206994486644856
-5.38541601308104,-11.4262778361902,155.688992129696,0.0179182831472811,-0.0983815792161005,-0.0276557511878854,-0.012762436570922
-5.43712135800663,-11.5518541716558,161.614897616701,-0.0176199344953738,-0.0984354504656668,-0.0340854104302197,-0.0271408849999535
-5.54351342886285,-11.506906338869,159.494538988177,-0.074738008314701,0.0664396727351339,-0.0316540625415165,-0.0214918399483732
-5.60955438330243,-11.6218488909933,161.353896893656,-0.0424242096269519,-0.0905548808045621,-0.0236167448126254,-0.0243876713197029
-5.66586054289779,-11.7351392449694,167.703943304859,-0.0362793289750312,-0.0931869641587355,-0.0200268306203304,-0.0201033898174305
-5.62993953385707,-11.6841822564205,164.265578856077,0.0619444938638559,0.0785040105978715,-0.0260234848231402,-0.0275470220489105
-5.56390225222662,-11.7611689851465,162.849062510937,0.0870905019739879,-0.0491451367473813,-0.0210532203435392,-0.0278415919786266
-5.49564671542343,-11.7298886008536,157.570937380243,0.0881718081860859,0.0471776667629512,-0.0199162713828915,-0.0158972824701102
-5.43925537812962,-11.8292521251054,162.650901732191,0.0757111405008369,-0.0653285787696514,-0.0193198032070283,-0.0340349454820839
-5.54943418927385,-11.9039032225312,160.671779329188,-0.0900205994973006,-0.0435464311528121,-0.0201582116469314,-0.0311046662729577
-5.4800208465249,-11.9460691873924,169.453160186522,0.0981463320837893,-0.0191650071353641,-0.0287329893348325,-0.0230009577259036
-5.57506721445324,-11.8956578336325,172.054893292573,-0.0743369364571986,0.0668881146255328,-0.020709431471146,-0.0164767608655954
-5.50002256237598,-11.9468525811437,169.309436788846,0.0943894132531995,-0.0330248189354118,-0.0193447611759385,-0.0181699285757908
-5.4968227212642,-12.0677676271802,168.22723988664,0.0151447914383324,-0.0988465239261827,-0.0119449503265496,-0.0220685221103167
-5.49693048630474,-11.9907500908513,164.753468631177,0.0179172900124664,0.098381760091031,-0.0180250550530134,-0.0213642237621201
-5.42493510222148,-12.0564520522967,163.001059273606,0.0935275827303982,-0.0353919661591231,-0.0215321986471304,-0.0303099952863537
-5.35316215831776,-12.0828450243515,157.072778425427,0.0999976509692586,-0.000685420039348911,-0.0282247070655419,-0.0257075520153762
-5.30103830155084,-12.0471536670868,157.729720374524,0.0796030723645439,0.0605256216004858,-0.0274792155976193,-0.0248342643357713
-5.27871124009124,-11.9899118419127,151.855150841246,0.0490002706630606,0.087172091147034,-0.0266732092034623,-0.029930265973011
-5.37752736415669,-11.9505112344326,153.171958558363,-0.0720632979446063,0.0693316745026896,-0.0267528261208421,-0.0299310670225434
-5.48222515996496,-11.920463074625,153.353161504499,-0.0833779160142658,0.0552098100079871,-0.0213198797940102,-0.0251616502004204
-5.51968874765127,-11.8504259375756,152.50608016003,-0.0138390865441604,0.0990377689753926,-0.0236245011421481,-0.0290006319259781
-5.54752986363519,-11.786685366244,152.404973752469,-0.00377211021881874,0.0999288305970659,-0.0240690057650959,-0.0361882592654261
-5.65416679251336,-11.7624359990648,165.861515520111,-0.080036344627629,0.0599515098946423,-0.0266005842505486,-0.0357021427154738
-5.57897246451325,-11.7685033728978,169.883802344239,0.0971858793265781,0.023556418647999,-0.021991551326467,-0.0296237924810185
-5.70153325131838,-11.7840279840576,172.758830671009,-0.099958630796263,0.00287613096648553,-0.0226021560088645,-0.018400742126305
-5.73943258624835,-11.9136415247788,174.211815128662,-0.0146052844216567,-0.0989276789728866,-0.0232940505083103,-0.0306858617482568
-5.68904790480041,-11.8794621807547,170.265879035406,0.0813950648903644,0.0580934024781935,-0.0310103834424282,-0.0239140584540998
-5.70170303818644,-12.0016236795678,168.317025988519,0.0239469116818895,-0.0970903981910662,-0.0366020450679168,-0.0250711006220712
-5.6404269903268,-11.9902314303886,163.662043720615,0.0955565014010735,0.0294780433541076,-0.034280453541438,-0.0180857941748709
-5.57478328048122,-12.0286998855029,163.213182604316,0.0988825499988387,-0.014907759916472,-0.0332388401532597,-0.0235606951978529
-5.63340005943168,-12.1411085031969,161.463576308647,-0.0322571873824408,-0.0946544973161556,-0.0263595915680144,-0.0177541203778038
-5.71216739003438,-12.0702106310452,159.169747121329,-0.0496288269530088,0.0868157792988597,-0.0291385036496914,-0.0159179071472035
-5.79375020305013,-12.0026974413638,152.930519769953,-0.0533959010213145,0.0845510363870366,-0.0281869119944336,-0.0170378467055716
-5.7129833642001,-12.0251465786603,144.473853863013,0.0999223597290587,-0.00393980027115324,-0.0191555208790355,-0.0185093370254066
-5.77411782899516,-12.1287662562871,142.575576631494,-0.0358713316088512,-0.0933447779396782,-0.0252631331862112,-0.010274899687083
-5.74691111505505,-12.2291202338374,137.075849104726,0.0404624952510007,-0.0914482721436701,-0.013255781310888,-0.00890570540667746
-5.77307127352777,-12.3419859586213,130.240690940329,-0.0134990806117072,-0.0990846851064211,-0.0126610778610114,-0.0137810396774558
-5.73121531274589,-12.4425101450254,124.715685792698,0.0583292225878208,-0.0812262383242044,-0.0164732618059391,-0.0192979480799202
-5.74887941833662,-12.3610151814211,127.222423638564,0.00120785381115989,0.0999927051797823,-0.0188719594018929,-0.0184977415754215
-5.6840205610092,-12.4304858277995,131.432803133527,0.0870741396085561,-0.0491741213590002,-0.0222152822811381,-0.020296525019452
-5.79188884778243,-12.4712504982763,135.343944611125,-0.0967547032371355,-0.0252690997365129,-0.0111135835360914,-0.0154955707402369
-5.8639673315394,-12.5691149141571,142.329580948523,-0.0575229585369038,-0.0817992007366921,-0.0145555252200609,-0.0160652151441454
-5.97446591286924,-12.6213754050065,148.048818961158,-0.09233946371912,-0.0383851981897362,-0.0181591176107272,-0.0138752926596766
-5.99212105536154,-12.551991680272,146.093591543129,-0.000953300680769755,0.0999954559858199,-0.0167018418115248,-0.0306117312513123
-6.10193040300368,-12.5450364876098,147.290309901556,-0.0934286141579935,0.0356524060410622,-0.0163807334841488,-0.0286972133788996
-6.02752433947967,-12.5351929197201,144.917775035805,0.0919294186844873,0.0393571083837753,-0.017523355160475,-0.029513540494035
-6.09578424082281,-12.4797589214613,146.712664469678,-0.0588017858426794,0.0808847945025001,-0.0094581155004585,-0.0254507962437369
-6.17445000842274,-12.4264214399023,153.188067990147,-0.0731707930102355,0.0681618298628585,-0.00549497458970105,-0.0148243483038364
-6.19446087646205,-12.5399383008726,155.362538650948,-0.0145776391227522,-0.0989317564668029,-0.00543322891655862,-0.0145851045034728
-6.10637302220633,-12.5315282699518,157.270161201226,0.0981904281936683,0.0189377879158068,-0.0101025739379423,-0.0105277569950406
-6.03536801585282,-12.4833506805287,157.64880373943,0.0842348008481155,0.0538933977967462,-0.0132297944946043,-0.00571580837364571
-5.9722583523584,-12.5227554823991,162.909902438922,0.0899175114280297,-0.0437588978219304,-0.0268078479336165,0.0043540959515358
-6.03115419734534,-12.619847271094,167.739027209789,-0.0329883115744313,-0.09440217846781,-0.025907533412509,-0.0026896102270868
-6.14636030056134,-12.5869463496667,166.113250127939,-0.0924467223788243,0.0381261527224108,-0.0227593808371704,-0.00522523129509977
-6.07823859011404,-12.5546464140773,163.713010329633,0.0939306741490681,0.0343078482843443,-0.0258089637017678,-0.00200791269490352
-6.12674129011169,-12.6551910804783,167.816140697124,-0.0256178092573093,-0.0966629600666983,-0.0228848907403387,-0.00388170633430818
-6.24162927312902,-12.6282720171197,166.173673641729,-0.0945803267385133,0.0324740172143219,-0.020307656278824,-0.00555495385576066
-6.1680850696369,-12.6227361505752,163.39598168395,0.0999450134990648,0.00331576185389624,-0.0264008100069431,0.00222010469062006
-6.11022079076043,-12.5820453985432,170.178428821297,0.0861578348697279,0.0507624614312654,-0.0282935559932538,-0.0100717093993072
-6.04283120307211,-12.5739424449711,169.841855181985,0.0980882246177457,0.0194602207422903,-0.0306986369294302,-0.0113572671701405
-6.16148044821989,-12.5664615348484,166.309459370593,-0.0981057110692801,0.0193718727951361,-0.0205435340784934,-0.0118909626724566
-6.22495454262137,-12.666008526497,167.644977817366,-0.0417079080700471,-0.0908870199996705,-0.0217661863314333,-0.00865997164891041
-6.34601172141731,-12.7076353036595,166.738532312298,-0.0972718478683055,-0.0231988709269487,-0.0237853309276366,-0.0184279062355674
-6.35702707813703,-12.6198514889394,158.555831431353,0.00944565504736851,0.099552898504896,-0.020461011767086,-0.0117690837847562
-6.47445405232562,-12.634025840809,160.272479049512,-0.0998686815785391,-0.00512312792777588,-0.0175582926100519,-0.00905122394182456
-6.46753496816721,-12.5467825986919,164.683166213674,0.0247838103854494,0.096880146277646,-0.0178647262270424,-0.00963690416054419
-6.54337522559852,-12.6511742068142,167.512654697643,-0.0533346888782468,-0.0845896622659094,-0.0225055685530675,-0.0198019458564573
-6.46818404609791,-12.6470041557437,157.322675567004,0.0970610176728683,0.0240657193598519,-0.0218698381722584,-0.0198956682892923
-6.577908749649,-12.7277544964893,167.123779895461,-0.0814244779646709,-0.0580521695389657,-0.0283002255864178,-0.0226981712066596
-6.65883971278275,-12.8245034219906,167.424783035266,-0.0605523836572175,-0.0795827169266615,-0.020378579476529,-0.0171662085746469
-6.57713587967597,-12.8176903150246,163.634604316119,0.0963292888715674,0.026845262254225,-0.0146254557647847,-0.0200321552882645
-6.66960816086035,-12.9095435997731,167.293758057497,-0.0704308730048433,-0.0709893803873201,-0.0220414081795459,-0.020863904361125
-6.63595156471959,-13.0076068741411,168.654038746241,0.054704638998252,-0.0837102291961438,-0.0210480428574913,-0.0143530451718483
-6.75626944892474,-13.0044307661579,166.316958618435,-0.0982482255260727,0.0186356159269814,-0.0220696586790723,-0.0154595079437918
-6.72661471829218,-13.102077347926,168.6749051527,0.056439334954613,-0.0825505994519785,-0.026784604322053,-0.0150959823161294
-6.84528362135725,-13.1584481509349,166.954123668325,-0.0900571888174443,-0.0434707113157719,-0.0286117142476261,-0.0129000916931457
-6.77224676522969,-13.1467082786857,163.7049471841,0.0942042469225391,0.0335493645507226,-0.0211673907949796,-0.0218094923014611
-6.71687322425886,-13.1003557099132,157.839995136857,0.0724586258479954,0.0689184122003708,-0.0170850848771691,-0.022565843427941
-6.80673251212239,-13.0534447039748,159.467005386253,-0.0728805883158852,0.0684720369693384,-0.0169786995476402,-0.0215610310309611
-6.72600376079778,-13.1040627809964,163.037696561769,0.0947611947391318,-0.0319423851897809,-0.0140324434145258,-0.0186756918318043
-6.80523866948347,-13.2011164359096,161.086275997536,-0.0648601554375821,-0.0761128125653801,-0.0143747532481022,-0.0209408423478319
-6.86309084181546,-13.3138150220274,161.455280662384,-0.0330412886761254,-0.0943836492334395,-0.024810883655868,-0.0183149368843321
-6.80383895386001,-13.3962742627958,162.7436661175,0.0814370957714845,-0.0580344676231812,-0.0221852078160349,-0.0244247731451566
-6.86550442593507,-13.5165594105183,161.375225496681,-0.0404832977368138,-0.0914390649796491,-0.0211821743382394,-0.0288460827429109
-6.82769874920642,-13.6208864869343,168.690898944934,0.0577523573265158,-0.0816374008848299,-0.0199466805978687,-0.0226896755311543
-6.76326679319004,-13.6688213672712,175.693035923454,0.0972245302431317,-0.0233963826050603,-0.0327925742267512,-0.0245384977318217
-6.76004824776812,-13.5945491602422,177.113682245682,0.0376766141514938,0.0926308412251527,-0.0344580687295801,-0.018358634196149
-6.85289531156167,-13.6979248248052,179.974763502236,-0.061848564596437,-0.0785796096793586,-0.0309984991971088,-0.0247960548836144
-6.83189419027446,-13.8051555979211,174.889128763687,0.050616865235049,-0.0862434516573687,-0.0296157439478373,-0.0209873214585343
-6.94061930366055,-13.8907303874357,173.46418971106,-0.0779710021414041,-0.0626140784893074,-0.0307541112446907,-0.0229607110253536
-6.92116584562394,-14.0123918456332,174.849955889442,0.0472004941371118,-0.0881595902509334,-0.0277470361004939,-0.0335018679465335
-6.85423808908249,-14.018026492663,176.211008782751,0.0960550829070541,0.0278104485350196,-0.0291273263656073,-0.0334450955648418
-6.98737128808006,-14.0482124359477,172.804075522036,-0.0999864214883588,-0.00164788286970117,-0.0331467775092076,-0.0285380604149843
-7.05580035062943,-14.1823594389418,167.697119434279,-0.0369143751490597,-0.0929372310075703,-0.0315146874003167,-0.0412097719865354
-7.0287090837893,-14.1569523331761,176.739544114138,0.0689240895798817,0.0724532254325813,-0.0418328227397513,-0.0470461196668861
-7.16755300051596,-14.2042244466059,179.109133816202,-0.0999264630655654,-0.00383431600239082,-0.0389174536610977,-0.0434377974274298
-7.29924367944623,-14.215353163935,185.127163152793,-0.0974390170111243,0.0224863950847137,-0.034251661919142,-0.0336151124137931
-7.39250320087883,-14.1731207098302,184.465924998197,-0.063093266414988,0.0775837594673482,-0.0301662550176083,-0.0353513053625267
-7.45265023583121,-14.1201213079383,184.172720751708,-0.03797726455593,0.0925079854761139,-0.0221697703964523,-0.0395085835842064
-7.53734532654152,-14.0794729226757,178.226299534882,-0.0664118851991238,0.0747627012908068,-0.0182832055111897,-0.0341143160281874
-7.58413777996806,-14.0166201426227,171.465083889558,-0.0245741202763652,0.0969335474056466,-0.0222183331501711,-0.0340807673526662
-7.55394173713338,-14.1311803432298,168.670999927043,0.0561165266834872,-0.0827703777506269,-0.0259204838488056,-0.0317898228564939
-7.66465804881953,-14.2055732610472,166.988805123938,-0.0884957083679095,-0.0465672588892874,-0.0222206033182379,-0.0278256589280801
-7.69739757437442,-14.3355943734445,167.97062294954,-0.0104393468283747,-0.0994536074649729,-0.0223001787265229,-0.0305675049324119
-7.72088530925073,-14.4675019935958,168.119914272647,0.00446924140107208,-0.0999000794859491,-0.0279569762773741,-0.0320075406653242
-7.84487900243124,-14.4888629509063,166.405096825195,-0.0995072435210569,0.00991506363272958,-0.0244864496594559,-0.0312760209431975
-7.80015412482791,-14.5880598904336,168.793417185341,0.0658038048435204,-0.0752984679001896,-0.0210789272401968,-0.0238984716270814
-7.72136832182544,-14.5970056570627,169.736699871187,0.0995889884028383,0.00905722854405974,-0.0208031854003687,-0.0180029951731608
-7.68738819715106,-14.541092118488,170.576384445541,0.0597528400072488,0.0801847748083646,-0.025772715332864,-0.0242712362336803
-7.77461820614811,-14.636068375177,173.616942126611,-0.0675358090687901,-0.0737489965587596,-0.0196941999282574,-0.0212272601302246
-7.70044020422867,-14.6964834262116,169.329220543882,0.0950242542993948,-0.0311511010213756,-0.020846252379962,-0.0292639500132488
-7.62556757108475,-14.7133008194902,176.09564695354,0.0986177768678683,0.0165690701501124,-0.0237451437239402,-0.0333864634287426
-7.58444517441925,-14.8157219767409,175.150275978296,0.0711677847626869,-0.0702505972356952,-0.0300453880971894,-0.032170560014956
-7.52607509179618,-14.85782413295,182.112990356981,0.0995065518405995,-0.00992200286202768,-0.0411364692175358,-0.0321801533470936
-7.59904065096378,-14.7935706263958,177.915823537875,-0.0403957214265238,0.091477787962055,-0.0325698377410681,-0.0272242814078734
-7.55690212867666,-14.8769811512851,187.902753754119,0.082937656184242,-0.0558690002296844,-0.0407991338971296,-0.0275415246596467
-7.49690785505637,-14.8780334245103,188.741020294089,0.0970025384298982,0.0243003608647306,-0.0370082648096073,-0.025352634089904
-7.43673760909016,-14.9360702175628,194.545016527031,0.0972809731808032,-0.0231605754893062,-0.0371107272145874,-0.0348762175631965
-7.41359642705752,-15.0535961995192,193.793105852331,0.0552330815645219,-0.0833625017672027,-0.0320918995318884,-0.0341634801891946
-7.48032911543504,-15.1766299820544,199.037558282713,-0.0438182044052354,-0.089888625324348,-0.0229144839722757,-0.0331451572108676
-7.43742727582214,-15.2818245890641,200.174288619508,0.0631243222767398,-0.0775584936490021,-0.02022248266384,-0.0276361133606784
-7.55883588524869,-15.2810416737262,197.638924524002,-0.0960664085103784,0.027771300940307,-0.0253422009161799,-0.0269883856024311
-7.58073270361364,-15.4114338705342,199.463235301861,-0.00278945823249248,-0.0999610870427547,-0.0191073601324518,-0.0304311097652139
-7.6829243518605,-15.5096415180451,204.984882742502,-0.0709956238328178,-0.0704245794917445,-0.0311960244140401,-0.0277830680191347
-7.79159392965836,-15.6022471603032,198.635644607626,-0.0754891648105559,-0.0655849525135509,-0.0331804129873063,-0.0270206897445657
-7.73510644491563,-15.5793012926112,201.517969363265,0.089780370711168,0.0440395848636797,-0.0332928859684429,-0.0210937171716346
-7.6850553784862,-15.6759199648342,206.723295522993,0.0812819850198591,-0.0582515142398152,-0.0312309185904276,-0.0383671579832043
-7.75084172271582,-15.7998660306032,205.394706962915,-0.0370559977716659,-0.0928808539428137,-0.0287303464579551,-0.0310652118262418
-7.88557972772913,-15.8065934389768,197.664402003702,-0.0967426979631175,0.0253150230261996,-0.0379953070501937,-0.0320424313997822
-8.02237465889551,-15.8438731539157,197.954395612905,-0.0999420067505422,-0.00340518526288755,-0.036852924415836,-0.0338745296759715
-8.08409696708657,-15.9770907961374,199.194507245353,-0.0292295471730331,-0.0956328059405319,-0.0324927610180303,-0.0375848362812263
-8.05421195437719,-15.9373949313556,201.97129088849,0.0614250070686492,0.0789111431080326,-0.031539994359262,-0.0392152783261803
-7.98742727886953,-15.9384291566372,207.792625517235,0.0901527209415995,0.0432722417587313,-0.0233680454339424,-0.0443064670403874
-8.03729927208254,-16.0795653316303,211.852175859227,-0.0203888533614781,-0.0978994109206186,-0.0294831398515303,-0.0432367640724394
-8.14484507277251,-16.1894086653661,211.197446770373,-0.075787997694041,-0.0652394007140473,-0.0317578029959336,-0.044603933021726
-8.08267150883969,-16.1991920808894,213.906719029824,0.0961491269160474,0.0274835476836927,-0.0339755629832208,-0.0372669632070366
-8.06184607795147,-16.1567732844907,208.408390367767,0.0486012299292077,0.0873951969467904,-0.0277757990409899,-0.0449764005480731
-8.08249501953743,-16.295576028044,205.861887334239,0.00874566508391144,-0.099616832625014,-0.029394606669868,-0.0391859109282571
-8.02539640067675,-16.3753910431151,206.795511540502,0.085273165015942,-0.0522349244104356,-0.0281745461552632,-0.0275800906606687
-7.95205378742234,-16.3760245177394,207.585559307767,0.0971232298463503,0.0238134042970132,-0.0237806165919476,-0.024446878921383
-7.87082446733877,-16.3767825554576,207.572782592011,0.0974195513592407,0.0225705784809399,-0.016190231275667,-0.0233286161990982
-7.97041592330945,-16.3449537758324,209.650510263875,-0.0670289479292294,0.0742099733155905,-0.0325625080414547,-0.0423811936904031
-7.90261634898521,-16.3534996563449,207.549747822298,0.0979135691665957,0.0203207522758948,-0.0301139948423472,-0.0288666327883806
-8.02526923780923,-16.4315191641097,204.771376765472,-0.0843056934301333,-0.0537824325896885,-0.0383471953938912,-0.0242370751751224
-8.09558447360615,-16.5541125519055,205.451455459848,-0.0317283260875759,-0.0948330813781797,-0.0385869097093448,-0.0277603064176297
-8.03934952473481,-16.6174543034349,206.846100101628,0.0878054353351076,-0.0478560918338745,-0.0315704864637709,-0.0154856596955106
-8.15630159531315,-16.6807113131398,217.358938696375,-0.0831471292270048,-0.0555567718762327,-0.0338049413513364,-0.00770023782862594
-8.16678614951255,-16.6087326535714,214.963195314234,0.0233719570323488,0.0972304048355145,-0.0338565112317486,-0.0252517452671359
-8.24881117951221,-16.542832726371,209.367400425251,-0.0436305782550168,0.0899798457496614,-0.0383944517446366,-0.0240799185492637
-8.26544602936043,-16.4700254995906,208.80373838707,0.0111937982725092,0.0993715194622402,-0.0278286481207282,-0.026564292681913
-8.30213872040934,-16.3983028358082,208.990560230179,-0.00745794564970437,0.0997215074429085,-0.0292347453992061,-0.0279988436604448
-8.4214616049506,-16.4521018524542,216.981426335734,-0.0977710146614999,-0.0209959208433633,-0.0215518698797652,-0.0328030958026755
-8.37103920891959,-16.4147938472848,214.356907451571,0.0746102623489336,0.0665830965953319,-0.0241878663179236,-0.0292750914258875
-8.4481979887883,-16.3531417847536,215.693605469567,-0.0474599264156976,0.08802019873084,-0.0296988534530094,-0.0263681361996841
-8.38133371842051,-16.3454948253435,214.003745741201,0.0930344429569385,0.0366686845099762,-0.026170172589147,-0.0290217250998097
-8.40917838045128,-16.4778270489005,212.067815715816,0.00103114157687222,-0.0999946835939214,-0.028875803607642,-0.0323375399631392
-8.33618645002667,-16.5358505065342,213.441738270247,0.0982647694908777,-0.0185481825768638,-0.02527283906627,-0.0394752750568035
-8.37884865756284,-16.6623793108788,211.924073338807,-0.0133035202265017,-0.0991111313101766,-0.0293586873096725,-0.0274176730344582
-8.31521885865483,-16.753933499745,206.783269396258,0.0846273236405573,-0.0532749105436731,-0.0209975247325414,-0.0382792783224737
-8.41079043747553,-16.8457900196402,211.120269865299,-0.0805923808790842,-0.0592019268625661,-0.0149791979416136,-0.032654593032639
-8.37632549527755,-16.7895719350967,208.256316492494,0.061279683210741,0.0790240496658532,-0.0268147410127639,-0.0228059651224282
-8.31044763927658,-16.7541024038798,207.841496787648,0.0879311542309579,0.047624700687894,-0.0220532982299879,-0.0121551694710007
-8.43019320234434,-16.7489356488472,204.060483203033,-0.0989787312805324,0.0142552009489922,-0.0207668317872294,-0.00908844591629965
-8.53032798996653,-16.7002219264574,197.165173742571,-0.0728159534272046,0.0685407683534928,-0.0273188341949879,-0.0198270459637371
-8.65502333838696,-16.6919372048135,191.453331639465,-0.0983152581217406,0.0182786766604016,-0.0263800902986873,-0.00999395501651357
-8.60398284870176,-16.62608690084,195.638311523376,0.0652765552208301,0.0757559986964855,-0.0142360655356306,-0.00990569472293679
-8.62967730145627,-16.5401543500677,190.152820930564,-0.00863576889792298,0.09962641966638,-0.0170586838565807,-0.0136938688941406
-8.54554903789948,-16.5874038508814,188.148089381914,0.0940237293666386,-0.0340519943026705,-0.0098954658098549,-0.0131975065110232
-8.51573771966669,-16.6803050468825,193.774793269519,0.0536973232023182,-0.084359928170345,-0.0238860049695262,-0.00854126783071685
-8.6157716945135,-16.7732163109956,198.7348243481,-0.0686241501355604,-0.0727373770366519,-0.0314098247112451,-0.0201738870764672
-8.74416333585524,-16.8062010972779,204.316322562446,-0.0993644813905955,-0.0112561022551327,-0.0290271599511467,-0.0217286840271829
-8.85851001431237,-16.7924659119738,203.804148635342,-0.092130464850432,0.0388841541819199,-0.0222162136067023,-0.0251489688778559
-8.92646709006221,-16.7217522589574,203.069058444947,-0.0422618239451613,0.0906307797430221,-0.0256952518046774,-0.0199171267266021
-9.04617172321278,-16.7422277673336,204.165973771358,-0.0999295129936923,0.00375398892426291,-0.0197751201568774,-0.0242294973003965
-8.99281089035852,-16.6884439130565,201.823446333278,0.0723790425854795,0.0690019868874031,-0.0190182097312181,-0.0152181326103626
-9.0959569795772,-16.6453725908026,203.524396173258,-0.0778121792034807,0.0628113426667939,-0.0253339100151972,-0.0197400204129039
-9.0289790565812,-16.6257459416711,201.441952312174,0.0928656296149322,0.0370941347954393,-0.0258877066189314,-0.0174674856638788
-9.11883060365553,-16.5723721258169,190.806453563673,-0.0674360294177785,0.0738402460475622,-0.0224155176565528,-0.0204664301933786
-9.14593915799373,-16.6953657363979,205.724645760874,-0.00496526244659839,-0.0998766547739581,-0.0221432918916076,-0.0231169558070174
-9.17082689237558,-16.8155132957595,199.413301949505,-0.00777529965530121,-0.0996972653349643,-0.0171124347265401,-0.0204502940267073
-9.26465966215859,-16.7566906608852,197.0623007646,-0.0653924300311669,0.0756559984047461,-0.0284403397518442,-0.0168333635304059
-9.38976999752819,-16.7302137604054,197.54218034006,-0.0929346724955686,0.0369208159192265,-0.0321756628740388,-0.0104439154394225
-9.50955355413323,-16.7138923328349,191.310068661505,-0.0946983484162888,0.0321282244642803,-0.0250852081887487,-0.0158067968937718
-9.54837994580072,-16.8226966668597,186.694141079191,-0.0228582914341012,-0.0973524448214512,-0.0159681002333851,-0.0114518892033555
-9.59541689275451,-16.9391617778787,186.629312421161,-0.0291170828814636,-0.0956671076414145,-0.0179198640723293,-0.0207980033775641
-9.59472858336107,-16.8535041483525,189.826697631879,0.0237370327812277,0.0971419233634116,-0.0230487233877916,-0.0114842938372988
-9.66149891574018,-16.7762962682766,190.524852354194,-0.0442600670554643,0.089671882238781,-0.0225102653236373,-0.0124640021628668
-9.63956198720983,-16.7057518240798,195.916615578738,0.0419527985819018,0.0907742402399843,-0.0200158700515569,-0.0202297960431999
-9.56194287004333,-16.7553517890395,200.785876940981,0.0962138755501601,-0.0272560112932599,-0.0185947583836619,-0.0223439536663594
-9.54521049021101,-16.689914379041,202.303169622376,0.0323623459088014,0.0946185952510345,-0.0156299660764727,-0.0291811852526163
-9.4890722466946,-16.803993344775,206.522169940038,0.068006488312405,-0.0733151931554076,-0.0118682447959966,-0.0407637725785701
-9.61071910277312,-16.8169092277694,210.415251010236,-0.0997448050423016,0.00713959852325412,-0.021902051036216,-0.0200554815175966
-9.66089689908466,-16.744199294645,215.554725436928,-0.0348179763002422,0.0937427785290993,-0.0153598200113017,-0.0210328454046937
-9.59185006553524,-16.7447455138143,220.08258966752,0.098539740327372,0.0170270248785304,-0.0294929067779481,-0.0175732440479077
-9.72350073309084,-16.7412393486564,222.836559822628,-0.0976651282215627,0.021483080073996,-0.0339855393340436,-0.017976914916078
-9.70221099544779,-16.8546462857923,225.106561194105,0.0464160384867831,-0.0885751171108087,-0.0251263008437288,-0.0248318200250939
-9.65418423100162,-16.9542886767244,225.524735534403,0.0783861702905568,-0.0620935448108725,-0.0303594058443917,-0.0375488461212488
-9.68811912244237,-16.8825129739579,221.566643498562,-0.00842613914969797,0.0996443685264247,-0.0255087522910458,-0.027868665759863
-9.7985106937795,-16.8599414094925,222.518867508686,-0.0860670678902156,0.0509162039510116,-0.0243245034469162,-0.0283446394856171
-9.79294611489004,-16.9826465069189,218.620086019855,0.0275775692982137,-0.0961222017621435,-0.0220129904087578,-0.02658289566428
-9.72602977901772,-16.9608063446369,214.038986274404,0.0916847228793901,0.0399238223436765,-0.0247683870070698,-0.0180836600616292
-9.70222909377227,-17.0753759648759,212.411542400496,0.0346688454237136,-0.0937980338652504,-0.0108681601782568,-0.020771586373737
-9.64456517855551,-17.043409947283,214.313367676438,0.0774376509259937,0.0632725076084704,-0.0197737357092382,-0.0313064900155986
-9.73358777146206,-16.9960647366237,215.973038392903,-0.0698959556085565,0.0715161197882456,-0.0191266372979868,-0.0241709091289248
-9.82582369951224,-17.091301314569,217.536229695075,-0.0720456070203152,-0.0693500577438427,-0.0201903210298706,-0.0258865202014551
-9.76239539908334,-17.1695965446094,213.061939497273,0.0843859146025599,-0.0536564759995424,-0.0209576141736605,-0.0246387540409465
-9.87511886196618,-17.1523479487419,216.240434800324,-0.0863080792649309,0.0505065882197402,-0.0264153836179108,-0.0332579923521692
-9.94213150190999,-17.0904011992567,221.959478638974,-0.045929072792241,0.088828600531839,-0.0210835671515692,-0.0268818510466957
-10.011499173244,-17.2027314630366,224.099985534071,-0.0500251491741228,-0.0865880156263369,-0.0193425221599135,-0.0257422481534988
-10.1182066124041,-17.1687390374521,222.479301028696,-0.0839856580408641,0.0542808367975572,-0.0227217811191931,-0.0202884112131123
-10.1984581033341,-17.1106021840521,222.049062280478,-0.0536918505470164,0.084363411410616,-0.0265596403829544,-0.0262265580106149
-10.1300618652099,-17.1061541917039,226.494863046055,0.0955279735307262,0.029570361396386,-0.0271317354065665,-0.0251223690481499
-10.1597483076674,-17.0391750785421,227.910022599261,-0.014405229705962,0.0989570076200694,-0.0152812127515656,-0.0319778944582918
-10.0793981119365,-17.0367804071159,226.548844521126,0.0937933464918961,0.0346815246759875,-0.0134431507609403,-0.0322868532498148
-10.0445615904171,-16.9805638831591,220.952361375407,0.0505464921321626,0.0862847155244382,-0.0157099706128161,-0.0300681915675902
-9.96855166035185,-17.0417904434087,206.9794735204,0.093389454433784,-0.0357548570205529,-0.0173795243685078,-0.0254717032290532
-10.0796270162621,-17.1128329379843,204.547429886714,-0.094144440336775,-0.0337168259727306,-0.016930915573468,-0.0373256686028256
-10.0463696446638,-17.2378785283793,199.95955653479,0.0451479748031805,-0.0892281366563898,-0.0118906032049164,-0.0358174537386979
-9.96200065001626,-17.2950863220791,200.822131637629,0.0971385925335822,-0.0237506597928288,-0.0127695978860185,-0.0334571339069658
-10.0763538916438,-17.2954988019869,191.307496908382,-0.0946154094825698,0.0323716587224944,-0.0197378321449317,-0.032784138630209
-10.1041161535027,-17.2313589331759,183.95269944503,-0.0168718326908914,0.0985664307036151,-0.0108904291680112,-0.0344265618926922
-10.1353952590492,-17.3596339275223,186.72833909581,-0.0195163146681169,-0.0980770791866022,-0.0117627908784499,-0.0301979151597802
-10.118912679026,-17.4875665328711,187.18711030762,0.0259348363726313,-0.0965783840324782,-0.00945225634936087,-0.031354221316338
-10.0939073336023,-17.6048170177158,187.281748350474,0.0349451340263462,-0.0936954513724156,-0.00993978860264377,-0.0235550334722205
-10.0934001142004,-17.7349413648645,180.83764257664,0.0194811235964166,-0.0980840752794313,-0.0189739041945423,-0.0320402718692918
-10.2150145178587,-17.7832041778032,179.197661010521,-0.0991961556345469,-0.012653960144032,-0.0224182480237225,-0.0356088527946845
-10.2246574502483,-17.9149746714816,186.956482035018,0.00317138278983433,-0.0999496990050513,-0.0128143151794351,-0.0318207946733757
-10.264071762099,-18.0405364185089,192.907976735538,-0.0295492941461492,-0.0955344922813973,-0.00986501770461246,-0.0300272547458356
-10.2618826922684,-17.9755280487483,183.644859031303,0.0137870643337856,0.0990450243932327,-0.0115979945031235,-0.034036654632704
-10.181070708688,-18.03470735017,188.233255293937,0.0965795120436538,-0.0259306354224058,-0.0157675284632948,-0.0332486659992348
-10.1699315278075,-17.971487029912,189.82113145297,0.0242773716005502,0.0970082946359166,-0.0131381907200137,-0.0337879743779688
-10.0961873994174,-17.9598534333707,189.021081288066,0.0865062154092876,0.0501664698335645,-0.0127620870192011,-0.0385328732922332
-10.1931260132139,-18.0437234440788,185.903813386372,-0.0852604574896921,-0.0522556636992432,-0.0116781563068642,-0.0316143470088974
-10.2587851434697,-17.9869092930451,184.323195004776,-0.0514157236745013,0.0857695946068729,-0.0142434065812935,-0.0289554435731141
-10.1776226542457,-18.0382528020993,188.376755284689,0.0992951109769036,-0.0118524654011057,-0.0181326217528692,-0.0394910436530864
-10.2909488354715,-18.0875522110721,191.768186383651,-0.0991427254721043,-0.0130659858396895,-0.0141834557536775,-0.0362334231331012
-10.2054584386074,-18.1402814472543,188.343384448815,0.0988443746887334,-0.0151588123675069,-0.0133539778246146,-0.0375704238147776
-10.2968851548388,-18.2307273800493,185.932676668426,-0.0837168846299398,-0.0546944533555035,-0.00770983160148297,-0.035751479439444
-10.3535650857803,-18.1734791927983,184.157066996005,-0.0365245734096262,0.0930911141691022,-0.0201553575318734,-0.0358429269181286
-10.3344217969759,-18.1175885963222,177.136878544581,0.0355179783154752,0.093479801114366,-0.0163746895111476,-0.0375892046382198
-10.2715279165675,-18.2118611125327,181.667268630884,0.0855072708372713,-0.0518508113144002,-0.0226133904287735,-0.0424217048961744
-10.1939943840901,-18.2656799746833,182.023835288162,0.0982279181022934,-0.0187423612516976,-0.0206943856249371,-0.0350765008988816
-10.2567549377138,-18.2066771678883,177.921934404377,-0.0409539722574188,0.0912292286295274,-0.0218065813663095,-0.0322264218344657
-10.1731743951414,-18.248894113338,182.062235048773,0.0988750317508773,-0.0149575431225519,-0.015294489178487,-0.0272594023271999
-10.2247578255449,-18.3657583173328,186.568360457679,-0.0348905007404102,-0.0937158095418454,-0.0166929296630212,-0.023148394452928
-10.343407788939,-18.4067216580734,179.277013915803,-0.0978809311427692,-0.0204773855417258,-0.020769032251355,-0.0204859551989074
-10.4269913761466,-18.3570232788164,184.486041619994,-0.064641118485887,0.0762989239825406,-0.0189424687217716,-0.0266005447254862
-10.4671806685455,-18.291681177347,184.033289035457,-0.0247519064744403,0.0968883023170525,-0.0154373859244075,-0.0315462008477283
-10.4014673685546,-18.3647280637048,187.989319333932,0.0874573938000918,-0.0484892180767608,-0.0217440938091737,-0.0245576682809947
-10.4976768170596,-18.3347654682336,197.262512741897,-0.0791324236912937,0.0611396722328603,-0.0170770248136858,-0.0311770767617041
-10.4912776175274,-18.4527660490058,205.98738474465,0.0211457494133935,-0.0977387194603345,-0.0147465498812132,-0.0202618613118233
-10.5234002441542,-18.3868648512843,209.12078311841,-0.020344150034212,0.0979087103346044,-0.0117784765926441,-0.032007512613113
-10.5038860522775,-18.5000222689908,206.148650309503,0.0365650402360241,-0.0930752267391165,-0.0170508483592453,-0.020082190967404
-10.5680020396785,-18.6148380322547,211.706544119889,-0.0343799444693183,-0.0939043099026162,-0.0297360429316864,-0.0209114533612578
-10.6649234073664,-18.7133030877491,217.55791460042,-0.0705249369165575,-0.070895932696563,-0.0263964307714133,-0.0275691227978427
-10.7331505972959,-18.8401222616068,211.607833795644,-0.0434668652579177,-0.0900590452128493,-0.0247603246715045,-0.0367601286448718
-10.8496433868584,-18.8468265778798,210.194643864465,-0.095765165072642,0.0287929359150753,-0.0207276244899024,-0.0354972521880477
-10.9612179602822,-18.8103947820733,209.812166973503,-0.078099381103323,0.0624538763510954,-0.0334751923205179,-0.0260220805445535
-11.0882313111082,-18.8586542486961,210.653621563906,-0.0986102207405749,-0.0166139810248807,-0.0284031300853638,-0.0316454855979273
-11.129007226838,-18.9811726666968,211.853129015319,-0.0202955306939651,-0.0979188002063461,-0.020480385035837,-0.0245996177943368
-11.2493696808254,-18.9664188078616,216.459445220835,-0.0952196845669663,0.0305485134002857,-0.025142769420464,-0.0157946545651022
-11.3013224386041,-19.0758484497903,218.02600131208,-0.0309519914573247,-0.0950892960581037,-0.021000766321384,-0.0143403458706501
-11.2367791884207,-19.1536637731332,225.590789166276,0.0823137520687995,-0.0567842074907821,-0.0177705018853942,-0.0210311158520717
-11.2033025821815,-19.096488315487,227.184307568093,0.0548993711721248,0.0835826479893122,-0.0214227649329075,-0.0264071903431713
-11.2103703603671,-19.2152510318042,230.993272561158,0.00861057648056735,-0.0996286001742085,-0.0156783546661927,-0.0191341161429328
-11.2452095559583,-19.1318575336247,234.233270450779,-0.0183570800914762,0.0983006490849126,-0.0164821154997394,-0.0149071509054544
-11.3484827721586,-19.1025306213137,235.089999964443,-0.0863085460724452,0.0505057905082239,-0.0169646701277877,-0.021178878197194
-11.277818535688,-19.1762886536006,238.353910544665,0.0918260606179647,-0.0395976589129442,-0.021161824147363,-0.0341603733740143
-11.2464195565003,-19.1317379795838,233.41358672682,0.0593230620118251,0.0805032565399758,-0.0279240828241747,-0.0359525825231302
-11.1819267864261,-19.1094649889617,233.094248620684,0.081596938214393,0.0578095119685033,-0.0171041681402215,-0.0355365213464545
-11.2426201218546,-19.224619355879,236.66600004512,-0.0500559802805453,-0.0865701960154513,-0.0106373551478676,-0.0285841709018193
-11.2008302680405,-19.3373116277032,237.696539859942,0.0484939960166751,-0.0874547445844689,-0.00670414220258841,-0.0252375272397423
-11.2351379886019,-19.4603700123702,249.416431207242,-0.0333661263338791,-0.0942693036649344,-0.000941594227599651,-0.0287890810020208
-11.3291913559758,-19.510625569093,242.017741434732,-0.0993382488291291,-0.0114853088579291,0.00528488145530659,-0.0387702478649139
-11.4074376208851,-19.4836091687757,241.141409971197,-0.0723991983105211,0.0689808385277668,-0.00584706659885192,-0.0419644382104778
-11.4111536795807,-19.6248389312524,243.538688043673,0.00652110835981466,-0.0997871492014856,-0.0102371670553936,-0.0414426132751728
-11.489786363618,-19.7397864513888,242.710180214565,-0.0691273836596621,-0.0722592888725725,-0.00950530037766129,-0.0426882312638845
-11.5845386185347,-19.8347451091925,242.547063536285,-0.0799442794884464,-0.0600742222344423,-0.014807975428198,-0.0348844355692073
-11.5008506880915,-19.852106562601,245.225339766012,0.0983643862081661,0.0180124269850219,-0.0146764557649597,-0.0353738803934789
-11.4275410633028,-19.9285997813722,244.493633965709,0.085221441117747,-0.0523192696223331,-0.0119118163290857,-0.0241739491488993
-11.3364796173141,-19.9529708103932,245.061443747006,0.0999851795127921,0.00172159164575822,-0.00892373352406217,-0.0260926206667946
-11.3201775407683,-19.8787571890798,239.978591230539,0.0345945921046908,0.0938254453605741,-0.0182925155588585,-0.0196118240471677
-11.2867128475369,-19.8255637226312,239.760590658371,0.0540681766478858,0.0841227215083595,-0.0206034834164974,-0.0309292550597569
-11.3572247556678,-19.9442436708986,242.964587976278,-0.0487166872825077,-0.0873308901833615,-0.0217952208484355,-0.0313490580840075
-11.3741498899761,-19.8787751212645,240.30016252161,0.00316701814172174,0.0999498373990173,-0.0200921524500437,-0.0344812877649083
-11.4927240247292,-19.8990734606093,241.779722076029,-0.0992455794322434,0.0122603002882583,-0.0193285553207847,-0.0325586396330522
-11.4037888878295,-19.9142636935484,238.859020132389,0.0995203949325004,0.00978217728724846,-0.0105852580328598,-0.0249724102264288
-11.4804504234043,-19.8677964560581,234.734231699758,-0.0633121299735112,0.0774052594997086,-0.013349405601307,-0.030938022009348
-11.5192673225324,-19.995070060228,236.991424175651,-0.0197513861510429,-0.0980300094109574,-0.0190655129769883,-0.0292435947589809
-11.4328159845135,-20.0002290852577,239.048349571025,0.095901021469062,0.0283371501952915,-0.00944968345021202,-0.033496175224947
-11.3788429069834,-20.099350846173,244.236583383738,0.0691203230107365,-0.072266042834041,-0.0151472454806623,-0.0268557180812863
-11.4808654192148,-20.0832254962413,241.469420204922,-0.0907621183509884,0.0419790170494877,-0.0112603938804057,-0.0258536671177723
-11.3936946055699,-20.1255414543545,244.84461559187,0.0980143709094198,-0.0198288450301747,-0.0108435572644385,-0.0224871130830451
-11.3746445563394,-20.2468851538864,243.785014346213,0.0306566457269053,-0.0951849256593449,-0.0116065964964793,-0.0261587738725808
-11.3103576992271,-20.3323815345617,244.406255687504,0.0803305641350631,-0.0595566995873891,-0.0160437070227601,-0.0259396810878449
-11.4338974324155,-20.3222027592231,241.547027885435,-0.093743552337132,0.0348158928539166,-0.0297961808511964,-0.0246371175153506
-11.5141264538874,-20.4153652768283,236.379250130878,-0.0724973014857991,-0.0688777270042874,-0.00773171998609001,-0.0242847906009196
-11.5216043872399,-20.3434996063741,234.013805619442,0.00348400208515481,0.0999392902189656,-0.0109619354377131,-0.0280736197647649
-11.5554066158428,-20.468618582887,237.011131626248,-0.0178157542023611,-0.0984001976735873,-0.0159864744005151,-0.026718778839335
-11.6287946051503,-20.4108235153302,234.549761544895,-0.0480398353243507,0.0877050410296311,-0.025348153983181,-0.0299099734727726
-11.7355320113394,-20.4847465054578,236.148854549298,-0.0863107442414699,-0.0505020339044238,-0.0204266619476527,-0.0234209562231626
-11.8445234786439,-20.5460345091391,236.058905925182,-0.0904982854970124,-0.0425448037026995,-0.0184931818074929,-0.0187431999786831
-11.7864085342821,-20.5141809980915,233.001449386046,0.0866028281368749,0.0499995015844649,-0.0284878837749929,-0.0181459905368122
-11.8767276921511,-20.4737990496543,234.86971158221,-0.0731867816752073,0.0681446622122785,-0.0171323761938762,-0.0277627137750756
-11.9359837110293,-20.406062182377,234.438158300507,-0.037973110110036,0.0925096908900418,-0.0212829087681552,-0.024772823612718
-12.0378706916402,-20.352700223259,234.820406637801,-0.0697393343302006,0.071668858280152,-0.0321476462806292,-0.0183068991622335
-12.160542682968,-20.3514171944706,228.982060650473,-0.0937923199151228,0.0346843008425897,-0.0288796714126605,-0.0334012720541779
-12.1835877790789,-20.4753406457631,230.976407851856,0.0069292242720538,-0.0997596403912303,-0.0299743203830438,-0.0241638109012321
-12.3128144705093,-20.4704219824461,235.379906730337,-0.0971446672232167,0.0237258009367543,-0.0320820242071758,-0.0188071376197705
-12.3783534583905,-20.389739430179,240.720820651838,-0.0379247264358399,0.0925295364992536,-0.0276142614453256,-0.0118469842321112
-12.5019308999878,-20.3768193531866,241.645102405037,-0.0967021529166497,0.0254694644875958,-0.0268752886806514,-0.0125493874951879
-12.4353907053917,-20.4424083143427,238.253596488051,0.0873988860717251,-0.0485945955165965,-0.0208586914756612,-0.0169943656395759
-12.5516734855693,-20.494173107377,235.948192917508,-0.0946448628100212,-0.0322854447649752,-0.0216379173675278,-0.0194793482693143
-12.6191442118948,-20.4247324780746,234.549207106375,-0.0479912008899074,0.0877316626831189,-0.0194795254355835,-0.0182910333807378
-12.5674704496533,-20.3818983080447,239.343100968651,0.0835332333714413,0.0549745297616299,-0.0318594711299287,-0.012140359731724
-12.6165426149684,-20.5038715371762,236.98769009632,-0.0201172994322568,-0.0979555729070731,-0.0289548658828398,-0.0240176562243981
-12.7316903642512,-20.5652572068608,236.032168384213,-0.0916033468878521,-0.0401101837311155,-0.0235444023949984,-0.0212754859534492
-12.7070269246089,-20.4999790605798,239.763597208605,0.0538150134706384,0.084284899745773,-0.0291515738283135,-0.0190067534648399
-12.72016815247,-20.4219030602848,240.1101167356,0.02199090761371,0.0975520373048419,-0.0351321354748233,-0.0194760370097598
-12.6771879270198,-20.5138647574767,238.060949697747,0.0764782932077917,-0.0644288030932055,-0.0334980677576144,-0.0275328940987691
-12.6063758767287,-20.537575779978,238.750704720725,0.0999946574186374,-0.00103367680119984,-0.029182607127467,-0.0226773457000569
-12.6969526771819,-20.4763938379831,240.907818255376,-0.0544657152351522,0.0838658802131314,-0.0361110852181401,-0.0226839382182611
-12.7658951526048,-20.4061008939171,240.67298217868,-0.0334565553762095,0.0942372479562016,-0.0354859200466215,-0.0239443038901683
-12.9034635142574,-20.4253259572816,241.843805256593,-0.0998270069278907,0.00587951425024765,-0.037741354724778,-0.0251045776147727
-13.0244440091422,-20.3949953682108,241.32956424133,-0.0840240293827923,0.0542214209171952,-0.0369564655019765,-0.023890831846419
-13.0630321968266,-20.3220728923841,240.284179520658,0.00476404396492226,0.0998864549631245,-0.0433522316493313,-0.026963979136422
-13.0353805577113,-20.2838236233516,233.289760476988,0.0688118060424255,0.0725598742362445,-0.0411601669271402,-0.0343106052037285
-13.0111151357931,-20.237197682172,233.295635577805,0.0683843243398545,0.0729628959443194,-0.0441189024215962,-0.0263369547646484
-13.1373811875551,-20.3084817065406,236.107028167584,-0.0883469587490756,-0.0468488514244387,-0.037919093012917,-0.0244351729442123
-13.1544656536144,-20.2366018371538,233.876371319911,0.0171430392859738,0.098519623446497,-0.0342275053453331,-0.0266397540596586
-13.0991370957632,-20.2336677767116,232.774579025846,0.095629987691743,0.0292387662885608,-0.0403014298405164,-0.026304705846389
-13.2400100988414,-20.2902943478206,223.345052103736,-0.0957677625885577,-0.0287842951760442,-0.0451052404896295,-0.0278422759329899
-13.2898085024486,-20.4171924705074,218.26976852159,-0.00708614651595694,-0.0997486166698787,-0.0427122570912974,-0.0271495060169045
-13.235377590567,-20.4086997460162,214.06336035358,0.090684479419655,0.0421464730717312,-0.036253567538008,-0.0336537485805195
-13.2840569666915,-20.5416072884316,211.843914704673,-0.0211969105948238,-0.097727636732068,-0.027482465529717,-0.0351799056833002
-13.3791450086282,-20.4907519441237,215.813125944291,-0.0576165305120213,0.081733318859308,-0.0374715114245987,-0.0308779745514123
-13.3188181870161,-20.5731388198003,213.057688197486,0.0841570429493684,-0.05401473985884,-0.0238302213373007,-0.0283721358178042
-13.2663361262421,-20.5350720989757,208.018219427485,0.0781890171347683,0.0623416201225066,-0.0257069563607999,-0.0242748992979287
-13.2666533700213,-20.462111393689,202.329159878001,0.0298925316197855,0.0954276508846368,-0.0302097753989337,-0.0224669455979125
-13.2961202627465,-20.385690811983,202.679051691507,-0.00463089672170701,0.0998927164289413,-0.0248359960035014,-0.0234721347228763
-13.2706595630599,-20.4967763184035,200.028003987031,0.051144926537259,-0.085931347536847,-0.0256842268506361,-0.0251541588837334
-13.3870649576538,-20.4851468502991,203.829663404245,-0.0930924904187316,0.0365210655326261,-0.0233129041752349,-0.0248915974281552
-13.5088226475049,-20.5317122203725,204.482915334675,-0.0961223050125909,-0.0275772094140513,-0.0256353848385,-0.0189881606594078
-13.5196386983094,-20.4509561175147,196.225323798803,0.0123897854642052,0.0992294977118748,-0.0232058362687244,-0.0184733948540199
-13.5052037921861,-20.3820885187526,195.938445883766,0.0399613304576127,0.0916683809612534,-0.0255264243342825,-0.0228007821992158
-13.5783803600228,-20.324777134651,196.773441058388,-0.0411318580410167,0.0911491648568085,-0.03204470979564,-0.0338377807551424
-13.5596970350892,-20.2694633123545,195.899108523049,0.043535478042625,0.0900258971163305,-0.0248521531090322,-0.0347120748199181
-13.6844736575799,-20.3147504003019,198.041501859894,-0.0992668535657912,-0.0120868433905538,-0.0255097689248878,-0.0332002445567845
-13.6800656738271,-20.2615702680364,196.032973487761,0.0311306331801061,0.0950309616798951,-0.026722649427354,-0.0418508294144253
-13.7112031093569,-20.1940891349695,202.560779246587,0.00718848555257309,0.0997412937326384,-0.038325921082361,-0.0322601606657464
-13.6475918698148,-20.1936982461116,201.462169124067,0.0920967782035406,0.0389638735821768,-0.0284855386614247,-0.0385729847242224
-13.6141280960229,-20.307947764676,206.369510371708,0.0560667385645657,-0.0828041111704766,-0.0226029647726591,-0.0314454073939849
-13.5985734584642,-20.4290094009471,206.109286649148,0.032873879653911,-0.0944420882684208,-0.0173192420952741,-0.026619548002639
-13.6734079401416,-20.5428638075312,205.177459197912,-0.0562047819515864,-0.0827104738577566,-0.0186296997258228,-0.0311439327263372
-13.7718997275106,-20.5182303916524,203.466674947903,-0.0740590554498422,0.0671956568974305,-0.02443273191912,-0.0425622410186541
-13.8419409595546,-20.6486740427046,205.36179068747,-0.0400926645613966,-0.0916110159771593,-0.0299485674825952,-0.0388326350750567
-13.9063005140174,-20.7896850080764,199.179879581123,-0.0306252548157729,-0.0951950301616055,-0.0337342996470671,-0.0458159352102179
-13.9679205786672,-20.9344035706637,199.180541370028,-0.030562249099192,-0.0952152767679585,-0.0310578155506196,-0.0495032858193269
-13.9936303913118,-20.8762260050688,196.383704555312,-0.00341570605922805,0.099941647735651,-0.0222941065853046,-0.0417640821407197
-14.0999360126091,-20.8561773269717,190.990452377236,-0.0798076881644867,0.0602555633102873,-0.0264979331328146,-0.0402068852132018
-14.0322119744031,-20.9416179960717,187.968353052566,0.0864216079191318,-0.0503120828894198,-0.0186975697131704,-0.0351285862105826
-13.9996495158239,-21.0598713373723,187.410559194066,0.0466912683066298,-0.0884303424392234,-0.014128809727417,-0.0298229988613841
-14.0768007145482,-21.160227963496,186.185426341524,-0.0673797824133466,-0.0738915754462582,-0.00977141631098633,-0.026465050677416
-14.1151226915344,-21.283609393596,186.729572558757,-0.0193953254093511,-0.0981010772227573,-0.0189266515768587,-0.0252803528771999
-14.2212679253785,-21.3683847290231,192.268411695021,-0.080728464736412,-0.0590162264237716,-0.0254167691076432,-0.0257591090033884
-14.2821446661885,-21.4951189156394,199.176956615405,-0.0309033754023263,-0.0951051070592053,-0.0299733654076952,-0.0316290795571241
-14.366021091768,-21.4437454072453,203.235433128707,-0.0566874562439696,0.0823804121414067,-0.0271889693354996,-0.0310069037473149
-14.3588481473475,-21.371362134623,196.028043988324,0.0315987081190914,0.0948763492404955,-0.0244257636986021,-0.0224930766181259
-14.4558879098198,-21.3349045567446,190.918539771571,-0.0752720166451744,0.0658340604107676,-0.0217677458271268,-0.029376482532431
-14.4694811160082,-21.4738644256602,193.361995853411,0.015343910419107,-0.0988158105418886,-0.0289371166074801,-0.0401440583736523
-14.458628396271,-21.4072055018491,195.980563675968,0.0360661633759933,0.0932696727738237,-0.0252134436387887,-0.0266107489627565
-14.4944832842126,-21.330152171913,202.7250091096,-0.00921520263425816,0.0995744949292215,-0.026639685307364,-0.022521164993087
-14.4679213420547,-21.4443710189197,212.58988634899,0.0507587311139366,-0.0861600325888,-0.0241967889560204,-0.0280588144178999
-14.4161715008492,-21.5436445022119,219.118199225294,0.0701506924159977,-0.0712662637827751,-0.0184008512105631,-0.0280072195093979
-14.340071390657,-21.5875636239012,232.378204630221,0.0995038873378737,-0.00994868858954525,-0.0234037771456013,-0.0339704330997783
-14.4623841687471,-21.6305145954888,235.807868414557,-0.0982301519569874,-0.0187306499221772,-0.0240826261331613,-0.0242203216654779
-14.4514029477584,-21.7551120697275,237.484958520777,0.0290465403151572,-0.0956885494493461,-0.018065319326487,-0.0289089247893379
-14.5566912802971,-21.8340160040035,229.917769976573,-0.0835636232319256,-0.0549283248638877,-0.0217247093067385,-0.0239756094121439
-14.5388079347713,-21.9527082194945,237.628873025386,0.0424697454992656,-0.0905335336614429,-0.024586399973419,-0.0281586818294919
-14.6038282711863,-21.8908856602783,240.808806257347,-0.0459087917447604,0.0888390839694795,-0.0191115446702916,-0.0270165247533356
-14.5319467169852,-21.8933837908999,245.382833305662,0.094321852221207,0.0332172875707934,-0.0224402980201273,-0.0357154181924031
-14.6490390329728,-21.9106319652626,247.936716733628,-0.0969133977896435,0.0246534648450542,-0.0201789181979173,-0.0419016392076905
-14.6052614739636,-21.8721045889247,239.539324429033,0.0712120191419571,0.0702057570981578,-0.0274344601327243,-0.0316783807602299
-14.5590878551751,-21.9692089660843,231.679653875417,0.0697995037692485,-0.0716102595552248,-0.0236258849807651,-0.0254941176044596
-14.5047286892633,-21.9276400584946,233.218379129703,0.0738115964355449,0.0674673864295651,-0.0194524305238009,-0.0258984788398493
-14.5751959980856,-21.8672592633717,228.307642810732,-0.0516000654926785,0.0856588188171614,-0.0188672433296126,-0.0252780236942307
-14.6912083028296,-21.8489175423719,235.200803159873,-0.0913640267979832,0.0406523628742218,-0.0246482779460084,-0.0223106418744585
-14.7340676601239,-21.9654996683267,237.005312224927,-0.0183880795423993,-0.0982948550573345,-0.024471277751843,-0.0182872708974031
-14.6618843473742,-21.9602552905546,239.061488222738,0.0955204429357016,0.0295946782609202,-0.0233371301860803,-0.0243503004888836
-14.748910376833,-22.0619644917847,236.480445642582,-0.0651681860677991,-0.0758492420834428,-0.0218578433909169,-0.0258599591466648
-14.748360360779,-22.1869563098878,231.141164025652,0.0231971506476083,-0.0972722581306313,-0.0226471345936048,-0.02771955997245
-14.8049189083696,-22.1229043192003,221.913280095936,-0.0417777758717061,0.0908549252556706,-0.0147807717189341,-0.0268029345681065
-14.9089517993355,-22.1801890300854,217.08959170034,-0.0949330184496012,-0.0314280449288159,-0.0090998725162752,-0.0258566659563755
-14.8981944178872,-22.1083972866596,221.221120076932,0.0258203324342739,0.096609059787287,-0.0150629509860103,-0.0248173163614354
-14.9975888810946,-22.1868842834954,211.043530743314,-0.0848938435862421,-0.0528491752173548,-0.0145006196211312,-0.0256378216184459
-15.0765814992268,-22.2930285718866,205.097067890711,-0.0626653040617963,-0.0779298381035314,-0.0163273140704181,-0.0282144502876989
-15.0194974371065,-22.3959610638662,206.543475105281,0.0695529286217028,-0.0718497746701012,-0.0124688665013579,-0.0310827173094665
-15.0813258728266,-22.3437577523323,215.700578520452,-0.0480725369386857,0.0876871210171636,-0.0137558987814348,-0.0354838094833063
-15.1767104463407,-22.4312070716206,217.366509986914,-0.0827241136145589,-0.0561847045617004,-0.0126604598995463,-0.0312646147265347
-15.2917000434469,-22.4771997209634,216.99995704806,-0.0973651813768708,-0.0228039789389714,-0.0176244157293226,-0.0231886704038651
-15.3899872275434,-22.5648235175829,223.814828373368,-0.0723629310668634,-0.0690188829771416,-0.0259242530296646,-0.0186049136423598
-15.3631226028766,-22.6705259616598,231.472842419485,0.0536076441840194,-0.0844169443005347,-0.0267430195172658,-0.0212854997763152
-15.4242148656282,-22.6097539157628,228.118095514408,-0.0345365413212826,0.0938468290011087,-0.026555721430233,-0.0330747831041194
-15.3514870630511,-22.6393965831083,226.186945318805,0.0999970156621788,-0.000772566280631384,-0.0272692130850789,-0.0288701010648857
-15.3829190708536,-22.7703518897237,230.909684090523,0.000262404866133354,-0.0999996557178385,-0.0316944126686636,-0.0309556508975781
-15.3028050221708,-22.7906040510527,232.594937060492,0.0993153881296386,0.0116813389925656,-0.0192013394468127,-0.0319335003215464
-15.2481301089891,-22.758546904854,233.148778270711,0.07832488427458,0.0621708332208412,-0.0236499710929081,-0.030113687022201
-15.3376676277152,-22.863765989191,242.640313149119,-0.0740031709731526,-0.0672571980230989,-0.0155343477529701,-0.0379618863139086
-15.2585101706361,-22.8924517097111,245.125824462871,0.0996672772107927,0.00815069649704846,-0.0205098201316307,-0.0368364170171311
-15.3371064132612,-23.0118596196823,242.856299250064,-0.0578698083935155,-0.08155418613718,-0.0207264342316762,-0.0378537238339476
-15.3484499030197,-22.9477250611031,240.28353448153,0.00482847364120037,0.0998833611884193,-0.0161719633996924,-0.0357488026092128
-15.4530105159949,-22.9639254800851,235.347175334182,-0.0963161942432917,0.0268922056828462,-0.00824441873184334,-0.0430926246649364
-15.3619081972732,-22.9858217579031,232.705009794865,0.0974311403496096,0.0225204993322678,-0.00632882162795845,-0.0444167771502499
-15.4392025767121,-22.9547420887624,228.500316648248,-0.0670475326668596,0.0741931827278383,-0.0102468467720183,-0.0431135135870839
-15.3620396121064,-22.9580597260865,232.832557771392,0.0937750235503727,0.0347310373891574,-0.0166120589447214,-0.0380486747133233
-15.3898432308919,-22.9002661683719,234.128514507358,-0.00797769500813355,0.0996812739804082,-0.0198259237773275,-0.0418877162657196
-15.3843376852694,-23.0484809402106,231.147322038826,0.0237957108792214,-0.0971275663431989,-0.0182901652567153,-0.05108720549552
-15.3301954067831,-23.1421418786245,238.221663086662,0.0858028006958445,-0.0513602900376273,-0.0316605222095294,-0.0423006483763366
-15.2864213027193,-23.1128108121906,239.612229554202,0.0659090248453946,0.0752063856592587,-0.0221349207816282,-0.0458753192252921
-15.2385502151912,-23.2176259867725,237.914505235969,0.0662581289141353,-0.0748990010133502,-0.0183870413860436,-0.0299161735685374
-15.2627758497156,-23.148674147916,240.386060338677,-0.00541957734562293,0.0998530329103469,-0.0188060571787538,-0.0309011940539001
-15.2388367804643,-23.2676841245895,237.705703993734,0.0492933954976942,-0.0870066730791835,-0.0253543262464326,-0.0320033035942977
-15.2534624270575,-23.4000826316059,237.298604414862,0.0108147140231927,-0.0994134898320975,-0.0254403606163844,-0.0329850171842665
-15.1872285758994,-23.4635447834016,232.206214221467,0.0963331585616883,-0.0268313727104787,-0.030099307403562,-0.0366307790852609
-15.2184564455875,-23.6059510407883,237.166729132631,-0.00235140459991487,-0.0999723506596074,-0.0288764650882154,-0.0424339067270765
-15.3190035693462,-23.6894984564279,229.92583564499,-0.0831178762791483,-0.0556005273612059,-0.0174292474795035,-0.0279468882784215
-15.3386099968381,-23.8276917718038,230.927633851829,0.00205723615894856,-0.0999788366574962,-0.0216636636508731,-0.0382144787184018
-15.2857787963997,-23.939447776243,231.633073020326,0.0663893318350802,-0.0747827294132248,-0.0135581313966586,-0.0369732750259608
-15.3816026277917,-24.0211730722386,236.153857012805,-0.0860570307680817,-0.0509331665556094,-0.00976680062388269,-0.0307921294399449
-15.3417797883639,-24.1408208714213,231.463668722015,0.0528309838315769,-0.0849051656107428,-0.0130081444038321,-0.0347426335720549
-15.2815103040211,-24.2393704160293,231.701587578808,0.0713532668703862,-0.0700621959898735,-0.0110837825275887,-0.0284873486180608
-15.2039762225302,-24.254205968434,226.310828514289,0.0993261304693678,0.0115896421852502,-0.0217920489784529,-0.0264251945900078
-15.2168781691459,-24.3816401868039,218.346996925727,0.000630745941338075,-0.0999980107780024,-0.0135326925570052,-0.0274362075918511
-15.1933470267815,-24.5024604494702,225.033696754421,0.0398446095031291,-0.0917191751682447,-0.0163134671387972,-0.0291010874980699
-15.1464722243064,-24.6059061050077,225.383634291666,0.0688747145624687,-0.072500163406288,-0.0219999120873062,-0.0309454921311669
-15.2663964026797,-24.6301233839393,229.288023093612,-0.0998836647001162,0.00482219100355537,-0.0200405136731874,-0.0290394699351779
-15.2328724939479,-24.573262461867,227.244515966839,0.0497705571985728,0.0867346046059103,-0.0162466484668062,-0.0298736825336192
-15.2668216116077,-24.7051950072178,230.715149680614,-0.0190734529096017,-0.0981641655295109,-0.0148756647502299,-0.0337683798212822
-15.328623553338,-24.8272777672781,230.419580125033,-0.0468400841245764,-0.0883516073379687,-0.0149618576056838,-0.0337311527223321
-15.4475070938474,-24.8741580512248,229.562919220366,-0.0974423416988354,-0.0224719835405644,-0.0214411988105532,-0.0244083004061402
-15.5533712390674,-24.9524435801807,229.88714327296,-0.0852064457098425,-0.0523436873891748,-0.0206576995101742,-0.0259418415667092
-15.6170806072942,-25.0671503348989,230.546161655519,-0.0353114885108512,-0.0935579968743881,-0.0283978797159818,-0.0211487578438572
-15.6882575413524,-25.0085264048325,228.210712681704,-0.0430679274534968,0.0902505048454597,-0.0281090066046357,-0.0316265747790183
-15.6208897735773,-25.0708170051274,225.780897057336,0.0915609943026861,-0.0402067696079091,-0.0241932265276237,-0.0220838306869879
-15.6151401460898,-25.0008343609378,227.496978260085,0.0265274995618966,0.0964172794004974,-0.0207778720743761,-0.026434635210876
-15.6791268620792,-25.1233270760269,224.223578706083,-0.0389690982863663,-0.0920945675854311,-0.0250176177030212,-0.0303981475036963
-15.785034145853,-25.2131664532605,223.675937465574,-0.0812213917721709,-0.0583359710521006,-0.0246858920016919,-0.0315034061815105
-15.9068793558937,-25.235818803199,222.885480377676,-0.098598829476852,0.0166814515493903,-0.0232463805637888,-0.0393338014879241
-15.9705893814989,-25.1727960069233,221.921402871578,-0.0425143836996804,0.0905125802230626,-0.0211956419054982,-0.0274897839473631
-15.9368431384988,-25.2791912552604,231.483641476524,0.0545161240403197,-0.0838331212565802,-0.0207698810402999,-0.0225621270804872
-15.8975982735476,-25.3847022378567,225.211711087033,0.0554561861709227,-0.0832142500739865,-0.0162113212196875,-0.0222967325222996
-16.0013850174867,-25.3560873770924,216.189015807152,-0.0835981551872583,0.0548757546580188,-0.0201885887518483,-0.0262608938937667
-15.9803538710204,-25.2935539471565,214.644764889675,0.052637534819646,0.0850252311264754,-0.0316063883533104,-0.0224918011905544
-15.9957019680741,-25.4212016060977,205.817095425974,0.00427635713170279,-0.0999085220072949,-0.0196244541854522,-0.0277391369339455
-15.9338620004489,-25.3872886925513,208.095007020859,0.0731762560699584,0.0681559648716375,-0.0113362884446886,-0.0342430513251912
-16.0313935460411,-25.4828606797215,211.196737281091,-0.0758342652708066,-0.0651856135265822,-0.0216972803214066,-0.0303863736436085
-16.1493055146099,-25.4811795935246,210.026541731159,-0.089597876343391,0.044409689874558,-0.0283140922254255,-0.0427286036776344
-16.1235745523813,-25.4281526802685,208.436594757215,0.0461172989929209,0.0887310246396239,-0.0203863367642949,-0.0357041113835912
-16.0741345345726,-25.3820665817725,214.472704191427,0.0664177144255785,0.0747575227684967,-0.0169776966168751,-0.0286714242724955
-16.1493959835008,-25.3222043218298,215.724539012317,-0.0501595637733399,0.0865102199862435,-0.0251018851548981,-0.0266479600434728
-16.1203398127698,-25.4368270026069,218.920632201934,0.0547976071363611,-0.0836494007876269,-0.0257414364053545,-0.0309732799895244
-16.1957170747514,-25.3829472081078,228.336243267229,-0.0540285102027151,0.0841482031018792,-0.0213487517789321,-0.030268408602808
-16.165274785681,-25.3259879860299,233.46341175389,0.0552400239681259,0.0833579015570862,-0.024797734897728,-0.0263986794791577
-16.0882426880347,-25.3415542192277,238.831922866269,0.0997488979782576,0.00708218554707253,-0.0227168003319189,-0.0226484187448328
-16.2099949701083,-25.384417485197,235.797356653796,-0.0984216134176986,-0.017697062249342,-0.0233306686559516,-0.0251662037199374
-16.2213254837095,-25.5197826690671,224.800281927181,0.0175493667516547,-0.0984480559819031,-0.028879880352827,-0.0369171278882341
-16.3108355006939,-25.6321547605913,230.240189668575,-0.0618529878309518,-0.0785761280312547,-0.0276570291534188,-0.0337959634929312
-16.4235933985679,-25.6264372599832,235.191215766984,-0.0909700836222445,0.0415264239462279,-0.0217878142518053,-0.0358089233381733
-16.5026262981766,-25.5696498013887,234.57459196112,-0.0502025555139768,0.0864852786309096,-0.0288303440946454,-0.0296978200364322
-16.6295015317911,-25.5817112416794,229.1057043694,-0.0973538725146165,0.0228522100989774,-0.0295213610999276,-0.0349136503896013
-16.668743904942,-25.716163520935,224.51548874465,-0.0108173900502076,-0.0994131986835836,-0.0284249831006687,-0.0350390805720622
-16.7872279901729,-25.7102707938879,228.873982683276,-0.0895037508874399,0.0445990871776441,-0.0289803343434798,-0.0387063601304831
-16.8415963524663,-25.8400730014727,224.272639235976,-0.0344058136393628,-0.0938948347238198,-0.0199625486540249,-0.0359073728609793
-16.7663294121051,-25.8479878904035,226.520157356599,0.0947495335101178,0.0319769588862837,-0.0194825931489255,-0.0398918478170991
-16.8400829573729,-25.9625654161614,224.024134097042,-0.0564428390926843,-0.0825482035852831,-0.0173107061751203,-0.0320293221726402
-16.8677246576442,-26.0872050212403,218.231388918693,-0.0109083007509509,-0.099403264406793,-0.0167333995203371,-0.025236340672155
-16.7965291516373,-26.1384463447065,207.086303609091,0.096669482864618,-0.025593184301437,-0.0254739768577075,-0.0256481391647441
-16.7204136432087,-26.1758277396724,201.008614771143,0.0998579088888655,-0.00532898042246664,-0.0237424004603106,-0.0320524145433652
-16.6994103027201,-26.2942121835516,206.181572136611,0.0396088796075874,-0.0918212211649989,-0.0186055391189512,-0.0265632227142554
-16.7224906496503,-26.4254612619862,199.430134650818,-0.0060961031139398,-0.0998140146814274,-0.0169842438162711,-0.0314350637531646
-16.6565105003294,-26.5113247128478,200.519108822723,0.0856254889188829,-0.0516553544891743,-0.0196453395980249,-0.034208096372403
-16.5867758247041,-26.5799274701707,194.391885073723,0.0926098497847257,-0.0377281820772025,-0.0228751741593882,-0.0308745752457149
-16.5902484109098,-26.7076069056306,187.005957912612,0.00811058386045777,-0.0996705494589173,-0.0115831700661673,-0.0280088860010039
-16.6053179105747,-26.8350153735641,186.899253168469,-0.00255069534898837,-0.0999674644733808,-0.0125188043159277,-0.0274410034601011
-16.6466754094309,-26.7691421219393,190.42681416144,-0.0352703416519385,0.0935735165511885,-0.00608715720418473,-0.027700264926434
-16.7460167314087,-26.7685999018004,184.98650563303,-0.0933242506659038,0.035924702332066,-0.00601707131190565,-0.0353824821931354
-16.814681826163,-26.7221294860166,184.426802577691,-0.0600104981948466,0.0799921252774691,-0.00865459655945955,-0.0335217094936091
-16.8274770980949,-26.8566762151377,180.744959949642,0.0103198309639088,-0.0994660800920412,-0.0231151028957903,-0.0350806490291298
-16.7924324283471,-26.8117657650342,183.191136332477,0.0558049923328127,0.0829807377090293,-0.0207603225850121,-0.0380702876055317
-16.9057405852608,-26.8517169796096,185.38930427274,-0.0999375688064385,-0.00353303567182274,-0.0133705881073318,-0.0364181789035456
-16.8176983261437,-26.9289340770999,181.73197599031,0.088681110236253,-0.0462132090128521,-0.000638851119106221,-0.0310038884774357
-16.7631838279314,-26.8761014463643,176.89323329869,0.0570201921619197,0.0821504576117367,-0.00250569394964018,-0.0293178268761132
-16.8438083854316,-26.8260665661759,171.968237960419,-0.0682690471769491,0.0730707684204259,-0.0123555103232214,-0.0230358882320374
-16.7561259756786,-26.8669973023307,169.505427308262,0.099013545713763,-0.0140113441606637,-0.0113311359608375,-0.0269193919941166
-16.8300276587816,-26.9665370882382,167.314538705522,-0.0689405671270087,-0.0724375469228935,-0.0049611159759877,-0.0271022389846038
-16.8412388512528,-27.0928022622109,168.121097914093,0.00458748411730679,-0.0998947195274778,-0.0157986765884921,-0.0263704544453063
-16.9063126934632,-27.2132829850491,167.537242745353,-0.0512388822747956,-0.0858753570195178,-0.013834959935604,-0.0346053658186278
-16.8219371491253,-27.2957115425497,169.21774018792,0.0909688438652139,-0.0415291397193145,-0.00659329952731014,-0.0408994177812865
-16.9234781158296,-27.2947698996597,166.110041873368,-0.0923239284129873,0.0384225486191845,-0.00921703829127551,-0.0374809057292005
-16.9857499255457,-27.4204144000657,167.593824757828,-0.0463004746601493,-0.0886355800243044,-0.015971335055994,-0.0370089203816981
-16.9036054354427,-27.4200989421544,170.000175110717,0.0937934035703676,0.0346813703115397,-0.0116489134673721,-0.0343659124002507
-16.9435488916503,-27.3596635046921,171.627386793252,-0.039914776746408,0.0916886612252813,-2.86794611170649e-05,-0.0312532237629597
-16.8516325333428,-27.3794805732741,169.782169792657,0.099074365763353,0.01357461043969,-0.00715800745587813,-0.0333916790216549
-16.7582020418749,-27.4158919610192,175.795702163642,0.099110390697593,-0.0133090366206753,-0.00567989922968337,-0.0231023511244963
-16.8632231559882,-27.4213031429809,178.910234540248,-0.0987140034287516,0.0159857914120141,-0.00630711068453493,-0.0213969733736583
-16.867886581873,-27.3469867264277,190.075559204164,-0.000920353204582573,0.0999957646602036,-0.00374307268029028,-0.0256793481070439
-16.806714868509,-27.4441125816554,187.657807114238,0.0669135020484365,-0.0743140850957198,-0.00574178868437869,-0.0228117701320123
-16.8374351188418,-27.3724367303849,190.292938755453,-0.0224649388838271,0.0974439660571444,-0.00825531144903735,-0.025768114786608
-16.805799072684,-27.4905787685395,187.244906273972,0.0314702663862306,-0.0949190304079202,0.000165779771613472,-0.0232230077466227
-16.7040106545048,-27.5096578615749,188.434085482977,0.0998111085078058,-0.00614350213176572,0.00197730967136422,-0.0129355909036342
-16.7526456708948,-27.4383972000049,190.561799149878,-0.0475421965409424,0.0879757895563456,-0.00109281984898146,-0.016715127986437
-16.8519053406004,-27.4098616508415,191.219851247322,-0.0914186312037439,0.0405294197939456,-0.00784103850191897,-0.0119938706304801
-16.8654339251502,-27.3245392024958,202.849555721777,-0.0215134512280563,0.0976584426266262,0.00798486667823184,-0.0123359942809493
-16.7681983448044,-27.2930085941434,207.802343615963,0.0897279466000969,0.0441462976808946,0.00750763374577801,-0.0126156893284879
-16.8146300125355,-27.2293580832747,203.198702927182,-0.0536240529812707,0.0844065219154413,0.00719238525013211,-0.0207560110467178
-16.9199882597398,-27.2626127270039,198.017066677611,-0.099532534838249,-0.00965787288551425,-0.005825712366061,-0.023596770843735
-16.9445667986226,-27.3827386864286,199.331819773203,-0.015864066443498,-0.0987336386237045,-0.00871447243924806,-0.021392320800981
-16.9403001571953,-27.3099937187728,196.256778414005,0.00926294578089961,0.0995700649565928,-0.00499630435361453,-0.0268250973007476
-16.9993494926753,-27.4077135215227,192.688369090979,-0.0496514832909656,-0.0868028237271516,-0.00939785218901434,-0.010916979022781
-17.1019975279818,-27.4435849337493,198.185293349742,-0.0965103978498638,-0.0261866971353969,-0.00613763745669971,-0.00968471509117919
-17.1782387349152,-27.3919669466161,197.247685490133,-0.078217225225201,0.062306225034664,0.00197601829180272,-0.010688237901487
-17.1552523200263,-27.4974719005741,193.520535951608,0.0307522019036743,-0.0951540964860455,-0.00776578701478314,-0.0103508574719271
-17.2557583746217,-27.5658861188673,192.206289252686,-0.0842366157269176,-0.0538905610554911,-0.016269438868413,-0.0145236572377456
-17.2284093852971,-27.6689924898045,193.671855823378,0.0447446148089316,-0.089431087691028,-0.0173956254843972,-0.0136752832461475
-17.1547578987324,-27.7441492611903,181.71316426405,0.0877961204529571,-0.0478731786432638,-0.0141446338881863,-0.027283592742517
-17.067916697304,-27.7670815067723,182.151344377209,0.099813827612927,-0.00609916529181584,-0.0129726261845313,-0.0168330802901693
-17.0212651939612,-27.8566299729115,181.294780675003,0.0607733227742223,-0.0794141249336678,-0.0141218194314661,-0.0101343412055392
-17.1314475786589,-27.8587800003305,178.987041251613,-0.0996495854368949,0.00836421677474845,-0.010532799260762,-0.0105142441938391
-17.0505201615433,-27.8727412281113,175.846939670437,0.0996619463098824,-0.00821562278382559,-0.018734529194294,-0.00574560499694599
-16.9552744207518,-27.8526529535861,176.156589560823,0.097425562852653,0.0225446158282583,-0.00217982206116574,-0.0024563413030414
-17.0497524861433,-27.9143574755843,167.039999951072,-0.0859968025074603,-0.0510347916473936,-0.0084812628840325,-0.0106697303508163
-17.1398247916284,-27.9806808948378,167.098306084721,-0.0828767106574098,-0.0559593676751979,-0.00719559482767096,-0.0103640515782928
-17.0869183177337,-27.918486414783,170.578304954134,0.0595987343581023,0.0802993827056744,-0.00669226046345628,-0.018104902650883
-17.0108329771936,-27.8792096395664,176.469614962898,0.0857489395428775,0.0514501639188054,-0.00966359900273872,-0.012173388702152
-16.9955128711728,-27.7972626736951,171.065624469468,0.0150599984515164,0.0988594782842815,0.000260107569275192,-0.0169125124130645
-17.0451125848881,-27.8991919660887,167.527611588571,-0.0520635720955456,-0.0853778921071019,0.00246385838020302,-0.0165514002865024
-16.9977282545056,-27.9946034135612,168.701086199804,0.0585810072027369,-0.0810448369429718,-0.0111966768202123,-0.0143666105294677
-16.9176606274572,-28.057630384891,169.165878105269,0.0886937106349877,-0.0461890213556973,-0.00862608358658434,-0.0168379499741711
-16.9771110025862,-27.9895294367859,165.437160299216,-0.0482534413194061,0.0875877011961989,-0.0111969338095967,-0.0194867530910123
-16.9155795552846,-27.9424458302825,164.072898765242,0.0758309219314573,0.0651895028284864,-0.0142994746298761,-0.0181058963251353
-16.8409313057953,-28.0036230942103,162.917575661274,0.0902506328019722,-0.0430676593146595,-0.0156023833126646,-0.018109604613155
-16.841388834809,-27.9352438175522,171.002079684983,0.0213073803688873,0.0977036106897568,-0.0217649093825898,-0.0293243340316742
-16.8581841512751,-27.8589633312944,177.486498009825,0.00134865091309068,0.0999909052900044,-0.0181439673791779,-0.0237104190321524
-16.9309109245598,-27.7978973044837,178.067263223653,-0.0537338647460415,0.0843366573884341,-0.0189929085386815,-0.0232706305777484
-17.0540409746507,-27.8104315940775,178.930648241722,-0.0990197426419261,0.0139674824906535,-0.0241103074489288,-0.0265017720844547
-17.0641632639354,-27.7312718003292,177.362395991436,0.0137155237602876,0.0990549565038569,-0.0238378130450236,-0.019895162755514
-16.9844904154498,-27.7346261786912,176.097475367551,0.0985873169203402,0.0167493564786352,-0.0189144684347617,-0.0201037348406707
-17.083994955996,-27.7053695169985,178.500319551408,-0.0841651735587924,0.0540020699586447,-0.0153393669873232,-0.0247454082659146
-17.2111536123019,-27.7162808788663,172.754730318689,-0.0999459973835169,0.0032859712436412,-0.0272126589224264,-0.0141973331114933
-17.2991637437586,-27.8142029224392,173.658528052535,-0.0644113832326701,-0.0764929651017275,-0.023598748224078,-0.0214290784711295
-17.4230338692393,-27.8232801774244,166.339995682551,-0.0986514281088128,0.016367520645832,-0.0252186973718054,-0.0254447756310441
-17.5123658595607,-27.930448391116,161.130266543179,-0.0614502435483176,-0.0788914923667467,-0.0278817467731578,-0.0282767213248967
-17.6316294380351,-28.0132508344886,167.102831851249,-0.0826226037265584,-0.0563338739431624,-0.0366409747477618,-0.026468569429376
-17.5849108458873,-27.9674858730798,163.993543940395,0.0807599603598699,0.0589731193228935,-0.0340413682120797,-0.0132081579140753
-17.5966094301263,-28.0813506061461,168.274693520884,0.0198166093199477,-0.0980168454657696,-0.0315151935590023,-0.015847887600529
-17.5506456119162,-28.1658743287903,162.692632304818,0.0783706346541851,-0.0621131517788322,-0.0324068164440874,-0.0224105708654108
-17.59142188707,-28.2804623851881,167.897123185044,-0.0177143986907123,-0.0984184945984569,-0.0230618764630606,-0.0161695617993907
-17.6060096781719,-28.3975764733031,168.125058447732,0.00498308350087589,-0.0998757672252048,-0.0195708746027705,-0.0172383208897209
-17.5545950741136,-28.3479644000194,164.033955008941,0.0783115084465148,0.0621876808124523,-0.0268969043882379,-0.0125756075287526
-17.4945704959471,-28.4251286827314,169.009166876483,0.080398101807425,-0.0594654960944826,-0.0203735236409486,-0.0176987866175402
-17.4846279695668,-28.354185106896,164.604993935199,0.0322737539844962,0.0946488499864009,-0.0223312276041092,-0.0237052741510126
-17.4106349931697,-28.3822518300954,175.915434131731,0.099990540877846,-0.00137540356107358,-0.0259975644807717,-0.026691319638342
-17.4676099401912,-28.5071567961489,174.094574820491,-0.0260767818761683,-0.0965401545833792,-0.0308981651453806,-0.0283648114700945
-17.5177044262688,-28.4391629456057,177.660182634922,-0.0159513385340818,0.0987195765741077,-0.0341431475435208,-0.0307257260308731
-17.6422638412282,-28.4821500034275,179.335010537157,-0.0965294072272588,-0.026116537679295,-0.0280300077321129,-0.0168705201425325
-17.7650341622191,-28.5229930855635,185.576380679539,-0.0975367774091086,-0.022058491622185,-0.025233543581777,-0.0187845905138566
-17.8520886154181,-28.4691152439011,178.347376065896,-0.0749556045525097,0.0661940884533339,-0.0120988486464526,-0.0123162467908635
-17.934151830299,-28.4240574310424,184.541296671019,-0.0687562210120998,0.072612547621849,-0.013306993868877,-0.0275547347632319
-18.0204350258333,-28.5225919515392,186.192666609457,-0.0668430262170924,-0.0743774821175139,-0.0194401693172175,-0.0241570383792826
-18.1337602229711,-28.5148197189109,185.105163227789,-0.0969207787798205,0.024624431784573,-0.0164044183579826,-0.0168521991561867
-18.2296002595879,-28.4533186993727,190.753319149867,-0.063419244601518,0.0773175233318608,-0.0324207920152304,-0.0158165037936833
-18.2901921425654,-28.5595366978698,186.657306115411,-0.0264279488731423,-0.0964446137343013,-0.0341639341043205,-0.0097733847628696
-18.2474363924588,-28.5109629564187,189.226529580639,0.0744526944494214,0.0667592412271223,-0.0316969443428299,-0.018185499775953
-18.3767981445293,-28.5085211959391,191.449403864129,-0.0982427053966115,0.0186646949172659,-0.0311190466739681,-0.0162229344376819
-18.4957257404994,-28.5315367452107,191.710208489745,-0.099733255180525,-0.00729916509583725,-0.0191943407895216,-0.0157163841757928
-18.4205951483921,-28.5683933654976,188.352600652046,0.0989798815946226,-0.0142472116399842,-0.0238492894873552,-0.0226094086468862
-18.4467864347536,-28.4941109724464,190.176109714404,-0.010953395550324,0.0993983054479207,-0.0152378908111324,-0.0251159123967142
-18.5274676581611,-28.4392666999706,196.955131680703,-0.0569247936975541,0.0822165911631643,-0.0237564297099944,-0.0273723186873767
-18.5366967963675,-28.3631657737847,196.095087988146,0.0251715924786057,0.096780116408749,-0.0344007306849505,-0.0206791902228751
-18.6533935775928,-28.4437193696534,198.493147102745,-0.0840381327025124,-0.0541995595173515,-0.0326586485227836,-0.0263540363513144
-18.5889802715242,-28.4424348559181,201.40261624916,0.0942525531432562,0.0334134138629634,-0.0298392470747331,-0.0321289001276845
-18.5192474416172,-28.4905997703559,200.822856528321,0.0971557836427533,-0.0236802386973297,-0.0274229537357442,-0.0244846757404389
-18.6056449222567,-28.5868432883827,198.804642778176,-0.0633826753767154,-0.0773475045627841,-0.0230148052627541,-0.0188960134640723
-18.5748669203039,-28.5161541879045,195.843487577564,0.0484728968382657,0.0874664408336526,-0.0176948948854871,-0.0167773403554605
-18.6941885794012,-28.4941783996336,197.546136385549,-0.0930800053152177,0.0365528741758984,-0.0262416537820371,-0.0145770859049676
-18.6995819267045,-28.6142785156193,193.325686106745,0.0117466081397015,-0.0993076895170374,-0.0171399554430351,-0.0207924264686348
-18.7684305228869,-28.5464473092463,184.293436552322,-0.0488409656545621,0.0872614466642049,-0.020007630527779,-0.0194302402912108
-18.6917982834882,-28.5179265840245,176.450977967106,0.0866928690383835,0.049843218775413,-0.0100606296397565,-0.0213224935536545
-18.7439934240959,-28.4465836700393,171.636136435657,-0.0407154816557434,0.0913359160108488,-0.0114796589519024,-0.0199930020256183
-18.8574180080928,-28.4557974401215,166.323933771374,-0.0983758207293381,0.0179498717496569,-0.0150487632676182,-0.0271636418318444
-18.8751265654588,-28.5779061956981,155.469784867833,-0.00390415599122369,-0.0999237587663524,-0.0138044013747205,-0.0221849968102141
-18.82231960959,-28.6686109575012,156.30468451974,0.071445730655247,-0.069967903864114,-0.0186387747864458,-0.0207368579389851
-18.8768484367642,-28.5958094056758,158.94743152289,-0.0292655278077192,0.0956218012910006,-0.0252632993664612,-0.0228202494656635
-18.9545505565209,-28.7079514007689,161.276814433295,-0.0492715186242933,-0.0870190637300581,-0.0284306011325022,-0.0251229313630326
-18.9166581499246,-28.8101508656473,156.073200846864,0.053487896694816,-0.0844928689722671,-0.0155954900984554,-0.0177065959061338
-19.0180020614149,-28.8843898436452,154.500478241434,-0.084595744743751,-0.0533250407524469,-0.0167481667465772,-0.0209139372454388
-18.9604230770009,-28.9607142448629,156.45324044971,0.0810147743974911,-0.0586225752532557,-0.023435789983516,-0.0177018259644122
-19.0525029596542,-29.0484630743134,148.469921378606,-0.0685819881828034,-0.0727771316891083,-0.023497894470502,-0.0149716977614425
-19.136480683036,-29.1431655871722,142.392956522771,-0.0522268760231738,-0.0852780946132126,-0.0317508473585342,-0.00942441824556539
-19.0642152881241,-29.1631902998332,144.296966048495,0.0976699071974552,-0.0214613426430056,-0.0254045122856503,0.00143662998202032
-19.169246808443,-29.2417010058051,142.142223052806,-0.0717525150409495,-0.0696532596889644,-0.0332790052778904,-0.00885744628291718
-19.2325063070531,-29.160585924079,146.423001740302,-0.033249074290687,0.094310651884145,-0.0300104243194035,-0.0131955701580395
-19.3009038299406,-29.274768653313,142.530417737015,-0.040048675538292,-0.091630254761343,-0.028348847349239,-0.0225524744726648
-19.3894519932298,-29.3828575212796,148.559055554989,-0.0618313865081258,-0.0785931271962298,-0.0267167767811145,-0.0294957407704572
-19.3596953346107,-29.4842456962029,143.62704487383,0.0632347030004777,-0.0774685248113153,-0.0334780443812903,-0.0239196501119139
-19.4197192452199,-29.3997571135248,146.37913304281,-0.0290811275439897,0.0956780435667986,-0.0309427830652531,-0.0111894608887475
-19.47879681908,-29.3232613047948,146.499950412831,-0.0404006072757137,0.0914756302615814,-0.0186769665844224,-0.0149798215315116
-19.5968827894162,-29.359155719729,141.49290539211,-0.0992659915598463,-0.0120939207720461,-0.0188199787762855,-0.0238004941621703
-19.5166994226911,-29.3940416015409,131.861782110414,0.0996380385803224,-0.00850066278981728,-0.0194546718552964,-0.0263852190221563
-19.481298837377,-29.3389556694844,132.876853568234,0.059786434925544,0.0801597292840594,-0.0243858496113596,-0.0250737972275559
-19.5504969412544,-29.4367364765515,129.877621540824,-0.0478085423798767,-0.0878313342464495,-0.021389561497525,-0.00994947282057623
-19.4892777394081,-29.4039408387018,132.499109316639,0.0851363176092233,0.0524576726889542,-0.0239171157629308,-0.0196620348392962
-19.5496305611906,-29.5208801535613,136.213063749413,-0.0431555751340727,-0.090208626720771,-0.0171972466484576,-0.0267306881386951
-19.5148769125079,-29.6351089379016,143.50493571818,0.0533277278510708,-0.0845940508679076,-0.0185740791683244,-0.0296347334724274
-19.5922874380552,-29.7419135888591,148.577774571229,-0.0603494538088038,-0.0797367131563564,-0.0170610717385138,-0.0270679378011565
-19.6265377764072,-29.6732543346494,152.583332177451,-0.0214410719354956,0.0976743591443369,-0.0128092664164932,-0.0290151049346292
-19.7459281304935,-29.7058089163498,154.020132003839,-0.0996632345461207,-0.00819998047588795,-0.0197271195402635,-0.0243546012244664
-19.7411943559982,-29.6278883018771,152.144040861974,0.0221354139006425,0.0975193491131234,-0.0174016394052572,-0.01959873464045
-19.8518624806023,-29.6199254547972,153.70373170144,-0.0972675160484746,0.0232170265486287,-0.0134006085556919,-0.0152541794687231
-19.834939388074,-29.7324116198465,155.819009719797,0.0305223735169769,-0.0952280668442353,-0.013599280988668,-0.0172580982050938
-19.9339942354514,-29.8081592354837,148.183006597465,-0.0863739883415005,-0.0503937906689142,-0.0126808590358394,-0.0253538249682741
-19.9758123689528,-29.7346763612784,152.624161314958,-0.025410055018888,0.0967177807020875,-0.0164080784825664,-0.0232349064967501
-19.9933242568232,-29.859367966723,149.311728795025,0.00859714917713133,-0.0996297597408834,-0.0261090370475223,-0.0250618457037248
-20.0992840134639,-29.8103765454441,153.204035748654,-0.0742498104432354,0.0669848165567662,-0.0317099461974486,-0.0179933952778839
-20.2206888083851,-29.8262339650677,153.881436332577,-0.099839843863357,0.00565734719992479,-0.0215649510578793,-0.0215147668235112
-20.3371998203945,-29.8121099164788,159.858646768964,-0.0934985351603836,0.035468632943243,-0.0230124768489688,-0.0213445843543738
-20.317614552329,-29.9179668595567,162.225109941624,0.0419675952354972,-0.090767400261049,-0.0223823271700354,-0.0150895428168063
-20.3211360392047,-29.8367607218773,164.755196544043,0.0177472682403829,0.0984125727232242,-0.0212687551160293,-0.0172064350438426
-20.3305164880855,-29.759572934361,164.782891440971,0.0150152848781886,0.0988662794891506,-0.0243957337590004,-0.0216784919728994
-20.3193458493781,-29.6813409099637,164.596930471135,0.0330358941094222,0.0943855375594749,-0.0218652554020835,-0.01615351316212
-20.4127577485086,-29.6374616160518,165.707247801845,-0.0698739157697615,0.0715376536867144,-0.0235379833606864,-0.0276583597748186
-20.5360494274619,-29.6893601383325,166.680602209583,-0.0984518377962498,-0.0175281383649523,-0.024839841157057,-0.0343703839157179
-20.53620342059,-29.8122981263377,168.411282697193,0.0329784910086247,-0.0944056096362608,-0.0331324841367504,-0.0285323783689684
-20.4909097220257,-29.9172481006847,168.821891883188,0.0679209408975248,-0.0733944533844005,-0.0226272423332219,-0.03155552096257
-20.5165091297508,-30.0330033588908,167.961236822332,-0.0113723574862058,-0.0993512429977901,-0.0142270502389152,-0.0164040152084048
-20.4294089729252,-30.0725757257066,169.399085089798,0.0969670267920399,-0.0244416798749967,-0.00986686996643016,-0.0151306869407399
-20.3675920763475,-30.0207800051118,164.089247128202,0.0747550943501193,0.0664204476701623,-0.0129381977723568,-0.0146247270753861
-20.3765419364446,-30.1484679058248,161.782594699545,-0.000942682070472078,-0.0999955566538534,-0.00800717802665218,-0.0276923440591617
-20.3772165086675,-30.2723432525013,161.920782486758,0.012840532656238,-0.0991721771521836,-0.0135151048791187,-0.0247031695242548
-20.4740051977403,-30.2408037352813,153.286659760883,-0.0795247722867786,0.0606284635524933,-0.0172639167860993,-0.0290889463325286
-20.3963681268588,-30.3069405630636,156.613140921381,0.089315163297526,-0.0449755667572545,-0.011678092415945,-0.0211612610250889
-20.3005249563045,-30.3217783595768,157.149982493053,0.0997526472262192,0.0070291799921091,-0.00390947667196428,-0.0218669765052688
-20.3576119091526,-30.4234343304531,154.923248272841,-0.0552689576097454,-0.0833387204409341,-0.00181799523836546,-0.0183172504353557
-20.4672454738537,-30.4621914919649,154.130317267046,-0.0981571611991394,-0.0191094663799428,-0.0114764035019519,-0.0196476951319084
-20.4287501268647,-30.393760412505,145.567855959821,0.049358096062936,0.0869699853572598,-0.010862749073933,-0.0185389058973229
-20.4408177841115,-30.5112299916521,136.630327710573,-0.00289486757674667,-0.0999580899262941,-0.00917278967008883,-0.0175114892208512
-20.5326221164722,-30.4685185802699,134.404436296038,-0.0775021121906057,0.0631935329443984,-0.0143022201701086,-0.0204821215621571
-20.4873564823128,-30.5591818872962,131.160690049355,0.0706538578087787,-0.0707674528066179,-0.0253882236493155,-0.019895854219687
-20.5933808513613,-30.6244285752684,129.316072622507,-0.0872366482464484,-0.0488852452456305,-0.0187877208020488,-0.0163614427265131
-20.6095176650863,-30.7451540179598,136.740762949946,0.0081392382866767,-0.0996682135894524,-0.0242760520116967,-0.0210572291020164
-20.5782219267463,-30.6934681906011,145.433261475982,0.0605820625370494,0.0795601263118469,-0.0292863241970736,-0.0278742989531544
-20.5098077404937,-30.7432634590026,150.527190892554,0.0963968950173464,-0.0266014779855311,-0.0279827087647604,-0.0231937904159025
-20.5601084930518,-30.8521409567556,148.954600555211,-0.0267743721311813,-0.0963490165854381,-0.0235263804269046,-0.012528481167621
-20.4872457517986,-30.813149485826,151.330102370873,0.0860953587873661,0.0508683516076028,-0.0132326175341042,-0.0118768806779563
-20.5564456111971,-30.733409379009,152.849748364684,-0.0463999350419931,0.0885835539369403,-0.022799924356562,-0.008843447119947
-20.5669369579107,-30.8495560183333,155.660514149725,0.0151096878539502,-0.0988518959502355,-0.0256010345675186,-0.0172947433741193
