X,Y,Theta,FmPi_x,FmPi_y,Xi_x,Xi_y
0,0,0.800089271926843,0,0,0,0
0.109278783911864,-0.00884716632846636,6.15051171500972,0.0991211761411799,-0.0132284708258053,0.010157607770684,0.00438130449733892
0.120221242085538,-0.102381226150796,-1.6200285662043,-0.00492123535259653,-0.0998788338067899,0.0158636935262702,0.00634477398446054
0.241267975157076,-0.0811594826860248,-12.4243856010523,0.0989937050592665,0.0141508430363337,0.022053028012272,0.00707090042843721
0.270812396987586,-0.170942975879593,-13.9695668643041,0.0166816536425439,-0.0985987952854912,0.0128627681879664,0.00881530209192348
0.232534768471897,-0.254186980908029,-14.7445935288901,-0.0570756273275088,-0.0821119526328009,0.0187979988118191,-0.00113205239563565
0.249259057359262,-0.153860963792239,-11.0065206758269,0.00109461696583244,0.0999940088890235,0.0156296719215325,0.000332008226766576
0.360509714396773,-0.122873299284432,-12.3299200934644,0.0972175574745195,0.0234253392438294,0.0140330995629916,0.00756232526397762
0.293901715840079,-0.0627679716614472,-9.92024340304277,-0.0879747514715813,0.0475441174438384,0.0213667529148875,0.0125612101791463
0.2230418329663,-0.0448646467830495,-9.44523048995952,-0.0999790854315589,0.00204511033175224,0.0291192025577801,0.0158582145466455
0.23080984631523,-0.132850385733379,-7.98171623848874,-0.0127387532061007,-0.0991853021710075,0.0205067665550303,0.0111995632206779
0.154088212077134,-0.156884610380836,-2.87925954749532,-0.0965787552261575,-0.0259334540500481,0.0198571209880617,0.00189922940259135
0.17050553718235,-0.0591994603784115,1.62371005324151,-0.00528890380438125,0.0998600395380855,0.0217062289095972,-0.00217488953566124
0.109242462720418,-0.108046965468461,9.92568826566416,-0.0877145774929608,-0.0480224207556363,0.0264515030310291,-0.000825084334413639
0.187233278609761,-0.0350555421383699,13.3674310500118,0.0695945607783753,0.0718094500053093,0.00839625511096745,0.0011819733247822
0.227808068953389,-0.127364997870639,17.53886126519,0.0257178803863545,-0.0966363835645414,0.0148569099572733,0.00432692783227244
0.154184263819699,-0.0793547497805754,21.5763814158955,-0.0915210174739947,0.0402976843072248,0.0178972123403049,0.00771256378283867
0.193770977659578,-0.180298418552375,23.8095313052184,0.024506467707731,-0.0969506732338148,0.015080246132148,-0.00399299553798511
0.198862120567321,-0.0865961553549512,20.6142773970073,-0.0192711942846876,0.0981255373021816,0.0243623371924308,-0.00442327410475749
0.169610493596107,-0.171818297586184,10.3732344658082,-0.0582937898804401,-0.081251671129738,0.0290421629092256,-0.00397047110149498
0.0982976259462683,-0.156995723227508,15.5699325987254,-0.0990488882426558,0.0137592782475634,0.0277360205928175,0.00106329611111304
0.179571396371251,-0.24246476822144,17.8093086492131,0.0506006993059924,-0.0862529375137133,0.03067307111899,0.000783892519780949
0.266534857015757,-0.331743631704264,11.5614272625925,0.0536136034133873,-0.0844131596910815,0.0333498572311189,-0.00486570379174252
0.263165570215115,-0.42769706108654,10.6422161562491,-0.0346050405014778,-0.0938215922476862,0.0312357537008362,-0.00213183713458934
0.383749303873024,-0.462947022219581,12.0765836704758,0.0882433108307643,-0.0470437891078633,0.0323404228271441,0.0117938279748223
0.369528637343567,-0.546548343550654,10.5481970050916,-0.0432602422434576,-0.0901584795847699,0.0290395757140011,0.00655715825369678
0.500980848420263,-0.53164741796592,6.3767934954197,0.099562195183299,0.0093471541274694,0.0318900158933969,0.00555377145726393
0.447205287956517,-0.597950897492652,10.0587673971282,-0.0805670728914992,-0.0592363635421339,0.026791512427753,-0.00706711598459751
0.379522380864056,-0.56360258134989,9.08981271653249,-0.0944421735685622,0.0328736345974335,0.0267592664761009,0.00147468154532769
0.484174604409985,-0.627427732168307,-0.626915073867252,0.0809841128586543,-0.0586649253344513,0.0236681106872747,-0.00516022548396537
0.60159643317388,-0.649395423053672,-0.149501938559138,0.09888453846647,-0.0148945645211,0.0185372902974251,-0.00707312636426524
0.586037172007606,-0.559521266591645,8.31489553738572,-0.0444766826888628,0.0895646397692427,0.0289174215225886,0.000309516692784992
0.639624458982986,-0.45406124677426,7.53746091540022,0.0311262006145677,0.0950324136034736,0.0224610863608128,0.0104276062139114
0.670656980742228,-0.553966637498987,10.9723743110449,-0.00231978953869939,-0.0999730892615415,0.033352311297941,6.76985368139316e-05
0.616985997115531,-0.499607160803147,8.80364684867777,-0.0813220720263023,0.0581955376412049,0.0276510883996061,-0.00383606094536484
0.683236297549011,-0.593607995335414,11.441311554792,0.043112322851314,-0.0902293057623967,0.0231379775821654,-0.00377152876986998
0.642687656065486,-0.683172958625319,10.3319423244375,-0.0615982024465024,-0.0787760208144567,0.0210495609629776,-0.0107889424754479
0.675634587800242,-0.792156359861927,11.2231266075563,0.0225593619223438,-0.0974221493791669,0.0103875698124118,-0.0115612518574411
0.721990018402874,-0.707559325121715,13.8728087289049,0.0261289829707444,0.0965260392273222,0.0202264476318881,-0.0119290044871109
0.678667868191131,-0.803893655220508,10.3112469706987,-0.0632151929780605,-0.0774844460311008,0.0198930427663174,-0.0188498840676921
0.792977283530405,-0.803143828300342,6.41889660597062,0.099080534661586,0.0135295103819117,0.0152288806776878,-0.0127796834617459
0.901998372220721,-0.832162979775312,6.15160180803743,0.0991355375091583,-0.0131204116844813,0.00988555118115753,-0.0158987397904883
0.930107190889896,-0.944876429055505,4.85232025141269,0.0139475057787233,-0.0990225584528721,0.0141613128904516,-0.0136908908273214
0.939920115077089,-1.04982774197841,4.64875471388188,-0.00635913292803983,-0.099797602317909,0.0161720571152333,-0.00515371060499226
0.872210229338225,-0.992633254822638,8.74257551989396,-0.0776185954509224,0.0630504055516382,0.00990870971205826,-0.00585591839586952
0.959065046687354,-1.06567949171365,11.8778964228333,0.0772216350681512,-0.0635359668014998,0.00963318228097831,-0.0095102700895089
1.06966971669301,-1.09720100802137,6.0806569566086,0.0979561140096586,-0.0201146645044548,0.0126485559959943,-0.0114068518032687
1.03132271938555,-1.19015385321605,10.49926010217,-0.0476187682754434,-0.0879343670468471,0.00927177096798126,-0.00501847814783492
0.937524154939667,-1.19322759630751,9.39703833124207,-0.0999615281147474,0.00277360721165844,0.00616296366886893,-0.00584735030311283
0.884539668562704,-1.27423126450759,4.03876179739227,-0.0623824960434959,-0.0781564084856976,0.00939800966653281,-0.00284725971438647
0.812426165921843,-1.32874947756981,3.75161796408016,-0.0819633518026611,-0.0572888205610241,0.00984984916180054,0.00277060749880622
0.792580619479314,-1.23577426755862,-4.31648942481449,-0.0385638319703589,0.0922650034615613,0.0187182855278299,0.000710206549628688
0.889738724889499,-1.17229111428836,0.634098742400931,0.0805605975177636,0.059245169656107,0.0165975078924216,0.00423798361415331
0.824177835804781,-1.10324040165612,2.44018929346493,-0.0763937365019748,0.0645290401545448,0.0108328474172568,0.00452167247768883
0.806938401152944,-1.20035486684939,4.40400255135735,-0.0303521582178625,-0.0952824563679896,0.0131127235660253,-0.00183200882527414
0.770223089842463,-1.28656232936381,4.17432893498429,-0.0512471109339729,-0.0858704467259899,0.0145317996234913,-0.000337015788428444
0.733429329100787,-1.38559241460704,4.16286209059623,-0.0522283832391338,-0.0852771715304053,0.0154346224974586,-0.01375291371283
0.82302034345174,-1.30725203719566,0.852452235893728,0.0658138846565272,0.0752896578981292,0.0237771296944258,0.00305071951325646
0.862041404295208,-1.20109208397516,-4.83717389661507,0.0124461324888607,0.0992224459790713,0.0265749283546073,0.00693750724142443
0.896526738913116,-1.09066269731398,7.688502691367,0.0164724749913002,0.0986339574774377,0.0180128596266074,0.0117954291837395
1.01286439955291,-1.07252767180889,6.41713790418487,0.0991041757937975,0.0133552364348998,0.0172334848459963,0.00477978907019286
1.08756534926783,-0.987561325008633,7.24830679122596,0.0569317006282264,0.0822118085409755,0.0177692490866987,0.00275453825928173
1.17236852406624,-0.925568441496476,7.00301830421746,0.0751915837849855,0.0659259108993232,0.00961159101342446,-0.00393302738716637
1.12903283900908,-0.842071706870349,2.17803405491942,-0.0570601186782456,0.0821227304491548,0.0137244336210838,0.00137400417697263
1.24078714823236,-0.87404847503007,-0.309614903371541,0.0952450976319933,-0.0304691873385569,0.0165092115912882,-0.00150758082116496
1.23528089764317,-0.96888162989734,-1.86684485107673,-0.0291742920398809,-0.0956496768628716,0.0236680414506818,0.000816521995601747
1.15906253942664,-1.00184908808855,3.46842561187789,-0.0947063855129324,-0.0321045252741078,0.0184880272964045,-0.000862932917102995
1.27805409101491,-0.970407020600415,0.337928794464192,0.0943443363188555,0.0331533739543154,0.0246472152694195,-0.00171130646617876
1.2339051844776,-0.885606954225879,2.25751613308829,-0.0634003925971844,0.0773329827339079,0.0192514860598729,0.00746708364062741
1.14734578539435,-0.87144518205949,-3.20438212840324,-0.0998029388484943,0.00627482248384069,0.013243539765244,0.00788694968254827
1.15078916637204,-0.76263367771705,1.62857540747042,-0.00577469375474414,0.0998331253244078,0.00921807473243152,0.00897837901803213
1.22644073630639,-0.683589475048685,0.864257308384597,0.0649205195813474,0.0760613314193742,0.0107310503530094,0.00298287124899158
1.15481586181126,-0.648881304820153,-3.42306233108723,-0.0960648246862404,0.0277767791149712,0.0244399501911079,0.00693139111355992
1.25115441865169,-0.592503453868119,0.64717817922772,0.0797788354378348,0.0602937593469082,0.0165597214025972,-0.00391590839487426
1.19717348096916,-0.662966144895601,-2.30474994857228,-0.0669810553118949,-0.0742532034952357,0.0130001176293617,0.00379051246775402
1.2514047351651,-0.758514083733186,-7.55038732164892,0.0298952068063025,-0.0954268128463296,0.0243360473896357,-0.000121125991255511
1.37242966459465,-0.790367471652013,-6.56682621165718,0.0960042886058027,-0.0279852920173032,0.0250206408237432,-0.00386809590152396
1.33950064734196,-0.706696341555817,-10.4654592680819,-0.0505632577483297,0.0862748918624415,0.0176342404956427,-0.00260376176624513
1.46328592547925,-0.718317393118194,-12.6864180344248,0.0992802957976897,-0.0119759286204968,0.0245049823395997,0.000354877058119745
1.51078562948467,-0.816965654725375,-14.0391390984963,0.00978709190024976,-0.0995199117369789,0.0377126121051696,0.000871650129797879
1.43689047861017,-0.791047176349237,-9.73062015031797,-0.0953593710550142,0.0301096388552257,0.0214642201805204,-0.00419116047908782
1.52739545139465,-0.721716767611396,-5.4815313455428,0.0695519277482431,0.071850743534797,0.0209530450362332,-0.00252033479695592
1.4676695294476,-0.787609219671118,-8.7327884042373,-0.0769978062699177,-0.0638070358943293,0.0172718843228703,-0.00208541616539225
1.57668446671827,-0.7451356234553,-12.1031294807008,0.0894608898404659,0.0446849995966434,0.019554047430199,-0.00221140338082575
1.50371845038128,-0.72719398538046,-9.58310564183617,-0.0987492333640195,0.0157667025727769,0.0257832170270349,0.00217493550206271
1.62362201363626,-0.76139314115577,-6.73531134474966,0.089952031495634,-0.0436878934009008,0.0299515317593435,0.00948873762559076
1.61693338482728,-0.8481639460204,-14.5566299743505,-0.0407270095848017,-0.0913307762491893,0.0340383807758227,0.00455997138455959
1.55224112486,-0.872142296121822,-9.12727521884035,-0.0956071499699862,-0.0293133565907517,0.0309148900027045,0.00533500648932924
1.49070867577235,-0.835240308650571,-9.77352673102418,-0.0939801021342149,0.0341722168265763,0.0324476530465696,0.00272977064467517
1.42155227132462,-0.823044250990305,-9.52665860774259,-0.0994814654394574,0.010170449056853,0.0303250609917185,0.00202560860341275
1.48635066018754,-0.72963465258585,-11.3428928609288,0.034037771873581,0.0940288789993907,0.0307606169893468,-0.000619280594935597
1.58025477222578,-0.658472197513042,-11.5724140687445,0.0545377799632893,0.083819034572559,0.0393663320749507,-0.0126565794997509
1.70897753521839,-0.701552906117102,-13.0163763294556,0.0900444616467995,-0.0434970680246158,0.0386783013458052,0.000416359420556253
1.65960550160882,-0.742553557615161,-15.1661513434949,-0.0856775698339034,-0.0515689250164924,0.036305536224339,0.0105682735184329
1.71571951781687,-0.832577088500062,-7.64818740394584,0.0204344695251588,-0.0978898996588788,0.0356795466828832,0.00786636877397782
1.65665477984453,-0.792149998307649,-9.82937237474478,-0.0919262130067849,0.0393645952885486,0.032861475034446,0.00106249490386445
1.59077172635853,-0.773471955268562,-9.51228236681413,-0.0996173931753438,0.00873927782765615,0.0337343396893455,0.0099387652114303
1.55238375754304,-0.83333359538749,-8.64198227341465,-0.0708944612993069,-0.0705264160232254,0.0325064924838192,0.0106647759042983
1.47901125546959,-0.799523259859193,-15.9430341699618,-0.0972497829851858,0.0232911938151368,0.0238772809117367,0.01051914171316
1.54835556285475,-0.876056681575182,-7.30629834925415,0.0520710771435958,-0.0853733150645194,0.0172732302415604,0.00883989334853064
1.64304786265129,-0.809736391577602,-11.8734823105717,0.076940428781897,0.0638762116821108,0.0177518710146418,0.00244407831546865
1.73896613692348,-0.741556276267737,-18.2510458294094,0.0826175963813306,0.0563412173117652,0.0133006778908609,0.0118388979980995
1.72015916013646,-0.641117234815571,-10.6288927685457,-0.0358519535968726,0.0933522223800146,0.0170449768098573,0.00708681907215183
1.83112162583314,-0.661536473662863,-6.58258157014255,0.0955514731499411,-0.0294943380816742,0.0154109925467383,0.00907509923438196
1.81020399308369,-0.751972733599392,-8.11566671706859,-0.0258708633545281,-0.0965955404213431,0.00495323060507857,0.00615928048481428
1.91140412429763,-0.71450072625838,-12.2936134656671,0.0963031815838175,0.0269387679160404,0.004896949630119,0.0105332394249718
1.87534270448971,-0.624920978691133,-16.7236774798162,-0.052701308793985,0.0849857167493517,0.0166398889860648,0.00459403081789528
1.83667947632014,-0.707954533677652,-27.2498573845842,-0.051954626050575,-0.0854442322918576,0.0132913978810025,0.00241067730533868
1.9310483233243,-0.76313764107672,-32.0861577871826,0.0783678041116585,-0.0621167230197853,0.0160010428925021,0.00693361562071675
1.84987145161231,-0.790428836363501,-34.2527699259637,-0.0953922217035862,-0.0300054001548698,0.0142153499916016,0.00271420486808874
1.91796993066293,-0.861059960032027,-26.1104788852493,0.0558899989990474,-0.0829235069922062,0.0122084800515712,0.0122923833236804
1.87728512989955,-0.930553829055773,-27.2994616281014,-0.056127378440453,-0.0827630194555646,0.0154425776770761,0.0132691504318191
1.93667443612516,-0.816804189174539,-23.9192510632488,0.0349751803079979,0.0936842396693437,0.0244141259176063,0.0200654002118896
1.86031139133635,-0.790068661793792,-22.158955141894,-0.0985953485902335,0.0167020129436646,0.0222323038014256,0.010033514437083
1.97593871796483,-0.767423065723844,-25.0245151304267,0.0994149269915995,0.0108014948620519,0.0162123996368844,0.011844101207896
1.97527178889275,-0.84894616598989,-20.5406983749359,-0.0120055837590883,-0.0992767140804102,0.011338654687,0.0177536138143643
1.88940163507992,-0.848855108763895,-15.5044950959389,-0.0979371665589319,-0.0202067168636581,0.0120670127461042,0.020297774089653
1.83115256988285,-0.905258873678118,-21.295782733559,-0.0767819370784827,-0.0640666382642005,0.0185328718814155,0.00766287334997767
1.96510462341543,-0.913133727969219,-18.9738521149932,0.0992285168376114,-0.0123976387351737,0.0347235366949645,0.00452278444407203
1.88672124659665,-0.911726048525929,-28.1651601600993,-0.0994046466014029,-0.0108956979606723,0.0210212697826289,0.0123033774039627
1.98334150044454,-0.969034192490536,-19.6045341680768,0.0728286450411341,-0.068527282606802,0.0237916088067505,0.0112191386421952
1.99511545661042,-0.859425255127479,-23.3650244954323,-0.0195650186815527,0.0980673750234526,0.0313389748474382,0.0115415623396041
1.98198229172043,-0.748472021503534,-29.4572852322267,-0.0378194333433799,0.0925726226353431,0.0246862684533871,0.0183806109886017
1.90609845968636,-0.763798552467594,-27.9216726647494,-0.0938456861904538,-0.0345396465448456,0.0179618541563866,0.0192131155807859
1.8494178024927,-0.821167632087524,-21.3396939547889,-0.0795202640179666,-0.0606343764750071,0.0228396068243057,0.00326529685507732
1.96168593676125,-0.784908104760047,-24.6928398481787,0.0904793664740357,0.0425850236874085,0.0217887677945168,-0.00632549635993185
2.00589217004037,-0.689434098515028,-23.7211558649626,0.0158539198285588,0.0987352684002511,0.0283523134505534,-0.00326126215523165
1.93723181578543,-0.703341722643937,-27.9943276812488,-0.0961053724594506,-0.0276361608120641,0.0274450182045189,0.0137285366831549
2.03324441146693,-0.762327398446354,-25.9838505777881,0.0659149307731539,-0.0752012094395452,0.0300976649083373,0.0162155336371276
1.96764487222162,-0.720357592062004,-16.0312815404695,-0.0948186376445273,0.0317714644805025,0.0292190983992175,0.0101983419038478
2.06463152124251,-0.652312096805722,-24.3228063521179,0.0689545599532667,0.0724242270352356,0.0280320890676271,-0.00437873177895359
2.0066299357754,-0.591910452498279,-22.5927684943912,-0.0824419857193333,0.0565978709021218,0.0244404002522192,0.0038037734053209
2.11050677490693,-0.654368539824838,-19.4413548285492,0.0829938493406227,-0.0557854906909138,0.0208829897909095,-0.0066725966356449
2.06197117172207,-0.71975451875171,-14.9890435202478,-0.0752517592152115,-0.0658572147529474,0.0267161560303495,0.000471235826075167
2.12257531567379,-0.632493892082784,-11.3682388722484,0.0364098410454804,0.0931360482039197,0.0241943029062393,-0.0058754215349936
2.23395817775439,-0.57340687478253,-12.0562476562388,0.0872684475691848,0.048828455421654,0.0241144145114176,0.0102585618786006
2.32924809887225,-0.51304906893427,-11.9315821023413,0.0805197128383812,0.0593007238102928,0.0147702082794861,0.00105708203796739
2.4251404946939,-0.574131702363725,-13.1855143082823,0.0814375702148294,-0.0580338018529265,0.0144548256068133,-0.00304883157652924
2.36140451606073,-0.566508605145691,-15.7116719785814,-0.0999993122740605,0.000370870213049565,0.0362633336408908,0.00725222700498473
2.32749684162825,-0.635884737850162,-21.0551972609834,-0.0593052731302967,-0.0805163621814903,0.0253975986978214,0.0111402294770188
2.43388179210274,-0.570893586672228,-18.2333105903821,0.0816054309316321,0.0577975228055893,0.02477951954286,0.00719362837234505
2.55976370788299,-0.55079912722358,-24.9975529387267,0.0990875971630896,0.0134776885423752,0.026794318617156,0.006616770906273
2.67888158781282,-0.513019841676506,-24.7504888316797,0.0927826820423425,0.0373011248225783,0.0263351978874908,0.00047816072449558
2.61973397694634,-0.579657865226282,-21.3685927675909,-0.0812390786048786,-0.0583113377262978,0.0220914677383925,-0.00832668582347845
2.69460682853487,-0.669250940823682,-32.432543488998,0.0526245672194436,-0.0850332577581634,0.0222482843690894,-0.00455981783923654
2.65489690147307,-0.595104345740958,-35.3725503785489,-0.068584569604493,0.0727746989836884,0.028874642542692,0.00137189609903537
2.68335374924729,-0.485931432416078,-36.1284521704519,1.36654168846157e-05,0.0999999990662819,0.0284431823573361,0.00917291425859845
2.65228112764101,-0.407025200755737,-41.7553444453968,-0.0610075899067003,0.0792342979635453,0.0299349683004149,-0.000328066303204588
2.77601841487055,-0.391159918450337,-43.6937788532273,0.0958666519733892,0.0284532078931897,0.0278706352561562,-0.0125879255877895
2.7110652423283,-0.445641099341933,-40.4560286426581,-0.0926920119969899,-0.0375258699026403,0.027738839454742,-0.0169553109889559
2.65186198902442,-0.423015059338154,-47.5222329855495,-0.0921704924965064,0.0387891777813279,0.0329672391926277,-0.0161631377775486
2.58264340372748,-0.441836342398097,-46.9893966406958,-0.0990969419257609,-0.0134088068433541,0.0298783566288159,-0.00541247621658841
2.57565823033116,-0.351028839675904,-48.2709053518902,-0.0411209717779769,0.0911540765958102,0.034135798381663,-0.000346573873617972
2.59062768172019,-0.443913476283814,-58.3903490595468,-0.0267584238663034,-0.0963534470176923,0.0417278752553254,0.00346881040978247
2.53857570702398,-0.371459256545048,-54.1840889574602,-0.0713010465591048,0.0701153389749801,0.0192490718628995,0.00233888076378647
2.46550439211797,-0.358605454329073,-53.6476415390134,-0.0971203177616695,0.0238252781279117,0.0240490028556555,-0.0109714759119369
2.59751358184893,-0.387389740213754,-56.8186680431665,0.0963770822067753,-0.0266731705147415,0.0356321075241914,-0.00211111536993952
2.66115206116131,-0.483319213555413,-51.5368776941146,0.0294947993230064,-0.0955513307751157,0.0341436799893646,-0.000378142566542949
2.67117610613316,-0.584840327955385,-51.9823525196903,-0.0145554813790908,-0.0989350188852407,0.0245795263509478,-0.00258609551473171
2.78704372052186,-0.536128409082199,-55.9329487842146,0.0816358413957956,0.057754561721136,0.0342317729929071,-0.00904264284794998
2.89476603525238,-0.618323749543238,-57.3310265321878,0.0709252689178868,-0.070495434099844,0.0367970458126301,-0.0116999063611952
2.97382636740617,-0.71694879615571,-63.966793089054,0.0422186808234574,-0.0906508852109401,0.0368416513303353,-0.00797416140153212
2.92848094158005,-0.773035678574717,-65.4447543222863,-0.086346787094296,-0.0504403842024653,0.0410013612681666,-0.00564649821654173
3.04658487883011,-0.718210657977681,-74.7050582639829,0.0769227245552156,0.0638975308365075,0.0411812126948492,-0.00907251023947175
3.04648704115263,-0.636225501147379,-67.1651116161022,-0.0370112796018222,0.0928986823492978,0.03691344192434,-0.0109135255189951
2.99329700449492,-0.6131936701556,-72.5195681862866,-0.0965630725662194,0.0259917874831848,0.0433730359085134,-0.00295995649140612
3.08174982400654,-0.52099610515905,-61.6970299478069,0.0422292770133248,0.090645949511999,0.0462235424982915,0.00155161548455124
3.11887476492183,-0.433476875541284,-67.5753358705242,0.00310888082028714,0.0999516626177136,0.0340160600950057,-0.012432432999948
3.24186736869666,-0.455131536095498,-75.5126546487199,0.099345991863955,-0.011418139102629,0.0236466119108778,-0.0102365214515846
3.32261712486881,-0.551303091342579,-70.2371628836382,0.0433769196898509,-0.090102401955887,0.0373728364822914,-0.00606915329119465
3.407528775943,-0.476187255887593,-68.2163324713902,0.0622623144902429,0.078252183319816,0.0226493365839469,-0.00313634786482905
3.34312838705038,-0.485751579418261,-72.3069618979315,-0.0998733669351585,0.00503096183996539,0.0354729780425407,-0.0145952853706336
3.42300477339251,-0.41647343388152,-74.286807816702,0.0443392879053865,0.089632737033091,0.0355370984367447,-0.0203545914963507
3.53718829295119,-0.36429038367239,-74.7680008138638,0.080789618420295,0.0589324830250952,0.0333939011383815,-0.00674943281596449
3.46914400822228,-0.348481405120785,-72.4373274799381,-0.0983718769520881,0.0179714725307425,0.0303275922231778,-0.00216249397913712
3.42273013207448,-0.397821329847242,-71.6955767828793,-0.0846694637397217,-0.0532079120998744,0.0382555875919293,0.00386798737341709
3.40218809245819,-0.471896407691717,-71.3213463787188,-0.0593589370096823,-0.0804768078211392,0.0388168973933904,0.00640172997666447
3.41283283232684,-0.561907861361874,-77.2465616690347,-0.0273992211083803,-0.0961731910807481,0.0380439609770304,0.0061617374105909
3.50103856168438,-0.634308904220797,-76.3511702720773,0.0579283769065146,-0.0815125950327726,0.0302773524510282,0.00911155217384946
3.45446172396575,-0.686289769441761,-77.8273631320119,-0.075676051195052,-0.0653692226932818,0.0290992134764183,0.0133883574723175
3.58114819808099,-0.68672291194886,-75.4689347604561,0.0997501013502005,-0.00706521624755599,0.0269363727650349,0.0066320737404576
3.69281177568066,-0.622797751344701,-68.5109279451839,0.0823007723654887,0.0568030181244273,0.0293628052341859,0.00712214247973111
3.7424198896561,-0.70310587408493,-64.1539552439041,0.0246138498928611,-0.0969234666809421,0.0249942640825811,0.0166153439407134
3.71769527006972,-0.775506987271036,-71.2582735194619,-0.0541683681509502,-0.0840582410704812,0.0294437485645647,0.0116571278843752
3.83531008260085,-0.768291653912277,-69.0521787501865,0.0998024983991579,0.00628182404131834,0.0178123141319739,0.000933509317440434
3.9231643064636,-0.68852950150735,-68.322885762697,0.0702314568092141,0.0711866734329924,0.0176227670535374,0.00857547897193497
4.04704353157333,-0.713129749668935,-63.0457508080934,0.0977210965779572,-0.0212270413294353,0.0261581285317698,-0.0033732068321502
3.97479887328057,-0.708404926574354,-47.1531458831171,-0.0999572071436827,0.00292519059804986,0.0277125488509231,0.00179963249653131
3.92880686158952,-0.636884343349683,-41.5464846731876,-0.076110573924808,0.0648627823704499,0.030118562233759,0.00665780085422163
4.04696397688929,-0.688538043005069,-38.2619807593838,0.0845727697618219,-0.0533614712579579,0.0335843455379496,0.00170777160257113
4.14590573217412,-0.620147324041794,-36.898951723511,0.0696591837670135,0.0717467638079478,0.0292825715178155,-0.00335604484467211
4.27145968003721,-0.656731592168186,-38.0120431956776,0.0951435245122868,-0.0307848947274453,0.0304104233508022,-0.00579937339894698
4.21323024913697,-0.616991147676123,-41.3135443425778,-0.0890278567534581,0.0455416372332588,0.0307984258532228,-0.00580119274119612
4.13877770986481,-0.641457206617502,-46.9182880060706,-0.0978938300974109,-0.0204156319730557,0.0234412908252501,-0.00405042696832275
4.09067797226888,-0.714023104346324,-46.3399784002978,-0.0708157297256354,-0.0706054702089418,0.0227159921297044,-0.00196042751988054
4.01189374585772,-0.732339226758459,-46.9302000164392,-0.0981300702769935,-0.0192480988004611,0.0193458438658363,0.000931976388326122
4.06654207183829,-0.638585208675852,-49.012207156579,0.0312212466490968,0.0950012302955928,0.0234270793314719,-0.00124721221298574
4.1014001107475,-0.534526068502273,-55.1463180175505,0.0167651118199053,0.0985846388930145,0.0180929270892962,0.00547450128056495
4.14229345436366,-0.433053422346246,-55.2030950958507,0.0223324377078655,0.0974744183159064,0.0185609059082941,0.00399822784012024
4.25038917270006,-0.475168269056425,-57.0957471116934,0.0854047471766548,-0.0520195074918215,0.0226909711597445,0.00990466078164254
4.24415039399055,-0.555768374822519,-52.2150068663571,-0.0369738984549204,-0.0929135664639198,0.0307351197454127,0.0123134606978262
4.36490262211207,-0.575851966389166,-50.5530298932784,0.0958942309036901,-0.0283601212865843,0.02485799721783,0.00827652971993642
4.28606475531353,-0.570683001492075,-53.3817896632932,-0.0999680340098325,-0.00252827534279121,0.0211301672112958,0.00769724023988305
4.2447883310112,-0.475945397402184,-48.1617769286954,-0.0508041278395015,0.0861332722846844,0.00952770353717636,0.00860433180520614
4.30470607008702,-0.550804728799338,-45.0968590179789,0.0440570845154543,-0.0897717845650743,0.0158606545603641,0.0149124531679206
4.27017346900461,-0.623614734460483,-39.8416566515286,-0.0541103271517152,-0.0840956151980253,0.0195777260692998,0.0112856095368806
4.27401609394906,-0.715474377592574,-39.4733839668467,-0.0202074636304537,-0.0979370124805933,0.0240500885749046,0.00607736934850195
4.19831655733756,-0.690452098683997,-41.0214921603469,-0.0983702372514921,0.0179804455752673,0.0226707006399973,0.00704183333330971
4.13049833964345,-0.736637369217013,-40.3038263761269,-0.0859309569681071,-0.0511455827471476,0.0181127392739953,0.00496031221413207
4.23212428222217,-0.678350096463286,-43.4435638898696,0.0858359269464349,0.0513049085882267,0.0157900156322803,0.00698236416550041
4.18919007939197,-0.74831900971131,-52.6377292640058,-0.0718365894916061,-0.0695665466313693,0.0289023866614055,-0.000402366616655159
4.13902080099086,-0.797318249737831,-46.5693649075676,-0.0850150697061687,-0.0526539449885313,0.0348457913050657,0.00365470496201087
4.23612814308011,-0.858525578394164,-57.3035518018063,0.0728351006285474,-0.0685204211635434,0.024272241460694,0.00731309250720996
4.31223855346505,-0.929409391315746,-51.1777085449069,0.0611986725860489,-0.0790868034105918,0.0149117377988945,0.00820299048901002
4.27239330981657,-0.849809546554957,-54.2356575550164,-0.067592114070155,0.0736973955817107,0.0277468704216739,0.00590244917907828
4.22396011329775,-0.91804512290943,-58.9036894621692,-0.0706277005456085,-0.0707935584332349,0.0221945040267917,0.00255798207876146
4.34717871890482,-0.8984421018437,-62.7007421030532,0.0991417262345641,0.0130735656662879,0.0240768793725046,0.00652945539944272
4.46605257409207,-0.91211125611604,-62.9716740513317,0.099024096141827,-0.0139365843481895,0.0198497590454219,0.000267430075848785
4.48866840097638,-1.02198995513674,-64.4033796826982,-7.3028404248532e-05,-0.0999999733342573,0.0226888552885569,-0.00987872568643872
4.53298359442618,-1.13642448322012,-57.8938812661783,0.0223674458809085,-0.097466390949725,0.0219477475688983,-0.0169681371336597
4.48214605155345,-1.09618734717542,-60.2393465147426,-0.0853001851639294,0.0521907885646439,0.034462642291194,-0.0119536525199435
4.56053754228058,-1.01680093473572,-61.7051576636584,0.0429646186021697,0.0902997317181513,0.03542687212496,-0.0109133192784553
4.56017534530323,-1.12163140170672,-58.3939731691169,-0.0271074428266944,-0.0962558390093687,0.026745245849348,-0.00857462796163111
4.55326013031271,-1.03047905397169,-48.366912629073,-0.0321935865153272,0.0946761479322017,0.0252783715248031,-0.00352380019716431
4.61627869042126,-0.948842318107773,-42.7828134774803,0.0362838943307296,0.0931851866564448,0.026734665777826,-0.0115484507925305
4.59386988356229,-1.04737048441758,-45.9562604882693,-0.039233339500869,-0.0919823084707573,0.0168245326418903,-0.00654585783904821
4.71817590379307,-1.05794571658854,-50.2951439062599,0.0999560131478024,-0.00296570996497502,0.0243500070829823,-0.00760952220599159
4.82536877785151,-1.12078319082399,-50.8695356319018,0.0823040247331249,-0.0567983055445245,0.0248888493253157,-0.00603916869092147
4.79102831988561,-1.05625973748003,-60.5945812905144,-0.0618219520549761,0.0786005486247535,0.0274814940890762,-0.0140770952807951
4.86294278091071,-0.980035878457313,-67.8905798658431,0.0339455357827311,0.0940622166463417,0.0379689252423692,-0.017838357623622
4.79425158699753,-1.01161041881003,-65.7675455453243,-0.0978877340767406,-0.02044484084852,0.0291965401635581,-0.0111296995041975
4.92277182140791,-1.02424807480971,-69.1449089553467,0.0999553907503989,-0.00298661345591871,0.0285648436599804,-0.00965104254375956
4.87916621375539,-0.974512566161974,-66.6968101967956,-0.0749582997357769,0.0661910364076695,0.0313526920832645,-0.0164555277599355
5.00612676746921,-0.96182807162374,-68.8366782135355,0.0961507323484728,0.027477930578054,0.0308098213653389,-0.01479343603982
4.97951408953676,-1.06335799845806,-64.8528934924256,-0.0435185314737271,-0.0900340903123379,0.0169058535412807,-0.0114958365219776
4.93230315327742,-0.996692974184512,-66.7932618036609,-0.0682355669350083,0.0731020342060192,0.0210246306756723,-0.0064370099324747
4.87452219564421,-0.94733530120882,-66.5899851301038,-0.0815884306799121,0.0578215183058105,0.0238074730467002,-0.00846384533011868
4.86748609584311,-0.854646634705112,-73.5610799642551,-0.0263209390923062,0.0964738729672397,0.0192848392912071,-0.00378520646353209
4.86396819044538,-0.946337621228993,-70.9656994500988,-0.0276225657837951,-0.0961092808188674,0.0241046603860582,0.00441829429498675
4.79902816424742,-0.898584526561834,-72.765119655648,-0.0873481330399719,0.0486857643919799,0.0224081068420166,-0.000932669724820701
4.72147055981902,-0.906675970467765,-72.1595992933355,-0.0995296113182381,-0.00968795493592189,0.0219720068898406,0.00159651102998989
4.73666088411347,-0.803095191295275,-80.0191857668644,-0.00912995818489088,0.0995823471481876,0.0243202824793389,0.00399843202430314
4.74217518060113,-0.707739777509696,-79.9514915608107,-0.0158450476789385,0.0987366925922282,0.0213593441665951,-0.00338127880664946
4.85591614153453,-0.697964032637122,-75.2522433236194,0.0989363775418001,0.0145462434637401,0.0148045833916051,-0.00477049859116588
4.96067977416237,-0.746723832113241,-75.8560742224205,0.0897004677179128,-0.0442021050538059,0.0150631649099235,-0.00455769442231385
5.03880026307839,-0.682658053913369,-80.7945881273012,0.0631879256902134,0.0775066838857661,0.0149325632258126,-0.013440905685894
5.16002456531049,-0.715760568300124,-81.881899747326,0.0979968962058752,-0.0199150278436897,0.0232274060262201,-0.0131874865430649
5.14910681056636,-0.82176551976992,-89.8833435711453,-0.0340974141650556,-0.0940072675236158,0.0231796594209275,-0.0119976839461807
5.09111515943385,-0.900601268698451,-90.3047113623009,-0.0695647426469262,-0.0718383364260819,0.0115730915144141,-0.00699741250244876
5.17882399168541,-0.977968988847106,-88.7672066279757,0.0694830365211982,-0.071917366718991,0.01822579573036,-0.00545035342966434
5.11978683561732,-1.04637467333322,-84.0402214414533,-0.0708955531725739,-0.0705253184349759,0.0118583971044854,0.00211963394886118
5.23332015622844,-1.03701531787796,-87.8714584807829,0.0995665993766354,0.00930012304072319,0.0139667212344827,5.92324145414491e-05
5.34018416940514,-1.0120676808431,-100.200153282481,0.0945779028137498,0.0324810760190128,0.0122861103629486,-0.00753343898416005
5.38044109065124,-0.920352586084974,-99.1979062125844,0.0235504488749501,0.0971873261170836,0.0167064723711556,-0.00547223135895344
5.44180788330076,-1.01043005170429,-89.1150066536673,0.0408111025077444,-0.0912932303739022,0.0205556901417756,0.00121576475458302
5.56772527584863,-0.989895052333338,-94.0471700315934,0.0979945291684767,0.0199266719009615,0.0279228633793869,0.000608327469993578
5.68906106290775,-0.996934925036297,-94.3456335843772,0.0995216118750273,-0.00976978862598539,0.021814175184093,0.00272991592302661
5.79848107026326,-0.963844925969129,-100.266749942645,0.0965297809531249,0.0261151563108808,0.0128902264023933,0.00697484275628636
5.77071143541102,-1.05324888712455,-102.544071300296,-0.0428028356107435,-0.0903765304914925,0.015033200758503,0.000972569336073495
5.70733311804232,-0.985903364681859,-98.0780562324189,-0.0772083048187804,0.0635521649278,0.0138299874500794,0.00379335751488973
5.80931549956515,-0.93385158228751,-100.109254579382,0.0912390197972358,0.0409321544319331,0.010743361725595,0.0111196279624153
5.75336884729884,-0.843926486806401,-98.285301992538,-0.0624793161378599,0.0780790308273954,0.00653266387154172,0.0118460646537137
5.69301369223042,-0.754875296466777,-98.2768486544198,-0.0631371043854915,0.0775480886277383,0.00278194931707176,0.0115031017118858
5.61381574925363,-0.690899251340827,-97.9552015509409,-0.0844144295254878,0.0536116040413497,0.00521648654869811,0.0103644410846001
5.65479986916016,-0.590697502174558,-99.2891759064177,0.0323103750005619,0.0946363548924147,0.00867374490597328,0.00556539427385486
5.74126497460456,-0.649430994366898,-95.0524348246381,0.0693359724011764,-0.0720591627149754,0.0171291330432259,0.0133256705226357
5.66936422845483,-0.593892618235201,-97.8709358792868,-0.0886271792533819,0.0463165531704261,0.0167264331036483,0.00922182296127089
5.77105893960925,-0.650607003846112,-101.195148017461,0.078742059651785,-0.061641609662587,0.0229526515026386,0.00492722405167575
5.70088684264708,-0.579403465560634,-98.107415046185,-0.0753094845985438,0.0657911964437621,0.00513738763637051,0.00541234184171577
5.6325794828308,-0.625753518254965,-90.519755191701,-0.0832920613311334,-0.0553392493553238,0.014984701514857,0.00898919666099315
5.57291483955954,-0.668237462689778,-84.2579690441501,-0.0844571143933483,-0.0535443351658126,0.0247924711220833,0.0110603907309995
5.67366029112037,-0.610489291254106,-87.4566568885642,0.0873749559042987,0.0486376097348735,0.0133704956565328,0.00911056170079838
5.62131494990891,-0.671693207641459,-83.945643677625,-0.0639185233849603,-0.076905281797067,0.0115731821734961,0.015701365409714
5.54004071705558,-0.663019763133145,-84.8174950970891,-0.0999984838992765,-0.000550652200705802,0.0187242510459464,0.00922409670901947
5.50307111786495,-0.723551665652044,-83.9722207788937,-0.0659396293880171,-0.0751795535778908,0.0289700301973905,0.014647651058992
5.45101918912794,-0.772345873984911,-84.0854058983605,-0.0740087580517608,-0.0672510500411401,0.0219568293147532,0.0184568417082734
5.37515838150187,-0.721426960659999,-85.1737257460731,-0.0939124174592876,0.0343577916483656,0.0180516098332149,0.0165611216765462
5.30546293382575,-0.769287998534387,-84.1558726514185,-0.0785601286602959,-0.0618733075314207,0.00886468098418014,0.0140122696570323
5.28789074250092,-0.854207366131896,-77.3496932452684,-0.0371545592353146,-0.0928414709492988,0.019582367910477,0.00792210335178956
5.20084977764948,-0.867146785131717,-78.4001273142438,-0.0990259342682606,-0.0139235175978677,0.0119849694168233,0.000984098598047545
5.14225509004325,-0.93830933175135,-77.7693693425726,-0.0717599427416582,-0.0696456073109707,0.0131652551354282,-0.00151693930866237
5.10541275461274,-0.841106227215509,-79.6098942623453,-0.0480055873826543,0.0877237914139964,0.0111632519521487,0.00947931312184436
5.19491279296877,-0.888358903350041,-94.9124735922649,0.078710557789506,-0.0616818295161941,0.0107894805665172,0.0144291533816623
5.308799388633,-0.888156839353728,-94.358521330034,0.0993874399532488,-0.0110515510015272,0.0144991557109826,0.01125361499784
5.40635732621853,-0.92975484822396,-88.5094234405342,0.0855215855202777,-0.0518271975906264,0.0120363520652544,0.0102291887203944
5.51595845185337,-0.92602662891406,-94.2891041041117,0.0999146264502951,-0.00413127356852435,0.00968649918454556,0.00785949287842447
5.58750638119011,-0.840619739025988,-99.6390560407825,0.0627927548623435,0.0778271799360457,0.00875517447439744,0.00757970995202578
5.54260266596501,-0.749322372339158,-98.3256643389991,-0.0592778326445124,0.0805365665829453,0.0143741174194085,0.0107608001038846
5.60693696947661,-0.655626181004841,-99.4797151870379,0.0496486616665686,0.0868044376441585,0.0146856418450296,0.00689175369015915
5.67201340449164,-0.749764259207935,-101.609516805147,0.0472605041212529,-0.0881274347193032,0.0178159308937769,-0.00601064348379143
5.65292812121213,-0.842873616266861,-102.562088709076,-0.044424151114508,-0.0895907070948508,0.0253388678349991,-0.00351864996407447
5.74522610659736,-0.77763917660509,-106.024432915281,0.070404609958519,0.071015427173177,0.0218933754267159,-0.00578098751140638
5.8567778466462,-0.738576837628537,-106.316991531892,0.0878941214179328,0.0476930122782121,0.0236576186309057,-0.0086306733016589
5.86202044833751,-0.834816574753029,-108.54841211462,-0.0162738544132121,-0.0986669228391034,0.0215164561045214,0.00242718571461126
5.89989995416787,-0.94172250246131,-108.243894650713,0.0140584643610063,-0.0990068663265852,0.0238210414693496,-0.00789906138169549
5.82424638286114,-0.968246272857404,-109.768841427474,-0.0982584709136596,-0.0185815202206254,0.0226048996069332,-0.00794225017546851
5.76379805111099,-1.03967060738934,-109.344394727292,-0.0818874962901305,-0.0573971946294753,0.0214391645399834,-0.0140271399024642
5.87439049999283,-1.08766389092903,-107.208114327481,0.0923394689782606,-0.0383851855383407,0.0182529799035818,-0.00960809800134355
5.79722392466255,-1.04744307053562,-110.428176512524,-0.0890463488321363,0.0455054695576862,0.0118797735018505,-0.00528464916428328
5.91651226499516,-1.0619030607614,-113.256004424865,0.0987438477869977,-0.0158003963310492,0.0205444925456177,0.00134040610527719
6.02089805988171,-0.998660964131697,-112.447896496082,0.0796423162785254,0.0604739733917933,0.024743478608019,0.00276812323790576
6.13665297073388,-0.987405450026009,-112.955566596463,0.0989967604699619,0.0141294520931629,0.0167581503822065,-0.00287393798747454
6.18749907690545,-0.887989257830572,-105.607744207915,0.0356379704735666,0.0934341215002592,0.0152081356980096,0.00598207069517792
6.16793733188863,-0.977962592216308,-102.433196700397,-0.0325400698816099,-0.0945576218614869,0.012978324864787,0.00458428747575101
6.2801983923416,-0.996403338845987,-100.765302385314,0.0972668393241536,-0.0232198614959109,0.0149942211288128,0.00477911486623139
6.26441552492136,-1.07870305635282,-96.124347620076,-0.0301029155669949,-0.095361493666817,0.0143200481467556,0.0130617761599815
6.33344060237896,-0.982192762744805,-93.2701365404771,0.0558978424266681,0.0829182200245723,0.0131272350309297,0.0135920735834454
6.25446729850496,-0.989546943485552,-90.9319419485803,-0.098485770891935,-0.017336462494445,0.0195124670179414,0.00998228175369831
6.24553722519708,-0.882388217420938,-92.3741882346372,-0.0298189258524115,0.0954506765874836,0.0208888525445303,0.0117080494771307
6.16212418360407,-0.855337108257248,-91.2925328776753,-0.0982687782430235,0.0185269323586901,0.0148557366500137,0.00852417680499984
6.15623292789261,-0.754619623489567,-92.4280321858763,-0.0246387526281926,0.0969171391907888,0.0187474969167294,0.00380034557689229
6.20239588930794,-0.848891894204678,-95.4791457985377,0.033294979602985,-0.0942944554745231,0.0128679818123461,2.21847594117364e-05
6.21306018098065,-0.948925687640507,-95.8703943244597,-0.00517952030978235,-0.0998657727620457,0.0158438119824948,-0.000168020673782854
6.25052887549252,-0.847579681172443,-92.9027047200132,0.0223809558607443,0.0974632895748928,0.0150877386511228,0.00388271689317055
6.33758215136202,-0.915511977554461,-88.683251796538,0.0752690277922992,-0.0658374775883925,0.0117842480772046,-0.00209481879362483
6.43719235490637,-0.946086489322413,-88.3174982883592,0.0938372982251479,-0.0345624284708794,0.00577290531920394,0.00398791670292731
6.37397769228878,-1.02454290650452,-84.0556893967477,-0.0719779111631345,-0.0694203162236526,0.00876324854554245,-0.00903610095845025
6.48526420281893,-1.00755073674401,-81.4795780176102,0.0979701176500152,0.0200463474888114,0.0133163928801334,-0.00305417772830452
6.41353143473231,-0.955073472529403,-85.3186868500946,-0.087964301009414,0.047563449705895,0.016231532922796,0.00491381450871048
6.38120438823573,-1.04703163403598,-89.974940188534,-0.042553188663833,-0.0904943431079547,0.0102261421672454,-0.00146381839861998
6.41936420188043,-1.14573080825373,-82.9994240289085,0.0250097826486568,-0.0968220572590097,0.0131500309960462,-0.00187711695874693
6.39539144105488,-1.23602097833401,-83.6715077545617,-0.0407123414498458,-0.0913373157787723,0.0167395806242983,0.00104714569849473
6.43130739679216,-1.14369068204846,-80.3590041802923,0.0245845157576109,0.0969309114006661,0.0113314399796689,-0.00460061511510951
6.38348989024266,-1.06759085814692,-79.4809025399752,-0.0588910507483838,0.0808198251776833,0.0110735441988794,-0.00472000127614319
6.31944826062325,-1.01851527858881,-79.0964710818312,-0.0849027321825499,0.0528348944158896,0.0208611025631482,-0.00375931485778302
6.33656144979875,-0.914217428146902,-80.1010281974906,-0.000958432230831839,0.0999954069328132,0.0180716214063228,0.00430244350909331
6.36623222059928,-1.01271285247938,-70.4904674373954,0.0194126829669466,-0.0980976439065935,0.0102580878335869,-0.000397780425884398
6.28518077101187,-0.966789862599694,-72.7506072335211,-0.0880454585525829,0.0474130491348679,0.00699400896517055,-0.00149005925518142
6.19552370243902,-0.946705946036835,-78.7175565610085,-0.0984245747620002,0.0176805849145168,0.00876750618915256,0.00240333164834161
6.19984996029472,-0.843949476946635,-86.2817428557388,-0.0111820764623248,0.0993728391764607,0.0155083343180245,0.00338362991373992
6.1214365803395,-0.840474579058788,-84.8169855399075,-0.0999981903282763,-0.000601607072622906,0.0215848103730556,0.00407650496047002
6.03908300939456,-0.804489936124533,-97.7926271068719,-0.0919788620802511,0.0392414185577197,0.00962529113530852,-0.00325677562346544
5.95988149925815,-0.858116946989411,-90.6490304858591,-0.0897311253772879,-0.0441398361859832,0.0105296152408823,-0.00948717467889415
5.95024018989607,-0.763209751678684,-92.5475544290862,-0.0129067792728255,0.0991635772287515,0.00326546991074128,-0.00425638191802513
6.05120016052496,-0.712301550298351,-93.7570485435954,0.0881988565166677,0.047127080422537,0.0127611141122301,0.00378112095779615
6.01452238001679,-0.80246070856111,-96.3111053595252,-0.0472856175085151,-0.0881139624397769,0.0106078370003404,-0.00204519582298152
5.9518213640333,-0.730666692018491,-98.1391866275834,-0.073181539139133,0.0681502922167436,0.0104805231556409,0.00364372432587512
6.00120964278999,-0.640971737929072,-99.4086421231618,0.0433590526978513,0.0901110012659107,0.00602922605884704,-0.000416047176491963
6.09517944087999,-0.685391333282687,-100.932201928692,0.0920578573549799,-0.039055740925121,0.00191194073501766,-0.00536385442849413
6.00928178034951,-0.636623674550235,-97.9225451678382,-0.0861198720073525,0.0508268398135987,0.000222211476871514,-0.00205918108114689
6.10580868240397,-0.68101506637208,-100.938321906639,0.0918171146057817,-0.0396183980679274,0.00470978744867701,-0.0047729937539171
6.21716119903195,-0.686620299724905,-94.2434422918813,0.0999990593860517,0.000433730221339036,0.0113534572419329,-0.0060389635741645
6.1243443162892,-0.661617029443565,-91.3417513486266,-0.0972382771141047,0.023339183016562,0.0044213943713487,0.00166408726477812
6.09159379096687,-0.752476793261732,-83.7188701587697,-0.04499102479942,-0.0893073775647789,0.0122404994770955,-0.0015523862533881
6.00711066612046,-0.784186623040077,-78.2336782142133,-0.0953504563538759,-0.0301378578055509,0.0108673315074617,-0.00157197197279429
6.07371550554094,-0.702592203774244,-80.7208195802535,0.0573037044251488,0.0819529466166726,0.00930113499532936,-0.000358527350839577
6.01722518343471,-0.626833022192359,-79.3349589041859,-0.0700182987359039,0.0713963433386453,0.0135279766296739,0.00436283824324007
5.93382206837965,-0.662559607782709,-78.1835487560472,-0.0937205135766636,-0.0348778631072263,0.0103173985216012,-0.000848722483124176
5.85194788838176,-0.718915115978828,-78.0880728136991,-0.0899687360372587,-0.0436534825169546,0.00809455603936993,-0.0127020256791644
5.87012321264873,-0.831841291823224,-76.940446449513,0.00285696754550466,-0.0999591803510009,0.0153183567214663,-0.0129669954933948
5.97264123688534,-0.789143061190293,-74.8440147708305,0.0850317031055779,0.0526270792174984,0.0174863211310345,-0.00992884858456788
5.93510920755691,-0.705752815640657,-73.2300167369629,-0.0562503477299237,0.0826794918964955,0.0187183184014961,0.00071075365314055
5.86378268468041,-0.665776440181364,-79.1064535726728,-0.0843710868437866,0.0536797886061245,0.0130445639672851,-0.0137034131468311
5.8311203140675,-0.773237362532855,-83.6750925387878,-0.0410395037271143,-0.0911907842593327,0.00837713311419996,-0.0162701380921587
5.77618280873268,-0.85658568903002,-90.3130911794227,-0.070164285272829,-0.0712528811498389,0.0152267799380139,-0.0120954453473258
5.85649976889461,-0.815031075554507,-87.2514231543966,0.0756291006218743,0.0654235365837587,0.00468785954005035,-0.023868923108246
5.95768530993545,-0.808922673069498,-87.7618284468527,0.0979513339519794,0.020137928816733,0.00323420708886069,-0.0140295263317236
6.01370081272858,-0.902753063036344,-76.373163987051,0.0561217465610484,-0.0827668385462285,-0.00010624376791224,-0.0110635514206177
6.11257577152902,-0.886913768141381,-62.5684252983785,0.0965503088621197,0.0260391600983845,0.00232464993831449,-0.0101998652034217
6.08688466703036,-0.797512451104972,-60.9368800193366,-0.0318528501212237,0.0947913283964038,0.00616174562256777,-0.00539001135999478
6.12925370730499,-0.699827108383987,-67.9423844672775,0.0387706722427871,0.092178278210446,0.00359836803184432,0.00550706451053973
6.03970524060331,-0.728061783019835,-71.808584792453,-0.0901295201442366,-0.0433205447630758,0.000581053442555657,0.0150858701272276
6.09967672768615,-0.791966573590724,-70.0400608941422,0.060181661114995,-0.0798634313402567,-0.000210174032153176,0.0159586407693674
6.20131787368841,-0.826678259852175,-69.5124978216332,0.0922047360106369,-0.0387077079818575,0.00943640999161666,0.00399602172040642
6.12586621671958,-0.866636948099035,-78.0915716371652,-0.0901209208671123,-0.0433384312367636,0.0146692638982833,0.00337974298990412
6.21738602361335,-0.805597492498411,-74.8928481474795,0.0874992724312511,0.0484136068063691,0.00402053446251838,0.0126258487942542
6.20978834569117,-0.899446442484469,-77.0324923280627,-0.00634297048429473,-0.0997986308795635,-0.00125470743788725,0.00594968089350589
6.13759733235718,-0.944202059004098,-71.6547366799792,-0.0824264502732145,-0.0566204935986723,0.0102354369392268,0.0118648770790433
6.21625197826672,-0.849946189251647,-74.535929643121,0.0650697229467742,0.0759337287088554,0.0135849229627691,0.0183221410435953
6.29374550019128,-0.775894641990715,-80.9063170165432,0.0714356673394628,0.0699781782541215,0.00605785458509533,0.00407336900681077
6.36895738630275,-0.845885823835986,-82.4946432838136,0.0687152275631163,-0.0726513420450658,0.00649665854835302,0.00266016019979509
6.41927776000318,-0.928620505544655,-76.5147412608502,0.0438814330677725,-0.0898577755785141,0.00643894063266259,0.00712309386984461
6.41131449151761,-1.02362120937766,-77.0340089914814,-0.00649432406369878,-0.0997888959501791,-0.00146894442188028,0.0047881921171708
6.51396424014705,-1.02781261718662,-75.5271083818885,0.0991705858493525,-0.0128528169012171,0.00347916278009475,0.00866140909226465
6.61053126764445,-0.994686614280456,-75.1780785233979,0.0975865760234785,0.0218371284745466,-0.00101954852607822,0.0112888744316136
6.71135745756287,-0.988678297864735,-75.4573688215098,0.0998251436298847,-0.00591106583222379,0.00100104628852993,0.0119193822479441
6.81180871004165,-1.0156562137403,-69.4655422592362,0.0939199814166885,-0.0343371095272867,0.00653127106208906,0.0073591936517175
6.71815394870648,-1.00483840743436,-66.0382120395397,-0.0997903395310538,0.00647210447049525,0.00613557819588806,0.0043457018354488
6.81989481487491,-0.97236568565012,-62.5406645595564,0.0957903341084208,0.0287090907448688,0.00595053206000529,0.00376363103937111
6.85057328641961,-0.873221880910218,-67.7346771752211,0.0189286169753103,0.0981921965300807,0.0117498545693984,0.000951608209821597
6.75288228625763,-0.875792771700125,-65.9184279599243,-0.0998486904472204,-0.0054990013616247,0.00215769028523205,0.00292811057171766
6.69045407496606,-0.805205959126283,-66.7198631726441,-0.073412617496581,0.0679013077363072,0.0109844062050115,0.0026855048375351
6.71817634743731,-0.904284720637694,-64.2680609552953,0.0134182487534132,-0.0990956638828941,0.0143040237178438,1.69023714832739e-05
6.69307798227093,-0.812004526035452,-67.1137462202362,-0.0417321445422049,0.0908758940088543,0.0166337793758187,0.00140430059338748
6.79229265955198,-0.772281879518251,-62.4139696638202,0.0913949956889653,0.0405826904358744,0.00781968159208457,-0.000860043918673115
6.89367230722912,-0.810423233604965,-69.5386176248405,0.0911623619727577,-0.0411026003988543,0.0102172857043845,0.00296124631213962
6.98776320929815,-0.762263799626246,-68.4918067418108,0.0811996515254536,0.0583662281815855,0.0128912505435759,-0.0102067942028661
7.01944651658096,-0.860676363502525,-64.0443307397846,0.0350700174210328,-0.0936487793731902,-0.00338671013822367,-0.00476378450308856
7.11852675602071,-0.834020395443477,-62.5841944139694,0.0969489022773964,0.0245134727692313,0.0021313371623517,0.00214249528981697
7.16533403850775,-0.736902005499409,-68.0337445618143,0.0470186877853148,0.08825668812587,-0.000211405298275125,0.00886170181819723
7.24159358829238,-0.805881427937709,-76.1042142554843,0.0760969255774049,-0.0648787940521932,0.000162624207226791,-0.00410062838610642
7.33927304952693,-0.834264690271068,-75.6886172156198,0.0958131270690092,-0.0286329300152446,0.00186633416554738,0.000249667681885835
7.3082423977748,-0.747657797361874,-73.4513699918916,-0.0367256212640315,0.0930119817161795,0.00569496951189308,-0.00640508880698626
7.36592910126198,-0.662387977166044,-68.0397577461246,0.0475485382620453,0.0879723621891718,0.0101381652251362,-0.00270254199334174
7.47409393761086,-0.682522841105311,-75.6407447081381,0.0970735635247355,-0.0240150632855537,0.0110912728241477,0.00388019934628664
7.52249578140599,-0.776738046136327,-70.3308883400162,0.0347540074773585,-0.0937665130217804,0.0136478363177686,-0.000448692009235141
7.51361052424535,-0.880996663421012,-77.2112089449288,-0.0239828248017974,-0.0970815333342356,0.0150975676411615,-0.00717708395044908
7.62937910885358,-0.906024844405046,-75.6253638372392,0.097431439371276,-0.0225192056263397,0.0183371452369485,-0.00250897535769479
7.54285767115326,-0.906046416479871,-78.6909395346503,-0.0988602606121936,0.0150548620614456,0.0123388229118815,-0.015076434136271
7.48633823027634,-0.84208693179172,-79.3304184419282,-0.0703417482840336,0.0710776930432162,0.0138223074071124,-0.00711820835506516
7.5481965449432,-0.758917344204137,-80.6045396963179,0.0474087197786657,0.0880477898016069,0.0144495948881964,-0.0048782022140233
7.46739710621875,-0.776932205262583,-84.6524924795755,-0.0985498497028025,-0.0169684154697793,0.0177504109783495,-0.00104644558866696
7.49612402152619,-0.866992002841193,-89.3828093908006,0.0151989883807745,-0.098838204921989,0.0135279269266633,0.00877840734337942
7.51859849328869,-0.961197408708915,-89.4662328846646,0.00691026279607428,-0.0997609556293904,0.0155642089664267,0.00555554976166783
7.55943973016314,-1.05203808686573,-89.3493640880712,0.0184955459060637,-0.0982746904428434,0.0223456909683879,0.0074340122860298
7.66456734609234,-1.0057775790597,-93.8845569636245,0.093475671133082,0.0355288461143885,0.011651944796121,0.0107316616916358
7.58569247338184,-1.01946178483345,-97.1716055239517,-0.0976382379371007,-0.0216049645345254,0.0187633652265999,0.00792075876078008
7.51284213815646,-1.0314926589458,-97.1813651102019,-0.0978444401436864,-0.0206510419342119,0.0249941049182985,0.00862016782185804
7.4568774381109,-0.950708809045864,-98.1404567962341,-0.0730949177647796,0.0682431901141799,0.0171302177192265,0.0125406597857599
7.37679714196089,-0.948749317394902,-103.645170144867,-0.0999624987955728,-0.00273839999728074,0.0198822026455634,0.00469789164824219
7.31679715068448,-0.877339006174576,-98.2096255441686,-0.0682035998681505,0.0731318601228304,0.00820360859173253,-0.0017215489025037
7.4105859320643,-0.936200183738894,-107.356839057335,0.0856323155491004,-0.051644036768046,0.00815646583072382,-0.00721714079627267
7.32807180260857,-0.904543219725485,-116.600104091477,-0.0935481934393,0.0353374518640396,0.0110340639835673,-0.00368048785063041
7.4240537508923,-0.894134455836912,-119.26815323892,0.09936934015517,0.011213127892168,-0.00338739187143666,-0.000804364003595348
7.44729350989138,-0.992795126598897,-120.659848268807,0.0287359475168915,-0.0957822808263953,-0.00549618851780842,-0.00287838993558975
7.54083942813065,-1.0061316454573,-119.542041656028,0.0986983847540349,-0.0160819416409988,-0.00515246651476797,0.00274542278259221
7.60169428971403,-1.08760421556024,-126.621803704529,0.0575077409308796,-0.0818098999695442,0.00334712065249931,0.000337329866608727
7.66716036328842,-1.16500237403329,-132.844820555515,0.0623230822172565,-0.0782037941722848,0.00314299135713014,0.000805635699239193
7.57533491455912,-1.16364608717246,-135.076941772979,-0.0999933388032675,-0.0011542075094903,0.00816789007396768,0.00251049437031525
7.62581026322929,-1.06543791035362,-137.060089254986,0.0390163190930506,0.0920745721924857,0.011459029577126,0.00613360462635693
7.62161343435474,-0.958966386317039,-136.498025047406,-0.016055742983557,0.098702650001132,0.0118589141090082,0.0077688740354464
7.69257725404914,-0.880628188649611,-137.259388798476,0.0564731909488166,0.0825274421272009,0.0144906287455822,-0.00418924445977292
7.62279972358398,-0.933078688874033,-134.563742434426,-0.0865453391135943,-0.0500989448762443,0.016767808648428,-0.00235155534817727
7.73130620491255,-0.889219569625462,-131.573302192683,0.0931023411804052,0.0364959458944062,0.0154041401481715,0.00736317335416475
7.78473430520758,-0.792437244705558,-124.479754621238,0.0377268258572152,0.0926104022814898,0.0157012744378093,0.00417192263841398
7.86713518342286,-0.861604264764409,-113.925718257026,0.067606831285551,-0.0736838948721296,0.0147940469297287,0.0045168748132785
7.82480848984024,-0.942430658787677,-108.94415814533,-0.0530518053992779,-0.0847673636718587,0.0107251118166598,0.00394096964859059
7.88189516098016,-0.853548256417168,-111.978614155426,0.0436832981819556,0.0899542631560414,0.0134033729579635,-0.00107186078553212
7.81303396074293,-0.910636883665589,-109.433309755173,-0.0866607642860156,-0.0498990173586981,0.0177995640487874,-0.00718960988972273
7.8948452785666,-0.989950501081509,-113.913781182867,0.0684815637963948,-0.0728716365947706,0.0133297540272732,-0.006441980821149
7.99638283457659,-1.03809989517522,-113.498992132527,0.0920414618739567,-0.039094363994123,0.00949609413603447,-0.00905503009959191
8.10221052573134,-1.06211524310748,-119.648773783453,0.0964235419267089,-0.026504727169096,0.00940414922804678,0.00248937923683851
8.20210399038433,-1.09887286505932,-119.733891669042,0.0938211527105947,-0.0346062321562933,0.0060723119423951,-0.00215138979555035
8.28512648634312,-1.03722216985099,-118.697112815195,0.0775425267334994,0.06314393516233,0.00547996922528959,-0.00149323995400014
8.19261670723058,-1.06729608965439,-109.609913061659,-0.0940794488298441,-0.0338977478289156,0.00156966971730377,0.0038238280255164
8.24806573956158,-1.1483875828404,-107.769075116091,0.0577670066261879,-0.0816270356282155,-0.00231797429518998,0.000535542442211323
8.3651555867867,-1.14703222306722,-113.098123540987,0.0999999689518754,-7.88011672793468e-05,0.0170898782732412,0.00143416094046034
8.35809768377072,-1.05174968231045,-111.271577160989,-0.0252208677355749,0.0967672869861744,0.0181629647195987,-0.00148474622940303
8.27722502424583,-1.03884632374905,-116.395850757549,-0.0987712897690066,0.0156279338802973,0.0178986302441153,-0.00272457531889936
8.40141446835735,-1.05655123403808,-113.186519759854,0.0996025721778985,-0.0089066051639511,0.0245868719336215,-0.00879830512508145
8.34775226302735,-1.13492280055351,-109.213630867583,-0.0737042811286567,-0.0675846058160284,0.0200420757986546,-0.0107869606994013
8.43962860603906,-1.19561637243787,-113.730531854986,0.0806140285353911,-0.0591724463183258,0.0112623144763209,-0.00152112556603129
8.44638498304787,-1.30088574959268,-114.646604835804,0.00215253576136994,-0.099976830264797,0.00460384124744628,-0.00529254689001102
8.38074478579359,-1.3691635989007,-115.501682068381,-0.0740322667895588,-0.0672251699439993,0.00839206953527061,-0.00105267936402531
8.43165834981724,-1.45020299291529,-120.392897597794,0.0529846503805843,-0.0848093557577656,-0.00207108635692776,0.00376996174317512
8.40905699918663,-1.52941086923658,-121.11550842898,-0.0163454527077034,-0.0986550869229774,-0.00625589792291237,0.0194472106016842
8.37931566372042,-1.60758796876827,-127.561666441318,-0.0321358725256573,-0.0946957533209104,0.00239453705945003,0.0165186537892273
8.32633896387311,-1.69104715634144,-127.692064454132,-0.0441762199179458,-0.089713218612205,-0.00880047992936284,0.00625403103903027
8.22849430773914,-1.71826184251536,-122.226982838753,-0.095676414863032,-0.0290864855037008,-0.00216824127093496,0.00187179932977771
8.31163739604494,-1.64161233026666,-124.883548427033,0.0710802610360756,0.0703391533290198,0.0120628272697196,0.00631035891968335
8.36888913509279,-1.72592915106865,-120.457108476013,0.0474335172108388,-0.0880344332918038,0.00981822183701553,0.00371761248981056
8.38613945556509,-1.61699584636857,-124.221559225449,0.0128294829879493,0.0991736072060602,0.00442083748434641,0.00975969749401939
8.4949634207457,-1.61342924948438,-119.486277682184,0.0994412955063156,-0.0105559816230243,0.00938266967429335,0.0141225785072152
8.40925343425387,-1.63642509118708,-122.106174631134,-0.0914737378791412,-0.0404048917634754,0.00576375138731144,0.0174090500607818
8.51637384570077,-1.6405187070143,-125.797450921468,0.0991069491272871,-0.0133346404031501,0.00801346231961197,0.00924102457592613
8.5568163152301,-1.5406992503313,-118.115230799414,0.0300776059681138,0.0953694794954176,0.0103648635612199,0.00444997718758611
8.47107671972362,-1.57417674429773,-122.105791351281,-0.091458244779623,-0.0404399488356571,0.00571864927313825,0.00696245486922875
8.4885085960994,-1.47791939552362,-117.903167923139,0.00933074866802865,0.0995637340063845,0.00810112770775184,-0.00330638523227733
8.45211829854885,-1.38911930259494,-117.360932742298,-0.0433877267272866,0.0900971984549925,0.00699742917673696,-0.00129710552631668
8.49336314756856,-1.28720151607031,-118.171765751548,0.0354183889883497,0.0935175797455748,0.00582646003136489,0.00840020677905651
8.41518147952051,-1.22246226642641,-116.858371190127,-0.0814201962736629,0.0580581746075281,0.00323852822561221,0.00668107503637105
8.47408340552034,-1.30538135212583,-107.911315357498,0.0456120747546445,-0.0889917897144266,0.0132898512451884,0.00607270401500504
8.57881868217168,-1.25607982688944,-112.719186960152,0.092934977717369,0.0369200476255397,0.0118002989339629,0.0123814776108554
8.49327314988962,-1.25130783502569,-109.930493720976,-0.0999681257028588,-0.00252464719464361,0.0144225934208038,0.00729663905838895
8.43598949238866,-1.31601518768417,-115.545732475536,-0.0769207893759308,-0.0638998604206902,0.0196371318749691,-0.000807492237785756
8.54420651648012,-1.34902575863165,-119.816246250005,0.0906564106883856,-0.0422068146286683,0.0175606134030737,0.0091962436811871
8.46440787196667,-1.39725931570589,-115.740184206436,-0.0878184039294373,-0.0478322896303971,0.00801975941598521,-0.000401267443837172
8.37023573327234,-1.3784410932458,-103.783260442621,-0.0993878692109258,0.0110476899717505,0.0052157305165963,0.00777053248833381
8.3885521116726,-1.27853565111458,-105.270463902546,0.00271066866491858,0.0999632546258325,0.0156057097353468,-5.78124946071235e-05
8.30635275727236,-1.27838700120029,-103.53018177272,-0.0989881675997837,-0.0141895269560731,0.0167888131995362,0.0143381768703563
8.27646775920071,-1.37592704189998,-96.2463519275406,-0.0414848226988644,-0.0909890624506253,0.0115998246272202,-0.00655097824906514
8.31322899115699,-1.47248519276155,-101.920794694661,0.0179980420828485,-0.0983670192756902,0.0187631898734288,0.00180886841412764
8.30514618710307,-1.57057706690318,-102.266743167251,-0.016423450202637,-0.0986421323950446,0.00834064614872432,0.000550258253413038
8.22118615423333,-1.58520043017007,-103.519770167208,-0.0988350693259174,-0.0152193650111004,0.0148750364561714,0.00059600174420904
8.1317368719673,-1.55189998246414,-97.7465890924034,-0.0936873636355893,0.0349668113360777,0.00423808136955905,-0.00166636363015071
8.19992631899241,-1.62697515430256,-95.0891663398108,0.0666429563867996,-0.074556799582782,0.00154649063830981,-0.000518372255638555
8.21817878947689,-1.72898053065249,-101.979426731596,0.0122029600731875,-0.0992526461382879,0.00604951041129986,-0.0027527302116378
8.18845294375215,-1.63815827069607,-104.847986375813,-0.0385147381997248,0.0922855077539624,0.00878889247498194,-0.00146324779754414
8.17828987745049,-1.74416372390118,-108.601272250922,-0.0214642420076118,-0.0976692700650449,0.0113011757059489,-0.00833618314006213
8.28417173642386,-1.74939491553471,-100.510425601963,0.0999789075727843,0.0020537868810194,0.00590295140059105,-0.00728497851455479
8.28556861586407,-1.65152408909173,-98.9933085104949,0.00331338567382502,0.0999450923026063,-0.00191650623361816,-0.00207426585961989
8.32308375685401,-1.73366669614408,-107.954290999045,0.0417466585130246,-0.0908692274810175,-0.00423151752308648,0.00872662042866534
8.41892505781649,-1.75193192895119,-100.774840824368,0.0970409367254236,-0.0241465649617566,-0.00119963576294957,0.00588133215464148
8.47290189704403,-1.66618967939195,-99.5045810086636,0.051791554584848,0.085543175494511,0.00218528464269419,0.000199074064730298
8.38868855185688,-1.61557387114334,-104.124296399237,-0.0899689410012535,0.0436530600887609,0.00575559581410445,0.00696274815985209
8.31248150359488,-1.55584005848121,-110.633143690134,-0.0779204440078582,0.0626769846563971,0.00171339574585794,-0.00294317199426852
8.36691016095652,-1.46645842174314,-112.094797694906,0.05381650542746,0.0842839471285972,0.000612151934182847,0.0050976896094721
8.3465453743296,-1.35984473212394,-117.611035791357,-0.0197384016954151,0.0980326246639884,-0.00062638493150402,0.00858106495521405
8.44953191088571,-1.37077790189448,-113.21240078633,0.0993387294163198,-0.0114811514209683,0.00364780713978519,0.000547981650424245
8.37211016100474,-1.41546865800603,-115.670550001342,-0.0842775052805442,-0.0538265929043242,0.00685575539957917,0.00913583679277663
8.44511892733344,-1.48006171721242,-113.922809025452,0.0678209083973057,-0.0734868994050251,0.00518785793139287,0.00889384019863826
8.53568562808368,-1.51647355340628,-107.36589080222,0.0851613452082629,-0.0524170323684877,0.00540535554197774,0.0160051961746245
8.59062620689076,-1.58531451517987,-101.560818907459,0.051494401149065,-0.0857223812682497,0.00344617765801125,0.0168814194946604
8.65585815454466,-1.64414259529603,-101.310214301924,0.0711441228330417,-0.0702745600222234,-0.00591217517913556,0.0114464799060596
8.57269126188935,-1.69124419547431,-96.7678107558135,-0.0812970175210275,-0.0582305327314267,-0.00186987513428782,0.0111289325531503
8.63091198616143,-1.77208002677789,-95.2272571166469,0.0557456398154296,-0.0830206217850022,0.00247508445665545,0.00218479048142528
8.68158395392658,-1.86102354757981,-95.2585571688411,0.0531202097118183,-0.0847245142811244,-0.00244824194666649,-0.0042190065207961
8.71733154772608,-1.95532768244665,-95.468776134945,0.0342709737739268,-0.0939441342319297,0.00147662002556892,-0.000360000634908375
8.69573714885187,-1.85975493697849,-92.3984291514193,-0.0274965798455092,0.0961454008093967,0.00590218097130268,-0.000572655341238848
8.79755339292029,-1.83808944128527,-94.0655873970891,0.0983448858502228,0.0181185934086131,0.00347135821819933,0.00354690228460741
8.72709654383596,-1.79896010318224,-97.9175678863964,-0.0863717837135525,0.0503975691689521,0.0159149346292189,-0.0112682310659226
8.65349596434213,-1.85306541952992,-96.9095463736593,-0.0887075310803498,-0.0461624731749586,0.015106951586521,-0.00794284317272242
8.76724402402695,-1.87289128281534,-100.717246987646,0.098269961002139,-0.0185206577809232,0.0154780986826761,-0.00130520550449587
8.79924810797896,-1.97029575712331,-101.892363744023,0.0207870596116472,-0.0978156334779969,0.0112170243403629,0.000411159170028652
8.77521789381729,-2.0564132976759,-102.486250946739,-0.0375086147329391,-0.092698995791842,0.0134784005712714,0.00658145523924847
8.73590545502024,-1.97229576710148,-104.659878616996,-0.0550927562012634,0.0834553066865622,0.0157803174042197,0.000662223887852642
8.65215545482908,-1.95405641773626,-103.762017146514,-0.0996001159913458,0.00893403013821095,0.0158501158001805,0.0093053192270135
8.76257068748098,-1.92315053650086,-106.513875234089,0.0955255188506181,0.0295782901520728,0.0148897138012796,0.00132759108332714
8.81434225453265,-2.01825660143192,-101.727526554463,0.0365560292503275,-0.0930787662436992,0.0152155378013461,-0.0020272986873654
8.82000496488086,-1.91805523044391,-92.5136153348167,-0.0162642225012549,0.0986685110175971,0.0219269328494587,0.00153285997041996
8.93078778337232,-1.95993284844432,-94.6561732175499,0.0917759961326957,-0.039713556046411,0.0190068223587669,-0.00216406195400487
8.91789204178721,-1.87474620616714,-98.5945668839494,-0.0357511295950847,0.0933908814214507,0.0228553880099742,-0.00820423914426727
8.8400857333742,-1.88386784488653,-103.624311393846,-0.0998836379056422,-0.00482274597450012,0.0220773294926282,-0.00429889274488648
8.79377698734778,-1.80871651211495,-104.453274140694,-0.0710409405034375,0.0703788659498507,0.0247321944770231,0.00477246682173071
8.81636484332279,-1.89878319587329,-108.332047407815,0.00528744730384806,-0.0998601166683127,0.017300408671165,0.00979343290997192
8.92101133875082,-1.92222794881575,-107.16150686804,0.0940275830239889,-0.0340413517749643,0.0106189124040323,0.0105965988324987
9.03233403248489,-1.9286440933922,-113.230702589409,0.0991119787870415,-0.0132972050039488,0.0122107149470363,0.00688106042749992
8.97574007451761,-1.99891253404174,-115.423365814625,-0.0685459035289697,-0.0728111194076645,0.0119519455616839,0.00254267875812353
8.90848752580104,-2.05683569582971,-115.600029565468,-0.0802753011957913,-0.0596311664981073,0.0130227524792215,0.00170800471013977
8.93350873457082,-1.96537704887168,-117.909610588264,0.00997200637783853,0.0995015531979293,0.0150492023919391,-0.00804290623990023
8.92912574760845,-2.06293006982008,-121.174800740536,-0.022162790629398,-0.0975131309697185,0.0177798036670307,-3.98899786778761e-05
8.85883239018762,-2.01431575220007,-116.734361212543,-0.0879762924515809,0.047541265932597,0.0176829350307557,0.00107305168740734
8.77436442095922,-2.04296836440965,-116.010505924917,-0.0974024872732648,-0.0226441045965941,0.0129345180448599,-0.00600850761298877
8.85464763813246,-1.97266743210897,-124.860713566586,0.0694556849526535,0.0719437824120872,0.0108275322205849,-0.00164285011139775
8.89882539803908,-2.06846126205695,-126.906738550454,0.0321926793614593,-0.0946764563950842,0.0119850805451573,-0.00111737355289665
8.95969623800632,-1.99165013498363,-118.248322741171,0.0424670794672734,0.0905347842628472,0.0184037604999698,-0.0137236571895288
8.93436954645833,-2.09587578967078,-115.081959679657,-0.0402116975913589,-0.0915588301411781,0.0148850060433698,-0.0126668245459779
9.00300113768235,-2.01886332491761,-105.754817382051,0.0489453973699773,0.0872029132328446,0.0196861938540422,-0.0101904484796754
9.07709989077347,-2.11177521260014,-107.647816959018,0.067216542906488,-0.0740400996737596,0.00688221018463153,-0.0188717880087655
9.01659508621682,-2.20224894465,-115.340296388595,-0.0622681138513256,-0.0782475686356986,0.00176330929467916,-0.0122261634141589
8.9442044217633,-2.15847340425876,-116.934077128897,-0.0767958310375211,0.0640499831011416,0.00440516658400192,-0.0202744427099055
8.99440116285933,-2.07834375687988,-118.204123987627,0.0384253839721457,0.0923227483700153,0.011771357123882,-0.0121931009911317
8.95649660398859,-1.99960256473831,-117.248224857313,-0.0532456188217078,0.0846457563986134,0.0153410599509645,-0.00590456425704688
8.86123245461759,-1.97996873501584,-116.47523521979,-0.0972209176334357,0.0234113898458148,0.0019567682624384,-0.00377756012334496
8.96998009182372,-2.01950668899862,-113.309100839444,0.0977661394596983,-0.0210186102096884,0.0109814977464282,-0.0185193437730902
9.00436376088875,-1.93251130841241,-117.95143964786,0.0141241265888761,0.0989975204139043,0.0202595424761558,-0.0120021398276919
9.11357410198341,-1.97671390280436,-113.324329374593,0.0974347330171556,-0.0225049506081577,0.0117756080775049,-0.0216976437837934
9.20553553895683,-1.9373573879837,-118.775564229225,0.0822526777044613,0.0568726385043459,0.00970875926895509,-0.0175161236836916
9.25647369245685,-1.86186117800187,-118.25885100469,0.0434178823288693,0.0900826703316263,0.00752027117114906,-0.0145864603497965
9.20481631413539,-1.94746117367046,-121.683408709801,-0.0668426742217848,-0.0743777984541109,0.0151852959003307,-0.0112221972144742
9.21057710075439,-1.85104730013961,-124.050559908912,-0.0042337249822477,0.0999103376672038,0.0099945116012421,-0.00349646413635757
9.32967703852635,-1.85086654877394,-125.583571379682,0.0996790927634421,0.00800490261384259,0.0194208450085203,-0.0078241512481711
9.42962915087515,-1.94258855559759,-126.396347517767,0.0743410352674766,-0.0668835590811359,0.025611077081324,-0.0248384477425086
9.35675608382482,-1.96216183575506,-128.643751302072,-0.0986979557251778,-0.0160845744634678,0.0258248886748476,-0.003488705694011
9.42814594603567,-1.88781415583685,-124.661787962333,0.0538687218985701,0.0842505833867904,0.0175211403122848,-0.0099029034685737
9.35256526189954,-1.93523900269126,-134.648337023926,-0.0904689006072231,-0.0426072531726746,0.0148882164710873,-0.00481759368173773
9.45218080329648,-1.91934401925712,-137.978778165444,0.0968590327914343,0.0248661972707502,0.00275650860551302,-0.00897121383660748
9.36183864668965,-1.97201450697681,-134.619108130506,-0.0891850727467368,-0.0452329835314813,-0.00115708386009139,-0.00743750418821448
9.27810684934236,-1.92895323765812,-135.692194783948,-0.0823234730342332,0.056770113506861,-0.00140832431305782,-0.0137088441881635
9.22774317283355,-1.86580927976032,-136.022520338463,-0.0594593595624638,0.0804026402577779,0.00909568305364772,-0.0172586823599808
9.34317563148169,-1.87419852254218,-138.140804510216,0.0996017878584045,0.0089153718604104,0.0158306707897378,-0.0173046146422665
9.37642391124342,-1.99010290173307,-133.338337349705,0.0178390458248507,-0.0983959777839464,0.0154092339368841,-0.0175084014069492
9.48578655443419,-1.99933050496932,-131.947103756181,0.0999999977463207,-2.12305407841133e-05,0.00936264544444398,-0.00920637269546593
9.53690650728934,-2.1085152947123,-133.217664506265,0.0295542438504615,-0.0955329611727149,0.0215657090046903,-0.0136518285702654
9.5120006298388,-2.03855873466095,-136.236018378318,-0.0410736822660889,0.0911753948447956,0.0161678048155469,-0.0212188347934438
9.61853223248146,-2.02178413759227,-131.57863892784,0.0932957836446852,0.0359985660009407,0.0132358189979787,-0.0192239689322636
9.55963548215462,-1.96868811592044,-129.56593378596,-0.072439840725285,0.0689381568922127,0.013543090398441,-0.0158421352203835
9.50383426047905,-2.05856233577293,-121.670143721547,-0.0658502018036137,-0.0752578960802344,0.0100489801280439,-0.0146163237722477
9.5936428597767,-2.13076229087103,-120.035157720342,0.0793269071324525,-0.0608871234728597,0.0104816921652038,-0.0113128316252413
9.67551001447222,-2.06513223213168,-118.499984304157,0.0636737526242423,0.0771080620087602,0.0181934020712777,-0.0114780032694179
9.77740584109426,-2.09938221683643,-119.694822535896,0.0951012492082881,-0.0309152454142463,0.00679457741374812,-0.0033347392905019
9.73506926307333,-2.02009388472641,-117.275747898858,-0.0508960382938217,0.0860789944527341,0.00855946027289356,-0.00679066234271489
9.64580036459004,-1.9962692860832,-116.604889449696,-0.0933780206104141,0.035784707164948,0.00410912212712233,-0.0119601085217365
9.57472330310608,-1.94588408081937,-110.622921595916,-0.0785570519273292,0.0618772138390773,0.00747999044337178,-0.011492008575243
9.54138664852691,-2.03727698690299,-115.106730894287,-0.0424671525021484,-0.0905347500044003,0.00913049792298182,-0.00085815607922074
9.61301193151504,-2.11391575290053,-114.070884038086,0.0562368863948404,-0.082688648607979,0.0153883965932824,0.00604988261043538
9.59892205446964,-2.01319999175544,-111.167667117595,-0.0351218397205027,0.0936293563720659,0.0210319626751101,0.00708640477302933
9.64819437959139,-2.11072192189624,-114.398590681008,0.0266289206465766,-0.096389317796104,0.0226434044751738,-0.00113261234469772
9.69517912524455,-2.21670258295685,-114.42595819766,0.0239813420133466,-0.0970818996272678,0.0230034036398088,-0.00889876143334364
9.69899486462111,-2.31815653227595,-114.772944786154,-0.0104621127398615,-0.0994512151610951,0.0142778521164217,-0.00200273415800029
9.60784662545241,-2.31417339159941,-116.346675212037,-0.0994200902453593,0.0107538670070173,0.00827185107666217,-0.00677072633047762
9.71564921063598,-2.33762448600183,-119.53153082023,0.098861964355972,-0.0150436698873154,0.00894062082759817,-0.00840742451510404
9.65723147253695,-2.40625041624168,-115.585067312893,-0.0793741325026888,-0.0608255463555043,0.0209563944036528,-0.00780038388435061
9.65448267179558,-2.3140919597026,-111.386183131462,-0.0139895692966573,0.0990166246187681,0.011240768555286,-0.00685816807968823
9.65002604582506,-2.41742491280184,-114.833810280026,-0.0164921503024607,-0.0986306695627737,0.0120355243319423,-0.0047022835364631
9.72435680471845,-2.49211886080463,-113.973703986376,0.0639945907913473,-0.0768419960011972,0.0103361681020431,0.00214804799840487
9.83134082166052,-2.46769463820742,-106.543009720201,0.0963466061924548,0.0267830445468031,0.0106374107496219,-0.00235882194959403
9.93406514123888,-2.43234844653401,-106.300292870073,0.087085494799923,0.0491540089458895,0.0156388247784367,-0.013807817272477
9.98079286001821,-2.35689742123165,-105.679504557716,0.0422453623469102,0.0906384540919486,0.00448235643241546,-0.0151874287895871
9.95859873903957,-2.27578926123337,-111.203110677945,-0.0317819182292182,0.0948151342016204,0.00958779725057468,-0.013706974203348
9.90540239978834,-2.3695353648144,-109.14168803648,-0.068655590473763,-0.0727077017701628,0.0154592512225378,-0.0210384018108594
9.82618610043378,-2.40826438610531,-103.470012168861,-0.0979557710598778,-0.0201163345583833,0.0187394717053131,-0.0186126867325336
9.79694206371254,-2.33364253693401,-98.4622461147383,-0.0477601304119241,0.0878576686637883,0.0185160936906836,-0.0132358194924824
9.82980873569419,-2.24992888968303,-105.380549749103,0.0136765859274699,0.0990603401839936,0.0191900860541807,-0.0153466929330199
9.93582039851126,-2.22084517737846,-106.216819085958,0.0826839627674633,0.0562437756651236,0.0233277000496077,-0.0271600633605524
9.86248016070897,-2.29443286514966,-109.502400123569,-0.0898988092329724,-0.0437973069776401,0.0165585714306804,-0.0297903807935603
9.76989174790264,-2.31288936266192,-116.27945631459,-0.0999178847674171,0.00405170379040133,0.00732947196108569,-0.0225082013026584
9.76916799802331,-2.23204923602569,-111.481902951407,-0.00446214303336398,0.0999003967937555,0.00373839315403757,-0.0190602701575207
9.71635788134323,-2.33618172888917,-115.25684108603,-0.0555288006439687,-0.0831658120807005,0.00271868396388442,-0.0209666807827889
9.75367710330301,-2.26878693069551,-118.110571237471,0.029632901064371,0.0955085921501788,0.00768632089541121,-0.0281137939565189
9.66145125595563,-2.28270539001508,-116.323880406226,-0.0996393729487399,0.00848500785986185,0.00741352560136654,-0.0224034671794236
9.60550457339362,-2.38201404525589,-115.336162226981,-0.0619440945576109,-0.078504325673416,0.00599741199559212,-0.0208043295673951
9.67798390672807,-2.34509092398805,-118.671533911168,0.0759021843054885,0.0651065159385423,-0.00342285097103989,-0.0281833946707035
9.72718484483428,-2.4389062150186,-120.40676744606,0.0518032988805553,-0.0855360638858947,-0.00260236077434506,-0.00827922714465942
9.73783734747372,-2.55314861589429,-120.848105619418,0.0103028395759772,-0.0994678415201199,0.000349663063463623,-0.0147745593555654
9.7413719553262,-2.46273562561686,-117.889530767314,0.00797215698120651,0.0996817170451382,-0.0044375491287294,-0.00926872676770871
9.69893537886567,-2.55657632960873,-115.09297584087,-0.0412178640874355,-0.0911103050157867,-0.00121871237308646,-0.00273039897608404
9.79576914981964,-2.52798470340083,-112.754566742211,0.0941827698313671,0.0336096097402473,0.00265100112260441,-0.00501798353235119
9.75774543581327,-2.6235626181078,-115.080517609628,-0.0400796215808006,-0.0916167230037171,0.00205590757442486,-0.00396119170324846
9.76463081497137,-2.73222716481704,-114.660357512906,0.00077742648079454,-0.0999969779946722,0.00610795267730246,-0.00866756871456714
9.82254015291702,-2.6554953008668,-124.599572982177,0.0485262330406117,0.0874368612593581,0.00938310490503724,-0.0107049973091165
9.73771674267065,-2.63134794190609,-122.870289378434,-0.0939996633531904,0.0341183717297129,0.00917625310682091,-0.00997101276900303
9.70477946959855,-2.55362107047953,-117.369922062575,-0.0425760720388274,0.09048357911657,0.00963879896672992,-0.0127567076900089
9.62428442159344,-2.52588287464005,-110.365241807935,-0.0917320437940138,0.0398149738336363,0.0112369957889022,-0.0120767779941617
9.53495516401029,-2.5441843242883,-103.583809055505,-0.0996064434881937,-0.00886320571990091,0.0102771859050428,-0.00943824392835196
9.47408776565145,-2.4868007547698,-104.437219841826,-0.0721616204483378,0.0692293329035462,0.0112942220894965,-0.0118457633850369
9.55492073498926,-2.56223364574055,-107.576818381147,0.0722995280824495,-0.0690852968369906,0.00853344125536815,-0.00634759413376829
9.4636817644216,-2.55010791037471,-97.5014003798417,-0.0993731410498461,0.0111793934489928,0.00813417048218668,0.000946341916853888
9.5596485698113,-2.59300919160306,-94.7857579610672,0.0858746329198214,-0.0512400958321306,0.0100921724698786,0.00833881460377361
9.63395656096687,-2.65602897769014,-88.7284508045181,0.0722173798915372,-0.0691711648131026,0.00209061126402332,0.00615137872602478
9.66310826401422,-2.75942468401469,-89.3271310359908,0.0206757411495682,-0.0978392238722081,0.00847596189779054,-0.00555648245234114
9.57411905899301,-2.78761302865563,-90.92829613639,-0.0984219110125814,-0.01769540710556,0.0094327059913617,-0.0104929375353803
9.64238500162608,-2.7147325490673,-93.309207756028,0.0590940735926894,0.0806714972355281,0.00917186904038658,-0.0077910176471952
9.72921089924083,-2.78945217220872,-88.6515055652568,0.0773208427757658,-0.0634151974880258,0.00950505483898212,-0.011304425653395
9.63880648264839,-2.82788573191537,-90.8247941130674,-0.0960669586720633,-0.0277693977518432,0.00566254207962835,-0.0106641619548099
9.69858645885386,-2.76288938519205,-87.0285471354473,0.0592975552903433,0.0805220462767104,0.000482420915124848,-0.0155256995533825
9.74628955452493,-2.86503974405782,-82.8656994286672,0.0376954368237751,-0.0926231830734875,0.0100076588472895,-0.00952717579229162
9.65172855868366,-2.85467305896609,-85.0363143547885,-0.0977334982770581,0.0211698680800871,0.00317250243579714,-0.0108031829883566
9.60190656267031,-2.94225620560447,-90.1536133981026,-0.0579587795122764,-0.0814909803441297,0.00813678349891767,-0.00609216629425058
9.64108961886653,-2.8540687616137,-86.6718511389996,0.0274484109934503,0.096159163546355,0.0117346452027753,-0.00797171955558545
9.74924785871464,-2.84700681942365,-87.7719361190921,0.0981498745118652,0.0191468570085307,0.0100083653362422,-0.0120849148184786
9.6588428604568,-2.84713295037487,-91.2173463697813,-0.0993828151242156,0.0110930635077058,0.00897781686637877,-0.0112191944589206
9.65375076620552,-2.95950631672736,-83.4229919860604,-0.0169957622596454,-0.0985451371971931,0.0119036680083671,-0.0138282291552995
9.58446080620646,-2.90852626673275,-85.420255335986,-0.0826883184330394,0.0562373718688586,0.0133983584339763,-0.00525732187424527
9.68487863829611,-2.95311857388332,-82.1894373301891,0.0873705331731103,-0.0486455540933232,0.0130472989165415,0.00405324694274783
9.60717691054388,-2.98282070646702,-90.8197366989208,-0.0959252893550042,-0.028254890942255,0.0182235616027686,-0.00144724164144616
9.51820828822353,-3.01711609306305,-97.1667008628735,-0.0975310989575552,-0.0220835852191528,0.00856247663720389,-0.012211801376869
9.61613431709167,-2.9827654416621,-87.4488586520616,0.086993015433929,0.0493174945198172,0.0109330134342134,-0.0149668431188761
9.63089987798308,-2.8972777663947,-92.709905926437,0.00329166983812396,0.0999458098655306,0.011473891053285,-0.014458134598128
9.5453995858761,-2.87623853998212,-97.7555127174813,-0.0933716068738314,0.0358014389347507,0.00787131476684877,-0.0147622125221682
9.46651305455577,-2.93976629006637,-90.5046466656299,-0.0824464923910335,-0.0565913058023515,0.00355996107070844,-0.00693644428190221
9.40983774867548,-2.85319549574701,-92.0287660438458,-0.0603766216074414,0.0797161436803854,0.00370131572715238,0.00685465063897511
9.37436479553012,-2.76885271205921,-92.2045631996711,-0.0455042624720465,0.0890469656803369,0.0100313093266866,-0.00470418199253608
9.31981321519228,-2.70042337234293,-92.0369823188085,-0.0597196213050758,0.080209518332791,0.00516804096723433,-0.0117801786165105
9.2294210564681,-2.6920509860766,-97.6189949709489,-0.0973752339419751,0.0227610152397829,0.0069830752177964,-0.0143886289734506
9.20192926501919,-2.79897721198497,-102.382313185075,-0.0276886054654825,-0.0960902759251781,0.000196814016565128,-0.0108359499831914
9.19068517508954,-2.89873092630314,-102.298135463792,-0.019511452898768,-0.0980780465026662,0.00826736296911967,-0.00167566781550077
9.23768223965338,-2.82672729189488,-99.4464549208796,0.0467345959833921,0.0884074518254491,0.00026246858045198,-0.0164038174171914
9.27948906142912,-2.7397360957434,-105.598757888754,0.0347969139943461,0.0937505988059281,0.00700990778139143,-0.0067594026544463
9.20068398305314,-2.81351127754594,-109.300316870039,-0.0792788350896686,-0.0609497030905413,0.000473756713686768,-0.0128254787120016
9.22910146646614,-2.72247993250353,-111.791485839038,0.0261857767159325,0.096510647587628,0.00223170669707251,-0.00547930254521367
9.32122634600949,-2.74793348938137,-113.270545694862,0.0985036586178674,-0.0172345362251101,-0.006378779074522,-0.00821902065273683
9.38337234904539,-2.83718007757215,-120.231826764987,0.0659001464831549,-0.0752141655108845,-0.003754143447253,-0.0140324226798952
9.4511682846611,-2.77076349961913,-118.533101294441,0.0661919593951989,0.0749574846924865,0.00160397622051178,-0.00854090673946206
9.35636085180939,-2.76132702653254,-129.04565127351,-0.0971254129965436,0.0238044985297072,0.00231798014483431,-0.0143680254431184
9.37240695459282,-2.86766380457592,-127.04282801463,0.019050295209132,-0.0981686622728706,-0.00300419242570094,-0.00816811577050713
9.34509803144281,-2.96863032333578,-121.19357755475,-0.0239897621446481,-0.0970798192841499,-0.00331916100535956,-0.00388669947571674
9.43414135331103,-3.00079859335632,-119.603749040624,0.0975187875709029,-0.0221378876747788,-0.00847546570268776,-0.0100303823457548
9.4415096943916,-3.10159265805679,-127.03843135444,0.0194817239411982,-0.0980839560390941,-0.0121133828606261,-0.00271010866137777
9.35138161367399,-3.15732953432659,-121.855445153997,-0.0785886228507421,-0.0618371114980626,-0.0115394578668706,0.0061002352282663
9.2477767667886,-3.11490657638281,-129.225147877397,-0.0913150469033125,0.0407622645230346,-0.0122897999820744,0.00166069342073816
9.278904648876,-3.21611336690588,-133.153727783527,0.0355977607331661,-0.0934494485311939,-0.00446987864576975,-0.00775734199186795
9.35215100074274,-3.27489366073614,-126.346345138613,0.0775910631395946,-0.0630842842621476,-0.00434471127285008,0.00430399043188634
9.44195395543172,-3.28660154360063,-125.823866344777,0.0987201747741893,-0.0159476359550095,-0.00891722008520901,0.00423975309052083
9.34521502915474,-3.29480527995181,-128.677857738539,-0.0991890373060121,-0.0127096372216733,0.00245011102902204,0.00450590087048386
9.2479112747985,-3.29941972150826,-135.18926129449,-0.0994926275236468,0.0100606693833407,0.00218887316741068,-0.0146751109397896
9.24423923651181,-3.20865006321109,-130.398671600245,0.00225745584559679,0.0999745162184103,-0.00592949413228894,-0.00920485792123882
9.22705953473249,-3.11722728114016,-130.303396048943,-0.00726350543008132,0.0997358585909159,-0.00991619634923424,-0.00831307651997992
9.18279336958018,-3.2198776281129,-133.910730892092,-0.0383001254599299,-0.0923747822176249,-0.00596603969238174,-0.0102755647551189
9.28251717631594,-3.25344439166064,-125.864161334256,0.0979976043885561,-0.0199115427354098,0.00172620234720533,-0.0136552208123339
9.35638459534076,-3.18642377202522,-124.793469782668,0.0644645871735953,0.0764481327472289,0.00940283185122226,-0.00942751311180701
9.26708860495751,-3.15443725391139,-122.970963495153,-0.0900946714951042,0.0433929737191317,0.000798681111852773,-0.0114064556053011
9.23136780548017,-3.24805655337479,-127.646427395347,-0.0400373977167206,-0.091635183112564,0.00431659823938091,-0.00198411635083484
9.32143678887997,-3.30786955454628,-132.514187403099,0.084335708623437,-0.05373535382765,0.00573327477636276,-0.00607764734383665
9.23790175305702,-3.34424312528303,-128.528226118049,-0.0961860301073538,-0.0273541150868973,0.0126509942844031,-0.00901945564985573
9.29401455332312,-3.26930052335514,-130.820270663636,0.0429713567389712,0.0902965254038719,0.0131414435271306,-0.0153539234759856
9.28751554902069,-3.38461076030508,-133.724406747529,-0.0205249834744518,-0.0978709612365868,0.0140259791720236,-0.017439275713354
9.28344740303496,-3.49950932681869,-139.879518668909,-0.00785645370657596,-0.0996909029709152,0.00378830772084982,-0.0152076635426927
9.21340112885516,-3.58698653625714,-146.887159268813,-0.0719513040326135,-0.06944789304224,0.00190502985280538,-0.0180293163962059
9.14539543404135,-3.53538305291995,-142.134056364967,-0.0723189524006238,0.0690649630686668,0.00431325758681922,-0.0174614797314756
9.21243571092123,-3.63777307109717,-139.106085667857,0.0640222149817083,-0.0768189819565186,0.003018061898171,-0.0255710362207091
9.22853719183673,-3.75502355777165,-145.964584368296,0.0119189996870692,-0.0992871464312458,0.0041824812284279,-0.017963340243235
9.15085999550548,-3.71584318139202,-148.288313790785,-0.08059847841094,0.0591936253142283,0.00292128207968823,-0.020013248934596
9.05957850262186,-3.75544091404801,-153.746363282762,-0.0981686186973234,-0.0190505197582513,0.00688712581371043,-0.020547212897733
9.14057879839953,-3.83813132453587,-151.522328400181,0.0747914890738355,-0.0663794634063755,0.0062088067038335,-0.0163109470814841
9.05898473868128,-3.81541312985244,-154.305376253256,-0.0933287298013556,0.0359130643870104,0.0117346700831078,-0.0131948697035871
8.99390993252803,-3.87247681970791,-153.412783838318,-0.0865195508680063,-0.0501434673471877,0.0214447447147545,-0.00692022250828284
8.91501286687633,-3.87194721117036,-160.241951641917,-0.0999785217750002,0.0020724824934857,0.0210814561232979,-0.00154287395593744
9.02158319536576,-3.93449319203644,-157.62248957169,0.0856236352022174,-0.0516584271417317,0.0209466932872129,-0.01088755372434
9.06756345089955,-4.0365719852296,-158.336865303798,0.0308450525654159,-0.0951240386665575,0.0151352029683718,-0.00695475452660799
9.17527638463629,-4.03265106241485,-156.92699719236,0.0988373802219842,0.015204350392402,0.00887555351475378,-0.011283427577654
9.16293994234598,-4.13984411579797,-158.966956716235,-0.0311268650211775,-0.0950321959861677,0.0187904227308717,-0.0121608573969543
9.07869116862215,-4.11685954223969,-154.270794370618,-0.0945146229920721,0.0326647522670305,0.0102658492682401,-0.00968017870874593
8.99085866309099,-4.16487288165296,-159.826158181533,-0.0922970721817024,-0.0384870168587488,0.00446456665054207,-0.00952632255452557
8.98135630186085,-4.08341054968261,-155.343938955841,-0.0164151120498847,0.098643520296012,0.00691275081974929,-0.0171811883256532
8.91230269750226,-4.02844481413601,-160.981194426693,-0.0724857302467387,0.0688899042719398,0.00343212588814268,-0.0139241687253462
8.952565523832,-3.9392278934932,-162.168696283488,0.0367830264813713,0.0929892948831786,0.00347979984837288,-0.00377237424036392
9.04977728292168,-3.92796096439455,-150.594938106069,0.0979765616801812,0.0200148285361041,-0.000764802590502711,-0.00874789943745391
9.07541820766255,-4.03930529940693,-152.147034765286,0.0218433516297415,-0.0975851832481728,0.00379757311112527,-0.0137591517642111
9.10172161278252,-3.9466938923221,-149.460224454219,0.0232428098185126,0.0972613581631495,0.00306059530146641,-0.00464995107831334
9.12388437943609,-4.05329441710935,-152.251266927365,0.0115716953452046,-0.0993282229119084,0.0105910713083635,-0.00727230187534578
9.08324488342485,-3.97740849346543,-155.044614329968,-0.0447727292947367,0.0894170157827928,0.00413323328349158,-0.0135310921388683
9.00058223805123,-4.01226914275755,-153.715830018487,-0.0975412777433199,-0.0220385828991005,0.0148786323697028,-0.012822066393023
8.91584122887267,-3.9957759420615,-147.956368102601,-0.0954888159761134,0.0296965658533094,0.0107478067975482,-0.0132033651572601
8.93363016095113,-3.89551609481703,-149.263386130746,0.00377261304731214,0.0999288116150455,0.0140163190311551,0.000331035629424381
8.96764718010419,-3.99710397397951,-152.098772601414,0.0265257613966429,-0.0964177576088988,0.00749125775641524,-0.00517012155358421
9.01494278515932,-4.10118159778887,-151.96970070188,0.038715411973587,-0.0922015014829771,0.0085801930815439,-0.0118761223263764
9.06199054945135,-4.02072157749896,-149.731082992662,0.0484185424295594,0.0874965413544842,-0.00137077813752917,-0.0070365210645762
8.99489504686694,-3.95270350564336,-154.737378485164,-0.069718111713676,0.0716895034093513,0.00262260912926671,-0.00367143155375382
9.10005623749914,-3.9585724800553,-150.865797794335,0.0997596223124115,-0.00692948454684838,0.00540156831978322,0.00106051013490593
9.19512352877244,-3.95337678954608,-150.70140939432,0.0995487289552771,0.00948949753089096,-0.00448143768197795,-0.00429380702167359
9.28910866771053,-4.0072407594977,-151.214416135748,0.0913915314017424,-0.0405904913501221,0.0025936075363493,-0.0132734786014936
9.26734296670861,-4.11166299830573,-146.275006054954,-0.0189789419140522,-0.0981824819599863,-0.00278675908786852,-0.00623975684804767
9.24050568245207,-4.21405823482049,-146.397453694837,-0.030829033280489,-0.0951292316114795,0.00399174902395316,-0.00726600490328044
9.13744890990472,-4.23820942638313,-147.419101607171,-0.0972338708813695,-0.0233575331194278,-0.00582290166597943,-0.000793658443206668
9.19050984779339,-4.15499388638395,-149.740014555364,0.0491980816559475,0.0870606039570983,0.00386285623271654,-0.00384506395791684
9.29627581249381,-4.18577315959656,-150.975925865056,0.0983936924217282,-0.0178516467480829,0.00737227227868686,-0.012927626464533
9.21862231125347,-4.14106759352408,-154.562417767985,-0.0811327043886175,0.05845925314772,0.00347920314828087,-0.0137536870752377
9.13550337568745,-4.11543459222676,-147.996726429073,-0.0942128823274243,0.0335251070626018,0.0110939467614006,-0.00789210576528365
9.18670387006645,-4.0380145781134,-149.693256197559,0.0450749818208868,0.0892650324250584,0.00612551255811411,-0.0118450183116923
9.14134409326256,-4.13965723891529,-146.554647047665,-0.0453411033672522,-0.0891301539628433,-1.8673436635197e-05,-0.0125125068390526
9.09128550878388,-4.06080292395119,-148.711852923213,-0.0491488508139056,0.0870884060232615,-0.000909733664769874,-0.00823409105915651
9.13830793576872,-4.14970128733886,-151.780335482219,0.0553789279486251,-0.0832656852446492,-0.0083565009637887,-0.00563267814301915
9.06381201369349,-4.08230346633389,-148.430873884844,-0.0713707536224923,0.0700443825539029,-0.00312516845273336,-0.00264656154893572
9.1186992996105,-3.99245060038276,-149.755645202362,0.050552829968216,0.0862810024408887,0.00433445594879345,0.00357186351023975
9.03200328236072,-4.00958329614645,-153.823293285922,-0.0993423813204247,-0.0114495097531437,0.0126463640706405,-0.0056831860105464
8.94280248990392,-3.99777170623871,-154.183743767844,-0.0969966387695696,0.024323899099561,0.00779584631276364,-0.0125123091918187
8.90778781493449,-4.08790945872296,-152.878812075307,-0.0489545437628058,-0.0871977788993248,0.0139398687933827,-0.00293997358492581
9.01394142778125,-4.11699748145412,-157.368769820203,0.0958490255296289,-0.0285125289131032,0.0103045873171332,-0.000575493818060435
9.1063775065821,-4.05761093269651,-156.377407935841,0.0763407076472116,0.0645917669360652,0.0160953711536322,-0.00520521817844677
9.21196154054282,-4.10475291380287,-151.259862982284,0.0894530920047185,-0.0447006077228864,0.0161309419559998,-0.0024413733834836
9.18429652398498,-4.01013185013775,-148.822306129671,-0.0392497029581907,0.0919753272225427,0.0115846864003544,0.00264573644257982
9.17756692046414,-3.91787693782803,-155.334588295762,-0.0173367630147673,0.0984857179908326,0.0106071594939223,-0.00623080568110712
9.09565088931987,-3.88808040922969,-160.545930160287,-0.0947744936396602,0.0319029051239226,0.0128584624953945,-0.00210637652558399
9.03726365664217,-3.83443744601411,-160.877992069059,-0.0791970467417236,0.0610559398207025,0.0208098140640214,-0.00741297660512785
8.97540610348369,-3.78057949282374,-160.929102596327,-0.0759743837860928,0.0650222501019726,0.0141168306276143,-0.0111642969116041
8.89927762627681,-3.84018221070417,-159.755054269333,-0.0893295821151677,-0.0449469215756709,0.0132011049082852,-0.0146557963047547
9.0069161653764,-3.83172908251542,-163.043866026553,0.0949564575009664,0.0313571551462687,0.0126820815986299,-0.0229040269575198
8.97140173677381,-3.94164726689209,-159.042914470061,-0.038248606640917,-0.0923961259470786,0.00273417803832388,-0.0175220584295936
8.87567478014444,-3.99474016339309,-166.190289641244,-0.0951068340549398,-0.0308980600693012,-0.00062012257442845,-0.0221948364316928
8.98410515452837,-4.01209862240113,-175.969234724185,0.0999198261163837,-0.00400354204069843,0.00851054826754272,-0.013354916967341
8.96544147112753,-4.12965355078789,-177.672531720087,-0.0171691877342279,-0.0985150698753589,-0.00149449566660742,-0.0190398585114062
9.06591703959417,-4.15447675697487,-176.011796074231,0.0996589942531823,-0.00825135530953403,0.000816574213448718,-0.0165718508774486
8.97221770214976,-4.20607535542155,-172.391613139081,-0.0922617925953113,-0.0385715131554332,-0.00143754484909131,-0.0130270852912402
8.95653033595454,-4.31858630011023,-171.367061223285,-0.0149696792482825,-0.098873195069258,-0.000717686946938301,-0.0136377496194244
8.97549963193058,-4.43868598064479,-171.001603575937,0.0213538955250869,-0.0976934549798689,-0.00238459954904613,-0.0224062255546917
8.93171197264414,-4.35956315539179,-173.899238152704,-0.0443189996715166,0.0896427703058987,0.000531340385071744,-0.0105199450528952
8.96396268302655,-4.27561136594137,-168.388629979276,0.0308316692340869,0.095128377323698,0.00141904114832592,-0.0111765878732812
8.88150080118003,-4.35195356061122,-172.175420168568,-0.0818399645802033,-0.0574649475551059,-0.000621917266316885,-0.0188772471147447
8.77982716077476,-4.34592492849276,-172.941415237596,-0.0988193120153218,0.0153213437014667,-0.00285432838994559,-0.0092927115830026
8.71175974097742,-4.43099872130303,-172.031564587346,-0.0727564376590925,-0.0686039414258291,0.0046890178617538,-0.0164698513844406
8.62371055074115,-4.47867505628576,-166.0990651373,-0.0918966207663183,-0.0394336289444869,0.00384743053004044,-0.00824270603824706
8.56015572009004,-4.56717220997829,-165.642764253447,-0.0651188882481709,-0.075891569975342,0.00156405759706857,-0.0126055837171892
8.66289262228883,-4.55055268875148,-169.311335051629,0.0944519329388266,0.0328455836318889,0.00828496925996447,-0.0162260624050785
8.68013683907092,-4.66614950961806,-177.468479292008,0.00315004239652349,-0.0999503738507271,0.0140941743855567,-0.0156464470158557
8.58417912863645,-4.65650800489332,-179.313280889948,-0.0970740771043603,0.0240129872014442,0.00111636666989412,-0.0143714824767007
8.68295917404926,-4.68180042358451,-176.036818797198,0.0994213459738435,-0.0107422513817779,-0.000641300561033731,-0.0145501673094079
8.68833285722968,-4.60340212598333,-168.043863028658,-0.003133880637842,0.099950881897799,0.00850756381826123,-0.0215525842966269
8.66467889662764,-4.53007286754517,-167.831047623933,-0.0241740686560737,0.097034088879174,0.000520108054034907,-0.0237048304410097
8.60986443633909,-4.63031410582858,-165.527520889064,-0.0559602901837639,-0.0828760877608792,0.00114582989521317,-0.0173651505225316
8.67750478979863,-4.73683212649471,-164.320995341216,0.0575012128405987,-0.0818144884593198,0.0101391406189411,-0.0247035322068141
8.62658959506903,-4.83419577397373,-159.2640159553,-0.057580380413594,-0.0817587903006509,0.0066651856839961,-0.0156048571783671
8.53953265116562,-4.80189428650216,-166.939499913244,-0.0906832418121314,0.0421491358682774,0.00362629790872226,-0.00984764839671115
8.5038418048266,-4.71300573571293,-167.6576675638,-0.0405512477251663,0.0914089509180157,0.0048604013861393,-0.00252040012878507
8.41805942345264,-4.75731866016561,-166.15453387473,-0.093941496254423,-0.0342782041752515,0.00815911488047227,-0.0100347202774249
8.48549957373213,-4.67888909654522,-168.663559971951,0.0554991713711802,0.0831855875564534,0.0119409789083083,-0.00475602393605845
8.58009294201405,-4.61754420501708,-168.945042028239,0.0764222569702632,0.0644952605977451,0.0181711113116574,-0.00315036906960575
8.50154524520568,-4.63619736067827,-172.580569600976,-0.0978646477156768,-0.0205550657378289,0.0193169509073048,0.00190191007664042
8.49175119812126,-4.53567015134381,-174.127654564383,-0.022869574472675,0.097349794881339,0.0130755273882581,0.00317741445311737
8.4324794325309,-4.60831566136236,-178.290287690097,-0.0710566337664967,-0.0703630215224869,0.0117848681761341,-0.00228248849606261
8.54185171837486,-4.61527679211514,-182.184329023919,0.0999606768007203,0.00280412081443436,0.00941160904323723,-0.00976525156721952
8.64561705529691,-4.57557517237096,-181.715881016942,0.0879258558892879,0.047634481902674,0.0158394810327636,-0.00793286215849021
8.58276462958469,-4.52770966470934,-173.452508128692,-0.0786970971453384,0.0616990024303243,0.0158446714331166,-0.0138334947687067
8.6148268435559,-4.42835664706306,-180.832929969344,0.0190186772540807,0.098174792668511,0.0130435367171291,0.00117822497777675
8.57603228439228,-4.51003268778839,-184.419044712044,-0.0593881304176466,-0.080455266859893,0.0205935712540288,-0.00122077386543595
8.53351326180333,-4.59924222376495,-190.632104282878,-0.0536048043728157,-0.0844187476106591,0.0110857817838674,-0.00479078836590863
8.62325870893186,-4.66776514735484,-195.448639212643,0.0783887057521648,-0.0620903439392996,0.0113567413763622,-0.00643257965058575
8.63138924341503,-4.78125386120178,-190.076003539719,-0.000964784785847043,-0.0999953458432791,0.0090953192690133,-0.0134933680036613
8.67822562369551,-4.69584919828592,-187.256854833747,0.0326021386603584,0.0945362393729027,0.0142342416201302,-0.00913157645704898
8.59080106877676,-4.6758720675468,-191.881396933301,-0.0970320162924121,0.0241823864461112,0.00960746137365653,-0.00420525570698271
8.52849615804524,-4.75555925214092,-190.766785504494,-0.0644546480994779,-0.0764565127269906,0.00214973736795621,-0.00323067186713
8.52136822695132,-4.84935010242796,-196.487508608039,-0.013753047000677,-0.0990497536503608,0.00662511590676296,0.00525890336331458
8.59275227292988,-4.92570865703719,-195.640130704526,0.0651386333982571,-0.0758746231556208,0.00624541258029687,-0.000483931453606923
8.55060729986948,-5.01635295621562,-203.152960329046,-0.0497083343608954,-0.0867702800218221,0.00756336130049817,-0.00387401915660313
8.47607609445624,-4.97461386953875,-210.98857422823,-0.0876686215935173,0.0481062655783284,0.01313741618028,-0.00636717890146077
8.41561190695525,-5.04996604809748,-209.732803594102,-0.072902204756416,-0.0684490214806143,0.0124380172554215,-0.00690315707811795
8.43442579515377,-5.14622237280727,-215.077589606199,0.0121208396888639,-0.0992627082304168,0.00669304850965347,0.00300638352062688
8.39254540946225,-5.0649883033316,-211.44166048202,-0.0577647375791651,0.0816286413730511,0.0158843518876512,-0.000394571897376794
8.3609205441562,-5.16407685001857,-209.265204692109,-0.0342233799900891,-0.0939614828642778,0.00259851468403838,-0.00512706382269679
8.4351590067585,-5.22903769592375,-208.10843981185,0.0722541569137304,-0.0691327477299002,0.00198430568856089,0.00417190182472327
8.50660633152046,-5.29603096969388,-214.465397886774,0.0669621380522366,-0.0742702636825345,0.00448518670972931,0.00727698991240233
8.60769631752423,-5.30071063605416,-219.949227234551,0.0999287874756917,-0.00377325239522196,0.00116119852807905,-0.000906413965061859
8.65360149242368,-5.39765623698473,-221.15134602865,0.0324928428701082,-0.0945738608824788,0.0134123320293398,-0.00237174004809004
8.69084023685039,-5.49742719798869,-221.214191799451,0.0264890417540607,-0.0964278521328337,0.0107497026726531,-0.00334310887112288
8.72635772846567,-5.60190001530498,-221.279711137209,0.020118836466515,-0.0979552572312157,0.0153986551487595,-0.00651756008508064
8.6923256099764,-5.6932453772747,-221.965973476442,-0.0465050273514729,-0.0885284272481939,0.0124729088622004,-0.00281693472151834
8.66986620162781,-5.60203909806092,-211.665707185477,-0.0381849798954667,0.0924224394310322,0.0157255715468843,-0.00121616021725512
8.68535110597043,-5.70516338019449,-221.504378674256,-0.00220947980733491,-0.0999755880151799,0.0176943841499515,-0.00314869411838825
8.75705082894582,-5.78983616354948,-227.210357411132,0.0527036764076823,-0.0849842485000269,0.0189960465677057,0.000311465145038436
8.87584189799116,-5.78642571315976,-232.486797284407,0.099996003025211,-0.000894079963984035,0.0187950660201324,0.00430453035370126
8.8755677608535,-5.8844428399926,-234.124051160199,-0.00753270489078866,-0.0997158881875315,0.00725856775312295,0.00169876135469016
8.78893567412731,-5.89354919528524,-235.495563074881,-0.0992335946073135,-0.012356929283255,0.0126015078811221,0.00325057399061324
8.70491439485108,-5.87722941095355,-242.062521080736,-0.0987245319143471,0.0159206406370177,0.0147032526381263,0.000399143694677973
8.80732679776683,-5.87310223417323,-238.690608519325,0.0997520610683894,0.00703749334694625,0.00266034184735986,-0.00291031656663088
8.73130374209159,-5.82963421884566,-229.847228102015,-0.0872273308635822,0.0489018685779506,0.0112042751883337,-0.00543385325037349
8.72259949954238,-5.92979575676963,-228.053525435325,-0.0284090825455194,-0.0958797373219277,0.0197048399963151,-0.0042818006020453
8.78690958746155,-5.84654078293735,-225.095166803655,0.0454037877430372,0.0890982382462483,0.0189063001761358,-0.00584326441397409
8.72783484542497,-5.77917210644582,-223.864704387572,-0.068831984360316,0.072540732895534,0.00975724232372954,-0.00517205640400165
8.81310964988439,-5.86235713989093,-226.993863518383,0.0697285775912482,-0.0716793238465688,0.0155462268681692,-0.011505709598538
8.76702273811755,-5.79121020615793,-224.012485748019,-0.0574005384821526,0.0818851523901551,0.0113136267153209,-0.0107382186571563
8.69672952834403,-5.86178127683084,-228.68839833112,-0.0797373826291222,-0.060348569257746,0.00944417285559673,-0.0102225014151609
8.66933090226848,-5.97813391779914,-221.778389581892,-0.0291799333620734,-0.0956479560104917,0.0017813072865227,-0.020704684957815
8.5752940798294,-6.03754843803446,-222.590706570826,-0.0894997006862728,-0.044607214406053,-0.0045371217528043,-0.0148073058292593
8.63789956626012,-6.13177050209753,-227.081233285566,0.0632079698225517,-0.0774903384359069,-0.000602483391833886,-0.0167317256271708
8.54607422813454,-6.1788262119079,-229.060019955766,-0.0962086715102842,-0.0272743749007421,0.00438333338470898,-0.0197813349096221
8.64753349993449,-6.17859253735177,-226.016093575627,0.0984097369912218,0.0177629858221682,0.0030495348087225,-0.0175293112660457
8.71430835360107,-6.09713481477801,-225.293100305688,0.0620378789020438,0.0784302338472566,0.00473697476454049,0.00302748872651026
8.67734594631216,-6.19321781739564,-228.116530626066,-0.0343896392847497,-0.0939007599003586,-0.00257276800415696,-0.00218224271727174
8.64294338401326,-6.09960693322545,-224.352128095111,-0.0268414386451536,0.0963303543617403,-0.00756112365375117,-0.00271947019155605
8.7095857467299,-6.17923233312981,-227.024479779273,0.0675016898641067,-0.0737802267920745,-0.000859327147470168,-0.00584517311227772
8.64669998242323,-6.26707239280749,-228.493473158893,-0.066538226349792,-0.0746502808717009,0.00365246204312442,-0.0131897788059803
8.55180630832664,-6.31041796870844,-222.681147364473,-0.0931627313745736,-0.0363415118401675,-0.00173094272201801,-0.0070040640607878
8.48751563871863,-6.39576618719138,-228.499794992412,-0.067008820239216,-0.0742281483680446,0.00271815063120862,-0.0111200701148944
8.58639339322686,-6.38302693107192,-225.937942316357,0.0967225782691941,0.0253917871163023,0.00215517623903239,-0.0126525309968426
8.62893452358206,-6.48259525675723,-227.291677695328,0.0456261792541494,-0.0889845591474623,-0.00308504889894579,-0.0105837665378439
8.59609386099591,-6.40578995339117,-224.244981027257,-0.0369892865051761,0.0929074414879562,0.00414862391902382,-0.016102138121894
8.53386089445678,-6.33872724120964,-224.031129184244,-0.0558640310157657,0.0829410033618449,-0.00636893552335849,-0.0158782911803166
8.4375620467205,-6.34195759223155,-223.260130893929,-0.0978641103195641,0.0205576241662357,0.00156526258327716,-0.0237879751881471
8.49251112851692,-6.44419544559006,-227.188641901955,0.0545365815236032,-0.0838198143383734,0.000412500272815919,-0.0184180390201352
8.40763714351191,-6.51358909476057,-222.497874304655,-0.0849792873324697,-0.0527116754093964,0.000105302327460421,-0.0166819737611168
8.41240584938588,-6.42793029723421,-230.93396487674,0.00269015920722616,0.0999638086681364,0.00207854666674123,-0.0143050111417771
8.35244696728722,-6.3531181635951,-230.276665963747,-0.0589463135711526,0.080779527829589,-0.00101256852750353,-0.00596739419047232
8.34816798343489,-6.26703060925076,-224.56471817501,-0.00591220596529956,0.0998250761112852,0.00163322211296801,-0.0137375217669478
8.3034437957957,-6.18367405753838,-217.805086881976,-0.051035929526948,0.0859961272228023,0.00631174188776029,-0.00263957551042227
8.28921039307946,-6.08752173520162,-218.224335795377,-0.0116091270958143,0.0993238549799253,-0.00262427562042689,-0.00317153264316872
8.29610628488894,-5.99861018766659,-218.396812049427,0.00560931675456733,0.0998425538813332,0.00128657505491958,-0.0109310063463002
8.40149031030646,-6.02920668026957,-220.133782225817,0.0975393717659182,-0.0220470169299612,0.0078446536515937,-0.00854947567302355
8.43123712279487,-5.93592525261192,-224.894792511245,0.0267615853471717,0.0963525689834269,0.00298522714124516,-0.00307114132577047
8.51689309131644,-5.98502259384504,-226.724191997083,0.0863049152999851,-0.0505119945662651,-0.000648946778415649,0.00141465333314583
8.44165519611025,-5.9151452212093,-223.890231794786,-0.0669579827309609,0.0742740099132956,-0.00827991247523308,-0.00439663727755457
8.4362951942265,-6.02040657769353,-227.833288167173,-0.00677688017963465,-0.0997701052170984,0.00141687829587944,-0.00549125126713212
8.3904360979724,-6.1188887982066,-221.886735060772,-0.0393515936525366,-0.0919317794726374,-0.0065075026015613,-0.00655044104043867
8.33300514780298,-6.20339371451946,-228.285995651954,-0.0497338508460279,-0.0867556573372887,-0.00769709932338714,0.00225074102442946
8.35381674168661,-6.11031324370834,-231.264191386498,0.0349588024872578,0.0936903523776963,-0.0141472086036281,-0.000609881566577375
8.26033576274399,-6.16312523943306,-234.998872969799,-0.0813543616668748,-0.0581503898333909,-0.0121266172757508,0.00533839410867509
8.34330399038208,-6.11324913122484,-238.25490805464,0.087462545929262,0.0484799242942038,-0.0044943182911652,0.00139618391400909
8.23660500342831,-6.13571466932168,-229.097730490301,-0.097168558688167,-0.0236277633826023,-0.00953042826560946,0.00116222528576682
8.17496050197504,-6.04927363525194,-224.132232588865,-0.0472074169522993,0.0881558834377591,-0.0144370845009636,-0.00171484936802102
8.25996867698943,-6.06770400052307,-232.690233741602,0.0977532563763836,-0.0210784455739274,-0.0127450813620023,0.00264808030280239
8.3454162352458,-6.07964065838607,-238.878384073971,0.099312327648609,-0.0117073300549417,-0.0138647693922369,-0.000229327808060731
8.40317994752628,-6.15906198909509,-233.294700553044,0.0684525165510085,-0.0728989230224556,-0.010688804270524,-0.00652240768656176
8.46344351424183,-6.23806258719811,-233.370117049681,0.0627653706010312,-0.0778492662349184,-0.00250180388548671,-0.00115133186810334
8.5192530913262,-6.32522614599942,-227.222240063436,0.051690141127708,-0.0856044935163899,0.00411943595666919,-0.00155906528491911
8.423873031406,-6.34087100603633,-222.829118079328,-0.0975025538173541,-0.0222092773203896,0.00212249389715424,0.00656441728348067
8.34661513162853,-6.26618563973252,-223.785676089138,-0.0743439573333841,0.0668803110639594,-0.00291394244408494,0.0078050552398512
8.31488672591532,-6.35862474505315,-228.106933130864,-0.0334868571919523,-0.0942264845752286,0.00175845147873765,0.00178737925459238
8.31304463358104,-6.25509494762588,-224.626951370282,0.00030766337581411,0.0999995267151159,-0.00214975571009468,0.00353027071215228
8.41336918816842,-6.23610338091701,-219.761161537764,0.0988722576106694,0.0149758697566929,0.00145229697671567,0.00401569695218029
8.46302840024241,-6.31713083021036,-227.291981147991,0.0455991745523401,-0.0889984004358799,0.0040600375216524,0.00797095114252944
8.40853933160243,-6.40524153411204,-228.343301691165,-0.0546211130807533,-0.0837647539590463,0.000132044440766421,-0.00434594994263104
8.40373200530988,-6.5086778439502,-227.840452472618,-0.00749148365446752,-0.0997189935401218,0.0026841573619194,-0.00371731629804017
8.49270534890771,-6.56809044868779,-220.547655753472,0.0804377126609612,-0.0594119043784379,0.00853563093686915,-7.00359147121077e-07
8.57409108005535,-6.49633349744392,-219.249254647446,0.0788622339049168,0.0614877879218808,0.00252349724271816,0.010269163321984
8.568267083106,-6.58621639349286,-215.283235552738,-0.00840395425397288,-0.0996462420410179,0.0025799573046239,0.0097633459920754
8.6587825303735,-6.53829521965119,-213.122788144704,0.0874926505329579,0.0484255728176518,0.00302279673454464,-0.00050439897598098
8.56866799137314,-6.53218183071058,-210.504185460454,-0.0999847269414699,0.0017476780137359,0.00987018794110917,0.0043657109268751
8.53669356157786,-6.43779764158423,-211.717243215397,-0.0333733047284113,0.0942667626022269,0.00139887493313395,0.000117426524124387
8.48209409067352,-6.52250854408632,-209.537898479013,-0.0582651201382153,-0.0812722324984329,0.00366564923386825,-0.00343867000365705
8.53946503515664,-6.62028905069556,-208.431286435321,0.0465876598700463,-0.0884849701804373,0.0107832846130762,-0.00929553642880165
8.50846376756575,-6.72349137291995,-209.205506295499,-0.0285563951676376,-0.0958359655611072,-0.00244487242325597,-0.00736635666328223
8.42613733770904,-6.66831633632134,-211.080894106819,-0.0828604301474266,0.0559834718089495,0.000534000290723924,-0.000808435210340352
8.43355531940678,-6.77030737083535,-208.815745779675,0.00999982715922949,-0.0994987610816614,-0.00258184546149032,-0.00249227343234493
8.3635643351038,-6.85376668711632,-209.740394463772,-0.0734196870177006,-0.0678936636087852,0.00342870271471796,-0.0155656526721861
8.45275431569763,-6.80414575977774,-206.80912631462,0.0859764066592352,0.0510691442846443,0.00321357393459998,-0.00144821694606501
8.4880821920043,-6.71192802041303,-206.049718500777,0.0271931587604537,0.0962316585985546,0.00813471754621631,-0.00401391923384553
8.57453889425502,-6.65666658498592,-212.951567678069,0.0779622978799995,0.0626249160420213,0.00849440437071358,-0.00736348061491077
8.5524269433698,-6.75658547002515,-209.206043353428,-0.0286078605120675,-0.0958206153023559,0.00649590962685132,-0.004098269736871
8.61040033281007,-6.67677817627068,-212.645453676486,0.0554656059859331,0.0832079716890949,0.00250778345434099,-0.0034006779346285
8.54103712652557,-6.6046465284317,-217.499292275676,-0.0745574937782807,0.0666421797475266,0.00519428749377937,0.0054894680914499
8.5585399643357,-6.70755185848417,-208.82935104491,0.00864523640038762,-0.0996255985556996,0.00885760140973879,-0.00327973149676941
8.47326903171659,-6.75704227162479,-197.454278999451,-0.0893346554709645,-0.0449368371370757,0.00406372285185341,-0.00455357600354178
8.55641658456636,-6.69064555697325,-194.095843161709,0.0775745093082319,0.063104639334894,0.00557304354153842,0.00329207531664499
8.61954249313426,-6.7749327495231,-195.799314531974,0.0522880156666401,-0.0852406207019001,0.0108378929012591,0.000953428152049351
8.53235692295411,-6.77605050026824,-191.638047754251,-0.0999999598694815,8.95885154117393e-05,0.0128143896893373,-0.00120733926055383
8.46004327931748,-6.83570029130706,-191.005989657285,-0.0807342251824171,-0.0590083458859403,0.00842058154578673,-0.000641445152877118
8.51794192631193,-6.75286541917307,-187.408910465167,0.0465454072509395,0.0885072034573695,0.0113532397435083,-0.00567233132338174
8.52818285904021,-6.65350096736346,-186.992031763027,0.00672181528317317,0.0997738302326762,0.0035191174451068,-0.000409378423063433
8.50643799613361,-6.74424953951357,-190.471208919165,-0.0393883994568837,-0.0919160159505674,0.0176435365502847,0.00116744380045919
8.46773917185754,-6.82682237263724,-196.992494263926,-0.0599561754648028,-0.0800328496533379,0.0212573511887371,-0.00253998347033102
8.45544115455731,-6.72814168705979,-192.960735206689,-0.02447026324083,0.096959817537599,0.012172245940592,0.00172086803984906
8.45736460235747,-6.62553029318714,-187.022520858713,0.0097602338531108,0.0995225493801912,-0.00783678605294647,0.00308884449246039
8.49685611715145,-6.53470016321581,-193.60003753037,0.0382120028394327,0.0924112700864954,0.00127951195454123,-0.00158114011516286
8.41726976184274,-6.47475010476224,-192.170914664567,-0.0860898748300853,0.0508776321357456,0.00650351952137385,0.00907242631782301
8.34215529396726,-6.53544105171284,-184.774511629681,-0.0836761235891368,-0.0547567926479948,0.00856165571366141,-0.00593415430260746
8.2567558595825,-6.53784925951916,-185.330438490215,-0.0999723227691902,-0.00235259009027454,0.0145728883844356,-5.56177160460081e-05
8.36516033928024,-6.51099317670226,-188.214542889758,0.0960774074685029,0.0277332250943026,0.012327072229235,-0.0008771422774001
8.28495227864737,-6.54454049758432,-185.046571242583,-0.0953124918870094,-0.0302577079483687,0.0151044312541337,-0.00328961293368968
8.21557371612679,-6.49964783977858,-185.839173203869,-0.0884578591959915,0.0466391160557546,0.0190792966754181,-0.00174645825001774
8.17528383577611,-6.40582977818387,-192.62752531121,-0.0548377614921018,0.0836230824266563,0.0145478811414179,0.010194979168054
8.118396620881,-6.32440125279285,-192.414497536055,-0.0712777769173364,0.0701389942736737,0.0143905620222302,0.0112895311173493
8.06352493256007,-6.38594688856047,-197.188620639615,-0.0744028598982441,-0.0668147771002962,0.0195311715773059,0.00526914133266931
8.16323850294986,-6.44633364482076,-189.197295262932,0.0763722642748782,-0.064554451818044,0.023341306114915,0.00416769555775742
8.28240838786119,-6.44991733167853,-188.523969718761,0.0999596448794214,-0.00284066815731276,0.0192102400319101,-0.000743018700453568
8.27238773724163,-6.54890621739241,-184.06860848588,-0.0281577996842345,-0.0959538343003682,0.0181371490646764,-0.00303505141352023
8.33585493115649,-6.46833712474989,-187.435739837388,0.0489029640477089,0.0872267167062276,0.0145642298671493,-0.00665762406370263
8.37213170731215,-6.38108054442338,-193.386840598672,0.0177939761413277,0.0984041381908396,0.0184828000143309,-0.0111475578643287
8.46442931006183,-6.31655921936712,-194.07295533091,0.0761099891748374,0.064863468515075,0.0161876135748429,-0.000342143458820221
8.54793003665536,-6.24408858207961,-194.05410475715,0.0748738257714876,0.06628657642646,0.00862690082204587,0.00618406086105683
8.57989757203508,-6.34772634283417,-196.204879863505,0.0144156964917254,-0.0989554833986397,0.0175518388879912,-0.00468227735592075
8.58860158807899,-6.261276772732,-205.792884609061,0.00185647323770881,0.0999827660505433,0.00684754280620403,-0.0135331959483733
8.70007386680518,-6.28225333777571,-207.461395584076,0.09932470429267,-0.0116018583500085,0.0121475744335164,-0.009374706693702
8.81033878607452,-6.30842609905389,-213.896062922267,0.0964365300722146,-0.0264574312364381,0.0138283891971316,0.000284669958251715
8.86705016765755,-6.38978007570326,-208.463068685668,0.0437523544363292,-0.089920695511533,0.0129590271466924,0.00856671886216853
8.79952472909118,-6.32615380486574,-204.870676668402,-0.07855857007404,0.0618752864067889,0.0110331315076717,0.0017509844307253
8.75354126243936,-6.4005449457398,-203.352262628129,-0.0659036117830514,-0.0752111291894281,0.0199201451312341,0.000819988315366782
8.74025396172435,-6.49511358206979,-202.981517529385,-0.0341762205911969,-0.0939786462240325,0.0208889198761923,-0.000589990105952509
8.66968248917891,-6.46591655905128,-198.167091116081,-0.0969710403749933,0.02442575134139,0.0263995678295466,0.00477127167712377
8.73037823562121,-6.37481255812056,-199.870400265824,0.0370239438373608,0.0928936358569733,0.0236718026049374,-0.00178963492625472
8.7745088887293,-6.47032209175872,-208.711049284109,0.02034322234078,-0.097908903092587,0.023787430767312,0.00239936945442842
8.82981506241362,-6.38465847401915,-218.721252262828,0.0371443098693607,0.0928455720232738,0.0181618638149583,-0.00718195428370283
8.93772236435773,-6.36737976944186,-213.422364086932,0.0978869943773779,0.0204483821307015,0.0100203075667356,-0.00316967755341935
9.04662683573004,-6.34730831053763,-219.634940846056,0.0962004534986703,0.0273033468030966,0.0127040178736415,-0.00723188789885976
9.14942612994375,-6.40723054798903,-214.078525467193,0.0900349202268994,-0.043516814448393,0.0127643739868084,-0.0164054230030142
9.25613453132793,-6.468536463749,-220.31521886675,0.0919600835728422,-0.0392854047869675,0.0147483178113319,-0.0220205109730012
9.32237775189704,-6.39343571995732,-218.90718770477,0.0536680645019386,0.0843785449780675,0.0125751560671752,-0.00927780118638122
9.29564462585036,-6.31618147188236,-224.134269189875,-0.0470277808130678,0.0882518432203999,0.0202946547663867,-0.0109975951454429
9.4149876935546,-6.36936394874793,-220.333368762015,0.091231950467519,-0.0409479085411229,0.028111117236719,-0.0122345683244518
9.397032745443,-6.28237607878344,-217.907604286051,-0.0419673099252505,0.090767532177745,0.024012361813659,-0.00377966221324977
9.3502561200678,-6.20681062343969,-211.427042623519,-0.0589517594870656,0.0807755535628148,0.0121751341118621,-0.0052100982190697
9.27743692814825,-6.27612964789788,-216.164930828925,-0.0822523557139056,-0.0568731041839035,0.00943316379436077,-0.0124459202742786
9.32222684122317,-6.38652315173538,-214.943661157392,0.025266691189194,-0.096755332237298,0.0195232218857235,-0.0136381716002085
9.42271098317443,-6.34394597503383,-206.82925120614,0.0869866881548713,0.0493286537810143,0.0134974537963899,-0.00675147707946344
9.47844576366735,-6.26885529076748,-206.140122576997,0.0357699996821897,0.0933836555438699,0.0199647808107226,-0.0182929712775146
9.58563546985721,-6.24887820160178,-200.685989595021,0.0930162828508417,0.0367147262636155,0.0141734233390256,-0.016737637097922
9.67399679127212,-6.33027959735183,-201.744742640703,0.07758009691372,-0.0630977698723007,0.0107812245011818,-0.0183036258777434
9.77042722651693,-6.40335127625094,-201.679128440518,0.0815502966605641,-0.0578752893260499,0.0148801385842532,-0.0151963895730653
9.8023344231114,-6.5222206536542,-196.176593003519,0.0172086961737756,-0.0985081761885717,0.0146985004206925,-0.0203612012146808
9.86558782822138,-6.63454813674877,-202.216008235362,0.0404761432363694,-0.0914422321944784,0.0227772618736051,-0.0208852509000947
9.79402616718006,-6.6047333092031,-198.457460180755,-0.0859184296538537,0.051166624334773,0.0143567686125383,-0.0213517967891033
9.71808608729956,-6.5811389189505,-192.1731055507,-0.085978201205701,0.0510661229919797,0.0100381213251985,-0.0274717327393814
9.69421737148569,-6.68945146396772,-196.772991131861,-0.04109084345203,-0.0911676619443581,0.0172221276381599,-0.0171448830728598
9.70780099044825,-6.61102298521988,-199.430922917387,-0.00601742117732889,0.0998187890247855,0.0196010401398929,-0.021390310276951
9.67248390650369,-6.53939695734075,-198.901984656989,-0.0555653562953078,0.0831413926980749,0.0202482723507469,-0.011515364818937
9.61921233194441,-6.47250998783373,-198.802816371237,-0.0635238376024716,0.0772316130626236,0.0102522630431938,-0.0103446435556043
9.52105993269094,-6.45132342038923,-191.900524894043,-0.0965517343185247,0.0260338740890597,-0.00160066493494604,-0.00484730664455668
9.43738671252294,-6.39779723715665,-192.22642103129,-0.0831347066754725,0.0555753591619807,-0.00053851349253442,-0.00204917592940523
9.52119889086167,-6.33674553886106,-187.71266157014,0.0708872702060919,0.070533643906497,0.012924908132641,-0.00948194561091054
9.61416788868202,-6.28558244772428,-187.822305154667,0.0781796793433213,0.0623533298050349,0.0147893184770336,-0.0111902386682532
9.57713597527492,-6.20409918383182,-186.372544617921,-0.0524577071524015,0.0851362963741839,0.0154257937452922,-0.00365303248172077
9.56023860363026,-6.1187126591771,-192.910985213001,-0.0292617474884504,0.095622958194788,0.0123643758437932,-0.0102364335400646
9.48188068913295,-6.09777869607051,-185.801845607337,-0.0901367618444549,0.0433054749909987,0.0117788473471467,-0.0223715118844163
9.52875719683061,-6.21689035402895,-189.811622964856,0.0251986624512456,-0.0967730717228103,0.021677845246419,-0.0223385862356253
9.51862550755184,-6.14176658768234,-192.962334737082,-0.0243151418282871,0.0969988344150087,0.0141834525495153,-0.0218750680683941
9.53580704701699,-6.25489509901741,-196.296616202723,0.00528999429496355,-0.0998599817762814,0.0118915451701831,-0.0132685295587893
9.63440528934209,-6.22104715468281,-194.290905784425,0.0883347942888664,0.0468717838143979,0.0102634480362358,-0.0130238394798008
9.7416342166092,-6.23389821928495,-201.089183619439,0.0999628638460883,-0.00272504159388667,0.00726606342102087,-0.0101260230082572
9.80565119212681,-6.33441286741693,-202.082376482075,0.0522985303027493,-0.0852341699564935,0.0117184452148607,-0.0152804781754816
9.84189524144359,-6.44155313466712,-196.127614642931,0.022010899701625,-0.0975475283865512,0.0142331496151584,-0.00959273886364276
9.91634240857469,-6.38332811105905,-181.356739175158,0.065573942648102,0.075498728767996,0.00887322448299699,-0.0172737051599263
9.85436160254708,-6.32475017417699,-173.51781915105,-0.0745025536073158,0.0667035944008194,0.012521747579699,-0.0081256575187596
9.82879558171554,-6.24008465377335,-174.072098941835,-0.0282398377308912,0.0959297220100889,0.00267381689935853,-0.0112642016064433
9.91700538302921,-6.20252616057111,-175.526161500052,0.0919877967164672,0.0392204698499382,-0.00377799540280321,-0.00166197664770751
9.86785261570221,-6.12018310810889,-167.651943960616,-0.0410737692109386,0.0911753556768854,-0.00807899811605672,-0.00883230321466355
9.85692668862701,-6.2278832852431,-171.349859592744,-0.0132667682705579,-0.0991160575267969,0.00234084119536071,-0.00858411960740835
9.77985407452799,-6.29691037300977,-178.426009501324,-0.0799236967689608,-0.0601016030966164,0.00285108266993284,-0.00892548467005838
9.82694450323732,-6.22612142682345,-181.310758805832,0.0620344004915969,0.0784329851251893,-0.014943971782257,-0.00764403893886412
9.92464935538102,-6.23560080368428,-169.630612739997,0.0999881567763835,0.00153899462680947,-0.00228330463268378,-0.0110183714876442
9.9964558960936,-6.18199979419277,-168.961942470872,0.0775012897420807,0.0631945416022148,-0.00569474902950873,-0.00959353211070146
10.0612222697938,-6.26911500829076,-164.243365603648,0.0636728978987567,-0.0771087678099872,0.00109347580143826,-0.0100064462880063
10.1653162850879,-6.25450947313739,-163.106756540925,0.0967395005806169,0.0253272388430485,0.00735451471352633,-0.0107217036896752
10.2687546332245,-6.25390354790651,-156.912815664511,0.0986118278213801,0.0166044395788139,0.00482652031514696,-0.0159985143479373
10.2337849158341,-6.16877487688934,-155.178789780397,-0.0324087087408792,0.0946027251074136,-0.00256100864944564,-0.00947405409023583
10.2578442364342,-6.27891246961446,-158.343920960559,0.0301731278020551,-0.095339301227987,-0.00611380720197907,-0.0147982914971418
10.2417148751737,-6.19085682824826,-155.276274752291,-0.0230470917067687,0.0973079213828956,0.00691773044623467,-0.00925228001669476
10.3118014250717,-6.28841911563323,-164.337241407483,0.0561645195925668,-0.0827378192783456,0.0139220303054799,-0.0148244681066232
10.3956794995944,-6.23979316547311,-162.678917037204,0.0775113918848823,0.0631821503912948,0.00636668263777906,-0.0145562002311763
10.3017519795219,-6.2427767688864,-160.320642926005,-0.0995062140211148,0.00992539022830352,0.00557869394867438,-0.0129089936415876
10.3732616460686,-6.17057335420295,-162.438945103101,0.0602734348493397,0.0797941918403991,0.0112362316973069,-0.00759077715694811
10.3952051223394,-6.27416345128648,-164.807755259277,0.0125527038837343,-0.0992090198782716,0.00939077238705011,-0.00438107720526304
10.3084565167829,-6.2904432258283,-172.715568442382,-0.0997407140519733,-0.00719652418897416,0.0129921084955225,-0.00908325035284552
10.3081583814918,-6.40081662677996,-171.451642718679,-0.0232690393236548,-0.097255086288349,0.0229709040325456,-0.0131183146633091
10.3069504476578,-6.49802718528277,-171.39720862207,-0.0179431951913531,-0.0983770387149614,0.0167352613573613,0.0011664802121536
10.383621138557,-6.58409557222597,-170.655055134015,0.0532663414121522,-0.0846327175066714,0.0234043494870129,-0.00143566943653761
10.3779037785758,-6.69158500207003,-171.461716000652,-0.0242475201065605,-0.0970157604138727,0.0185301601253709,-0.0104736694301857
10.4614068988283,-6.76992010646712,-170.466418951106,0.068191724229211,-0.0731429336754223,0.0153113960232627,-0.00519217072166489
10.3669100529128,-6.76782848352262,-185.46449315595,-0.0993898151535409,0.0110301697060826,0.00489296923810301,-0.00893854676157879
10.4641866050196,-6.79298876553594,-188.693984251501,0.0980378259200371,-0.0197125515566225,-0.000761273813237651,-0.00544773045669933
10.5584500262596,-6.83124280845428,-195.020725431746,0.0970865202080349,-0.0239626291106554,-0.00282309896808108,-0.0142914138076855
10.534667143581,-6.94008470843733,-196.605588657291,-0.0253259195252344,-0.0967398459798306,0.00154303684663937,-0.0121020540032206
10.6375294060464,-6.93816083141416,-200.96015672975,0.0994825586651793,0.0101597500672587,0.00337970380022945,-0.00823587304409168
10.5522635598867,-6.99417062874432,-209.985144429164,-0.0876831974388575,-0.0480796930824058,0.00241735127917941,-0.00793010424774643
10.6504435253909,-6.9771597537736,-207.034936665451,0.0952279110454277,0.0305228595961144,0.00295205445878466,-0.013511984625397
10.742585150901,-6.9489716426869,-213.18541779638,0.0903520072404067,0.0428545772074525,0.00178961826964752,-0.0146664661207545
10.7456442846718,-6.86466386857873,-212.070417693596,0.00129132173755874,0.0999916620932471,0.00176781203329668,-0.0156838879850758
10.8341797888705,-6.93036570443355,-220.504506277742,0.0829256387892285,-0.0558868359401245,0.00560986540945052,-0.00981499991469192
10.8592417433004,-7.04135811135647,-227.557092852539,0.0206869867906167,-0.0978368467272165,0.0043749676392153,-0.0131555601957105
10.935243439745,-7.12628506691956,-233.277786798771,0.0696756611881894,-0.0717307621456,0.00632603525648534,-0.0131961934174907
10.8549487993196,-7.19526687582781,-235.04617256044,-0.0840128377177743,-0.0542387601131047,0.00371819729231859,-0.0147430487951472
10.8584152008976,-7.10619472854923,-230.798538461716,-0.0108308693976413,0.0994117310386015,0.0142972709757139,-0.0103395837600178
10.9605801024082,-7.10591879210735,-232.328517353266,0.0988869638685204,0.01487845344335,0.00327793764205708,-0.0146025170014714
11.0575697458823,-7.07099957125259,-231.952536289576,0.0865163471011778,0.0501489948480379,0.0104732963729379,-0.0152297739932767
11.0695277928759,-6.9795085892448,-230.999252070399,0.00920614913287831,0.0995753323777692,0.00275189786064978,-0.00808435036997501
11.1648956154505,-6.94307915525432,-231.951636532088,0.0864711901533917,0.0502268182692869,0.00889663242126382,-0.0137973842788148
11.1543477490934,-7.05136571458341,-240.550764840408,-0.0217182204280814,-0.0976131082459588,0.0111703540709698,-0.010673451083123
11.0639321694699,-7.022798836107,-236.030017167777,-0.0916894205500197,0.0399130324480817,0.0012738409265225,-0.0113461539716782
10.9595571825504,-7.03241578784816,-235.692697692149,-0.0997318515209279,0.00731831894683391,-0.00464313539861649,-0.0169352706879868
11.0185143151767,-6.96545802070578,-231.605770119567,0.0643230566871179,0.0765672539564128,-0.0053659240607864,-0.00960948681403684
10.918284288639,-6.92680406079822,-229.788995314817,-0.0899255591365858,0.0437423572064013,-0.0103044674010864,-0.00508839729884381
10.8765341843308,-7.02748223753771,-221.839797671834,-0.0349948000586527,-0.0936769126778574,-0.00675530424955717,-0.00700126406163637
10.9651097880523,-7.00366888945829,-219.555901965846,0.0937443410859156,0.0348137690342129,-0.00516873736443202,-0.0110004209547858
