theta_array,theta_org,x_array,y_array,xi_x_array,xi_y_array,fmpi_x_array,fmpi_y_array
5.59910696198585,0,0,0,0,0,0,0
5.51938326257849,1.57180779250661,0.0597001910094783,-0.169289003854764,-0.0125209557952947,-0.100121772059618,0.072221146804773,-0.0691672317951458
5.76840093815068,1.5710286513789,0.17993664679615,-0.20470255866865,0.0331965650034558,0.0138211627383239,0.0870398907832159,-0.0492347175522095
5.6666178979137,1.57349622521348,0.324190014408556,-0.226602921155261,0.0626665562299593,0.0359234406436313,0.0815868113824469,-0.0578238031302425
5.97260840840763,1.57251378162897,0.390062198968599,-0.166043738964305,-0.0293435577868198,0.0911199807625877,0.0952157423468628,-0.0305607985716316
5.92355252282256,1.57539569854518,0.404447378366354,-0.321617660770526,-0.0792174327204956,-0.120380868448488,0.093602612118251,-0.0351930533577332
6.33455291297889,1.57497069321043,0.452127601071694,-0.284156055500076,-0.0521878747557196,0.0323271033950581,0.0998680974610591,0.00513450187539172
6.33426223914205,1.57824698369568,0.601640372395292,-0.297655049884909,0.0496431856161916,-0.0186044670006554,0.0998695857074069,0.00510547261582254
6.38708897286077,1.57824545997888,0.677904758869592,-0.154291673311475,-0.0231963004013949,0.132991695599982,0.0994606868756944,0.0103716809734521
6.34194658995867,1.57857060712885,0.688404378472949,-0.132958970210529,-0.0893277856500589,0.0154599558417539,0.0998274052534155,0.00587274725919218
6.29468775599724,1.57827931929865,0.665432810727237,-0.22583364067707,-0.122964952502209,-0.0940248899843611,0.0999933847564969,0.00115021951781974
6.21387525143835,1.57796965081516,0.756365632535676,-0.224067830827558,-0.00882708014023748,0.00869126746546076,0.0997599019486773,-0.0069254576159486
6.48278770472312,1.57738773893595,0.844394492874784,-0.196208899342682,-0.009985688839379,0.00803096766258739,0.0980145491784868,0.0198279638222889
6.33962846354037,1.57913099274074,0.892900639923818,-0.00637253162614423,-0.0513346037411115,0.18419504857469,0.0998407507901449,0.00564131914184748
6.42926903275544,1.57825017116494,1.07846881221674,-0.028421168430639,0.086633298823582,-0.0366051065552855,0.09893487346934,0.0145564697507907
6.82842388072884,1.57880784524268,1.08521322654427,-0.0164201787908098,-0.0787559442326735,-0.039861219010363,0.0855003585602068,0.0518622086501922
6.61922588444119,1.58045429600449,1.13030299198286,-0.00814716510679317,-0.04931700342818,-0.024702158675443,0.094406768866771,0.0329751723594597
6.47554946793161,1.57976664981498,1.38177335153835,-0.00279592894192138,0.153314859714416,-0.0137667619245964,0.0981554998410741,0.0191179980894682
6.4930191984214,1.57906171932068,1.42432645686929,0.185707746112074,-0.0552534474936788,0.167673931306975,0.0978065528246112,0.0208297437470204
6.31480387094096,1.57913682705866,1.55676122821488,0.165853212764229,0.0324847538600017,-0.0230158629146535,0.0999500174855914,0.00316132956680881
6.22816616078911,1.57806473776229,1.71381076420724,0.201496230226498,0.0572008531389687,0.0411421567078542,0.099848682853394,-0.00549913924558518
6.08326464149069,1.57745555297254,1.74656283451911,0.181164475310354,-0.0652561632932814,-0.000472597189828894,0.0980082336051484,-0.0198591577263152
6.06939804945234,1.57633714660663,1.91445745700491,0.153865186289576,0.0701711813710393,-0.00608304390789888,0.0977234411147615,-0.0212162451128787
6.11708400390154,1.576229136488,2.12183345491367,0.266387851440496,0.108752311353321,0.129056522844009,0.098623686555435,-0.0165338576930891
6.17748957936431,1.57660693862439,2.20323568463383,0.190132778349536,-0.0180397107604461,-0.0657051691363826,0.0994419404806101,-0.0105499039545774
6.20666459257709,1.57708320530577,2.29374545154775,0.142415025315718,-0.00919760492811783,-0.0400731470692963,0.0997073718420418,-0.00764460596452215
6.45985470661763,1.57730609362418,2.26576229533406,0.170266112006436,-0.126426607298564,0.0102759070756917,0.0984434510848719,0.0175751796150264
6.34939589497068,1.57894140958728,2.37444340263272,0.182606085844948,0.00890021933185098,0.00572375161166949,0.0997808879668097,0.00661622222684285
6.45547626170377,1.57828296458065,2.39453402810235,0.183342306930475,-0.0784288337078094,-0.0164077622143062,0.0985194591774389,0.0171439832998329
6.43882475409476,1.57891350427715,2.62153359674112,0.046304195457975,0.128208307548016,-0.152539296333618,0.0987912610907536,0.0155011848611182
6.38287193992166,1.57882922052554,2.80305555478608,0.0816294200754369,0.0820184179502242,0.0253730636151362,0.0995035400947313,0.00995216100232567
6.57158586075399,1.57849566543523,2.94753739777011,0.15507851023332,0.0486118414961584,0.0450071701327593,0.0958700014878714,0.0284419200251236
6.4892389962811,1.57948481293409,3.04178882824397,0.251052847742893,-0.00363316398163348,0.0755144702499053,0.0978845944554951,0.0204598672596684
6.48868363835527,1.57907432412981,3.12874986367881,0.363714151025837,-0.0109349064746126,0.0922558001609684,0.0978959419094534,0.0204055031219748
6.36106668577878,1.57905901530208,3.11965334020765,0.321665397291915,-0.108793401276876,-0.049829020811016,0.0996968778057221,0.0077802670770948
6.48030487543885,1.57833538295912,3.2748295592223,0.219460739830154,0.0571127425398253,-0.121789207026961,0.0980634764748235,0.019584549565199
6.38439621249903,1.57902532050572,3.28754481400471,0.315506600830148,-0.0867729999185134,0.0859420411003403,0.0994882547009211,0.010103819899654
6.47963185658096,1.57847628793086,3.31691584933851,0.40832599244805,-0.06870559970207,0.0733008450521123,0.0980766350358692,0.0195185465657902
6.55056841038246,1.57900340225586,3.46381397828603,0.568435630370122,0.050451568528504,0.133688794193291,0.0964465604190184,0.0264208437287803
6.74703387697684,1.57933606816034,3.61437827081324,0.657611048436324,0.061130562473272,0.0444360849393017,0.0894337300539358,0.0447393331269
6.90839171302461,1.58006417854554,3.77459641362196,0.752534987418349,0.0791339093353097,0.0363974741816571,0.081084233473415,0.0585264648003681
6.96085282151046,1.58039011598685,3.88370872214259,0.852629272492612,0.0312085832254938,0.0373965212772919,0.0779037252951308,0.0626977637969712
7.04365502034033,1.58043375561212,3.97180132289778,0.947321756166633,0.0156413672229023,0.0257663002627074,0.0724512335322869,0.0689261834113135
6.9611394392241,1.58045818368946,4.08822445864179,1.03899141014578,0.0385373839382258,0.0289495641701527,0.0778857518057824,0.0627200898089923
6.7228435480271,1.58040833307407,4.27427175570405,1.07741850707245,0.095557579153211,-0.00413592637689186,0.0904897179090532,0.0425630233035668
6.85974554563267,1.57992844667933,4.38089839080474,1.00790589004518,0.0227923581635656,-0.124026963858455,0.0838342769371188,0.0545143468311826
6.59680623839878,1.58026099759646,4.45765980805825,1.06807344499009,-0.0183608560339967,0.0293170586018165,0.0951222732875144,0.0308504963430966
6.37720665392971,1.57946537392006,4.52883555011268,1.01430776122436,-0.0283825827750776,-0.063153972062466,0.0995583248295058,0.00938828829673494
6.25951860216525,1.578351927356,4.71952073042075,1.01329427198888,0.0907131846472065,0.00135296033834725,0.0999719956608575,-0.00236644957383114
6.26928100139677,1.57760009630287,4.89347419483221,1.10177433094823,0.0739631307416932,0.0898704447361431,0.0999903336697688,-0.00139038577678941
6.17220834459108,1.57765725278865,4.97293442104152,1.12614025288395,-0.0199246112244069,0.0354408525572879,0.0993848374337217,-0.0110749306215755
5.95560327485081,1.57697370223794,4.96627935108251,1.10289182848311,-0.101337380237282,0.00892703395439887,0.0946823102782703,-0.0321754583552332
5.88413078478084,1.57525660396206,5.12524091595937,1.23372359599163,0.0668186880181366,0.169686500092841,0.0921428768587174,-0.0388547325843229
5.75943509860031,1.57463300427995,5.2035235224701,1.11320438888288,-0.00831236122570916,-0.070506093201251,0.0865949677364413,-0.0500131139075012
5.73278612896443,1.57352637154156,5.37960312392926,1.04324518641095,0.0908480205803696,-0.0176564528223891,0.0852315808787904,-0.0523027496495377
5.59464238622185,1.57329429834765,5.52177596310611,0.998269502850221,0.06495557108199,0.0185655904898082,0.0772172680948665,-0.0635412740505375
5.69424909633284,1.57201052953011,5.6877166588445,0.823488367455612,0.0827874897739702,-0.119233459135022,0.0831532059644135,-0.0555476762595865
5.64931837910136,1.57296836332675,5.60501262019569,0.87070138211969,-0.163278367880752,0.106439507628147,0.0805743292319404,-0.0592264929640687
5.80283788992007,1.57254055060968,5.62658863721149,0.801272541578421,-0.0671074269039194,-0.0232201100400212,0.0886834439197252,-0.0462087305012479
5.59600957902062,1.57396356397269,5.78308497738686,0.701602482694984,0.0791922711031252,-0.036234415079069,0.0773040690722376,-0.0634356438043685
5.6521867766812,1.57205940259075,5.89979143503997,0.588956692024757,0.0359625749957239,-0.0536506602490733,0.0807438826573947,-0.0589951304211533
5.49749886410821,1.57260362377012,6.01661692287956,0.342386746809224,0.0461351971100908,-0.175838885584142,0.0706902907294946,-0.070731059631392
5.49597690238929,1.57116047293932,6.05761369670254,0.312088375449406,-0.0295857851106441,0.0405401942268823,0.0705825589336267,-0.0708385655866994
5.21489644881265,1.57115047345018,6.11396953772035,0.200595924345872,0.00819338704816724,-0.023854685114079,0.0481624539696379,-0.0876377659894552
4.94009097801447,1.56849592041694,5.99844898225404,0.0639779173018476,-0.138094499053076,-0.0391992353881397,0.0225739435867672,-0.097418771655885
4.91859964516587,1.56605657674956,6.0362443022517,-0.162176928666346,0.0173200874893936,-0.128273464420259,0.0204752325082701,-0.0978813815479342
5.13589689949797,1.56588797472096,6.12511306115587,-0.356965460148103,0.0477726609250253,-0.10362323802592,0.0410960979791408,-0.0911652934558369
5.30397747512771,1.5677961835815,6.09382197387376,-0.571815881355311,-0.0870591138142231,-0.131844835752291,0.0557680265321129,-0.0830055854549171
5.23040691399926,1.56937404282476,6.12293109129067,-0.58431883510416,-0.0204067913558074,0.0743772786312041,0.0495159087727163,-0.0868802323800532
5.16396068635548,1.56868183931648,6.14473585657336,-0.715568579096955,-0.0218332581550029,-0.0412735087389707,0.0436380234376918,-0.0899762352538239
4.83262054991943,1.56807185645202,6.09980485409617,-0.94209547412808,-0.056925213308281,-0.127248806277669,0.0119942108311006,-0.0992780887534561
4.728004535433,1.5652191375465,6.15052341530799,-1.05919548986221,0.0491570691692711,-0.017112207764356,0.00156149204254264,-0.0999878079697774
4.7685629394798,1.56443482103914,6.21559121770378,-1.31194531772861,0.059453360315138,-0.152907562066167,0.00561444208065176,-0.0998422658002261
5.0334931263904,1.56474344047958,6.23941682045338,-1.46294210779592,-0.00773584356524193,-0.056108038855622,0.0315614463148446,-0.0948887512116962
5.1959191600382,1.56693110989879,6.32691761066809,-1.60410317226202,0.0410100359062059,-0.0526251408879947,0.0464907543085023,-0.0885359235780961
5.27582691237691,1.56842773658894,6.47380706069689,-1.51719098685634,0.0934798641795011,0.171454577963525,0.0534095858492982,-0.084542392557855
5.63588583468483,1.56918872993812,6.55986746982957,-1.59191936305328,0.00628888750873408,-0.014424940657987,0.0797715216239443,-0.0603034355389524
5.87235340742978,1.57265329137401,6.60681813392007,-1.59502662929217,-0.0447282261599614,0.0368299480160376,0.0916788902504618,-0.0399372142549249
5.90293964788439,1.57482061319855,6.70677531387651,-1.51961152697204,0.00709983120698882,0.112529961651961,0.0928573487494584,-0.0371148593318291
5.72056531148796,1.57508241754673,6.78196011387278,-1.67981094432291,-0.00940124991551577,-0.106858999651704,0.0845860499117843,-0.0533404176991625
5.68276906514832,1.57346351871863,6.90976252251342,-1.75577677063353,0.0452923570917718,-0.0194672299262526,0.0825100515488636,-0.0564985963843694
5.62200717317991,1.57312348902629,7.04925750384859,-1.80669542077642,0.0605680463750745,0.0104860641533662,0.0789269349600946,-0.0614047142962574
5.66263894962025,1.57256236375044,7.14426960540574,-1.9287734971001,0.0136560133319401,-0.0639301020795838,0.0813560882252095,-0.0581479742440949
5.68586063747538,1.57295938567416,7.39935520575957,-1.92678181844327,0.172401273893887,0.0582349196539872,0.0826843264599467,-0.0562432409971631
5.59316393946035,1.57318716197512,7.45518385988681,-1.93512207979698,-0.021294587220087,0.0553151048307906,0.0771232413473249,-0.063655366184496
5.72855963730994,1.57231890544445,7.43517581661918,-2.06600993543782,-0.105017806415046,-0.0782253436458746,0.0850097631474158,-0.0526625119949692
5.58509520905431,1.5735952930804,7.43903389157768,-2.02505494712626,-0.0727490434553444,0.10523056227499,0.0766071184138428,-0.0642755739634231
5.48082973809666,1.57224852405657,7.48768191588508,-2.11370005794217,-0.020853475309732,-0.0167455868190961,0.0695014996171325,-0.0718995239968231
5.61882987972414,1.57126101132376,7.59295892010182,-2.16262685933111,0.0265455681162841,0.0127283765733402,0.0787314361004573,-0.0616551779622735
5.21384479209833,1.57258632101837,7.71087706060465,-2.25085538966241,0.0698478779946369,-0.000540162445969716,0.0480702625081985,-0.0876883678853295
5.22390270172984,1.56873537696289,7.64372034408547,-2.44585659009498,-0.116106494426736,-0.107800746059897,0.0489497779075551,-0.0872004543726753
5.20427110828216,1.56883577781044,7.62137804134883,-2.3544406130273,-0.0695708744271555,0.179560528890655,0.0472285716905147,-0.0881445518229795
5.29808534739631,1.5686445725762,7.75020934736873,-2.47899801599379,0.0735533242210069,-0.0412246679325175,0.0552779817988909,-0.0833327350339678
5.45024096536085,1.56954881093352,7.93147968595831,-2.67301601859204,0.114000327017766,-0.120026479143683,0.0672700115718166,-0.0739915234545665
5.48335849467878,1.57103310819453,7.90017283336056,-2.79682271592727,-0.100989946198303,-0.0520831554103002,0.0696830936005477,-0.0717235419249308
5.70768292256955,1.57135862057115,8.12531019961178,-2.78786168272025,0.141245468021133,0.0633866651404346,0.0838918982300913,-0.0544256319334191
5.46151986676101,1.57349007861002,8.23427003788005,-2.93645239715244,0.0408595800784349,-0.0753626130333499,0.0681002581898363,-0.0732281013988321
5.44570275296539,1.57117800685049,8.23171243995663,-3.04178956650538,-0.0694911286746958,-0.0310411232860879,0.0669335307512729,-0.0742960460668561
5.43194762848652,1.57103345800688,8.25170151301133,-3.23849161475005,-0.0459162066328379,-0.121492380586129,0.0659052796875371,-0.0752096676585365
5.3961538531742,1.57091635122249,8.33546603651893,-3.36077978467257,0.0205929211937518,-0.0447681811383405,0.0631716023138512,-0.077519988784188
5.56754704353681,1.57058537963464,8.40941240105081,-3.42848139467169,-0.00152109853554122,-0.00209168683068756,0.0754674630674197,-0.0656099231684327
5.58050037380304,1.57223938808721,8.51829327260165,-3.56942673854314,0.0325698964537227,-0.0763184525666132,0.0763109750971197,-0.0646268913048336
5.19318581554186,1.5723789715064,8.66972776487826,-3.63738723816498,0.105185910516317,0.0207021683120824,0.0462485817602919,-0.0886626679339258
5.15164561865185,1.56868924201145,8.69861349675103,-3.73081346943859,-0.0136409470951908,-0.00291942724232358,0.0425266789679554,-0.0905068040312797
5.20160244402571,1.56830829074814,8.72541938867578,-3.91898983911516,-0.0201872836547308,-0.0999060946744198,0.046993175579483,-0.088270275002154
5.24174217889357,1.56878841402045,8.67734470781431,-3.98338924483538,-0.0985721979213264,0.0219139812530104,0.0504975170598518,-0.0863133869732267
5.35379059695656,1.569168653348,8.88843568493386,-4.02493322971333,0.151259068609857,0.0385818082481492,0.059831908509698,-0.0801257931261035
5.49284617569621,1.57025781160468,8.83499412852953,-4.17149077716159,-0.123801993606647,-0.075498354681254,0.0703604372023175,-0.0710591927670075
5.47596505431765,1.57160399695272,8.86917424979487,-4.10551508779494,-0.0349707889032121,0.138212464092966,0.0691509101685541,-0.0722367747263163
5.54985611906801,1.57143860019589,8.98151165630045,-4.12268397857924,0.0380423922634563,0.0497657852720124,0.0742950142421184,-0.066934676056312
5.79340455809706,1.57215350187668,9.20438560629515,-4.24186831278697,0.134630347738726,-0.0721410917505013,0.0882436022559769,-0.0470432424572217
5.53660611558495,1.57442915209756,9.26566193830391,-4.3116820897074,-0.012125301875638,-0.00190059599728387,0.0734016338844018,-0.067913180923148
5.65245682553058,1.57205594929963,9.24454131874706,-4.38786922932806,-0.101880430836966,-0.0172138161430033,0.0807598112801107,-0.0589733234776615
5.94726495913607,1.57315548172404,9.31370675727084,-4.43013290305947,-0.0252452942398451,-0.00929985206224776,0.0944107327636224,-0.0329638216691552
5.87439580942455,1.57577022370596,9.55305337474312,-4.57734264636717,0.14758635064734,-0.107459857368062,0.0917602668249474,-0.039749885939641
6.00671365437219,1.57517529732245,9.76167480892152,-4.65812849193399,0.112418980901536,-0.0534895457532236,0.0962024532768609,-0.0272962998135902
6.13365979090499,1.57627544880751,9.84142137321341,-4.69298150497393,-0.0191376229672873,-0.0199561170514686,0.0988841872591805,-0.0148968959884712
6.05054388772201,1.57723306796545,9.83073601729122,-4.71075120664697,-0.107991437398062,0.00528515698648313,0.0973060814758723,-0.0230548586595301
5.84372432022221,1.57662094977864,9.84912747513148,-4.65466598411871,-0.0721066540302282,0.0986303955550265,0.0904981118704848,-0.0425451730267631
5.65234550961581,1.57492425767172,9.90073446209094,-4.75193371772435,-0.0291462591508541,-0.038285420641106,0.0807532461103174,-0.0589823129645364
5.89142383242735,1.57321064648923,9.98608573344295,-4.78876389801848,-0.00707252194887609,0.00135152254734916,0.0924237933008852,-0.0381817028414821
5.87696302789136,1.57534731125648,10.0375592175959,-4.85624793310822,-0.0403885268232512,-0.0279698485307863,0.0918620109761633,-0.0395141865589468
5.64363555755992,1.57523170474585,10.0345090894877,-4.78855050200863,-0.0832865845128387,0.127380854791706,0.0802364564047224,-0.0596834236921198
5.47503846249543,1.57313791153206,10.0485612882969,-4.84707702852492,-0.0550317476787662,0.0137742918584678,0.0690839464878773,-0.0723008183747605
5.55763297660654,1.57154878500993,10.0224859312877,-4.9710148594841,-0.100888660792571,-0.0575829548985799,0.0748133037833728,-0.066354876060594
5.66725758888472,1.57234414809556,10.1459717764628,-5.02782943947027,0.0418620611232469,0.000957020970151823,0.0816237840518503,-0.0577716009563256
5.50683118324214,1.57338130341428,10.0073134836616,-5.01344907957511,-0.210005580507027,0.0844486447108498,0.0713472877058902,-0.0700682848156919
5.60464878446054,1.57186332184787,10.1324583003091,-5.15134522832797,0.0472956056436304,-0.0751307096475597,0.0778492110038357,-0.0627654391052931
5.64038178047767,1.57280739211721,10.1607951717018,-5.2333951562075,-0.0517049640645733,-0.0221057490409379,0.0800418354572572,-0.0599441788385942
5.74376882929369,1.57314971276897,10.0205812651647,-5.27434760976942,-0.226014761041398,0.0104110876548101,0.0858008545043518,-0.0513635412167332
6.07509533428516,1.57409813938242,10.1545710229231,-5.25621848693822,0.0361470283069743,0.0387882683484778,0.09784272945138,-0.0206591455172777
5.9063158407938,1.57685711943949,10.3141400698338,-5.17104622010224,0.0665869206994177,0.121973410910994,0.0929821262112801,-0.036801144075009
6.3075679104198,1.57551246524029,10.3695693903296,-5.14407474950452,-0.0445409554097788,0.0245334518620822,0.0999702759056146,0.0024380187356339
6.38483779430371,1.57839823754932,10.3440848035956,-5.21536073146288,-0.124968370072173,-0.0814337330745482,0.0994837833382101,0.0101477511161871
6.54309249132415,1.57883385120691,10.3960382976986,-5.15323306101425,-0.0446878894093959,0.0364285850013901,0.0966413835123198,0.0256990854472436
6.22656603858317,1.57955238142411,10.513923855475,-5.03660657380866,0.0180458020398713,0.122285389437692,0.0998397557365177,-0.00565890223210161
5.9857599497742,1.57788844192164,10.635208073545,-4.95623291161167,0.0256747999862124,0.109679620186216,0.095609418083855,-0.029305957989232
6.22728690219942,1.57614370868074,10.6416812589147,-4.9344261443648,-0.0933706237226083,0.0273936971675321,0.0998438090923099,-0.0055869299206613
6.09663047442045,1.57788203188156,10.7791399812571,-4.84843393421774,0.0391938166900541,0.104539671351978,0.0982649056522844,-0.0185474612049103
6.28420970919053,1.57697759111294,10.9068298503522,-4.77142144836854,0.02768992156512,0.0769100456660141,0.0999999475300306,0.00010244018317775
6.28489299027992,1.57821596268274,11.0551744477331,-4.80517405875285,0.0483447431899287,-0.0339233786113418,0.0999998541909569,0.000170768227034664
6.65753630199898,1.57822017480946,11.264495792268,-4.81788603684322,0.116246830665311,-0.0492788328626484,0.0930745138696024,0.0365668547722823
6.56954076660606,1.57987210041015,11.3491158511411,-4.8002636840605,-0.0113079084947042,-0.0106234447222101,0.0959279673677645,0.0282457975049228
6.65651114780368,1.57958279842773,11.4237807630058,-4.70649510859153,-0.0184470397549368,0.0572971556231536,0.0931119516197024,0.0364714198458219
6.55083117881072,1.5798528396875,11.426324493638,-4.67502516627392,-0.0938958838937222,0.0050237563901695,0.0964396145258337,0.0264461859274379
6.79789194488606,1.57950039149834,11.6439430013853,-4.5920689722119,0.130574790147394,0.0337282423843676,0.0870437175999629,0.0492279516776589
6.78857918219248,1.58014143231153,11.774455902186,-4.68333103191277,0.0430145161124094,-0.139677270915282,0.0874983846883131,0.0484152112144104
6.90385468275737,1.58012519401134,11.8416977542174,-4.63153202524754,-0.0141070823297206,-0.00635897540361419,0.0813489343610605,0.058157982068843
6.90542968313063,1.58023949432011,11.9811629289034,-4.4951213564215,0.0582079400286842,0.0781246343422776,0.0812572346573373,0.0582860344837632
6.88756972917579,1.58022289421492,12.2246226160166,-4.53643526583544,0.16117448119362,-0.0981394748468678,0.0822852059195869,0.056825565432921
6.91298284966016,1.58019902387414,12.3203209038518,-4.61607843098867,0.014883610981432,-0.13854128061564,0.0808146768537475,0.0588981154624184
7.07762574703772,1.58021074882196,12.5093724639249,-4.53882395666841,0.118983149472354,0.00590731014481782,0.0700684106008023,0.0713471641754414
7.37082286485139,1.58013121031613,12.6776817278352,-4.44748489939054,0.121851395981924,0.00278587265102631,0.0464578679283188,0.0885531846268382
7.33971701612916,1.57938378557397,12.767580728238,-4.50577307767363,0.0407095285850279,-0.145353647111336,0.0491894718178276,0.087065468828251
7.50189200622795,1.57949152573298,12.7847313779045,-4.40254292783808,-0.0173353500008836,0.00936473646647917,0.0344859996673081,0.0938654133690702
7.29932944125755,1.57880420726722,12.7268607550406,-4.23075145790094,-0.110535389541306,0.0867831035793797,0.0526647666774112,0.0850083663577524
7.38786218303386,1.57962274163581,12.8492412795056,-4.13402629200623,0.0774382134995978,0.00739326406177265,0.0449423109653951,0.0893319018329383
7.58592498066282,1.57929668384492,12.7328126364785,-4.01934088412214,-0.142914442349034,0.0182566651033375,0.0264857993219622,0.0964287427807536
7.6917324738706,1.57836924088286,12.7744733109582,-3.84792819853105,0.02550685108084,0.0727260401440085,0.0161538233988369,0.0986866454470877
7.61660792201784,1.57774287613303,12.8512835998483,-3.84123267529813,0.0532952092614739,-0.0905003667524927,0.0235150796287021,0.0971958899854094
7.53233429706224,1.57818622265664,12.9039317399726,-3.7989666271821,0.0210351557613676,-0.0526055452071065,0.0316129843628975,0.0948715933231397
7.56378691713093,1.57863637330031,12.8803722549491,-3.79842276597132,-0.0521733656140416,-0.0952749565524858,0.0286138805905558,0.0958188177632631
7.4066045614597,1.57847502191064,13.0178728465891,-3.65720229124054,0.0942403683260477,0.0510619860631781,0.043260223313969,0.0901584886675988
7.30908227519213,1.57919814569716,13.1649838214697,-3.55709934912627,0.0952777721978008,0.0145849960465028,0.0518332026827436,0.0855179460677677
7.2234169233841,1.57953668621109,13.125162591671,-3.68644929711591,-0.0987813263657757,-0.210119416310297,0.0589600965670729,0.0807694683206559
7.16110409340599,1.57978590571196,13.0873982275664,-3.63870765702638,-0.101639747656286,-0.0291994762015626,0.0638753835517288,0.0769411162910932
7.24413117440926,1.57992191073264,13.0985545799054,-3.54974687448594,-0.0461181359785319,0.00698741498748634,0.0572744883174658,0.0819733675529588
7.43744481581128,1.57973091944277,13.0471785999474,-3.44251175581689,-0.091835562066504,0.0157855576225399,0.0404595821085887,0.0914495610465046
7.31423004422192,1.57906343489743,13.1611604659224,-3.34270811237879,0.0625895747582867,0.0140200062833229,0.0513922912166475,0.085783637154782
7.50817585403847,1.57951457222096,13.1241536310467,-3.18393768419598,-0.0709023215848487,0.0646901646800336,0.0338954867091332,0.0940802635027718
7.79273189194769,1.57873086390245,13.1789977164723,-3.0177331645834,0.0487229401763764,0.0663920375232344,0.00612114524930959,0.0998124820893502
7.77119301179196,1.57705301051869,13.1733759339573,-2.91304313031919,-0.0138911908141972,0.00503253637076551,0.00826940829916049,0.0996574978934439
7.84398598172907,1.57720071999647,13.1043317854837,-2.89849959782083,-0.0700436970532783,-0.0854514718900463,0.000999548579687427,0.0999950043884036
7.71977667716485,1.57670223053309,13.0551727181757,-2.87313455696144,-0.0625393132277452,-0.0737357614538375,0.0133802459197808,0.0991008023132315
7.8843520550961,1.57754721626992,13.1520093532508,-2.81060866970512,0.0998732103331571,-0.0374279981644176,-0.00303657525807744,0.0999538854207381
7.73229858926401,1.57640660525378,13.1889440282063,-2.78349108610341,0.0247963771282418,-0.0721429912800502,0.0121382978272419,0.0992605748817584
7.70095807581378,1.57745622686662,13.2196718286743,-2.67068528856976,0.0154850952973759,0.013974325121865,0.0152427051706237,0.0988314724117851
7.90291608924787,1.57765263680094,13.2455414695447,-2.59922560798598,0.030761133673025,-0.0284206142604093,-0.00489149280260819,0.0998802948441885
7.81057079749864,1.57626557114502,13.2035214716647,-2.40156259044272,-0.0463597181935775,0.0977572277831034,0.00433972031350516,0.0999057897601563
7.64532727346216,1.57693644669249,13.1637195455568,-2.28446614209037,-0.0605162895568647,0.0192653942493631,0.0207143634490356,0.0978310541029854
7.73879002285284,1.57799240260586,13.1740506870157,-2.38737590707706,-0.00116256171864842,-0.202247042920346,0.0114937031774904,0.0993372779336526
7.56308418132885,1.57741865761127,13.1933274491332,-2.15350678958989,-0.00940444671595224,0.138070431380045,0.028681208833464,0.0957986861071238
7.50756857531415,1.5784405066808,13.1171499318258,-2.03215190435773,-0.110130130705308,0.0272952230838647,0.0339526133979101,0.0940596621482985
7.56059166527553,1.57872060579243,13.1984061303778,-2.00501792873767,0.0523362992957523,-0.0685929246065933,0.0289198992563181,0.0957269002266574
7.517723897741,1.57845176028027,13.1280817474367,-1.87918580879838,-0.10332005579979,0.0314325141530067,0.0329956728586422,0.0943996057862821
7.28218382748059,1.57866945035603,13.1720052412072,-1.83030514338627,-0.0101909813179925,-0.0352122807005123,0.0541144750884642,0.0840929461126199
7.33578562404559,1.5795663120555,13.2564326461578,-1.81338281312119,0.0348960256515307,-0.0699490831269429,0.0495313792991011,0.0868714133920278
7.20012417699119,1.5793951808341,13.3568979247909,-1.78848102845786,0.0396400031775805,-0.0544725554332414,0.0608252754554809,0.0793743400965631
7.1522877528421,1.57975263354606,13.3169341382903,-1.66985766034814,-0.104515017916911,0.0422483818731534,0.064551231416325,0.0763749862365687
7.14199363801074,1.57984086481681,13.2976816616327,-1.66628889542931,-0.0845864868887475,-0.0721376886178818,0.0653340102312199,0.0757064535367155
7.18732755332838,1.57985871960713,13.5463928753067,-1.60852369496496,0.186875222491165,-0.0208243038886258,0.0618359911827538,0.0785895043529757
7.32661519352117,1.57975762189516,13.7026211875503,-1.5033813716483,0.10590237854993,0.0187287804089984,0.0503259336937354,0.0864135429076585
7.36274970850358,1.57938091136778,13.676352925704,-1.34966232487702,-0.0734395117561778,0.0655438054506829,0.0471712499098182,0.0881752413205968
7.22524552487753,1.57925809657189,13.7931423303648,-1.20661696021228,0.0579771017566822,0.0621682169213056,0.058812302904119,0.0808771477434396
7.18383046229594,1.5796432605256,13.89579509338,-1.11197807939969,0.0405423158574544,0.0162661026694935,0.0621104471577362,0.0783727781430904
7.3244768703201,1.57971944157821,13.9540678351385,-1.12329296156196,0.00776214317770026,-0.0976206144806113,0.0505105985808426,0.0863057323183402
7.24680236784552,1.57935747147741,14.0103408346414,-1.06392206685702,-0.000782318019124484,-0.0227551714522727,0.0570553175220354,0.0821260661572178
7.30566603038086,1.57957039721275,14.1486485731618,-1.06492433547477,0.0861826886317092,-0.086342641092352,0.0521250498886742,0.0853403724745986
7.35371546814053,1.57939849397205,14.2087104540829,-1.13479991144492,0.0120959705097748,-0.157621068380917,0.0479659104113626,0.0877454924107737
7.32213134508839,1.57924159518889,14.2093980659424,-1.00418663090871,-0.0500252798668478,0.0444262593975679,0.0507128917263457,0.0861870211386374
7.15544337377239,1.57934157036404,14.2595188030835,-0.908649342626714,-0.0141891627716363,0.0189589834351478,0.0643098999127112,0.0765783048468499
7.20604832729855,1.57973584019765,14.3758100481411,-0.721177152664576,0.0559372597182146,0.107738906738256,0.0603539853393319,0.0797332832238815
7.2579810390625,1.57962457531211,14.4080658402698,-0.492966178133133,-0.0238779193659321,0.145452250315616,0.056133711494687,0.0827587242158266
7.26905464430184,1.57949337807334,14.6001510750388,-0.338306993524508,0.136871383642329,0.0712839446163629,0.0552138511266214,0.083375239992262
7.16722045410696,1.57944522668297,14.5790403529751,-0.24639072950716,-0.0845143141484904,0.0145859044504711,0.0634035920848137,0.0773303595668774
7.48560824856075,1.57966662342322,14.5267847019367,-0.241561522029902,-0.0882654927364022,-0.0884622246099789,0.036009841697967,0.0932914320872359
7.18143663323166,1.57868071793925,14.6056932497094,-0.122630321334517,0.0166106677193056,0.0407073287581619,0.0622978800534077,0.0782238719372241
7.2765876228293,1.57963439009814,14.846707438211,-0.0579427744830295,0.186429961896333,-0.0191012483773576,0.0545842266053,0.0837887952288447
6.92313580633778,1.57939787747708,14.8443162086005,0.0681042313549811,-0.0826037614683913,0.0663314322164587,0.080212531857865,0.059715573621552
7.04519303417722,1.57979062008905,15.0024945898757,0.000792170852926627,0.0858332428161804,-0.136349593347144,0.0723451384590777,0.06903753284509
7.11360362846695,1.57977255688308,15.1227393984558,0.0441388233654074,0.0527881077170589,-0.0304747096307384,0.0674567008629958,0.0738213621432191
7.03362168449676,1.57969703801302,15.1182439385796,0.239492786330238,-0.077634594628546,0.127158164211008,0.0731391347523894,0.0681957987538223
6.88148092631778,1.57976054445256,15.1021294400748,0.389783525965299,-0.0987441766552815,0.0939672428619899,0.0826296781504915,0.0563234967730714
6.74695124661199,1.57973050621041,15.2431676711637,0.334042081004656,0.0516008045128051,-0.100473387993072,0.0894374265760341,0.0447319430324295
6.9063529735287,1.57953394965798,15.2394863282123,0.286656527263177,-0.0848847280459333,-0.105746587395711,0.0812033850945247,0.0583610336542314
7.17218027180383,1.57974629769215,15.2938939416288,0.260507807391382,-0.00861165589897658,-0.103792597254009,0.0630192693154691,0.0776438773822146
7.14957279064944,1.57958740906671,15.2422941358593,0.325705113100089,-0.116358154227106,-0.0110021451097865,0.0647583484576317,0.0761994508184931
7.1875352836062,1.57962629052883,15.2605398056206,0.235849906574147,-0.0435739946678517,-0.168457554390811,0.0618196644291285,0.0786023478648694
7.50916780523927,1.57956243403594,15.2761497194131,0.226074736885266,-0.0181922332255561,-0.10388900956894,0.033802147018063,0.0941138398800583
7.29558702421782,1.57850834323368,15.4860933493734,0.230155630568061,0.156961096069359,-0.0807297843153023,0.0529825338909246,0.0848106779980978
7.19347485256622,1.57928868648848,15.5328080398839,0.337481432236677,-0.0146370221494225,0.0283576602842988,0.0613517126599289,0.0789681413843173
7.25838822607227,1.57952775191723,15.5381027176051,0.499264412389426,-0.0508053308434236,0.0790014058801738,0.0561000085646527,0.0827815742725753
7.4910781998155,1.57937651115607,15.8279322558722,0.597980166427455,0.254330532322954,0.00522874650770899,0.035499005944194,0.0934870075303199
7.54085258522162,1.57854141725213,15.9434473763238,0.741502440949181,0.0847114168171285,0.0483848379239331,0.0308037036344824,0.0951374365977924
7.54841266281409,1.5783013769894,15.8126820677783,0.764458246269958,-0.160848892343609,-0.0724117886819247,0.0300835837980743,0.0953675940027022
7.57703987997183,1.578275042229,15.9268489553482,0.787852974107245,0.0868253658858198,-0.0727948827867413,0.0273415216840217,0.0961896106240283
7.44694906111632,1.57812413341703,16.0176697195307,0.86752157614125,0.0512321554069646,-0.0121613606971935,0.0395886087755904,0.0918299627311982
7.15152710420482,1.57870964321253,16.076476430621,0.881911450783002,-0.00580259617537776,-0.0619359886985789,0.0646093072656955,0.0763258633403314
7.29199729160971,1.5795435180987,16.0891814835099,0.908299076345884,-0.0405815866336021,-0.0582323132718723,0.053286639522516,0.0846199388347536
7.33775728940599,1.57923459313335,16.0368010058839,0.872241115138976,-0.101740479403858,-0.123026864985774,0.0493600017777787,0.0869689037788662
7.3289204998714,1.57910312232367,16.017746315192,1.02553606760976,-0.0691812811458812,0.0667656225909385,0.0501265904540198,0.0865293298798446
7.38371621867277,1.57912825672513,16.1050899113265,0.975276890145926,0.0420313056054498,-0.139403982848161,0.0453122905290644,0.0891448053843277
7.10945070697758,1.57894123457631,16.1077733792681,1.07259379680686,-0.0650792246575577,0.0237763226837064,0.0677626925991555,0.0735405839772323
7.2093304038986,1.57959217547461,16.1697815202667,1.21579663973431,0.00191617099960906,0.0632719031003428,0.0600919699989588,0.0799309398271047
7.10560782190477,1.57941951650955,16.1173340963621,1.32339361481824,-0.12049222346937,0.0343173377200321,0.0680447995648193,0.0732796373638923
7.12552647723849,1.57958557847269,16.2101543860934,1.41798932406301,0.0262485235263114,0.0199753370643396,0.0665717662050002,0.074620372180436
7.24000760798367,1.57955089671429,16.3357874652773,1.45990061942686,0.0680210561394028,-0.0398252007729627,0.0576120230444715,0.0817364961368132
7.3347532116074,1.57933245947611,16.3455672151147,1.4667265356635,-0.0398412901763373,-0.0799943140553603,0.0496210400137389,0.0868202302919943
7.19804528261837,1.57907447579168,16.4931031907929,1.53081869823401,0.0865458209099741,-0.015155556774245,0.0609901547682507,0.0792477193447536
7.52737632029986,1.57940850446359,16.541664112115,1.55181469126064,0.0164779562781385,-0.0737176984545453,0.0320829650439097,0.0947136914811754
7.51722776942378,1.57830997925665,16.5767098124117,1.7212015335824,0.00200319718324929,0.0750036182403808,0.033042503113454,0.0943832240813874
7.55373508169703,1.57835193429881,16.5375770888632,1.9954761662176,-0.0687082973549307,0.178748272744208,0.0295755738064038,0.0955263598909849
7.39708553000867,1.57818160433078,16.7447206090618,2.10135501651022,0.163027048288231,0.0161362355202537,0.0441164719103694,0.0897426147723677
7.34862552460467,1.57882153620769,16.8884915520512,2.24210251360948,0.0953590362422923,0.0532472840417644,0.0484119067471188,0.0875002130575022
7.16151318467947,1.57897158972492,16.9812241392647,2.19891180041049,0.0288886849451325,-0.120157953913097,0.0638439022684067,0.0769672407140995
7.24064613854264,1.57941593277897,17.0984210249464,2.31894802753617,0.0596370656290469,0.0382629606169496,0.0575598200526283,0.0817732665087378
7.33233631894884,1.57924962155574,17.1092991336308,2.42299846651859,-0.0389526213748593,0.0173503908754118,0.0498307300592996,0.0867000481070064
7.43620315194525,1.57900170392855,17.2005382229001,2.49411946011673,0.0506659887631767,-0.0202782597649198,0.0405731005060727,0.0913992533630561
7.30647509098278,1.57863429215296,17.1754509791655,2.68772215147958,-0.077143231037707,0.108220174499625,0.0520559873031023,0.085382516863227
7.29979222896223,1.57906557968208,17.1507887009059,2.70196548696341,-0.0772876984720247,-0.070789394376318,0.0526254202123993,0.085032729860145
7.05863602695566,1.57908552056898,17.1775251929502,2.75102676189998,-0.044674066518346,-0.0209425258585376,0.0714105585627099,0.0700038007951124
6.97371320427207,1.57949911211526,17.2856001129636,2.84354983104411,0.0309839318712718,0.0288286459402938,0.0770909881421341,0.0636944232038358
6.99582210041792,1.57951552620532,17.3491066652957,2.89483227755267,-0.0121574967460286,-0.0141006681091635,0.0756640490780558,0.0653831146177174
7.11997737508942,1.57950829456225,17.3358472750951,2.97730163515228,-0.0802442053940833,0.00821954592647955,0.06698481519348,0.0742498116731304
7.05846014459338,1.57942107705938,17.4095885867016,2.98667494090207,0.00231844171460938,-0.060617934104878,0.0714228698919705,0.0699912398546751
6.92365284052965,1.57947448499702,17.5063762119042,3.07524875586188,0.0166059790580814,0.0288167767002259,0.0801816461445099,0.0597570382595774
6.74041808274128,1.57947788607011,17.5331103642005,3.03005915154821,-0.0629936046272781,-0.0893362875125461,0.0897277569235833,0.0441466831988808
6.81926435716417,1.57924528273059,17.5902328137485,3.18840670013566,-0.0288493489109756,0.107270647059115,0.0859717984589424,0.0510769015283326
6.95849446486186,1.57936923065478,17.7684716853007,3.28806946842186,0.100187499350141,0.0371489034449954,0.0780513722020037,0.0625138648412037
6.94326508670487,1.57946416088111,17.8107485333479,3.64681761868805,-0.0367174834339444,0.297430162743452,0.0789943314811964,0.0613179875227397
6.97854313160137,1.5794399612787,18.1139729296494,3.79587046282529,0.226441945593794,0.0849868214472316,0.076782450707719,0.0640660226900087
6.77599776683425,1.57942188893565,18.3035540847566,3.85942230567486,0.10148057966326,0.0162412879336695,0.0881005754439184,0.0473105549159006
6.65003335849474,1.57922861382793,18.3979689864875,3.89865356734687,0.0010686511535124,0.00336376241236924,0.0933462505774035,0.0358674992596444
6.78315060899481,1.57893596424863,18.4909998319588,4.07810232624841,0.00527092581544475,0.131509250122162,0.0877599196558006,0.0479395087793714
7.0197557819252,1.57921961158608,18.5262725298674,4.0657512699321,-0.0388049719734564,-0.0795261917820945,0.0740776698820445,0.067175135465787
6.92577293368351,1.57937909438859,18.5900142544211,3.98428051291612,-0.0163130509980427,-0.141397653409503,0.0800547755517457,0.0599268963935195
6.95536454040495,1.57937340287822,18.5852222036407,4.10251386858504,-0.0830387040254063,0.0559640915336084,0.0782466532450218,0.0622692641353125
7.02745526574881,1.57937786594388,18.7394187866672,4.06604665310439,0.0806383176304241,-0.104210714001973,0.0735582653961515,0.0677434985213293
6.98668737537006,1.57936373469069,18.841295936121,4.14035557665865,0.0256190087103398,0.00961969747791658,0.0762581407434231,0.0646892260763435
6.97987972873678,1.57936413283314,18.8089577247779,4.15285048852348,-0.109034963028296,-0.0516736807715801,0.0766967516852074,0.0641685926364108
6.86440003041369,1.5793655932492,19.0308002336977,4.25389400042668,0.138262875365014,0.0461395516193652,0.0835796335547817,0.0549039602838302
6.77543720025437,1.57929216866872,19.1044430169304,4.41216515499476,-0.0144842990836404,0.111009993321173,0.0881270823163539,0.0472611612469118
6.84857441099732,1.57915920484553,19.1889832229608,4.43322031637391,0.000102185614903161,-0.0325192794328859,0.0844380204154416,0.0535744408120278
6.88680236857297,1.57925816474207,19.2265956547567,4.50209869360237,-0.0447163555930544,0.0121159709452079,0.0823287873889499,0.056762406283253
7.01866663677895,1.5792890528408,19.3000783043971,4.58841746698961,-0.000668139763073006,0.0192243590829204,0.0741507894034829,0.0670944143043244
7.06048368928242,1.57931125031377,19.4975609897347,4.68483758036405,0.126201591979394,0.0262844895470211,0.0712810933581942,0.0701356238274131
7.19854678140598,1.57927424979842,19.5504836091683,4.75739359368954,-0.00802778503153656,-0.0067222825412081,0.0609504044652007,0.0792782958667026
7.02757274625589,1.57909292079293,19.4715064067369,4.96846313643639,-0.152527508779393,0.143317403030706,0.0735503063479986,0.0677521397161415
6.96695204933111,1.57928143314711,19.6652634835919,5.16243753244446,0.116237206161547,0.130802648781411,0.0775198706934589,0.0631717472266631
6.7913385722055,1.57926993480393,19.7937571230188,5.20749032716168,0.0411291841356312,-0.00360367403741657,0.0873644552912058,0.0486564687546364
6.77416951401621,1.57910964051391,19.9284973309387,5.3320437384293,0.0465532841072843,0.0774040054552531,0.0881869238126667,0.0471494058123633
6.72728109985929,1.57906802840544,20.0308618261476,5.405362824187,0.0120645432562053,0.0303549300305119,0.0902999519526442,0.042964155727189
6.93766883770502,1.57896898739739,20.1267939042013,5.35724258860741,0.0165958346063922,-0.108995193285302,0.0793362434472917,0.0608749577057107
7.20978842216624,1.57922891361038,20.1435132880245,5.44951495584353,-0.0433359700433799,0.0123139125739733,0.0600553538665793,0.0799584546621553
7.48464406533191,1.57901132328816,20.2010979705594,5.54898026987617,0.0214849075549998,0.00620864538961285,0.0360997749799825,0.0932566686430232
7.50074156746975,1.57817796855922,20.0410459138083,5.74460891801886,-0.19464601998298,0.101802970911372,0.034593963231813,0.0938256772313207
7.37909512295843,1.57812024795109,20.0648332640763,5.74048999316704,-0.0219364016625905,-0.0930533867290015,0.0457237519306566,0.0889344618771811
7.33099325011762,1.57857046277182,20.1556440892823,5.86232206495761,0.0408636959925749,0.035199027960051,0.0499471292133962,0.0866330438305172
7.36184794091913,1.5787087143921,20.1719226355014,6.02239200124507,-0.0309721980748951,0.07193726831656,0.0472507442939452,0.0881326679708961
7.20604506023533,1.57861183229055,20.3868893015978,6.12563888373944,0.154612420263734,0.0235137964512011,0.0603542458326868,0.0797330860431703
7.04444071680982,1.57898121025148,20.4515195323068,6.28364135510532,-0.00776682540712625,0.0890193845567474,0.0723970561161387,0.068983086809135
6.86899367766968,1.57916179788581,20.6530442295431,6.33574769525363,0.1181981540513,-0.00318097486003188,0.0833265431850409,0.0552873150083409
7.00136970910981,1.57910862089521,20.6312550351041,6.44878569829103,-0.0970893611286245,0.0472361421479564,0.0753001666896347,0.0658018608894401
7.14622576635622,1.57915856755961,20.7013295648141,6.56978545433236,0.00506150304519237,0.0450174793981361,0.0650130266647854,0.0759822766432009
7.34330767988541,1.57904220907727,20.7913465355695,6.74147387800039,0.041140438185379,0.0844468936267801,0.0488765325699532,0.0872415300412498
7.27297468112841,1.57861005138609,20.7227383274161,6.72661139989937,-0.12349480187935,-0.0984535172688465,0.0548865937259986,0.0835910391678269
7.43387947663481,1.57880076533442,20.8038752715324,6.77415166982062,0.0403515711494078,-0.0437644580612286,0.040785372966872,0.0913047279824717
7.48381007723391,1.57831244704521,20.8052479387179,6.94662281032684,-0.034804870182796,0.0792446110740795,0.0361775373683258,0.0932265294321493
7.33747699858535,1.57812019658743,20.8752633190532,7.0545147178994,0.0206310039113371,0.0209368423651813,0.0493843764239365,0.0869550652073756
7.48379459034872,1.5786139828639,21.1140235260388,7.10053701816105,0.202581225833033,-0.047203668881953,0.036178981152545,0.0932259691436018
7.51171039181543,1.57809715550062,21.2558974959914,7.18671973879655,0.108311224523774,-0.00801675982631284,0.0335627454288839,0.0941994804618154
7.63382626977836,1.57797293306683,21.3714018954988,7.30642189407035,0.0936662755104998,0.0221158020255335,0.0218381239969151,0.097586353248266
7.58697157850641,1.57740385206508,21.4263554431445,7.27765009862693,0.0285686849253617,-0.125228205387142,0.0263848627202982,0.0964564099437203
7.70847188687026,1.57762721891938,21.4432934024189,7.39538432368348,0.00243827840582944,0.0187910127845218,0.0144996808686208,0.0989432122720308
7.61394860167526,1.57700778515064,21.3055982315785,7.41567552299039,-0.161468642022887,-0.0768418129388801,0.0237734711824079,0.0971330122457819
7.59584142606347,1.57750585535799,21.3968894336081,7.6106572271215,0.0657629196402228,0.0982950618362863,0.025528282389363,0.0966866422948327
7.67173730760694,1.57758523568294,21.3810466744883,7.6349433207082,-0.0339664778224621,-0.0740578478656587,0.0181237187027554,0.0983439414523508
7.59712373115504,1.57720851358112,21.1770615233773,7.75993344645013,-0.22938943077251,0.0282708279008016,0.0254042796614836,0.0967192978411296
7.63203453704168,1.57759315239801,21.2231089547976,7.9390940977327,0.024034493906659,0.0816135827360349,0.0220129375136078,0.097547068546533
7.54802161025562,1.57742026317688,21.307819186648,7.86160568633899,0.0545893566118625,-0.172844233842392,0.0301208752385311,0.0953558224486835
7.51396370589982,1.57780683232577,21.3629869336778,7.94560358902281,0.0218173476434642,-0.0102769659757083,0.0333503993863253,0.0942748686595351
7.536619367746,1.57794705551562,21.3870124812436,7.95979399285163,-0.00718061632225753,-0.0808157819455441,0.0312061638880459,0.0950061857743611
7.43626202524167,1.57784987687163,21.4758517037613,8.02508601523274,0.0482715030572971,-0.0261096194957219,0.040567719460425,0.0914016418768298
7.39377547427215,1.57823728255989,21.700864623402,8.09993581660755,0.180599636896138,-0.0147462940526496,0.0444132827446073,0.0895960954274659
7.39609893122872,1.57836566125796,21.754122439415,8.25587814193588,0.00905282563366039,0.0662432794829662,0.0442049903792682,0.0896990458453645
7.43988751178402,1.5783515461795,21.7593735804785,8.35020420602632,-0.0349849370863561,0.00277794551276001,0.040236078149936,0.0915481185776761
7.58904162976099,1.57820012410741,21.6627496568294,8.30488753715943,-0.122809060268604,-0.141827490126584,0.0261851366194551,0.0965108212596933
7.3501859621909,1.5775941981687,21.6646100524194,8.3347798158581,-0.0464149136505989,-0.0576833715571095,0.0482753092406232,0.0875756502557772
7.23595275284853,1.57849656640835,21.7111090347816,8.40873221583653,-0.0114439958016278,-0.00754981644236363,0.0579429781638652,0.0815022164207934
7.10950652938353,1.57877091867218,21.6342025601385,8.40848089674569,-0.14466506192442,-0.0737956856300238,0.0677585872812465,0.073544366539183
7.00728450942188,1.57896277009219,21.574150586858,8.54272849398373,-0.134961620193042,0.068001504527303,0.0749096469125293,0.0662460927107418
6.95481936878294,1.57901617051696,21.7506490710887,8.78063592471922,0.0982178951796107,0.175680833706523,0.0782805890511448,0.0622265970289698
6.9616891154713,1.57899148777504,21.748719330923,8.84741139864338,-0.0797810044633271,0.00401258164481211,0.0778512642975734,0.0627628922793506
6.96646608778787,1.57899052287808,21.8266984484354,8.87760594250221,0.000428556933950164,-0.0329395242340523,0.077550560578529,0.063134068092876
7.04146033607355,1.57898644319098,21.9963013837903,9.04083527172559,0.0970006052193716,0.0944623192629664,0.0726023301355027,0.0687670099604126
7.16221290269898,1.5789643262634,22.0265112723843,9.00588168220526,-0.0335801426844307,-0.111965484117845,0.0637900312784059,0.077011894597523
7.06954897058326,1.57885719580924,22.0265772398613,9.05713657909845,-0.070576406534233,-0.0195240194171292,0.0706423740111977,0.0707789163103114
7.01778674151192,1.57894784095942,22.1031628858189,9.25901736297272,0.00237584920849498,0.134851640462951,0.0742097967491061,0.0670291434113279
6.99907551974989,1.57895654691647,22.1297552023456,9.3703468093834,-0.0488586137958374,0.0457005113784662,0.0754509303225455,0.0656289350322127
7.20093946366376,1.57895253165723,22.1834029088362,9.55380588285894,-0.00711283591529233,0.104035169727793,0.0607605424059777,0.079423903747747
7.33792077238354,1.57877110246619,22.2604073709886,9.61517214695768,0.0276586789694938,-0.0256107080379666,0.0493457831828835,0.0869769721366975
7.34830451605338,1.57846355467579,22.2724619716443,9.72727630175225,-0.036385391913267,0.0246194868811479,0.0484399925689287,0.0874846679134243
7.38721994155331,1.57843141815336,22.3669839837473,9.81141277590944,0.0495223377574845,-0.00516654543784612,0.0449996743455754,0.0893030195950404
7.42918230758167,1.57830886613017,22.4248036523691,9.88573697395265,0.0166058734203965,-0.016787947607626,0.0412137952013764,0.0911121456508352
7.47217562248704,1.57816737502949,22.5497217597865,10.1287362060303,0.0876584031584374,0.150199908596591,0.0372597042589767,0.0927993234810125
7.44342483507067,1.57800248694224,22.4513098683528,10.2660218753324,-0.138323883237429,0.0455957957595685,0.0399119918037411,0.0916898735426007
7.41779297347296,1.57810982369801,22.6250130949535,10.2413489228232,0.131454420200247,-0.11530980129458,0.0422488064003854,0.090636848785374
7.25057921549296,1.57818631828339,22.6330052124798,10.3180797144024,-0.0487526161588768,-0.00561017756131715,0.0567447336851662,0.0823409691405169
7.30009217848314,1.57863002279694,22.4821670319092,10.4479735180801,-0.203438092889416,0.0448452926733541,0.0525999123188516,0.0850485110043034
7.2671571190412,1.57852600142364,22.4613198355731,10.6160855066629,-0.07621915459022,0.0848416683053878,0.0553719582541543,0.0832703202773965
7.33516198765093,1.57859710676489,22.4957302105481,10.7751799825084,-0.0151751708637738,0.0722539689154503,0.049585545838706,0.0868405069301049
7.47158827486251,1.57842847117474,22.5589352254376,10.8491405244552,0.0258908115984038,-0.018816881129884,0.0373142032911732,0.092777423076657
7.31854147989907,1.57799268188448,22.6426221226397,10.8067392303633,0.0326649331248361,-0.128405707825709,0.051021964077241,0.0860044137338353
7.24581528797855,1.57846175447538,22.7174174102709,10.8211327049453,0.0176589329311011,-0.0676762334202975,0.0571363547000718,0.0820697080023292
7.23082900127083,1.57861979426835,22.7997140172879,10.9370939547941,0.0239367941522558,0.0347569873842733,0.058359812864735,0.0812042624644366
7.22842411001745,1.57863999128307,22.7797313201253,10.9353298510081,-0.0785376284976203,-0.0828277825597363,0.0585549313350675,0.0810636787738228
7.62731499067714,1.57864558070455,22.7880469965516,11.1276005982972,-0.0141573921320814,0.0948286558215329,0.0224730685583273,0.097442091467562
7.37894913914909,1.57732228795149,22.8115486050534,11.303882825481,-0.0222351259331149,0.0873544411816961,0.0457367344349206,0.0889277860020677
7.43220939945224,1.57827453764562,23.0422981386698,11.3775982620389,0.189811731656019,-0.0175210494038318,0.0409378019604437,0.0912364859617439
7.37325368644781,1.57809121990929,23.1093124298787,11.5338097084647,0.0207718173194167,0.0675455927469851,0.0462424738894522,0.0886658536787603
7.46045881809699,1.57826812146332,23.2269995597309,11.591883788332,0.079342696492728,-0.0342823191006792,0.0383444333594406,0.092356398968038
7.40068117610494,1.57797881962772,23.3915457126738,11.6968198714818,0.120752648203077,0.0150354216249145,0.0437935047398378,0.0899006615248286
7.39605153816989,1.57816529896856,23.3663179430637,11.7579926535251,-0.0694370110518668,-0.0285241686915977,0.0442092414417789,0.0896969507349191
7.24147868946479,1.57817984884128,23.4100558314473,11.830429178664,-0.013753831319936,-0.00938463450529686,0.0574917197035181,0.0818211596442638
7.37011500276168,1.57855863572619,23.4915329964751,11.9905953340888,0.0349566253017425,0.0716458787442433,0.0465205397261126,0.0885202766804938
7.43052540671792,1.57824415375862,23.6635367753227,12.1726501991147,0.130912393426599,0.0908874473582784,0.0410913854209506,0.0911674176676453
7.45017871848695,1.57804418806487,23.7286016066151,12.3200239467986,0.0257730077852637,0.0554164064572485,0.0392918235071899,0.0919573412266788
7.54668048915963,1.57797153777969,23.762311689361,12.5004238332704,0.00346135092828659,0.0850845455059462,0.0302487318175209,0.0953153409658262
7.29741719015278,1.5776036377957,23.7988909560337,12.5606098504249,-0.0162479609583478,-0.0247214855811567,0.0528272276311133,0.0849075027356861
7.35930768202396,1.57839939348139,23.8749436909864,12.6188036562416,0.0285782635581618,-0.0298185488036274,0.0474744713944914,0.0880123546203237
7.4656202116535,1.57823770820284,23.9194034344742,12.6164502580657,0.00659250648084164,-0.0949064767927602,0.037867237006992,0.0925530786168472
7.26084834262134,1.57790128993921,24.0708098089301,12.6966161503774,0.0955101877700778,-0.00275344387705312,0.0558961866858449,0.0829193361887393
7.14990771254679,1.5784587391884,24.0096713213115,12.8879952203103,-0.12587131158008,0.115157934399584,0.0647328239614056,0.0762211355332737
7.35701488107895,1.57863034591696,24.0994133933304,12.9890045072367,0.0420659307764999,0.0131060130611516,0.0476761412424562,0.0879032738652513
7.5730890615648,1.57822244047973,24.1289663770213,12.933135321296,0.00183164869747077,-0.151950024749388,0.0277213349934359,0.0960808388086912
7.71723632264038,1.57746622318281,24.0483511156272,13.0957982386906,-0.0942472150406577,0.0635964253815359,0.0136319536465169,0.0990664920130879
7.3192931196255,1.57679166656651,24.275750932343,13.1536763147648,0.176442511379284,-0.0281646634964922,0.0509573053365754,0.0860427395707216
6.98235497441781,1.57830538643344,24.3639526203915,13.1600652085264,0.0116640041871041,-0.0579693454090844,0.0765376838613287,0.0643582391706245
6.93248546130635,1.57868179479883,24.3282474106961,13.1447980829134,-0.115355923772226,-0.0757300377745038,0.0796507140768433,0.0604629121614974
6.9937350110267,1.57866490636624,24.3594089149326,13.2770746817715,-0.0446388403533388,0.0670515441623979,0.0758003445898208,0.0652250546957565
6.98393164479055,1.57867873689368,24.4723888981218,13.2948110178525,0.0365438661469329,-0.0467424977444145,0.0764361170423371,0.0644788338254512
6.79204243669413,1.57867145069305,24.6114988677031,13.3758537748681,0.051779783489044,0.0323248075811762,0.0873301860922589,0.0487179494343865
6.60903620058248,1.57848417423051,24.8342468402264,13.3213859420263,0.128010103958318,-0.0864793348336582,0.0947378685649408,0.0320115019918154
6.59471658071725,1.57804874073079,25.0485290588213,13.2585819398791,0.119095686061318,-0.0934556582889277,0.0951865325335829,0.0306516561417677
6.64066124809554,1.5780024967133,25.1488712786429,13.1835080661034,0.00666391957426637,-0.110064959251396,0.0936783002473477,0.0349910854757005
6.70462231786942,1.57813927627561,25.3364021835185,13.1258971424858,0.0962807007135555,-0.0985181386339875,0.0912502041619996,0.0409072150163439
6.76885086206741,1.57829862852668,25.431911421811,13.2583483438896,0.00707279169858044,0.0857714958153215,0.0884364465939796,0.0466797055885123
6.75710153393577,1.57842007181989,25.6483173292613,13.3265327707792,0.12742712240696,0.0225469881772534,0.0889787850432806,0.0456374387123298
6.65362492213236,1.57838734297992,25.8726466172213,13.4225844023556,0.131112459563206,0.059849105371333,0.0932168283968712,0.036202526205063
6.47403826564928,1.57814034082193,25.9942462492375,13.4184259453885,0.0234153531041537,-0.0231281004674488,0.0981842789120004,0.0189696435003535
6.44510393786372,1.57754689975299,26.2000598250642,13.3502073486602,0.107121596456548,-0.0843398004056266,0.0986919793701223,0.0161212036773734
6.4770658450851,1.57743115849646,26.3039116771794,13.338808994261,0.00572545520785783,-0.03066517120917,0.0981263969073202,0.0192668168099211
6.34517450206643,1.57755709624486,26.4513639192574,13.3421043811146,0.0476443135749451,-0.00289956334083619,0.0998079285031424,0.00619495019444129
6.25841404370653,1.57698724122894,26.5716570782769,13.3343304855502,0.0203238382253215,-0.00529702254316256,0.0999693207941152,-0.00247687302122694
6.3506264643981,1.57655471796417,26.6522850373033,13.3348853684978,-0.0191447116724899,-0.00618412154890491,0.0997726706989218,0.00673900449655001
6.30106562724091,1.57701072932211,26.8567992807761,13.293046410138,0.104530228339212,-0.0436268950934278,0.0999840151336033,0.00178793673360761
6.41633369730387,1.57677208542154,27.0413341364642,13.3103040415291,0.0854199715701243,0.00398209952639117,0.0991148841179311,0.0132755318646407
6.37380297435707,1.57729899960065,27.2237660021195,13.3747249449594,0.0828421628551526,0.0553715334975611,0.0995897028001402,0.00904936993274922
6.3915840295554,1.57710683026232,27.3728098607218,13.3494700469028,0.0496307976900621,-0.0360735541683114,0.0994130609122139,0.0108186561117564
6.30584699485072,1.57718489447043,27.2735542668043,13.4824220100904,-0.199229917411914,0.130685988381411,0.0999743234944749,0.00226597480614382
6.36350996427483,1.57678021694426,27.4445258959239,13.3291086210038,0.0712940582297503,-0.161337219936387,0.0996775708898103,0.00802383084984001
6.42478691700852,1.5770598354507,27.478598369957,13.374014854207,-0.0649266492324936,0.030793345736769,0.0989991232656201,0.014112887466375
6.25416657915239,1.57732326491839,27.4771492451535,13.431609503739,-0.101407023429174,0.0604961150805732,0.0999578986257254,-0.00290146554851139
6.16209644065928,1.57652008407887,27.5306753609938,13.281845875795,-0.0457416538310731,-0.137684310724707,0.0992677696713094,-0.0120793172192747
6.24060857808671,1.57602655022175,27.6654781263993,13.291628464587,0.0348933906069662,0.0140389754486484,0.0999093747985084,-0.00425638665668036
6.35120333694397,1.57645609723454,27.7567297774267,13.2383227422967,-0.00851711552374934,-0.0601022817769022,0.0997687665511861,0.00679655948660324
6.36160767296396,1.5770045561215,27.8804886221392,13.2257390554264,0.0240661905203328,-0.0204178875395424,0.0996926541921419,0.00783420066924555
6.52059904745848,1.57705109581723,27.9842660626812,13.2634916294793,0.0065824919036932,0.0142336038546038,0.0971949486383575,0.0235189701982685
6.5143543501484,1.57768501439164,27.9122408207849,13.2332409739555,-0.169365163317275,-0.0531622180582759,0.0973399214209051,0.0229115625344939
6.52909971668298,1.57766646439424,28.0797685970077,13.2328739311237,0.0705362638620568,-0.0247113754366628,0.0969915123607467,0.0243443326048411
6.43928263347594,1.57771375348251,28.2661861554499,13.2597993724515,0.0876334053801084,0.0113790236116699,0.0987841530621018,0.0155464177160929
6.54421361970729,1.57737468654122,28.4894181996103,13.3815083446589,0.126619533351845,0.0959015555358093,0.0966125108085747,0.0258074166716281
6.49857626539928,1.57774651566815,28.5855734456043,13.3580367138862,-0.00153404496730225,-0.0448445676664878,0.0976892909613638,0.0213729368937916
6.62495532539331,1.5775883538488,28.6794115537287,13.4123538724292,-0.000378182955810713,0.0208016323632756,0.0942162910801384,0.0335155261797072
6.75543988762676,1.57798219802175,28.7483471786817,13.4921208128058,-0.0201188704987203,0.0342774158699898,0.0890544954517428,0.0454895245065887
6.83196963010613,1.5782675200838,28.9333387754839,13.5140212319483,0.0996756657198703,-0.0302646257012779,0.0853159310823343,0.0521650448437877
6.68393172265718,1.57837145167616,29.0759190090405,13.5406752670637,0.050503226599188,-0.0123565376792484,0.0920770069573781,0.0390105727947046
6.70789437729999,1.5781105317348,29.1486495909002,13.6769899527661,-0.0183852832235281,0.0951091141115237,0.091115865083248,0.0412055715908825
6.4897247073897,1.57815372692114,29.2601538054074,13.7546520601673,0.0136295691823507,0.0571546989218502,0.0978746453248418,0.0205074084792894
6.60774107154245,1.57752010394603,29.4108504511813,13.7887472692355,0.0559173976493921,0.00220643165431222,0.0947792481244871,0.0318887774139574
6.52456018878882,1.57789478453576,29.359422391384,13.6878993741962,-0.148529084189813,-0.124751682645302,0.0971010243925781,0.0239037876059831
6.46520902690194,1.57764370231059,29.4403305694486,13.8049509117682,-0.0174397592075064,0.0989495146371138,0.0983479372720332,0.0181020229349162
6.42097474002361,1.57742274927599,29.61356565129,13.793487489864,0.0741828772424336,-0.0251988055564474,0.0990522045990186,0.013735383652238
6.48043516206169,1.57724650174609,29.715088698144,13.8404236355004,0.00346212281626035,0.0273388198782173,0.0980609240377137,0.0195973257581169
6.38551835746236,1.57747194200908,29.9025717114482,13.7917477933775,0.0880061591897963,-0.0588912958816116,0.0994768541144277,0.0102154537587362
6.20007749826794,1.57709393441275,30.0639145281377,13.6836356071685,0.061687963357975,-0.0998109689808357,0.0996548533315407,-0.0083012172281612
6.27873014952713,1.57620331324653,30.2192614409003,13.5312977928259,0.055347905182455,-0.151892300051168,0.0999990075801561,-0.000445514291448814
6.41615914160646,1.57661423563326,30.4107083784481,13.5387833204686,0.092329737620104,-0.00577270295200449,0.0991171999276425,0.0132582305947569
6.39669267289324,1.57722686336502,30.6282127875089,13.5549400496992,0.118147913813619,0.00483035063015891,0.0993564952471677,0.011326378600398
6.5672762188716,1.57714232967816,30.9082595141558,13.611496950831,0.184055041344793,0.0285284093270691,0.0959916853021765,0.0280284918047316
6.91229783322533,1.57774611507233,30.9813991491298,13.8820153994299,-0.00771536909268677,0.211675706332861,0.080855004066622,0.0588427422660309
6.91464792963198,1.57834044974145,31.1319847835331,14.0011517417273,0.0698691396056672,0.060103745644526,0.0807164947976604,0.0590325966528601
6.73204720930832,1.57833066146883,31.1948778654128,14.0534990416273,-0.0272010733637993,0.00895325432959471,0.0900941552434715,0.043394045570392
6.83089953642529,1.57811544120947,31.3002910880371,14.1811523510904,0.0200415189154697,0.0755795905077582,0.0853717037088764,0.0520737189553791
6.86145483924163,1.57825088251512,31.4278637442839,14.2618434681462,0.0438316827575416,0.0260335525374943,0.083740973489228,0.0546575645183392
6.95784315745496,1.57827266830456,31.5689089433781,14.3487150712943,0.0629531277066002,0.0244085869993571,0.0780920713875824,0.0624630161487319
6.93501508288103,1.57831229380471,31.7895220391791,14.5266904882652,0.141115584689898,0.117311212310074,0.0794975111111517,0.0606642046608403
6.96480772984613,1.5782911036825,32.0275723842624,14.4946420754295,0.160395192307377,-0.0950537875854323,0.0776551527759018,0.0630053747497097
6.68678443742625,1.5782881042674,32.1191220333405,14.5505615501533,-0.00041569733278024,0.0166463915812665,0.0919653464109192,0.0392730831425243
6.47568671289987,1.57797283255365,32.3344386961394,14.6880373326263,0.117163787731283,0.118344313215198,0.0981528750676038,0.019131469257832
6.70025485422039,1.57735537227489,32.5114211652189,14.8379144175705,0.0855544749964401,0.109368790757117,0.0914279940830643,0.0405082941870818
6.6624798537304,1.57797524346799,32.6134837482153,14.8892716433841,0.00916997583665768,0.0143307010635629,0.0928926071597594,0.0370265247500035
6.76302744185416,1.57788817850562,32.7578181794738,14.8959464275052,0.0556276501938617,-0.0394891302835149,0.0887067810646199,0.0461639144045821
6.48676854722495,1.57807715585772,32.783975389082,14.8291396531181,-0.071777631155181,-0.0870247605542702,0.0979348407633523,0.0202179861671938
6.58834007286201,1.57737782603976,32.8661075077911,14.8475373231004,-0.0132479278975239,-0.0116464094564004,0.0953800466066255,0.0300440794386841
6.47749081226136,1.57769433639554,32.9623293527273,14.8524607966999,-0.0018963553459419,-0.0143850419672121,0.0981182002821601,0.019308515566711
6.38664615542069,1.57734029534983,33.0773583137474,14.8154298276166,0.0155636911348185,-0.0473586061145294,0.0994652698852745,0.0103276370312627
6.41752022679995,1.57699241393549,33.1836562863145,14.778821541862,0.00719891002518569,-0.0500014109801278,0.0990990625419457,0.0133931252255599
6.23353276965141,1.57711638586103,33.2992826219709,14.8031633870671,0.0157495790572701,0.0293050590076978,0.0998767565990668,-0.0049632138026458
6.346003541232,1.57629187315544,33.4044014548629,14.7654497549042,0.00531607454395111,-0.0439913249006418,0.0998027583481018,0.00627769273781314
6.35869481970591,1.57681834809063,33.5122919559496,14.7556235934093,0.00817544998135489,-0.0173699392668006,0.0997150511052802,0.0075437777718704
6.16605261052102,1.57687187937833,33.5502933849172,14.8735160679876,-0.0613133515769202,0.129578978135069,0.0993147805445714,-0.0116865035568223
6.34185105360196,1.57593758231843,33.6006283913665,14.8889288877268,-0.0494929594094309,0.00954960965338592,0.0998279658587196,0.00586321008580792
6.42581825396276,1.57679097455545,33.8219324004225,14.9575515918205,0.122319493580624,0.0544077226968557,0.0989845154753284,0.0142149813969091
6.41910352595821,1.57712770109441,33.8502658230769,15.0042382474535,-0.0707443103599217,0.0331366437978236,0.0990777330143753,0.0135500118351298
6.45422714036898,1.57709892625678,33.9766036595696,14.9822894153979,0.0277970392656415,-0.0389697392541075,0.0985407972270246,0.0170209071985728
6.5468049635724,1.5772295929128,34.1016794958682,15.0274867128644,0.0285305256854258,0.0191396114870098,0.0965453106131862,0.0260576859794458
6.33571151402766,1.57753330674476,34.1990365751423,14.9825196397467,-0.00250500231973882,-0.0502172788034638,0.0998620815938504,0.00525020568579655
6.35531704707699,1.5767510121919,34.3205744738578,15.1634891733258,0.0217979353338902,0.173762612971742,0.0997399633815875,0.00720692060727683
6.47490392836824,1.576824147603,34.4163747766456,15.1135911181815,-0.00236751802479906,-0.0689526859961525,0.0981678208126116,0.019054630851921
6.33108835874939,1.57728772130518,34.5010983637864,15.0887486021731,-0.0151616996802959,-0.0296309893214605,0.0998852868210822,0.00478847331308687
6.29320938007333,1.57672111945392,34.4983772741357,15.0448103147204,-0.102716065590866,-0.0449406779549175,0.0999949759402002,0.00100239050213804
6.13968329949118,1.57655349192872,34.6442607058063,15.0169727450158,0.0469113072581302,-0.0135365701138985,0.0989721244124231,-0.0143009995906522
6.04375409435045,1.57578375288624,34.6739705605121,15.057848625543,-0.0674374472867494,0.064590890869908,0.0971473019926067,-0.0237150103427615
6.11938431461974,1.57523993353108,34.808027007989,15.0372606135623,0.0353949888749332,-0.00428106295457648,0.098661458601936,-0.0163069490260588
6.11744362842624,1.57567133277291,34.9258781334774,15.0713649367586,0.0192214993298192,0.0506027123245383,0.0986296261585305,-0.0164983891282914
6.30886340921206,1.57565853577524,35.0206166337019,15.1321458047618,-0.00522853334069229,0.0582133399780338,0.0999670335652695,0.00256752802522037
6.24533879496438,1.57661369368885,35.2542468593912,15.0418789269215,0.133701835065491,-0.0864831300502942,0.0999283906237942,-0.00378374779000882
6.0151965044586,1.57632019608142,35.3781336936108,15.1343295051504,0.0274562945836379,0.118929834742688,0.096430539635916,-0.0264792565138457
6.07129569715779,1.57506878576588,35.5359250526185,15.1655462719221,0.0600278329125161,0.0522475291315839,0.097763526095187,-0.0210307623598313
6.06884986909336,1.57539419407573,35.6412665481792,15.2486658496128,0.00762969945730108,0.1043893896841,0.0977117961034519,-0.0212698119934674
6.11500391444206,1.57537581726503,35.5968998804966,15.2653179247727,-0.142955748998713,0.0333910430268713,0.0985890813160903,-0.0167389678669066
5.9727939055527,1.5756332007996,35.6611567410282,15.2894981117131,-0.0309645491180279,0.0547233227379984,0.0952214096495682,-0.0305431357975753
5.89288452264782,1.57480583033784,35.8251279605035,15.3955525455011,0.0714917531527384,0.144101093413887,0.0924794663225735,-0.0380466596259383
5.78173241114415,1.57430105771576,36.0189648547959,15.2864105904427,0.106148386250037,-0.0610719482214704,0.0876885080423734,-0.0480700068369312
5.87693264170459,1.57357759482639,36.1591042446881,15.1694523029362,0.0482785796439265,-0.0774413096295559,0.0918608102483017,-0.0395169778769266
5.7670568771917,1.57421367468581,36.3041526563673,15.1629696478272,0.0580747739564953,0.0428690048558258,0.0869736377226881,-0.0493516599648139
5.98891239522568,1.57348906291646,36.404658849144,15.0508526415751,0.00480486449048456,-0.0831125968587056,0.0957013282861859,-0.0290044093933953
6.05584146859791,1.57491961985858,36.5897643805958,15.0831896644257,0.0876786809822629,0.0548760735756876,0.0974268504695213,-0.02253905072512
6.12120890589205,1.57531061792939,36.6161255456615,15.0950284335994,-0.0723298828079866,0.027965674319346,0.0986910478737693,-0.0161269051456683
5.94846588732969,1.57567325484331,36.8080449477584,15.0765518798204,0.0974691502408493,0.0143738636360083,0.0944502518560012,-0.0328504174149728
6.12274949933538,1.57467431270003,36.9450895824109,15.0397051713433,0.0383288589022337,-0.0208718651905452,0.0987157757502372,-0.01597484328652
5.99360107139386,1.57568338958724,36.9960169721656,15.0525302267676,-0.0449088783843412,0.0413804351131742,0.0958362681390501,-0.02855537968895
6.17435357694869,1.57494973701816,37.1645164237894,15.0061477380004,0.0690910845942816,-0.0355207870346446,0.0994083670295168,-0.0108617017324583
6.47949010138096,1.57595461114605,37.3387157751697,14.946555620749,0.0761199504743741,-0.0790967607481988,0.0980794009059298,0.0195046434967136
6.22478950901708,1.57724926514819,37.3709427328268,15.1126592687664,-0.067602587327606,0.171939909504249,0.0998295449847253,-0.00583626148683403
6.09535808914159,1.57619809573261,37.4341451674375,15.0105442041856,-0.0350387919876844,-0.0834425876040509,0.0982412265983784,-0.0186724769767179
5.96662242487718,1.57553480402711,37.4739611745135,14.9823303259481,-0.0552150940463147,0.00291632927019547,0.0950311011223398,-0.0311302075077509
6.00198285345681,1.57479338745797,37.6450303269825,14.8890503489804,0.0749969085970115,-0.0655288696491905,0.0960722438719904,-0.0277511073184623
5.90519009041674,1.57500987698986,37.7395087618847,14.8582576854093,0.001537796502741,0.00611313182616315,0.0929406383994472,-0.0369057953972436
6.06312259827996,1.57442326120835,37.8728717945985,14.892271650267,0.0357746564665287,0.0558430468683569,0.0975883762472273,-0.021829082010694
6.00052400448866,1.57536153949445,38.0614922162089,14.908962993336,0.0925887646307921,0.0445825757011052,0.0960316569796808,-0.0278912326320821
5.91561537716798,1.57500127030859,38.0445347486213,14.9574275765507,-0.110277801861903,0.0843994577927772,0.0933203342742638,-0.0359348745780428
5.92073350330045,1.57448533356247,38.0593104420213,15.0490818695012,-0.0787273370214834,0.127111073712366,0.0935030304214958,-0.0354567807618915
5.67782769783012,1.57451242508864,38.1484463042088,14.9380128996905,0.00690599714668982,-0.0541633523782545,0.0822298650408014,-0.0569056174324785
5.65063471745394,1.57292161658709,38.1253413812871,14.9185787580154,-0.103757144427822,0.0396862369275423,0.0806522215061628,-0.0591203786026515
5.73491852441596,1.57273370453845,38.281999485278,14.9360526643278,0.0713151868297421,0.0695947897511976,0.0853429171610937,-0.0521208834387399
5.75844462982995,1.57331406488665,38.3709345926953,14.9058809273381,0.00238971857625714,0.0199271219828589,0.08654538884105,-0.0500988589725501
5.88684698327693,1.57347521108193,38.4326972281695,14.8673280220307,-0.0304854385183018,5.14059111780263e-05,0.0922480739925368,-0.0386043112186638
5.90659408723887,1.57431298582388,38.4160093355846,14.8010374337948,-0.109680254984141,-0.0295153175311623,0.092992362399273,-0.0367752707046771
5.69135661570225,1.57443988774226,38.477915777718,14.8732103575016,-0.0210857456293203,0.127960886300464,0.0829921877627119,-0.0557879625937242
5.54689358029147,1.57302384720178,38.5443715528762,14.8075758513016,-0.00764061677076455,0.00151997766461776,0.0740963919289586,-0.0671544838645206
5.80407215442002,1.57201838744941,38.6307678945388,14.790131050134,-0.00234406848772561,0.0286544353373916,0.0887404101503265,-0.0460992365050857
5.63870870876116,1.57378683298082,38.6211650306632,14.7165926941997,-0.0895442964442412,-0.0134603453240512,0.0799414325685765,-0.060078010610237
5.56289251784325,1.57267040871154,38.7554396292312,14.7014295519245,0.0591133349561779,0.0507973341654028,0.0751612636118658,-0.0659604764405748
5.74587753998274,1.57214178859156,38.7644479416721,14.6948942208565,-0.0769006620680441,0.04464716690571,0.0859089745088964,-0.0511824979737193
5.90863741312261,1.57340727818748,38.7040337791392,14.5598104738495,-0.15348147461251,-0.0984985666428156,0.0930673120796062,-0.0365851803641474
5.90102942685383,1.57446698450183,38.9278712696617,14.5055990823122,0.131051208730431,-0.0169192219679885,0.0927862817921342,-0.0372921695693702
5.96123468965566,1.57442401816287,38.9359943075741,14.4149574072971,-0.0867389634425844,-0.0589999193916253,0.0948620013549488,-0.031641755623443
5.92392409965664,1.57479647841238,38.9586876202413,14.4527501242558,-0.0709223699122288,0.0729509873254006,0.0936156825794727,-0.0351582703667203
5.8488806256419,1.57456838245495,39.201058984582,14.5371520271144,0.151655080591964,0.126479876465159,0.09071628374868,-0.042077973606496
6.10178004405042,1.57409579533452,39.372193512601,14.4746286584026,0.0727754142407337,-0.0444821731651854,0.0983591137782737,-0.0180411955466538
5.97295498141963,1.57559165704762,39.4069411748319,14.4363013387998,-0.0604786659454528,-0.00779952207245027,0.0952263281763437,-0.0305277975303049
5.91340335649529,1.57486672833431,39.5732671094857,14.4682319926646,0.0730853173098938,0.0680718668677619,0.0932406173438911,-0.0361412130030258
5.8969739365267,1.57450654014043,39.7516001350818,14.4227594517475,0.0856987444494259,-0.00780438518269599,0.0926342811467103,-0.0376681557344162
5.85222897385003,1.57440862897816,39.7604151501221,14.3260457754114,-0.0820416516232019,-0.0549396877451989,0.0908566666635237,-0.0417739885909083
5.86314151217072,1.57413293010909,39.7686976260046,14.2354579469201,-0.0830246322738906,-0.0498077843505518,0.0913071081564003,-0.0407800441406753
5.68031326251045,1.57420669408987,39.8984676394747,14.1124982238194,0.0473989599912836,-0.0662586688883198,0.0823710534787352,-0.0567010542124513
5.64744263770115,1.57301020985658,39.9469880054611,14.0093147529133,-0.031942727979255,-0.0438059456168447,0.0804630939656915,-0.0593775252891892
5.80735082419124,1.57279060046611,39.9652488216496,13.9305810838422,-0.0706302608993683,-0.032925630320696,0.0888910770878625,-0.0458080387504167
5.71167000239257,1.57386683028699,40.0497564068219,13.8107847642397,0.000399354983960265,-0.0657056030739255,0.0841082301883839,-0.0540907165286043
5.72982563691676,1.57324022905951,40.1594677998909,13.7987043890224,0.0246350273447922,0.0404744722771824,0.0850763657241836,-0.0525548474944506
5.66506207692649,1.57336453222955,40.2723324136278,13.7272002026074,0.0313678645482995,-0.0135535188460401,0.0814967491886311,-0.0579506675689362
5.58427603618552,1.57293111866116,40.3148942425913,13.7377906686799,-0.0339926109466044,0.0749287729360005,0.0765544399100352,-0.0643383068634916
5.41759784107593,1.5723721287058,40.3410757083281,13.6810606135112,-0.0386378228746476,0.0194175634670017,0.0648192886115087,-0.0761476186357653
5.34772563481651,1.57119318482173,40.5168274935524,13.4836186795542,0.116406934055127,-0.116954738455398,0.0593448511691001,-0.0804871955016284
5.3868017119253,1.57070599744551,40.6987712534686,13.4864968193878,0.119499887473523,0.0809855197305816,0.0624438724427009,-0.0781073798969067
5.44826816644939,1.57099139999032,40.8137023728933,13.3960800767177,0.0478072090603967,-0.0162926530810976,0.0671239103643404,-0.0741240895890128
5.50152176703849,1.57143779829435,40.7835630086208,13.3906177924555,-0.101113626405442,0.0649838236124846,0.0709742621328959,-0.0704461078746795
5.5408109201634,1.5718159194481,41.0268104517594,13.4046704713405,0.169560897325129,0.0816566208267953,0.0736865458135216,-0.0676039419418112
5.71126978431187,1.57209844102806,41.0675308386146,13.1990682978931,-0.0433661885149816,-0.151477799617264,0.0840865753702118,-0.0541243738301857
5.82224901472901,1.57328285672425,41.0039003149305,13.1689484309481,-0.153194167640723,0.0143588209990261,0.0895636439565964,-0.0444786879439584
5.74267407606333,1.5740115038219,41.1883613549064,13.1045124365508,0.0987164672785039,-0.0129785532159215,0.0857445726974162,-0.0514574411814027
5.78050419934951,1.57349852852721,41.2149180323432,13.0688238208575,-0.0610727243318894,0.012489054919518,0.0876294017686178,-0.0481776706127867
5.83547145487028,1.57374914506439,41.3227031396329,13.0586271360752,0.0176411929039126,0.0330938996350459,0.0901439143858393,-0.0432905844173819
5.97926220530337,1.57410400300058,41.4376051779528,13.0486496724964,0.0194850598628773,0.0199491169499415,0.0954169784569523,-0.0299265805287792
5.82122047262583,1.5749785865218,41.6323676257926,13.0672128702075,0.105244599453097,0.0631339820905952,0.0895178483867836,-0.0445707843794657
5.94662833927881,1.57401566006875,41.8510362068232,13.0013428985909,0.124278852820588,-0.0328460528841633,0.0943897282099755,-0.0330239187324424
5.81745759607768,1.57479076457288,41.8206716306716,12.9195540587552,-0.119714076823248,-0.0368815271826807,0.0893495006716959,-0.044907312653048
5.86321764067836,1.57400074203302,41.7984999915805,12.860107500727,-0.113481851506847,-0.0186734650795043,0.0913102124157119,-0.0407730929486294
5.90451263013483,1.57429173190844,41.8578417711963,12.8564452911024,-0.0335738352473189,0.0333065408899439,0.0929156148631405,-0.0369687505145162
6.00819150095931,1.57454599225342,42.007356835507,12.7990200391682,0.0532723763595473,-0.0302711543441456,0.0962426879511691,-0.0271540975901225
5.9486624639424,1.57515660181638,42.1652980632144,12.6721310104158,0.0634845200524792,-0.0940571786826271,0.0944567076548506,-0.032831850069804
5.97177445453725,1.57482010652474,42.3431104644609,12.6740463975035,0.0826221783032861,0.032555580559877,0.095190222943291,-0.030640193472081
6.12622318567904,1.57495495840818,42.4673353393633,12.7185458390842,0.0254542032449043,0.0601312815345483,0.0987706716574077,-0.015631839953907
6.02288501360332,1.57579112090751,42.5141765323066,12.7416164699733,-0.0497900805491076,0.0488077049890518,0.0966312734924655,-0.0257370740999115
5.9072649435106,1.57524093095668,42.6113052412217,12.7012690734667,0.00411169652222565,-0.00363451858214792,0.0930170123929003,-0.0367128779244971
5.83562601136396,1.57457350594864,42.518652787112,12.5598831967591,-0.182803058259777,-0.098109225134578,0.0901506041500836,-0.0432766515730472
5.81878053745866,1.57413931744484,42.6902444848186,12.5623828276089,0.0821828654985732,0.0472887000877715,0.089408832208013,-0.0447890692379222
5.89973728722111,1.57403431643776,42.6968623765193,12.5268767784442,-0.0861201259554427,0.00190598207139103,0.0927380176561232,-0.0374120312361221
5.8514325638145,1.57453721170789,42.5770292744433,12.7024789682271,-0.210656470705529,0.217448524279381,0.0908233686295234,-0.0418463344964133
5.74339284028188,1.57423140056055,42.683426272874,12.7845186605966,0.020615462117703,0.133435490133311,0.0857815363129657,-0.0513957977638964
5.76608500183674,1.57353758513421,42.7393869744122,12.9073724606522,-0.0309649314548888,0.172289964234842,0.0869256329930819,-0.0494361641791921
5.89307707211048,1.57368008104896,42.7165310947729,12.9935426695916,-0.115342670111297,0.124199060988617,0.0924867904720434,-0.0380288520492053
5.94295139435983,1.57447351699662,42.9000215592274,13.0991729653426,0.0892228011713248,0.139001056292703,0.0942676632831475,-0.0333707605417545
5.55766902976498,1.57476644673431,42.911797026681,13.0329506450213,-0.0630402285839944,0.000129858440300001,0.0748156960376102,-0.0663521787615744
5.47734640689593,1.57227409832279,42.9968410084498,13.0586633137861,0.0157933531515888,0.0978538528146959,0.0692506286172113,-0.0721411840498967
5.47130199895927,1.57171432211767,42.959494543413,12.9532170696146,-0.106159780536381,-0.0328878014513978,0.0688133154995393,-0.0725584427200644
5.52573471821149,1.57167556920971,43.1624332114196,12.7817446723814,0.130279668282951,-0.102765266896193,0.0726589997237308,-0.06870713033701
5.459208128092,1.57206895862735,43.3520377335172,12.7324828809994,0.121673729958998,0.0241235442064702,0.0679307921385253,-0.0733853355884707
5.55176471967226,1.57160985566881,43.3774914984544,12.5633602879662,-0.0489688654712479,-0.102329838313252,0.0744226304084502,-0.0667927547200085
5.60099025093452,1.57226426719111,43.4334948963817,12.4657709513835,-0.0216156631254214,-0.0345395042173695,0.0776190610527445,-0.0630498323652833
5.51731935070487,1.57260886280061,43.4585658204116,12.4434078135086,-0.0470073139839484,0.046953004579902,0.0720782380138364,-0.0693161424548478
5.68953406247574,1.57203206348719,43.6575238395782,12.3969465288686,0.116067645716414,0.00947784289415154,0.0828903734502287,-0.0559391275341475
5.71884124417831,1.57321343222847,43.6783247387381,12.2636319433746,-0.0636930626148722,-0.0798284150982975,0.0844939617748064,-0.0534861703956972
5.61836509095036,1.57341391208724,43.7235947502274,12.1707723780162,-0.0334327594735164,-0.0311678005693894,0.078702770962806,-0.0616917647889579
5.53985725849523,1.57274638141447,43.9580368968015,12.0310849769327,0.160820105546723,-0.0720132178600685,0.0736220410273767,-0.0676741832234661
5.75467067956835,1.57221800642378,44.2338087857623,11.9894424024769,0.18941618659218,0.00878254496322683,0.0863557023686385,-0.0504251194189873
5.66529700329097,1.57366690676802,44.2481178166396,12.0518627189499,-0.0672013302019798,0.120351836707958,0.0815103610792381,-0.0579315202349483
5.49358727219545,1.57307678528854,44.3309455449607,12.038126587082,0.012414648726454,0.05727089751643,0.0704130795946756,-0.0710070293843777
5.58095414654488,1.57190413244889,44.276468643559,11.8609462922734,-0.130817194562951,-0.112588037996585,0.0763402931611924,-0.0645922568119678
5.75939843843175,1.57251521227198,44.4277252606136,11.9366144985484,0.0646634828655324,0.125684494734927,0.0865931341890654,-0.0500162884600058
5.75647442248887,1.57370187195234,44.5078408023318,12.0149823067738,-0.00633097407466865,0.128637082213325,0.0864465157928821,-0.0502692739879042
5.90369180163911,1.57368003584142,44.6392074271051,11.7874587331612,0.0384813862120543,-0.190478567776317,0.0928852385612912,-0.0370450058363071
5.7800862187478,1.57460417874733,44.8230700003539,11.5184090552041,0.0962533164661021,-0.220835384163777,0.0876092567826836,-0.0482142937932914
5.66616956560165,1.57385814637779,44.8806781809068,11.5427788930125,-0.0239526983514904,0.0822302131298774,0.0815608789044156,-0.0578603753214517
5.61495144318309,1.57311585904813,45.0863142383567,11.3004962984572,0.127144338594057,-0.180322526196173,0.0784917188557849,-0.0619600683591007
5.64147858192177,1.57278675847794,45.2166769654904,11.2322481474198,0.0502551929718198,-0.00839179823759217,0.0801075341618957,-0.059856352799855
5.63811794064657,1.57297053435466,45.315900570824,11.1198865341763,0.0193176788860847,-0.0522363862703796,0.0799059264475266,-0.060125226973064
5.55560406473199,1.57295479749813,45.5787309421866,10.967555775825,0.188151849666641,-0.0858242293687553,0.0746785216959566,-0.0665065289825483
5.59829672911893,1.57240675388253,45.6507863051799,10.8987590838994,-0.00539359060057576,-0.00553801989387692,0.0774489535938556,-0.0632586720317207
5.62362966086714,1.57270204664223,45.8687162810737,10.8544109813667,0.138903516470754,0.0169284730165866,0.0790264594230417,-0.0612765755493756
5.72888491358934,1.57287838064628,45.947105303706,10.8160422716867,-0.00663786588351334,0.0142661478700881,0.0850268885158653,-0.0526348575500174
5.60066916297013,1.57357476628254,45.9724584173473,10.7872955796911,-0.0522456988683611,0.0343280596653852,0.0775988125095988,-0.0630747516610262
5.62398538813832,1.57272851574236,46.0226540095936,10.8054080806889,-0.0288526599252319,0.0793609608039918,0.0790482521715104,-0.0612484598061805
5.51609362515603,1.57288538049789,46.1035557106122,10.7088756558151,0.00890847969559427,-0.0271279863735937,0.0719932213230789,-0.0694044385001865
5.38504770002847,1.57215711349411,46.1901648822854,10.6887909038259,0.0243023964898401,0.058132034995785,0.0623067751833161,-0.0782167869849926
5.51195987361448,1.57124819160655,46.3390586503358,10.6924288797885,0.077188061720538,0.0733394227176123,0.0717057063298538,-0.069701446754976
5.44773837209044,1.57213405801895,46.4022700077122,10.5523237673557,-0.00387327304493157,-0.065945471379121,0.0670846304214123,-0.07415964105376
5.23359280887451,1.57169697810797,46.4230107860418,10.4312049780324,-0.0290516699708245,-0.0343967500699275,0.0497924483003859,-0.0867220392533144
5.34578517443355,1.57020314401058,46.448271551663,10.4321641813721,-0.0339277917035732,0.0815614035690406,0.059188557324792,-0.080602200229335
5.28235593703061,1.57099040370642,46.6447793845823,10.2536905496021,0.142547409998588,-0.0942817511745034,0.053960422920735,-0.0841918805955504
5.23026132878846,1.57055822984563,46.7424536901913,10.1720862356711,0.0481710458379006,0.00528312631233707,0.0495032597710695,-0.0868874402433287
5.1161128245248,1.57019969600633,46.7117738604884,10.034717158165,-0.0699643818964493,-0.0454086297094775,0.0392845521934891,-0.0919604477966317
4.97029825937158,1.56941139682338,46.8137471357219,10.101473439627,0.0764673212668985,0.163448816397553,0.0255059539665904,-0.0966925349355067
4.93981961520736,1.56842870169297,46.9445489345631,10.0945196221502,0.108254291916667,0.0904710763208102,0.0225475069246018,-0.0974248937976585
4.81612218657535,1.56823420627677,46.9239997871282,10.0535067358057,-0.0309038742397192,0.0584495670376359,0.0103547268048403,-0.0994624533821538
4.53151592738324,1.5674492326486,46.9075485602652,9.93510085280802,0.00153761841450084,-0.0200371814428151,-0.0179888452775559,-0.0983687015548144
4.58876337563888,1.5658553385805,46.9796584534903,9.95150101847697,0.0844409876547516,0.115636973911486,-0.0123310944296572,-0.0992368082425411
4.48963722599799,1.56615136195903,46.8468467277332,9.86887399226929,-0.110720303402563,0.0149022978869333,-0.0220914223545513,-0.097529324094617
4.55056545127248,1.56564887794627,46.7785672487205,9.70329179371137,-0.0521676611705661,-0.0668886864822842,-0.0161118178421111,-0.0986935120756305
4.60403238913018,1.56594715154281,46.889396716965,9.57726152906592,0.121643935962952,-0.0266167480193578,-0.0108144677184275,-0.0994135166260961
4.68047378109738,1.56623253101903,46.8637677757858,9.39342671496186,-0.0224379630259044,-0.0838857387785406,-0.0031909781532912,-0.0999490753255137
4.56512312012381,1.56665533885895,46.9499347754954,9.29140865227067,0.100840413607683,-0.00310046605351166,-0.0146734138981252,-0.0989175966376777
4.47069744259778,1.56603443931236,46.9175776680732,9.34770248883071,-0.00842257337589913,0.153387286802509,-0.0239345340462717,-0.0970934502424745
4.21722530976475,1.56556630582444,46.9323040305965,9.26869698331472,0.0622439295164927,0.00898358941654842,-0.047517566993198,-0.0879890949325366
4.33233511972379,1.56455638494465,46.7520860945613,9.21603243835784,-0.143120887298578,0.0401999206639085,-0.0370970487365971,-0.0928644656207881
4.30880816638877,1.56496056518704,46.7399334875095,8.98726052507036,0.0271187916237681,-0.136805847556351,-0.0392713986755917,-0.0919660657311312
4.00858259832271,1.56486870643033,46.7404467881579,8.86475688371032,0.0652257301390939,-0.0462651899761619,-0.0647124294906933,-0.0762384513838787
3.8415511480641,1.56400577214775,46.6121062307223,8.68678799387763,-0.0518536649136569,-0.113550295682111,-0.0764868925219453,-0.0644185941505742
3.85882533009969,1.5637761815291,46.5091732041001,8.56687370204364,-0.02757026874104,-0.0541841258175735,-0.075362757881156,-0.0657301660164209
3.74399644355724,1.56378271588325,46.3611301839678,8.42158684971412,-0.0656454251497491,-0.0886243749649378,-0.0823975949825509,-0.0566624773645796
3.88695623236633,1.56371971466002,46.1781381345657,8.31081562276238,-0.109507913638137,-0.0429473241517817,-0.073484135763994,-0.0678239027999635
3.79164129113991,1.56378931451884,46.0175226502282,8.18430862339509,-0.0810100480551705,-0.0659844869087036,-0.0796054362823316,-0.0605225124585855
3.52959354086464,1.56370951742268,45.9521116005509,8.23165526868429,0.0271556753900799,0.0851805112073527,-0.0925667250673127,-0.03783386591815
3.52341623553994,1.56384852490491,45.9296123183979,8.33435270719796,0.0702993866434327,0.139958773293945,-0.0927986687964439,-0.0372613347802773
3.46169719576871,1.56386062643095,45.8520446173065,8.28193382740471,0.0173525516507551,-0.0209523003896535,-0.094920252742171,-0.0314665794035891
3.49900527202513,1.56396216117934,45.8011415053058,8.285944498865,0.042777403781149,0.0389958249234877,-0.0936805157818656,-0.0349851534631998
3.30580825997303,1.56389328355882,45.6135298491442,8.2748730870147,-0.0889569671261352,0.00527644217754186,-0.0986546890354658,-0.0163478540278397
3.25587144781141,1.56433844282835,45.6146448891709,8.21362813860813,0.100462768219771,-0.0498419267510638,-0.0993477281930697,-0.0114030216555064
3.26775309572695,1.56449252139702,45.530015969231,8.21512014032148,0.0145763121988951,0.0140746054296625,-0.0992052321388251,-0.0125826037163152
3.09775661466421,1.56445179180022,45.4999510082177,8.211266943862,0.0698389744559131,-0.00823539656594829,-0.0999039354691639,0.00438220010646954
3.02060118946414,1.56508823608166,45.3877715029198,8.15255284200265,-0.0129105595431129,-0.0707837501028614,-0.0992689457548425,0.012069648243513
3.0314110385226,1.56542876111191,45.3024132512915,8.06510695390625,0.0140353627887757,-0.0984417697393211,-0.0993936144170983,0.0109958816429236
3.00347770188068,1.56537299243315,45.2659947666975,8.10447030443795,0.0626292436307487,0.025595724246517,-0.0990477282246883,0.0137676262851766
2.82552303326384,1.56550594089066,45.1964231255612,8.20564000879872,0.0254748037722026,0.0700863758669887,-0.0950464449085162,0.0310833284937826
2.98470877709879,1.56644097229637,44.9583321677444,8.43268818813983,-0.139319063348295,0.211424067747195,-0.0987718944685217,0.015624111593918
2.9868430004942,1.56560956706926,44.874584767453,8.54357684503967,0.015057614547886,0.0954753820170664,-0.098805014839269,0.0154132748827699
3.00295923246226,1.56560372804314,44.7476799084633,8.61815267796023,-0.0278642821704533,0.0607568552700835,-0.0990405768192788,0.0138189776504825
3.00399472080794,1.56552776425914,44.6154036625219,8.61327634798261,-0.0332214128317476,-0.018592744874786,-0.0990548331095911,0.0137164148971609
3.1334749583936,1.56552100771886,44.5880009142805,8.54333908438685,0.0725939569279106,-0.0707490241998832,-0.0999967051693284,0.000811760604122423
3.16952721622197,1.56493925027878,44.3783106877869,8.62844042072794,-0.109729240945901,0.0878944293109774,-0.0999609855476706,-0.00279309296988067
3.01780763549466,1.56479531451305,44.0598611821868,8.70131840360208,-0.219214664359626,0.0605310689292511,-0.0992348412405521,0.012346913944886
2.85927175785909,1.56545260406678,44.0560272857268,8.70640920225405,0.0922072493253454,-0.0227677425203365,-0.0960411457852895,0.0278585411723006
2.76241870688166,1.56627342970321,43.9909393811854,8.74340848564397,0.0278091673358705,-1.60382570317807e-05,-0.0928970718772787,0.0370153216469575
2.61245990570511,1.5668339854313,43.8484902302019,8.73850014381759,-0.0561246338985879,-0.0553868298193019,-0.0863245170849429,0.0504784879929204
2.7279918058401,1.56777162674016,43.8034530046233,8.89007566950485,0.0465307292895711,0.111384610777604,-0.0915679548680903,0.0401909149096581
2.68739958705375,1.56704995029513,43.6367252145239,8.8297545292683,-0.0768662548454784,-0.104194873629094,-0.0898615352539683,0.0438737333925414
2.42984601903283,1.56729889965345,43.485901977281,8.88842727704862,-0.0751010168028694,-0.00664298793192497,-0.0757222204400297,0.0653157357122428
2.29920328723496,1.56901681072943,43.4197876400631,8.98598896558563,0.000453832484223593,0.0229381079306987,-0.066568169702143,0.0746235806063117
2.33261993117707,1.56994470975742,43.3588277257717,8.98993721936793,0.00806429700739875,-0.0684095948215235,-0.0690242112988312,0.0723578486038267
2.43787601926617,1.56970843759184,43.2404510763344,9.1235712877372,-0.0421323905662887,0.0689284813677722,-0.0762442588710238,0.0647055870014971
2.56649493746461,1.56897675217612,43.1782915413509,9.12577533235937,0.0217543807151404,-0.0521876344485506,-0.0839139156985763,0.0543916790707203
2.40916314911136,1.5681007690534,43.1299020757303,9.17257071587925,0.0259657385775842,-0.0200724234476257,-0.0743552041982035,0.0668678069675046
2.52472875221244,1.56918161117462,43.0312653294011,9.31163261769118,-0.0170670828339885,0.0812139113776493,-0.0815696634951654,0.0578479904342881
2.48692270741274,1.56839272059297,42.9380547290562,9.31955730750657,-0.0138857063210209,-0.0529650563500317,-0.0793248940239507,0.0608897461654177
2.52673491937155,1.56865245051738,42.8697000784163,9.25172069019207,0.013330901369156,-0.125520849067911,-0.0816855520090196,0.0576842317534156
2.57961634991958,1.56837837665057,42.7746536671928,9.28212300243089,-0.0104260440365143,-0.0228836470481377,-0.0846203671870387,0.0532859592869523
2.78281827612807,1.56802594179862,42.7500635433028,9.20579994435264,0.0690426636980837,-0.111435749351976,-0.0936327875880895,0.0351126912737219
2.74575768456779,1.56673734905856,42.715074130528,9.31278058702409,0.0572780811991387,0.0684227698596193,-0.0922674939739135,0.0385578728118375
2.9003981710831,1.56696637497358,42.600819273413,9.36276747740665,-0.0171495220806377,0.0261006201030973,-0.0971053350343661,0.0238862702794621
2.98855334733776,1.56607428135341,42.6082349331793,9.46055621064738,0.106246892122389,0.0825444716649349,-0.0988312323560168,0.0152442615757872
3.06682081593921,1.56561829639368,42.4583488501689,9.3225260646697,-0.0501654941810417,-0.145500364415755,-0.0997205888294255,0.0074702184380816
2.97691141825905,1.56523356921433,42.4538844006031,9.33988713663231,0.0941826167412234,0.000967283229593385,-0.0986470663069988,0.0163937887330105
3.18783096511442,1.56566938620474,42.2963985990976,9.34994761824719,-0.0575926815338379,0.0146826653325901,-0.0998931199716965,-0.00462218371770753
2.99800726950114,1.56471782215531,42.2371740350706,9.36556329308721,0.0397463676755816,0.00130642335963149,-0.0989709317025502,0.0143092514803933
2.91063707561697,1.5655625909932,42.01945567751,9.44316443463163,-0.120373547540919,0.0547103581977089,-0.0973448100197136,0.0228907833467069
2.98396506224778,1.56601972251208,41.9881231906556,9.60054573065449,0.0674277604155087,0.141683730631876,-0.0987602472698188,0.0156975653909849
2.97641883517217,1.56564277889607,41.8928943125025,9.63019922004814,0.00341010088332805,0.0132111107750545,-0.0986389790364976,0.0164423786185997
3.08066577674466,1.56568185209966,41.7259043344117,9.56075562298098,-0.0671755248991421,-0.0755325160228362,-0.0998144531916661,0.00608891895566809
3.11913770418877,1.56517211312648,41.7271329926265,9.67154472142151,0.101203448036566,0.108543792201364,-0.0999747898216962,0.00224530623917126
3.16547718611941,1.56500655576938,41.5931404817204,9.65595205279734,-0.034021033094831,-0.0132044424552431,-0.099971477811254,-0.00238822616892829
3.22842712265409,1.56480858896604,41.4619283893724,9.75906802120519,-0.0315888667626538,0.111788506903749,-0.099623225585388,-0.0086725384959012
3.31067415021574,1.56456644708886,41.3110682100825,9.78301964781295,-0.0522862047196706,0.0407793280972841,-0.0985739745702658,-0.0168277014895256
3.37344065052908,1.56428120662346,41.1358680379272,9.75998806390095,-0.0778758290652957,-5.39373373127372e-05,-0.0973243430899434,-0.0229776465746818
3.22087322796353,1.56408871854999,41.0568625555857,9.78569597982082,0.020680411760182,0.0336276707857051,-0.0996858941017487,-0.00791975486583676
3.22622965761497,1.56458746523917,40.9894946286121,9.72318622549273,0.0322741156638346,-0.0540561551505112,-0.0996420426373564,-0.00845359917758411
3.07073258018213,1.56456296252723,40.9157553226788,9.73286529428323,0.0260097415987155,0.00259898994544683,-0.0997490475320329,0.00708007884505876
3.09256700302916,1.56521564420428,40.8251366038725,9.84414329973385,0.00926112954140423,0.10637740405618,-0.0998798483477667,0.00490060139443342
3.08269367067523,1.56511969790465,40.7347711968512,9.89590495970776,0.00946118860760237,0.0458751665232124,-0.0998265956288948,0.00588649345069963
2.85736458448595,1.56516620619155,40.5554481510264,9.90362264635848,-0.0833352057409118,-0.0203239708614431,-0.0959878400838899,0.0280416575121654
3.04491212889898,1.56633647916406,40.4683105248909,10.0240327464708,0.0123953815948026,0.110757102019758,-0.0995330077302227,0.00965299809258351
3.26254213299241,1.56534753515576,40.2457412895829,9.99120124198038,-0.123299782899839,-0.0207660240367589,-0.0992694524081895,-0.012065480453683
3.2471115703952,1.56442770464041,40.1204457730579,9.85213291426713,-0.0258517122595814,-0.128536006353408,-0.099443804265389,-0.0105323213598425
3.3185198575036,1.56447368833487,39.9597464460823,9.85100910464704,-0.0622604101221329,0.0164767485729118,-0.0984389168535242,-0.0176005581929936
3.1372475017378,1.56422560864721,39.7512203111265,9.93457434082178,-0.108527078971509,0.0831307223568407,-0.0999990559842544,0.000434513817901021
3.09347075163672,1.56490976140376,39.7104065142022,9.83078325603018,0.0590704395455437,-0.108601417923146,-0.0998842364698434,0.00481033313154233
3.08946255717514,1.56509927192965,39.4880471606219,9.83452484374331,-0.122495200159618,-0.0014690611493875,-0.099864153420692,0.00521064886252045
2.86096936619722,1.565114880539,39.3205488880487,9.84413958331812,-0.0714099723080577,-0.0180807212835206,-0.0960883002651457,0.0276954608583285
2.69180665086523,1.56631054416672,39.2577120283728,9.88980917982252,0.0272171566413912,0.00219231341174564,-0.0900540163173262,0.0434772830926536
2.67814537007349,1.56735415639543,39.1462388266334,9.97759602444791,-0.0220215256060436,0.0430834036286545,-0.0894516761332694,0.0447034409967362
2.8162271468599,1.56744856498058,39.1362772587279,10.0543738695545,0.0847918274551396,0.0448123313827598,-0.0947533953606489,0.031965513723833
2.97712225328708,1.56658601287597,39.0284479766807,10.0811198459501,-0.00917876154789266,0.0103729862837894,-0.0986505204993798,0.0163729901118105
3.19839487672871,1.56567889815606,38.8833827473648,10.081512932443,-0.0452265105721184,0.00607025476700018,-0.0998387187437182,-0.00567716827412586
3.48307787198451,1.56464661915845,38.8292666785543,9.97226956104602,0.0401097636642533,-0.0757546793587776,-0.0942258324748132,-0.0334886920381857
3.25053049176194,1.5637598845159,38.7861509395339,9.97823557323176,0.0562914749367085,0.0168382618742087,-0.0994072139570955,-0.0108722496884614
3.40317146745898,1.56443851004985,38.7413301018033,9.91338246159471,0.0517774514219771,-0.0389925135618021,-0.0965982891525007,-0.0258605980752548
3.56859872773479,1.56394677323105,38.6584381835882,10.0804402430654,0.00812905721363144,0.208472537681369,-0.0910209754287896,-0.0414147562106996
3.48961314365413,1.5636022759097,38.8089168430169,9.99446734283411,0.244483623586142,-0.0518691363076598,-0.0940049641574462,-0.0341037639236091
3.56211586933156,1.56374643482004,38.7185848812896,9.9577010863987,0.000955585138023629,0.00405755753777215,-0.0912875468652935,-0.0408238139731804
3.58599707623616,1.5636094824595,38.7933363809592,9.95123555785939,0.165038187295809,0.0365264944123775,-0.0902866876262589,-0.0429920229516867
3.48240912879693,1.56357658967464,38.8338677500189,9.93814561153086,0.134779575797876,0.0203357253424217,-0.0942482067380881,-0.0334256716709567
3.72578752552858,1.56375997980779,38.8036080862096,9.84485722706127,0.0531559768744279,-0.0381355886264869,-0.0834156406838026,-0.0551527958431007
3.58489786729261,1.56344984459021,38.8072382358725,9.81931140781548,0.0939640399508646,0.0173469338185823,-0.0903338902879677,-0.0428927530643747
3.61209370164237,1.56357338964624,38.8240962076972,9.64107062773146,0.105992097674738,-0.132907485377361,-0.0891341258499767,-0.0453332947066558
3.27356931717611,1.56353187604781,38.8026464035123,9.51078309141638,0.0776805671828518,-0.117128149077163,-0.0991303713678238,-0.0131593872379127
3.50642110399122,1.56433256301048,38.7903053078813,9.55178767585596,0.0810774025617906,0.0766834885064844,-0.0934184981927265,-0.035678904066907
3.76390992902919,1.56369301259519,38.704715014701,9.37258795504159,-0.00433730776100738,-0.120907762874658,-0.0812529854193352,-0.0582919579397133
3.66285374478644,1.56342150056241,38.6724246128388,9.26974406316009,0.0544287859986126,-0.0530464777240454,-0.0867191878607655,-0.0497974141574566
3.63232444495923,1.56346112541562,38.4941881130387,9.31960205278756,-0.0900376775576728,0.0969851341944665,-0.088198822242484,-0.0471271445669977
3.70040002972932,1.56348423868759,38.4327141288085,9.26396273088226,0.02331481713487,-0.00262178553205716,-0.0847888013649944,-0.0530175363732371
3.85838643854523,1.56342569457489,38.3834105100363,9.1418428718718,0.0260879802643288,-0.0564227754015951,-0.0753915990365618,-0.0656970836088657
3.82365445287995,1.56342625467828,38.4366254891203,9.04745803848683,0.130842441276176,-0.0313453448591796,-0.0776274621922314,-0.0630394885257938
3.9422457290222,1.56340850911781,38.4629513655322,8.96839362504661,0.0959496837284908,-0.007283319447843,-0.0696238073165897,-0.0717810939923765
3.91103239113202,1.56350438554981,38.2707831550608,9.05751429010494,-0.120338152935727,0.158693956157915,-0.0718300575356342,-0.0695732910995842
3.96677791497023,1.56346186604171,38.2796267094233,8.89723084031943,0.0766856414269119,-0.0868161017814553,-0.0678420870643839,-0.0734673480040525
3.88205606932948,1.5635265606011,38.2654794119346,8.91126086055097,0.0596683028927751,0.0814930259481617,-0.073815600381485,-0.0674630057166215
3.97137678812901,1.56343126437154,38.2909791053226,8.84012437619237,0.0930031972121048,0.00264208279651168,-0.0675035038241589,-0.0737785671551147
3.83519012191641,1.56353247262077,38.2569762761877,8.68815232650924,0.0428922815593928,-0.088041290644,-0.0768951106942514,-0.0639307590391262
3.60154756801911,1.56339444625872,38.1137063027142,8.62792435121178,-0.0536627222466191,-0.0158372045498507,-0.0896072512268569,-0.0443907707476109
3.51997400942392,1.5634780214879,37.9894453368517,8.71341849394171,-0.0313345851611606,0.122435823386684,-0.0929263807013602,-0.0369416806567579
3.61261300291096,1.56360401266677,38.0796422440452,8.60908377086488,0.179307479388475,-0.0589551470202188,-0.0891105721950149,-0.0453795760566031
3.73055013968102,1.56346250734364,38.0739608235688,8.56927555046084,0.0774706036788642,0.0157412249477589,-0.0831520241552017,-0.0555494453518013
3.78975604443929,1.56337348861408,38.1970832208482,8.47902997230975,0.202841791896096,-0.0298732490428739,-0.0797193946166767,-0.0603723291082146
3.75709554745963,1.5633712671239,37.9794407955977,8.38388194958383,-0.135994105777829,-0.0374111027588651,-0.0816483194727127,-0.0577369199670527
4.01962980057892,1.56335773015225,37.9340825273944,8.27576091945153,0.0185080080917901,-0.0311723540410551,-0.0638662762951172,-0.0769486760912477
3.93942710546391,1.56358184923204,37.7945899070316,8.1951459017176,-0.0696667659993633,-0.00903045192246421,-0.0698258543634419,-0.0715845658114611
3.96117185897469,1.56344889223503,37.720069027161,8.13620828317628,-0.00626799895991059,0.0141482504580457,-0.068252880910673,-0.0730858689993728
3.80083761328558,1.56347275999517,37.6284049293322,8.27181846843835,-0.0126186044081562,0.196862205391143,-0.0790454934206122,-0.0612520201290697
3.91064626245142,1.56334084041261,37.6061477159448,8.1222010220349,0.0495997030359092,-0.0800718961350539,-0.0718569164233003,-0.0695455502684021
3.8439512575826,1.56340467728602,37.512973190556,8.03532576625904,-0.0168424647016492,-0.0222732704251483,-0.0763320606871473,-0.0646019853507125
3.62862423944132,1.56334476168715,37.4064049123405,8.0198164640485,-0.0181956800379073,0.0312911667116702,-0.0883725981776139,-0.046800468922202
3.54777788001424,1.56339500488652,37.364967998827,7.93451594939869,0.0504265615134116,-0.0457897318685709,-0.0918634750268758,-0.039510782781243
3.58392028625031,1.5634997397423,37.2066269389636,7.93195253466014,-0.0679652816043523,0.0402410091457246,-0.0903757782590855,-0.042804423884274
3.64516355787418,1.56343856642876,36.9930873973653,7.97065266241284,-0.125953042834309,0.0869557516141468,-0.0875864987640367,-0.0482556238614464
3.45491450407253,1.56335973315115,36.8668027375031,7.98710453588498,-0.0311531640398739,0.0472739191963358,-0.0951314958222335,-0.0308220457241951
3.55279700083392,1.56367060435736,36.9001668040639,7.89072412264634,0.125028075937418,-0.0564090561815378,-0.09166400937671,-0.0399713570571031
3.63652249429433,1.56347243810729,36.655905162729,7.95160986277444,-0.156261437779206,0.108382731339815,-0.0880002035556408,-0.0474969912117157
3.68059002229718,1.56335383580808,36.5922122429353,7.87360248704736,0.0221294541059951,-0.0266797989460039,-0.0858223738997189,-0.051327576781072
3.51756960321288,1.56331011833809,36.3879407858574,7.71876171961373,-0.111256522267141,-0.118122626111516,-0.0930149348107576,-0.0367181413221111
3.31874095433414,1.56350874052783,36.4008346505597,7.64808631093965,0.111328887722252,-0.0530530863789409,-0.0984350230198892,-0.0176223222951428
3.36906278262146,1.56402604484907,36.323498787754,7.58163270667242,0.0200881404199391,-0.0439022496410924,-0.0974240032257264,-0.0225513546261339
3.2613463948011,1.56386274741666,36.2976845261702,7.60754559999316,0.0734695470095703,0.0378596649016769,-0.0992838085933087,-0.0119467715809441
3.29296191399933,1.56422240729798,36.2448093851937,7.80481776586398,0.0459814121605753,0.21235135357611,-0.0988565531371028,-0.0150791877052836
3.23891231007029,1.56411762781729,36.0383616556726,7.83194069623446,-0.10692091165748,0.0368395411965143,-0.0995268178636052,-0.00971661082604164
3.42264498791296,1.56431292593202,35.9380481691412,7.74526480892816,-0.00423707776237681,-0.0589392026080444,-0.0960764087690098,-0.0277366846982501
3.58386905116184,1.56370953586802,35.9051000537008,7.69710377816066,0.0574298557884605,-0.00536123735040639,-0.0903779712289093,-0.0427997934171
3.58884421122534,1.56337874587284,35.8713015010946,7.5204140807806,0.0563653651529261,-0.133440790638636,-0.0901639177591116,-0.0432489067414213
3.83728687975708,1.56336296872659,35.8865947801703,7.50025336563119,0.0920541735174201,0.0439311336655008,-0.0767608944416786,-0.0640918488149116
3.80860362243351,1.56324749121943,35.778523446271,7.5181703548712,-0.0295039030862752,0.0797810241507333,-0.0785674308130632,-0.0618640349107179
3.86451562432104,1.56323247460421,35.6577633881231,7.3466288649344,-0.0457725423311297,-0.105383554119337,-0.0749875158167791,-0.0661579358174687
3.91990912604078,1.56324741084956,35.6325070520107,7.16060152094324,0.045953315914713,-0.115819185931191,-0.0712096520271421,-0.0702081580599672
4.01093076835613,1.56329035433175,35.6554919352525,6.99047796798356,0.0875181136411554,-0.0937333561133289,-0.0645332303993452,-0.0763901968463561
3.77978649834954,1.56341940081322,35.5199169208638,7.03786033841351,-0.0552577067209405,0.1069569462909,-0.0803173076676983,-0.0595745758609517
3.76394571184217,1.56320008360816,35.4182781043721,6.98944721698642,-0.0203879169746006,0.00988174393569397,-0.0812508995170876,-0.0582948653627757
3.8573432204726,1.56319389166722,35.2490517741237,6.92092555902603,-0.0937662358638924,-0.00290325996509466,-0.0754600943845866,-0.0656183979952977
4.09663803254574,1.5632097848694,35.1444269779787,6.69301286185236,-0.0468676247647064,-0.146278702084919,-0.0577571713802629,-0.0816339950887554
3.93195249123575,1.56356655624025,35.1282167150674,6.73207920539377,0.0541487029127783,0.110126993187841,-0.0703589658240359,-0.0710606496464263
3.80994122304343,1.56326694705975,35.1006167860574,6.70740407889176,0.0508846821713984,0.037293944877951,-0.0784846111814636,-0.0619690713799593
3.67810776798695,1.56317414837866,35.0704847714923,6.62098202169617,0.0558175029016823,-0.0353076712828484,-0.0859495174667257,-0.051114385912745
3.67430250211093,1.56319886190436,35.0365987846404,6.62809293921422,0.0522574116980943,0.0578978733852809,-0.0861433985499743,-0.0507869558672331
3.67548800201835,1.56320046973047,34.9207192144578,6.51386994962421,-0.0297964400834818,-0.0633339464439364,-0.0860831300992069,-0.0508890431460743
3.8320035809771,1.5631901026026,34.7948586692102,6.62333693802525,-0.0487621073149542,0.173152393859019,-0.0770984379326443,-0.0636854054579712
3.87904901407335,1.56316454135601,34.6548777696167,6.48661726477953,-0.0659627682659201,-0.0694789397965769,-0.0740181313275383,-0.0672407334491474
3.82369366379592,1.56318267926044,34.5780408410148,6.3526122451857,0.000788061694596109,-0.0709624872726002,-0.0776249902964688,-0.0630425323212283
3.68735041031185,1.56314179669997,34.5689051958343,6.2711249093811,0.0763377758715054,-0.0295807437987305,-0.0854734210520207,-0.0519065920058714
3.84050087373213,1.56315693570044,34.4748206422266,6.14983504595725,-0.0175300460877015,-0.0569516370077561,-0.076554507520014,-0.0643382264160905
3.79655270328544,1.56313784107011,34.3688014673914,6.1068104179648,-0.0267119484785701,0.0178881280412657,-0.079307226356596,-0.0609127560337213
3.80261544635736,1.56311578375923,34.3377485015839,6.12835706862168,0.0478835068842347,0.0829391036049909,-0.0789364726917437,-0.0613924529481076
3.99040379245654,1.56311623783714,34.3114890084671,6.07649698433903,0.0398280916173643,0.0231894403261501,-0.0660875847341432,-0.0750495246088038
4.0322366643043,1.56329090479395,34.2421289915874,5.88545958149802,-0.0064688715244996,-0.113289709396754,-0.062891145355269,-0.0777476934442587
4.14076554242702,1.56335891038231,34.2034714124359,5.73291058792844,0.0154422319504777,-0.0684466128735872,-0.0540998111019595,-0.0841023806959845
4.34469855337592,1.56361259040049,34.0677372051225,5.64242046589382,-0.0997880881762319,0.00282588151768803,-0.0359461191371909,-0.0933160035523108
4.29753748903541,1.56431654485822,33.8511708173267,5.51470361586444,-0.176260985470817,-0.0361992312698214,-0.0403054023249977,-0.0915176187595595
4.05287140328855,1.56411285952241,33.7587692469595,5.42149891305217,-0.0311280033375478,-0.0141759106952875,-0.0612735670295957,-0.0790287921169851
3.94003215335436,1.56336485854882,33.6705527105713,5.35596330266295,-0.0184340068937319,0.00609119030259975,-0.0697825294945244,-0.0716268006918209
3.85915997441011,1.56316364229563,33.5266559504223,5.3383517732443,-0.0685560027133318,0.0481438526349944,-0.0753407574356684,-0.0657553820536371
3.88634441924284,1.56307563752299,33.4613547884005,5.256272273081,0.00822445554033813,-0.0143005686129285,-0.0735256175621067,-0.067778931550378
3.76279656674611,1.56309100263918,33.2235913685594,5.18924845360655,-0.156445584727341,-0.00882236165404193,-0.0813178351137009,-0.0582014578204098
3.75588860136091,1.56302646403457,33.1698383080242,5.19965692469416,0.0279648848015555,0.0680468039047164,-0.0817179453367832,-0.0576383328170977
3.77221187023082,1.56302495191399,33.1613393915203,5.16867641987013,0.0722673380147052,0.0279839940801869,-0.0807662545186686,-0.058964498904219
3.7950593149677,1.56302234048065,32.9485559337636,5.02489137453357,-0.133385353471407,-0.0829907936682421,-0.0793981042852304,-0.0607942516683253
3.90648371992508,1.56300876812077,32.9324136036137,5.01198402074307,0.0560034492250399,0.0563384873725759,-0.0721457793749501,-0.0692458411630694
3.78587730297889,1.56307530070035,32.8195289682165,5.15060172319833,-0.0329316723855717,0.198680367278429,-0.0799529630116286,-0.0600626648231757
3.51881378779204,1.5630055380014,32.7721495217884,5.07914831336324,0.0455897322559018,-0.0346195692150613,-0.0929691786840056,-0.0368338406200256
3.41916047520382,1.56325203852796,32.7571438866729,5.05542038436703,0.0811668390171967,0.00367380852524302,-0.0961724741327039,-0.0274017375214495
3.31552483525329,1.56348335148624,32.6170231561067,5.01301262501654,-0.0416295412340446,-0.0251021064028389,-0.0984911893321188,-0.0173056529476564
3.22267381591164,1.56379637183843,32.5287994110429,5.03564379450357,0.0114477272338087,0.0307304046370134,-0.0996714722976706,-0.0080992351499811
3.42403348372135,1.56414612662978,32.5352083069898,5.01921181588009,0.102446699844066,0.0114380809857058,-0.0960378038971131,-0.0278700596091874
3.12745637427159,1.56346091284775,32.401979833395,5.01060714857816,-0.0332384651481172,-0.010018248152301,-0.0999900084467416,0.00141358085037746
3.37459189214958,1.56456187422308,32.3332066815375,5.01120062269942,0.0285246739205141,0.0236831492788461,-0.0972978257779529,-0.0230896751575921
3.26891396698727,1.56359564625965,32.2639215656666,4.95819790405349,0.0299054426425984,-0.0403049589309101,-0.0991905585134983,-0.0126977597150154
3.40339084300278,1.56395289108825,32.3155979012229,4.93877673727147,0.148268949201603,0.00646062197299835,-0.0965926136453537,-0.0258817887550189
3.30823271588526,1.56350646873103,32.1660248286822,4.96327304803588,-0.0509583080631026,0.041083300455816,-0.0986147644776228,-0.0165869896914115
2.93225885492639,1.5638065390257,32.042903081573,5.14504017073168,-0.0253047897151077,0.160986293882612,-0.0978169573940883,0.0207808288131902
2.90081832761883,1.56560105074493,31.8979091899112,5.08126658026048,-0.0478785292261623,-0.0876190592023518,-0.0971153624355672,0.0238454687311537
2.72128944093352,1.56578333631611,31.8045678799453,5.12770273817343,-0.00204478394494068,0.00563242846955192,-0.0912965260210362,0.0408037294434009
2.86948844763923,1.56694362655594,31.5540110634807,5.19677480414567,-0.154236065937656,0.0421961842575813,-0.0963207505268719,0.0268758817146547
2.73592539446455,1.56598118611267,31.4970691955108,5.27534613910447,0.0349420600264043,0.0391081397516646,-0.091883927996376,0.0394631952071393
2.72198864700754,1.56685520688036,31.3970836401046,5.24818126686393,-0.00866052148888574,-0.0679047566293676,-0.0913250339172421,0.040739884388822
2.70943172134343,1.56694935608377,31.1906481788942,5.16450795119573,-0.115629181355335,-0.125556719766637,-0.0908062798551228,0.0418834040984389
2.63438788342095,1.56703236411316,31.1143158860123,5.29963277948633,0.0110782735144603,0.0865512461467843,-0.0874105663962777,0.0485735821438148
2.54161421548061,1.56757043205033,31.062949146825,5.39414503142031,0.0311680397603746,0.0380497841872403,-0.0825347789477183,0.0564624677467367
2.64253960744974,1.56825586299382,30.904031806153,5.50451062133315,-0.0711137244507016,0.0625061605549975,-0.0878036162213263,0.0478594293578397
2.35442433046126,1.56752718493497,30.6798592732735,5.52650628822917,-0.153587134675144,-0.0488400695675211,-0.0705853982043553,0.0708357364635436
2.38329138733113,1.56970487862217,30.5753935716697,5.63949051863215,-0.0318651757583321,0.0442153155724243,-0.0726005258453937,0.0687689148305564
2.19564214242384,1.56948921832146,30.4155208162394,5.73267062255701,-0.101375532615616,0.0120747716528118,-0.0584972228147718,0.0811053322720457
2.25252707343572,1.57097327748064,30.5316163677036,5.804676231348,0.179109337759037,-0.00564271853671694,-0.0630137862948101,0.0776483273277152
2.0727765488943,1.57052412444945,30.3839523420122,5.93701488041536,-0.0995477851043178,0.0446755017832001,-0.0481162405871093,0.0876631472841548
1.84578900349349,1.57194878758339,30.3221789947555,5.95192653713063,-0.0346193583748091,-0.0813310619069785,-0.0271539888819025,0.0962427186222496
1.52178884070835,1.57367779301885,30.4477136357863,6.01859538214843,0.12063585390216,-0.0332110923303424,0.00489878712870875,0.0998799373481361
1.49730251011958,1.57585780322756,30.5760217706125,6.15853874329298,0.120965367458335,0.0402133066605574,0.00734276736789147,0.0997300544839971
1.72409047474592,1.575997959852,30.6444999599498,6.18504510274005,0.0837476367369128,-0.0723209848262016,-0.0152694473996679,0.0988273442732768
1.77454421974679,1.57453526310878,30.659952467377,6.27368316328729,0.0356866185764497,-0.0092934499384103,-0.0202341111492419,0.0979315104856456
1.76484684535744,1.57418347565606,30.5137529045579,6.31283941229389,-0.126916066698142,-0.0589668714969478,-0.0192834961209174,0.0981231205035519
1.52107317262178,1.57426121060846,30.4719138748891,6.45517790358425,-0.0468092964205491,0.0424620854258273,0.00497026675172307,0.099876405864532
1.51988407049667,1.57586657226127,30.4124504214558,6.67576175500558,-0.064552479889656,0.120713426320966,0.00508902645630901,0.0998704251003619
1.6842468193993,1.5758801998266,30.2898095943636,6.86790919984602,-0.111320099222914,0.0927903055875876,-0.0113207278692744,0.099357139252848
1.4282277960122,1.57484367161381,30.2717534707428,7.08522595659875,-0.0322647288016356,0.118331325810517,0.014208605180825,0.0989854309422121
1.36688122775316,1.57641831026203,30.1929943877246,7.24555501488117,-0.0990095686294135,0.062400932432344,0.0202504856112553,0.0979281258500761
1.4728324133243,1.5767485235858,30.061711976203,7.27996327547498,-0.141063141174774,-0.0651122766206287,0.00978072965319485,0.0995205372144419
1.34314335277302,1.57618341133692,30.1237744143368,7.22505365457954,0.0394932703938009,-0.152329499090416,0.0225691677399788,0.0974198781949798
1.55156156833461,1.57687228057412,30.1113470460229,7.44072508904832,-0.0143507255555413,0.115689932695087,0.00192335724159432,0.0999815017736841
1.63321555333829,1.5757172266064,30.1959767724835,7.45856755027895,0.0908675966497405,-0.0819627940192975,-0.00623787018914221,0.0998052552499287
1.18471474289549,1.57519850270572,30.1956644602754,7.55682901987726,-0.0379684449226581,0.00562230040416756,0.0376561327145864,0.0926391691941452
1.19626938471828,1.57757247149325,30.1639651427429,7.60053323482453,-0.0682825479440741,-0.0493638636438847,0.0365832304116223,0.093068078591159
1.14093053991094,1.57752826736384,30.0405380890319,7.75641727584201,-0.165101934065941,0.0649818719157327,0.0416748803549357,0.0909021691017425
1.10057173232943,1.57774493474996,30.0085192412883,7.76373463760414,-0.0773274992694204,-0.0818292932335107,0.0453086515258098,0.089146654995646
1.31165480543904,1.57788678245107,29.9970702146496,7.90866393866662,-0.037074109849109,0.0482682690461487,0.0256250832103592,0.096661032016331
1.25446838841368,1.57703298980642,29.963598180988,8.04563343556198,-0.0645799133307854,0.0419310845428575,0.0311078796692513,0.0950384123524977
1.38794045647337,1.57729455151254,30.0324750393772,8.08400789298268,0.0506930014363731,-0.0599583821921179,0.0181838569528042,0.0983328396128168
1.33993285538274,1.57665290139123,30.0134726137318,8.24727062572391,-0.0418842427993944,0.0659158147431169,0.022881817153972,0.0973469179981174
1.13496456655329,1.57689602280213,29.9884943948529,8.39011529841457,-0.0671946742742606,0.0521927510681823,0.0422164553954023,0.0906519216224786
1.2568726759778,1.57776206022151,30.099605249785,8.51352778805413,0.0802315646266289,0.0282995597602123,0.0308792903054212,0.0951129298793467
1.27620370611972,1.57727369707926,30.0381986524015,8.63154356963727,-0.0904416018433452,0.0223237311504243,0.0290350044598405,0.0956920504327138
0.926545393980174,1.57719182715438,30.052931198384,8.71314076574775,-0.0453274230664777,0.00164220803699155,0.0600599690490129,0.079954988073488
1.0929355233924,1.57833047999009,30.0212698077353,8.92107290160825,-0.0776494570366992,0.119134062965355,0.0459880663880077,0.088798072895149
1.21743875708054,1.57789458714409,30.1314973129849,8.90574479581323,0.0756225174384002,-0.109149717476914,0.0346049878111884,0.0938216116818908
1.22625017693261,1.57743523977788,30.1694217762316,9.17889016186839,0.00414750972594513,0.179022481426312,0.0337769535207821,0.0941228846288453
1.08189740501292,1.57739506314048,30.1455746719084,9.2057964485645,-0.0708125128821147,-0.0613787652600284,0.0469654085588717,0.0882850519561396
1.02543370201847,1.57791786239345,30.3112132655371,9.19432984448838,0.113765778953148,-0.0969605284078439,0.0518728146755214,0.0854939243317267
0.929518924060924,1.57807277023,30.25573786711,9.30601896697281,-0.115297353742908,0.0315558980254922,0.0598219553158695,0.0801332244589354
0.907747168783306,1.57829901071252,30.3206535649811,9.30518198459741,0.00336341695108056,-0.0796488895566974,0.0615522809199358,0.0788119071812966
1.07214038728767,1.57833704311031,30.3614206139966,9.40155657129104,-0.00705750917123948,0.00855197209899683,0.0478245581868036,0.0878226145946307
0.7567118427603,1.57793220744288,30.4464569715188,9.56833098738665,0.012326620497793,0.0981209810625496,0.072709737024422,0.0686534350330659
0.606442524019077,1.57851131850254,30.4222194173264,9.57554721884449,-0.106405633112264,-0.0497785648539193,0.0821680789198678,0.0569947963117545
0.775945025944774,1.57852459922083,30.5843631118015,9.63953515508682,0.0907677479456539,-0.00605115467863593,0.0713759465293763,0.070039090920968
0.766336348748568,1.57848785848511,30.6881206422275,9.48812603636706,0.0317119061632223,-0.220759158550877,0.0720456242628392,0.069350039831119
0.585000824183991,1.57849501791794,30.8064503837149,9.55718764584256,0.034958578410043,0.0138416025292785,0.0833711630772864,0.0552200069462194
0.497162290180191,1.57849612033963,30.9553857209444,9.66835495044019,0.0610413875079518,0.0634739758992382,0.087893949721626,0.0476933286983859
0.453628105414851,1.57839867704111,31.0825144073362,9.71741545877638,0.0372423785265914,0.00523755021649119,0.0898863078652079,0.0438229581197009
0.399475146149533,1.57832700425903,31.1488399406672,9.84535166716231,-0.0258009921537332,0.0890427217574483,0.0921265254846851,0.0388934866284789
0.278317574325263,1.57821847557876,31.1523923501516,9.8308062114644,-0.092599493092556,-0.0420192910841668,0.096151902576956,0.0274738353862646
0.123283173903705,1.57791676900877,31.1811991814053,10.0126403922189,-0.0704341937175439,0.169537068790946,0.0992410249713097,0.0122971119635418
-0.115894351919935,1.57736779130513,31.1749172130775,10.1739940039594,-0.105611144639412,0.172917120432202,0.0993291763115816,-0.0115635086916882
-0.126553613590952,1.57622381848408,31.3327081607418,10.1720088996981,0.0585906703136869,0.0106365031468276,0.0992002773505965,-0.0126216074081207
0.0242895043461882,1.57616464330189,31.3877934489662,10.14577174963,-0.0448852142248528,-0.0286658616710267,0.0999705024492207,0.00242871160295933
0.216002192361829,1.57692966102259,31.2859638256625,10.2149835516753,-0.199505832148436,0.0477791581177951,0.0976762088447206,0.0214326439274889
0.253825751164501,1.5776963960526,31.331000883874,10.3559274337088,-0.0517588245245828,0.115832986284294,0.0967958827361667,0.0251108957491815
0.567555970455291,1.57781043276705,31.3935046663262,10.2611237896969,-0.0218179511543966,-0.148560924835832,0.0843217336065592,0.0537572808239448
0.653408156322901,1.57842957545793,31.4370176051928,10.4626801820002,-0.03588872205381,0.140766785929486,0.0794016609203828,0.0607896063738248
0.846430461694399,1.57845955722478,31.4981223869726,10.5409570027696,-0.00516128419589412,0.00338484189241628,0.0662660659757083,0.0748919788769336
0.809001440882206,1.57833846690578,31.5703060405179,10.7898129214499,0.00316152028160888,0.176496087836635,0.0690221332637004,0.0723598308436938
0.772256386268097,1.57837194777383,31.7426009254089,11.00623684039,0.100661075550017,0.146648584048058,0.0716338093409641,0.0697753348920835
0.684798725353286,1.57838967696773,31.7487659508811,11.0500591588172,-0.0712896117719026,-0.0194293943510968,0.0774546372441525,0.0632517127782066
0.636245078777494,1.57842466825015,31.9283059702228,11.0820926492014,0.0991067673506314,-0.0273844528159692,0.0804332519910362,0.059417943200236
0.583815853696941,1.57841073056377,31.984427574795,11.1290020348478,-0.0273149340353118,-0.00821179018651019,0.0834365386074859,0.0551211758329004
0.569166884642414,1.57838142035361,32.1037293928873,11.0576839655906,0.0350667922239438,-0.125211115348117,0.0842350258683705,0.0538930460908914
0.376253382009793,1.57836864275365,32.1517552521293,11.0569106384099,-0.0449789219315697,-0.0375171794400329,0.0930047811735838,0.0367438522593071
0.0242085371518762,1.57807700261108,32.1959256410649,11.0661290144232,-0.0558003098319446,0.0067977587493977,0.0999706987674972,0.00242061726390996
-0.0733925608931243,1.57686539500764,32.3754428123537,11.1156957088502,0.0797863738184801,0.0568993635126365,0.0997307974703963,-0.00733266908559227
-0.095566445578346,1.57638502091038,32.2541842102782,11.1488893493934,-0.220802302238276,0.0427357450232995,0.0995437001627476,-0.00954210448009239
-0.195495288923782,1.57626854201178,32.2818755762394,11.0596650070167,-0.0704037919191589,-0.0697991010547097,0.0980951578803987,-0.0194252413220444
-0.321123111281204,1.57571986553357,32.1940351121672,11.0301107122881,-0.182728616695338,0.00200895117187594,0.0948881526231072,-0.0315632459004761
-0.0755581431088115,1.57495617893178,32.3012633961998,10.8736799054975,0.00751359990350231,-0.148882179826626,0.0997146841290633,-0.00754862696396672
-0.127253525170101,1.57638834751899,32.4294323182782,10.9846746316865,0.0289775030341972,0.123685761922726,0.099191419044218,-0.0126910357337118
-0.301189874891133,1.57610700815096,32.4432647910134,10.8866828079097,-0.0816659453499202,-0.0683261509672533,0.0954984180851152,-0.029665672809504
-0.327574159032104,1.57509164934785,32.4235029378613,10.839074820114,-0.11444441675431,-0.0154332749033963,0.0946825636022651,-0.032174712892317
-0.331998880327618,1.5749272808045,32.6465846877575,10.7956999235092,0.128542476820243,-0.0107815560843587,0.0945392730758823,-0.0325933405204768
-0.241081469199584,1.57490273902899,32.6101178711794,10.7447973384254,-0.133574850458667,-0.0270272891519352,0.0971080338806442,-0.023875295931897
-0.389540608524943,1.575469030702,32.7848495278408,10.6869250489624,0.0822232949042618,-0.0198959414946405,0.0925083617571347,-0.0379763479683224
-0.464703168979769,1.57453577003237,32.8700755864984,10.5859987432264,-0.00416940454503667,-0.0561105589632072,0.0893954632025706,-0.0448157467727343
-0.353748999432048,1.57403559799592,32.9427615027853,10.4716459487654,-0.021122142787124,-0.0797110847348192,0.0938080590740837,-0.0346417097261844
-0.161665981218893,1.57478329487287,33.1825093032899,10.604398603623,0.141051751270862,0.148848923544858,0.098696049233726,-0.0160962686873052
-0.159236214600908,1.5759353880563,33.2565331627161,10.5435343164203,-0.0247110086063524,-0.0450078741595066,0.0987348680325361,-0.0158564130432351
-0.207302698687946,1.57595203732596,33.234570229105,10.5171984901268,-0.119821897151694,-0.00575371622770904,0.0978589635406002,-0.0205821100657703
-0.212104496424256,1.57568075525562,33.3643338602478,10.488620555191,0.032004626529583,-0.00752616500928083,0.0977590046131848,-0.0210517699265244
-0.293705890834231,1.57565425842797,33.4279493722357,10.4773167925446,-0.0321022470254566,0.0176463774129334,0.0957177590133867,-0.0289501400593372
-0.244506531384475,1.57516509604331,33.3180545197484,10.5779566983635,-0.206920542565511,0.124847662114195,0.0970256900781872,-0.0242077562952779
-0.639935145935206,1.57545826469244,33.4218126454929,10.4442130207193,0.023544677069625,-0.074029335550541,0.0802134486749287,-0.0597143420936259
-0.432658396009399,1.57280824854274,33.448739750198,10.3573754356352,-0.0638583284391978,-0.0449090133363566,0.0907854331442468,-0.0419285717478128
-0.403596994089177,1.57427318121896,33.5543463376584,10.2678388166441,0.0136411571562238,-0.0502637323010999,0.0919654303042,-0.0392728866899714
-0.41468460424425,1.5744733230427,33.5031189845987,10.3665114700448,-0.142751696996736,0.138962782054076,0.0915243439369967,-0.0402901286533355
-0.478698408749176,1.57439360402249,33.5973581767134,10.2586124905623,0.00547967021490958,-0.0618365514947747,0.0887595218997684,-0.0460624279877269
-0.569136226418231,1.57396714438696,33.6767006245995,10.1004860797759,-0.00489423020776902,-0.104235947217134,0.0842366780938719,-0.053890463569257
-0.599652425299338,1.57334309712368,33.8060820356514,9.99643981354478,0.0468282290028297,-0.0476107088796747,0.0825531820490755,-0.0564355573514801
-0.899432118261934,1.57313236629061,33.9300748185861,9.95552017569956,0.0617873124285113,0.0373777403937745,0.0622054705062275,-0.0782973782389861
-1.08142926584646,1.57090704370041,33.9991296878821,9.76281843764148,0.0220481361942788,-0.10443868212238,0.0470067331016601,-0.0882630559357045
-0.943692178188687,1.56954589367298,33.985411115616,9.66090480910161,-0.0723988086017937,-0.0209406091841573,0.0586802363357448,-0.0809730193557159
-0.813739883261679,1.57058718761812,34.0816983027322,9.71891900528018,0.0276087003283498,0.13070027085956,0.0686784867878601,-0.0726860746809849
-0.884734706821642,1.57157044841599,34.2013670488295,9.58344797964974,0.0563192667405712,-0.0580963303791342,0.0633494793567115,-0.0773746952513132
-0.813083414951083,1.57104463535201,34.1630875860869,9.58801063435322,-0.107005650833158,0.0772036284754614,0.0687261880905641,-0.0726409737719725
-1.02650681454982,1.57158422598186,34.1246975322283,9.41778893880729,-0.0901710940825944,-0.084672155083557,0.0517810402239766,-0.0855495404623714
-0.926941806640501,1.56997703631149,34.2687762033171,9.35169359450741,0.0840504019275006,0.0138834460229083,0.0600282691613127,-0.0799787903227912
-1.1492254055619,1.57073806357019,34.2266825901362,9.25477801459768,-0.0830130471948385,-0.00567085447325066,0.0409194340139358,-0.0912447254364829
-0.989423958207415,1.56907140762332,34.262442992917,9.18709908069307,-0.0191567327615769,0.0158920432574248,0.0549171355424045,-0.0835709771620338
-1.05368907286692,1.57027210013248,34.2973042034414,9.08141338024546,-0.0145755576637416,-0.0187604109680186,0.0494367681881591,-0.0869252894795883
-1.23569789735349,1.56979325078564,34.4438109702642,9.11242870617288,0.11362055421671,0.125453120376617,0.0328862126060376,-0.0944377944492061
-1.22931304973855,1.56845531850024,34.515710396915,8.87345765693409,0.0384109175369161,-0.144745151751269,0.0334885091138986,-0.0942258974875184
-1.3481405774885,1.56851265263183,34.4998594283214,8.74779572868453,-0.0379330275357308,-0.0281304837156311,0.0220820589421658,-0.0975314445339282
-1.20411857572116,1.56767461448145,34.5653909789162,8.62893352978312,0.0296799487441728,-0.0255098414338759,0.0358516018505955,-0.0933523574675347
-1.34822100513824,1.56870617639839,34.4992627067675,8.44344333834581,-0.0882024867946365,-0.087956971210726,0.0220742146458951,-0.097533220226582
-1.48578534267351,1.56768245779755,34.592780674182,8.34760385448303,0.0850271046883111,0.00379939032878873,0.00849086272624288,-0.0996388741915729
-1.4007366856495,1.56676889289446,34.5562045524799,8.31415937905473,-0.0535002347191624,0.0651129920644582,0.0169241130170446,-0.0985574674927593
-1.32890400101702,1.56732931948247,34.4965762537707,8.15489709604758,-0.0835823274716789,-0.0621736404888418,0.023954028762481,-0.0970886425182999
-1.34214751409887,1.56782506407249,34.5628079681547,8.03648647534791,0.0435655433686106,-0.0210132660564408,0.0226661710154208,-0.097397354643233
-1.62389552448173,1.56773931324664,34.5516103812707,7.96214488503204,-0.00589016200537706,0.0255174665651037,-0.00530742487868856,-0.0998590568809714
-1.41625654085664,1.5659236504229,34.694793923853,7.79282373745372,0.127791003966475,-0.0705129001747866,0.0153925386158949,-0.098808247403535
-1.47595563405868,1.56724494123479,34.7530074447573,7.80966003332803,0.0487436630540827,0.116386895030207,0.00946985785013049,-0.0995505991558982
-1.47392889358013,1.56685253603573,34.654134978452,7.79908347667385,-0.108544067796626,0.0889546451098473,0.00967160149142212,-0.0995312017640254
-1.42267642388422,1.56686065649915,34.512580926797,7.65783427009372,-0.156311940037901,-0.0423441777369085,0.0147578883828877,-0.0989050288432202
-1.57222624740367,1.56719557193209,34.3791579277884,7.6622073714501,-0.133280006996475,0.104372999122744,-0.0001429920121486,-0.0999998977663701
-1.23537745332879,1.5662273454532,34.4451214789781,7.45769234985769,0.0330470782456778,-0.110087770181983,0.0329164729440066,-0.094427251410419
-1.4413492346149,1.56851308969746,34.4474338733564,7.39767622949233,-0.0105961936724297,0.0391472214224935,0.012908588050754,-0.09916334178786
-1.38457739627845,1.5670734967871,34.4797202784709,7.29849123774743,0.0137719523575175,-0.000913861502551239,0.0185144527569868,-0.098271130242352
-1.30372497363787,1.56746200201807,34.5067025094386,7.32923607386813,0.000591455741923763,0.127199628552108,0.0263907752257392,-0.0964547924314003
-1.32913005555565,1.56802808356716,34.4858701717702,7.27679057110362,-0.0447644184907245,0.0446485521900128,0.0239320808223436,-0.0970940549545276
-1.18184981902932,1.56784878261263,34.5330685198464,7.14417419336107,0.00927696609458906,-0.0400854705352476,0.0379213819816036,-0.0925309072072965
-1.23969621824958,1.56892150818781,34.4867302625179,7.02215922270123,-0.0788466154651219,-0.0274464417971254,0.032508358136658,-0.0945685288627183
-1.47725269982297,1.56849852208869,34.3844142115496,6.83467947253993,-0.111656777214739,-0.08791695172137,0.00934072624640965,-0.0995627984399275
-1.44897599335398,1.56684575652107,34.3665173925539,6.68533691717756,-0.0300487440667991,-0.0500836478675475,0.0121519250711152,-0.0992589074948239
-1.5146049599381,1.56703540063844,34.4003170524903,6.52035250875158,0.0281834798261675,-0.065142240375752,0.00561618011016999,-0.0998421680502288
-1.49176364704163,1.56661092060405,34.4010684842335,6.24293367840806,-0.00714361128266949,-0.177730976040097,0.00789504302586367,-0.0996878543034194
-1.45189437720111,1.56676488242705,34.3447789695941,6.17761387965551,-0.0681517127806119,0.0339741499817883,0.0118621981412724,-0.0992939487343373
-1.38887707867045,1.56702703497441,34.3526066629539,6.13334485285585,-0.0102640549101685,0.0540808010829299,0.0180917482699922,-0.0983498278825908
-1.32302463296026,1.56745764470954,34.5085046920654,6.0326938644306,0.131373597781938,-0.00370485767231998,0.0245244313295086,-0.0969461307529301
-1.49408912596513,1.56793113758069,34.5736849639667,5.93835971413925,0.0575170720182314,0.00537179420320033,0.00766319988309192,-0.0997059444945575
-1.29574305835142,1.56676589068372,34.7139664576023,5.73355946484468,0.11312167328931,-0.108559176156549,0.0271598203463067,-0.0962410731380129
-1.43717525549126,1.56814639999324,34.6038854466494,5.59246280859944,-0.123403391073043,-0.0419880582936321,0.0133223801201531,-0.0991085979516114
-1.64615053567547,1.56715465982848,34.6355800338557,5.39656312738918,0.0392228787762705,-0.0961834597313196,-0.00752829156998476,-0.0997162214789414
-1.57135541813999,1.5658335288758,34.6297100007501,5.13910341307884,-0.00581412397407277,-0.157459729939493,-5.59091315968316e-05,-0.0999999843708438
-1.34568397698544,1.56629128927918,34.8306031173012,5.06010348253176,0.178571528685521,0.0184769729488761,0.0223215878655629,-0.0974769034959562
-1.32540126521781,1.56781646425942,34.8977224400372,5.00049575346564,0.0428253657528677,0.0373964133923304,0.0242939569831876,-0.0970041424584488
-1.33856291619212,1.56796625959249,34.9270054663539,5.0458182885994,0.0062678713178741,0.142638015096519,0.0230151549987785,-0.0973154799627593
-1.35424098221105,1.56787236425783,34.9250627114259,4.90514206178873,-0.0234294253857228,-0.0430118884233137,0.0214866704577426,-0.097664338387358
-1.23464281941197,1.56776538588432,34.8473426983387,4.6753561305762,-0.110705846604227,-0.13538288683796,0.0329858335170293,-0.0944030443745689
-1.2357140974042,1.56863606773648,34.8614945642357,4.46470885705076,-0.0187328168076166,-0.116208946330319,0.0328846827046626,-0.0944383271951259
-1.28614713886819,1.56863655328903,34.8881866174112,4.22468164713012,-0.0013900241352891,-0.144051187217489,0.0280820773107273,-0.0959760227031436
-1.3141553727702,1.56827547578946,35.0467768055424,4.13873418058522,0.13320689220251,0.0107773404479059,0.0253832959287034,-0.0967248069928076
-1.57541096993165,1.56808273428332,34.9986996231446,3.98564917826084,-0.0476157197219234,-0.0530860670690541,-0.00046146267586886,-0.0999989352553255
-1.45689233737092,1.56630882939365,35.116003841335,3.97116085742756,0.105938433340146,0.0848636742887983,0.0113657848502769,-0.099351995122077
-1.27496404102592,1.56709058365784,35.0818826530938,3.96967809240421,-0.0632747964552793,0.0941732182087471,0.0291536082140802,-0.0956559832321006
-1.23600095448278,1.56837558711239,35.1458382980712,3.73963336410022,0.0310980539280057,-0.135596971790506,0.0328575910493986,-0.0944477565134847
-1.24863878883078,1.56867465151757,35.3636419799403,3.68700167557587,0.186142298036112,0.0422237634738305,0.0316613838329933,-0.0948554519981844
-1.51931484533293,1.56859306349892,35.3754613684133,3.5983110711725,0.00667351408515193,0.0111769077153605,0.00514587438785256,-0.0998675121187288
-1.7519904812393,1.56669813396138,35.3048377459716,3.46616826215777,-0.0526031917600407,-0.0337798887751948,-0.0180204306816435,-0.0983629202395297
-1.79524966948589,1.56529697123756,35.3467029142045,3.26508385847798,0.0641225132828169,-0.103592811266246,-0.0222573450498977,-0.0974915924135502
-1.7687331316324,1.56507127297941,35.3640036230942,3.2661778953179,0.0369653929658336,0.0991414753591504,-0.0196646840762215,-0.0980474385192311
-1.74325086072684,1.56521214593382,35.3681855915837,3.16471732848599,0.0213420673147509,-0.00294391337519806,-0.0171600988251746,-0.0985166534567138
-1.76809649009142,1.56535158564201,35.3645878697989,3.12952951934595,0.0160045372380613,0.0628721288631975,-0.0196022590229195,-0.0980599380032354
-1.94913460079506,1.56521686043006,35.4068484475035,2.98258599824882,0.0791982548882042,-0.0540155489666567,-0.0369376771835725,-0.0929279721304742
-2.23155111349045,1.56434520284702,35.44791425236,2.93705410863721,0.102437100146052,0.0334210337952097,-0.0613712952895506,-0.0789529234068175
-2.19935600262001,1.56341033444422,35.3126984191109,2.92495588873814,-0.0764178006801157,0.0687893030325391,-0.0587980325690243,-0.0808875229316114
-2.1926897954919,1.56348062164307,35.1756774983138,2.90176783857698,-0.0787634036543925,0.0580896324852263,-0.0582575171427124,-0.0812776826463856
-2.16111722495411,1.56348946406968,35.0235228961326,2.76200095457272,-0.0964918380215338,-0.0566906738950739,-0.0556627641596737,-0.0830762101091795
-1.96271790625581,1.56356419621553,34.8405951666305,2.72246030756552,-0.144731229665519,0.0528770320387253,-0.038196499836554,-0.0924176790459278
-2.0083651909686,1.56425307309955,34.7429790738674,2.46844838143387,-0.0552422293320753,-0.163433475615373,-0.0423738634310137,-0.0905784505162779
-2.11673189053146,1.56406092696401,34.6062387996151,2.54586571016326,-0.0848184852931739,0.162881519074165,-0.0519217889590863,-0.085464190344776
-2.18640186347512,1.56366968377825,34.5141501333536,2.60270598907023,-0.0343433659856993,0.138482671669865,-0.0577453002758666,-0.0816423927628901
-2.05929192848685,1.56346262345163,34.5111408569613,2.56396160137519,0.0439205212126055,0.0495595991728541,-0.0469297976048708,-0.0883039868678978
-2.05297991008491,1.56385714484283,34.3609760835514,2.47481592522897,-0.1037932833694,-0.000547228578399173,-0.0463714900404623,-0.0885984475678175
-1.98907229407566,1.56386998864353,34.3278901346073,2.34921086321182,0.00753261631987057,-0.0342260044826512,-0.0406185652639956,-0.0913790575345058
-1.88485649132903,1.56411204196623,34.3262486299897,2.34578307616755,0.0292507696196398,0.0916809265021359,-0.030892274237244,-0.0951087135463986
-1.85451240245745,1.56456957059624,34.2990454463103,2.13490361927407,0.000789325014969311,-0.114877272246485,-0.0279925086943636,-0.0960021846469963
-2.05574970177625,1.56471504039019,34.3611194320262,1.98042529417497,0.108690696811453,-0.0660086565870641,-0.046616711095595,-0.0884696685120377
-2.1706669975767,1.56385618010058,34.218464330347,1.8227800095998,-0.0862015288128255,-0.0751044212974874,-0.0564535728663392,-0.0825408632776816
-2.22376813611292,1.56347622410327,34.0577188034133,1.73391573967588,-0.0999905730228807,-0.00943609120069944,-0.0607549539108679,-0.0794281787232234
-2.27993192581423,1.56332654204805,34.1939531187805,1.75573844263725,0.201352115250504,0.097715206796511,-0.0651177998832352,-0.0758925038351413
-2.26363685605366,1.56321102946402,34.1023533436516,1.59319994330212,-0.0277272393124197,-0.0855950189851344,-0.0638725358164938,-0.0769434803499992
-2.73156724561729,1.56323595401605,34.0635857738885,1.5805265606112,0.0529434997034715,0.0271898803127228,-0.0917110694665731,-0.0398632630036405
-2.72486588640949,1.56308767132838,33.9306099806047,1.47354786523255,-0.0415339191448862,-0.0665017432458352,-0.0914418741389184,-0.0404769521328153
-2.82112885338265,1.56306721925164,33.8007125164535,1.54156954321763,-0.0349885221555319,0.0995223562201417,-0.0949089419956385,-0.0315006782350561
-2.6620339908785,1.56324186810323,33.7710031845459,1.43561680453917,0.0590105317681751,-0.0598139720137123,-0.0887198636758171,-0.046138766664752
-2.61954537250209,1.56298163069493,33.7947833770871,1.33187530739979,0.110460203382091,-0.053875920629838,-0.08668001084086,-0.0498655765095361
-2.56472639050083,1.56294411469728,33.7544310308942,1.23853283054018,0.0434652440857306,-0.0388024772274256,-0.0838175902786545,-0.0545399996321929
-2.60674291500836,1.56291532471906,33.7661229575328,1.25598185707015,0.0977264495386589,0.0684202033788641,-0.086034522900051,-0.0509711768488879
-2.61316344642838,1.5629322196491,33.6726625282246,1.12453856063186,-0.00710041991819965,-0.0810255537462001,-0.0863600093899625,-0.050417742692088
-2.84388143721641,1.56292618204602,33.5192625969081,1.10511806736035,-0.0577988945098888,0.00991279432955139,-0.0956010368066836,-0.0293332876010707
-2.64061793967334,1.56326190021177,33.3402912332063,1.13118674779674,-0.0912598794679065,0.0740967507025394,-0.0877114842338806,-0.0480280702661446
-2.95338650153694,1.56292971890398,33.1659899748717,1.12808497437296,-0.0760671144259377,0.0156079291538631,-0.0982341439086024,-0.0187097025776463
-3.13235234268698,1.56355647022147,33.0547311025317,1.20104114554036,-0.0112631414769715,0.0738801891082597,-0.0999957308630972,-0.000924017940859661
-3.09196514044855,1.56424452832731,32.875763994141,1.39189557125239,-0.0790902276214434,0.195815140158526,-0.099876880769177,-0.00496071444648862
-3.52814706661313,1.56407669771001,32.7637125880022,1.26815703728379,-0.0194300522157964,-0.161438464969425,-0.0926213539230186,0.0376999310008245
-3.46230342520702,1.56647205392886,32.7703517986505,1.15661682729587,0.101540369982536,-0.143064327057288,-0.0949011593343155,0.0315241170693625
-3.60657442879856,1.56603677600748,32.6763919710358,1.34378052504117,-0.00457685382760387,0.142323046579329,-0.0893829737870224,0.0448406511659729
-3.67417328419549,1.56701181009073,32.5246142618253,1.34443144519583,-0.0656277487951766,-0.0501249040182083,-0.0861499604153447,0.0507758241728732
-3.38740104581769,1.567493332976,32.4935806785626,1.37318813100885,0.0659605094727698,0.00442263612085059,-0.0969940927354825,0.0243340496921624
-3.29203547733877,1.56558648092229,32.5941482654518,1.53289763878044,0.199438067513048,0.144721910859291,-0.0988704806238664,0.0149875969123027
-3.39057832933682,1.56505025782668,32.5184231053677,1.50093300541957,0.0211911270228571,-0.0566067374392201,-0.096916287106925,0.0246421040783471
-3.5176732586168,1.56561373323304,32.331646301476,1.43709610712181,-0.0937656756143905,-0.100564680923231,-0.0930111282772975,0.0367277826254744
-3.65815672643441,1.56641392923214,32.1346066290905,1.51713254807416,-0.110087542613453,0.0306468962278266,-0.0869521297721043,0.0493895447245178
-3.54039633312036,1.56739292987399,32.0456558713682,1.43994757413979,0.00320186267002365,-0.116016591913011,-0.092152620392265,0.0388316179786408
-3.52100779404714,1.56656686995665,31.9819043780583,1.38716837869857,0.0291366480011499,-0.0898169222043368,-0.0928881413110417,0.0370377267631257
-3.50917206615522,1.56643360890984,31.8964296808978,1.44152777330199,0.00784529635513387,0.0184236351118945,-0.0933199935156859,0.0359357594915195
-3.42608643953801,1.56635854714355,31.7783338817703,1.35645138826681,-0.0221154135728385,-0.113143547143064,-0.0959803855546007,0.0280671621078834
-3.36355847246255,1.56581836001224,31.5164110079358,1.45080405765658,-0.164376217429948,0.0723379056096645,-0.097546656404543,0.0220147637801099
-3.34797927368109,1.56544218430207,31.4093764214349,1.51830272203366,-0.00915680919406636,0.0470062094370078,-0.0978777773068502,0.0204924549400664
-3.3344036944352,1.56535376511736,31.3026563614534,1.44592233342287,-0.00857311339381672,-0.0915422485287813,-0.0981469465876711,0.0191618599179945
-3.33594289288967,1.56526918704802,30.99309191725,1.36177503333607,-0.21144710777083,-0.103460204875162,-0.0981173364326391,0.0193129047883612
-3.44589598939622,1.5652698976439,30.9366684279658,1.27236849182831,0.0389821031741262,-0.119369400645029,-0.095405592458304,0.0299628591372721
-3.51609410608892,1.5659355155864,30.8358899089305,1.33808033720169,-0.00770950798332559,0.0291309872396418,-0.0930690110520114,0.0365808581337369
-3.61221510199465,1.56640016198398,30.8152694722305,1.28691768693005,0.0685081850152394,-0.0965067655584855,-0.0891286217152112,0.045344115286846
-3.65607933324974,1.56706244920695,30.6811961198133,1.29608546971418,-0.0470188088388597,-0.0400410217367383,-0.0870545435783062,0.0492088045208658
-3.75703206850779,1.56738011657989,30.5164497230301,1.43673493480825,-0.0830944123958071,0.0829177281930826,-0.0816519843873681,0.0577317369009889
-3.72357884741457,1.56814284680677,30.4460027858908,1.51388726040849,0.0130903147570047,0.0221839024320505,-0.0835372518963993,0.054968423168193
-3.52620578669339,1.56789628861816,30.4832965649622,1.45010572027149,0.129988144542644,-0.101301596238907,-0.0926943654712107,0.0375200561018988
-3.36318939803181,1.56647672887204,30.4508148546662,1.63060077406437,0.0650730645510973,0.158516293488018,-0.0975547748470641,0.0219787603048633
-3.25410547740344,1.56544370271707,30.2711730715261,1.8614841470086,-0.0802740724741651,0.219655814126638,-0.0993677106659781,0.0112275588175905
-3.55933550081865,1.564834382817,30.1160485201171,1.93746631924396,-0.0637238522895744,0.0354123287491994,-0.0914006991193617,0.0405698434861648
-3.40772907030811,1.56673752384773,30.0140343161099,2.06570779099982,-0.00553478003793018,0.101940887151284,-0.0964794239693496,0.0263005846045765
