theta_array,theta_org,x_array,y_array,xi_x_array,xi_y_array,fmpi_x_array,fmpi_y_array
1.59920612387929,0,0,0,0,0,0,0
1.590283057567,1.57766373461035,-0.0458313465076168,0.0320526012244443,-0.0438827967572056,-0.0679284127425593,-0.00194854975041115,0.0999810139670036
1.59602622356903,1.57773296790127,-0.0199374852938728,0.0740426684851326,0.0284165832324674,-0.0579781070430183,-0.00252272201872341,0.0999681743037065
1.58777964150796,1.57768898956918,-0.0736279030787592,0.172606020395366,-0.0519921679548701,-0.00142222678747053,-0.00169824983001638,0.0999855786977045
1.58466252381398,1.57775396629509,-0.0964335268672554,0.23484901087126,-0.0214190485207172,-0.0377473961071516,-0.00138657526777896,0.099990386583045
1.61390594587411,1.57777862956423,-0.181636988260466,0.250609619692937,-0.080893834638026,-0.0841464836053918,-0.00430962675518446,0.0999070924270695
1.63419614981359,1.57757528358377,-0.243285669074543,0.303818352359138,-0.055312944958178,-0.0465903577663492,-0.00633573585589891,0.0997990904325499
1.63750961694168,1.57743131441694,-0.291967778666958,0.39886528539418,-0.0420157281162432,-0.0047306163336116,-0.00666638147617231,0.0997775493686538
1.63845462324002,1.57741191030406,-0.341739586579168,0.4066076235857,-0.0430111390141472,-0.0920288668530763,-0.00676066889806253,0.0997712050445958
1.61465338761767,1.57740983762413,-0.418659214321335,0.397813892782409,-0.0725353274664053,-0.10869757412822,-0.00438430027576158,0.099903843324929
1.6412325500671,1.57759398666835,-0.428089175589037,0.477178777252293,-0.0023921617046504,-0.020387154994531,-0.00703779956305136,0.0997520394644155
1.6538987604408,1.57739801951148,-0.387569631453851,0.515124218891305,0.048820225691907,-0.061709456312338,-0.00830068155672153,0.0996548979513496
1.66629202202222,1.57729864332906,-0.417134051312773,0.498611170638516,-0.020029358154434,-0.116057423273639,-0.00953506170448772,0.0995443750208499
1.67438527382266,1.57720694405113,-0.447590397388005,0.509947580896951,-0.0201159677483522,-0.0881275358529923,-0.0103403783268805,0.0994639461114276
1.69022091945155,1.57714781354821,-0.51634596400279,0.609929457196403,-0.0568414748024983,0.00069414082175856,-0.011914091812286,0.0992877354776934
1.70517040669998,1.57703267528299,-0.559216913472531,0.620104341593348,-0.0294739435069474,-0.0889236535904184,-0.0133970059627943,0.0990985379873631
1.68476348386499,1.57691962222173,-0.502148766500077,0.626047670911542,0.0684402076317195,-0.0934079476557929,-0.0113720606592653,0.0993512769739876
1.69197815699317,1.57707394330597,-0.52223593468465,0.64338214171774,-0.00799862272053525,-0.0819321754984088,-0.0120885454640376,0.0992666463046067
1.69421203632403,1.5770198791755,-0.497986536213613,0.663421527700388,0.0365596632978494,-0.0792000083116229,-0.0123102648268125,0.0992393942942708
1.71334530393596,1.57700021074321,-0.567456506420567,0.778393212484499,-0.0552633005544881,0.0159859760308485,-0.0142066696524654,0.0989857087532626
1.68425961048035,1.5768576150092,-0.574814494839349,0.877108189178918,0.00396401033478772,-0.000642017745953405,-0.0113219987535701,0.0993569944403722
1.68372607653938,1.57708745069891,-0.665972452808198,0.971818134271088,-0.0798889711530216,-0.00465307587712638,-0.0112689868158269,0.0993630209692958
1.67291244411232,1.57710147840609,-0.721822935660428,1.08462387782973,-0.0456566091426407,0.0133266757162456,-0.0101938737095898,0.0994790678424006
1.70087990551902,1.57719114688131,-0.812965076493681,1.16317926381848,-0.0781704392687732,-0.0205997195707819,-0.0129717015644793,0.0991551055595328
1.69934631597916,1.5769844395711,-0.817338823844094,1.18873444964636,0.00844587578691347,-0.0736196963884259,-0.0128196231373266,0.0991748822162997
1.700917869143,1.57699711720428,-0.804361541601528,1.21655089484746,0.0259527480848389,-0.0713381678341805,-0.0129754658422734,0.0991546130352794
1.69202180995678,1.57698383153724,-0.883567785837874,1.28401050549108,-0.0671133655005282,-0.0318065078655685,-0.0120928787358172,0.0992661185091914
1.68113788542372,1.57706158758036,-0.948006486822625,1.41257494831183,-0.0534269221138499,0.0291725883954617,-0.0110117788709012,0.0993918544252917
1.67730858665509,1.57715301956464,-0.942746564250532,1.51190077435353,0.0158910205317183,-0.000107466955028057,-0.0106310979596257,0.0994332929967264
1.6890191894685,1.57718255917537,-0.94874023575022,1.63361891775968,0.00580109468974732,0.0224161621039827,-0.0117947661894357,0.0993019813021701
1.72170706621505,1.57709422827238,-1.01952698599069,1.77766728896935,-0.0557528919232846,0.0451849143406151,-0.0150338583171843,0.0988634568690516
1.7336248053352,1.57684766361797,-1.0478277485384,1.82066938351702,-0.0120897708696314,-0.055675176132121,-0.0162109916780836,0.0986772706797929
1.70913221652135,1.57675648162673,-1.07961110350432,1.97139055812623,-0.017993845608246,0.0516764905939837,-0.0137895093576705,0.0990446840152197
1.71402171898611,1.57695418868489,-1.187759185974,2.09178524656178,-0.0938744606492048,0.0214186119315458,-0.01427362182047,0.0989760765040028
1.71241346418231,1.57692778634164,-1.21525806830775,2.1672577456141,-0.0133844576544032,-0.0235264050626762,-0.0141144246793498,0.098998904115
1.71996917171857,1.5769437539296,-1.20020949752234,2.23678807485308,0.02991059222828,-0.0293591055790632,-0.0148620214428718,0.0988894348180412
1.72751213116198,1.57688387000958,-1.20538383371975,2.33308944138656,0.0104331743738186,-0.0024731525175814,-0.0156075105712322,0.0987745190510633
1.72422497626788,1.57682610022454,-1.1712780362732,2.37810175988768,0.04938853713628,-0.0538129711143207,-0.0152827396897271,0.0988252896154423
1.72275577047915,1.57684907561858,-1.21912405035749,2.48936292305874,-0.0327084855242934,0.0124135267344969,-0.0151375285599905,0.0988476364365657
1.69697895182714,1.57686637992142,-1.28517637263958,2.58156437765952,-0.0534675179096191,-0.00700349839506642,-0.0125848043724752,0.0992049529958385
1.70630749984403,1.57707331548234,-1.33707254668467,2.67390045039959,-0.0383864924994789,-0.00674716754068871,-0.0135096815456066,0.0990832402807674
1.72279789812382,1.57700735960553,-1.27082231747444,2.70395176098195,0.081391921974888,-0.0687956880580705,-0.0151416927646609,0.0988469986404272
1.72141727998783,1.57687315722911,-1.33390330650666,2.73497082721121,-0.0480757806140495,-0.0678487430937296,-0.0150052084181675,0.0988678093229913
1.72601953927072,1.57689037210539,-1.37946749599583,2.84399204536001,-0.0301041262948413,0.0102235134890887,-0.0154600631943336,0.0987977046597096
1.72172982492726,1.57685988870883,-1.39639771430447,2.86392690879314,-0.00189410999038486,-0.0789282512590659,-0.0150361083182541,0.0988631146921931
1.73375655839603,1.57689519553721,-1.44687912856494,2.91692384420211,-0.034257421690684,-0.0456781985665899,-0.0162239925697906,0.0986751339755634
1.71395049367874,1.5768065205922,-1.42497556930765,2.9710648172254,0.0361701314400928,-0.0448361198727634,-0.0142665721827985,0.0989770928960484
1.71351285508447,1.57695925785484,-1.47643740397613,2.97361191776831,-0.0372385800463242,-0.0964362264771084,-0.0142232546221608,0.0989833270200249
1.72270369186062,1.57696767706446,-1.51353051896412,3.06354594539486,-0.0219607342968683,-0.00891439701754715,-0.0151323806911146,0.0988484246440943
1.70973290595383,1.57690077352718,-1.50768562444836,3.11271536494717,0.0196938964770583,-0.0498669633818212,-0.0138490019613045,0.0990363829341308
1.74015269869363,1.57700091978582,-1.60293064441847,3.21986893014279,-0.0783902235684972,0.00858421986828195,-0.0168547964016134,0.0985693453273388
1.7430378535826,1.57677441729027,-1.63412050483573,3.27162983281495,-0.0140507467322286,-0.0467594037732257,-0.0171391136850266,0.0985203064453808
1.75643234518522,1.57675524625914,-1.62225687336173,3.36177367761076,0.0303207976552868,-0.00813806104934622,-0.0184571661812838,0.0982819058451578
1.73883530964774,1.57664903224454,-1.63019563903126,3.43117752517415,0.00878616196797655,-0.0291876165474549,-0.0167249276375149,0.0985914641108443
1.72900160568292,1.57678945978565,-1.61868283848047,3.47645542432418,0.0272674158841715,-0.0534732633529809,-0.0157546153333815,0.0987511625030165
1.72697899048004,1.57686553220596,-1.64402694503122,3.53387677131537,-0.00978925890959781,-0.0413614790205283,-0.0155548476411501,0.0987828260117142
1.72043690269041,1.57688417607469,-1.71771235835924,3.63320513964673,-0.0587771398610821,0.000445895757937631,-0.014908273466939,0.0988824725734291
1.70566729648669,1.5769426812285,-1.76513339210133,3.71212128873583,-0.0339747883837742,-0.0201757198294163,-0.0134462453583153,0.0990918689185141
1.69372344214188,1.57706092710391,-1.8055593386961,3.82340977061136,-0.0281641710261005,0.0120430847031421,-0.0122617755686702,0.0992453971723806
1.69881667987072,1.57715578908525,-1.84727033144283,3.96428571245283,-0.0289438980036656,0.0416942838001719,-0.0127670947430654,0.0991816580413011
1.70930695372989,1.57712208392013,-1.89996629224505,4.05864539124612,-0.0388891448635407,-0.00468259416949901,-0.0138068159386703,0.0990422729627894
1.71447208981319,1.57704822052203,-1.99200383235991,4.15092367866012,-0.0777193438060526,-0.0066913506295001,-0.0143181963088116,0.0989696380435047
1.71932804223639,1.57701830897905,-2.05819535025075,4.26094172493776,-0.0513929004302602,0.0111191033042453,-0.0147986174605825,0.0988989429733976
1.73394165183176,1.57698826650015,-2.107765642367,4.3116686552536,-0.0333280357049028,-0.0479451990149373,-0.0162422564113408,0.0986721293307703
1.73632299815389,1.57688105111185,-2.19266316590925,4.39322951653494,-0.0684203408940662,-0.0170723098730816,-0.0164771826481832,0.0986331711544266
1.73540384248705,1.57687141125927,-2.25614740423518,4.46805046287452,-0.0470977218635371,-0.0238273282435524,-0.016386516462394,0.0986482745831253
1.74247123874784,1.57688516628387,-2.32514776372731,4.58738503901821,-0.0519170716225543,0.0208045742378513,-0.0170832878695795,0.0985300019058412
1.74822632310078,1.57683796376405,-2.50105958670972,4.72885708147809,-0.158261772677738,0.04304198747543,-0.0176500503046736,0.0984300549844533
1.76659643443809,1.57681126016781,-2.62519769857264,4.81275278008432,-0.104682970203372,-0.0141935335398493,-0.0194551416595444,0.0980892321460774
1.74455684748399,1.576680077565,-2.70288159027484,4.92223071698817,-0.0603951461029737,0.0109837783176379,-0.0172887455992312,0.0984941585862079
1.75273012941453,1.57686053921884,-2.74462778781044,5.01154212160333,-0.0236530178354217,-0.00903815994075163,-0.0180931797001719,0.0983495645559109
1.76570254890871,1.5768017546782,-2.73216050152424,5.13078372016205,0.0318347396395824,0.0211350149335447,-0.0193674533533836,0.0981065836251804
1.76304898999153,1.5767001230632,-2.80250957940406,5.29214579316003,-0.0512420240074472,0.0632044421569791,-0.019107053872376,0.0981576308410004
1.75650269209161,1.57672894014092,-2.88345076540072,5.36762140160277,-0.0624771060330223,-0.0228049987546926,-0.0184640799636388,0.0982806071974342
1.76010582423266,1.57678826698322,-2.94742570103692,5.4253134655197,-0.0451568582795492,-0.0405213769381776,-0.0188180773566532,0.098213440855104
1.74269026082107,1.57676678645169,-2.97692181687869,5.48684221984111,-0.012391248136814,-0.0369975036040562,-0.0171048677049522,0.0985262579254692
1.72647605664718,1.57690462542688,-3.00326982122477,5.60369538184568,-0.0108428398953795,0.0180625254272286,-0.0155051644506971,0.0987906365773439
1.71888508974998,1.57703120658567,-3.0178278231194,5.68673890320678,0.000196806582893672,-0.0158619669941593,-0.0147548084775264,0.0989054883552552
1.73925826149195,1.57709006229141,-3.14271631227762,5.76024520348904,-0.108121863576325,-0.0250780811713791,-0.0167666255818939,0.0985843814536389
1.72921769902654,1.57694810812815,-3.18260930200428,5.8420677879248,-0.0241170352923952,-0.0169251712941203,-0.0157759544342659,0.0987477557298796
1.71578864526334,1.57702848412467,-3.23516693923465,5.93411159953456,-0.0381091543518264,-0.00690688996687672,-0.0144484828785427,0.0989507015766359
1.72052135361663,1.57713462898796,-3.30085201689043,6.0817384040115,-0.050768453525619,0.0487455912736294,-0.0149166241301616,0.0988812132033152
1.71110194572941,1.57710582119111,-3.35649790445253,6.16621244548331,-0.0416613138740645,-0.0145432888232708,-0.0139845736880361,0.0990173302950745
1.71301667212605,1.57718141241307,-3.38884098396445,6.27958690560607,-0.0181689404786467,0.0143840879511994,-0.0141741390332762,0.0989903721715671
1.71448596726769,1.57717040206437,-3.50040435443575,6.3765752139278,-0.0972438007172198,-0.00198113101213027,-0.0143195697540822,0.0989694393338569
1.70896206743674,1.57717024493286,-3.59572267134441,6.48787920994637,-0.0815456601128304,0.0122569671646691,-0.0137726567958232,0.0990470288538958
1.73142450738662,1.57722021876595,-3.7064836289469,6.58704392131353,-0.0947671243866774,0.000452010568008143,-0.0159938332158147,0.0987127007991611
1.73456032865613,1.57706385605229,-3.78001605242848,6.73621942276847,-0.0572291240229594,0.0505134397150604,-0.0163032994586236,0.0986620617398727
1.72164142907752,1.57704760374601,-3.7954307996346,6.86303510254145,-0.000387378035628494,0.027951236337465,-0.0150273691704897,0.0988644434355133
1.70969623650491,1.57714559432765,-3.83909065247209,6.95871195592196,-0.0298144824950821,-0.00336003732229795,-0.0138453703424095,0.099036890702816
1.72260289762043,1.5772377763539,-3.8735418193931,7.02820596337664,-0.0193287496585977,-0.0293559419441034,-0.0151224172624064,0.0988499493987816
1.71987584406392,1.57714594585909,-3.92097235852824,7.15263923283238,-0.0325777468760062,0.0255424480307551,-0.0148527922591402,0.0988908214249777
1.7111899390557,1.57717059423404,-3.98310190365311,7.13373735792328,-0.0481362586267289,-0.117917974271675,-0.013993286498137,0.0990160993625837
1.72331653190784,1.57724034447294,-4.05382043806778,7.16148450674106,-0.0555255782957778,-0.0710919835356048,-0.015192956118893,0.0988391323533822
1.73353815568461,1.57715781296556,-4.1570824902125,7.12709005249426,-0.0870596108785122,-0.133073129232912,-0.0162024412662117,0.0986786749861132
1.74829930425895,1.57709169124627,-4.18499094401751,7.15036243209483,-0.0102512200079286,-0.0751563870006438,-0.0176572337970743,0.0984287666012099
1.75496502272318,1.57698353369953,-4.16300803965245,7.18495112145064,0.0402958394805744,-0.0637201932919642,-0.0183129351155134,0.0983088826477801
1.75888464916311,1.57693103744662,-4.15425730884568,7.26089622072307,0.0274488583563572,-0.0222912485125919,-0.0186981275495944,0.0982363477850185
1.76927299524844,1.576900622714,-4.15174385927501,7.36612602369821,0.0222310630233609,0.00719299499093617,-0.01971761345269,0.0980368079841969
1.7861332902718,1.57682141519129,-4.21259361630418,7.501728208877,-0.0394820948746681,0.0379117403336049,-0.0213676621544995,0.0976904448451903
1.77981691613286,1.5766978625662,-4.21817154699694,7.53708544342832,0.0151722599183892,-0.0624662267941134,-0.0207501906111488,0.0978234613454308
1.79735400421829,1.57674738161195,-4.28175832766382,7.62753201334848,-0.041124330104608,-0.0069979697664615,-0.0224624505622743,0.0974445396866206
1.79415746569586,1.57661784099856,-4.23936137069032,7.70557087824798,0.0645478080823492,-0.0194769789165363,-0.0221508511088443,0.0975158438160375
1.7993062557033,1.5766391844616,-4.24091679762143,7.73572725298369,0.0210972169522292,-0.0672441269318602,-0.0226526438833466,0.0974005016675699
1.79871333589721,1.57659939013191,-4.30129820042766,7.81424412118568,-0.037786513587875,-0.0188970475452459,-0.0225948892183558,0.0974139157472393
1.80222881892217,1.57661017663996,-4.33845308797349,7.88013310332009,-0.0142176816863384,-0.0314448998767358,-0.0229372058594866,0.0973338820111452
1.80803669256745,1.57658664283119,-4.41124292128976,7.97891197404373,-0.0492877145976367,0.00157984595623573,-0.0235021187186381,0.0971990247674072
1.81016115320119,1.57654868752005,-4.43775292440481,8.0741594750846,-0.00280144208640598,-0.0019013750923742,-0.0237085610286405,0.097148876133238
1.80618596764295,1.57653514114153,-4.51412502724849,8.09687701215637,-0.0530499129296373,-0.0745248171655333,-0.0233221899140424,0.0972423542373041
1.81414051308479,1.57657357632764,-4.60131209064259,8.14682687203531,-0.0630921007612337,-0.047103902416612,-0.0240949626328657,0.0970537622955484
1.84344211640204,1.57651978892084,-4.67890160853108,8.15531900373518,-0.0506614743736282,-0.0878140491633634,-0.0269280435148581,0.0963061808632338
1.84152298938576,1.57629460958558,-4.71096241230067,8.12858259497508,-0.00531763352344017,-0.123094090577305,-0.0267431702461517,0.0963576818172031
1.83788269714371,1.57631276804334,-4.81535997854676,8.12040749499692,-0.0780053425432152,-0.104629496083349,-0.0263922237028807,0.0964543961051911
1.81746930079185,1.57635166483829,-4.91654651116305,8.11637875093083,-0.0767686327051549,-0.101001761776844,-0.0244178999111294,0.0969730177107533
1.81612335159463,1.57652317949484,-5.04426957923333,8.1375704217998,-0.103435710992567,-0.0758141242475037,-0.0242873570777212,0.0970057951164737
1.84004653312011,1.57654600470678,-5.11830707438862,8.21196400756078,-0.0474366219095335,-0.0220034761369972,-0.0266008732457562,0.0963970618979812
1.84519399827272,1.5763637443044,-5.1235136534387,8.31545010155743,0.0218901401084879,0.00722723564666872,-0.027096719158561,0.0962588583499829
1.84061505000464,1.57632387522964,-5.17066156669639,8.36481563303784,-0.0204922409564348,-0.0470163917944855,-0.0266556723012584,0.0963819232748959
1.83813333870873,1.57636537046834,-5.15157053426632,8.3661391258528,0.0455074307844963,-0.0951242852723571,-0.0264163983544248,0.096447778087317
1.82286198523992,1.57638338061546,-5.18738024019707,8.39372516839703,-0.0108692187179273,-0.0692538877406905,-0.0249404872128246,0.0968399302849137
1.83270155125161,1.57650803533598,-5.20878157843802,8.45373442461936,0.00449078916041579,-0.0365805866113318,-0.0258921274013667,0.0965898428336613
1.82876642235016,1.57643262773724,-5.17319439386705,8.50486036636258,0.0610990189985552,-0.04556504182887,-0.0255118344275808,0.0966909835720979
1.80928641235473,1.57646078257989,-5.15498570592868,8.60852507670626,0.0418322598171432,0.00649513253411582,-0.0236235718787787,0.0971695778095602
1.78791757570792,1.57661249383135,-5.2064391844389,8.62747997210144,-0.0299115428240526,-0.0786972679546083,-0.0215419356861635,0.0976521633497855
1.78412283252745,1.57678242392341,-5.21843781271683,8.62956220512849,0.00917258831409029,-0.0956509731416446,-0.0211712165920262,0.0977332061686995
1.80077427594684,1.57681257729971,-5.20448719907076,8.63951402365932,0.0367462189770791,-0.0874153236558053,-0.0227956053310025,0.097367142186639
1.76254961047916,1.57668334063341,-5.18893000059667,8.70247607426489,0.0346152320562205,-0.0352051096670087,-0.0190580335821312,0.0981671602725798
1.77551832492131,1.57697308967184,-5.25223859856167,8.85450135321198,-0.0429791008396099,0.0541135250733618,-0.0203294971253888,0.0979117538737245
1.76314142521867,1.57688149900741,-5.21380754046596,8.95778978748201,0.0575471851093461,0.00513257001323897,-0.0191161270136375,0.0981558642567956
1.78064850387663,1.5769709825448,-5.30013906751576,9.00795474991358,-0.0654999948312982,-0.0476412094873324,-0.0208315322185068,0.0978061719188995
1.80858916404261,1.57684734658424,-5.32720775402251,9.10853267653531,-0.0035128716889532,0.00339190093763397,-0.0235558148177899,0.0971860256840972
1.81353052326194,1.57663619641602,-5.35778536232315,9.26937779010029,-0.00654185195409429,0.0637766716446078,-0.0240357563465499,0.0970684419203754
1.84297103712993,1.57660142458402,-5.46598118119057,9.33800380054124,-0.081313146184343,-0.0276928449790339,-0.0268826726830777,0.0963188554199774
1.84856801669703,1.5763813857294,-5.52341228126812,9.43774981840212,-0.0300097566080071,0.00357913207203486,-0.027421343469539,0.0961668857888492
1.83796333851442,1.57634307971697,-5.59712136132767,9.50633539682352,-0.0473090782277814,-0.0278666890650752,-0.02640000183177,0.0964522674864751
1.85890832201248,1.57643417550205,-5.67281987272369,9.58248025781574,-0.0472842566447249,-0.0197333436578995,-0.0284142547512888,0.0958782046501126
1.85276694006598,1.57627580402651,-5.76546204734923,9.68470448478071,-0.0648172766904187,0.00617332871357945,-0.0278248979351271,0.0960508982513946
1.84671298239148,1.57633402884757,-5.83444855969971,9.73539255174519,-0.0417436088313146,-0.0455295208656294,-0.0272429035191598,0.0962175878301142
1.86144554537125,1.57638870888094,-5.82467719850243,9.83493896819283,0.0384287886496328,0.00374061363897127,-0.0286574274523539,0.0958058028086664
1.8638272152179,1.57627157089374,-5.85424924776226,9.89882246731214,-0.000686525508968749,-0.0318537795010796,-0.0288855237508619,0.0957372786203911
1.86399422684463,1.57625579611777,-5.93664402252812,9.87038789759329,-0.0534932621792854,-0.124167022785757,-0.028901512586578,0.0957324530669087
1.87079978633924,1.57626193962909,-6.03337859526945,9.91226257949431,-0.0671822215724731,-0.0536588647744485,-0.0295523511688517,0.095533546675463
1.91769355420868,1.5762168480322,-6.07738960670603,9.9795232762817,-0.0100128612706585,-0.0267825155423465,-0.0339981501659281,0.0940432123297317
1.92197293668603,1.57584010433677,-6.11044908804807,9.98333396667637,0.00134080316497398,-0.0900861701803071,-0.034400284507013,0.0938968605749764
1.89801094631694,1.57580785164296,-6.11508036685281,10.0659946750993,0.027509389886196,-0.0120334171398584,-0.0321406686909307,0.0946941255627815
1.91206951531296,1.5760059324354,-6.08850987133665,10.1199648616587,0.0600392081100916,-0.0402627444005947,-0.0334687125939283,0.0942329309599623
1.92084220115032,1.5758890494927,-6.17966983298263,10.1848096631041,-0.0568658716247459,-0.0290908967188273,-0.0342940900212337,0.0939356981643056
1.91181314945412,1.57582602249428,-6.13171587557193,10.2833984665587,0.0813985107987705,0.00434729535608103,-0.0334445533880766,0.09424150809846
1.92361601957741,1.57589694827194,-6.14883320194092,10.3872492824425,0.0174371919581939,0.0100106045499846,-0.0345545183271773,0.0938402113338241
1.9403724998925,1.57580266720684,-6.21711743932886,10.4988209582464,-0.0321622119791889,0.0183236233825719,-0.0361220254087529,0.0932480524213209
1.92904559685882,1.57567154933655,-6.26497343902582,10.5296258553938,-0.0127924805313704,-0.0628463154646797,-0.0350635191655948,0.0936512126121385
1.92939059832284,1.57577025456116,-6.27486158671107,10.5659882424096,0.0252076791984317,-0.0572767230577229,-0.0350958268836771,0.0936391100734675
1.92892725683018,1.57576874979149,-6.3074946239935,10.6481410435056,0.00241939895048526,-0.0115025602781893,-0.0350524362329168,0.0936553613742283
1.9639461683028,1.57577655303962,-6.35981231299827,10.7344711665504,-0.0140077048812537,-0.00604057098996424,-0.0383099841235117,0.0923706940347223
1.98037431432849,1.57549070246008,-6.44782738364434,10.8368511733755,-0.0481928450380367,0.0106511109001177,-0.0398222256080417,0.091728895925015
1.98912014344159,1.57536156145805,-6.55944436322685,10.9317230155906,-0.0709940419350485,0.00349472835781928,-0.0406229376474569,0.0913771138573047
1.9795434848843,1.57529898308768,-6.57796597211493,11.0304235365146,0.0212243919169182,0.00693857118437613,-0.0397460008049974,0.0917619497395797
1.98212175310548,1.57538354232891,-6.5951652360567,11.1590934267572,0.0227831914149963,0.03701072123238,-0.0399824553567658,0.0916591690102209
1.99166448699251,1.57536529683524,-6.61749953010268,11.2670161353947,0.0185210066310115,0.016649249151186,-0.04085530067699,0.0912734594862753
2.00174660426311,1.57528813802737,-6.68143397402654,11.3587181161213,-0.0221610055490915,0.00084506108735205,-0.041773438374767,0.0908569196393403
2.01213975230502,1.5752096254072,-6.69890694942257,11.4468261433586,0.0252424792838744,-0.00230983566319054,-0.0427154546799052,0.0904178629004743
2.00990032135514,1.57512385688431,-6.78628584013552,11.5029144313285,-0.0448660275344479,-0.0344250064369254,-0.0425128631785023,0.0905132944067663
2.00280708041487,1.57515193185503,-6.80237625490083,11.5656163916254,0.0257793516984899,-0.0281106085262257,-0.0418697664638031,0.0908125688231898
2.01607313482254,1.57521503138784,-6.84989285533495,11.7601256286053,-0.00444582906568725,0.104260089317799,-0.0430707713684316,0.0902491476620599
2.01366878582648,1.57510934071207,-6.86079185173531,11.9062392588237,0.031954660235832,0.0557611863504759,-0.0428536566361981,0.0903524438679267
2.03481518890768,1.575133417851,-6.92669107237247,12.1088783022362,-0.0211446582820587,0.113212933419929,-0.0447545623550956,0.0894261099925735
2.01737861454382,1.57496162491818,-7.03685224231758,12.1959759143461,-0.066972616880272,-0.00309523064473805,-0.0431885530648375,0.0901928427546539
2.00686816607753,1.57512253255692,-7.16249124148811,12.2999341800874,-0.0834007813655613,0.0133164820173728,-0.0422382178049693,0.0906417837239536
2.00076511333763,1.57522493359369,-7.27226220982737,12.3990949768925,-0.0680867253130106,0.00826292068393597,-0.0416842430262555,0.0908978761211068
1.99696751550648,1.5752879894343,-7.37742965004373,12.4364046771404,-0.0638286905170906,-0.053745820031188,-0.0413387496992672,0.0910555202791206
2.02127132615753,1.57533006603724,-7.53005590770212,12.5728638030664,-0.109086937975844,0.0464350866832404,-0.0435393196825437,0.090024039242756
2.02117956913396,1.57513995856292,-7.57490228260848,12.6830258594945,-0.00131531574498789,0.0201340225259612,-0.0435310591613779,0.0900280339021608
2.02313912196406,1.5751465483031,-7.61708646595666,12.6858770746602,0.00152320681263562,-0.0870913445339725,-0.0437073901608152,0.0899425596996787
2.02441688605145,1.57513369950386,-7.65731280964656,12.7618460995408,0.00359593613225329,-0.0139176136770818,-0.0438222798221454,0.0898866385576276
2.0160495118938,1.57512765152418,-7.76959737817934,12.8898221654824,-0.0692159291255554,0.0377259008469961,-0.0430686394072302,0.0902501650946411
2.00743796848139,1.57521085902259,-7.79184828683342,13.0377431255925,0.0200389501975131,0.0573032585374147,-0.0422898588515886,0.0906177015726658
2.00088072445214,1.57528777623928,-7.86152234051824,13.1614769056364,-0.0279793021323957,0.0328407236920478,-0.0416947515524232,0.0908930563518562
1.99215951088477,1.57535084354915,-7.98916744129918,13.3206864898637,-0.0867446225683892,0.0679563602733451,-0.0409004782125521,0.0912532239539215
1.9963534742027,1.57543724691296,-8.10234154214815,13.4719796163637,-0.0718912707899033,0.0602122396887967,-0.0412828300590724,0.0910808868111952
2.0163715500315,1.57541431519761,-8.2654151974762,13.609004044315,-0.119975954159517,0.0467881372807577,-0.0430977011685291,0.0902362906705953
2.0192751200414,1.57526300524346,-8.36336569847142,13.7444315416771,-0.0545909744796162,0.045316724086419,-0.0433595265156009,0.0901107732756905
2.00467543025349,1.57524918251518,-8.42768706274703,13.89903141769,-0.0222820013402423,0.0638656930166541,-0.0420393629353693,0.0907341829962021
2.00023370894794,1.57537929949121,-8.55975599318615,14.065856562873,-0.090432996826598,0.0759051307076071,-0.0416359336125252,0.0909200144754355
2.0157594347399,1.57543006800662,-8.63143839396307,14.2290941810177,-0.0286399426923474,0.0729749636188792,-0.0430424580845681,0.0902626545257683
2.01604549471218,1.57530897029977,-8.65238078749252,14.2978318859471,0.0221258833261206,-0.0215126331790532,-0.0430682768555784,0.0902503381084594
2.04371722084134,1.57530929362757,-8.71947271178883,14.383149258123,-0.0215430716707932,-0.00370679322033585,-0.0455488526255147,0.0890241653962515
2.03838411768408,1.57508345183849,-8.76626657773584,14.4098210749649,-0.00172043387691012,-0.0625939981233854,-0.045073432070102,0.0892658149653153
2.02364522424285,1.57513313805709,-8.77892481621382,14.4998445899967,0.0310946662177267,0.000103087259792023,-0.0437529046957014,0.0899204277719411
2.01766210604291,1.57525948605584,-8.84097820143691,14.6337558952637,-0.0188392649898699,0.0437307097241741,-0.0432141202332186,0.0901805955428823
2.00352778100085,1.57531666139541,-8.93304123788619,14.6877050842647,-0.0501278321933532,-0.0368331806751083,-0.0419352042559289,0.09078236967613
2.004250655063,1.5754428844915,-8.983218395873,14.784667580614,-0.0081763404728159,0.00621046426093974,-0.042000817513998,0.0907520320883
2.00815047596785,1.57544238347284,-8.99411255847193,14.8533213608172,0.0314602513033897,-0.0219337665291457,-0.0423544139023207,0.0905875467323788
1.99589246461025,1.57541179933406,-8.94579881570699,14.9487632581927,0.0895545792760792,0.00434198846304534,-0.0412408365111346,0.0910999089124784
2.00976020016038,1.5755095118721,-8.87681332637439,15.0397121827333,0.111485669262841,0.000429674069193364,-0.0425001799302418,0.0905192504713614
2.03322091301819,1.57538998570894,-8.92903151550444,15.0750899321173,-0.00760625348229027,-0.054119598050244,-0.0446119356477656,0.0894973474342096
2.03676153310517,1.57519981726934,-8.96971216135098,15.1314482087575,0.00424788561812317,-0.0329805562401693,-0.0449285314646533,0.0893388328803867
2.03352916133058,1.57517446826061,-9.00249887039252,15.2176986426574,0.011852811892652,-0.00323315772870947,-0.0446395209341926,0.0894835916286655
2.03346451167773,1.57520550749999,-9.10184196272098,15.2941886006056,-0.0547093565706884,-0.0129965194229991,-0.0446337357577746,0.0894864773711937
2.08202399517647,1.57521577055391,-9.2181996627129,15.3567053689667,-0.0674328680351142,-0.0246976846727582,-0.0489248319568074,0.087214453033876
2.09522788639674,1.5748162169648,-9.28184301643129,15.4833698684981,-0.0135712498546656,0.0401036283789611,-0.050072103863728,0.0865608711523864
2.11141196071464,1.5747106399878,-9.4283934727393,15.5414769830953,-0.0950840634332915,-0.0276320853317782,-0.0514663928747179,0.0857391999290009
2.13584018008748,1.57458484015705,-9.54686738906442,15.6332840420095,-0.0649286309763886,0.00735054692765624,-0.0535452853487343,0.0844565119864811
2.14510112912059,1.57438437626688,-9.66964031878745,15.744834664462,-0.068447804245424,0.0275936052243821,-0.0543251254776077,0.0839570172281161
2.16437605548068,1.57431623265351,-9.71580235564967,15.8041110490914,0.00977116253943677,-0.0236179891524682,-0.0559331994016563,0.0828943737819073
2.18265896853421,1.57415187892855,-9.77993996059842,15.9090148619149,-0.00669828734229228,0.0230458578472108,-0.0574393176064553,0.0818579549763171
2.18863888239014,1.57399786814068,-9.86420717722201,15.9352670087368,-0.0263394254091764,-0.055260864440243,-0.0579277912144151,0.0815130112621239
2.17870445216438,1.57395255800332,-9.94676881428195,16.0165823141831,-0.0254464763559117,-0.000769153605028716,-0.0571151607040288,0.0820844590513513
2.19093998236048,1.57404982101848,-9.99152394594593,16.126976514142,0.0133600756071743,0.0290147020258429,-0.0581152072711521,0.0813794979330238
2.19077673792116,1.57394758464995,-10.0524983331029,16.241413067882,-0.00287246541063002,0.0330475699069201,-0.0581019217463504,0.0813889838330777
2.19313964043917,1.57395697257989,-10.1552657258989,16.3312146669549,-0.0444733191941555,0.00855013149907036,-0.0582940736018334,0.0812514675738477
2.19268639588677,1.57394689804026,-10.2454904164472,16.442464033694,-0.0319674497179934,0.0299714860405906,-0.0582572408303482,0.0812778806984706
2.18283093774832,1.57396126253806,-10.3219385129656,16.5835715985846,-0.0189947027131723,0.0592594889189417,-0.057453393805234,0.0818480759716483
2.2011696964594,1.57405833694893,-10.528341564802,16.6173277938935,-0.147458410853316,-0.0470245530125877,-0.0589446409830113,0.0807807483215147
2.22000529933555,1.57391418929627,-10.6370538323503,16.7005034287269,-0.0482566183165645,0.00351940798340422,-0.0604556492317164,0.0796562268499561
2.23589680121952,1.57375738598169,-10.7627920222216,16.7488912720426,-0.0640243704088803,-0.0302976349337825,-0.0617138194624524,0.0786854782495209
2.25982772060028,1.57362671940358,-10.8248670041409,16.8907911135286,0.00150400308791188,0.0647136207892127,-0.0635789850072159,0.0771862206967812
2.26158257442974,1.57341983003197,-10.879388913441,16.9602355532259,0.00919242827642197,-0.00763009038351692,-0.0637143375765694,0.0770745300808183
2.25253180831922,1.57341047033988,-10.957714877684,17.0719448033951,-0.0153118102930776,0.0340612212052886,-0.0630141539498871,0.0776480289639082
2.25373153605239,1.57350190797985,-11.0091589070091,17.1593632191179,0.0116632357466129,0.0098460424501039,-0.0631072650717145,0.0775723732727597
2.25622038082856,1.5734977707424,-11.0944061245556,17.2036993047395,-0.0219470825322396,-0.0330789833713023,-0.0633001350143001,0.0774150689928736
2.27116255841881,1.5734837087507,-11.2542734196276,17.2649722247337,-0.0954175197295015,-0.0151877003165617,-0.0644497753424673,0.0764606203107553
2.27191054076493,1.57336375984448,-11.3777908742559,17.3908850821896,-0.0590105061260999,0.0495004658238116,-0.0645069485021988,0.076412391632082
2.28314604867265,1.57337086992228,-11.4814674737361,17.4439691687346,-0.0383152085377843,-0.0225987290346987,-0.0653613909423901,0.0756828155797341
2.29457402562001,1.57327917675986,-11.5606718002175,17.4842555197038,-0.012982320901453,-0.0346445904166925,-0.066222005579949,0.0749309413858468
2.31188430627629,1.57318302831679,-11.6389077729116,17.5917846765007,-0.0107268775908613,0.0337557057569886,-0.0675090951032153,0.0737734510399577
2.32523843960892,1.57303478055513,-11.8185593357366,17.6952165834782,-0.111163335957733,0.0305665326177351,-0.0684882268672707,0.0728653743596865
2.30677516381412,1.57293062175638,-11.9850760095821,17.8439991006835,-0.0993853772782387,0.0746651169461301,-0.0671312965673284,0.0741174002592468
2.28959860668627,1.5731178267017,-12.1537170711756,17.874329786232,-0.102792686954193,-0.0449288092503091,-0.0658483746392556,0.0752594947987844
2.30595216056373,1.57328916997907,-12.283025183995,17.9947235782087,-0.0622378378416784,0.0462211675495463,-0.0670702749777252,0.0741726244271587
2.31415366586841,1.57315464327405,-12.3713834583164,18.1161472659785,-0.020681934708767,0.0478036289771668,-0.0676763396126683,0.0736200587926333
2.31223902969927,1.57309075064379,-12.4992706994732,18.1526803736298,-0.0603519811303439,-0.037216391690488,-0.0675352600264534,0.0737494993417537
2.33162901194839,1.57311998348605,-12.614949788339,18.253150957815,-0.0467266122268493,0.0280443736991738,-0.0689524766388817,0.0724262104860145
2.33285396577446,1.57295535282732,-12.676539674925,18.4087591396794,0.00745125706224758,0.0832664892955388,-0.0690411436483385,0.0723416925688741
2.34328238719254,1.5729539384335,-12.750536978365,18.4869889403803,-0.00420551795553337,0.00661201883843132,-0.0697917854844134,0.071617781862451
2.3595693610128,1.57286691839651,-12.8463665849112,18.5126973925398,-0.0248806921644364,-0.0447631843196956,-0.0709489143817258,0.070471636479186
2.38329895984051,1.57272602113078,-12.9156689001144,18.5509861742911,0.00329873139333348,-0.0304795833090581,-0.0726010465965646,0.0687683650604219
2.36965995103917,1.57251406410558,-12.9515808464541,18.5679120888418,0.0357444443880368,-0.0528262299889013,-0.0716563907277775,0.069752144539563
2.39728516477482,1.57264350687297,-13.0100393480791,18.5906332988765,0.0150972212892366,-0.0450250490986646,-0.0735557229142005,0.0677462591333969
2.40303505310081,1.57239364129297,-13.0168768336757,18.6096217481334,0.0671065526782266,-0.0483337551307672,-0.0739440382748537,0.0673222043876088
2.39311077997286,1.57234154243636,-13.1097090750985,18.6790644166951,-0.0195599575130281,0.00138995068319048,-0.0732722839097311,0.0680527178785077
2.43092591164124,1.57244347545695,-13.1621950174801,18.74573997777,0.0233067678725298,0.00144163529752284,-0.0757927102541167,0.065233925777432
2.4240676055081,1.5720989624256,-13.2217721739805,18.8073416894395,0.0157663805280368,-0.00415048546521435,-0.0753435370284301,0.0657521971347391
2.41643061426169,1.57216982708534,-13.3230757653058,18.8618545563447,-0.0264643955134582,-0.0118128051249116,-0.0748391958118488,0.0663256720300349
2.41483372594417,1.57225093379497,-13.4272911225209,18.8848422027678,-0.0294821714710407,-0.0434574508266437,-0.0747331857441353,0.0664450972497789
2.42185194156018,1.57227501772298,-13.4664952121245,18.9545684960108,0.0359935778344838,0.00380732168032916,-0.0751976674380235,0.0659189715626725
2.42857188715497,1.57221547269497,-13.5234042316967,19.0571455912901,0.0187299185651932,0.037164932515434,-0.075638938137376,0.0654121627638943
2.43753712130092,1.57216129418813,-13.6577188267774,19.1161764884007,-0.0580922691794683,-0.00570052519882136,-0.0762223259012725,0.0647314223094179
2.41270804957634,1.57209085491568,-13.7509546581901,19.2500325657447,-0.0186440551760727,0.0672522717629973,-0.0745917762366323,0.0666038055809439
2.42353655016609,1.5723337240073,-13.8167941223725,19.3489630636253,0.00946914416793021,0.0331382984316853,-0.0753086083503504,0.0657921994489737
2.42429176531342,1.57224210877135,-13.9182169565972,19.4582927878098,-0.0260645600895906,0.0435944176941319,-0.0753582741350991,0.0657353064903424
2.40641130997988,1.57224712704509,-13.9916096899088,19.5453419889494,0.000778180139352713,0.0199770340518177,-0.0741709134509688,0.0670721670877637
2.39569466045365,1.57242153998471,-14.0273773678265,19.5266699485142,0.0376802012870048,-0.0865352045254366,-0.0734478792046517,0.0678631640902404
2.39448713328502,1.57252278281219,-14.1266080837882,19.5519617828248,-0.0258648368994692,-0.0426599705913118,-0.0733658790622054,0.0679518049019292
2.40079025589585,1.5725428706314,-14.2686710763037,19.6951671493264,-0.068270265116162,0.0757173425050288,-0.0737927273993758,0.0674880239965685
2.41619460470556,1.5725009815169,-14.3550039080282,19.6821007079356,-0.0115092914892418,-0.0794097743389157,-0.0748235402352873,0.066343332948069
2.40331642489253,1.57236524958353,-14.5046650138995,19.6912283433647,-0.0756981279544675,-0.0581737605272794,-0.0739629779167965,0.0673013959563951
2.42082313041464,1.5724968878996,-14.6800000933203,19.7191659781109,-0.10020526994006,-0.0380586661151221,-0.0751298094807699,0.0659963008613605
2.43142262748081,1.5723501508979,-14.7361050998849,19.7160171649296,0.0197200970623719,-0.0683450834730706,-0.0758251036269554,0.0651962702918002
2.44876205284549,1.57225626102006,-14.811775978924,19.8494050872949,0.00127323546652658,0.0695161504864013,-0.0769441145056018,0.063871771878889
2.44933045043996,1.57210584999557,-14.8552056384998,19.946275328516,0.0335507470598992,0.0330422145070997,-0.0769804066357465,0.0638280267139375
2.46214990267268,1.57210750169209,-14.9482099166953,19.9679073615894,-0.0152119789614629,-0.0412039293993334,-0.0777922992340272,0.0628359624728035
2.46913055383398,1.57199644933347,-15.0176024128327,20.0311868373802,0.00883654008682466,0.00098808078759971,-0.0782290362241636,0.0622913950031504
2.47884703286846,1.57193927343926,-15.1265584911514,20.0889055962924,-0.0301254913558475,-0.00380959681981041,-0.0788305869629062,0.0615283557320012
2.47296729215789,1.57185950277811,-15.2115832844325,20.1895733714664,-0.00655733764777899,0.0386769822574022,-0.0784674556333219,0.0619907929166313
2.49703348361703,1.57192486914174,-15.3292444157124,20.2556012454855,-0.0377246597185872,0.00594326272534706,-0.0799364715613418,0.0600846112937646
2.4977801976269,1.57171210909693,-15.3777262197061,20.3348283540131,0.0314995112990184,0.019202203662497,-0.079981315292643,0.0600249048650544
2.4947188761144,1.57171201168905,-15.4683100070928,20.4642731715826,-0.0107866021193175,0.0691753458329947,-0.0797971852673808,0.0602694717365543
2.50599332278966,1.57175270158649,-15.4995539562471,20.537391825367,0.049227655080732,0.0137526625786415,-0.0804716042350618,0.0593659912057029
2.51103494539353,1.57165272166518,-15.585381034927,20.628160024868,-0.00505719749936073,0.0318086685150187,-0.0807698811805094,0.058959530985977
2.51924973778345,1.5716159241836,-15.5965741542558,20.7245701340775,0.0700583714365637,0.0381160679325743,-0.0812514907654347,0.0582940412769134
2.53219225054247,1.57154385216539,-15.6657174061877,20.8070850786647,0.0128558840751483,0.0252773547173986,-0.0819991360069768,0.0572375898698514
2.55004781746121,1.57143165210719,-15.7802233012556,20.8773873662318,-0.03149787493739,0.0145378849969653,-0.0830080201305773,0.0557644025701135
2.57393070076726,1.57127651135393,-15.8461062800598,20.9142909858048,0.0184330570049758,-0.0168625975659809,-0.0843160358091297,0.0537662171389578
2.58044433785503,1.57105968324955,-15.9575877755495,20.9202880352481,-0.0268170371826741,-0.0472188269430434,-0.0846644583070776,0.0532158763863672
2.6017051138815,1.57100747177274,-16.077994045378,20.8951887864939,-0.0346296202461662,-0.0765032017775327,-0.0857766495823445,0.0514039530233588
2.62304839089282,1.570816276121,-16.1509691525198,20.9432541282984,0.0138790515427507,-0.00149628770064147,-0.086854158684547,0.0495616295050871
2.61834317590185,1.57062385966769,-16.2711185021107,21.0644733980575,-0.0335293496003821,0.0712495228950898,-0.0866199999904604,0.0499697468640041
2.6396507742825,1.57068252945744,-16.3699288323446,21.1042572837395,-0.0111453381031694,-0.00832899361990158,-0.0876649921307246,0.0481128793019083
2.66226557072003,1.57049209810348,-16.5175680092863,21.0702157971393,-0.0589086308367088,-0.0801597062958912,-0.0887305461050051,0.0461182196957728
2.67582433713252,1.57028947720143,-16.5981971333036,21.0670715572072,0.00871855310334801,-0.0480551806164224,-0.089347677120648,0.0449109406842524
2.66818959413418,1.57016820626818,-16.7213139037294,21.0681402694083,-0.0341145774582401,-0.0445230595011581,-0.0890021929676152,0.0455917717023082
2.68504295558122,1.57024878596273,-16.8177760318152,21.0889474035678,-0.00670423648943519,-0.0232782477282467,-0.0897578915963181,0.0440853818876916
2.68754459257656,1.57009890484799,-16.9071359009988,21.061760370598,0.000508027059230365,-0.0710477354821686,-0.0898678962428529,0.0438607025124293
2.70113117712307,1.57008058279984,-16.9546515004305,21.0998133144343,0.0429399011532636,-0.00458275029347854,-0.0904555005849368,0.042635694129784
2.71627989107328,1.56995867797193,-16.9852119904974,21.0883060493154,0.0605304829243112,-0.052767835152816,-0.0910909729911746,0.0412605700338846
2.76528007102266,1.56981853143686,-17.0249564482209,21.1249850734306,0.0532581480305323,-7.03340146230857e-05,-0.0930026057540753,0.0367493581297965
2.79775026041519,1.56936647645877,-17.1563711025314,21.1894249155314,-0.0372680222349633,0.0307291365485076,-0.0941466320755298,0.0337107055523143
2.8143251602621,1.56907810682315,-17.2580374164504,21.2294587224817,-0.00697388788802389,0.00788813146552458,-0.094692426030947,0.0321456754847931
2.8130639938357,1.56893421245261,-17.3413907608333,21.3215164018705,0.0112984653060026,0.0597926065915662,-0.0946518096889475,0.0322650727971791
2.84405253024059,1.56895674602481,-17.4637768902381,21.390711668808,-0.0267800752765242,0.0398783364362738,-0.0956060541282877,0.0293169305013148
2.85698703326238,1.56868409910793,-17.5678138180799,21.3889164951561,-0.00805968176099103,-0.0298730694911638,-0.0959772460807471,0.0280778958391778
2.87035024697905,1.56857234487607,-17.6341798545132,21.4639568105605,0.029977839939141,0.0482474528190928,-0.0963438763725065,0.0267928625853823
2.88580669671817,1.56845927146209,-17.8496857062596,21.5994196569579,-0.118759377464322,0.110162259171095,-0.0967464742820297,0.0253005872263189
2.91519639595958,1.56834072800125,-17.9548576747546,21.676914049937,-0.00772380419382745,0.0550476721867668,-0.0974481643012045,0.0224467207922552
2.92109315517667,1.56808649407422,-18.0347754875924,21.7181206395758,0.0176610193864652,0.0193348841323884,-0.097578832224216,0.0218717055063914
2.94531153370282,1.56804095711364,-18.0854144813946,21.7308412028089,0.0474408688352552,-0.00678175829556071,-0.0980798626375068,0.0195023215286745
2.9781490060674,1.5678279635576,-18.2277023089844,21.8245550996936,-0.0436205480799696,0.0774422050816552,-0.0986672795098114,0.0162716918030288
2.96546022626309,1.56755113923508,-18.3658230129703,21.8303008160147,-0.0396678297127693,-0.0117765993748771,-0.0984528742731784,0.0175223156959842
2.97832626047298,1.56767174060332,-18.4845089198771,21.8941253016044,-0.0200157447179716,0.0475702832521816,-0.0986701621888349,0.0162542023375194
2.96727783488927,1.56756896950876,-18.5532195600334,21.9620330948542,0.0297739201821487,0.0505644551931415,-0.098484560338411,0.0173433380567261
2.96679874855356,1.56767529855687,-18.7504363901024,22.0184255528367,-0.0987405899887941,0.0390019393107237,-0.0984762400801793,0.0173905186717041
3.00283889343321,1.56769482563104,-18.8807392574674,22.0777086379137,-0.0312639542252455,0.0454521890798185,-0.0990389131398028,0.0138308959972448
3.04333560223121,1.56738818901011,-18.9928995450242,22.0584575081838,-0.0126426217206594,-0.0290610322025477,-0.0995176658361585,0.00980990247263933
3.04919413472789,1.5670405905527,-19.0735211537533,21.9820515575941,0.0189518205729069,-0.0856326605689945,-0.0995734293019913,0.00922670997925765
3.05672258342969,1.56698897070289,-19.1934835791227,21.8913686214001,-0.0203223556859315,-0.0991597583274726,-0.0996400696834187,0.00847682213352838
3.05653877374627,1.56692407233561,-19.3268962834958,21.8844161835446,-0.0337741944949066,-0.0154475746553926,-0.099638509878215,0.00849513679989099
3.07791681602932,1.56693227257791,-19.4597169257336,21.9035683976798,-0.0330233043620458,0.0127889325207295,-0.0997973378757947,0.00636328161442443
3.10391505422276,1.56675726292703,-19.5621613392144,21.9595895495533,-0.00251538515887173,0.0522542833264321,-0.0999290283218512,0.00376686854703772
3.1166576265978,1.56654589769533,-19.6404182295971,21.9723051911691,0.0217120234494219,0.0102223973001574,-0.099968913832162,0.00249324431569931
3.12801731222606,1.56644355047737,-19.7957940276806,21.9318143537442,-0.055385012436604,-0.0418483298650543,-0.0999907856468536,0.00135749244012116
3.12364755491037,1.5663531113179,-19.8747126578055,21.9264943345706,0.0210652689787914,-0.00711443272974988,-0.0999838991037526,0.00179441355618421
3.13321394767437,1.56639314708576,-19.9294467298117,21.9189325847319,0.0452624178786962,-0.00839961062681249,-0.0999964898848942,0.000837860788111705
3.15308310166786,1.56631531536303,-20.0274444112205,21.9324231974663,0.00199571714395486,0.0146396322575839,-0.0999933985527814,-0.00114901952316634
3.12766661755741,1.56615619755111,-20.173966017562,21.9690793506413,-0.0465313029087033,0.0352635945836299,-0.099990303432731,0.00139255859136574
3.11908540719655,1.56637748472404,-20.2804191289267,22.0596734921822,-0.00647843910248458,0.0883436069239742,-0.0999746722622191,0.00225053461690354
3.13877424063516,1.56646163954208,-20.4096483873566,22.1212391155834,-0.0292296556021983,0.0612837824788621,-0.0999996028276838,0.000281840922331849
3.15155199728599,1.56630766998144,-20.4646322974453,22.2064330393767,0.0450111305258734,0.0861898416987943,-0.0999950406146501,-0.000995917905490679
3.17123846490198,1.56621056379314,-20.5860972616741,22.2263015232528,-0.0215089047168613,0.0228326307774736,-0.0999560595119034,-0.00296414690135738
3.18108037661915,1.56605563619573,-20.689850297911,22.2397133124996,-0.00383099012025667,0.0173595354226186,-0.099922046116617,-0.00394774617581605
3.1834672497789,1.56598101814731,-20.7245011845372,22.2485340942392,0.0652614520939485,0.0130070176934471,-0.0999123387201947,-0.00418623595382388
3.17238255032157,1.5659638402295,-20.8001288959587,22.2365554524689,0.0243248914361418,-0.0089001385635199,-0.0999526028575842,-0.0030785032067648
3.16827237208284,1.5660571278902,-20.9087235033918,22.1857753598957,-0.00863019569103773,-0.0481124372263877,-0.0999644117421304,-0.002667655346895
3.19969385794653,1.56609221806874,-21.0289077731387,22.1106690581687,-0.0203530097675459,-0.0692994496585069,-0.0998312599793044,-0.00580685206842256
3.22645397545471,1.56583532351446,-21.1125566592021,22.101165015169,0.0159912577739556,-0.00102809254724257,-0.099640143837348,-0.00847595045246271
3.23168977087772,1.56562326200732,-21.1744505021328,22.0429192966441,0.0377005570246816,-0.0492481912246636,-0.099594399955427,-0.00899752730023384
3.26164967610392,1.56557965432866,-21.3218924876246,21.9991775630158,-0.0481618046969459,-0.0317648516744549,-0.0992801807948747,-0.0119768819538727
3.2654462479226,1.56534632592091,-21.4649440849752,21.8629305885467,-0.0438176030482795,-0.123893255401215,-0.0992339943023117,-0.0123537190679071
3.26849398571202,1.56531156002611,-21.6558777376166,21.7965445948941,-0.0917377700545892,-0.0537298932334469,-0.0991958825868324,-0.0126561004191402
3.28034456259839,1.56529024542439,-21.7800342331263,21.8298493895186,-0.0251175567669755,0.0471355072859954,-0.0990389387426683,-0.0138307126615367
3.30878483515196,1.56520589390919,-21.8038810073611,21.7754467128839,0.074758817216054,-0.0377612423626741,-0.0986055914508536,-0.0166414342719416
3.33964246007126,1.56498426935011,-21.8900741595393,21.667019010525,0.0118520635733805,-0.0887519388865945,-0.098045215751605,-0.0196757634723845
3.36806681222083,1.56474684981091,-22.0153085693677,21.5831345343946,-0.0277879944449229,-0.0614301640966906,-0.0974464153835061,-0.0224543120336649
3.38734873418171,1.56453552635026,-22.1612582444403,21.5023330646133,-0.0489543095158522,-0.0564724940420747,-0.0969953655567187,-0.0243289757391986
3.39339344324874,1.56439450221584,-22.2340646314318,21.4012272696098,0.0240401458530153,-0.0761909585400078,-0.096846532844483,-0.0249148364634906
3.41372962628863,1.56434495521394,-22.2829222390494,21.3624991322122,0.0474622622223206,-0.0118490995796323,-0.0963198698399134,-0.0268790378180124
3.43955355900133,1.56419960528626,-22.3346942632819,21.3337793562088,0.0438216853938069,0.000637381213958843,-0.0955937096262877,-0.0293571572173635
3.43953100842978,1.56402017417626,-22.4394479118797,21.3039908583167,-0.00915927697514807,-0.00043349637495016,-0.0955943716226558,-0.0293550015171107
3.4579830081765,1.56402061805853,-22.5630946561484,21.2339731781408,-0.0286102737371818,-0.0389038686302148,-0.0950364705315649,-0.0311138115457268
3.489823669235,1.56389270813717,-22.6981829581569,21.1761152273957,-0.0410905196488649,-0.023734397127702,-0.0939977823595914,-0.0341235536173901
3.53821153794725,1.56368024532422,-22.7614906425801,21.1002198951032,0.0289295550957247,-0.037265141431944,-0.0922372395189509,-0.038630190860565
3.55504537404114,1.56336793852646,-22.7835205753024,21.0269907431043,0.0695439745127775,-0.0330518012438343,-0.091573907235134,-0.0401773507550096
3.54313915146304,1.56325887556684,-22.8988800704898,20.9564090084037,-0.0233137293698897,-0.0314975052074749,-0.0920457658174603,-0.0390842294932017
3.55138099469906,1.56332713645623,-23.0010566738619,20.8314842569744,-0.0104560862240399,-0.0850832312011653,-0.0917205171480903,-0.0398415202281098
3.54571630692488,1.56326716598929,-23.0283336228358,20.7320983667666,0.0646677851481776,-0.0600645745224391,-0.0919447341220438,-0.0393213156853465
3.56587472108899,1.56329320031663,-23.1364163623457,20.6274720257231,-0.016949287846753,-0.0634596799212295,-0.0911334516631571,-0.0411666611223087
3.59818439882295,1.5631631037493,-23.2432134389939,20.5517985145356,-0.0170410387991371,-0.0315843552685022,-0.0897560378490213,-0.0440891559189452
3.64837204224467,1.56296769150843,-23.2842732997731,20.4694879985711,0.0463713600119107,-0.0337741210533222,-0.0874312207911192,-0.0485363949111857
3.6712169976028,1.56268108599193,-23.3712324283597,20.3659165832847,-0.000659436960798843,-0.0530504965962599,-0.0862996916257987,-0.0505209186901035
3.69835301865835,1.5625514742945,-23.4597887920912,20.2727116450615,-0.00365921260167124,-0.040361076422295,-0.0848971511298541,-0.0528438618009198
3.72542638176515,1.56240530903265,-23.6124576111641,20.219647383649,-0.0692332657409693,0.0020584057961397,-0.0834355533318895,-0.0551226672087031
3.75524009003641,1.56226913483649,-23.657053924778,20.1180708921097,0.0371589936478376,-0.0439911658518186,-0.0817553072617881,-0.057585325687458
3.74176208187916,1.56212136244878,-23.6585308513031,20.0614100064147,0.0810470671404673,-0.000182655645872387,-0.0825239936655748,-0.0564782300491452
3.74170728663418,1.56217748168087,-23.6287296760083,19.9755743786374,0.112328263574898,-0.0293619197353738,-0.0825270882801349,-0.0564737080419095
3.77848706741711,1.56216948052822,-23.6463871120288,19.9028172138085,0.0627372168634439,-0.0132870060289658,-0.0803946528838619,-0.0594701587998834
3.82589101622886,1.56199835639649,-23.6670308452548,19.8526949029888,0.0568425431195978,0.013090638629615,-0.0774862763456348,-0.0632129494493645
3.84877133366511,1.56179940410894,-23.6972683570708,19.8075520997094,0.0457822768776737,0.01982635653488,-0.0760197886936624,-0.0649691598142605
3.87098008105489,1.56170833657291,-23.8029397368275,19.7105111695709,-0.0311131029036833,-0.0303996264844955,-0.0745582768530563,-0.0666413036539878
3.86950481249197,1.56161843618578,-23.8827766285383,19.6396208882784,-0.00518038220800854,-0.00435904360023542,-0.0746565095027189,-0.0665312376923084
3.90099176683311,1.56161591745243,-23.896575640429,19.5129964749494,0.0587259724725104,-0.0577758356884672,-0.0725249843632344,-0.0688485776404466
3.918044805162,1.56149781585302,-23.9706010878603,19.3686164862445,-0.00268502869641196,-0.0743047102200904,-0.0713404187348661,-0.0700752784848834
3.93190136460432,1.56142938841557,-24.0112375314212,19.2839571079285,0.0297261552627504,-0.0136023259793241,-0.0703625988237212,-0.0710570523366405
3.97002989769303,1.56137909817262,-24.1094640406726,19.2033985237447,-0.030623695040318,-0.0068710037462294,-0.0676028142110835,-0.0736875804375589
4.00676612064372,1.5612644745038,-24.1923582463224,19.1136655702501,-0.0180433975522494,-0.0136121765076913,-0.0648508080975051,-0.0761207769869736
4.02360005921738,1.56116570859209,-24.2353561970548,19.0264384910407,0.0205623168593885,-0.0100254446175096,-0.0635602675918451,-0.0772016345918468
4.04934719706706,1.56112015425854,-24.3019970900885,18.9290653071109,-0.00508919332909841,-0.0185608228214562,-0.0615516997045657,-0.0788123611083881
4.08808832862983,1.5610590004349,-24.3780259856903,18.8467159821274,-0.017575897174793,-0.00121211419276612,-0.0584529984270182,-0.0811372107906786
4.07685292696342,1.56098552449488,-24.4960497871478,18.8051871610394,-0.0586629024027996,0.0389465395102864,-0.0593608990546655,-0.0804753605982714
4.11475214459312,1.56099492927683,-24.5691289197635,18.740104096962,-0.0168100831166411,0.017583701121608,-0.0562690494990352,-0.0826667651990516
4.15165967128891,1.56093390669162,-24.6283007147937,18.6667202807485,-0.005991398284376,0.011302932466327,-0.0531803967458244,-0.0846867486798066
4.17351904589393,1.56088728936854,-24.7281569217197,18.5950194988371,-0.0485395672686808,0.0141281321809927,-0.0513166396573476,-0.0858289140923846
4.21254157030709,1.56086080258893,-24.7874637104323,18.508399954658,-0.0113776264358076,0.00114602653879281,-0.0479291622768307,-0.0877655707179144
4.24492036612901,1.56083346564997,-24.7987685068066,18.4443876253581,0.0337579969764876,0.0252588567313952,-0.0450627933507217,-0.089271186031273
4.22357558789134,1.56082463243386,-24.8112365192172,18.3490693162471,0.0344898450187312,-0.00702924055982823,-0.0469578574294081,-0.0882890685512051
4.2506550937757,1.56081614017463,-24.9004073525396,18.2971822119651,-0.0446207240944601,0.0376410352484262,-0.0445501092279089,-0.0895281395304369
4.2218669900652,1.56080755618495,-24.962021415857,18.2167209994839,-0.0145054239929507,0.00774749514450779,-0.0471086393244375,-0.0882087076257217
4.2382670324357,1.56079785401943,-25.0158362118314,18.088768906574,-0.00815905340612311,-0.0389826983376969,-0.0456557425682787,-0.0889693945721733
4.22481202975142,1.56078281930502,-24.9789371006577,18.0144996707196,0.0837477684365124,0.0140778258549954,-0.0468486572627684,-0.0883470617093498
4.25743261697841,1.56077856499916,-25.1067930509609,17.9177120994334,-0.0839136386696318,-0.00695955089004219,-0.0439423116335923,-0.0898280203961785
4.22866277108013,1.56076541072549,-25.1347141327739,17.8028048526941,0.0185870272682944,-0.0263804384285971,-0.0465081090813308,-0.0885268083106978
4.24147146431259,1.56075210651422,-25.2662706079875,17.7372544278835,-0.086186062926604,0.0235648134425199,-0.0453704122870169,-0.0891152382530963
4.22440381448119,1.56073986902054,-25.3206999634931,17.6313888957905,-0.00754463752750922,-0.0175376020815312,-0.0468847179780134,-0.0883279300115323
4.25729069798503,1.56072864510256,-25.3871270033391,17.5435382586582,-0.0224719803528242,0.00197114611064375,-0.0439550594932606,-0.0898217832429524
4.21348443108293,1.56071861964429,-25.4815932047556,17.4470752205796,-0.0466198111456553,-0.00865231585143711,-0.0478463902708059,-0.0878107222271502
4.24170919132287,1.56070673854365,-25.542076393363,17.3291557618989,-0.0151339627013476,-0.0287934371733582,-0.0453492259060213,-0.0891260215073277
4.23818680130248,1.56069015533425,-25.588208420347,17.2260673781732,-0.000469146447340307,-0.0141226524518441,-0.0456628805366757,-0.0889657312738635
4.27949361371603,1.56067856648776,-25.6196665877904,17.1600251345358,0.0104919166108859,0.0247332511166727,-0.0419500840543038,-0.0907754947540185
4.26618341281926,1.5606796757383,-25.6226952401986,17.0777119979156,0.0401259201285864,0.00789596973361917,-0.0431545725367505,-0.0902091063539061
4.21568599963233,1.56066746703813,-25.6803486366921,16.9922289710062,-0.0100004433442571,0.00243281953572172,-0.0476529531492335,-0.0879158464450918
4.26223452864427,1.56065543321584,-25.7814668307046,16.8728855017565,-0.057607733558088,-0.0293054782067532,-0.043510460454467,-0.090037991042894
4.26415370491151,1.56064008230845,-25.7926454136796,16.8226955126705,0.0321589986803765,0.0399313403331041,-0.0433375816553278,-0.0901213294191103
4.22081092581294,1.56063546370219,-25.8245542447833,16.6870253730768,0.0152929359967429,-0.04751123089701,-0.0472017671005199,-0.0881589086966728
4.24541469594384,1.56061955767154,-25.8818116977698,16.5862274404207,-0.0122387945485904,-0.0115044816507286,-0.045018658437843,-0.0892934510054171
4.22914439996373,1.56060633399465,-25.978593815708,16.4580016845364,-0.0503166513172495,-0.0396765581934462,-0.0464654666209647,-0.0885491976908657
4.26394578237576,1.56059001483921,-26.0270830937782,16.3519917143033,-0.00513295909644818,-0.0158976536218409,-0.04335631897375,-0.0901123166112516
4.23852941782334,1.56058082803968,-26.1137758632595,16.2329835351585,-0.041060372753452,-0.0300268082356743,-0.045632396727854,-0.0889813709091501
4.20544664764821,1.56056223132264,-26.179421052631,16.1346256806995,-0.017094548704728,-0.0109345435467496,-0.0485506406667579,-0.0874233109121781
4.26567546734853,1.56055553672384,-26.243281237647,16.0218289670505,-0.0206597967414117,-0.0226095391012402,-0.0432003882746456,-0.0901871745478251
4.25294777835536,1.56054004746692,-26.3384498374698,15.9284332869018,-0.0508238672865708,-0.00376563665711949,-0.0443447325361798,-0.0896300434915362
4.23403636532521,1.56052395048124,-26.4331461364931,15.8484924515338,-0.0486645662714924,0.00883460932174618,-0.0460317327518474,-0.0887754446897479
4.26155338919902,1.56051103932932,-26.4903877175549,15.7293692993092,-0.0136698022780939,-0.0291148187568924,-0.0435717787836356,-0.0900083334676847
4.23482812093283,1.56049938439428,-26.5317421209043,15.6050911429712,0.00460702652547784,-0.0354662935951673,-0.0459614298749236,-0.0888118627428368
4.2694312684626,1.56048323720022,-26.5994727323011,15.4382373086127,-0.0248692521093519,-0.0765050442170967,-0.0428613592874609,-0.090348790141491
4.23644764737227,1.56046875106276,-26.6393363537008,15.2861140961441,0.00595391510295507,-0.0632370304781906,-0.0458175365026315,-0.0888861819903973
4.2823393546724,1.5604476255262,-26.6448600641877,15.1449451372051,0.0361678805119787,-0.0502744528344667,-0.0416915909988652,-0.090894506104513
4.25439521879108,1.56044395169586,-26.6677070746989,15.0286483681035,0.0213679414681289,-0.0266026331647247,-0.0442149519793187,-0.0896941359368969
4.22724582683955,1.56042303057148,-26.7363556842896,14.8862455305295,-0.0220151096880903,-0.0539420175075538,-0.0466334999026512,-0.0884608200664533
4.25701343459442,1.56040515297779,-26.8557760071567,14.8003941311255,-0.0754403607714824,0.00395819325783897,-0.0439799620955913,-0.089809592661755
4.22097184726556,1.56039219801217,-26.9382525138609,14.7455348567917,-0.0352889268744176,0.0333072289982335,-0.0471875798297707,-0.088166503332099
4.24599750369485,1.56038274295129,-27.0119744813165,14.6720651157129,-0.0287553575758484,0.0158499319833014,-0.0449666098798002,-0.0893196730620856
4.23297255454306,1.56037052847969,-27.0201568909438,14.5731928263365,0.0379437373351372,-0.0101458639642926,-0.0461261469623843,-0.0887264254120751
4.2584901317691,1.56036050308629,-27.0404275079756,14.4944895040139,0.0235766755881448,0.0111711174803322,-0.0438472926199449,-0.0898744398029881
4.20277319261345,1.56035370536425,-27.0901526688714,14.3226802559593,-0.00094097172119767,-0.0845160473653754,-0.0487841891746606,-0.0872932006892343
4.21810596113945,1.56033912930152,-27.1754291191318,14.2351653333375,-0.0378363894006206,0.000515984596212604,-0.0474400608597549,-0.0880309072179922
4.24860222847436,1.56032192290332,-27.3209765536801,14.1772917610223,-0.100813630111115,0.0315629232589236,-0.0447338044372078,-0.0894364955740868
4.2111378667829,1.5603071331882,-27.3605863324735,14.059866727245,0.00844253306449794,-0.0297268278371678,-0.0480523118578835,-0.087698205940103
4.22833098140345,1.56029750474631,-27.3991348938373,14.0242560300686,0.00798891743818686,0.0529006753513457,-0.0465374788019901,-0.0885113725277963
4.23596855832171,1.56028849027157,-27.3769546028343,14.0248160863219,0.0680404066423774,0.0894242773636496,-0.045860115639375,-0.0888642211103161
4.24964155914038,1.56028903257964,-27.4096968364696,13.9628810429559,0.0118985925652346,0.027547897109411,-0.0446408262005212,-0.0894829404754608
4.24941265631462,1.56028174355898,-27.4249925010067,13.9082319088249,0.0293656433916549,0.0348235855890247,-0.0446613079287631,-0.0894727197199918
4.21703457653615,1.56027557892318,-27.4609556279078,13.7879596432226,0.0115712216718373,-0.0322922354491384,-0.0475343485729301,-0.0879800301531386
4.21764033359738,1.56026399877932,-27.468343101016,13.6556295266983,0.0400935722222844,-0.0443213082474339,-0.0474810453305115,-0.08800880827691
4.24415768905048,1.5602502708874,-27.5304810543614,13.5590334540011,-0.0170070880198576,-0.00735928098561711,-0.0451308653255016,-0.0892367917115549
4.23105400889264,1.56023533470397,-27.6093319661355,13.4606407476436,-0.0325546241095669,-0.00975493930259841,-0.0462962876645717,-0.0886377670549029
4.2886048236489,1.56022173665981,-27.6768967572146,13.3217231189643,-0.0264435113842882,-0.0477636909900561,-0.0411212796947754,-0.091153937689296
4.27038591189693,1.56021706817871,-27.7223710129897,13.2131470089136,-0.00269916688452732,-0.0181864437695376,-0.0427750888905322,-0.0903896662810914
4.27348741085458,1.56019612822163,-27.7664775872393,13.0139777944541,-0.00161203409836919,-0.108647316239693,-0.0424945401512785,-0.0905218982198859
4.25461787051011,1.56017518167851,-27.7785721929717,12.8991561138114,0.0321003745976203,-0.0251177023939784,-0.0441949803299787,-0.0897039782486418
4.23227241747604,1.56015795214243,-27.7233465738356,12.7989891182624,0.101413875447272,-0.0114728865060263,-0.0461882563112334,-0.0886941090429788
4.23073427486065,1.56014937347482,-27.7040462622406,12.7100929326351,0.0656249374033253,-0.000273225601564064,-0.046324625808304,-0.0886229600257214
4.27725753015225,1.56014146195779,-27.7465752589355,12.6440189580249,-0.000376036094565713,0.0246074893866588,-0.0421529606003352,-0.0906814639969304
4.24608298653029,1.56014127449211,-27.828595501671,12.5775197706567,-0.0370612683188503,0.0228243292408381,-0.0449589744166027,-0.0893235166090502
4.19946801771751,1.56012184655112,-27.8692937064113,12.4780407957605,0.0083742367411066,-0.0123474909936689,-0.0490724414814435,-0.0871314839024925
4.21911726345907,1.56011663787732,-27.9499622107818,12.4126896778873,-0.0333174936154848,0.0227277205641974,-0.047351010755021,-0.0880788384373789
4.25125524231711,1.56010008075075,-27.9523069430763,12.4070710294985,0.0421516387312542,0.0839362117000411,-0.0444963710257903,-0.0895548600888596
4.21715007371174,1.56009867114037,-27.9741165739539,12.3478481636853,0.0257145559334022,0.0287626538360835,-0.0475241868109168,-0.0879855196493212
4.23259454106888,1.56009259675873,-28.0324018371575,12.2983570807118,-0.012125579753314,0.039217899794715,-0.0461596834503287,-0.0887089827681811
4.26347864212134,1.56008247142578,-28.0969617912367,12.1909080911412,-0.0211615447470557,-0.0173569362726065,-0.0433984093321192,-0.0900920532979565
4.23991730526675,1.56007156295173,-28.1657950583729,12.1043973946588,-0.0233244104453547,0.00253392133745844,-0.0455088566908441,-0.0890446178199009
4.23318731953834,1.56005549727053,-28.2336880876668,11.9699957843085,-0.0217859387255483,-0.045665280702778,-0.0461070905684351,-0.0887363296475244
4.26303969235956,1.56003818872607,-28.2376442187481,11.7794983372988,0.0394818199540392,-0.100424452111884,-0.0434379510352471,-0.0900729948978021
4.21295796484334,1.56002190192938,-28.2836432438634,11.6754222407862,0.00189358790337568,-0.0162905759625653,-0.047892613018684,-0.0877855205500462
4.22645462947251,1.56000808416675,-28.3412230224768,11.620664126498,-0.0108763033462393,0.0336657817918269,-0.0467034752671439,-0.0884238960800262
4.2486420369986,1.5599968766991,-28.4119944054664,11.5623389774035,-0.0260411389227544,0.0311131271954492,-0.0447302440668608,-0.0894382762899591
4.21956309189643,1.55998709897625,-28.4738461310303,11.5397857994739,-0.0145399875643628,0.065546762180829,-0.0473117379996025,-0.0880999401104051
4.2891792358427,1.55998261404327,-28.5434505058726,11.4834847557274,-0.0285354618619325,0.0348764994678969,-0.0410689129803631,-0.0911775432143868
4.26726835200436,1.55998515749404,-28.6004047599119,11.3480587847071,-0.0138975782761266,-0.0451700976811011,-0.0430566757631439,-0.090255873339232
4.25522982635159,1.55995856044936,-28.6282435681187,11.2438097393482,0.016301268977851,-0.0145180385321693,-0.0441400771846244,-0.0897310068267118
4.23831348608816,1.55994319608353,-28.7056147831794,11.1174633720754,-0.031719605495061,-0.0373748519206281,-0.0456516095656841,-0.0889715153521752
4.21052800496817,1.55992415177693,-28.733409556173,10.9996975356412,0.0203110137119777,-0.0300969520712959,-0.0481057867055088,-0.0876688843629488
4.24156582413326,1.55991430261817,-28.7594510878462,10.8929167195816,0.0193204715138515,-0.0176612970592487,-0.0453620031871454,-0.0891195190003257
4.22845055944157,1.55989765755028,-28.7459864300208,10.8076896829734,0.0599915522784746,0.00328990014718844,-0.04652689445302,-0.088516936755389
4.2685480401015,1.55988968895564,-28.7845713056827,10.692347097816,0.00435626551109891,-0.0250316866192799,-0.0429411411730219,-0.0903108985380979
4.22741547832627,1.55988048346698,-28.9144025223796,10.5656056083862,-0.0832127249749437,-0.0382727591938234,-0.0466184917219889,-0.0884687302359814
4.26401235989756,1.55985495165203,-28.9977908220681,10.4756734753148,-0.0400379802655406,0.000183069896396049,-0.0433503194229408,-0.0901152029678067
4.25608784323776,1.55984401933813,-29.1265856980211,10.4065159816108,-0.0847318057257684,0.0206113530199801,-0.0440630702271938,-0.0897688467239798
4.24219734392753,1.55982744517865,-29.222001129329,10.3459892740392,-0.0501097179028758,0.0286214406585215,-0.0453057134050068,-0.0891481482301421
4.21788453458917,1.55981409688746,-29.2863943749957,10.2647188745495,-0.0169336935900084,0.00675000108131307,-0.0474595520767129,-0.0880204005709914
4.26930061802358,1.55980434913475,-29.3949600792529,10.1826750264763,-0.0656925412265199,0.00829934144179223,-0.0428731630307125,-0.090343189514993
4.26777058009269,1.55979161586549,-29.4264956393396,10.1108323482153,0.0114757812135373,0.0184348079665515,-0.0430113413001634,-0.0902774862275244
4.24506407191471,1.55978165551498,-29.4465038214048,9.99135732744161,0.025041782034303,-0.0301973598801064,-0.0450499640995335,-0.0892776608935894
4.23747411955202,1.55976356363595,-29.426139192768,9.86383290685626,0.0660909018247517,-0.0385912550038947,-0.0457262731879665,-0.0889331655814605
4.26148616823366,1.55975071427296,-29.5140376793156,9.85427259071472,-0.0443206574153212,0.0804450881857601,-0.0435778291322541,-0.0900054043272962
4.22774609581333,1.55974739678725,-29.609251156185,9.78777936153922,-0.048624237004093,0.0219909091136206,-0.0465892398653623,-0.0884841382891179
4.25978248939013,1.55973311059039,-29.7326080054462,9.62527563693914,-0.0796257431426843,-0.072572693483699,-0.0437311061184507,-0.0899310311163883
4.21782143439205,1.55970961690347,-29.7855980141825,9.52731075378622,-0.00552490264946126,-0.00994747746424274,-0.0474651060868519,-0.0880174056886699
4.23449233152006,1.55969680618111,-29.832959085956,9.47664617470015,-0.00136982240713746,0.038131845288536,-0.0459912493664209,-0.0887964243746092
4.26796994376063,1.55968590104967,-29.90307743457,9.40516360428111,-0.0271250062192552,0.018803488913111,-0.0429933423947348,-0.0902860593321533
4.25092928648301,1.55967782477099,-29.9191055389435,9.23873305674132,0.0284974552171144,-0.0768901960598818,-0.0445255595905832,-0.0895403514799078
4.21910504032002,1.5596551813181,-29.9710467564926,9.06521147516898,-0.00458913019777896,-0.0854433219195325,-0.0473520873513734,-0.0880782596528105
4.25360957082297,1.55963491806876,-30.0498641287062,8.96178196946972,-0.0345319658715093,-0.0137701348274906,-0.044285406342041,-0.0896593708717629
4.20627342715475,1.55961741591032,-30.167625951237,8.78890410397902,-0.0692834782513794,-0.0854144437880935,-0.0484783442793936,-0.08746342170261
4.23484873927021,1.55959713218587,-30.2007377376925,8.67701053850552,0.0128478122566529,-0.0230807551012768,-0.0459595987122056,-0.0888128103722263
4.22676968818526,1.55957621500676,-30.3192522387494,8.55019712906871,-0.0718388868261242,-0.0383748034087876,-0.0466756142307897,-0.0884386060280153
4.23446725453193,1.55955614463481,-30.3518460397381,8.43213183499986,0.0133996751101781,-0.0292700230441829,-0.0459934760988401,-0.0887952710246746
4.26630660224306,1.55954003507902,-30.4157678904485,8.41088065041808,-0.0207783913088706,0.068963237274553,-0.0431434594014959,-0.0902144218563278
4.23728704278954,1.55953723664164,-30.4502847669531,8.2783355848566,0.0112260332117886,-0.0436204558593465,-0.045742909716406,-0.0889246097021333
4.25786423011094,1.55951681246616,-30.4229963271567,8.12023822746437,0.0711919763849389,-0.0682503792848932,-0.0439035365885196,-0.0898469781073383
4.22564719230479,1.55950218913333,-30.5041119079033,7.98906125310329,-0.0343407239713569,-0.042790817222941,-0.0467748567753194,-0.0883861571381422
4.2473098940759,1.5594819004327,-30.5060296262634,7.84442203115685,0.0429316305490541,-0.0552606120757053,-0.0448493489091542,-0.0893786098707345
4.23360341245898,1.5594644570022,-30.5498217580301,7.6703192792904,0.00227803225294831,-0.0853472450671084,-0.0460701640195936,-0.0887555067993403
4.25915681877987,1.55944174694182,-30.6003639854241,7.54162563407033,-0.00675486263569702,-0.0387899929721138,-0.0437873647583296,-0.0899036522479537
4.23741829037777,1.5594261945174,-30.5945697008586,7.45442182479589,0.0515255227474318,0.00172680330835018,-0.0457312381819001,-0.0889306125827902
4.26238239475406,1.55941412380646,-30.703816721791,7.40229023424188,-0.0657498745210727,0.0379128332270664,-0.0434971464113811,-0.0900444237810808
4.24171136548439,1.55940473915756,-30.7853269327,7.24268311958361,-0.036161178777447,-0.070480994554603,-0.0453490321315477,-0.089126120103659
4.22474505872812,1.55937836201476,-30.8383287276304,7.091422357987,-0.00614722107954524,-0.062916837587899,-0.0468545738508311,-0.0883439240087117
4.27177390793784,1.55935871269041,-30.8986723050645,6.99545447140703,-0.0176939902059905,-0.00551893573324413,-0.042649587228075,-0.0904489508467336
4.22636828211425,1.55934896886064,-30.951255772095,6.90358389297683,-0.00587235676772213,-0.00345071540151487,-0.0467111102628603,-0.0884198630286821
4.26831280493673,1.55932980948906,-30.9911652203591,6.83124439528806,0.00305293601982104,0.0179612970842973,-0.0429623842838382,-0.0903007947730684
4.25244479457228,1.55932295862495,-30.9797076363999,6.78325716043176,0.0558473933423649,0.0416204926169792,-0.0443898093831859,-0.0896077274732733
4.24365779985401,1.55931418319545,-31.0744095258447,6.67350967448886,-0.049526421251942,-0.020533265812066,-0.04517546819289,-0.0892142201308356
4.20897450382025,1.55929460654124,-31.096461565074,6.61779395399603,0.0261898830854665,0.0318783257167823,-0.0482419223148033,-0.0875940462096168
4.20981146090644,1.55929176229276,-31.1129841636296,6.5512194211803,0.0316459944134424,0.0210598591282203,-0.0481685929690159,-0.0876343919439467
4.23414083300297,1.55928256676958,-31.1814210482908,6.51153807666853,-0.022414426325053,0.0490989085217697,-0.0460224583361321,-0.0887802530335378
4.25856324944342,1.55926905295079,-31.2552989420293,6.46508054647039,-0.0300371726457467,0.0434201153766649,-0.0438407210927237,-0.0898776455748036
4.23870591999459,1.55926095849746,-31.2547937380871,6.36556163417474,0.0461218945541342,-0.0105294885554637,-0.0456166906119757,-0.0889894237401911
4.26692553919399,1.55924715189869,-31.2483000134865,6.24288454069508,0.0495813387027688,-0.0324359858236223,-0.0430876141021065,-0.0902411076560342
4.2434495948856,1.55923762031014,-31.3395555546422,6.15321214581264,-0.0460614990982444,-0.00046758244215539,-0.0451940420574768,-0.0892048124402883
4.2240887882765,1.5592168194388,-31.3644382984392,6.05283880023375,0.0220297974666437,-0.0120601898647745,-0.0469125412636572,-0.0883131557141158
4.27448309932036,1.55920443441724,-31.3664698887503,5.96779703274753,0.0403727971806216,0.00552239717866954,-0.0424043874917666,-0.0905641646648834
4.25010550625556,1.55920047620387,-31.3461282431136,5.86937376062143,0.0649409516822557,-0.00891963029931908,-0.0445993060455185,-0.0895036418267893
4.2175140198505,1.55918325031563,-31.3816805175728,5.81161286832955,0.0119398872148082,0.0302419177742106,-0.0474921616740303,-0.0880028100660869
4.24289287338173,1.55917556426586,-31.4541926986338,5.73893305911575,-0.0272684837724029,0.0164998289087084,-0.0452436972885518,-0.0891796381225103
4.21811334497002,1.55916012385883,-31.5211240493603,5.69080606604516,-0.0194919398733635,0.0399042644343774,-0.0474394108531577,-0.0880312575049642
4.24537498688799,1.55915244663944,-31.5606108381018,5.67482748094352,0.00553541541944647,0.0733130781849525,-0.0450222041609819,-0.0892916632865962
4.20065069968915,1.55914592092568,-31.6264614645789,5.58103078417872,-0.0168812681265083,-0.00660723672098573,-0.0489693583505861,-0.0871894600438143
4.22594092237788,1.55913879419656,-31.7050147822025,5.47774963407365,-0.0318044245381177,-0.0148812575978887,-0.0467488930854906,-0.0883998925071822
4.24114568570653,1.55911385765612,-31.824693226986,5.41328798559873,-0.0742790030664491,0.0246388043397889,-0.0453994417169804,-0.0891004528147108
4.19439056883967,1.55909754133376,-31.8313613514613,5.3358569472723,0.0428460882059865,0.00945016069008631,-0.0495142126813423,-0.0868811990165122
4.20765493671097,1.55909973251394,-31.9505391722454,5.24065055599614,-0.0708203542813148,-0.00767607976392082,-0.0483574665028111,-0.0875303115122385
4.22868500125486,1.55907491821713,-32.0210686992268,5.21770581254411,-0.0240233858779106,0.0655830987201877,-0.0465061411034223,-0.0885278421722148
4.27069222593973,1.55906227326229,-32.1339180157076,5.12740677739148,-0.0701019172206738,0.000103729498108329,-0.0427473992601025,-0.0904027646507417
4.24387513971502,1.55904810031638,-32.2274728550363,4.98193718413701,-0.0483987620089126,-0.0562455568008176,-0.0451560773198713,-0.0892240364536474
4.18529908539493,1.55901940589125,-32.4246481804987,4.89549971191616,-0.146873290965989,-1.00152090514172e-05,-0.0503020344963612,-0.086427457011802
4.20626414404359,1.55901635462631,-32.6385055017607,4.86358100663589,-0.165378165052016,0.0555442663887131,-0.0484791562099716,-0.0874629716689822
4.20404376378706,1.55898805833601,-32.7620289295556,4.80955997967042,-0.0748501901922491,0.0333340870306511,-0.048673237602655,-0.0873551139961221
4.21831094006155,1.55897513268076,-32.9188232736095,4.68376766727194,-0.109372328671105,-0.0377516828173867,-0.0474220153827791,-0.0880406295810943
4.23897779672192,1.55894383840681,-32.9694848925454,4.56889375930588,-0.00506912416284333,-0.0258720853983814,-0.045592494773057,-0.0890018225676799
4.27307569342923,1.55892149477813,-33.0950338678667,4.45374007596359,-0.0830171693298469,-0.0246492885368124,-0.042531805991447,-0.0905043948054784
4.24491914450341,1.55890218116723,-33.1888168845124,4.45707047854751,-0.0487201142391083,0.0926015335652659,-0.0450629024066546,-0.0892711309813443
4.27495391368814,1.55889315809053,-33.2820538275497,4.40113889884265,-0.0508751991536762,0.0346525395166681,-0.0423617438836023,-0.0905841192215285
4.24545320546105,1.55888371723836,-33.3163324748041,4.38890195372954,0.0107365725023794,0.0770582394729029,-0.0450152197567742,-0.0892951845860085
4.29706182802677,1.55887645512778,-33.2978194305964,4.37767181406468,0.0588619733343023,0.0802682970340065,-0.0403489291265868,-0.091498436698873
4.28026998168628,1.55888917344553,-33.3692918332075,4.32831059997601,-0.029592806378961,0.0414468220063533,-0.041879596232125,-0.0908080360950185
4.21254881257108,1.55887047494754,-33.4135744895475,4.26208442676171,0.0036458703140978,0.021539744616959,-0.0479285266541418,-0.0877659178312585
4.24280526378265,1.5588626984348,-33.4084315422644,4.21417786608032,0.0503944573903334,0.0412691133166989,-0.0452515101072511,-0.0891756739980885
4.28535612197457,1.55884853568332,-33.5010948898284,4.13778869361596,-0.0512461534382069,0.0146306936679679,-0.0414171941257814,-0.0910198661323304
4.25985113407156,1.55883955412116,-33.6046187840008,4.06323450685784,-0.059798961443926,0.015379846054234,-0.0437249327284423,-0.089934032812352
4.24608379787337,1.5588167316004,-33.6834555500504,4.01576569962269,-0.0338778641050581,0.0418547458510181,-0.0449589019445711,-0.0893235530861734
4.2442305498996,1.5588054329057,-33.7701834661406,3.94167333614561,-0.0416035527528757,0.0151477162707838,-0.045124363337297,-0.0892400797478555
4.28628404841496,1.55879054707716,-33.8251768054528,3.87241951661711,-0.0136606227457339,0.0218044395216124,-0.041332716566433,-0.0910582590501209
4.28026586995659,1.55878423611484,-33.8594740973206,3.76506460110785,0.00758267774206534,-0.0165470516125836,-0.041879969609869,-0.0908078638966717
4.25766340728496,1.55876600839459,-33.8434476952695,3.65797043559847,0.0599479810782286,-0.0172560060460292,-0.0439215790271368,-0.0898381594633538
4.22067516435607,1.55874880208369,-33.8962974613118,3.60643731347468,-0.00563603079496566,0.0366193775798038,-0.0472137352473718,-0.088152499703588
4.2394103082088,1.55874459061683,-33.9347040913144,3.54277328868677,0.00714736619661149,0.0253575087322435,-0.0455539961992358,-0.0890215335201546
4.24777421669197,1.5587287580492,-33.9405050205389,3.54913825225685,0.0390069143415852,0.0957643883722703,-0.0448078435660308,-0.0893994248021882
4.27960525698169,1.55872831751286,-34.0001136210381,3.54668171916199,-0.0176686511789947,0.0883236445377964,-0.041939949320211,-0.0907801776326646
4.25214094922582,1.55872819430914,-34.0953591302987,3.51995063984856,-0.0508284750358916,0.0628631563866646,-0.0444170342246884,-0.0895942357000876
4.30103216226929,1.55871438053073,-34.1166554090827,3.49261058691077,0.0186890538997684,0.0643178609058266,-0.039985332683809,-0.0916579138436236
4.26672785953866,1.55872263636147,-34.2114728483078,3.3803041259653,-0.0517119871339657,-0.0220738725972689,-0.0431054520911754,-0.0902325883481981
4.23376395589903,1.55868940445679,-34.3392727310505,3.33407465127162,-0.0817439684310601,0.0425334272244404,-0.0460559143115596,-0.0887629019181227
4.24936497598004,1.5586770969811,-34.4481166688659,3.17970379628902,-0.0641783638482067,-0.0649002648304133,-0.0446655739672065,-0.0894705901521835
4.26582271065712,1.55864696006544,-34.5837987810099,3.0342512551256,-0.0924950037956513,-0.0552590066251701,-0.0431871083484159,-0.0901935345382483
4.237581303714,1.55861900698467,-34.6690906491062,2.96237292710168,-0.0395751273977414,0.017059738178947,-0.0457167406984975,-0.0889380662028714
4.26024783884498,1.55860576075865,-34.7390258797191,2.89083099437913,-0.0262459785842832,0.0184094389022151,-0.0436892520286699,-0.0899513716247582
4.21855364908952,1.55858926151591,-34.830354599822,2.90064424647915,-0.0439280743722712,0.0978653888391197,-0.0474006457306009,-0.0880521367391051
4.25214416245462,1.55859448068531,-34.8512350979621,2.78752157319851,0.0235362481975532,-0.0235282948589211,-0.0444167463376806,-0.0895943784217187
4.28903465168886,1.55856826203568,-34.8684147389954,2.69376719607964,0.0239024543456967,-0.0025827727715102,-0.0410820953789878,-0.0911716043473611
4.24105723585361,1.55856011162865,-34.8908318443955,2.64235325541574,0.0229902170612508,0.0376824962283484,-0.0454073224613285,-0.0890964368922401
4.27675529372814,1.55854765697958,-34.9673522884834,2.54859470814466,-0.0343219452716408,-0.00309826546227132,-0.0421984988162697,-0.0906602818088124
4.25816853221215,1.55853021566266,-35.07503221072,2.47394679638291,-0.0638037283046433,0.0152124221239145,-0.0438761939319873,-0.0898603338856619
4.28263693336283,1.55851094649682,-35.1447846584319,2.44339796909292,-0.02808790682659,0.0603580813188938,-0.0416645408852115,-0.090906908608887
4.2551154213356,1.55850536973347,-35.3191643033942,2.34910995300629,-0.130229302389322,-0.00456205969336665,-0.0441503425730089,-0.0897259563932643
4.26730328757579,1.55847803760917,-35.4514315204564,2.25848462778996,-0.0892136944658759,-0.000367947722600626,-0.0430535225963592,-0.0902573774937251
4.23857603234157,1.55845680240545,-35.6114610928582,2.25237382340993,-0.11440132354725,0.0828726935646316,-0.0456282488545415,-0.0889834979446641
4.26739068406556,1.55844920984026,-35.6675538288081,2.25129483025318,-0.0130471016959515,0.0891821467190121,-0.0430456342539757,-0.090261139875768
4.23974104314052,1.5584414046018,-35.7593616880939,2.20899226337663,-0.046283308108249,0.0467340280723167,-0.0455245511774872,-0.0890365949488655
4.28477706752438,1.55843354156348,-35.8244090903328,2.12920280114626,-0.0235775096012603,0.0112064058330699,-0.0414698926376988,-0.0909958680634332
4.22781606811436,1.55841638556223,-35.8223869818621,2.07502503553191,0.0486051567833368,0.0343096324144607,-0.0465830483125531,-0.0884873980288173
4.26932184919249,1.55841553382506,-35.8061637610248,2.01222096776637,0.0590944657667816,0.0275400319764616,-0.0428712449295337,-0.0903440997419972
4.24307220143937,1.55839927834991,-35.8364792960709,1.87801276848196,0.014912169103761,-0.0450204491315356,-0.0452277041498655,-0.0891877501528783
4.27337403357699,1.55838136633891,-35.8483050454634,1.76674063691544,0.0306790536120136,-0.0207550518437021,-0.0425048030045177,-0.0905170797228189
4.24136508639038,1.55836277608098,-35.8571199870946,1.62764595814593,0.0365649502929593,-0.0499842674308155,-0.0453798919241703,-0.0891104113386905
4.26422378613064,1.5583452575545,-35.8760841570167,1.49703286818296,0.0243670958142239,-0.040488723614617,-0.0433312657362738,-0.0901243663483546
4.24429138528965,1.55832268881198,-35.9451165648012,1.44317552194696,-0.0239134734857647,0.0353854785049581,-0.0451189342987395,-0.0892428247409618
4.28809726209688,1.55831272909652,-35.940581482381,1.41185571427415,0.0457026230502713,0.0598132466953656,-0.04116754063007,-0.0911330543681684
4.23348080112836,1.55831024157954,-35.89922936487,1.33530952950912,0.0874331636149908,0.0122036726430519,-0.0460810461040561,-0.0887498574080874
4.25037669203793,1.55830358880099,-35.9642938590578,1.20355084833129,-0.0204894618969824,-0.0422429479446063,-0.0445750322907278,-0.0895157332332176
4.27281201085989,1.55827629949569,-35.9954427704625,1.14096694181247,0.0114067575392269,0.027909270244586,-0.0425556689439433,-0.0904931767634086
4.24623039037162,1.55826513168769,-36.0120380425672,1.1046798849886,0.0283505351940292,0.0530430859402777,-0.0449458072987495,-0.0893301427641515
4.25366897563792,1.55825979122891,-36.059034711372,1.03255699907842,-0.00271658873923997,0.017539115569754,-0.0442800800655685,-0.0896620014799293
4.29169020725218,1.55824521709987,-36.1107209479437,0.924976198636635,-0.0108463970241957,-0.016300421905477,-0.0408398395475301,-0.0912803785363097
4.26431339803649,1.55823128219511,-36.103875296574,0.871674960695289,0.0501688407158305,0.0368270110424467,-0.0433231893460713,-0.0901282489837923
4.22829984990958,1.55821881752994,-36.1366922355736,0.783301563244344,0.0137232952710651,0.000136526252723534,-0.0465402342706899,-0.088509923703669
4.23995583292325,1.55821105215898,-36.152575199028,0.744535436704159,0.0296224625221679,0.0502802445632264,-0.04550542597662,-0.0890463711034108
4.25374860889991,1.55820032692813,-36.2229023248132,0.647765098994136,-0.0260541859375838,-0.00710481034717514,-0.0442729398475222,-0.0896655273628482
4.27837823799269,1.55817902025974,-36.2730252057186,0.611391803190509,-0.0080715741832762,0.0543553523895355,-0.0420513067221615,-0.0907286481931627
4.23108655687476,1.55817145942805,-36.3203610450694,0.567735619140471,-0.00104243669122006,0.0449830898086585,-0.0462934026595919,-0.0886392738586959
4.24394708591812,1.55816670003979,-36.3820427894668,0.44026938628998,-0.0165320865250571,-0.0382389478194591,-0.0451496578723586,-0.0892272850310317
4.26971611081089,1.55813993585203,-36.3916812774836,0.36293657246461,0.0331971343706527,0.0130281813809541,-0.0428356223874783,-0.0903609952063243
4.25065060497121,1.55812615548378,-36.4021182768251,0.263501790263174,0.0341135117602924,-0.00990684264863173,-0.0445505111017753,-0.0895279395528044
4.25969357494788,1.5581115418081,-36.4930048457395,0.1378589714028,-0.0471474668013236,-0.0357156764263777,-0.0437391021130491,-0.0899271424339963
4.29767104614411,1.55808614018361,-36.534820817515,0.0687644923020933,-0.00152279263853927,0.0224285219156135,-0.0402931791370032,-0.0915230010163203
4.24440761938217,1.55808093302586,-36.6295587765962,-0.0267154690242679,-0.0496293981459157,-0.00623189282987902,-0.0451085609352287,-0.0892480684964821
4.25573650485266,1.55805469923679,-36.6662695695477,-0.10349052047306,0.00738381379709097,0.0129783086870967,-0.0440946067486423,-0.089753360135889
4.28088320893516,1.55803898029738,-36.7417444900791,-0.137373634727615,-0.0336510181322911,0.0569505864743611,-0.0418239023991028,-0.0908337007289163
4.25845381042395,1.55803019044818,-36.7691770140431,-0.220115557108894,0.016418032987648,0.00713092476977772,-0.0438505569515698,-0.0898728471510563
4.27448026327465,1.55801438799854,-36.8202694522675,-0.337599295953881,-0.00868779388874863,-0.0269196944412493,-0.0424046443357063,-0.0905640444037381
4.25603543515212,1.55799402503335,-36.78521213858,-0.492332065365453,0.0791250884675669,-0.0649662320720292,-0.0440677747800869,-0.0897665373395428
4.26765250246054,1.5579731370092,-36.786047538945,-0.52271958172808,0.0421866003870992,0.0598848905582336,-0.0430220007521099,-0.0902724069208607
4.22813491230339,1.55796851687249,-36.7919358028772,-0.659165331040734,0.0406665683203666,-0.047943503047712,-0.0465548322525137,-0.0885022462649413
4.22590097894429,1.55795479099691,-36.8617775593451,-0.724886779218233,-0.0230893324245169,0.0226765769478572,-0.0467524240434326,-0.088398025125356
4.25505915610013,1.55794118514679,-36.93271223705,-0.824256031286628,-0.0267792867497292,-0.00964577994657656,-0.0441553909551848,-0.0897234721218188
4.28139871045062,1.55791323082139,-36.8944033944859,-0.899858760344792,0.0800859144977775,0.0152525198857107,-0.041777071933616,-0.0908552489438749
4.23801181166997,1.5579069768712,-36.9290862298064,-0.924135858392797,0.0109956125975472,0.0646806413330885,-0.0456784479180878,-0.0889577393810935
4.27894510308418,1.55790180403073,-36.9127477539789,-0.945941877188335,0.0583383448926362,0.0689464522369883,-0.0419998690651581,-0.0907524710325266
4.24959995210157,1.55789816411649,-36.8794072199799,-1.01490149324732,0.0779850832811313,0.0205214669664353,-0.0446445492820573,-0.0894810830254192
4.28318016174255,1.55788899920082,-36.9099469631803,-1.06060186058142,0.011075408326958,0.045229161221525,-0.0416151515274293,-0.0909295285556298
4.24297891747719,1.55788245673657,-36.8421572440368,-1.04294520776193,0.113025742883272,0.106840183564888,-0.0452360237397825,-0.0891835307453895
4.27363677109034,1.55788858972624,-36.8372606441852,-1.07299590446282,0.0473776191569311,0.0604775475037984,-0.0424810193052752,-0.0905282442046947
4.22343412612758,1.55788385688137,-36.8068467790916,-1.04881099288831,0.077384211580414,0.112467336501009,-0.0469703464868777,-0.0882824249264974
4.26373814743431,1.55789680782432,-36.7974271653681,-1.05330822881171,0.0527946422281351,0.0856060764586943,-0.0433750285046042,-0.0901033123820916
4.25809478477244,1.55788857871511,-36.7909788734142,-1.05772969398731,0.0503311127361323,0.0854356327087373,-0.0438828207822223,-0.0898570978843372
4.26841370089488,1.55788826819346,-36.7359965545846,-1.0755181195783,0.0979355919095601,0.0725167034533678,-0.0429532730799643,-0.0903051290443573
4.22848358492781,1.55789024771366,-36.7530593224035,-1.13472234381906,0.0294612032938604,0.0293142490396687,-0.0465239711127701,-0.0885184732804297
4.25596099660226,1.55788524650668,-36.7872941904911,-1.18949737705431,0.00983958866130941,0.0349882235143446,-0.0440744567488541,-0.0897632567495932
4.30250017700791,1.55786880339953,-36.8517356334379,-1.23754250685486,-0.0245907084686383,0.0436713843152292,-0.0398507344781714,-0.0917165141157811
4.26908531289167,1.5578691138781,-36.9356920219724,-1.34772181782333,-0.0410637751453331,-0.0198453543594166,-0.0428926133891775,-0.0903339566090546
4.20446102672452,1.55783466114463,-36.9423821298193,-1.35209502051511,0.0419466754681181,0.083002213237223,-0.0486367833150359,-0.0873754159290029
4.21616176330542,1.5578523731502,-37.0145579156467,-1.33759910626566,-0.024564665235733,0.102434422287791,-0.0476111205916361,-0.0879385080383371
4.23401044903669,1.55784235495415,-37.0404424976357,-1.3630176234881,0.0201494514773515,0.0633557344658193,-0.0460340334664266,-0.0887742516882678
4.25856512563539,1.55782853091275,-37.071224291458,-1.44491779196264,0.0130587586426705,0.00797755935371303,-0.0438405524649299,-0.0898777278282542
4.26947750761135,1.55780936037309,-37.1447358462675,-1.53936245180703,-0.0306543732189564,-0.00409388792671628,-0.0428571815904957,-0.0903507719176725
4.25390531067532,1.55779007812528,-37.1430098486487,-1.51727569118764,0.0459848861753906,0.1117592245296,-0.0442588885566774,-0.0896724639102083
4.2964001476869,1.55779335544868,-37.2229773030242,-1.488036302996,-0.0395579913694082,0.120711106769364,-0.04040946300606,-0.0914717185777214
4.2610928693769,1.55779938763159,-37.2591781925831,-1.53985486706507,0.00741233522464668,0.0381696941870904,-0.0436132247835697,-0.0899882582561626
4.30677198510655,1.55778104918881,-37.3287620732468,-1.55721012897923,-0.0301253039460407,0.0745306495381564,-0.039458576717583,-0.0918859114523147
4.26425859406498,1.55778593433576,-37.3969199233631,-1.61594113620788,-0.0248297214493318,0.0313948673369602,-0.0433281286669983,-0.0901258745656098
4.24992973572642,1.55775926324566,-37.5136101096492,-1.65102935982483,-0.0720751488271434,0.0544075775836408,-0.0446150374589677,-0.0894958012005865
4.28269057135498,1.55774661028767,-37.5191526996447,-1.75890215989934,0.036117074765678,-0.0169636567940854,-0.0416596647612281,-0.0909091432804319
4.24603849412973,1.55773061635138,-37.6227242278614,-1.870804692299,-0.0586085796268723,-0.0225810162117148,-0.0449629485897825,-0.0893215161879408
4.26365926115435,1.5577055294297,-37.7062178151963,-1.9830041196245,-0.0401114510501719,-0.0220995369184114,-0.0433821362847609,-0.0900998904070945
4.31510002321125,1.55767976539668,-37.6598742339549,-2.10852031790074,0.0850355690918025,-0.0333048645032621,-0.0386919878503317,-0.0922113337729684
4.28487810523468,1.55768126376214,-37.7297636918166,-2.17051061138415,-0.0284287594498833,0.0290097641385429,-0.0414606984118837,-0.0910000576219533
4.2546516397031,1.55765174787167,-37.7628955277293,-2.29417687403001,0.0110601151611345,-0.0339607920195544,-0.0441919510738265,-0.0897054706263143
4.27495966560097,1.55762759947262,-37.821621366658,-2.35659848242386,-0.0163646160777304,0.0281627544872447,-0.0423612228509443,-0.090584362881088
4.26241788568656,1.55761368807311,-37.8202772816085,-2.43234853244935,0.0448380356729485,0.0142959174531607,-0.043493950623421,-0.0900459674786574
4.27247222060251,1.55760112145803,-37.8543253934369,-2.48150077336174,0.00853830335807704,0.0413264706255396,-0.0425864151864916,-0.090478711537929
4.26273821822514,1.55759134231934,-37.8939597919368,-2.52652463058055,0.00383070523910778,0.045036038167293,-0.043465103739042,-0.0900598953860947
4.28206943957192,1.55758075012488,-37.9641483969736,-2.58676888217988,-0.0284724817571735,0.0306389980043171,-0.0417161232796123,-0.0908832496036547
4.25255711390056,1.55756801692212,-38.0378749223997,-2.68447907369809,-0.0293467810026655,-0.00809747877659994,-0.0443797444234458,-0.0896127127416062
4.27292482393421,1.55754585578982,-38.0694773948982,-2.7522931910429,0.0109429873612044,0.0226838596785872,-0.0425454598596911,-0.0904979770233977
4.26194242166634,1.55753219805502,-38.1912906982818,-2.79112940269439,-0.0782765440603024,0.051189065841156,-0.0435367593232576,-0.0900252774926506
4.29286238666067,1.5575163941028,-38.3085028726781,-2.89199054886194,-0.0764793598615201,-0.00953295873305215,-0.0407328145348531,-0.0913281874344896
4.25714479610486,1.5574958401295,-38.3384507128438,-2.93196779060388,0.0140203240267409,0.0498381274191733,-0.043968164192426,-0.0898153691611178
4.29776325352504,1.55748322370939,-38.3520254665518,-2.95981363905543,0.0267099861615678,0.0636808675042118,-0.0402847398695062,-0.0915267159557592
4.2986870667087,1.55748348864636,-38.4015557752147,-3.02521333486522,-0.00933013955841133,0.0261641966586117,-0.040200169104559,-0.0915638924684008
4.25728862071511,1.55746951767763,-38.4401417083936,-2.9880559228213,0.00536931289837295,0.126979103980156,-0.0439552460772539,-0.0898216919362358
4.28761808404121,1.55746656992868,-38.5051773908212,-3.00387256048039,-0.0238244775656957,0.0752966796651529,-0.0412112048619253,-0.0911133173242442
4.28371792550577,1.55746079897864,-38.5686897893677,-3.01448998592381,-0.0219461516394803,0.0803344690836707,-0.0415662469069817,-0.0909518945270951
4.23025828433854,1.55745320158832,-38.6078307048257,-3.17517368710563,0.00722588878987551,-0.0720828012776056,-0.0463668042479104,-0.0886008999042107
4.28136111602248,1.55743273561201,-38.5994901915149,-3.26334448759276,0.0501210008660697,0.00268287780741039,-0.0417804875552199,-0.0908536782945419
4.26492285184086,1.55741044959333,-38.6989128586379,-3.37074943478402,-0.0561544148236202,-0.0172503114648861,-0.0432682522993959,-0.0901546357263775
4.29854604726518,1.55738427191848,-38.8003093164131,-3.4388455945262,-0.0611833767812247,0.0234620628103235,-0.0402130809939584,-0.0915582225525012
4.25509481523447,1.55737093978081,-38.8800050972605,-3.49809757934977,-0.0355435893816445,0.0304730617842175,-0.0441521914657668,-0.089725046607791
4.27779551502366,1.55735094124929,-38.8941925130787,-3.56760458397008,0.0279167534286682,0.0211971239077551,-0.042104169246823,-0.0907041285280603
4.23559531134996,1.55733738205445,-38.9363623473189,-3.60764246250844,0.00372344650532597,0.0488092192330811,-0.0458932807455698,-0.0888470977714428
4.24882091826213,1.55733516898603,-38.9657970151131,-3.61795156813985,0.0152795767252618,0.0791371706301356,-0.0447142445194256,-0.0894462762615472
4.26764814879925,1.55732630243961,-38.9991043726688,-3.64539111749173,0.0097150362114844,0.0628326702649136,-0.0430223937671855,-0.090272219616786
4.304843536647,1.55731612126318,-38.9982163808322,-3.74552613157853,0.0405236923171826,-0.00832536727663835,-0.0396357004806537,-0.0918096468101686
4.26826683188274,1.5573078000069,-39.0804133343433,-3.8830818145185,-0.0392304178692795,-0.0472568633743329,-0.0429665356417485,-0.0902988195656308
4.28635358716223,1.55727057004246,-39.1728686951051,-3.97893870546821,-0.0511289763725653,-0.0047957578944271,-0.0413263843892401,-0.0910611330552875
4.25350867021271,1.55724903532518,-39.2831018266185,-4.04976913005751,-0.0659386787115785,0.0188244774015349,-0.0442944528018286,-0.089654901990837
4.26512009842745,1.55722926819403,-39.3436792067715,-4.07564783998194,-0.0173269113894268,0.0642844585631799,-0.0432504687636466,-0.0901631684876082
4.30103306834236,1.55721828139371,-39.4054473735269,-4.14289740802107,-0.0217829171203174,0.0244083820340881,-0.0399852496350247,-0.0916579500732193
4.26116718002792,1.5572072485627,-39.5142262152594,-4.21582896802379,-0.0651723041554071,0.0170599389321071,-0.0436065375771025,-0.0899914989348258
4.27299746015374,1.55718212489739,-39.6854343312791,-4.26353166026624,-0.128669229703176,0.0427983748835714,-0.042538886316535,-0.0905010671260229
4.29483542917145,1.55715959944058,-39.7565775516986,-4.32691120641773,-0.0305906794482915,0.0280288310399772,-0.0405525409712303,-0.0914083771914625
4.24728109255232,1.55714566375629,-39.8451970856417,-4.41075802463316,-0.0437676108124148,0.00553049988864762,-0.0448519231306913,-0.0893773181040836
4.2785012243918,1.55712799386719,-39.9980126893582,-4.57133179958476,-0.110775455702049,-0.0698399557058209,-0.042040148014426,-0.090733819245776
4.23029346209127,1.55708270024129,-40.0504643029911,-4.72252245628908,-0.0060879261942457,-0.062588125774955,-0.0463636874386734,-0.0886025309293645
4.25008849204174,1.55706795484592,-40.1311764058621,-4.85139105638343,-0.0361112739978644,-0.0393657171026436,-0.0446008288731626,-0.0895028829917052
4.27209629966389,1.55702937485159,-40.1878708406064,-4.96100485392067,-0.0140740097255172,-0.0191511015171772,-0.0426204250187743,-0.090462696020067
4.2752960875611,1.55700092259762,-40.28692053259,-5.13336956405531,-0.0567189460982185,-0.0817661011343498,-0.0423307458853858,-0.090598609000287
4.27942039353657,1.55696295543959,-40.4020928900589,-5.23830404111813,-0.0732156269289703,-0.0141620541448157,-0.0419567305398625,-0.0907724229180061
4.25667039774017,1.55693536499058,-40.4397406898308,-5.28532013460253,0.00636296773551059,0.0427784071456663,-0.0440107675074802,-0.0897945006300638
4.2767018257348,1.55692758890633,-40.549181341415,-5.38440176128156,-0.0672373054048254,-0.00842360126886699,-0.0422033461792924,-0.0906580254101688
4.31907570647244,1.55689799222925,-40.586364025662,-5.48051481822864,0.00114239572934594,-0.00374862523875708,-0.0383250799764291,-0.0923644317083168
4.29088703696823,1.55688878824639,-40.5929043639178,-5.5402711011838,0.0343728017989449,0.0314912647974621,-0.0409131400546637,-0.0912475477526244
4.2676204799006,1.55686788407751,-40.661105834453,-5.58517135273407,-0.0251765790515854,0.0453707776497076,-0.0430248914836124,-0.0902710291999785
4.26686923887887,1.55685459186256,-40.7506841527551,-5.68960530828295,-0.0464856236654718,-0.0141952738821192,-0.0430926946366135,-0.0902386816667641
4.32037015227972,1.55682905064178,-40.808808907298,-5.76237290660601,-0.0199192673930728,0.0196463657280452,-0.0382054871498962,-0.092413964051106
4.31215581968769,1.55682094806554,-40.8922011277308,-5.76094531472549,-0.0444289117382723,0.0935246090720605,-0.0389633086944896,-0.0920970171915351
4.29757422393458,1.5568098693634,-40.9812872794266,-5.84555319875506,-0.0487841112885263,0.00691121528313055,-0.0403020404073059,-0.0915190993127002
4.24083808586563,1.55678270186982,-41.0257244161895,-5.88914652513526,0.000989710090982143,0.0454931573584394,-0.0454268468538636,-0.0890864837386437
4.26129251834744,1.55678214051186,-41.0735395390924,-5.92629816219814,-0.0042198650515477,0.052845326735202,-0.0435952578513621,-0.0899969637980818
4.27932573867508,1.55676254846049,-41.0960843780697,-5.92117402170945,0.019420483425705,0.0958925915915469,-0.0419653224030117,-0.0907684511028545
4.31487896410659,1.55675833979328,-41.1605942029974,-5.97767075051609,-0.0257974538680692,0.0357060494971571,-0.038712371059666,-0.0922027783037948
4.29665686165833,1.55674941667804,-41.2357718187835,-6.06932658892253,-0.0347916361794276,-0.000173749169193549,-0.0403859796066347,-0.0914820892372517
4.26585148388958,1.55672113924733,-41.2349199463738,-6.12132921531292,0.0440363855807639,0.0381921507432337,-0.043184513171003,-0.0901947771336205
4.30000427238214,1.55671318832506,-41.3065540556878,-6.26023453720098,-0.0315545835275248,-0.0472885569772306,-0.0400795257865329,-0.0916167649108319
4.28834746943622,1.55668148559078,-41.3503042987201,-6.37804647003998,-0.0026055058496528,-0.026668580902766,-0.0411447371826272,-0.0911433519362358
4.24695564239063,1.55665485596301,-41.3423105483626,-6.47944193716403,0.0528747589750083,-0.0120327508186635,-0.0448810086174974,-0.0893627163053816
4.26270837438105,1.55664640872356,-41.3369285823999,-6.50972695811644,0.0488497574157787,0.059773577227801,-0.0434677914531625,-0.0900585981802092
4.2644696850747,1.55663485958348,-41.3731965701339,-6.54519304456864,0.00704111520593464,0.0546689322837906,-0.0433091029399374,-0.0901350187359935
4.29880940708486,1.55662493493568,-41.3906100736927,-6.59381184242074,0.0227754632839918,0.0429500120348687,-0.0401889668426982,-0.0915688098869725
4.25334882811745,1.55661367379167,-41.3416465414585,-6.63413356911152,0.0932723150974866,0.0493260940366305,-0.0443087828633015,-0.0896478207274042
4.28011471247905,1.55661480999391,-41.3069869066316,-6.69554875299912,0.0765533302459147,0.0293863485011086,-0.0418936954190155,-0.0908015323887144
4.31640075635915,1.55660042133616,-41.3293674299281,-6.8049464932199,0.0161914895175297,-0.0171361565173218,-0.0385720128140912,-0.0922615837034547
4.2919517842181,1.55658713527634,-41.3203412501081,-6.8414025026478,0.0498421411261383,0.0548350487467866,-0.0408159613061546,-0.0912910581746892
4.25902451247407,1.55657335053265,-41.389896157339,-6.92781182561911,-0.0257556480356875,0.00348853514531222,-0.0437992591951541,-0.0898978581166187
4.28350623089052,1.55655431672155,-41.4761045849579,-7.03269734604244,-0.0446229276171248,-0.013942427284803,-0.0415855000017687,-0.0909430931385275
4.24302705677704,1.55652403877349,-41.4941317787316,-7.13160899677567,0.0272045366809106,-0.00972594246066927,-0.0452317304546409,-0.089185708272563
4.26854776327593,1.55651480478701,-41.5179364914062,-7.22398051361712,0.0191364534987919,-0.00206063019055835,-0.0429411661733864,-0.0903108866508884
4.28597193546458,1.5564861322292,-41.5336579139774,-7.28829117532452,0.0256397124434571,0.0267346924316143,-0.0413611350146569,-0.0910453541390187
4.24434200882549,1.55647178807721,-41.5370881394327,-7.41032195129118,0.0416841909982537,-0.0327856672600599,-0.0451144164535903,-0.0892451087065954
4.27405829374317,1.55645794190983,-41.6143393353004,-7.50881284313608,-0.034808340040934,-0.00794474897137132,-0.0424428558267096,-0.0905461428735269
4.28832653830642,1.55642377590692,-41.6697278402333,-7.59551581089609,-0.0142418600259528,0.00443952295041816,-0.0411466449069439,-0.0911424907104357
4.25639967094451,1.55640272027782,-41.7437789514511,-7.66362339054977,-0.0300160355460264,0.0216750027918158,-0.0440350756717662,-0.0897825824454934
4.25794173767203,1.55638770779863,-41.8099144709232,-7.74483247173086,-0.022238946835671,0.00864129951241277,-0.0438965726365085,-0.0898503806935048
4.28932395276442,1.55636620279661,-41.9104564789503,-7.8897121607398,-0.0594862904101117,-0.0536962033826676,-0.0410557176169725,-0.0911834856262658
4.26680533804782,1.55632606737276,-41.9795252835074,-7.97251496148428,-0.0259703436817045,0.00743312707904908,-0.0430984608753802,-0.0902359278235301
4.27105542080398,1.55630579909144,-42.0614882992481,-8.04502942814685,-0.039248453119173,0.0179038176611652,-0.0427145626215731,-0.0904182843237346
4.30793575358237,1.55628400840128,-42.162165088203,-8.05571190280518,-0.0613251728607356,0.0812492952081378,-0.0393516160941016,-0.0919317698664746
4.29731205207819,1.55627587925006,-42.2477298279104,-8.10529701778378,-0.0452387069533113,0.0419234151282359,-0.0403260327541309,-0.0915085301068308
4.26552289882197,1.5562559734421,-42.2678886709163,-8.15790522244312,0.0230553044902102,0.037572377819276,-0.0432141474961363,-0.0901805824786144
4.33032565210165,1.55624603202125,-42.3461211613194,-8.19311223946366,-0.0409489085533359,0.0575827158406566,-0.0372835818497467,-0.0927897328612021
4.30965794600639,1.55624344932931,-42.385126353822,-8.24464296676314,0.000188041114789428,0.040468677256273,-0.0391932336173903,-0.0919994045557506
4.27693204651835,1.55621989887803,-42.4131544218475,-8.27310888363261,0.0141544056739473,0.0622018222255236,-0.0421824736994089,-0.0906677390949983
4.3041360007032,1.55620878838548,-42.5224609239283,-8.37927121492664,-0.0696058529014003,-0.0143807511445482,-0.0397006491793832,-0.0917815801494806
4.29403652565491,1.55617980789821,-42.5667341081013,-8.46874514737514,-0.00364762967689458,0.00190201800827317,-0.0406255544961772,-0.0913759504567703
4.24553695954796,1.55615676733316,-42.6668362110792,-8.56669056128508,-0.0550943622155913,-0.0086464594284974,-0.0450077407622477,-0.0892989544814401
4.30447858269356,1.55614198087507,-42.778428114319,-8.64965963392401,-0.0719226991059294,0.00882610285184726,-0.03966920413391,-0.091795175490775
4.27905978037476,1.55610392742886,-42.827779423429,-8.73104125826781,-0.00736184756844871,0.00937566252316757,-0.0419894615415215,-0.0907572868669678
4.31477990211321,1.55608267081099,-42.8924330608764,-8.82185208860769,-0.0259321327867674,0.00138811258686888,-0.0387215046607172,-0.0921989429267498
4.27842190953154,1.55606267361702,-42.926882199857,-8.88239086931906,0.00759820544184464,0.0301917038405509,-0.0420473444223788,-0.0907304845519181
4.32947921399411,1.55604405583784,-42.952499971209,-8.9658722022865,0.0117443378982127,0.0092768084131134,-0.0373621092502007,-0.0927581413805606
4.28578804484477,1.55603574334023,-43.0535045236367,-9.05173189354777,-0.0596266757259105,0.00517805541365324,-0.0413778767018374,-0.0910377466749235
4.33915923970626,1.55599818624344,-43.1321930191142,-9.10791643656628,-0.0422260238535834,0.036930913072696,-0.0364624716239337,-0.0931154560912088
4.32318433684558,1.55599655744239,-43.1423252716621,-9.19205971478713,0.0278130137073855,0.00837783703843564,-0.0379452662552173,-0.0925211152592783
4.29508510774196,1.55596955650752,-43.2390509286992,-9.23578116588719,-0.0561959400426719,0.0476970483425784,-0.0405297169945077,-0.0914184994426463
4.27970999754584,1.555944483843,-43.315409235411,-9.27792350851271,-0.0344278659885813,0.0486422273231342,-0.0419304407231561,-0.0907845699486531
4.30514692598312,1.55593034538856,-43.3329272906043,-9.30299070724924,0.02208978939586,0.0667544688970033,-0.0396078445891502,-0.0918216676335261
4.25523898014802,1.55592350485693,-43.3631958278162,-9.33904142541032,0.0138707185914324,0.0536806927111465,-0.0441392558034051,-0.0897314108722334
4.30802116316668,1.55592311159828,-43.3966234636626,-9.42661031210536,0.00591612824991827,0.00436624384129092,-0.0393437640963316,-0.0919351305363309
4.27957164731382,1.5558932814236,-43.3922812273835,-9.48678422551238,0.0462852366673321,0.0306048545866059,-0.0419430003881419,-0.0907787679936247
4.31513274506455,1.5558810856805,-43.437592169549,-9.62626970535242,-0.00662197166163025,-0.0472728800428883,-0.038688970503882,-0.0922125997971522
4.28434288805638,1.55585111978262,-43.4694446669513,-9.71049921218797,0.00965689986297669,0.00674834727563201,-0.0415093972652613,-0.0909778541111776
4.33093653986126,1.55582764557055,-43.5838255516259,-9.87800379661683,-0.0771539938902315,-0.0746920927991029,-0.0372268907844351,-0.0928124916297571
4.291411538069,1.55579314957147,-43.5858747964054,-10.0151046700224,0.0388160302104765,-0.0458318792181073,-0.0408652749899884,-0.0912689941874711
4.31476196486093,1.55575384474512,-43.5847722477781,-10.097984087947,0.0398257070774903,0.00931883042991544,-0.0387231584501878,-0.0921982483545195
4.29570489204168,1.55574084562868,-43.5746166619717,-10.1128004416065,0.0506286352694865,0.0766272479054276,-0.0404730494630844,-0.091443601564892
4.29278413144173,1.555734819131,-43.6579696746439,-10.1165205135934,-0.0426130513546976,0.0876049276125849,-0.0407399613174282,-0.0913249995995317
4.2551160381635,1.55572618386789,-43.7751923049463,-10.1093327180143,-0.0730723430749123,0.0969137792055383,-0.0441502872275269,-0.0897259836264104
4.27551354078024,1.5557283185148,-43.8257642957738,-10.1158074218945,-0.00826094690190082,0.0841331079349394,-0.0423110439255406,-0.0906078118151574
4.26625245105241,1.55571362572033,-43.8765505879954,-10.1546043438513,-0.00763794766502635,0.0514151634975791,-0.0431483445565955,-0.0902120854543631
4.30788184340868,1.55570440631347,-43.9351491321565,-10.1966848235693,-0.0192419720665633,0.0498491685623791,-0.0393565720945969,-0.0919296482804258
4.28821018137985,1.55568495911149,-43.9057030901171,-10.2825630253942,0.0706032917278758,0.00525950057147406,-0.0411572496884788,-0.0911377023963201
4.33138626223268,1.5556689714967,-43.9088402305133,-10.3845578649165,0.0340480067712576,-0.00916561551321793,-0.0371851471674357,-0.0928292240091241
4.2840689291507,1.55565739586757,-43.8938941761884,-10.5344140840099,0.0564803742254725,-0.0588897402652192,-0.0415343199005906,-0.0909664788281673
4.29078035482729,1.55561751813975,-43.9244472372947,-10.5769641460326,0.010369813199322,0.0486931205093032,-0.0409228743055773,-0.0912431825320112
4.29421861727011,1.55560510869514,-43.9924768018545,-10.6444023694298,-0.0274206495314537,0.0239451231174957,-0.0406089150283425,-0.0913833465146733
4.25796989167919,1.55558442911091,-44.0349097257308,-10.6731448128388,0.00146111909452884,0.061109173113336,-0.0438940429708503,-0.089851616522315
4.28571542289929,1.55558438342333,-44.095432307079,-10.7230127761063,-0.0191380934171637,0.0411667782254189,-0.0413844879309943,-0.0910347414929564
4.29580844494584,1.5555587147431,-44.1174345158274,-10.8433413662621,0.0184613712472164,-0.0288807979794049,-0.0404635799955926,-0.0914477921764122
4.2677082693578,1.55553043960178,-44.1373883633378,-10.9849009539147,0.0230631189627655,-0.0512847816686248,-0.0430169664731718,-0.0902748059839843
4.29040198757393,1.55550351453015,-44.1159117972841,-11.1080755836844,0.0624339608614406,-0.0319469376440659,-0.04095739480782,-0.0912276921255622
4.32867246751756,1.55547403602809,-44.153004263882,-11.1904638205319,0.000344462789616529,0.0103397326009333,-0.0374369293874386,-0.0927279694484892
4.31762655945945,1.55546267841648,-44.1283869523748,-11.2101154174179,0.0630762008352335,0.0726571991827571,-0.0384588893280521,-0.0923087960686989
4.29640936963658,1.55545583776996,-44.1502993110881,-11.3341182467683,0.01849626074344,-0.0325307381226108,-0.0404086194567558,-0.0914720912278663
4.30003140505643,1.55542223768109,-44.1381413227742,-11.4340033049289,0.0522350282777992,-0.00826720581870899,-0.0400770399639384,-0.0916178523418274
4.27661692045665,1.55540230326694,-44.103147806675,-11.5608731982939,0.0772045594712374,-0.0362154515684367,-0.0422110433720272,-0.0906544417965542
4.29992116748157,1.55537891499345,-44.0874691553684,-11.6245544465041,0.0557657907569453,0.0279321855792785,-0.0400871394502595,-0.0916134337894582
4.28532040887098,1.55536622746331,-44.137431843867,-11.6457018662851,-0.00854224379735058,0.0698709671566505,-0.0414204447012761,-0.091018386937742
4.31348027813441,1.55535597624753,-44.1326493191921,-11.6874927411003,0.043623820558139,0.0503576668667819,-0.0388412958832927,-0.0921485416819307
4.31244543104922,1.55535173232534,-44.1334338537531,-11.7292871709799,0.0381521001573297,0.0503138676663326,-0.0389366347183016,-0.0921082975459516
4.26802408537593,1.55534226991021,-44.1349991202921,-11.7693641016819,0.0414231875595945,0.0502114562268766,-0.0429884540986321,-0.0902883869288283
4.27045186362558,1.5553324815105,-44.1449847928434,-11.8360922474399,0.0327834548914652,0.023664341417508,-0.0427691274427647,-0.0903924871755643
4.30201992250199,1.5553161192586,-44.2264242812614,-11.857082908604,-0.0415447112680187,0.0707067038807341,-0.0398947771499755,-0.0916973650447699
4.27448157010817,1.55530218227557,-44.3046344947075,-11.9489272524418,-0.0358056874624726,-0.00128024401836949,-0.042404525983541,-0.0905640998194715
4.29653617369379,1.55527499156412,-44.3749168615909,-12.0106261710524,-0.0298853467837912,0.0297782958587384,-0.040397020099627,-0.0914772144693439
4.26334195799201,1.55525284922183,-44.3747683964882,-12.0369212032154,0.0435591881831723,0.0637910884196197,-0.0434107230805485,-0.0900861205826066
4.31125150521368,1.55525252662269,-44.4094186951733,-12.1498962974771,0.00439627873196358,-0.0209133498071446,-0.0390465774170003,-0.0920617444545681
4.27209321345216,1.55522182479446,-44.3709114691707,-12.2662828567104,0.0811279302081314,-0.0259239947493116,-0.042620704205605,-0.0904625644839805
4.30497124820845,1.55519865947582,-44.4204884560061,-12.3744556898775,-0.00995301183129804,-0.0163581251685146,-0.0396239750041008,-0.0918147079986338
4.28655530175715,1.55516942412318,-44.4965222263626,-12.4699504329501,-0.0347257551674307,-0.00442527573498385,-0.041308015189037,-0.0910694673375346
4.31808550946535,1.55513854186893,-44.5244799938187,-12.5180757914515,0.0104587527005435,0.0442010785523763,-0.0384165201566427,-0.0923264370538269
4.27792526191332,1.55513127560042,-44.5613177962276,-12.6131263092244,0.00525459790501692,-0.00434092712332037,-0.0420924003139037,-0.0907095906495784
4.31016948735444,1.5551008938457,-44.5768618439625,-12.6811860465382,0.0236021192571467,0.0239597041637432,-0.0391461669920805,-0.0920194414774843
4.2769905685528,1.55508641027574,-44.5887258466066,-12.773791250842,0.0303131649225303,-0.00193499675994377,-0.0421771675666276,-0.090670207543915
4.27788196111056,1.55506198666696,-44.6167178281519,-12.8647916417566,0.0141043465272457,-0.000292622984789277,-0.0420963280725355,-0.0907077679298166
4.29881708915226,1.55503837142527,-44.6829222548165,-13.023649413484,-0.026016163260822,-0.0672886531087965,-0.0401882634037431,-0.0915691186186225
4.28164878472969,1.55499545543897,-44.7791324725698,-13.1212994618713,-0.0544558676866451,-0.006784354913242,-0.0417543500666642,-0.0908656934739974
4.30161723438204,1.55496291817118,-44.845114102246,-13.2042947890672,-0.0260499303223192,0.00868596526173591,-0.0399316993538885,-0.0916812924576801
4.28011166970693,1.55493777174726,-44.8518887345344,-13.3061024214322,0.0351193394187508,-0.0110062274496942,-0.0418939717071921,-0.090801404915326
4.30607504830976,1.55491320845739,-44.9099438260029,-13.3799520785678,-0.0185324856662525,0.0180087318694736,-0.0395226058022687,-0.0918583890050249
4.27097053618542,1.55489170629571,-44.9153429616841,-13.4200038881803,0.0373231019080826,0.0503628485761674,-0.042722237589252,-0.0904146581886339
4.28855109469238,1.55488239571382,-44.9276628817008,-13.5893638308898,0.0288062572246606,-0.0782082145552953,-0.0411261772413738,-0.0911517281542764
4.26188529958826,1.5548392132896,-44.9850685223896,-13.6755595160476,-0.0138637390055685,0.003827105277861,-0.0435419016831558,-0.0900227904356135
4.27219251575431,1.55481888260924,-45.0224158251567,-13.8234042178994,0.00526441808741396,-0.0573779054798443,-0.042611720854568,-0.090466796371997
4.31027895052887,1.55477676998851,-45.0394184218413,-13.8944735648163,0.0221334973327885,0.0209543790729747,-0.0391360940173993,-0.0920237259898842
4.26400191371141,1.55476023981977,-45.0504578387146,-13.9978482969778,0.032311843907431,-0.0132599820441109,-0.0433512607807605,-0.0901147501173836
4.30857509810301,1.55473525050585,-45.1228241227295,-14.1098197017128,-0.0330734520327702,-0.0200144944192069,-0.0392928319820584,-0.0919569103158089
4.26219881262169,1.55470018639247,-45.1771395564694,-14.1714103962362,-0.0108017575142405,0.0284457424414767,-0.0435136762256356,-0.0900364369648786
4.30865053201936,1.55468179277429,-45.2170608830524,-14.352183523004,-0.000635431382690399,-0.0888132527014117,-0.0392858952003908,-0.091959874066377
4.30293042620787,1.55463271336782,-45.2269124258936,-14.4623565625073,0.0299597269929173,-0.0184393881303759,-0.039811269834095,-0.0917336513728571
4.32262755374202,1.55460383916224,-45.3145647873854,-14.4972027005912,-0.0496555869271873,0.057653835552219,-0.0379967745645981,-0.0924999736361428
4.28263836614872,1.55459364879714,-45.3910837168002,-14.5904559835486,-0.0348545187797971,-0.00234631465226634,-0.0416644106350326,-0.0909069683051601
4.30205201845495,1.55455357105834,-45.4535095620301,-14.6550675385648,-0.0225340112147663,0.027087090442267,-0.0398918340151122,-0.0916986454584294
4.25122207517752,1.55453231729112,-45.487364442198,-14.7238854496073,0.0106444611119905,0.0207354731797525,-0.0444993412798609,-0.089553384222253
4.28423428747905,1.55452232182675,-45.5275863631942,-14.73393408656,0.0012973562717189,0.0809247086774512,-0.0415192772679398,-0.0909733456301786
4.28541993022782,1.55450406355829,-45.6295800185845,-14.8150594961137,-0.0605822691675169,0.00989709915214536,-0.0414113862228013,-0.091022508705847
4.30343562275998,1.5544732478025,-45.7411846626281,-14.906037707927,-0.0718397228122836,0.000775540368686364,-0.0397649212312934,-0.0917537521819628
4.27572040812705,1.55443980685434,-45.7574785252521,-15.0266845386499,0.0259984365987496,-0.030030268073116,-0.0422922992227119,-0.090616562649753
4.30413573457495,1.55440930514799,-45.8068342884706,-15.128131798783,-0.00965508961344241,-0.00966569054915448,-0.039700673605053,-0.0917815695840132
4.29697562143754,1.55437840566292,-45.8743051575884,-15.2448874147703,-0.0271140523730402,-0.0252606579719813,-0.0403568167447969,-0.0914949580153293
4.24696510963327,1.55434103623106,-45.8960476768757,-15.3123631474709,0.0231376433096635,0.0218874085002605,-0.0448801625969677,-0.0893631412007755
4.27214136861087,1.5543378325079,-45.8972813933343,-15.3919452809051,0.0413826314584433,0.0108824833515909,-0.0426163479170397,-0.0904646167858673
4.30995016568795,1.55430465467076,-45.9521386131429,-15.490644391135,-0.0156908719009774,-0.00668825656802256,-0.0391663479076687,-0.0920108536618124
4.27151034780519,1.55427413383105,-45.9157132249482,-15.5653851831666,0.0790988126786711,0.0156969149429362,-0.0426734244839773,-0.0904377069745263
4.3085927211877,1.55425935539074,-45.9923163098196,-15.6384835228581,-0.0373118734598048,0.0188592630708616,-0.0392912114115384,-0.091957602762435
4.33227853252826,1.55423241328999,-46.0661707566012,-15.733338800743,-0.0367521431647777,-0.00199291163072098,-0.0371023036168735,-0.0928623662541578
4.29527924075174,1.55421174648626,-46.1349163491978,-15.8176622691286,-0.0282336237141152,0.00710289749031065,-0.0405119688824388,-0.0914263658758692
4.26270341484274,1.55416871461896,-46.1692579614599,-15.8546901688608,0.00912662583964341,0.053030482866733,-0.0434682381016958,-0.0900583825989246
4.28130788957962,1.55416236248849,-46.1302030175094,-16.0026050671066,0.0808402672645769,-0.0570634439066812,-0.041785323314151,-0.0908514543391126
4.29689694373027,1.55412298645944,-46.1077751999292,-16.2436257826625,0.0627918328135948,-0.149528933005667,-0.0403640152334048,-0.0914917825503332
4.26844744526722,1.55406424094307,-46.1875870064255,-16.3460652048697,-0.0368615807305996,-0.0121328437829737,-0.0429502257656109,-0.0903065784241827
4.28587820222975,1.55403160102557,-46.2535935715033,-16.4059902081155,-0.0246368962693335,0.0311164735802454,-0.0413696688085065,-0.0910414768260845
4.31389676102554,1.55400525928581,-46.3279645671543,-16.5134056502615,-0.0355680814263444,-0.015250731721192,-0.0388029142246827,-0.0921647104247169
4.28485279638987,1.55397381766542,-46.439618320748,-16.6246118479119,-0.0701907520887364,-0.0202071893799675,-0.0414630015049408,-0.0909990082704272
4.30475809895384,1.5539273516409,-46.4577899549528,-16.7194435416792,0.0214719101355971,-0.00302543367506555,-0.0396435443404149,-0.0918062600922702
4.29053545814735,1.55390208522907,-46.5009554700194,-16.8161470169285,-0.00222029683594194,-0.00547031732935926,-0.0409452182306608,-0.0912331579199337
4.27029584903642,1.55387000817365,-46.6510039614278,-16.9294062969336,-0.107265261939403,-0.0228734665374969,-0.0427832294689457,-0.0903858134676429
4.27188654555363,1.55382657781906,-46.8032819638432,-17.0155662995072,-0.109638603412021,0.00429375164716211,-0.0426393990033699,-0.0904537542207697
4.30251975191387,1.55378600417151,-46.8514407841469,-17.0872994962036,-0.00830988117538034,0.0199840974761985,-0.0398489391283978,-0.0917172941725891
4.28450291960468,1.55375800866335,-46.9174506597716,-17.1871440774507,-0.0245150382176789,-0.00886008548778319,-0.0414948374069392,-0.0909844957592868
4.30818792704069,1.55372379284852,-47.0254840823652,-17.2989759507726,-0.06870499050288,-0.0198901829454889,-0.0393284320907979,-0.0919416903764527
4.29477484609592,1.55368181576099,-47.1320161636785,-17.4199428242845,-0.0659740026158069,-0.0295609532857781,-0.0405580786974264,-0.0914059202260628
4.33142236182902,1.55363517400309,-47.2524062517596,-17.486984436933,-0.0832082920354544,0.02578895366893,-0.0371817960456912,-0.09283056631744
4.3088228471328,1.55361275339036,-47.2440399143321,-17.5066083010509,0.0476363859686089,0.0723427781366704,-0.0392700485410897,-0.0919666422545722
4.30304433419777,1.55359961042384,-47.3048305739825,-17.5947936302494,-0.0209898392704204,0.00355285640094175,-0.0398008203800079,-0.0917381855994457
4.26045220212218,1.55356750973624,-47.3462232572742,-17.674350331352,0.00227818506766475,0.010403597122411,-0.0436708683593766,-0.0899602982250392
4.27311117637438,1.55355241985366,-47.3563151341171,-17.8055668189541,0.0324367177592961,-0.040710583699812,-0.0425285946021965,-0.0905059039022429
4.29128797721824,1.55350838040885,-47.4271884102184,-17.8638756886594,-0.0299967241487096,0.0329550744372493,-0.0408765519525788,-0.0912639441426247
4.31255417293677,1.55347935883256,-47.472321102246,-17.9238025726397,-0.00620607356960257,0.0321856470642165,-0.0389266184579787,-0.0921125310445162
4.30095912464735,1.55345902085898,-47.5581714195774,-18.0410934358686,-0.045858290278229,-0.0256358700633501,-0.0399920270532112,-0.0916549931655402
4.23730656255553,1.55341439091668,-47.5757673084965,-18.12047483898,0.0281452850011021,0.00954409946475468,-0.0457411739201192,-0.0889255025760856
4.27685430686746,1.55342220556573,-47.6374749465423,-18.3069484318756,-0.019518115995476,-0.0958091333253959,-0.0421895220503224,-0.0906644595702493
4.29447456548356,1.55333452114225,-47.6735522552706,-18.3789828187394,0.00450821556579939,0.019359350436763,-0.0405855242941831,-0.0913937373005737
4.3427151865252,1.55330626024823,-47.676872095445,-18.4776559515074,0.0328112880082276,-0.0054286070506484,-0.0361311281825424,-0.0932445257173669
4.3460291155701,1.55329634699323,-47.6698361730062,-18.5424111785188,0.0428578470467311,0.0286085224709007,-0.0358219246079653,-0.0933637494822335
4.33603106856701,1.55328227969411,-47.683914200045,-18.6233828528749,0.0226755467916959,0.0120292654815831,-0.0367535738304574,-0.0930009398376657
4.31578748549035,1.55325017512769,-47.7171947931445,-18.7293973463114,0.0053479937991181,-0.0137765821732545,-0.03862858689865,-0.092237911263284
4.27779033856312,1.55320556028281,-47.7060517074867,-18.8065367705325,0.0532477244303511,0.0135644863551653,-0.0421046387726009,-0.0907039105762745
4.30432212728125,1.5531842931291,-47.7173015496403,-18.8823364877429,0.0284337233467848,0.0159892506952604,-0.0396835655003638,-0.0917889679056167
4.2769249095191,1.55315947388196,-47.7416233552494,-18.9563477652698,0.0178613151847919,0.0166561605094799,-0.0421831207939202,-0.0906674380364061
4.2916329715659,1.55313732033105,-47.8045719243526,-19.1205622046135,-0.0221035051274345,-0.0729363984532023,-0.0408450639757429,-0.091278040890553
4.29518945930907,1.55307964655498,-47.8842192107677,-19.2769880177808,-0.0391271093048928,-0.0650030848828397,-0.0405201771101766,-0.0914227282843819
4.25091525678455,1.5530243800204,-47.9381319370403,-19.4410537687673,-0.00938591046228687,-0.0745260241956324,-0.044526815810333,-0.0895397267909205
4.27948611504993,1.55298678534605,-47.9843196816305,-19.6016380036567,-0.0042369798419859,-0.0698090547075528,-0.0419507647482489,-0.0907751801817935
4.30611821004555,1.55291906478057,-48.0706178449389,-19.7525553708023,-0.0467795223103913,-0.05905727236187,-0.0395186409979396,-0.0918600947837306
4.28929192205747,1.55286297650384,-48.1140938276548,-19.869469930147,-0.00241734444852959,-0.0257323888088763,-0.0410586382674177,-0.0911821705358309
4.30981275058633,1.55282179991852,-48.2131404104392,-20.0668004556331,-0.0598675915656859,-0.105325054740701,-0.0391789912186476,-0.0920054707454352
4.27502083233512,1.552752201753,-48.2767554320008,-20.2437775801859,-0.0212593395395668,-0.0863901707435036,-0.0423556820220608,-0.090586953809288
4.29681666927081,1.55269204324384,-48.3647547712869,-20.3685580338852,-0.0476279797294126,-0.0332919116432372,-0.0403713595567329,-0.0914885420560465
4.26795057316874,1.55263955197798,-48.490720036277,-20.4784162493038,-0.082970173708965,-0.0195729889098839,-0.0429950912810768,-0.0902852265087256
4.29169048023385,1.55259655467358,-48.5765104382665,-20.6214255020888,-0.0449505873598604,-0.0517288631001702,-0.0408398146296583,-0.091280389684834
4.31165628270247,1.5525346005502,-48.5907407563735,-20.7528543674636,0.0247789915904502,-0.0393513232870218,-0.0390093096974946,-0.0920775420877694
4.29111694376382,1.55249467390232,-48.6354203898539,-20.7996358642612,-0.00378747293805048,0.0444754547523319,-0.0408921605422634,-0.0912569515499272
4.32019305168511,1.55247210381707,-48.6690065303523,-20.937136102598,0.0046357126201908,-0.0450930419494089,-0.0382218531186444,-0.0924071963873852
4.31656592583986,1.55243058008524,-48.6222358067274,-21.1652962698474,0.0853274971150526,-0.135892213885145,-0.03855677349015,-0.0922679533642601
4.30502962576227,1.55236590567688,-48.6049948915494,-21.2925726655241,0.056859530196574,-0.0354593746838384,-0.0396186150185288,-0.0918170209929162
4.29024657858447,1.55232523208323,-48.6784378567823,-21.4087614803385,-0.0324713933163689,-0.0249674889377842,-0.0409715719166068,-0.0912213258765861
4.30594124626346,1.55227709561362,-48.7010108956523,-21.515009633642,0.0169618574188757,-0.0143950533262642,-0.0395348962888646,-0.0918530999772393
4.29407544939151,1.55224244349372,-48.7203263563555,-21.651232483244,0.0213065370687495,-0.044845317916073,-0.0406219977719759,-0.0913775316859324
4.26088919952118,1.5521950112937,-48.7578355904258,-21.8105104525416,0.00612231770414517,-0.0692985956069438,-0.043631551774449,-0.0899793736906052
4.29427007135649,1.5521472944252,-48.7753378616203,-21.9334324028902,0.0231019417335521,-0.0315365144603488,-0.0406042129279825,-0.0913854358883245
4.26935728539325,1.5520977241528,-48.7937357169387,-22.1088827784079,0.0244701881325309,-0.0851047566383214,-0.0428680434509607,-0.0903456188793156
4.27976016961857,1.55204229754532,-48.8413569924322,-22.2313310276599,-0.0056953896731109,-0.0316615756804839,-0.041925885820338,-0.0907866735715104
4.30120691237395,1.55199323037817,-48.8991988402435,-22.3279137008084,-0.0178725329680685,-0.00491777326335052,-0.0399693148433253,-0.0916648998851531
4.28395755963741,1.55195430492371,-48.8839599671876,-22.5003301167138,0.0567833235914073,-0.0814545632984001,-0.0415444505354639,-0.0909618526070484
4.30641214977964,1.55189925197046,-48.9121865224314,-22.6006887246792,0.0112650827155232,-0.00848690105139438,-0.0394916379592775,-0.0918717069140078
4.29816239226138,1.55186585176212,-48.8962286802034,-22.7061296042389,0.0562060470317789,-0.0138980916948381,-0.0402482048038132,-0.0915427878648575
4.27266638554354,1.55183159046801,-48.9601765258856,-22.8533952979962,-0.0213789990920024,-0.0567787151361578,-0.042568846590157,-0.0904869786211457
4.31555969598208,1.55177387470751,-48.9917541287849,-22.9698365989079,0.00707199382540757,-0.0242121912281641,-0.0386495967247372,-0.0922291096835223
4.2911697836883,1.55173768744951,-49.0816365070097,-23.0873867872441,-0.048995039750082,-0.0262910761750017,-0.0408873384747511,-0.0912591121612036
4.27295386626369,1.55167671026384,-49.1170666543061,-23.1707423750195,0.00711268427330758,0.00714362482906949,-0.0425428315696823,-0.0904992126044953
4.30041063694123,1.55164493952957,-49.1406313983919,-23.2211803432244,0.0164775485862396,0.0411950760399169,-0.0400422926720706,-0.0916330442447715
4.27783567433511,1.55162483685572,-49.151877300293,-23.3581676064648,0.0308546246964685,-0.046281443911067,-0.0421005265975244,-0.0907058193293636
4.32031729703655,1.55157569699678,-49.1432305406984,-23.4660424140226,0.0468571312536987,-0.0154628629960336,-0.0382103716590691,-0.0924119445617059
4.30626809850107,1.55155278099265,-49.2267169803457,-23.5334146882995,-0.0439815678610262,0.0244937428629921,-0.0395048717863366,-0.0918660171398821
4.27657193533283,1.55150887469316,-49.276086273514,-23.7099201111872,-0.00715417173772259,-0.0858528800519578,-0.0422151214306039,-0.0906525428358155
4.32865913095983,1.55143751226399,-49.3721528088753,-23.8497707957459,-0.0586283693052145,-0.0471232143981557,-0.0374381660560272,-0.0927274701604726
4.28279941092959,1.55139250410863,-49.3590606514813,-23.9236895711315,0.0547419273959679,0.016994901576568,-0.0416497700020132,-0.0909136769621568
4.30960889336668,1.55135073609641,-49.3291030230705,-24.0072130241681,0.0691553747947289,0.00847402887689275,-0.0391977463838811,-0.091997481913501
4.30342418477932,1.55133353368399,-49.3767415340768,-24.1002633729997,-0.00787254029997442,-0.00129705148607417,-0.0397659707063355,-0.0917532973455607
4.27503118210203,1.55129100996746,-49.4266194096169,-24.1739988082029,-0.00752313107412128,0.0168519569726491,-0.0423547444659354,-0.0905873921758724
4.33422060079954,1.551254208785,-49.4567450005345,-24.256373182056,0.00679629778941582,0.0105598724413067,-0.0369218887070979,-0.0929342462943595
4.30932571484758,1.55124544580924,-49.499212231427,-24.3028710581108,-0.00324343436983554,0.0454885022104434,-0.0392237965225866,-0.091986378265234
4.29472977517036,1.55120351129649,-49.4439033003462,-24.4651855905212,0.0958711294864578,-0.070910440267314,-0.0405621984056568,-0.0914040921430772
4.28967152648293,1.55115087550191,-49.497769374863,-24.6431010749054,-0.0128420523622896,-0.0867177343776524,-0.0410240221545259,-0.0911977500065926
4.25397344285638,1.5510785412124,-49.550227590013,-24.7810723238541,-0.00820543627659021,-0.0482957697919957,-0.0442527788734109,-0.0896754791566847
4.28272832057584,1.55102738859533,-49.6299274639845,-24.9255038845398,-0.0380436409892617,-0.0535208448502034,-0.0416562329822179,-0.0909107158355448
4.26385936828918,1.55095581998614,-49.7149598148761,-24.9645541744277,-0.0416682451062496,0.0510582797902832,-0.0433641057853909,-0.0901085696781024
4.30486128079774,1.55093110614277,-49.7673771450989,-25.0753654562739,-0.0127832588326253,-0.0190009317486739,-0.0396340713902011,-0.0918103500975595
4.28876791594552,1.55088443227627,-49.8568329042968,-25.1638470532618,-0.0483493465549465,0.0026790460529944,-0.0411064126429037,-0.0911606430409052
4.26042832288887,1.55083281139658,-49.9811251041079,-25.3063201745069,-0.0806191832812733,-0.0525138658725719,-0.0436730165298759,-0.0899592553725362
4.27215243201482,1.55076558800671,-50.0431445613864,-25.4044665917915,-0.0194041102106048,-0.00768132902238694,-0.0426153470678324,-0.0904650882622031
4.31304506286463,1.55071519233553,-50.0063990471492,-25.5317334842053,0.0756269108930994,-0.0351352637834097,-0.0388813966559447,-0.0921316286303628
4.29257606622959,1.5506823599561,-50.0062270413476,-25.7006491194302,0.0409309677924412,-0.0775991141707693,-0.0407589619908661,-0.0913165210541178
4.26262966036381,1.55061204418437,-50.0472505934766,-25.8548929520583,0.00245132806358583,-0.0641886562514093,-0.0434748801925437,-0.0900551763767301
4.27667437203029,1.55054977004523,-50.0987949932281,-25.95943529824,-0.0093385646894415,-0.0138854794439205,-0.0422058350620282,-0.090656866737809
4.30578871731704,1.5504987370722,-50.1103281056735,-26.0648770878967,0.0280157936400869,-0.0135947209640204,-0.039548906085484,-0.0918470686927001
4.31205366418315,1.55046376027172,-50.1481711056147,-26.1283576074336,0.00112971676717599,0.0286125168576359,-0.0389727167084254,-0.0920930363945332
4.30673638075016,1.5504368966057,-50.1604126263318,-26.2203143491902,0.0272203275141774,-7.22352597477549e-05,-0.03946184823131,-0.0918845064968467
4.29552818729017,1.55039721633883,-50.1642083732226,-26.2702051084584,0.0366934604592331,0.0415456890889467,-0.0404892073500152,-0.0914364483571375
4.27091837876,1.55037288615017,-50.1558513772411,-26.2510972353656,0.0510839493084578,0.109520302876593,-0.0427269533269307,-0.0904124297837321
4.33532438297125,1.55037962310968,-50.2162431185526,-26.3188446702325,-0.0235724542393481,0.0252275085291542,-0.0368192870721127,-0.0929749433960643
4.31512760276272,1.55037408061675,-50.2804913847148,-26.4014384296814,-0.0255588214737905,0.00961864139663327,-0.0386894446883911,-0.0922124008455692
4.27975923517122,1.55031229934406,-50.2978435287352,-26.5186950045522,0.0245738266352582,-0.0264699404768043,-0.0419259706556861,-0.0907866343939379
4.24616746670664,1.55025201314479,-50.3161013250793,-26.5828004461886,0.0266936318455713,0.0252218727959188,-0.044951428189743,-0.0893273144323861
4.27001304475727,1.55023558149407,-50.3659281403177,-26.5892035415151,-0.00701802598582013,0.0839706152464885,-0.0428087892525636,-0.0903737105729846
4.30257606666687,1.55021397056399,-50.4213178709922,-26.6853489797602,-0.0155459566460507,-0.00442590013472333,-0.039843774028446,-0.0917195381103183
4.26379071407998,1.5501709536056,-50.4634169918645,-26.7617226892071,0.00127117114346653,0.0137318828904192,-0.0433702920157826,-0.0901055923373558
4.29267570256302,1.5501318014224,-50.5307797510837,-26.8043634693641,-0.0266128958738907,0.0486798015173333,-0.0407498633452271,-0.0913205816743702
4.27588229121734,1.55010151659832,-50.5464530298449,-26.8704939025897,0.0266043506182108,0.0244929746449303,-0.0422776293794242,-0.0906234078704616
4.29712782077445,1.55007196202846,-50.5873302566369,-26.9487129058448,-0.000534335986595025,0.0132820959812314,-0.0403428908054841,-0.0915010992363304
4.26958484991786,1.55003630100333,-50.6456393926995,-26.9891617876713,-0.0154616531791785,0.049906489959298,-0.0428474828833533,-0.0903553717858587
4.29606823666675,1.55000899207777,-50.7589430933713,-27.0470084377654,-0.0728638794207743,0.0336116510992834,-0.0404398212510776,-0.0914583011933903
4.28062339603828,1.5499657172664,-50.8137234871849,-27.1236852500635,-0.0129328930594159,0.0141460189759772,-0.0418475007541438,-0.0908228312740356
4.3061848474798,1.54992404799385,-50.8645625203164,-27.1546361063245,-0.0113265135423699,0.0609118717395705,-0.0395125195891758,-0.0918627280006151
4.26474060370165,1.54990719119495,-50.905464708021,-27.1544944249598,0.00238249439077265,0.0902884300354372,-0.0432846820953435,-0.0901467486707372
4.28191204189594,1.54989965186753,-50.9230579705098,-27.1940238694382,0.0241371650863016,0.0513472379786883,-0.0417304275750883,-0.0908766824570545
4.32149385902999,1.54987631546015,-50.9704900428202,-27.2679439044517,-0.00933045545520983,0.0185368024460266,-0.0381016168551737,-0.0924568374595494
4.26874603830584,1.54985134521427,-50.9615105319302,-27.3739027230848,0.0519027698256114,-0.015639419596422,-0.0429232589356789,-0.0903193990366447
4.32347540881223,1.54979995087253,-51.0416006436024,-27.4212958615434,-0.0421717773269616,0.0451390176844517,-0.0379183343452067,-0.092532156143068
4.29776859584587,1.5497783794608,-51.095000656883,-27.5164854853075,-0.0131157623767031,-0.00366269259560803,-0.0402842509038504,-0.0915269311684579
4.25232907927399,1.5497167510554,-51.2166535642214,-27.5883932713842,-0.0772527292675367,0.0176948042166136,-0.0444001780708862,-0.0896025902933258
4.2515674518962,1.54967707757708,-51.2902356197177,-27.6271030536987,-0.029113646523907,0.050858965602695,-0.0444684089724322,-0.0895687479172312
4.28916101880773,1.54964919700599,-51.329723056299,-27.6985974363931,0.00158313737682825,0.0196824123510877,-0.0410705739580415,-0.0911767950454338
4.26677930479632,1.54959792768235,-51.421157515854,-27.8107763404591,-0.0483336495596696,-0.0219440982661803,-0.0431008099953784,-0.0902348057998813
4.2664435967337,1.5495405543972,-51.5266806076888,-27.9184429128982,-0.0623919917169076,-0.0174462410130347,-0.0431311001179171,-0.0902203314260052
4.31540852878198,1.54947716868874,-51.5311859375661,-28.0170177351226,0.0341582084220544,-0.00635155614603322,-0.0386635382993618,-0.0922232660784348
4.27355983473265,1.54943574825732,-51.5427406732493,-28.1352715402859,0.0309332484097897,-0.0277288295613938,-0.0424879840929184,-0.0905249756018742
4.32395749086882,1.54938008466956,-51.5763604487134,-28.3282771141941,0.00425394638452481,-0.100455148769617,-0.0378737218486312,-0.0925504251385833
4.27333335451551,1.54930365063357,-51.573417649585,-28.4481552582874,0.0454512842475818,-0.0293627935008662,-0.0425084851191994,-0.0905153505924316
4.28470186598194,1.54924197818745,-51.6009977358432,-28.5933009650109,0.0138966492918975,-0.0541529575172668,-0.0414767355500651,-0.0909927492062415
4.31500595668834,1.54917300661216,-51.6100279799001,-28.7032189723908,0.0296704176217659,-0.0177103136356505,-0.038700661678677,-0.0922076937442455
4.27714403122167,1.54913366891105,-51.6154897096924,-28.8934461765995,0.036701522785652,-0.099550525111773,-0.0421632525779927,-0.0906766790969122
4.33112669674876,1.54904215033004,-51.6399517321783,-29.0776945263193,0.0127472186910769,-0.091428780818483,-0.0372092411769561,-0.0928195689013643
4.31055195020263,1.54898263995353,-51.6961763979942,-29.2035808060634,-0.0171136957037863,-0.0338518730425896,-0.0391109701121544,-0.0920344067014405
4.28630824820475,1.54889965431729,-51.6894850451578,-29.2612866342769,0.0480218658000027,0.0333534310529551,-0.0413305129636028,-0.0910592592665099
4.23802650432039,1.54886755845803,-51.7150293637859,-29.3401629840887,0.0201328222600861,0.0100820606971386,-0.0456771408881904,-0.0889584105089587
4.26301201431713,1.54884888488991,-51.7764148275222,-29.4804412765048,-0.0179450196735189,-0.0502064998302603,-0.0434404440627834,-0.0900717925858489
4.3012337936571,1.54875748125666,-51.8239302195125,-29.6230734420157,-0.00754854123155191,-0.0509661912323054,-0.039966850758756,-0.0916659742785038
4.25779278585349,1.54868499390266,-51.7778674950112,-29.6895802723338,0.0899726800284046,0.0233370109042712,-0.043909955527101,-0.0898438412224679
4.26813258253553,1.54866600693794,-51.7813614903989,-29.7874182992608,0.0394846624244458,-0.00754497640434648,-0.0429786578121026,-0.0902930505225635
4.28241410714076,1.5486175723627,-51.8300808043038,-29.9016899403112,-0.0070345176112383,-0.023374018650588,-0.0416847962936948,-0.090897622399891
4.24301020021325,1.54855509456628,-51.9394715924588,-30.0192669282932,-0.0641575543421737,-0.0283920421736139,-0.045233233812796,-0.0891849458083422
4.2702759610729,1.5484946220923,-51.8912973549399,-30.114854500843,0.0909592645691113,-0.00520260997138666,-0.0427850270502451,-0.090384962578461
4.30512204582251,1.54844673827777,-51.8402662649054,-30.267245703888,0.0906412191492478,-0.0605705208894125,-0.0396101291147293,-0.0918206821555714
4.29930157857562,1.54839720322485,-51.8887217343647,-30.4017243150306,-0.00831157504004132,-0.042890032483184,-0.0401438944193055,-0.0915885786594139
4.25629811535044,1.54832221875819,-51.9217305884895,-30.5966572497137,0.0110353392434064,-0.105154824708793,-0.0440441933681689,-0.0897781099742434
4.2866198442172,1.54822282140378,-51.9210647614142,-30.7438184254132,0.0419679643308246,-0.0560890424307976,-0.0413021372555448,-0.0910721332687675
4.26639740788137,1.54815329465104,-51.9160313325977,-30.8172943119433,0.0481686960619445,0.0167424526236712,-0.0431352672454729,-0.0902183391537532
4.28758524258775,1.54811849610143,-51.9950597874858,-30.9608357476169,-0.0378142577546203,-0.0524294718343294,-0.0412141971334706,-0.0911119638392425
4.24841438249772,1.54803634497157,-51.9857870523957,-31.0863239090869,0.0540233390238622,-0.0360600705390146,-0.0447506039337263,-0.0894280909310199
4.26312779823493,1.54798258414554,-51.9761517613769,-31.1335102351343,0.0530653059253527,0.0428904956394924,-0.043430014906598,-0.090076821686895
4.28945237308109,1.54795729430414,-52.0348888387534,-31.2444167140035,-0.0176930699101412,-0.0197177216065838,-0.0410440074663644,-0.09118875726262
4.23198103430437,1.54789527337976,-52.0577473515586,-31.3206972026396,0.0233555855157466,0.0124001581612383,-0.0462140983208813,-0.0886806467973025
4.25892658289695,1.54786643223354,-52.1080885968249,-31.4345943219974,-0.00653318262196301,-0.0240035509151348,-0.0438080626443473,-0.0898935684426252
4.30660988682683,1.54778541994959,-52.2168885578171,-31.4868022349918,-0.0693264902449187,0.0396716010833424,-0.0394734707472906,-0.0918795140777464
4.27380043668057,1.5477482380042,-52.2416751188596,-31.5509764448463,0.0176796413353593,0.0263609858187603,-0.0424662023778632,-0.0905351956732981
4.22891986222213,1.54769776532015,-52.2841245262274,-31.6928660121874,0.00403594071850932,-0.0533508051332996,-0.0464853480863387,-0.0885387622078145
4.25960822898272,1.54764000752832,-52.3885599603364,-31.8360644615368,-0.060688657236474,-0.053275040198745,-0.0437467768725086,-0.0899234091506041
4.2552613199939,1.5475271926583,-52.3885246094898,-31.98924256486,0.0441726020530719,-0.0634457064092331,-0.0441372512065013,-0.0897323969140143
4.30795348569482,1.54745285555887,-52.4217660990414,-32.1241175187122,0.00610849639187627,-0.04294248621289,-0.0393499859434348,-0.091932467639303
4.26477530970353,1.54739279809764,-52.4789788433578,-32.2072676241468,-0.0139311908803297,0.00699814542010069,-0.0432815534360466,-0.090148250854704
4.28681600379772,1.54732128618756,-52.469694607134,-32.184667030954,0.0505685080133418,0.113680826519239,-0.0412842717895762,-0.091080233326471
4.25188425411848,1.54733763001741,-52.5457890451023,-32.3016904591182,-0.0316544068053233,-0.0274405970511609,-0.0444400311630144,-0.089582831113056
4.2751903801421,1.5472621233026,-52.5975243252348,-32.4435360045714,-0.0093949575385075,-0.0512514116328968,-0.0423403225939872,-0.0905941338202264
4.2540705814555,1.54717466761988,-52.648203602954,-32.6261146783153,-0.00643521000491631,-0.0928988963573878,-0.0442440677142206,-0.0896797773865405
4.28791190740535,1.54707257590026,-52.6073808351045,-32.7624546523488,0.0820071997114056,-0.0452145518275855,-0.0411844318619701,-0.0911254222059176
4.24073128267156,1.54701521359141,-52.6557267182174,-32.9401997456949,-0.00290952179704895,-0.0886634618479296,-0.0454363613157676,-0.0890816314982108
4.2828976662015,1.54691507550172,-52.6438013627704,-33.0942275671211,0.0535661924998401,-0.063110052593399,-0.0416408370529325,-0.0909177688327817
4.23805178747202,1.54683456943812,-52.6274402378012,-33.222191405014,0.0620360166938667,-0.0390042725502786,-0.0456748917246101,-0.0889595653426047
4.26778987426196,1.54677570055891,-52.6578760959377,-33.3758787443884,0.0125737413265412,-0.0634090232955389,-0.0430095994630575,-0.0902783160788202
4.2535320704858,1.54668078711662,-52.6562969754824,-33.5122024005972,0.0458714752957956,-0.0466677177402537,-0.0442923548405117,-0.0896559384685822
4.28662648780425,1.54660980728195,-52.676389789524,-33.6205441595064,0.0212087181674203,-0.017269351248038,-0.041301532208988,-0.0910724076611019
4.26192148937826,1.54655561670217,-52.6897895534896,-33.7561513021582,0.0301388797831823,-0.0455827765028802,-0.0435386437487622,-0.0900243661489397
4.2646630652746,1.54647164640936,-52.7463206337742,-33.8632058690043,-0.013239408482324,-0.0169111746725275,-0.0432916718023135,-0.0901433921735852
4.22648642971932,1.5464001278431,-52.7539110748996,-33.9611938434307,0.0391102222164577,-0.00956259320901465,-0.0467006633418109,-0.0884253812173566
4.24353045360164,1.54635723412639,-52.8263155375388,-33.9989409809537,-0.0272176337161145,0.0514613289578429,-0.0451868289231442,-0.0892084664808812
4.26943327570478,1.54630880919559,-52.9254775640788,-34.146521656266,-0.0563008486045327,-0.0572317991378846,-0.0428611779354724,-0.0903488761744371
4.25233515608998,1.54620093686934,-53.0298876139535,-34.2520815154772,-0.0600104163031041,-0.0159569991077966,-0.0443996335716126,-0.0896028601033836
4.29119376818349,1.54611531352895,-53.1086271212288,-34.4062088269029,-0.0378543576160393,-0.0628672186285253,-0.0408851496592545,-0.0912600927971277
4.26985051392172,1.5460198881691,-53.1937690565033,-34.5148549810642,-0.0423184580727227,-0.0182794025302373,-0.0428234772017659,-0.0903667516310608
4.22501102669514,1.54592620366779,-53.2739490595227,-34.6999835640841,-0.0333489274793486,-0.0967722003203106,-0.0468310755400191,-0.0883563826996388
4.24780211887013,1.54581664634083,-53.3623203569793,-34.8509098189404,-0.0435659483466839,-0.0615255798524958,-0.0448053491099105,-0.0894006750038222
4.28315226225094,1.54569308167848,-53.405415388211,-34.980675696202,-0.00147734283287093,-0.038837509782875,-0.0416176883988512,-0.0909283674786704
4.26991288583947,1.54561085390853,-53.472653280043,-35.0122503414737,-0.0244200510611208,0.0587947771659341,-0.042817840770872,-0.0903694224376822
4.23731528971988,1.54556888118055,-53.5231751178424,-35.1002917478735,-0.00478143994853752,0.000884495363619564,-0.0457403978509014,-0.0889259017634416
4.26676434923004,1.54551173973707,-53.5830179479253,-35.2048540726836,-0.0167406705796758,-0.0143281636173285,-0.0431021595031773,-0.0902341611927693
4.23571208557757,1.54542664320639,-53.71217418277,-35.3754467820908,-0.0832733294632817,-0.0817402530891043,-0.0458829053814699,-0.0888524563180731
4.25867499459349,1.54530093257673,-53.7040668232513,-35.4575515900795,0.0519380369467264,0.00777773601293452,-0.0438306774280326,-0.0898825440016011
4.27673651947427,1.54524503375246,-53.746001538423,-35.6031988656416,0.00026548571630336,-0.0549877860146131,-0.0422002008879789,-0.0906594895475053
4.26789293016596,1.54514957496845,-53.7477373847664,-35.7480179002064,0.0412644491777723,-0.0545362865722554,-0.0430002955212062,-0.0902827479925647
4.24219729898358,1.54506100505143,-53.7741175902698,-35.935986227506,0.0189255119083409,-0.0988201811056331,-0.0453057174116768,-0.0891481461939242
4.25779678687953,1.54494387550995,-53.7779200342641,-36.1524908495496,0.0401071520648699,-0.126660605137025,-0.0439095960592019,-0.0898440169066239
4.22683294946883,1.54480831221453,-53.8197756231661,-36.3023741890727,0.00481443049564945,-0.0614417809127255,-0.0466700193976611,-0.0884415586103159
4.28274665041792,1.54471568032519,-53.8539851242742,-36.4197600490223,0.00744506548804935,-0.0264743805772385,-0.0416545665961562,-0.0909114793724444
4.26185243702283,1.54463199461923,-53.8526154099346,-36.5492682114091,0.0449145743791224,-0.039486802898379,-0.0435448600394849,-0.0900213594884107
4.23162239097559,1.5445436661817,-53.8594658043337,-36.6362882523538,0.0393955056713065,0.00164402577169831,-0.0462459000704204,-0.0886640667163237
4.24407658288811,1.54449293817293,-53.9741687130447,-36.7533484210259,-0.06956480588026,-0.0278270376454048,-0.0451381028307709,-0.0892331310267591
4.29622335745646,1.54438002467555,-54.0692487544496,-36.884490078974,-0.0546544077241879,-0.0396770847980403,-0.0404256336806873,-0.0914645731500174
4.27275949963436,1.54428903224576,-54.060296277596,-37.1056811546766,0.0515128976464467,-0.130700133714275,-0.0425604207928828,-0.0904909419883159
4.23228281115711,1.54413470855612,-54.0635548203435,-37.2727363475265,0.0429287917029963,-0.0783606037457574,-0.0461873344504558,-0.0886945891041936
4.24051937268402,1.54402571179746,-54.0731351480746,-37.3824789031498,0.035874909851751,-0.0206705545439121,-0.0454552375828676,-0.0890720010793799
4.27175944438502,1.5439486549866,-54.1077731582528,-37.5146984787578,0.00801288525859611,-0.0417712416352471,-0.0426508954367914,-0.0904483339727156
4.24959661042311,1.54385803465508,-54.1635057215807,-37.670693681789,-0.01108771502909,-0.0665142691940708,-0.0446448482988161,-0.0894809338371907
4.211118409376,1.54373091072656,-54.1620674049156,-37.7840450505768,0.0494923348936105,-0.0256540978376338,-0.0480540182284646,-0.0876972709501179
