X,Y,Theta,FmPi_x,FmPi_y,Xi_x,Xi_y
0,0,0.602381118822118,0,0,0,0
-0.131293419833443,0.154344046535186,0.602381118822118,0.0823988795646343,0.0566606093021678,-0.213692299398077,0.097683437233018
-0.24058572697717,0.377062590814131,0.602381118822118,0.0823988795646343,0.0566606093021678,-0.191691186708361,0.166057934976777
0.0531204009608084,0.247122425566883,0.602381118822118,0.0823988795646343,0.0566606093021678,0.211307248373344,-0.186600774549416
-0.137435930240193,0.456347728500322,0.602381118822118,0.0823988795646343,0.0566606093021678,-0.272955210765636,0.152564693631271
-0.0570096074805085,0.429891927343485,0.602381118822118,0.0823988795646343,0.0566606093021678,-0.00197255680494962,-0.0831164104590046
-0.000973662035460315,0.184067517941036,0.602381118822118,0.0823988795646343,0.0566606093021678,-0.0263629341195861,-0.302485018704617
0.119588467168738,0.28235285824935,0.602381118822118,0.0823988795646343,0.0566606093021678,0.0381632496395643,0.0416247310061463
0.121646278346048,0.315349378443353,0.602381118822118,0.0823988795646343,0.0566606093021678,-0.0803410683873245,-0.0236640891081652
0.239903952200672,0.57337479152424,0.602381118822118,0.0823988795646343,0.0566606093021678,0.0358587942899898,0.20136480377872
0.100690513995283,0.687176783595942,0.602381118822118,0.0823988795646343,0.0566606093021678,-0.221612317770024,0.0571413827695342
0.14494366978446,0.760777683572087,0.602381118822118,0.0823988795646343,0.0566606093021678,-0.038145723775457,0.0169402906739773
0.194208148384975,0.849636827048799,0.602381118822118,0.0823988795646343,0.0566606093021678,-0.0331344009641192,0.0321985341745435
0.21286001866197,0.972239610285065,0.602381118822118,0.0823988795646343,0.0566606093021678,-0.0637470092876395,0.0659421739340992
0.489124579375279,0.839345094271364,0.602381118822118,0.0823988795646343,0.0566606093021678,0.193865681148675,-0.18955512531587
0.573874413736043,1.08199524379695,0.602381118822118,0.0823988795646343,0.0566606093021678,0.00235095479612935,0.185989540223416
0.786499500259543,0.909791088504514,0.602381118822118,0.0823988795646343,0.0566606093021678,0.130226206958866,-0.228864764594601
0.674537366019492,1.03115779955106,0.602381118822118,0.0823988795646343,0.0566606093021678,-0.194361013804684,0.0647061017443752
1.07260178071872,1.1231856817853,0.602381118822118,0.0823988795646343,0.0566606093021678,0.315665535134591,0.0353672729320753
0.802352270843171,1.23450398938762,0.602381118822118,0.0823988795646343,0.0566606093021678,-0.352648389440181,0.0546576983001467
1.13768664985246,1.31628373778142,0.602381118822118,0.0823988795646343,0.0566606093021678,0.252935499444655,0.0251191390916399
1.24172608944472,1.29941385308911,0.602381118822118,0.0823988795646343,0.0566606093021678,0.0216405600276215,-0.0735304939944782
1.33015958490774,1.56721344152275,0.602381118822118,0.0823988795646343,0.0566606093021678,0.00603461589838689,0.211138979131474
1.38379389031397,1.76280650617964,0.602381118822118,0.0823988795646343,0.0566606093021678,-0.0287645741584028,0.138932455354721
1.34842124374555,1.64335795187922,0.602381118822118,0.0823988795646343,0.0566606093021678,-0.117771526133052,-0.176109163602589
1.77790213680007,1.71760565523212,0.602381118822118,0.0823988795646343,0.0566606093021678,0.347082013489882,0.0175870940507292
1.59499383966462,1.84569568806604,0.602381118822118,0.0823988795646343,0.0566606093021678,-0.265307176700082,0.0714294235317575
1.63774978233952,1.85660328340381,0.602381118822118,0.0823988795646343,0.0566606093021678,-0.0396429368897304,-0.0457530139644028
1.81174657579378,2.06798171740499,0.602381118822118,0.0823988795646343,0.0566606093021678,0.0915979138896237,0.154717824699013
1.76031695585935,2.17625804392773,0.602381118822118,0.0823988795646343,0.0566606093021678,-0.133828499499064,0.0516157172205756
1.89788924949929,2.00884053798416,0.602381118822118,0.0823988795646343,0.0566606093021678,0.0551734140753047,-0.224078115245745
2.14917428073506,1.88351296291664,0.602381118822118,0.0823988795646343,0.0566606093021678,0.16888615167114,-0.181988184369684
2.12935388006448,2.02377068476109,0.602381118822118,0.0823988795646343,0.0566606093021678,-0.102219280235213,0.0835971125422856
2.42710169197175,1.9764066567247,0.602381118822118,0.0823988795646343,0.0566606093021678,0.215348932342627,-0.104024637338561
2.39681001411585,2.13413944806996,0.602381118822118,0.0823988795646343,0.0566606093021678,-0.112690557420527,0.101072182043096
2.43574246563066,2.24736173911199,0.602381118822118,0.0823988795646343,0.0566606093021678,-0.0434664280498275,0.0565616817398542
2.54807672515441,2.24997939861805,0.602381118822118,0.0823988795646343,0.0566606093021678,0.0299353799591177,-0.0540429497961011
2.34174499310695,2.34730327817126,0.602381118822118,0.0823988795646343,0.0566606093021678,-0.288730611612094,0.0406632702510375
2.30204971053369,2.42085282331245,0.602381118822118,0.0823988795646343,0.0566606093021678,-0.122094162137894,0.0168889358390211
2.6304291543965,2.60904173599941,0.602381118822118,0.0823988795646343,0.0566606093021678,0.245980564298171,0.131528303384801
2.60053735853782,2.6290486751007,0.602381118822118,0.0823988795646343,0.0566606093021678,-0.112290675423318,-0.0366536702008795
2.79014848156516,2.80991273912985,0.602381118822118,0.0823988795646343,0.0566606093021678,0.107212243462708,0.124203454726982
2.91859491923182,2.9558224951333,0.602381118822118,0.0823988795646343,0.0566606093021678,0.0460475581020329,0.0892491467012831
3.0067972485843,2.90508489483864,0.602381118822118,0.0823988795646343,0.0566606093021678,0.00580344978784486,-0.107398209596829
3.19870336402452,3.0391390200528,0.602381118822118,0.0823988795646343,0.0566606093021678,0.109507235875578,0.0773935159119915
3.16670789954134,3.00029824757187,0.602381118822118,0.0823988795646343,0.0566606093021678,-0.114394344047813,-0.0955013817831023
3.20660394986127,3.34114886980019,0.602381118822118,0.0823988795646343,0.0566606093021678,-0.0425028292447025,0.284190012926155
3.06749858610198,3.21452443184995,0.602381118822118,0.0823988795646343,0.0566606093021678,-0.221504243323924,-0.183285047252412
3.23758453550124,3.13482911373451,0.602381118822118,0.0823988795646343,0.0566606093021678,0.0876870698346225,-0.136355927417608
3.14736776245176,3.28725132165173,0.602381118822118,0.0823988795646343,0.0566606093021678,-0.172615652614114,0.0957615986150538
3.20723067458542,3.41244017392154,0.602381118822118,0.0823988795646343,0.0566606093021678,-0.0225359674309755,0.0685282429676496
3.4431446881425,3.51188967825097,0.602381118822118,0.0823988795646343,0.0566606093021678,0.153515133992454,0.0427888950272567
3.47103303979181,3.48036166042201,0.602381118822118,0.0823988795646343,0.0566606093021678,-0.0545105279153253,-0.0881886271311241
3.69926023339536,3.32595650986741,0.602381118822118,0.0823988795646343,0.0566606093021678,0.145828314038915,-0.21106575985677
3.92568790591348,3.3548666408851,0.602381118822118,0.0823988795646343,0.0566606093021678,0.144028792953484,-0.0277504782844809
3.87108289762908,3.32338298129271,0.602381118822118,0.0823988795646343,0.0566606093021678,-0.137003887849031,-0.0881442688945544
4.18076646196341,3.34236521750274,0.602381118822118,0.0823988795646343,0.0566606093021678,0.227284684769695,-0.0376783730921373
4.03054776672452,3.47486039491359,0.602381118822118,0.0823988795646343,0.0566606093021678,-0.232617574803524,0.0758345681086778
4.17792626776967,3.49941567872748,0.602381118822118,0.0823988795646343,0.0566606093021678,0.0649796214805116,-0.0321053254882791
4.32439233700016,3.44817010596569,0.602381118822118,0.0823988795646343,0.0566606093021678,0.0640671896658517,-0.107906182063954
4.42925060542997,3.73073277636753,0.602381118822118,0.0823988795646343,0.0566606093021678,0.0224593888651783,0.225902061099677
4.42245873855827,4.01555813492178,0.602381118822118,0.0823988795646343,0.0566606093021678,-0.0891907464363314,0.228164749252075
4.48166774049572,3.84295984359553,0.602381118822118,0.0823988795646343,0.0566606093021678,-0.0231898776271823,-0.229258900628418
4.6807658192444,3.89945407898663,0.602381118822118,0.0823988795646343,0.0566606093021678,0.116699199184049,-0.000166373911064555
4.83586950954525,3.76439052646042,0.602381118822118,0.0823988795646343,0.0566606093021678,0.0727048107362159,-0.19172416182838
4.82322654871356,3.7269380750802,0.602381118822118,0.0823988795646343,0.0566606093021678,-0.0950418403963329,-0.0941130606823822
4.98802685514449,3.72731947252237,0.602381118822118,0.0823988795646343,0.0566606093021678,0.082401426866301,-0.0562792118599982
4.80353707736295,3.93451480886507,0.602381118822118,0.0823988795646343,0.0566606093021678,-0.266888657346177,0.150534727040529
4.94754194529261,4.01962027964904,0.602381118822118,0.0823988795646343,0.0566606093021678,0.0616059883650329,0.0284448614818004
4.99144753785238,3.8217829955451,0.602381118822118,0.0823988795646343,0.0566606093021678,-0.0384932870048678,-0.254497893406106
5.19913119624499,3.90952134649257,0.602381118822118,0.0823988795646343,0.0566606093021678,0.125284778827973,0.0310777416453048
5.20674491434199,3.85967519652499,0.602381118822118,0.0823988795646343,0.0566606093021678,-0.0747851614676348,-0.106506759269751
5.39792485168071,4.18693747273243,0.602381118822118,0.0823988795646343,0.0566606093021678,0.108781057774086,0.27060166690527
5.3542589082856,4.14879064643882,0.602381118822118,0.0823988795646343,0.0566606093021678,-0.126064822959739,-0.0948074355957766
5.62002951751037,4.30667743068339,0.602381118822118,0.0823988795646343,0.0566606093021678,0.183371729660139,0.101226174942406
5.50680450826271,4.33480479297069,0.602381118822118,0.0823988795646343,0.0566606093021678,-0.195623888812299,-0.0285332470148731
5.3889411654425,4.31898390609166,0.602381118822118,0.0823988795646343,0.0566606093021678,-0.200262222384841,-0.0724814961811975
5.52620894541577,4.3159917348278,0.602381118822118,0.0823988795646343,0.0566606093021678,0.05486890040863,-0.0596527805660203
5.55309781656847,4.43551429451991,0.602381118822118,0.0823988795646343,0.0566606093021678,-0.055510008411934,0.0628619503899397
5.56198516229873,4.53094713338556,0.602381118822118,0.0823988795646343,0.0566606093021678,-0.0735115338343681,0.0387722295634784
5.5745547613302,4.51856091472163,0.602381118822118,0.0823988795646343,0.0566606093021678,-0.0698292805331715,-0.0690468279660911
5.79798716178157,4.83813102770675,0.602381118822118,0.0823988795646343,0.0566606093021678,0.141033520886737,0.262909503682947
5.67105301918389,4.79954477339919,0.602381118822118,0.0823988795646343,0.0566606093021678,-0.20933302216231,-0.0952468636097284
5.73782043437973,4.82081953140964,0.602381118822118,0.0823988795646343,0.0566606093021678,-0.0156314643687896,-0.0353858512917121
6.01333821208788,5.15981620471741,0.602381118822118,0.0823988795646343,0.0566606093021678,0.193118898143508,0.282336064005596
6.06499080367,5.36283254616987,0.602381118822118,0.0823988795646343,0.0566606093021678,-0.0307462879825161,0.146355732150294
6.26970263664845,5.29537220074892,0.602381118822118,0.0823988795646343,0.0566606093021678,0.122312953413819,-0.124120954723121
6.54773018822478,5.25132269211951,0.602381118822118,0.0823988795646343,0.0566606093021678,0.195628672011697,-0.100710117931573
6.3542814306106,5.43197267682106,0.602381118822118,0.0823988795646343,0.0566606093021678,-0.275847637178816,0.123989375399382
6.55696858216178,5.14328012179191,0.602381118822118,0.0823988795646343,0.0566606093021678,0.120288271986552,-0.345353164331314
6.53824296739612,5.01318377414847,0.602381118822118,0.0823988795646343,0.0566606093021678,-0.1011244943303,-0.186756956945609
6.71517705492954,5.21416741874841,0.602381118822118,0.0823988795646343,0.0566606093021678,0.0945352079687849,0.144323035297764
6.75565314785901,5.3797939214759,0.602381118822118,0.0823988795646343,0.0566606093021678,-0.0419227866351629,0.108965893425323
6.75899309935137,5.3737194117645,0.602381118822118,0.0823988795646343,0.0566606093021678,-0.0790589280722745,-0.0627351190135612
6.75297146139256,5.7260625831541,0.602381118822118,0.0823988795646343,0.0566606093021678,-0.0884205175234405,0.295682562087425
6.66729060294955,5.60015760552458,0.602381118822118,0.0823988795646343,0.0566606093021678,-0.16807973800764,-0.182565586931685
6.79579051936305,5.61330626206149,0.602381118822118,0.0823988795646343,0.0566606093021678,0.0461010368488577,-0.0435119527652593
6.92097835127193,5.76975559276713,0.602381118822118,0.0823988795646343,0.0566606093021678,0.0427889523442531,0.0997887214034721
7.19989976128268,5.88280589528701,0.602381118822118,0.0823988795646343,0.0566606093021678,0.196522530446113,0.0563896932177116
7.13764962701425,5.83131878097606,0.602381118822118,0.0823988795646343,0.0566606093021678,-0.144649013833068,-0.108147723613111
7.32063967422123,5.9613096645231,0.602381118822118,0.0823988795646343,0.0566606093021678,0.100591167642352,0.0733302742448661
7.1685747859654,6.06090310380629,0.602381118822118,0.0823988795646343,0.0566606093021678,-0.234463767820466,0.0429328299810253
7.23934183976086,6.19203095910636,0.602381118822118,0.0823988795646343,0.0566606093021678,-0.0116318257691732,0.0744672459979057
7.40148407613528,6.34057405680004,0.602381118822118,0.0823988795646343,0.0566606093021678,0.0797433568097841,0.0918824883915119
7.2909339862537,5.94163811209698,0.602381118822118,0.0823988795646343,0.0566606093021678,-0.192948969446215,-0.45559655400523
7.56370076289301,6.20193865853791,0.602381118822118,0.0823988795646343,0.0566606093021678,0.190367897074682,0.203639937138757
7.70421176076529,6.28768569568394,0.602381118822118,0.0823988795646343,0.0566606093021678,0.0581121183076438,0.0290864278438629
7.74735026742368,6.35713997199279,0.602381118822118,0.0823988795646343,0.0566606093021678,-0.0392603729062408,0.0127936670066811
7.96256294175896,6.55392408808853,0.602381118822118,0.0823988795646343,0.0566606093021678,0.132813794770639,0.140123506793571
8.05246146120824,6.55076624602706,0.602381118822118,0.0823988795646343,0.0566606093021678,0.00749963988464497,-0.0598184513636302
8.27653709423827,6.61669982173096,0.602381118822118,0.0823988795646343,0.0566606093021678,0.141676753465404,0.00927296640172903
8.23948489021388,6.63707483021055,0.602381118822118,0.0823988795646343,0.0566606093021678,-0.119451083589033,-0.0362856008225791
8.17737468045284,6.71759431865008,0.602381118822118,0.0823988795646343,0.0566606093021678,-0.144509089325666,0.023858879137362
8.24715347084826,6.74121575399157,0.602381118822118,0.0823988795646343,0.0566606093021678,-0.0126200891692123,-0.0330391739606711
8.16372811827368,6.79628262846268,0.602381118822118,0.0823988795646343,0.0566606093021678,-0.16582423213922,-0.00159373483106634
8.41680473457583,6.74868956669846,0.602381118822118,0.0823988795646343,0.0566606093021678,0.17067773673752,-0.104253671066386
8.37363849170624,7.18036637551389,0.602381118822118,0.0823988795646343,0.0566606093021678,-0.125565122434224,0.375016199513268
8.72297130614396,7.43468356375345,0.602381118822118,0.0823988795646343,0.0566606093021678,0.266933934873089,0.19765657893739
8.61267832321375,7.396300078736,0.602381118822118,0.0823988795646343,0.0566606093021678,-0.192691862494851,-0.0950440943196184
8.45161352994171,7.49101186794158,0.602381118822118,0.0823988795646343,0.0566606093021678,-0.243463672836674,0.0380511799034083
8.82500341137983,7.56090166843947,0.602381118822118,0.0823988795646343,0.0566606093021678,0.290991001873488,0.0132291911957302
9.11494437747377,7.78853385617523,0.602381118822118,0.0823988795646343,0.0566606093021678,0.207542086529307,0.170971578433593
8.88452910114361,7.58531908297413,0.602381118822118,0.0823988795646343,0.0566606093021678,-0.312814155894794,-0.259875382503275
9.29543005616967,7.80158652341654,0.602381118822118,0.0823988795646343,0.0566606093021678,0.328502075461425,0.159606831140245
9.31684516872091,7.70542006679332,0.602381118822118,0.0823988795646343,0.0566606093021678,-0.0609837670133944,-0.152827065925384
9.40256621658344,7.93501873599751,0.602381118822118,0.0823988795646343,0.0566606093021678,0.00332216829789689,0.172938059902024
9.31110218033288,7.83424569757018,0.602381118822118,0.0823988795646343,0.0566606093021678,-0.173862915815192,-0.157433647729502
9.49045673162295,7.82580833945921,0.602381118822118,0.0823988795646343,0.0566606093021678,0.0969556717254366,-0.065097967413142
9.52618240315689,8.01969154499943,0.602381118822118,0.0823988795646343,0.0566606093021678,-0.046673208030695,0.137222596238051
9.47514703558378,8.18468498512393,0.602381118822118,0.0823988795646343,0.0566606093021678,-0.133434247137748,0.108332830822337
9.76035069829211,8.02373495422957,0.602381118822118,0.0823988795646343,0.0566606093021678,0.2028047831437,-0.21761064019653
9.76897910920022,8.16112199464767,0.602381118822118,0.0823988795646343,0.0566606093021678,-0.0737704686565248,0.0807264311159352
9.77231697172429,8.06479239753396,0.602381118822118,0.0823988795646343,0.0566606093021678,-0.079061017040569,-0.15299020641588
9.7788484779642,8.08181185086115,0.602381118822118,0.0823988795646343,0.0566606093021678,-0.0758673733247204,-0.0396411559749842
9.89385996145242,7.87192816568648,0.602381118822118,0.0823988795646343,0.0566606093021678,0.0326126039235848,-0.266544294476838
9.96946455302653,7.99122196656521,0.602381118822118,0.0823988795646343,0.0566606093021678,-0.00679428799052717,0.0626331915765593
10.0503164148784,8.18124406690331,0.602381118822118,0.0823988795646343,0.0566606093021678,-0.00154701771276988,0.133361491035934
10.2213727011632,8.30721471181431,0.602381118822118,0.0823988795646343,0.0566606093021678,0.0886574067201951,0.0693100356088359
10.3167752150567,8.30477986005574,0.602381118822118,0.0823988795646343,0.0566606093021678,0.0130036343288968,-0.0590954610607398
10.4780612265062,8.54764763192938,0.602381118822118,0.0823988795646343,0.0566606093021678,0.0788871318848393,0.186207162571472
10.4112325374189,8.6871282796541,0.602381118822118,0.0823988795646343,0.0566606093021678,-0.149227568651929,0.0828200384225529
10.5779304761956,8.41741515839248,0.602381118822118,0.0823988795646343,0.0566606093021678,0.0842990592120021,-0.326373730563793
10.6034147585623,8.48261523423463,0.602381118822118,0.0823988795646343,0.0566606093021678,-0.056914597197848,0.00853946653998017
10.8076927907524,8.74963988972065,0.602381118822118,0.0823988795646343,0.0566606093021678,0.121879152625413,0.210364046183854
10.8106050426241,8.76567885768946,0.602381118822118,0.0823988795646343,0.0566606093021678,-0.0794866276929395,-0.0406216413333632
10.8376277918902,8.70007809732735,0.602381118822118,0.0823988795646343,0.0566606093021678,-0.055376130298509,-0.122261369664278
10.970676892892,8.80412234840231,0.602381118822118,0.0823988795646343,0.0566606093021678,0.0506502214371891,0.0473836417727967
10.933086375999,9.00203749807399,0.602381118822118,0.0823988795646343,0.0566606093021678,-0.119989396457679,0.141254540369512
10.9515454636093,8.99092042570053,0.602381118822118,0.0823988795646343,0.0566606093021678,-0.0639397919542788,-0.0677776816756294
11.1543531924827,9.20981745140822,0.602381118822118,0.0823988795646343,0.0566606093021678,0.120408849308726,0.162236416405521
11.3448330670392,9.25698015969294,0.602381118822118,0.0823988795646343,0.0566606093021678,0.10808099499187,-0.00949790101744585
11.4192463581096,9.46141869464953,0.602381118822118,0.0823988795646343,0.0566606093021678,-0.0079855884942428,0.147777925654416
11.4791484449227,9.22393385800038,0.602381118822118,0.0823988795646343,0.0566606093021678,-0.0224967927515261,-0.294145445951313
11.6918179573179,9.33110123030261,0.602381118822118,0.0823988795646343,0.0566606093021678,0.130270632830522,0.0505067630000623
11.724039707782,9.49898336666283,0.602381118822118,0.0823988795646343,0.0566606093021678,-0.050177129100464,0.111221527058044
11.7894007562533,9.40964027665876,0.602381118822118,0.0823988795646343,0.0566606093021678,-0.0170378310933743,-0.146003699306232
11.9286266198056,9.62993012375321,0.602381118822118,0.0823988795646343,0.0566606093021678,0.0568269839877014,0.16362923779228
11.9995523955485,9.49517008633528,0.602381118822118,0.0823988795646343,0.0566606093021678,-0.011473103821801,-0.191420646720099
12.20131321482,9.69608464044161,0.602381118822118,0.0823988795646343,0.0566606093021678,0.119361939706912,0.144253944804162
12.0129014207185,9.74056225142607,0.602381118822118,0.0823988795646343,0.0566606093021678,-0.270810673666151,-0.0121829983177075
12.2260372267168,9.55405103520905,0.602381118822118,0.0823988795646343,0.0566606093021678,0.130736926433638,-0.243171825519187
12.2410237427755,9.64290618021433,0.602381118822118,0.0823988795646343,0.0566606093021678,-0.0674123635058678,0.0321945357031093
12.2756475484828,9.7673053120515,0.602381118822118,0.0823988795646343,0.0566606093021678,-0.0477750738573615,0.0677385225349987
12.3593972901797,9.96066559955041,0.602381118822118,0.0823988795646343,0.0566606093021678,0.00135086213227642,0.13669967819674
12.6456959401459,9.82873624580929,0.602381118822118,0.0823988795646343,0.0566606093021678,0.203899770401561,-0.188589963043283
12.6031644663189,9.94320854782785,0.602381118822118,0.0823988795646343,0.0566606093021678,-0.124930353391607,0.0578116927163904
12.7552888577227,9.73814989583595,0.602381118822118,0.0823988795646343,0.0566606093021678,0.0697255118391543,-0.261719261294069
12.8063456500133,10.0757140658,0.602381118822118,0.0823988795646343,0.0566606093021678,-0.0313420872740174,0.280903560661922
12.773637135681,10.2433693978551,0.602381118822118,0.0823988795646343,0.0566606093021678,-0.115107393897025,0.110994722752849
12.7647077406124,10.2867294637981,0.602381118822118,0.0823988795646343,0.0566606093021678,-0.0913282746332145,-0.0133005433591125
12.7378606929318,10.2249170430142,0.602381118822118,0.0823988795646343,0.0566606093021678,-0.109245927245192,-0.11847303008604
13.0566299934337,10.1574475081653,0.602381118822118,0.0823988795646343,0.0566606093021678,0.236370420937267,-0.124130144151157
12.9934311248546,10.2090818087206,0.602381118822118,0.0823988795646343,0.0566606093021678,-0.145597748143747,-0.00502630874684534
13.0874536017279,10.6144934464409,0.602381118822118,0.0823988795646343,0.0566606093021678,0.0116235973087062,0.348751028418139
13.0772521624688,10.5743439934629,0.602381118822118,0.0823988795646343,0.0566606093021678,-0.0926003188237616,-0.0968100622801342
13.1400761783425,10.6003596513087,0.602381118822118,0.0823988795646343,0.0566606093021678,-0.0195748636909878,-0.0306449514563538
13.2407779966989,10.4650644826774,0.602381118822118,0.0823988795646343,0.0566606093021678,0.0183029387918545,-0.19195577793349
13.2386903916737,10.455016998891,0.602381118822118,0.0823988795646343,0.0566606093021678,-0.0844864845898978,-0.0667080930885794
13.2756427682328,10.4241289763165,0.602381118822118,0.0823988795646343,0.0566606093021678,-0.0454465030055022,-0.0875486318766645
13.2383166778304,10.6565947682998,0.602381118822118,0.0823988795646343,0.0566606093021678,-0.119724969967059,0.175805182681101
13.3417745134305,10.8238178963884,0.602381118822118,0.0823988795646343,0.0566606093021678,0.0210589560355001,0.110562518786476
13.4266140666125,10.8627626594815,0.602381118822118,0.0823988795646343,0.0566606093021678,0.00244067361732658,-0.0177158462090665
13.6360723775156,10.7440408145025,0.602381118822118,0.0823988795646343,0.0566606093021678,0.127059431338467,-0.17538245428115
13.706608045569,10.665571950519,0.602381118822118,0.0823988795646343,0.0566606093021678,-0.0118632115112023,-0.135129473285686
13.7876919659529,10.7580452918533,0.602381118822118,0.0823988795646343,0.0566606093021678,-0.00131495918075242,0.0358127320321256
13.7691783749717,11.123665693574,0.602381118822118,0.0823988795646343,0.0566606093021678,-0.100912470545799,0.308959792418511
13.8960494439424,11.1342940256419,0.602381118822118,0.0823988795646343,0.0566606093021678,0.0444721894060196,-0.0460322772342402
14.1435369470398,11.1559032123905,0.602381118822118,0.0823988795646343,0.0566606093021678,0.165088623532789,-0.0350514225535764
14.0942959124695,11.3802168646453,0.602381118822118,0.0823988795646343,0.0566606093021678,-0.131639914134916,0.167653042952656
14.2672620630457,11.3777160438571,0.602381118822118,0.0823988795646343,0.0566606093021678,0.0905672710115215,-0.0591614300904137
14.2527225502156,11.400087329227,0.602381118822118,0.0823988795646343,0.0566606093021678,-0.0969383923946754,-0.0342893239322355
14.2844458241919,11.3734156513839,0.602381118822118,0.0823988795646343,0.0566606093021678,-0.0506756055884252,-0.0833322871453083
14.4026997067773,11.4413336081136,0.602381118822118,0.0823988795646343,0.0566606093021678,0.0358550030208586,0.0112573474275612
14.6064374586127,11.6577083921203,0.602381118822118,0.0823988795646343,0.0566606093021678,0.121338872270722,0.159714174704511
14.70929758829,11.5926703524396,0.602381118822118,0.0823988795646343,0.0566606093021678,0.0204612501126384,-0.121698648982904
14.7104861802226,11.4794262372511,0.602381118822118,0.0823988795646343,0.0566606093021678,-0.0812102876320577,-0.169904724490687
14.7428794501266,11.6756250203106,0.602381118822118,0.0823988795646343,0.0566606093021678,-0.0500056096605834,0.139538173757353
15.0036573297766,11.7221865726043,0.602381118822118,0.0823988795646343,0.0566606093021678,0.178379000085372,-0.0100990570083983
15.1765926714299,11.8263465325108,0.602381118822118,0.0823988795646343,0.0566606093021678,0.0905364620886804,0.0474993506042553
15.1084972998998,11.8812833114728,0.602381118822118,0.0823988795646343,0.0566606093021678,-0.150494251094785,-0.00172383034012846
15.246070849347,12.1230521001248,0.602381118822118,0.0823988795646343,0.0566606093021678,0.0551746698826392,0.185108179349787
15.4858491023128,12.2696920998765,0.602381118822118,0.0823988795646343,0.0566606093021678,0.157379373401096,0.0899793904495373
15.5034127965039,12.0527422415492,0.602381118822118,0.0823988795646343,0.0566606093021678,-0.0648351853734925,-0.273610467629406
15.7130380845842,12.1069580292482,0.602381118822118,0.0823988795646343,0.0566606093021678,0.127226408515699,-0.00244482160320181
15.7715964235346,12.2084404942893,0.602381118822118,0.0823988795646343,0.0566606093021678,-0.0238405406142974,0.0448218557389223
15.7159515923353,12.3665600782459,0.602381118822118,0.0823988795646343,0.0566606093021678,-0.138043710763914,0.101458974654421
15.7464672554529,12.2416722127844,0.602381118822118,0.0823988795646343,0.0566606093021678,-0.0518832164470791,-0.181548474763644
15.7845497649072,12.2684454164336,0.602381118822118,0.0823988795646343,0.0566606093021678,-0.0443163701102682,-0.0298874056529898
16.0520236566873,12.2061908057137,0.602381118822118,0.0823988795646343,0.0566606093021678,0.185075012215437,-0.118915220022079
15.9555460157087,12.3270563592529,0.602381118822118,0.0823988795646343,0.0566606093021678,-0.178876520543274,0.0642049442370364
16.2650720005305,12.3266093521603,0.602381118822118,0.0823988795646343,0.0566606093021678,0.227127105257236,-0.0571076163947439
16.2068342228286,12.4572838954798,0.602381118822118,0.0823988795646343,0.0566606093021678,-0.140636657266594,0.0740139340173424
16.2302744941966,12.3904887742068,0.602381118822118,0.0823988795646343,0.0566606093021678,-0.0589586081966424,-0.123455730575172
16.3431919424161,12.5646950001802,0.602381118822118,0.0823988795646343,0.0566606093021678,0.030518568654863,0.117545616671181
16.4514805158606,12.9516030439791,0.602381118822118,0.0823988795646343,0.0566606093021678,0.0258896938799453,0.330247434496787
16.5908121598956,13.0772212737178,0.602381118822118,0.0823988795646343,0.0566606093021678,0.0569327644702728,0.0689576204365144
16.719106913111,13.1443008110319,0.602381118822118,0.0823988795646343,0.0566606093021678,0.0458958736508512,0.0104189280118905
16.6361571484382,13.0738229453924,0.602381118822118,0.0823988795646343,0.0566606093021678,-0.165348644237473,-0.127138474941645
16.6766183349478,13.1799684026672,0.602381118822118,0.0823988795646343,0.0566606093021678,-0.0419376930550217,0.0494848479726168
16.7897365147953,13.0251446356536,0.602381118822118,0.0823988795646343,0.0566606093021678,0.0307193002827941,-0.211484376315778
17.0533159966993,12.8743303742444,0.602381118822118,0.0823988795646343,0.0566606093021678,0.181180602339368,-0.207474870711365
16.9656714702072,12.8758898221392,0.602381118822118,0.0823988795646343,0.0566606093021678,-0.170043406056657,-0.0551011614073436
17.025282820488,12.9698194747411,0.602381118822118,0.0823988795646343,0.0566606093021678,-0.0227875292839137,0.0372690432997483
17.3808243801118,13.1011698112899,0.602381118822118,0.0823988795646343,0.0566606093021678,0.273142680059229,0.0746897272466511
17.3845964867557,12.9397277270906,0.602381118822118,0.0823988795646343,0.0566606093021678,-0.0786267729207163,-0.218102693501464
17.4052533037782,12.9767145397085,0.602381118822118,0.0823988795646343,0.0566606093021678,-0.0617420625421836,-0.0196737966843236
17.354029851679,12.9601256841351,0.602381118822118,0.0823988795646343,0.0566606093021678,-0.133622331663844,-0.0732494648754933
17.5385798448546,13.0998923010036,0.602381118822118,0.0823988795646343,0.0566606093021678,0.102151113610996,0.0831060075662538
17.8719593247106,13.0671955320862,0.602381118822118,0.0823988795646343,0.0566606093021678,0.25098060029135,-0.0893573782195842
17.7841390781701,12.9496123158297,0.602381118822118,0.0823988795646343,0.0566606093021678,-0.170219126105133,-0.174243825558627
18.0037622866084,13.0972481575994,0.602381118822118,0.0823988795646343,0.0566606093021678,0.137224328873653,0.0909752324675529
18.0300958479725,13.697301009103,0.602381118822118,0.0823988795646343,0.0566606093021678,-0.0560653182005747,0.543392242201446
18.2830518566983,13.4143053440404,0.602381118822118,0.0823988795646343,0.0566606093021678,0.170557129161162,-0.339656274364794
18.4322926743963,13.5702796416304,0.602381118822118,0.0823988795646343,0.0566606093021678,0.066841938133405,0.0993136882878603
18.4482005127273,13.6636613712928,0.602381118822118,0.0823988795646343,0.0566606093021678,-0.0664910412335864,0.0367211203601966
18.6140821000286,13.8382437954847,0.602381118822118,0.0823988795646343,0.0566606093021678,0.0834827077366325,0.117921814889754
18.5564493427833,13.8636220153376,0.602381118822118,0.0823988795646343,0.0566606093021678,-0.14003163680994,-0.0312823894492843
18.7297752987572,14.0294424496981,0.602381118822118,0.0823988795646343,0.0566606093021678,0.0909270764092284,0.109159825058362
18.707519837229,14.031030075655,0.602381118822118,0.0823988795646343,0.0566606093021678,-0.104654341092799,-0.0550729833452919
18.7706978935639,13.7926814763817,0.602381118822118,0.0823988795646343,0.0566606093021678,-0.0192208232297679,-0.295009208575512
18.5236638217967,14.1449213778547,0.602381118822118,0.0823988795646343,0.0566606093021678,-0.329432951331818,0.295579292170815
18.6976275285322,14.3765429489736,0.602381118822118,0.0823988795646343,0.0566606093021678,0.0915648271708887,0.174960961816792
18.8754162510336,14.1544410883329,0.602381118822118,0.0823988795646343,0.0566606093021678,0.0953898429367654,-0.278762469942872
18.7588351162281,14.3532188703749,0.602381118822118,0.0823988795646343,0.0566606093021678,-0.198980014370118,0.142117172739837
18.6431428203865,14.4801472581267,0.602381118822118,0.0823988795646343,0.0566606093021678,-0.19809117540628,0.0702677784496215
19.0396575329996,14.760146527057,0.602381118822118,0.0823988795646343,0.0566606093021678,0.314115833048522,0.223338659628137
19.1209062831384,14.6675992893453,0.602381118822118,0.0823988795646343,0.0566606093021678,-0.0011501294258387,-0.149207847013845
19.1915573944384,14.8196343358727,0.602381118822118,0.0823988795646343,0.0566606093021678,-0.0117477682646696,0.0953744372252191
19.4379702884346,14.9280698220681,0.602381118822118,0.0823988795646343,0.0566606093021678,0.164014014431537,0.0517748768932398
19.4921625586599,15.0741875482382,0.602381118822118,0.0823988795646343,0.0566606093021678,-0.0282066093393086,0.0894571168679263
19.4739471338108,15.1063179300491,0.602381118822118,0.0823988795646343,0.0566606093021678,-0.100614304413771,-0.0245302274912945
19.3717565446866,15.3466255721938,0.602381118822118,0.0823988795646343,0.0566606093021678,-0.184589468688845,0.183647032842557
19.389747847361,15.1991997435955,0.602381118822118,0.0823988795646343,0.0566606093021678,-0.064407576890174,-0.204086437900468
19.487139818651,15.413067143764,0.602381118822118,0.0823988795646343,0.0566606093021678,0.014993091725374,0.157206790866296
19.4861925519335,15.423662441376,0.602381118822118,0.0823988795646343,0.0566606093021678,-0.0833461462821463,-0.0460653116901535
19.3105254941948,15.4077716986885,0.602381118822118,0.0823988795646343,0.0566606093021678,-0.258065937303346,-0.0725513519896528
19.5973729158558,15.5432230902591,0.602381118822118,0.0823988795646343,0.0566606093021678,0.204448542096389,0.0787907822684208
19.8026633806684,15.6153987952441,0.602381118822118,0.0823988795646343,0.0566606093021678,0.122891585247876,0.0155150956827945
19.8588619577785,15.6733878474167,0.602381118822118,0.0823988795646343,0.0566606093021678,-0.0262003024544812,0.0013284428704845
19.7365269022658,15.7359558667961,0.602381118822118,0.0823988795646343,0.0566606093021678,-0.204733935077306,0.00590741007724405
19.890166274299,15.6482135317035,0.602381118822118,0.0823988795646343,0.0566606093021678,0.0712404924684975,-0.144402944394795
19.860632344213,15.5131949335244,0.602381118822118,0.0823988795646343,0.0566606093021678,-0.111932809650568,-0.191679207481244
19.8322316444826,15.7519284395526,0.602381118822118,0.0823988795646343,0.0566606093021678,-0.110799579295039,0.182072896725981
20.1540810658655,15.748975414544,0.602381118822118,0.0823988795646343,0.0566606093021678,0.239450541818212,-0.05961363431075
20.4056755734267,15.8538647068503,0.602381118822118,0.0823988795646343,0.0566606093021678,0.169195627996584,0.0482286830041391
20.3103967052108,16.0305665658859,0.602381118822118,0.0823988795646343,0.0566606093021678,-0.177677747780497,0.120041249733432
20.5615548524654,16.1114208836766,0.602381118822118,0.0823988795646343,0.0566606093021678,0.168759267689877,0.0241937084885591
20.5860218999194,16.2011922205805,0.602381118822118,0.0823988795646343,0.0566606093021678,-0.0579318321106199,0.0331107276016733
20.7042142041428,16.4313595969116,0.602381118822118,0.0823988795646343,0.0566606093021678,0.0357934246587612,0.17350676702892
20.7150551319177,16.5401183082724,0.602381118822118,0.0823988795646343,0.0566606093021678,-0.0715579517897529,0.0520981020586833
20.83697493372,16.3803499362722,0.602381118822118,0.0823988795646343,0.0566606093021678,0.0395209222377133,-0.216428981302375
20.8492191691208,16.6681730867911,0.602381118822118,0.0823988795646343,0.0566606093021678,-0.0701546441638359,0.231162541216753
21.0664396962375,16.5948931352308,0.602381118822118,0.0823988795646343,0.0566606093021678,0.134821647552021,-0.129940560862548
21.0306069623965,16.5762604934507,0.602381118822118,0.0823988795646343,0.0566606093021678,-0.118231613405619,-0.075293251082269
21.1280145475573,16.7085762016132,0.602381118822118,0.0823988795646343,0.0566606093021678,0.015008705596234,0.0756550988603581
21.1541539000659,16.7588869786074,0.602381118822118,0.0823988795646343,0.0566606093021678,-0.0562595270560886,-0.00634983230797004
21.3105829383112,16.7596650857849,0.602381118822118,0.0823988795646343,0.0566606093021678,0.0740301586806358,-0.0558825021246272
21.4533396246577,16.7980928170099,0.602381118822118,0.0823988795646343,0.0566606093021678,0.0603578067819488,-0.0182328780771561
21.2323719113041,16.9661956597751,0.602381118822118,0.0823988795646343,0.0566606093021678,-0.303366592918295,0.111442233463057
21.4066709119169,16.8229260275836,0.602381118822118,0.0823988795646343,0.0566606093021678,0.0919001210482178,-0.199930241493763
21.329506030512,16.8403252312924,0.602381118822118,0.0823988795646343,0.0566606093021678,-0.159563760969581,-0.0392614055932816
21.4877022620535,17.012061821926,0.602381118822118,0.0823988795646343,0.0566606093021678,0.0757973519768718,0.115075981331415
21.6487192733196,17.008563708006,0.602381118822118,0.0823988795646343,0.0566606093021678,0.0786181317015064,-0.060158723222143
21.8552233571012,17.0618695182485,0.602381118822118,0.0823988795646343,0.0566606093021678,0.124105204216905,-0.00335479905972469
22.0362265883481,17.0787087303259,0.602381118822118,0.0823988795646343,0.0566606093021678,0.0986043516822457,-0.0398213972248023
22.0902117210994,17.2452207896848,0.602381118822118,0.0823988795646343,0.0566606093021678,-0.0284137468133059,0.109851450056741
22.2932515923366,17.3289546806011,0.602381118822118,0.0823988795646343,0.0566606093021678,0.120640991672567,0.0270732816141479
22.4394420502048,17.2378750739189,0.602381118822118,0.0823988795646343,0.0566606093021678,0.0637915783035898,-0.147740215984348
22.5347137042605,17.1912197545233,0.602381118822118,0.0823988795646343,0.0566606093021678,0.0128727744910655,-0.10331592869777
22.8640852688802,17.2636803688643,0.602381118822118,0.0823988795646343,0.0566606093021678,0.246972685055,0.0158000050388677
22.7731133336044,17.0756736413293,0.602381118822118,0.0823988795646343,0.0566606093021678,-0.173370814840399,-0.244667336837146
22.9183616346242,17.3965403975608,0.602381118822118,0.0823988795646343,0.0566606093021678,0.0628494214551225,0.264206146929323
23.0297809771002,17.3436016949957,0.602381118822118,0.0823988795646343,0.0566606093021678,0.0290204629113877,-0.109599311867289
23.0806363778025,17.5254266558533,0.602381118822118,0.0823988795646343,0.0566606093021678,-0.0315434788623044,0.12516435155541
23.168561926922,17.851639268936,0.602381118822118,0.0823988795646343,0.0566606093021678,0.00552666955482972,0.269552003780573
23.2280883828295,17.6141918280624,0.602381118822118,0.0823988795646343,0.0566606093021678,-0.0228724236570712,-0.294108050175814
23.4953263442256,17.7345615438359,0.602381118822118,0.0823988795646343,0.0566606093021678,0.184839081831419,0.0637091064713758
23.4963412382963,17.7467290860649,0.602381118822118,0.0823988795646343,0.0566606093021678,-0.0813839854939592,-0.0444930670732132
23.4177615307866,17.8448478665927,0.602381118822118,0.0823988795646343,0.0566606093021678,-0.160978587074273,0.0414581712257102
23.492720021722,17.9860905713137,0.602381118822118,0.0823988795646343,0.0566606093021678,-0.00744038862927998,0.0845820954187659
23.7498786272795,18.0725685512019,0.602381118822118,0.0823988795646343,0.0566606093021678,0.174759725992917,0.0298173705860201
23.7011349074585,18.1236268835286,0.602381118822118,0.0823988795646343,0.0566606093021678,-0.131142599385707,-0.00560227697539184
23.9311701915213,18.203282575385,0.602381118822118,0.0823988795646343,0.0566606093021678,0.14763640449815,0.022995082554182
23.7904801054,18.1370926379739,0.602381118822118,0.0823988795646343,0.0566606093021678,-0.223088965685879,-0.122850546713263
23.8735102155886,18.1785107821647,0.602381118822118,0.0823988795646343,0.0566606093021678,0.000631230623956203,-0.0152424651113325
23.9984481288622,18.4438893282007,0.602381118822118,0.0823988795646343,0.0566606093021678,0.0425390337089755,0.208717936733828
23.9096048572792,18.3710203137976,0.602381118822118,0.0823988795646343,0.0566606093021678,-0.171242151147695,-0.12952962370533
24.3864479410397,18.4902923293823,0.602381118822118,0.0823988795646343,0.0566606093021678,0.394444204195912,0.0626114062826073
24.4178569499053,18.4806908154015,0.602381118822118,0.0823988795646343,0.0566606093021678,-0.0509898706990459,-0.0662621232830145
24.7453508719578,18.3554441519342,0.602381118822118,0.0823988795646343,0.0566606093021678,0.245095042487879,-0.181907272769432
24.7047203482841,18.5597228944565,0.602381118822118,0.0823988795646343,0.0566606093021678,-0.123029403238394,0.147618133220135
24.7370489484898,18.7898478777618,0.602381118822118,0.0823988795646343,0.0566606093021678,-0.0500702793589223,0.173464374003083
24.7780117821781,18.6638714627099,0.602381118822118,0.0823988795646343,0.0566606093021678,-0.0414360458763384,-0.182637024354028
24.8914403870459,18.6645971314341,0.602381118822118,0.0823988795646343,0.0566606093021678,0.0310297253032107,-0.055934940578003
24.7662971773492,18.9442514867513,0.602381118822118,0.0823988795646343,0.0566606093021678,-0.207542089261347,0.222993746015059
24.9355446792969,18.7608242777949,0.602381118822118,0.0823988795646343,0.0566606093021678,0.0868486223830305,-0.240087818258553
25.1222792271645,18.7147970997851,0.602381118822118,0.0823988795646343,0.0566606093021678,0.104335668303015,-0.102687787312004
24.8719806147924,18.8670875642687,0.602381118822118,0.0823988795646343,0.0566606093021678,-0.332697491936727,0.0956298551814413
24.9226533621704,18.965575959638,0.602381118822118,0.0823988795646343,0.0566606093021678,-0.0317261321866511,0.0418277860671207
24.9971813598626,19.1432635493049,0.602381118822118,0.0823988795646343,0.0566606093021678,-0.00787088187248286,0.12102698036477
25.3637151006185,19.2615488053886,0.602381118822118,0.0823988795646343,0.0566606093021678,0.284134861191307,0.0616246467815382
25.3198005279746,19.4111369751325,0.602381118822118,0.0823988795646343,0.0566606093021678,-0.126313452208488,0.0929275604416673
25.1087443019327,19.3842169797699,0.602381118822118,0.0823988795646343,0.0566606093021678,-0.293455105606573,-0.0835806046647545
25.2135818810047,19.4068665099857,0.602381118822118,0.0823988795646343,0.0566606093021678,0.0224386995073584,-0.0340110790863228
25.3259074222192,19.5154192934097,0.602381118822118,0.0823988795646343,0.0566606093021678,0.0299266616498761,0.0518921741218588
25.3353639463975,19.4139396072711,0.602381118822118,0.0823988795646343,0.0566606093021678,-0.0729423553863113,-0.1581402954408
25.3449073142405,19.6025723124465,0.602381118822118,0.0823988795646343,0.0566606093021678,-0.0728555117216803,0.131972095873217
25.5193051023598,19.5679867358082,0.602381118822118,0.0823988795646343,0.0566606093021678,0.0919989085547062,-0.0912461859404534
25.8330116432607,19.8424622665418,0.602381118822118,0.0823988795646343,0.0566606093021678,0.231307661336212,0.21781492143139
26.0031119586821,19.9295760175975,0.602381118822118,0.0823988795646343,0.0566606093021678,0.0877014358568005,0.0304531417536167
26.1541580695085,19.9760310761713,0.602381118822118,0.0823988795646343,0.0566606093021678,0.0686472312617521,-0.010205550728378
26.2060497779148,19.8920208007765,0.602381118822118,0.0823988795646343,0.0566606093021678,-0.0305071711583773,-0.140670884696982
26.5272545948694,19.8863962201716,0.602381118822118,0.0823988795646343,0.0566606093021678,0.238805937389999,-0.0622851899070949
26.4068579490931,20.0539171377406,0.602381118822118,0.0823988795646343,0.0566606093021678,-0.202795525340935,0.110860308266895
26.6867521237559,19.9781312731584,0.602381118822118,0.0823988795646343,0.0566606093021678,0.197495295098125,-0.132446473884453
26.7627235364486,20.0199106213119,0.602381118822118,0.0823988795646343,0.0566606093021678,-0.00642746687193074,-0.0148812611486713
26.6531118894601,20.1663021961183,0.602381118822118,0.0823988795646343,0.0566606093021678,-0.192010526553094,0.0897309655042473
26.807698838306,20.1756174170079,0.602381118822118,0.0823988795646343,0.0566606093021678,0.0721880692812427,-0.0473453884125645
26.818785846335,20.1033950544575,0.602381118822118,0.0823988795646343,0.0566606093021678,-0.0713118715355892,-0.128882971852573
26.8384483954643,20.1878128978165,0.602381118822118,0.0823988795646343,0.0566606093021678,-0.0627363304354065,0.0277572340568742
26.8606722120222,20.3345710016411,0.602381118822118,0.0823988795646343,0.0566606093021678,-0.0601750630066589,0.0900974945224022
27.0947996054149,20.3298094793947,0.602381118822118,0.0823988795646343,0.0566606093021678,0.151728513827993,-0.061422131548597
27.2226081205254,20.4418454973924,0.602381118822118,0.0823988795646343,0.0566606093021678,0.0454096355459243,0.0553754086955969
27.3125630572519,20.4447237090214,0.602381118822118,0.0823988795646343,0.0566606093021678,0.00755605716180352,-0.0537823976731426
27.2452015137288,20.7367287426849,0.602381118822118,0.0823988795646343,0.0566606093021678,-0.149760423087698,0.235344424361326
27.4833551389937,20.5539437802068,0.602381118822118,0.0823988795646343,0.0566606093021678,0.155754745700243,-0.239445571780292
27.7001794486758,20.4342852961607,0.602381118822118,0.0823988795646343,0.0566606093021678,0.134425430117423,-0.176319093348246
27.7792234513215,20.629338635295,0.602381118822118,0.0823988795646343,0.0566606093021678,-0.00335487691889536,0.138392729832103
27.9021862177258,20.644221509526,0.602381118822118,0.0823988795646343,0.0566606093021678,0.040563886839721,-0.0417777350711428
28.0228470444173,20.7923105467392,0.602381118822118,0.0823988795646343,0.0566606093021678,0.0382619471268484,0.0914284279110438
27.9865249037725,20.6254681086463,0.602381118822118,0.0823988795646343,0.0566606093021678,-0.118721020209426,-0.223503047395142
27.9904190373444,20.9969028152676,0.602381118822118,0.0823988795646343,0.0566606093021678,-0.0785047459927884,0.314774097319134
28.0563524200871,21.1730618574308,0.602381118822118,0.0823988795646343,0.0566606093021678,-0.0164654968218769,0.119498432861108
27.9503607324988,21.0769712821788,0.602381118822118,0.0823988795646343,0.0566606093021678,-0.188390567153033,-0.152751184554242
27.9239545083947,21.2380109391231,0.602381118822118,0.0823988795646343,0.0566606093021678,-0.1088051036687,0.104379047642195
28.0736738679631,21.449456860423,0.602381118822118,0.0823988795646343,0.0566606093021678,0.0673204800038072,0.154785311997723
28.2404625191288,21.2316868315205,0.602381118822118,0.0823988795646343,0.0566606093021678,0.0843897716010169,-0.274430638204712
28.2651748303778,21.2555621540801,0.602381118822118,0.0823988795646343,0.0566606093021678,-0.057686568315664,-0.0327852867425604
28.2884360823922,21.3971696277848,0.602381118822118,0.0823988795646343,0.0566606093021678,-0.0591376275502034,0.0849468644025508
28.4309996574147,21.525618118923,0.602381118822118,0.0823988795646343,0.0566606093021678,0.0601646954578874,0.0717878818360183
28.4470166617356,21.5835609192088,0.602381118822118,0.0823988795646343,0.0566606093021678,-0.0663818752437386,0.00128219098365556
28.6855947252794,21.502491650533,0.602381118822118,0.0823988795646343,0.0566606093021678,0.156179183979181,-0.137729877977916
28.8706196707072,21.6180270326196,0.602381118822118,0.0823988795646343,0.0566606093021678,0.102626065863141,0.0588747727843462
28.8956775568019,21.6860074611493,0.602381118822118,0.0823988795646343,0.0566606093021678,-0.0573409934699632,0.0113198192276165
28.8962032251133,21.7000279175392,0.602381118822118,0.0823988795646343,0.0566606093021678,-0.0818732112531775,-0.0426401529122848
28.8542103256415,21.7887872365864,0.602381118822118,0.0823988795646343,0.0566606093021678,-0.124391779036452,0.0320987097450451
29.0696689626234,21.6342730410167,0.602381118822118,0.0823988795646343,0.0566606093021678,0.133059757417252,-0.21117480487187
29.5074935381187,21.9067830719136,0.602381118822118,0.0823988795646343,0.0566606093021678,0.355425695930701,0.215849421594745
29.3996312184629,21.8137557591048,0.602381118822118,0.0823988795646343,0.0566606093021678,-0.190261199220454,-0.149687922110983
29.4201421213264,21.6434041845328,0.602381118822118,0.0823988795646343,0.0566606093021678,-0.0618879767011558,-0.227012183874205
29.7463934271598,22.004050808954,0.602381118822118,0.0823988795646343,0.0566606093021678,0.243852426268791,0.30398601511907
29.7729003104756,22.2380686548311,0.602381118822118,0.0823988795646343,0.0566606093021678,-0.0558919962488909,0.177357236574864
29.8199185949298,22.3227869362797,0.602381118822118,0.0823988795646343,0.0566606093021678,-0.0353805951103855,0.0280576721464805
29.7170803666042,22.0921655992709,0.602381118822118,0.0823988795646343,0.0566606093021678,-0.185237107890268,-0.28728194631098
29.6761533445043,22.15853240682,0.602381118822118,0.0823988795646343,0.0566606093021678,-0.123325901664565,0.00970619824697205
29.8123775357714,22.2497745836895,0.602381118822118,0.0823988795646343,0.0566606093021678,0.0538253117025407,0.0345815675673281
29.9734974021919,22.3225458336704,0.602381118822118,0.0823988795646343,0.0566606093021678,0.0787209868558283,0.0161106406787483
30.2191207153726,22.2264068200529,0.602381118822118,0.0823988795646343,0.0566606093021678,0.163224433616082,-0.152799622919674
30.3535141042079,22.3895246350345,0.602381118822118,0.0823988795646343,0.0566606093021678,0.0519945092706476,0.106457205679449
30.6566627756063,22.3985610827889,0.602381118822118,0.0823988795646343,0.0566606093021678,0.220749791833749,-0.047624161547848
30.6855501188957,22.4732298475039,0.602381118822118,0.0823988795646343,0.0566606093021678,-0.0535115362752209,0.0180081554129142
30.5132225441462,22.7119168863027,0.602381118822118,0.0823988795646343,0.0566606093021678,-0.254726454314159,0.182026429496604
30.8945452314357,22.7453903763141,0.602381118822118,0.0823988795646343,0.0566606093021678,0.298923807724891,-0.0231871192908064
30.8726525802768,22.729180639203,0.602381118822118,0.0823988795646343,0.0566606093021678,-0.104291530723557,-0.0728703464132447
31.282520326056,22.7859254230523,0.602381118822118,0.0823988795646343,0.0566606093021678,0.32746886621458,8.41745471826805e-05
31.2685992148199,22.7216709172937,0.602381118822118,0.0823988795646343,0.0566606093021678,-0.0963199908006979,-0.120915115060819
31.2332404009937,22.6211017744895,0.602381118822118,0.0823988795646343,0.0566606093021678,-0.117757693390892,-0.157229752106396
31.4551292891898,22.6109505213352,0.602381118822118,0.0823988795646343,0.0566606093021678,0.139490008631429,-0.0668118624564585
31.4668128074732,22.8024254110352,0.602381118822118,0.0823988795646343,0.0566606093021678,-0.0707153612812043,0.134814280397823
31.5489216588538,22.6655790828591,0.602381118822118,0.0823988795646343,0.0566606093021678,-0.00029002818406576,-0.193506937478219
31.5282726076654,22.7328497220683,0.602381118822118,0.0823988795646343,0.0566606093021678,-0.103047930753037,0.010610029907049
31.4967757304033,22.9530489499415,0.602381118822118,0.0823988795646343,0.0566606093021678,-0.113895756826689,0.16353861857097
31.7362807541497,22.800667960167,0.602381118822118,0.0823988795646343,0.0566606093021678,0.157106144181763,-0.209041599076638
31.6117786744996,22.9479089556074,0.602381118822118,0.0823988795646343,0.0566606093021678,-0.206900959214739,0.0905803861382581
31.8676678355142,23.0369687641069,0.602381118822118,0.0823988795646343,0.0566606093021678,0.173490281449949,0.0323991991973326
31.9148311029478,22.8036963582849,0.602381118822118,0.0823988795646343,0.0566606093021678,-0.0352356121310488,-0.289933015124222
31.9553352047253,22.876026009014,0.602381118822118,0.0823988795646343,0.0566606093021678,-0.0418947777870573,0.0156690414269414
32.1148407975181,22.8362871361927,0.602381118822118,0.0823988795646343,0.0566606093021678,0.0771067132281398,-0.0963994821234521
32.1381017578596,22.9344909235822,0.602381118822118,0.0823988795646343,0.0566606093021678,-0.0591379192231087,0.0415431780873864
32.087764021293,23.1563338521881,0.602381118822118,0.0823988795646343,0.0566606093021678,-0.132736616131301,0.165182319303666
32.1221746917925,23.1712709845923,0.602381118822118,0.0823988795646343,0.0566606093021678,-0.0479882090651416,-0.0417234768979511
32.0066309853239,23.2902137042948,0.602381118822118,0.0823988795646343,0.0566606093021678,-0.197942586033162,0.0622821104003787
32.1925964817262,23.3992100508028,0.602381118822118,0.0823988795646343,0.0566606093021678,0.103566616837576,0.0523357372057909
32.0826258275585,23.3224136899084,0.602381118822118,0.0823988795646343,0.0566606093021678,-0.192369533732311,-0.133456970196588
32.0263024095139,23.6050429325041,0.602381118822118,0.0823988795646343,0.0566606093021678,-0.1387222976092,0.225968633293541
32.2679234245797,23.6572603180145,0.602381118822118,0.0823988795646343,0.0566606093021678,0.159222135501165,-0.00444322379169593
32.3174788793416,23.684379960253,0.602381118822118,0.0823988795646343,0.0566606093021678,-0.0328434248027989,-0.0295409670637318
32.2403166827999,23.8997232901916,0.602381118822118,0.0823988795646343,0.0566606093021678,-0.159561076106331,0.158682720636437
32.1016678719465,23.7813609316938,0.602381118822118,0.0823988795646343,0.0566606093021678,-0.221047690418003,-0.17502296779994
32.3423554405509,24.05347969751,0.602381118822118,0.0823988795646343,0.0566606093021678,0.158288689039733,0.215458156514031
32.3909538777317,24.0556581477325,0.602381118822118,0.0823988795646343,0.0566606093021678,-0.0338004423838045,-0.0544821590797276
32.5615835437535,24.1111695420078,0.602381118822118,0.0823988795646343,0.0566606093021678,0.0882307864571639,-0.00114921502679266
32.7153496474084,24.0684218211281,0.602381118822118,0.0823988795646343,0.0566606093021678,0.0713672240902157,-0.0994083301818517
32.7799792958452,24.2903286280398,0.602381118822118,0.0823988795646343,0.0566606093021678,-0.0177692311278139,0.165246197609444
32.7446736024105,24.3114114754213,0.602381118822118,0.0823988795646343,0.0566606093021678,-0.117704572999275,-0.035577761920621
32.7049843528554,24.4521486974113,0.602381118822118,0.0823988795646343,0.0566606093021678,-0.122088129119765,0.084076612687793
32.7042700454802,24.6703082294423,0.602381118822118,0.0823988795646343,0.0566606093021678,-0.0831131869398356,0.161498922728915
32.8439126862795,24.6133304845278,0.602381118822118,0.0823988795646343,0.0566606093021678,0.0572437612346683,-0.113638354216738
32.9615275389109,24.7335542039583,0.602381118822118,0.0823988795646343,0.0566606093021678,0.0352159730667994,0.0635631101283327
33.2373593235406,24.9741329484236,0.602381118822118,0.0823988795646343,0.0566606093021678,0.193432905064981,0.183918135163145
33.2479557055375,24.9203623598703,0.602381118822118,0.0823988795646343,0.0566606093021678,-0.0718024975676914,-0.110431197855457
33.469115627794,25.1120581059736,0.602381118822118,0.0823988795646343,0.0566606093021678,0.138761042691891,0.135035136801175
33.5568319380839,24.9129845645703,0.602381118822118,0.0823988795646343,0.0566606093021678,0.00531743072526925,-0.255734150705499
33.6877429289325,24.7823525051943,0.602381118822118,0.0823988795646343,0.0566606093021678,0.0485121112838995,-0.18729266867816
33.7442946050283,24.960208097885,0.602381118822118,0.0823988795646343,0.0566606093021678,-0.0258472034687685,0.121194983388582
33.6966775679016,24.8829089923726,0.602381118822118,0.0823988795646343,0.0566606093021678,-0.130015916691422,-0.133959714814633
33.7887518375717,25.1181961535685,0.602381118822118,0.0823988795646343,0.0566606093021678,0.00967539010549956,0.178626551893704
33.8945506274304,25.0640297907725,0.602381118822118,0.0823988795646343,0.0566606093021678,0.023399910294122,-0.110826972098125
34.1312057991262,25.2063906887011,0.602381118822118,0.0823988795646343,0.0566606093021678,0.154256292131161,0.0857002886264808
34.3107289646404,25.2405588825102,0.602381118822118,0.0823988795646343,0.0566606093021678,0.0971242859494961,-0.0224924154930699
34.467435411992,25.4489201641097,0.602381118822118,0.0823988795646343,0.0566606093021678,0.0743075677869599,0.151700672297329
34.6527140232731,25.3511350282854,0.602381118822118,0.0823988795646343,0.0566606093021678,0.102879731716518,-0.154445745126483
34.6844222762421,25.5144238255548,0.602381118822118,0.0823988795646343,0.0566606093021678,-0.0506906265956335,0.10662818796725
34.7073253696575,25.488971075634,0.602381118822118,0.0823988795646343,0.0566606093021678,-0.0594957861492332,-0.0821133592229715
34.989203985333,25.5153000333375,0.602381118822118,0.0823988795646343,0.0566606093021678,0.199479736110865,-0.0303316515986437
34.9097847759873,25.6203653834439,0.602381118822118,0.0823988795646343,0.0566606093021678,-0.16181808891036,0.0484047408041751
34.9681962600865,25.6438245618524,0.602381118822118,0.0823988795646343,0.0566606093021678,-0.0239873954654333,-0.0332014308936671
35.2959772284225,25.96450692027,0.602381118822118,0.0823988795646343,0.0566606093021678,0.245382088771345,0.264021749115392
35.3444539476289,25.8987475458556,0.602381118822118,0.0823988795646343,0.0566606093021678,-0.0339221603582675,-0.122419983716504
35.3194609767184,25.822413961594,0.602381118822118,0.0823988795646343,0.0566606093021678,-0.107391850475121,-0.132994193563764
35.4243402537985,26.1029177830603,0.602381118822118,0.0823988795646343,0.0566606093021678,0.0224803975155099,0.223843212164097
35.7340670672165,25.9517154832921,0.602381118822118,0.0823988795646343,0.0566606093021678,0.227327933853295,-0.207862909070398
35.8583575758171,25.913694887648,0.602381118822118,0.0823988795646343,0.0566606093021678,0.0418916290359642,-0.094681204946195
36.1525290045096,25.8793250110207,0.602381118822118,0.0823988795646343,0.0566606093021678,0.21177254912788,-0.0910304859295068
36.1357684383905,25.9592377298703,0.602381118822118,0.0823988795646343,0.0566606093021678,-0.0991594456836997,0.0232521095474456
36.1356433656455,26.2291049034683,0.602381118822118,0.0823988795646343,0.0566606093021678,-0.0825239523096855,0.213206564295878
36.2264193474471,26.1010771188309,0.602381118822118,0.0823988795646343,0.0566606093021678,0.00837710223704102,-0.184688393939591
36.202908295312,26.2857624587554,0.602381118822118,0.0823988795646343,0.0566606093021678,-0.105909931699814,0.128024730622264
36.2748212303956,26.2573668982978,0.602381118822118,0.0823988795646343,0.0566606093021678,-0.0104859444810094,-0.085056169759727
36.1378296018591,26.5000715062733,0.602381118822118,0.0823988795646343,0.0566606093021678,-0.219390508101112,0.186043998673303
36.3350217880906,26.6413918544995,0.602381118822118,0.0823988795646343,0.0566606093021678,0.114793306666877,0.084659738924036
36.4149334233567,26.5614649226962,0.602381118822118,0.0823988795646343,0.0566606093021678,-0.00248724429858638,-0.136587541105463
36.3690936670429,26.671941468901,0.602381118822118,0.0823988795646343,0.0566606093021678,-0.128238635878396,0.0538159369027116
36.2488763039644,26.5140570553372,0.602381118822118,0.0823988795646343,0.0566606093021678,-0.202616242643155,-0.214545022865964
36.3679896882633,26.5736930969351,0.602381118822118,0.0823988795646343,0.0566606093021678,0.0367145047342627,0.00297543229564701
36.5647000485176,26.8836971246003,0.602381118822118,0.0823988795646343,0.0566606093021678,0.114311480689666,0.253343418363111
36.70268225924,26.988714927859,0.602381118822118,0.0823988795646343,0.0566606093021678,0.0555833311577906,0.0483571939564926
36.7472491281617,27.1540210055536,0.602381118822118,0.0823988795646343,0.0566606093021678,-0.0378320106429406,0.10864546839245
36.7525561121498,27.0725890962531,0.602381118822118,0.0823988795646343,0.0566606093021678,-0.0770918955765963,-0.138092518602727
36.8059327601318,26.9947867540354,0.602381118822118,0.0823988795646343,0.0566606093021678,-0.0290222315825817,-0.134462951519831
36.84369947934,27.0608984683512,0.602381118822118,0.0823988795646343,0.0566606093021678,-0.0446321603564057,0.00945110501366164
36.6746348557863,26.9706187520826,0.602381118822118,0.0823988795646343,0.0566606093021678,-0.251463503118418,-0.146940325570821
36.73737030588,27.1902351592784,0.602381118822118,0.0823988795646343,0.0566606093021678,-0.0196634294708615,0.162955797893653
36.8396473470482,27.4606861313611,0.602381118822118,0.0823988795646343,0.0566606093021678,0.0198781616035544,0.213790362780546
36.918729184254,27.3485707041973,0.602381118822118,0.0823988795646343,0.0566606093021678,-0.00331704235887287,-0.168776036465943
36.9875567978827,27.271491334691,0.602381118822118,0.0823988795646343,0.0566606093021678,-0.0135712659358791,-0.133739978808506
36.8855778877864,27.3261978663338,0.602381118822118,0.0823988795646343,0.0566606093021678,-0.184377789661021,-0.00195407765939459
37.1914801589599,27.5383789830966,0.602381118822118,0.0823988795646343,0.0566606093021678,0.223503391608896,0.15552050746068
37.2587421541404,27.4747153239469,0.602381118822118,0.0823988795646343,0.0566606093021678,-0.0151368843840827,-0.120324268451865
37.2640729602013,27.5510126121077,0.602381118822118,0.0823988795646343,0.0566606093021678,-0.0770680735038243,0.0196366788586581
37.2093699230104,27.4119882541856,0.602381118822118,0.0823988795646343,0.0566606093021678,-0.137101916755507,-0.195684967224319
37.1546688204248,27.4258381773266,0.602381118822118,0.0823988795646343,0.0566606093021678,-0.137099982150177,-0.042810686161173
37.2959577918544,27.5438645336099,0.602381118822118,0.0823988795646343,0.0566606093021678,0.058890091864946,0.061365746981128
37.3889726719946,27.7234911232507,0.602381118822118,0.0823988795646343,0.0566606093021678,0.0106160005755036,0.122965980338703
37.631878144799,27.7171750333328,0.602381118822118,0.0823988795646343,0.0566606093021678,0.160506593239791,-0.0629766992200692
37.8705866526512,27.7804395902654,0.602381118822118,0.0823988795646343,0.0566606093021678,0.156309628287573,0.00660394763041339
37.858987486807,27.8584984034482,0.602381118822118,0.0823988795646343,0.0566606093021678,-0.0939980454088427,0.0213982038806358
37.7720191919686,27.8228862135075,0.602381118822118,0.0823988795646343,0.0566606093021678,-0.169367174403051,-0.0922727992429088
37.6633544867054,27.922099559224,0.602381118822118,0.0823988795646343,0.0566606093021678,-0.191063584827857,0.0425527364143699
38.0583306099536,27.800675542158,0.602381118822118,0.0823988795646343,0.0566606093021678,0.31257724368362,-0.178084626368168
38.0723273437203,27.9328808474854,0.602381118822118,0.0823988795646343,0.0566606093021678,-0.0684021457979853,0.0755446960251954
38.0168527121226,28.1261818437246,0.602381118822118,0.0823988795646343,0.0566606093021678,-0.137873511162317,0.136640386937064
38.2086384341298,28.020144909774,0.602381118822118,0.0823988795646343,0.0566606093021678,0.109386842442621,-0.162697543252775
38.3434265897957,28.16942533018,0.602381118822118,0.0823988795646343,0.0566606093021678,0.0523892761011973,0.0926198111038444
38.404444573956,28.1040979228753,0.602381118822118,0.0823988795646343,0.0566606093021678,-0.0213808954043144,-0.12198801660687
38.5524409220138,28.1631753668503,0.602381118822118,0.0823988795646343,0.0566606093021678,0.0655974684931526,0.00241683467288378
38.4699304647796,28.2090727016976,0.602381118822118,0.0823988795646343,0.0566606093021678,-0.164909336798789,-0.0107632744548928
38.5171955038554,28.1839050337328,0.602381118822118,0.0823988795646343,0.0566606093021678,-0.0351338404889003,-0.0818282772669774
38.7454902003909,28.313570625816,0.602381118822118,0.0823988795646343,0.0566606093021678,0.145895816970955,0.0730049827810159
38.9678940643763,28.3405717028982,0.602381118822118,0.0823988795646343,0.0566606093021678,0.14000498442068,-0.0296595322200035
38.9694422719378,28.6620937094106,0.602381118822118,0.0823988795646343,0.0566606093021678,-0.0808506720031463,0.264861397210306
39.1491378156028,28.7074012911908,0.602381118822118,0.0823988795646343,0.0566606093021678,0.0972966641004163,-0.0113530275219784
38.9930256177483,28.6558560445065,0.602381118822118,0.0823988795646343,0.0566606093021678,-0.238511077419135,-0.108205855986492
39.1148035837806,28.6943507473817,0.602381118822118,0.0823988795646343,0.0566606093021678,0.0393790864677057,-0.0181659064269613
39.4260744034421,28.9692609223936,0.602381118822118,0.0823988795646343,0.0566606093021678,0.228871940096854,0.218249565709705
39.3787306447885,29.0383556114422,0.602381118822118,0.0823988795646343,0.0566606093021678,-0.129742638218259,0.0124340797464417
39.5587196532329,29.0735620526192,0.602381118822118,0.0823988795646343,0.0566606093021678,0.0975901288797916,-0.0214541681251228
39.7456077802498,28.8410135616541,0.602381118822118,0.0823988795646343,0.0566606093021678,0.104489247452214,-0.289209100267253
39.9832963337165,28.9874849783629,0.602381118822118,0.0823988795646343,0.0566606093021678,0.155289673902032,0.0898108074066226
40.0133892891185,29.1327331607528,0.602381118822118,0.0823988795646343,0.0566606093021678,-0.052305924162608,0.0885875730877438
40.0177939739525,28.9405100144491,0.602381118822118,0.0823988795646343,0.0566606093021678,-0.0779941947306335,-0.248883755605944
40.055240350039,29.3400177598688,0.602381118822118,0.0823988795646343,0.0566606093021678,-0.0449525034780802,0.342847136117594
40.1035874919854,29.1036098643845,0.602381118822118,0.0823988795646343,0.0566606093021678,-0.0340517376182596,-0.29306850478647
40.1408174183812,29.3091774785258,0.602381118822118,0.0823988795646343,0.0566606093021678,-0.0451689531688453,0.148907004839143
40.0124652184194,29.4515174458751,0.602381118822118,0.0823988795646343,0.0566606093021678,-0.210751079526401,0.0856793580471121
40.1209539690755,29.563006051225,0.602381118822118,0.0823988795646343,0.0566606093021678,0.0260898710914332,0.0548279960477219
40.1670127655795,29.620608511066,0.602381118822118,0.0823988795646343,0.0566606093021678,-0.0363400830606244,0.000941850538880518
40.1761068095651,29.4780384631038,0.602381118822118,0.0823988795646343,0.0566606093021678,-0.0733048355790791,-0.19923065726438
40.2929462584568,29.3202867919082,0.602381118822118,0.0823988795646343,0.0566606093021678,0.0344405693271046,-0.214412280497826
40.2311001084465,29.6872601469,0.602381118822118,0.0823988795646343,0.0566606093021678,-0.144245029574915,0.310312745689652
40.4266939538505,29.744431173955,0.602381118822118,0.0823988795646343,0.0566606093021678,0.113194965839353,0.00051041775288041
40.2927309037054,29.808833606846,0.602381118822118,0.0823988795646343,0.0566606093021678,-0.216361929709753,0.00774182358879671
40.5782080125094,30.0012635077001,0.602381118822118,0.0823988795646343,0.0566606093021678,0.20307822923933,0.135769291551925
40.4688004122674,30.0670944943983,0.602381118822118,0.0823988795646343,0.0566606093021678,-0.191806479806562,0.00917037739604831
40.6202146860829,30.3398259743234,0.602381118822118,0.0823988795646343,0.0566606093021678,0.0690153942508223,0.216070870622897
40.7154857338328,30.484212309082,0.602381118822118,0.0823988795646343,0.0566606093021678,0.0128721681852186,0.0877257254565016
40.8790205675214,30.4814794511636,0.602381118822118,0.0823988795646343,0.0566606093021678,0.0811359541240195,-0.0593934672206125
40.7322024755357,30.2254728490006,0.602381118822118,0.0823988795646343,0.0566606093021678,-0.229216971550327,-0.312667211465137
40.8413192304199,30.3191008819128,0.602381118822118,0.0823988795646343,0.0566606093021678,0.0267178753195461,0.0369674236100515
40.9143129724411,30.2932450532469,0.602381118822118,0.0823988795646343,0.0566606093021678,-0.00940513754339523,-0.0825164379680755
41.120623743372,30.2419902460488,0.602381118822118,0.0823988795646343,0.0566606093021678,0.123911891366184,-0.1079154165003
41.0770159248372,30.3894481976069,0.602381118822118,0.0823988795646343,0.0566606093021678,-0.126006698099365,0.0907973422559676
41.1523722419412,30.5078747121158,0.602381118822118,0.0823988795646343,0.0566606093021678,-0.00704256246070134,0.0617659052067439
41.4631926837004,30.7462863958841,0.602381118822118,0.0823988795646343,0.0566606093021678,0.228421562194602,0.181751074466078
41.5287082711209,30.5910986739927,0.602381118822118,0.0823988795646343,0.0566606093021678,-0.016883292144098,-0.211848331193602
41.6755112142932,30.6547858272366,0.602381118822118,0.0823988795646343,0.0566606093021678,0.0644040636076442,0.00702654394179547
41.5951586747981,30.7606543234519,0.602381118822118,0.0823988795646343,0.0566606093021678,-0.162751419059723,0.0492078869131392
41.8137617532822,30.8191507627914,0.602381118822118,0.0823988795646343,0.0566606093021678,0.136204198919414,0.00183583003731336
42.035684959163,30.9349246297865,0.602381118822118,0.0823988795646343,0.0566606093021678,0.139524326316186,0.0591132576929077
42.1080026332759,30.7491485257556,0.602381118822118,0.0823988795646343,0.0566606093021678,-0.0100812054517543,-0.242436713333006
42.1678941034569,30.8199068321304,0.602381118822118,0.0823988795646343,0.0566606093021678,-0.0225074093835811,0.0140976970726219
42.202967525354,30.6322383029002,0.602381118822118,0.0823988795646343,0.0566606093021678,-0.0473254576676079,-0.244329138532421
41.9969170641824,30.5364567358724,0.602381118822118,0.0823988795646343,0.0566606093021678,-0.288449340736203,-0.152442176329904
42.1076455649407,30.6457363470973,0.602381118822118,0.0823988795646343,0.0566606093021678,0.0283296211936122,0.0526190019226505
41.9737901223488,30.708393351146,0.602381118822118,0.0823988795646343,0.0566606093021678,-0.216254322156457,0.00599639474653146
42.3639692405825,30.8399164476184,0.602381118822118,0.0823988795646343,0.0566606093021678,0.307780238669052,0.0748624871702612
42.3442113996442,30.9515160054382,0.602381118822118,0.0823988795646343,0.0566606093021678,-0.102156720502952,0.0549389485176924
42.6461303682569,31.0803861590295,0.602381118822118,0.0823988795646343,0.0566606093021678,0.219520089048043,0.0722095442891247
42.8211894796237,31.2945251383771,0.602381118822118,0.0823988795646343,0.0566606093021678,0.0926602318021441,0.157478370045363
42.7299063148116,31.1444627655804,0.602381118822118,0.0823988795646343,0.0566606093021678,-0.173682044376676,-0.206722982098822
42.775440736733,31.1115231108195,0.602381118822118,0.0823988795646343,0.0566606093021678,-0.0368644576432713,-0.089600264063061
42.8836964259569,31.1230437373804,0.602381118822118,0.0823988795646343,0.0566606093021678,0.025856809659325,-0.0451399827412295
42.9177489297121,31.3326454002566,0.602381118822118,0.0823988795646343,0.0566606093021678,-0.0483463758094997,0.152941053573988
42.9715436672524,31.4870186821061,0.602381118822118,0.0823988795646343,0.0566606093021678,-0.028604142024294,0.0977126725473753
42.9696692379458,31.467018417837,0.602381118822118,0.0823988795646343,0.0566606093021678,-0.0842733088712517,-0.0766608735712773
43.0336666286004,31.6274715086242,0.602381118822118,0.0823988795646343,0.0566606093021678,-0.0184014889100004,0.103792481485023
43.097792697557,31.774485370279,0.602381118822118,0.0823988795646343,0.0566606093021678,-0.0182728106080354,0.09035325235263
43.1218951173976,31.9853532021464,0.602381118822118,0.0823988795646343,0.0566606093021678,-0.0582964597240625,0.154207222565218
43.0011195952363,32.0281723359684,0.602381118822118,0.0823988795646343,0.0566606093021678,-0.20317440172597,-0.0138414754801325
43.1212285459516,32.0622281083224,0.602381118822118,0.0823988795646343,0.0566606093021678,0.0377100711506708,-0.0226048369481842
43.232941355597,32.0953893269524,0.602381118822118,0.0823988795646343,0.0566606093021678,0.029313930080757,-0.023499390672216
43.2692182667442,32.1910801688549,0.602381118822118,0.0823988795646343,0.0566606093021678,-0.0461219684174021,0.0390302326003408
43.3731757155368,32.1808112193629,0.602381118822118,0.0823988795646343,0.0566606093021678,0.0215585692279112,-0.0669295587942084
43.3835637963575,32.3359441457482,0.602381118822118,0.0823988795646343,0.0566606093021678,-0.0720107987439262,0.0984723170831397
43.5325678621559,32.3783900670784,0.602381118822118,0.0823988795646343,0.0566606093021678,0.066605186233835,-0.0142146879719787
43.8073425427192,32.3121847444224,0.602381118822118,0.0823988795646343,0.0566606093021678,0.192375800998592,-0.122865931958104
44.0617655300544,32.4283482753479,0.602381118822118,0.0823988795646343,0.0566606093021678,0.172024107770572,0.0595029216233043
44.0582948629879,32.2237927115342,0.602381118822118,0.0823988795646343,0.0566606093021678,-0.085869546631127,-0.261216173115831
44.0639036376006,32.2174933038537,0.602381118822118,0.0823988795646343,0.0566606093021678,-0.0767901049518742,-0.0629600169826952
44.1428168247065,32.4503064374368,0.602381118822118,0.0823988795646343,0.0566606093021678,-0.00348569245877806,0.176152524280937
44.0919709238061,32.5880929222175,0.602381118822118,0.0823988795646343,0.0566606093021678,-0.133244780464995,0.0811258754784633
44.3372450424003,32.5308250763535,0.602381118822118,0.0823988795646343,0.0566606093021678,0.162875239029496,-0.113928455166114
44.4442132772252,32.7466234053166,0.602381118822118,0.0823988795646343,0.0566606093021678,0.0245693552603352,0.159137719660894
44.6613828793844,32.478248578996,0.602381118822118,0.0823988795646343,0.0566606093021678,0.134770722594535,-0.325035435622775
44.5562434496225,32.5686789343151,0.602381118822118,0.0823988795646343,0.0566606093021678,-0.187538309326543,0.0337697460169756
44.7389146436385,32.6399127141493,0.602381118822118,0.0823988795646343,0.0566606093021678,0.10027231445139,0.0145731705320268
44.7972647345655,32.7180516133236,0.602381118822118,0.0823988795646343,0.0566606093021678,-0.0240487886376359,0.0214782898721021
44.6771733608583,32.6869316934427,0.602381118822118,0.0823988795646343,0.0566606093021678,-0.202490253271896,-0.0877805291830515
45.0329614778888,32.7832259187537,0.602381118822118,0.0823988795646343,0.0566606093021678,0.273389237465938,0.0396336160088619
45.0811015740661,33.0856545507471,0.602381118822118,0.0823988795646343,0.0566606093021678,-0.0342587833873556,0.245768022691214
44.9904140657488,33.1106518662177,0.602381118822118,0.0823988795646343,0.0566606093021678,-0.17308638788192,-0.0316632938315542
44.8918821212832,33.1490030305094,0.602381118822118,0.0823988795646343,0.0566606093021678,-0.180930824030229,-0.0183094450105092
45.066531483276,33.3227628409384,0.602381118822118,0.0823988795646343,0.0566606093021678,0.0922504824281409,0.117099201126872
45.0926632742062,33.3621136413599,0.602381118822118,0.0823988795646343,0.0566606093021678,-0.0562670886344621,-0.0173098088806944
45.3322090175642,33.464644590953,0.602381118822118,0.0823988795646343,0.0566606093021678,0.157146863793362,0.0458703402908869
45.5256354894358,33.4707711016853,0.602381118822118,0.0823988795646343,0.0566606093021678,0.111027592306974,-0.0505340985698483
45.3656304214963,33.6034597936646,0.602381118822118,0.0823988795646343,0.0566606093021678,-0.242403947504126,0.0760280826770885
45.7307121409576,33.5551301537099,0.602381118822118,0.0823988795646343,0.0566606093021678,0.282682839896644,-0.104990249256808
45.8583757890642,33.8633965335164,0.602381118822118,0.0823988795646343,0.0566606093021678,0.0452647685419496,0.251605770504302
45.5112645792457,33.7311444868903,0.602381118822118,0.0823988795646343,0.0566606093021678,-0.429510089383064,-0.188912655928225
45.6497833127755,33.6570172665929,0.602381118822118,0.0823988795646343,0.0566606093021678,0.0561198539651242,-0.13078782959962
45.3903696298853,33.77848739116,0.602381118822118,0.0823988795646343,0.0566606093021678,-0.34181256245483,0.0648095152649061
45.560679062105,33.8311141255404,0.602381118822118,0.0823988795646343,0.0566606093021678,0.0879105526550079,-0.00403387492169482
45.4721426560583,33.8941203959864,0.602381118822118,0.0823988795646343,0.0566606093021678,-0.170935285611322,0.0063456611437851
45.8378343219809,34.1151784046349,0.602381118822118,0.0823988795646343,0.0566606093021678,0.283292786357989,0.164397399346355
45.9742439955606,33.955963776016,0.602381118822118,0.0823988795646343,0.0566606093021678,0.0540107940151233,-0.215875237921068
46.0595270907702,33.9225001163645,0.602381118822118,0.0823988795646343,0.0566606093021678,0.00288421564490671,-0.0901242689536984
46.259452140433,33.9173088365434,0.602381118822118,0.0823988795646343,0.0566606093021678,0.117526170098144,-0.0618518891232087
46.1687568887513,34.1146978565023,0.602381118822118,0.0823988795646343,0.0566606093021678,-0.17309413124626,0.14072841065671
46.4349425118985,34.1430341787939,0.602381118822118,0.0823988795646343,0.0566606093021678,0.18378674358255,-0.0283242870105463
46.3816032778597,34.250538970621,0.602381118822118,0.0823988795646343,0.0566606093021678,-0.135738113603512,0.0508441825249291
46.7591143005327,34.2608969868105,0.602381118822118,0.0823988795646343,0.0566606093021678,0.295112143108433,-0.0463025931126928
46.6152256905688,34.5473990826416,0.602381118822118,0.0823988795646343,0.0566606093021678,-0.226287489528524,0.229841486528898
46.9356791151151,34.6576560655863,0.602381118822118,0.0823988795646343,0.0566606093021678,0.238054544981596,0.0535963736425606
46.7111089979021,34.7236685831497,0.602381118822118,0.0823988795646343,0.0566606093021678,-0.306968996777576,0.00935190826123455
46.7585355927369,34.8188623191386,0.602381118822118,0.0823988795646343,0.0566606093021678,-0.0349722847298266,0.0385331266867475
46.988997158797,34.8544582029168,0.602381118822118,0.0823988795646343,0.0566606093021678,0.148062686495471,-0.0210647255240459
47.0111085648226,34.7600675981766,0.602381118822118,0.0823988795646343,0.0566606093021678,-0.0602874735391059,-0.151051214042356
47.0484926573613,34.7666739716097,0.602381118822118,0.0823988795646343,0.0566606093021678,-0.0450147870258677,-0.0500542358690901
47.2334831253179,34.8401787455245,0.602381118822118,0.0823988795646343,0.0566606093021678,0.102591588391938,0.0168441646126753
47.4050239115621,34.8338892864093,0.602381118822118,0.0823988795646343,0.0566606093021678,0.0891419066795578,-0.0629500684174247
47.4718832546975,34.7904364755473,0.602381118822118,0.0823988795646343,0.0566606093021678,-0.0155395364292814,-0.100113420164173
47.4192452144137,34.7648563050464,0.602381118822118,0.0823988795646343,0.0566606093021678,-0.135036919848372,-0.0822407798030449
47.4956746455786,34.654639652609,0.602381118822118,0.0823988795646343,0.0566606093021678,-0.00596944839974212,-0.166877261739545
47.3065792975739,34.7612172858193,0.602381118822118,0.0823988795646343,0.0566606093021678,-0.271494227569339,0.0499170239081431
47.4991083152512,34.6635168369204,0.602381118822118,0.0823988795646343,0.0566606093021678,0.110130138112652,-0.154361058201103
47.4626622621204,34.6708338305412,0.602381118822118,0.0823988795646343,0.0566606093021678,-0.118844932695458,-0.0493436156813475
47.4642761979087,34.8199355092051,0.602381118822118,0.0823988795646343,0.0566606093021678,-0.0807849437763579,0.0924410693617255
47.829531817844,34.9002449914198,0.602381118822118,0.0823988795646343,0.0566606093021678,0.282856740370674,0.023648872912514
47.8451145636913,35.1137768822769,0.602381118822118,0.0823988795646343,0.0566606093021678,-0.0668161337172788,0.156871281554931
47.9299845473572,35.1432267087614,0.602381118822118,0.0823988795646343,0.0566606093021678,0.00247110410125728,-0.0272107828176917
48.1139998729879,35.0818177713303,0.602381118822118,0.0823988795646343,0.0566606093021678,0.101616446066061,-0.118069546733231
48.1579876248894,35.1669309944519,0.602381118822118,0.0823988795646343,0.0566606093021678,-0.0384111276631893,0.0284526138194129
48.259785922551,35.1409272482112,0.602381118822118,0.0823988795646343,0.0566606093021678,0.019399418096993,-0.0826643555428295
48.4166063044275,35.1449128620106,0.602381118822118,0.0823988795646343,0.0566606093021678,0.0744215023118824,-0.0526749955028156
48.2882440950573,35.2192761781811,0.602381118822118,0.0823988795646343,0.0566606093021678,-0.210761088934848,0.0177027068683093
48.4687894830341,35.0110625543277,0.602381118822118,0.0823988795646343,0.0566606093021678,0.0981465084122091,-0.264874233155543
48.4523355553371,35.3854915440412,0.602381118822118,0.0823988795646343,0.0566606093021678,-0.0988528072616357,0.317768380411282
48.6371608741374,35.4722048660891,0.602381118822118,0.0823988795646343,0.0566606093021678,0.102426439235642,0.030052712745739
48.6704775862768,35.5491297966425,0.602381118822118,0.0823988795646343,0.0566606093021678,-0.0490821674252033,0.0202643212512795
48.803613822457,35.3401631664271,0.602381118822118,0.0823988795646343,0.0566606093021678,0.0507373566155662,-0.265627239517635
48.9565435703621,35.464769056365,0.602381118822118,0.0823988795646343,0.0566606093021678,0.0705308683404064,0.0679452806357514
48.9895065401189,35.3667034011577,0.602381118822118,0.0823988795646343,0.0566606093021678,-0.0494359098077806,-0.15472626450944
48.9425576267787,35.5665359187489,0.602381118822118,0.0823988795646343,0.0566606093021678,-0.129347792904845,0.143171908289003
48.9816581777379,35.7593530029494,0.602381118822118,0.0823988795646343,0.0566606093021678,-0.043298328605446,0.136156474898335
49.1524349467253,35.8138533141168,0.602381118822118,0.0823988795646343,0.0566606093021678,0.0883778894227691,-0.00216029813474605
49.2267759635598,35.6805174306178,0.602381118822118,0.0823988795646343,0.0566606093021678,-0.00805786273015574,-0.18999649280117
49.4118010495187,35.8545284554133,0.602381118822118,0.0823988795646343,0.0566606093021678,0.102626206394233,0.117350415493268
49.5343348773427,35.8095705881869,0.602381118822118,0.0823988795646343,0.0566606093021678,0.0401349482594311,-0.101618476528509
49.4096981419875,36.136410971775,0.602381118822118,0.0823988795646343,0.0566606093021678,-0.207035614919909,0.270179774285902
49.6927338095344,35.9085277119425,0.602381118822118,0.0823988795646343,0.0566606093021678,0.200636787982339,-0.284543869134649
49.6312284092245,36.0067504008989,0.602381118822118,0.0823988795646343,0.0566606093021678,-0.14390427987458,0.0415620796542662
49.6067575231423,36.1194876923313,0.602381118822118,0.0823988795646343,0.0566606093021678,-0.106869765646847,0.0560766821302117
49.665253306197,36.1278055976309,0.602381118822118,0.0823988795646343,0.0566606093021678,-0.0239030965099634,-0.0483427040025468
49.8121923458428,36.393869781775,0.602381118822118,0.0823988795646343,0.0566606093021678,0.0645401600812443,0.209403574841929
50.1296719827483,36.734654981938,0.602381118822118,0.0823988795646343,0.0566606093021678,0.235080757340844,0.284124590860831
50.2090873892341,36.6473549212605,0.602381118822118,0.0823988795646343,0.0566606093021678,-0.00298347307889202,-0.143960669979726
50.0435121345377,36.7868446915094,0.602381118822118,0.0823988795646343,0.0566606093021678,-0.247974134261012,0.0828291609467273
50.1385983444354,36.6933847939137,0.602381118822118,0.0823988795646343,0.0566606093021678,0.0126873303330455,-0.150120506897822
50.1763413846666,36.9278558515255,0.602381118822118,0.0823988795646343,0.0566606093021678,-0.0446558393333443,0.177810448309598
50.2192369428758,37.1113274339424,0.602381118822118,0.0823988795646343,0.0566606093021678,-0.0395033213555096,0.126810973114703
50.4923631310559,37.1404293183191,0.602381118822118,0.0823988795646343,0.0566606093021678,0.19072730861544,-0.0275587249254958
50.5083178292306,37.2402338674536,0.602381118822118,0.0823988795646343,0.0566606093021678,-0.0664441813899139,0.0431439398323492
50.7369232920654,37.4527439353276,0.602381118822118,0.0823988795646343,0.0566606093021678,0.146206583270229,0.155849458571814
50.6118550262399,37.4383125780029,0.602381118822118,0.0823988795646343,0.0566606093021678,-0.207467145390209,-0.0710919666268687
50.7382365200453,37.4280875434844,0.602381118822118,0.0823988795646343,0.0566606093021678,0.0439826142408184,-0.0668856438206099
50.9050044851111,37.3707070001163,0.602381118822118,0.0823988795646343,0.0566606093021678,0.0843690855011294,-0.11404115267031
50.9452501332812,37.4390343915202,0.602381118822118,0.0823988795646343,0.0566606093021678,-0.0421532313945483,0.0116667821017706
50.9396874607048,37.5072125557017,0.602381118822118,0.0823988795646343,0.0566606093021678,-0.0879615521410519,0.0115175548793099
51.13570167391,37.2885873619793,0.602381118822118,0.0823988795646343,0.0566606093021678,0.113615333640608,-0.275285803024606
50.9823578518186,37.5418104811465,0.602381118822118,0.0823988795646343,0.0566606093021678,-0.235742701655989,0.196562509865113
51.2842371365129,37.6299794865447,0.602381118822118,0.0823988795646343,0.0566606093021678,0.219480405129597,0.0315083960959964
51.3066030315748,37.7011529448785,0.602381118822118,0.0823988795646343,0.0566606093021678,-0.0600329845026799,0.0145128490315826
51.171099338491,37.5901417288951,0.602381118822118,0.0823988795646343,0.0566606093021678,-0.21790257264844,-0.167671825285523
51.2354875471039,37.5591451914798,0.602381118822118,0.0823988795646343,0.0566606093021678,-0.0180106709517398,-0.0876571467174536
51.6595900047121,37.6828060282157,0.602381118822118,0.0823988795646343,0.0566606093021678,0.341703578043541,0.0670002274337362
51.7612181053642,37.8360263930354,0.602381118822118,0.0823988795646343,0.0566606093021678,0.0192292210874156,0.0965597555175426
51.8869874316897,37.8319453451854,0.602381118822118,0.0823988795646343,0.0566606093021678,0.0433704467608913,-0.0607416571521668
52.1089001961233,37.7371044850674,0.602381118822118,0.0823988795646343,0.0566606093021678,0.139513884868974,-0.151501469420249
51.9755697051343,37.9720834343274,0.602381118822118,0.0823988795646343,0.0566606093021678,-0.215729370553649,0.178318339957869
52.0456229597725,38.0045796907868,0.602381118822118,0.0823988795646343,0.0566606093021678,-0.0123456249264433,-0.0241643528428126
51.9582025989696,37.9560199833343,0.602381118822118,0.0823988795646343,0.0566606093021678,-0.169819240367472,-0.105220316754603
52.1906282904984,38.1084430088907,0.602381118822118,0.0823988795646343,0.0566606093021678,0.15002681196417,0.0957624162541795
52.2640528949364,38.01420469216,0.602381118822118,0.0823988795646343,0.0566606093021678,-0.00897427512671234,-0.150898926032816
52.3143598379288,38.3231945611047,0.602381118822118,0.0823988795646343,0.0566606093021678,-0.0320919365721757,0.252329259642511
52.4347126882309,38.353684989202,0.602381118822118,0.0823988795646343,0.0566606093021678,0.0379539707374268,-0.0261701812049242
52.2653271344328,38.487371208684,0.602381118822118,0.0823988795646343,0.0566606093021678,-0.251784433362732,0.0770256101798235
52.3935034772396,38.580689011577,0.602381118822118,0.0823988795646343,0.0566606093021678,0.0457774632421581,0.0366571935908663
52.2704070427475,38.7118101417098,0.602381118822118,0.0823988795646343,0.0566606093021678,-0.205495314056698,0.0744605208306212
52.4575662086566,39.0129004623763,0.602381118822118,0.0823988795646343,0.0566606093021678,0.104760286344392,0.244429711364362
52.6153240761726,39.013257949908,0.602381118822118,0.0823988795646343,0.0566606093021678,0.07535898795145,-0.0563031217704595
52.6820694269295,39.0124364617448,0.602381118822118,0.0823988795646343,0.0566606093021678,-0.0156535288077602,-0.0574820974653548
52.8551349333951,39.0851207961993,0.602381118822118,0.0823988795646343,0.0566606093021678,0.090666626900922,0.016023725152298
52.7759039774722,38.9840598167017,0.602381118822118,0.0823988795646343,0.0566606093021678,-0.161629835487497,-0.157721588799755
53.0740525567603,39.0445522525611,0.602381118822118,0.0823988795646343,0.0566606093021678,0.215749699723445,0.00383182655722625
53.1612146719056,38.9698298538215,0.602381118822118,0.0823988795646343,0.0566606093021678,0.00476323558065861,-0.13138300804176
53.2315834711053,39.0739455240785,0.602381118822118,0.0823988795646343,0.0566606093021678,-0.0120300803649607,0.0474550609547818
53.3720987823059,39.0316014657639,0.602381118822118,0.0823988795646343,0.0566606093021678,0.0581164316360265,-0.0990046676167362
53.5116953700823,39.1414519357826,0.602381118822118,0.0823988795646343,0.0566606093021678,0.0571977082117803,0.0531898607165256
53.718223587912,38.9803706686533,0.602381118822118,0.0823988795646343,0.0566606093021678,0.124129338264976,-0.217741876431521
53.8709320732526,39.1293909930071,0.602381118822118,0.0823988795646343,0.0566606093021678,0.0703096057760035,0.0923597150516174
53.8527193169198,39.5130594258555,0.602381118822118,0.0823988795646343,0.0566606093021678,-0.100611635897432,0.327007823546286
53.8915657700517,39.6897488098924,0.602381118822118,0.0823988795646343,0.0566606093021678,-0.0435524264327598,0.120028774734722
53.844611571045,39.460901996267,0.602381118822118,0.0823988795646343,0.0566606093021678,-0.129353078571355,-0.285507422927587
53.8938422268223,39.3631765721202,0.602381118822118,0.0823988795646343,0.0566606093021678,-0.0331682237873125,-0.154386033448979
53.7616208000994,39.552173353256,0.602381118822118,0.0823988795646343,0.0566606093021678,-0.214620306287486,0.132336171833644
53.9154964479028,39.7106589793822,0.602381118822118,0.0823988795646343,0.0566606093021678,0.0714767682387141,0.101825016823998
53.9615739170649,39.7212879191856,0.602381118822118,0.0823988795646343,0.0566606093021678,-0.0363214104025542,-0.0460316694987216
54.1920334875061,39.9013224673799,0.602381118822118,0.0823988795646343,0.0566606093021678,0.148060690876578,0.123373938892071
54.2812701481705,40.127500311902,0.602381118822118,0.0823988795646343,0.0566606093021678,0.00683778109979949,0.169517235220008
54.4124032158824,40.1722266667369,0.602381118822118,0.0823988795646343,0.0566606093021678,0.0487341881472152,-0.0119342544672933
54.6433906014804,40.1507373855644,0.602381118822118,0.0823988795646343,0.0566606093021678,0.14858850603343,-0.0781498904746974
54.7191457894083,40.3484885547605,0.602381118822118,0.0823988795646343,0.0566606093021678,-0.00664369163675449,0.141090559893931
54.7715480842663,40.3948718512249,0.602381118822118,0.0823988795646343,0.0566606093021678,-0.0299965847066503,-0.0102773128377498
54.8879724022405,40.4977301557374,0.602381118822118,0.0823988795646343,0.0566606093021678,0.0340254384096266,0.0461976952102714
54.9852235374574,40.5285562189428,0.602381118822118,0.0823988795646343,0.0566606093021678,0.0148522556521775,-0.0258345460967599
55.2983224242577,40.5694712043716,0.602381118822118,0.0823988795646343,0.0566606093021678,0.230700007235747,-0.015745623873342
55.3018214509496,40.5494546101395,0.602381118822118,0.0823988795646343,0.0566606093021678,-0.0788998528727713,-0.0766772035342203
55.1399466710259,40.8231574631758,0.602381118822118,0.0823988795646343,0.0566606093021678,-0.244273659488337,0.217042243734126
55.3690448542693,40.791260811931,0.602381118822118,0.0823988795646343,0.0566606093021678,0.146699303678786,-0.0885572605470413
55.475029876465,40.7071914531875,0.602381118822118,0.0823988795646343,0.0566606093021678,0.0235861426310313,-0.140729968045632
55.3504431896004,40.8437517701166,0.602381118822118,0.0823988795646343,0.0566606093021678,-0.206985566429284,0.0798997076269021
55.793807203221,40.9126009717814,0.602381118822118,0.0823988795646343,0.0566606093021678,0.360965134056015,0.0121885923626357
55.7039627866602,40.7764501444424,0.602381118822118,0.0823988795646343,0.0566606093021678,-0.172243296125461,-0.192811436641136
55.9379646309661,40.9435328831865,0.602381118822118,0.0823988795646343,0.0566606093021678,0.151602964741234,0.110422129441906
55.9370403618575,41.1689316335189,0.602381118822118,0.0823988795646343,0.0566606093021678,-0.0833231486731618,0.168738141030258
55.9355801580792,41.1046941143101,0.602381118822118,0.0823988795646343,0.0566606093021678,-0.0838590833429969,-0.120898128510981
56.0106988052602,41.0364485101933,0.602381118822118,0.0823988795646343,0.0566606093021678,-0.00728023238358588,-0.124906213418986
56.1632106939419,40.9686924526431,0.602381118822118,0.0823988795646343,0.0566606093021678,0.0701130091170343,-0.124416666852372
56.5506628720316,41.2082652403209,0.602381118822118,0.0823988795646343,0.0566606093021678,0.305053298525087,0.182912178375673
56.2895647589941,41.0425740392326,0.602381118822118,0.0823988795646343,0.0566606093021678,-0.343496992602156,-0.222351810390524
56.2896341295101,41.2742551046442,0.602381118822118,0.0823988795646343,0.0566606093021678,-0.0823295090485967,0.175020456109441
56.3190686761984,41.2280377035044,0.602381118822118,0.0823988795646343,0.0566606093021678,-0.0529643328763378,-0.102878010442022
56.4705881388384,41.3824140885464,0.602381118822118,0.0823988795646343,0.0566606093021678,0.0691205830753581,0.0977157757399005
56.5017026979286,41.5066138457164,0.602381118822118,0.0823988795646343,0.0566606093021678,-0.0512843204744908,0.0675391478678197
56.7121328891112,41.502358180201,0.602381118822118,0.0823988795646343,0.0566606093021678,0.128031311617979,-0.0609162748176004
56.6882756031203,41.5242107570578,0.602381118822118,0.0823988795646343,0.0566606093021678,-0.106256165555522,-0.0348080324453784
56.7929790490648,41.9358459334585,0.602381118822118,0.0823988795646343,0.0566606093021678,0.0223045663798445,0.354974567098577
57.0976094669826,41.958316696909,0.602381118822118,0.0823988795646343,0.0566606093021678,0.222231538353161,-0.0341898458517003
57.170944968307,41.9598427867615,0.602381118822118,0.0823988795646343,0.0566606093021678,-0.00906337824023762,-0.0551345194496864
57.1570386411403,41.994847862246,0.602381118822118,0.0823988795646343,0.0566606093021678,-0.0963052067313233,-0.0216555338176967
57.1738078959329,41.8044940876466,0.602381118822118,0.0823988795646343,0.0566606093021678,-0.0656296247720061,-0.247014383901549
57.2781964423208,41.916520386716,0.602381118822118,0.0823988795646343,0.0566606093021678,0.0219896668232051,0.0553656897672642
57.4785684156285,41.9880767173171,0.602381118822118,0.0823988795646343,0.0566606093021678,0.117973093743137,0.0148957212989194
57.3924056292391,41.940480036837,0.602381118822118,0.0823988795646343,0.0566606093021678,-0.168561665954094,-0.104257289782289
57.6577991292083,42.1825663563876,0.602381118822118,0.0823988795646343,0.0566606093021678,0.182994620404553,0.185425710248445
57.4872317843841,42.1631987892622,0.602381118822118,0.0823988795646343,0.0566606093021678,-0.252966224388776,-0.0760281764275985
57.6250695604932,42.4003811908266,0.602381118822118,0.0823988795646343,0.0566606093021678,0.0554388965444592,0.18052179226226
57.6990951993546,42.3602952978949,0.602381118822118,0.0823988795646343,0.0566606093021678,-0.00837324070321488,-0.0967465022338883
57.9105071080948,42.5544197805659,0.602381118822118,0.0823988795646343,0.0566606093021678,0.129013029175474,0.137463873368865
58.081208625318,42.6027607407556,0.602381118822118,0.0823988795646343,0.0566606093021678,0.0883026376586402,-0.00831964911250882
58.3418486254556,42.6972800648278,0.602381118822118,0.0823988795646343,0.0566606093021678,0.178241120572922,0.0378587147700202
58.166326131499,42.795656811555,0.602381118822118,0.0823988795646343,0.0566606093021678,-0.257921373521219,0.0417161374250641
58.2267050578389,42.8584850414735,0.602381118822118,0.0823988795646343,0.0566606093021678,-0.0220199532247447,0.00616762061634657
58.247052218645,42.7397524058056,0.602381118822118,0.0823988795646343,0.0566606093021678,-0.0620517187585383,-0.175393244970125
58.0346237615193,42.8235314861089,0.602381118822118,0.0823988795646343,0.0566606093021678,-0.294827336690303,0.0271184710011403
58.1473479530099,42.7098335588146,0.602381118822118,0.0823988795646343,0.0566606093021678,0.030325311925957,-0.170358536596418
58.1253377826312,42.6457284079473,0.602381118822118,0.0823988795646343,0.0566606093021678,-0.104409049943389,-0.120765760169516
58.1359417233564,42.9084714119744,0.602381118822118,0.0823988795646343,0.0566606093021678,-0.0717949388393899,0.206082394724976
58.2993666308355,42.9592271621426,0.602381118822118,0.0823988795646343,0.0566606093021678,0.0810260279144028,-0.00590485913398919
58.4194686535617,43.0088971132345,0.602381118822118,0.0823988795646343,0.0566606093021678,0.0377031431616071,-0.0069906582102397
58.5108968131344,43.1310580044134,0.602381118822118,0.0823988795646343,0.0566606093021678,0.00902928000809844,0.0655002818767272
58.5614858698954,43.1281556749655,0.602381118822118,0.0823988795646343,0.0566606093021678,-0.031809822803698,-0.0595629387500558
58.6704954514537,43.009253960155,0.602381118822118,0.0823988795646343,0.0566606093021678,0.0266107019937021,-0.175562324112675
58.9620864950825,43.2639020534029,0.602381118822118,0.0823988795646343,0.0566606093021678,0.209192164064117,0.197987483945681
59.1533115783712,43.2244687506427,0.602381118822118,0.0823988795646343,0.0566606093021678,0.108826203724107,-0.0960939120623601
59.169699996083,43.4853654748435,0.602381118822118,0.0823988795646343,0.0566606093021678,-0.0660104618528514,0.20423611489862
59.6111536635926,43.2143657152307,0.602381118822118,0.0823988795646343,0.0566606093021678,0.359054787944945,-0.327660368914937
59.6938288385267,43.2393567349572,0.602381118822118,0.0823988795646343,0.0566606093021678,0.000276295369532331,-0.0316695895756856
59.6533923798528,43.399578220942,0.602381118822118,0.0823988795646343,0.0566606093021678,-0.122835338238547,0.103560876682641
59.6184341375527,43.317278819155,0.602381118822118,0.0823988795646343,0.0566606093021678,-0.117357121864724,-0.138960011089215
59.7652790383774,43.4180890066502,0.602381118822118,0.0823988795646343,0.0566606093021678,0.0644460212600766,0.0441495781930076
59.9772780060381,43.4565171975239,0.602381118822118,0.0823988795646343,0.0566606093021678,0.129600088096011,-0.0182324184284128
60.095821263821,43.2069911385786,0.602381118822118,0.0823988795646343,0.0566606093021678,0.0361443782182989,-0.306186668247465
60.3825924601429,43.696634510457,0.602381118822118,0.0823988795646343,0.0566606093021678,0.204372316757203,0.432982762576215
60.3218826959885,43.7933226967781,0.602381118822118,0.0823988795646343,0.0566606093021678,-0.143108643718981,0.0400275770189626
60.2272500575601,43.7816842901286,0.602381118822118,0.0823988795646343,0.0566606093021678,-0.177031517993011,-0.0682990159517218
60.3665453382619,43.7137988300339,0.602381118822118,0.0823988795646343,0.0566606093021678,0.0568964011371693,-0.124546069396855
60.3284399772473,44.0668341264499,0.602381118822118,0.0823988795646343,0.0566606093021678,-0.12050424057926,0.296374687113803
60.4859911413613,44.105732928382,0.602381118822118,0.0823988795646343,0.0566606093021678,0.0751522845493926,-0.0177618073700689
60.5574050483609,43.9963832526947,0.602381118822118,0.0823988795646343,0.0566606093021678,-0.0109849725650535,-0.166010284989416
60.6694013635576,44.0537733769727,0.602381118822118,0.0823988795646343,0.0566606093021678,0.0295974356320174,0.000729514975752354
60.7761992769255,44.1374953835992,0.602381118822118,0.0823988795646343,0.0566606093021678,0.0243990338032662,0.0270613973243939
60.8984369188317,44.2283335442084,0.602381118822118,0.0823988795646343,0.0566606093021678,0.0398387623415759,0.0341775513069648
60.7855322559682,44.2785120128782,0.602381118822118,0.0823988795646343,0.0566606093021678,-0.195303542428174,-0.00648214063232666
60.9066903326025,44.3823985388387,0.602381118822118,0.0823988795646343,0.0566606093021678,0.0387591970697518,0.0472259166583174
60.9636668526322,44.3504217673725,0.602381118822118,0.0823988795646343,0.0566606093021678,-0.0254223595349949,-0.0886373807683964
61.2062460505537,44.5978821411474,0.602381118822118,0.0823988795646343,0.0566606093021678,0.160180318356914,0.190799764472763
61.4107781471413,44.9105117868545,0.602381118822118,0.0823988795646343,0.0566606093021678,0.122133217022909,0.255969036404933
61.4381412932864,44.8932536655905,0.602381118822118,0.0823988795646343,0.0566606093021678,-0.0550357334195128,-0.0739187305662037
61.4266670740591,45.0242973254693,0.602381118822118,0.0823988795646343,0.0566606093021678,-0.0938730987919034,0.0743830505766547
61.4595632121342,45.1049090176836,0.602381118822118,0.0823988795646343,0.0566606093021678,-0.0495027414895786,0.0239510829121479
61.6175551392273,45.0775850451728,0.602381118822118,0.0823988795646343,0.0566606093021678,0.0755930475285151,-0.0839845818130116
61.4254959061236,45.2126237684963,0.602381118822118,0.0823988795646343,0.0566606093021678,-0.274458112668411,0.0783781140214013
61.5750967853057,45.2256265802865,0.602381118822118,0.0823988795646343,0.0566606093021678,0.0672019996174691,-0.043657797512046
61.9776008515133,45.3890948270143,0.602381118822118,0.0823988795646343,0.0566606093021678,0.320105186642993,0.106807637425619
61.8054989165127,45.6937890094425,0.602381118822118,0.0823988795646343,0.0566606093021678,-0.254500814565216,0.248033573126043
62.0445273281437,45.6380378078754,0.602381118822118,0.0823988795646343,0.0566606093021678,0.156629532066336,-0.112411810869284
62.3475313064191,45.7721446833807,0.602381118822118,0.0823988795646343,0.0566606093021678,0.220605098710813,0.0774462662031257
62.3224176144517,45.855978381171,0.602381118822118,0.0823988795646343,0.0566606093021678,-0.107512571532042,0.0271730884881796
62.1782548170138,45.9429679609911,0.602381118822118,0.0823988795646343,0.0566606093021678,-0.226561677002594,0.0303289705179539
62.4131405442383,45.9290146084838,0.602381118822118,0.0823988795646343,0.0566606093021678,0.152486847659917,-0.0706139618094821
62.4828331267054,46.126336436856,0.602381118822118,0.0823988795646343,0.0566606093021678,-0.0127062970975842,0.140661219069999
62.6314360387345,45.9713417189325,0.602381118822118,0.0823988795646343,0.0566606093021678,0.0662040324644533,-0.211655327225708
62.5809317760081,46.1998913499442,0.602381118822118,0.0823988795646343,0.0566606093021678,-0.132903142290969,0.171889021709539
62.6915950046991,46.2273228671209,0.602381118822118,0.0823988795646343,0.0566606093021678,0.0282643491262975,-0.0292290921253957
62.5095744360841,46.3731468536313,0.602381118822118,0.0823988795646343,0.0566606093021678,-0.26441944817962,0.0891633772081757
62.6662820428581,46.446320535419,0.602381118822118,0.0823988795646343,0.0566606093021678,0.0743087272093597,0.0165130724855309
62.7020829643951,46.3892980663822,0.602381118822118,0.0823988795646343,0.0566606093021678,-0.0465979580275762,-0.1136830783389
62.6052749148448,46.3736379031966,0.602381118822118,0.0823988795646343,0.0566606093021678,-0.179206929114927,-0.0723207724877755
62.5595289275289,46.4759468392068,0.602381118822118,0.0823988795646343,0.0566606093021678,-0.128144866880555,0.0456483267080099
62.649433142251,46.77362996653,0.602381118822118,0.0823988795646343,0.0566606093021678,0.00750533515749607,0.241022518021046
62.8799676621028,46.7293231308932,0.602381118822118,0.0823988795646343,0.0566606093021678,0.148135640287109,-0.100967444938995
63.0380077725913,46.807225945537,0.602381118822118,0.0823988795646343,0.0566606093021678,0.0756412309239147,0.0212422053416066
63.1770186825254,46.8417744893263,0.602381118822118,0.0823988795646343,0.0566606093021678,0.0566120303694442,-0.0221120655128821
63.4410478641739,47.2452905667373,0.602381118822118,0.0823988795646343,0.0566606093021678,0.181630302083823,0.346855468108824
63.4946550256035,46.8945478223862,0.602381118822118,0.0823988795646343,0.0566606093021678,-0.0287917181349582,-0.407403353653204
63.5759278589415,47.3075211923589,0.602381118822118,0.0823988795646343,0.0566606093021678,-0.00112604622663914,0.356312760670491
63.6774464761185,47.5367790689788,0.602381118822118,0.0823988795646343,0.0566606093021678,0.0191197376123275,0.172597267317721
63.6258356768267,47.4730424299808,0.602381118822118,0.0823988795646343,0.0566606093021678,-0.134009678856452,-0.120397248300161
64.09470486739,47.4445558737074,0.602381118822118,0.0823988795646343,0.0566606093021678,0.386470310998613,-0.0851471655755485
64.2845232051862,47.3584706561303,0.602381118822118,0.0823988795646343,0.0566606093021678,0.107419458231572,-0.142745826879314
64.1481287116715,47.3729408571442,0.602381118822118,0.0823988795646343,0.0566606093021678,-0.218793373079322,-0.0421904082882236
64.0751955549276,47.2285228049206,0.602381118822118,0.0823988795646343,0.0566606093021678,-0.155332036308508,-0.201078661525763
63.9300760312829,47.3468498927321,0.602381118822118,0.0823988795646343,0.0566606093021678,-0.227518403209366,0.0616664785092698
64.1246966598873,47.333628697087,0.602381118822118,0.0823988795646343,0.0566606093021678,0.11222174903983,-0.0698818049472885
64.0650394392812,47.1723452626327,0.602381118822118,0.0823988795646343,0.0566606093021678,-0.142056100170744,-0.217944043756394
64.0035682594703,47.5142976204803,0.602381118822118,0.0823988795646343,0.0566606093021678,-0.14387005937553,0.285291748545403
64.1085161281888,47.4325553432514,0.602381118822118,0.0823988795646343,0.0566606093021678,0.0225489891538166,-0.138402886531072
64.4105444897238,47.4873667028076,0.602381118822118,0.0823988795646343,0.0566606093021678,0.219629481970428,-0.00184924974601541
64.4111379387705,47.4896002632508,0.602381118822118,0.0823988795646343,0.0566606093021678,-0.0818054305179685,-0.0544270488589824
64.5076090405553,47.7886779354781,0.602381118822118,0.0823988795646343,0.0566606093021678,0.014072222220165,0.242417062925157
64.4907121147794,47.815264861244,0.602381118822118,0.0823988795646343,0.0566606093021678,-0.0992958053405282,-0.0300736835362749
64.6120535253215,47.7994216468899,0.602381118822118,0.0823988795646343,0.0566606093021678,0.0389425309774434,-0.072503823656255
64.5976667176042,47.6483373095187,0.602381118822118,0.0823988795646343,0.0566606093021678,-0.0967856872819635,-0.207744946673355
65.0556907455416,47.852702473783,0.602381118822118,0.0823988795646343,0.0566606093021678,0.375625148372762,0.147704554962133
65.0285973425291,47.8490006063627,0.602381118822118,0.0823988795646343,0.0566606093021678,-0.109492282577138,-0.0603624767225137
65.2689557923235,47.9967492661894,0.602381118822118,0.0823988795646343,0.0566606093021678,0.157959570229802,0.0910880505246217
65.3042344554838,48.156963921126,0.602381118822118,0.0823988795646343,0.0566606093021678,-0.0471202164043842,0.103554045634337
65.4977401461508,48.3293445252139,0.602381118822118,0.0823988795646343,0.0566606093021678,0.111106811102427,0.115719994785809
65.5696959445819,48.2036449198501,0.602381118822118,0.0823988795646343,0.0566606093021678,-0.0104430811335343,-0.182360214665966
65.6829503434205,48.3775594451164,0.602381118822118,0.0823988795646343,0.0566606093021678,0.0308555192739619,0.117253915964117
65.6184289926355,48.5302749888057,0.602381118822118,0.0823988795646343,0.0566606093021678,-0.146920230349683,0.0960549343870567
65.558489470312,48.3546406006686,0.602381118822118,0.0823988795646343,0.0566606093021678,-0.142338401888149,-0.23229499743924
65.6744456869029,48.3884936883695,0.602381118822118,0.0823988795646343,0.0566606093021678,0.0335573370262616,-0.0228075216012311
65.6929175339235,48.5082874094636,0.602381118822118,0.0823988795646343,0.0566606093021678,-0.0639270325439392,0.0631331117919498
65.5560910113688,48.3344481828629,0.602381118822118,0.0823988795646343,0.0566606093021678,-0.219225402119401,-0.230499835902878
65.5370981908055,48.3871641791002,0.602381118822118,0.0823988795646343,0.0566606093021678,-0.101391700127967,-0.00394461306491345
65.5847539130861,48.2961708034674,0.602381118822118,0.0823988795646343,0.0566606093021678,-0.0347431572840269,-0.147653984934918
65.9365217765386,48.306778292757,0.602381118822118,0.0823988795646343,0.0566606093021678,0.269368983887934,-0.0460531200125713
65.8769298877071,48.3691880323346,0.602381118822118,0.0823988795646343,0.0566606093021678,-0.141990768396178,0.00574913027543489
65.9953272772424,48.4100740335094,0.602381118822118,0.0823988795646343,0.0566606093021678,0.0359985099706526,-0.0157746081274228
66.1257879893612,48.5570814928794,0.602381118822118,0.0823988795646343,0.0566606093021678,0.0480618325541746,0.0903468500678548
66.1812147138112,48.5467388248606,0.602381118822118,0.0823988795646343,0.0566606093021678,-0.0269721551145983,-0.0670032773209694
66.2673782175982,48.6961805963614,0.602381118822118,0.0823988795646343,0.0566606093021678,0.00376462422238477,0.0927811621986019
66.3469240227625,48.6539588661377,0.602381118822118,0.0823988795646343,0.0566606093021678,-0.00285307440036942,-0.0988823395258935
66.4672685207026,48.948433275373,0.602381118822118,0.0823988795646343,0.0566606093021678,0.0379456183755069,0.237813799933199
66.3556761610684,48.9648343288462,0.602381118822118,0.0823988795646343,0.0566606093021678,-0.193991239198831,-0.0402595558290546
66.5080583883091,49.220624263598,0.602381118822118,0.0823988795646343,0.0566606093021678,0.0699833476760121,0.19912932544967
66.6182145133432,49.1856976894498,0.602381118822118,0.0823988795646343,0.0566606093021678,0.0277572454694885,-0.0915871834503257
66.8029968624498,49.4172278736536,0.602381118822118,0.0823988795646343,0.0566606093021678,0.102383469541927,0.17486957490156
66.7896513870413,49.2947052576513,0.602381118822118,0.0823988795646343,0.0566606093021678,-0.0957443549730903,-0.179183225304404
67.2165954604217,49.335550555183,0.602381118822118,0.0823988795646343,0.0566606093021678,0.344545193815714,-0.0158153117705355
67.1023165846334,49.5528726890587,0.602381118822118,0.0823988795646343,0.0566606093021678,-0.196677755352883,0.160661524573594
67.1049132791679,49.3132911785098,0.602381118822118,0.0823988795646343,0.0566606093021678,-0.0798021850302053,-0.296242119851077
67.4174864523602,49.409676182527,0.602381118822118,0.0823988795646343,0.0566606093021678,0.230174293627661,0.0397243947150334
67.4698586148642,49.5226900876888,0.602381118822118,0.0823988795646343,0.0566606093021678,-0.0300267170605633,0.0563532958596478
67.4325625738309,49.6998649846601,0.602381118822118,0.0823988795646343,0.0566606093021678,-0.119694920597985,0.120514287669106
67.7893060477433,49.7714078361732,0.602381118822118,0.0823988795646343,0.0566606093021678,0.274344594347784,0.0148822422108852
68.0654370095391,50.0643344846194,0.602381118822118,0.0823988795646343,0.0566606093021678,0.193732082231119,0.236266039144067
67.7450097033713,50.2297668732664,0.602381118822118,0.0823988795646343,0.0566606093021678,-0.402826185732417,0.108771779344867
67.8411063360178,50.1489905370243,0.602381118822118,0.0823988795646343,0.0566606093021678,0.0136977530818729,-0.13743694554435
67.9611331410142,50.32010530873,0.602381118822118,0.0823988795646343,0.0566606093021678,0.0376279254317438,0.114454162403542
67.9882716136258,50.3069657070205,0.602381118822118,0.0823988795646343,0.0566606093021678,-0.0552604069529714,-0.0698002110116678
68.3887109626238,50.1750213329614,0.602381118822118,0.0823988795646343,0.0566606093021678,0.318040469433287,-0.188604983361279
68.3581319126926,50.2722114770004,0.602381118822118,0.0823988795646343,0.0566606093021678,-0.112977929495771,0.0405295347368628
68.5093626374629,50.2031334594145,0.602381118822118,0.0823988795646343,0.0566606093021678,0.0688318452056658,-0.125738626888029
68.3931222915955,50.1279333257069,0.602381118822118,0.0823988795646343,0.0566606093021678,-0.198639225432029,-0.131860743009762
68.645329691045,50.2492235515149,0.602381118822118,0.0823988795646343,0.0566606093021678,0.169808519884818,0.0646296165058151
68.688692695676,50.2983336964835,0.602381118822118,0.0823988795646343,0.0566606093021678,-0.0390358749336741,-0.00755046433359463
68.4845731439822,50.2857622864177,0.602381118822118,0.0823988795646343,0.0566606093021678,-0.286518431258354,-0.069232019367985
68.7132596608924,50.344969040258,0.602381118822118,0.0823988795646343,0.0566606093021678,0.146287637345504,0.00254614453815449
68.6090797951159,50.5721319232219,0.602381118822118,0.0823988795646343,0.0566606093021678,-0.186578745341094,0.170502273661728
68.8114235060373,50.7775026743205,0.602381118822118,0.0823988795646343,0.0566606093021678,0.119944831356752,0.148710141796387
69.0175247633602,50.6782179035315,0.602381118822118,0.0823988795646343,0.0566606093021678,0.12370237775828,-0.155945380091176
69.2457114328659,50.6786748036224,0.602381118822118,0.0823988795646343,0.0566606093021678,0.14578778994103,-0.0562037092112386
69.6277017826201,50.6164268735727,0.602381118822118,0.0823988795646343,0.0566606093021678,0.299591470189625,-0.1189085393519
69.5659376549361,50.8855470771273,0.602381118822118,0.0823988795646343,0.0566606093021678,-0.144163007248725,0.212459594252457
69.6584206439453,50.9006590589199,0.602381118822118,0.0823988795646343,0.0566606093021678,0.0100841094446549,-0.0415486275095345
69.7118647168398,51.0651521151544,0.602381118822118,0.0823988795646343,0.0566606093021678,-0.0289548066701466,0.107832446932328
69.6409227814089,50.9639273674672,0.602381118822118,0.0823988795646343,0.0566606093021678,-0.153340814995529,-0.157885356989411
69.7684516882556,51.0538666635703,0.602381118822118,0.0823988795646343,0.0566606093021678,0.0451300272820623,0.033278686800936
70.0517890817707,51.3266306156594,0.602381118822118,0.0823988795646343,0.0566606093021678,0.200938513950442,0.21610334278694
70.0595748587715,51.2034023654055,0.602381118822118,0.0823988795646343,0.0566606093021678,-0.074613102563859,-0.179888859556091
69.8347931874715,51.1351137236455,0.602381118822118,0.0823988795646343,0.0566606093021678,-0.307180550864616,-0.124949251062143
69.9935692570621,51.0350880099422,0.602381118822118,0.0823988795646343,0.0566606093021678,0.0763771900260091,-0.15668632300545
70.1556219245637,51.0474678567466,0.602381118822118,0.0823988795646343,0.0566606093021678,0.0796537879368966,-0.0442807624978316
70.0734573687397,51.0487044824708,0.602381118822118,0.0823988795646343,0.0566606093021678,-0.164563435388579,-0.0554239835778751
70.3435170996507,51.3508649714591,0.602381118822118,0.0823988795646343,0.0566606093021678,0.187660851346362,0.245499879686099
70.4166438719636,51.4831641836417,0.602381118822118,0.0823988795646343,0.0566606093021678,-0.00927210725179917,0.0756386028804121
70.1933301041253,51.5107422761728,0.602381118822118,0.0823988795646343,0.0566606093021678,-0.305712647402953,-0.0290825167710906
70.2614644090068,51.6969201278812,0.602381118822118,0.0823988795646343,0.0566606093021678,-0.0142645746830894,0.129517242406285
70.4324404879688,51.8071859923423,0.602381118822118,0.0823988795646343,0.0566606093021678,0.0885771993973616,0.0536052551589119
70.7011145689517,51.7733114177776,0.602381118822118,0.0823988795646343,0.0566606093021678,0.186275201418249,-0.0905351838668746
70.8178918175167,51.9214240001788,0.602381118822118,0.0823988795646343,0.0566606093021678,0.0343783690004078,0.0914519730990497
70.8998647901023,51.9583609902585,0.602381118822118,0.0823988795646343,0.0566606093021678,-0.000425906979057977,-0.0197236192225296
71.0291633623286,51.948370082445,0.602381118822118,0.0823988795646343,0.0566606093021678,0.0468996926616616,-0.0666515171156192
71.3116065620695,52.0746491036426,0.602381118822118,0.0823988795646343,0.0566606093021678,0.200044320176197,0.0696184118954133
71.3373506851812,52.0145241251542,0.602381118822118,0.0823988795646343,0.0566606093021678,-0.0566547564529314,-0.116785587790547
71.4783505893233,52.2035040874581,0.602381118822118,0.0823988795646343,0.0566606093021678,0.0586010245775297,0.132319353001652
71.4220506920438,52.290862799556,0.602381118822118,0.0823988795646343,0.0566606093021678,-0.138698776844131,0.0306981027957247
71.7015994656412,52.2518938616379,0.602381118822118,0.0823988795646343,0.0566606093021678,0.197149894032765,-0.0956295472202684
71.5798876917528,52.4133934462277,0.602381118822118,0.0823988795646343,0.0566606093021678,-0.204110653453038,0.104838975287638
71.4576907075995,52.4164038115021,0.602381118822118,0.0823988795646343,0.0566606093021678,-0.204595863717956,-0.0536502440277185
71.7571668473705,52.4541986146795,0.602381118822118,0.0823988795646343,0.0566606093021678,0.217077260206395,-0.0188658061247637
71.7227198298694,52.4287673954026,0.602381118822118,0.0823988795646343,0.0566606093021678,-0.116845897065765,-0.082091828579079
71.7911720999335,52.2688740354056,0.602381118822118,0.0823988795646343,0.0566606093021678,-0.0139466095005236,-0.216553969299192
72.0085323224743,52.4930152815523,0.602381118822118,0.0823988795646343,0.0566606093021678,0.134961342976148,0.167480636844503
71.9799947173446,52.6727749704252,0.602381118822118,0.0823988795646343,0.0566606093021678,-0.110936484694329,0.123099079570778
71.9344634715703,52.4985191434752,0.602381118822118,0.0823988795646343,0.0566606093021678,-0.127930125338925,-0.230916436252223
72.0276584202622,52.8493238600951,0.602381118822118,0.0823988795646343,0.0566606093021678,0.010796069127287,0.29414410731782
72.1714963949937,52.6349359960872,0.602381118822118,0.0823988795646343,0.0566606093021678,0.0614390951668553,-0.271048473310152
72.3760371496182,52.8410731660296,0.602381118822118,0.0823988795646343,0.0566606093021678,0.122141875059835,0.149476560640251
72.1919644500566,52.9613335499627,0.602381118822118,0.0823988795646343,0.0566606093021678,-0.266471579126215,0.0635997746309878
72.2238582306019,52.7697508365115,0.602381118822118,0.0823988795646343,0.0566606093021678,-0.0505050990193827,-0.248243322753446
72.2720161354927,53.0556177393645,0.602381118822118,0.0823988795646343,0.0566606093021678,-0.0342409746738324,0.229206293550895
72.2597594143158,52.9978217192832,0.602381118822118,0.0823988795646343,0.0566606093021678,-0.0946556007415009,-0.114456629383522
72.6950154899688,53.2870994312591,0.602381118822118,0.0823988795646343,0.0566606093021678,0.352857196088304,0.232617102673705
72.6584995942019,53.3030499161273,0.602381118822118,0.0823988795646343,0.0566606093021678,-0.118914775331475,-0.0407101244339698
72.6861128096682,53.3223383764854,0.602381118822118,0.0823988795646343,0.0566606093021678,-0.0547856640983011,-0.0373721489440002
72.805009989859,53.4577119703954,0.602381118822118,0.0823988795646343,0.0566606093021678,0.0364983006261008,0.0787129846078163
72.7830601935779,53.6574411683151,0.602381118822118,0.0823988795646343,0.0566606093021678,-0.104348675845721,0.143068588617536
72.8773490490194,53.6836986127152,0.602381118822118,0.0823988795646343,0.0566606093021678,0.0118899758768176,-0.0304031649021188
72.9021139453648,53.665102329894,0.602381118822118,0.0823988795646343,0.0566606093021678,-0.0576339832192261,-0.0752568921233785
73.0242275143496,53.5828010126766,0.602381118822118,0.0823988795646343,0.0566606093021678,0.039714689420189,-0.138961926519506
72.9956574999062,53.4849686436947,0.602381118822118,0.0823988795646343,0.0566606093021678,-0.110968894008054,-0.154492978284051
73.1102376076084,53.7504846663278,0.602381118822118,0.0823988795646343,0.0566606093021678,0.0321812281375817,0.20885541333086
73.2451868433273,53.6340864542881,0.602381118822118,0.0823988795646343,0.0566606093021678,0.0525503561542533,-0.173058821341853
73.4078261636627,53.8270885898159,0.602381118822118,0.0823988795646343,0.0566606093021678,0.0802404407707855,0.136341526225667
73.7342590821784,53.8400256247595,0.602381118822118,0.0823988795646343,0.0566606093021678,0.24403403895103,-0.0437235743586089
73.415670760431,53.7472443973906,0.602381118822118,0.0823988795646343,0.0566606093021678,-0.400987201311993,-0.149441836671108
73.9331988606185,53.7596511596337,0.602381118822118,0.0823988795646343,0.0566606093021678,0.435129220622851,-0.0442538470590244
73.7040874794135,53.8371773367239,0.602381118822118,0.0823988795646343,0.0566606093021678,-0.311510260769675,0.0208655677880474
73.9183205033092,53.8780266363748,0.602381118822118,0.0823988795646343,0.0566606093021678,0.131834144331069,-0.0158113096513315
73.994276971083,53.9324026754529,0.602381118822118,0.0823988795646343,0.0566606093021678,-0.00644241179083194,-0.0022845702240426
73.7783798773734,53.7578681447007,0.602381118822118,0.0823988795646343,0.0566606093021678,-0.298295973274161,-0.231195140054367
73.9399999394679,53.9496794692607,0.602381118822118,0.0823988795646343,0.0566606093021678,0.0792211825297868,0.135150715257873
73.9253343094986,54.0557021790111,0.602381118822118,0.0823988795646343,0.0566606093021678,-0.0970645095339342,0.0493621004482099
73.9967588924049,54.2420700390015,0.602381118822118,0.0823988795646343,0.0566606093021678,-0.0109742966583442,0.129707250688226
74.1643355839064,54.3335157269963,0.602381118822118,0.0823988795646343,0.0566606093021678,0.0851778119369007,0.0347850786925905
74.1576817166727,54.2020977061412,0.602381118822118,0.0823988795646343,0.0566606093021678,-0.0890527467983224,-0.188078630157274
74.2033235497415,54.0825018052732,0.602381118822118,0.0823988795646343,0.0566606093021678,-0.0367570464958131,-0.176256510170152
74.4037965514526,54.0728688278403,0.602381118822118,0.0823988795646343,0.0566606093021678,0.118074122146398,-0.0662935867350973
74.7308786957466,54.2389052333697,0.602381118822118,0.0823988795646343,0.0566606093021678,0.244683264729389,0.109375796227323
74.762828302486,54.3504289439996,0.602381118822118,0.0823988795646343,0.0566606093021678,-0.0504492728252379,0.054863101327667
74.6807588330799,54.5605416942397,0.602381118822118,0.0823988795646343,0.0566606093021678,-0.164468348970758,0.153452140937985
74.9017293999137,54.431156924499,0.602381118822118,0.0823988795646343,0.0566606093021678,0.13857168726915,-0.186045379042934
74.8619101377415,54.7731002031818,0.602381118822118,0.0823988795646343,0.0566606093021678,-0.122218141736842,0.285282669380618
75.0604165574221,54.8149062161208,0.602381118822118,0.0823988795646343,0.0566606093021678,0.116107540115967,-0.0148545963631346
74.9231053449832,55.1656573543384,0.602381118822118,0.0823988795646343,0.0566606093021678,-0.219710092003457,0.294090528915437
75.1960049767857,55.2562180509959,0.602381118822118,0.0823988795646343,0.0566606093021678,0.190500752237861,0.033900087355293
75.1949912991235,55.261177113199,0.602381118822118,0.0823988795646343,0.0566606093021678,-0.0834125572269189,-0.051701547099023
75.3542451726694,55.1586676496819,0.602381118822118,0.0823988795646343,0.0566606093021678,0.0768549939813021,-0.159170072819342
75.4464044439428,55.4117228720208,0.602381118822118,0.0823988795646343,0.0566606093021678,0.00976039170873966,0.196394613036816
75.586803489622,55.3272689200528,0.602381118822118,0.0823988795646343,0.0566606093021678,0.0580001661145477,-0.141114561270181
75.4486898342858,55.4633362499107,0.602381118822118,0.0823988795646343,0.0566606093021678,-0.220512534900826,0.0794067205556694
75.53373702394,55.5390905321332,0.602381118822118,0.0823988795646343,0.0566606093021678,0.002648310089572,0.0190936729203559
75.8334466975502,55.4654085425194,0.602381118822118,0.0823988795646343,0.0566606093021678,0.217310794045615,-0.13034259891601
75.754484196048,55.3537397860887,0.602381118822118,0.0823988795646343,0.0566606093021678,-0.161361381066885,-0.168329365732824
75.8287245495134,55.4108894738726,0.602381118822118,0.0823988795646343,0.0566606093021678,-0.00815852609918455,0.000489078481697325
75.9980430275938,55.420932444644,0.602381118822118,0.0823988795646343,0.0566606093021678,0.0869195985156805,-0.0466176385307433
76.0795123760299,55.4044072212254,0.602381118822118,0.0823988795646343,0.0566606093021678,-0.000929531128484928,-0.0731858327207744
76.2268935296108,55.440178329861,0.602381118822118,0.0823988795646343,0.0566606093021678,0.064982274016316,-0.0208895006665886
76.2224371695975,55.322784659028,0.602381118822118,0.0823988795646343,0.0566606093021678,-0.08685523957796,-0.174054280135197
76.267759863794,55.6313235933309,0.602381118822118,0.0823988795646343,0.0566606093021678,-0.0370761853681878,0.251878325000758
76.1857960569731,55.9177218055587,0.602381118822118,0.0823988795646343,0.0566606093021678,-0.164362686385488,0.229737602925666
76.1345307714061,55.7350230696603,0.602381118822118,0.0823988795646343,0.0566606093021678,-0.133664165131642,-0.239359345200567
76.299939421245,55.7425574839561,0.602381118822118,0.0823988795646343,0.0566606093021678,0.0830097702742103,-0.0491261950063846
76.4056789179314,55.7186542072568,0.602381118822118,0.0823988795646343,0.0566606093021678,0.0233406171218231,-0.0805638860014524
76.5853548996554,55.7166790525692,0.602381118822118,0.0823988795646343,0.0566606093021678,0.0972771021593992,-0.0586357639898052
76.8084519995592,55.9909067678958,0.602381118822118,0.0823988795646343,0.0566606093021678,0.140698220339137,0.217567106024391
76.9066784982274,55.9737920382481,0.602381118822118,0.0823988795646343,0.0566606093021678,0.0158276191035878,-0.0737753389498568
76.9855695761399,56.1285172060087,0.602381118822118,0.0823988795646343,0.0566606093021678,-0.00350780165212816,0.0980645584584878
77.2490387717811,56.0843458323289,0.602381118822118,0.0823988795646343,0.0566606093021678,0.181070316076534,-0.100831982981982
77.2945619643807,56.1454210509693,0.602381118822118,0.0823988795646343,0.0566606093021678,-0.0368756869650682,0.00441460933825732
77.30418976399,56.3241363231816,0.602381118822118,0.0823988795646343,0.0566606093021678,-0.0727710799553294,0.122054662910123
77.1678139031357,56.359614097994,0.602381118822118,0.0823988795646343,0.0566606093021678,-0.218774740418958,-0.0211828344898466
77.3850188253739,56.5514697827714,0.602381118822118,0.0823988795646343,0.0566606093021678,0.134806042673561,0.135195075475286
77.6181382430339,56.5167297638066,0.602381118822118,0.0823988795646343,0.0566606093021678,0.150720538095412,-0.0914006282670403
77.5947658329688,56.8291086930585,0.602381118822118,0.0823988795646343,0.0566606093021678,-0.105771289629758,0.255718319949747
77.5424891862367,56.8874814635838,0.602381118822118,0.0823988795646343,0.0566606093021678,-0.134675526296742,0.00171216122319096
77.508371179618,56.9651034000506,0.602381118822118,0.0823988795646343,0.0566606093021678,-0.116516886183298,0.020961327164627
77.5320132866881,56.8942532755309,0.602381118822118,0.0823988795646343,0.0566606093021678,-0.0587567724945997,-0.127510733821895
77.6493356721263,56.8401131473698,0.602381118822118,0.0823988795646343,0.0566606093021678,0.0349235058735888,-0.11080073746332
77.7216463535314,57.1629430878533,0.602381118822118,0.0823988795646343,0.0566606093021678,-0.0100881981595222,0.266169331181391
77.7554569224284,57.0431109316371,0.602381118822118,0.0823988795646343,0.0566606093021678,-0.0485883106676654,-0.176492765518425
77.8088625053042,56.8812118389448,0.602381118822118,0.0823988795646343,0.0566606093021678,-0.0289932966888364,-0.218559701994393
77.8740217327803,57.0824361845445,0.602381118822118,0.0823988795646343,0.0566606093021678,-0.0172396520885134,0.144563736297481
78.1075717410206,57.0068458985376,0.602381118822118,0.0823988795646343,0.0566606093021678,0.151151128675705,-0.132250895309057
78.0488840476686,57.18339254235,0.602381118822118,0.0823988795646343,0.0566606093021678,-0.141086572916702,0.11988603451027
78.0804947240188,57.4099828696932,0.602381118822118,0.0823988795646343,0.0566606093021678,-0.0507882032144216,0.169929718040983
78.3248604061007,57.3882749998833,0.602381118822118,0.0823988795646343,0.0566606093021678,0.161966802517259,-0.0783684791120578
78.2941216704175,57.5799718789007,0.602381118822118,0.0823988795646343,0.0566606093021678,-0.113137615247771,0.135036269715169
78.5610510147728,57.6425173874276,0.602381118822118,0.0823988795646343,0.0566606093021678,0.18453046479068,0.00588489922476798
78.7165848494839,57.695074612944,0.602381118822118,0.0823988795646343,0.0566606093021678,0.0731349551464304,-0.00410338378572672
78.6827431083859,57.8492273043543,0.602381118822118,0.0823988795646343,0.0566606093021678,-0.116240620662626,0.0974920821080982
78.5892378619981,57.9854990444896,0.602381118822118,0.0823988795646343,0.0566606093021678,-0.175904125952434,0.0796111308331446
78.8462220178856,58.0199556149012,0.602381118822118,0.0823988795646343,0.0566606093021678,0.174585276322817,-0.0222040388905493
79.0356778278974,58.1686037669533,0.602381118822118,0.0823988795646343,0.0566606093021678,0.107056930447174,0.091987542749882
79.0355721755976,58.3849874572135,0.602381118822118,0.0823988795646343,0.0566606093021678,-0.0825045318644273,0.159723080958042
79.1594156418516,58.2803617305524,0.602381118822118,0.0823988795646343,0.0566606093021678,0.0414445866893716,-0.161286335963303
79.3580146488439,58.2569288328801,0.602381118822118,0.0823988795646343,0.0566606093021678,0.116200127427655,-0.0800935069744075
79.1770344462924,58.6321285169226,0.602381118822118,0.0823988795646343,0.0566606093021678,-0.263379082116174,0.318539074740307
79.5719370777437,58.3577686557378,0.602381118822118,0.0823988795646343,0.0566606093021678,0.312503751886731,-0.331020470486961
79.523054185024,58.2657548732902,0.602381118822118,0.0823988795646343,0.0566606093021678,-0.131281772284405,-0.148674391749777
79.5446394887208,58.2061438745151,0.602381118822118,0.0823988795646343,0.0566606093021678,-0.0608135758678099,-0.116271608077322
79.5764163812581,58.5121519144977,0.602381118822118,0.0823988795646343,0.0566606093021678,-0.0506219870273581,0.249347430680514
79.6922916200964,58.4988736722604,0.602381118822118,0.0823988795646343,0.0566606093021678,0.0334763592737159,-0.0699388515395527
80.0319650833949,58.6260577764331,0.602381118822118,0.0823988795646343,0.0566606093021678,0.257274583733812,0.0705234948705242
80.0892185866461,58.4532977751385,0.602381118822118,0.0823988795646343,0.0566606093021678,-0.02514537631337,-0.229420610596679
