X,Y,Theta,FmPi_x,FmPi_y,Xi_x,Xi_y
0,0,4.00484599549635,0,0,0,0
0.0591562417478768,-0.25145370506059,4.61297501292004,-0.00992502947234402,-0.0995062500045756,0.0690812712202208,-0.151947455056014
-0.0182478831219635,-0.236611740674094,4.87917097342417,0.0166009859911909,-0.0986124092805783,-0.0940051108610313,0.113454373667074
-0.0570148840767724,-0.273257417523704,4.40381897235147,-0.0303696495649297,-0.0952768827434198,-0.0083973513898791,0.0586312058938094
0.0496152665758208,-0.406156991224073,4.8013862247704,0.00888798069835063,-0.0996042358492135,0.0977421699542426,-0.0332953378511549
0.0618411957122207,-0.487170990721816,4.79004843074421,0.0077581413330863,-0.0996986020115421,0.00446778780331358,0.0186846025137989
0.0125334299659058,-0.477623232445484,4.51944810765962,-0.0191746023590179,-0.0981444579401891,-0.030133163387297,0.107692216216521
-0.0121470125036642,-0.570456451859264,4.49646972841596,-0.0214245425506211,-0.0976779861406685,-0.00325589991894889,0.00484476672688824
0.0545433161810926,-0.811751390800797,4.49657534571111,-0.0214142259464536,-0.0976802483980986,0.0881045546312104,-0.143614690543434
0.131659631628585,-0.856867020186108,4.84506015001205,0.0132282307005043,-0.0991212081874219,0.0638880847469876,0.054005578802111
0.098793633851476,-0.9906535875527,4.65987087370384,-0.00524939678606446,-0.0998621241181183,-0.027616600991044,-0.0339244432484747
-0.038016859929257,-1.12714866032427,4.16774062141094,-0.0518117360621043,-0.08553095349773,-0.0849987577186287,-0.0509641192738357
-0.178764325849639,-1.27308322397921,4.36449320740201,-0.0340920396336176,-0.0940092167482521,-0.106655426286764,-0.0519253469066871
-0.224029254849097,-1.3071544637421,4.30614863059395,-0.0395158465451951,-0.0918612969199575,-0.00574908245426333,0.057790057157064
-0.256408561643351,-1.41217427317024,4.07631493191073,-0.0594041858077732,-0.0804434130834561,0.02702487901352,-0.0245763963446875
-0.252176905344447,-1.34736466687148,3.54481935191962,-0.091979966582165,-0.0392388295893726,0.0962116228810684,0.104048435888132
-0.316587528787229,-1.39477021941925,3.8237446279602,-0.0776217772856869,-0.0630464883321127,0.0132111538429051,0.0156409357843415
-0.375618342941225,-1.43089253188887,3.89866940334706,-0.0726846800652595,-0.0686799627534179,0.0136538659112641,0.0325576502838047
-0.569290842555079,-1.568415454742,3.99491183165545,-0.0657485881526762,-0.0753466864296617,-0.127923911461178,-0.0621762364234739
-0.565100192268138,-1.64561436119222,3.94571543680027,-0.069374329300544,-0.0720222356921783,0.073564979587485,-0.00517667075804021
-0.617510598014821,-1.76662036172742,3.69768759879931,-0.0849322956867979,-0.0527873578555541,0.0325218899401144,-0.0682186426796453
-0.694432222782843,-1.89565051288859,3.91765347086974,-0.0713678361310514,-0.0700473551675678,-0.00555378863696977,-0.0589827959936032
-0.823732457279606,-1.95620100250101,3.45979457779162,-0.0949799497822236,-0.0312859255795042,-0.0343202847145393,-0.0292645640329172
-0.997742995662814,-1.96748193054585,3.61898694081251,-0.0888195174085295,-0.0459466356474108,-0.0851910209746791,0.0346657076025724
-1.02643241631099,-2.0197467688964,3.31312670889127,-0.0985324072231116,-0.0170694090940168,0.0698429865749354,-0.0351954292565333
-1.07104973293802,-2.0774753441779,3.34204625372873,-0.0979976360582421,-0.0199113868677278,0.0533803194312094,-0.0378171884137727
-1.22325110336115,-2.20396625740393,3.9587705616635,-0.0684281848619556,-0.0729217629826517,-0.0837731855611676,-0.0535691502433807
-1.35118057951439,-2.27333059070675,3.94276283784022,-0.069586679372817,-0.0718170874782928,-0.058342796780422,0.00245275417547658
-1.34699275289814,-2.32370737868188,3.53563792852635,-0.0923363529674153,-0.0383926805612333,0.0965241795836648,-0.0119841074138942
-1.27979211705068,-2.45150098562537,3.3212436401748,-0.0983906116588481,-0.0178686187881923,0.165591247506307,-0.109924988155298
-1.46232447513307,-2.45595530276434,3.57104135795993,-0.0909195430585284,-0.041636963025999,-0.0916128150238635,0.0371826458870274
-1.53377266386337,-2.47774739738053,3.81532587333083,-0.0781497932092719,-0.0623907831442116,0.00670160447896676,0.0405986885280257
-1.59806811468165,-2.49731504782728,4.2518277487243,-0.0444450930052498,-0.0895803198685665,-0.0198503578130218,0.0700126694218083
-1.48842389787606,-2.49304262390667,3.99470599586498,-0.0657640958044965,-0.0753331514209846,0.175408312610085,0.0796055753415951
-1.56191849672156,-2.5010411803647,3.49626389503857,-0.0937760711450746,-0.0347282087155947,0.0202814722995673,0.0267296522575723
-1.80490190388721,-2.53067499819501,3.61458115927321,-0.0890210855602858,-0.0455548715909537,-0.153962321605357,0.0159210537606422
-1.9113471650145,-2.63486913119511,3.68949213510817,-0.0853620554692387,-0.0520895333638785,-0.0210832056580578,-0.0521045996362256
-2.06391108760053,-2.80927097342649,3.16293478146642,-0.0999772265433213,-0.00213405077386089,-0.0525866960427017,-0.172267791457518
-2.22790741693753,-2.79632356766313,2.8275410663871,-0.0951089785161751,0.0308914584571486,-0.0688873508208278,-0.01794405269379
-2.24573417756278,-2.72037427012012,2.43399664981663,-0.0759926689046621,0.0650008790151826,0.0581659082794143,0.0109484185278275
-2.29985055117782,-2.81731929647061,2.62908605179123,-0.0871518101213711,0.0490363333923783,0.0330354365063236,-0.145981359742861
-2.42190094863811,-2.86739857553831,2.57659498624858,-0.0844589849363464,0.0535413845872705,-0.0375914125239356,-0.103620663654978
-2.58103197339057,-2.7779794723752,2.71446411614875,-0.0910159029587194,0.0414259026287778,-0.0681151217937425,0.0479932005343383
-2.66514371849472,-2.72281245184862,3.15917814782184,-0.0999845379181071,-0.00175845878615282,0.0158727928139552,0.0569254793127304
-2.87257356086065,-2.78975987511051,3.37955738850297,-0.0971819750586761,-0.0235725205206159,-0.110247867307257,-0.0433749027412742
-2.91803895357268,-2.82571153464682,3.61108250131319,-0.0891799213137131,-0.0452431390873793,0.04371452860169,0.00929147955106602
-3.16451106521317,-2.81163881071289,3.50501391450012,-0.0934686126622022,-0.0355474112560004,-0.153003498978293,0.0496201351899367
-3.20550074675815,-2.7582500961176,3.32924715119982,-0.098244450251194,-0.0186555084315779,0.0572547687062127,0.0720442230268629
-3.23209748390824,-2.67131313729243,3.8029830100561,-0.0789139017228915,-0.0614214629821679,0.0523171645727998,0.148358421807338
-3.39868259208084,-2.6838481598945,3.73969923019785,-0.0826403242102921,-0.0563078752433246,-0.0839447839623001,0.0437728526412589
-3.50681953772043,-2.70317730816371,3.49851757789927,-0.0936975666942783,-0.034939461867225,-0.0144393789453198,0.0156103135980118
-3.67720319743529,-2.71535690116838,3.53324372579512,-0.092428008094852,-0.0381714987866337,-0.0779556516200007,0.0259919057819649
-3.78562649775591,-2.66973833259115,3.89431977179563,-0.0729827240858804,-0.0683631624853931,-0.0354405762347451,0.113981731062626
-3.77064296914478,-2.7461932941006,3.68386182040197,-0.0856539813815164,-0.0516080950384224,0.100637509992649,-0.0248468664710356
-3.7661424452681,-2.75162757223286,3.43695316578283,-0.0956697264884984,-0.0291084770061215,0.100170250365179,0.0236741988738652
-3.74387601646506,-2.79818162253041,3.44992023677649,-0.0952842423012806,-0.03034655118907,0.117550671104323,-0.0162074991084787
-3.9871804288849,-2.78075392805328,3.53659769761971,-0.092299462336736,-0.0384812844425633,-0.151004950083103,0.0559089789196954
-4.10257452756184,-2.84532953609335,2.79561179166181,-0.094074327571516,0.0339119579494772,-0.0213197711054333,-0.0984875659895498
-4.1255712877468,-2.87872220880166,3.21468495083093,-0.099732994708584,-0.0073027232220283,0.0767362345236265,-0.0260899494862788
-4.17770789772491,-2.95459158632925,3.64104503650817,-0.0877844971904868,-0.0478944887540666,0.03564788721238,-0.0279748887735252
-4.26551984212324,-2.90892707905215,3.58282690677998,-0.0904225257069227,-0.0427055832975139,0.00261058130859106,0.088370090574614
-4.46612297976389,-2.94721836890358,3.49201786440321,-0.0939226824074864,-0.0343297207880059,-0.106680455233167,-0.00396156906342894
-4.65530848468377,-3.0797605691976,3.86328834961762,-0.0750686532842455,-0.0660658557356956,-0.114116851635628,-0.0664763445583251
-4.74113573828182,-3.14231985377719,4.15896694041698,-0.0525601535800511,-0.0850730877283847,-0.0332671000179979,0.0225138031487987
-4.88473370886283,-3.34158234994871,4.11797766584587,-0.0560021138423628,-0.0828478318677504,-0.0875958567386546,-0.116414664303767
-4.94057057791156,-3.46270340513561,3.81433839939988,-0.0782113643690309,-0.0623135818544776,0.0223744953203038,-0.0588074733324225
-5.01552867733825,-3.4750680375511,4.20503249764649,-0.0485868428663793,-0.0874031961674044,-0.0263712565603141,0.0750385637519153
-5.12180438734185,-3.53353947884839,4.06456463234737,-0.0603452973510964,-0.0797398588386495,-0.0459304126524993,0.0212684175413515
-5.30730420376167,-3.55563291982235,3.71109391489657,-0.0842170005826577,-0.0539212093045087,-0.101282815837166,0.0318277683305551
-5.38496985677054,-3.65994255553992,3.34489437364413,-0.0979405286497217,-0.0201904147508921,0.0202748756408604,-0.0841192209666846
-5.44262744035149,-3.82525432584467,3.95737664167124,-0.0685297654539176,-0.0728263087546736,0.0108721818729584,-0.0924854615500722
-5.56525034021372,-3.93018683843329,4.14710601491666,-0.0535654783981376,-0.0844437062425534,-0.0690574214640833,-0.0204888063460681
-5.79473204749676,-3.9413712541623,4.00946946329385,-0.0646447908384557,-0.0762958125813751,-0.164836916444586,0.0651113968523632
-5.8560889941334,-4.00223197928559,3.96004128874209,-0.0683354659809471,-0.0730086576315906,0.0069785193443006,0.0121479325083068
-5.75094857026739,-4.10814851855681,4.28732977612227,-0.0412374718396992,-0.0911014320209623,0.146377895705711,-0.0148151072502644
-5.83368558860306,-4.120871397857,4.01959876782844,-0.0638686641934291,-0.0769466941079797,-0.0188683541422355,0.0642238148077927
-5.79661091942625,-4.27770168348891,3.86688915164037,-0.0748302770702324,-0.0663357342131091,0.111904946247037,-0.0904945514187965
-5.87845823694033,-4.35385531829204,3.5302748753618,-0.0925409260657873,-0.037896926034792,0.0106936085517124,-0.0382567087683371
-6.0961088489496,-4.29357397705458,3.56185181606799,-0.0912983233440069,-0.0407997077755854,-0.126352288665267,0.101081049013041
-6.17803218319634,-4.33285806587315,3.01569160855092,-0.0992084926920774,0.0125568697439301,0.0172851584453392,-0.0518409585625031
-6.22270102979446,-4.2227098390842,2.75732559303377,-0.0927073445815252,0.037487974880518,0.0480384979834063,0.0726602519084332
-6.32050299662782,-4.27579174948317,2.83320158141467,-0.0952823154374063,0.0303526006280617,-0.00251965139595467,-0.0834345110270309
-6.41884172526854,-4.2181829615336,2.33730029932045,-0.0693621154164276,0.0720339985351235,-0.0289766132242884,-0.0144252105855511
-6.36001284793377,-3.96900064798783,2.45111808484379,-0.077094384750782,0.0636903119783409,0.135923262085553,0.185492001567422
-6.43359946016489,-3.86777972746845,2.39246153588089,-0.0732280856450216,0.0681002751298802,-0.00035852658610791,0.0331206453895062
-6.60556870017458,-3.80401355116715,3.07131732419666,-0.0997531705121499,0.00702174997945327,-0.072216069497534,0.0567444263218485
-6.69890397872091,-3.73849472634384,2.82152507323522,-0.0949214157395124,0.0314630709563871,0.00158613719317824,0.0340557538669188
-6.84630027493063,-3.79146022239133,2.82172667603229,-0.0949277568536005,0.0314439338942142,-0.0524685393561141,-0.0844094299417065
-6.96743143837912,-3.72138684104482,2.90490419599606,-0.0972119809747497,0.0234484702052162,-0.0239191824737435,0.0466249111412949
-6.99331838191093,-3.71228095593286,2.43210359403439,-0.075869482522376,0.0651446208200407,0.0499825389905689,-0.0560387357080784
-7.06474841709201,-3.5352444776354,2.51615663698927,-0.0810707930303085,0.0585450810695218,0.00964075784922414,0.118491397227933
-7.04105012891579,-3.40067074367157,1.85284750494402,-0.0278326361737206,0.0960486562301696,0.0515309243499421,0.0385250777336615
-7.0541592283414,-3.27914532487611,1.46989321029634,0.0100731980489434,0.0994913598312274,-0.0231822974745508,0.0220340589642398
-7.23516407726461,-3.13916434007403,2.10519372109335,-0.0509322544108998,0.0860575706177172,-0.130072594512314,0.0539234141843623
-7.22712886006774,-3.02801156710492,2.17910473674809,-0.0571480132709552,0.0820615901575319,0.0651832304678288,0.0290911828115738
-7.30498527597022,-2.98676423036166,2.27303195056374,-0.0645925975282925,0.0763400048765261,-0.0132638183741876,-0.035092668133264
-7.28680384819348,-2.81590831080916,1.6098816685549,-0.00390753909755746,0.099923626526468,0.0220889668742915,0.0709322930260342
-7.39098666411714,-2.80799160921941,1.30219591265008,0.0265382295772875,0.0964143265853327,-0.130721045500944,-0.0884976249955899
-7.21727070359929,-2.69202329707251,1.20441309961741,0.0358241057959861,0.0933629125719522,0.137891854721864,0.0226053995749562
-7.09267186043298,-2.51270687066087,1.17104214467941,0.0389191917280298,0.0921156692166803,0.0856796514382802,0.087200757194957
-6.94415995458725,-2.52928045414078,0.848625594561863,0.0661015086083504,0.0750372611420498,0.0824103972373807,-0.0916108446219619
-6.98810575530821,-2.34981161475,1.03880642359592,0.0507249241737907,0.0861799400531422,-0.0946707248947504,0.0932888993376336
-6.94187619327998,-2.29139629904657,0.921987477660861,0.0604237720722849,0.0796804101931997,-0.0141942100440641,-0.0212650944897602
-6.81223854294391,-2.24210408846727,0.775497457749961,0.0714072866489017,0.070007138303473,0.0582303636871708,-0.0207149277241762
-6.65947423373451,-2.23418909950447,-0.146495557309276,0.0989288702633963,-0.0145972130356483,0.0538354389460035,0.0225122019984462
-6.48191349537152,-2.32133822654431,-0.270291980910301,0.0963692974797198,-0.0267012828018667,0.0811914408832662,-0.0604478442379706
-6.32778716601183,-2.32535689171572,-0.142649647828094,0.098984278056481,-0.0142166345397658,0.0551420513032142,0.0101979693683525
-6.17951746946481,-2.33425473164101,0.0160403282768009,0.0999871356692664,0.00160396404439417,0.0482825608777519,-0.0105018039696852
-6.06000855909666,-2.44333775357894,0.209380650815762,0.0978159836601708,0.0207854117253711,0.0216929267079825,-0.129868433663302
-5.92013736279332,-2.54353450761132,0.0247563298269851,0.099969357771713,0.0024753801144959,0.039901838531624,-0.102672134146871
-5.94013539953722,-2.47989884222674,0.259092930867437,0.0966622770375294,0.0256203863733533,-0.116660313781427,0.0380152790112241
-5.89082977596531,-2.43732044642097,0.064549963654333,0.0997917374386091,0.00645051462936968,-0.050486113866696,0.0361278811763966
-5.91167563069737,-2.38233828531102,-0.30379522279814,0.0954208046602902,-0.0299143784488786,-0.116266659392356,0.0848965395588374
-5.8092299677301,-2.45720873961305,-0.453968306043189,0.0898713940660457,-0.0438535349615687,0.0125742689012304,-0.0310169193404611
-5.6585041174358,-2.4569159650683,-0.358821382794878,0.0936311370008979,-0.0351170924753044,0.0570947132933975,0.0354098670200517
-5.51080206057952,-2.5880993444295,-0.725753673850019,0.0747999421588414,-0.0663699378712529,0.0729021146974362,-0.0648134414899532
-5.50272997369123,-2.64810593764443,-0.42778392448456,0.0909887334136854,-0.0414855443711818,-0.0829166465253915,-0.0185210488437471
-5.31509763117448,-2.66314123970398,-0.525356632841395,0.0865145137579759,-0.05015215757294,0.101117828758767,0.0351168555133917
-5.27246174730686,-2.64789007590822,-0.0576554929182735,0.0998338382434337,-0.00576235555861599,-0.0571979543758134,0.0210135193543781
-5.23736506421248,-2.57149387146534,-0.451640885209598,0.0899732161932792,-0.0436442478207316,-0.0548765330988981,0.120040452263612
-5.10952911002313,-2.71558877593711,-0.892428610689984,0.0627522967493614,-0.0778598051158625,0.0650836574399898,-0.0662350993559088
-5.12084809544645,-2.80956086397632,-1.56223464569749,0.00085615764991887,-0.0999963349032278,-0.0121751430732347,0.00602424686401877
-5.09602855665038,-2.80966182677251,-1.6616437189655,-0.00907224793755503,-0.0995876213058607,0.0338917867336213,0.0994866585096688
-5.0373780060133,-2.82557047621589,-2.05538748941064,-0.0465846632303744,-0.0884865478573586,0.105235213867457,0.0725778984139808
-5.05255549093685,-2.89086978272378,-1.7923843913506,-0.0219779135396804,-0.0975549656165299,0.00680042861612787,0.0322556591086355
-5.21106684742593,-2.83731801815867,-1.91334402002906,-0.0335887856936805,-0.0941901984052693,-0.124922570795394,0.147741962970387
-5.37400759252035,-2.93470485375242,-2.33038274803532,-0.0688621609421774,-0.0725120872018842,-0.0940785841522493,-0.0248747483918679
-5.50477859875734,-3.05144088855455,-2.31775218166602,-0.067940823804814,-0.0733760482768268,-0.0628301824321693,-0.0433599865253057
-5.50328943787364,-3.19793750563536,-1.9352793922133,-0.035646636593054,-0.0934308155781739,0.0371357974767469,-0.0530658015026336
-5.53208081761616,-3.19561029792143,-1.95606751571067,-0.0375810460396567,-0.0926696551119362,0.00878966629714367,0.0949968628258629
-5.58091128615341,-3.32644093742412,-2.00189082488863,-0.0417865413820694,-0.0908508941030555,-0.00704392715518026,-0.0399797453996334
-5.69081496145396,-3.33894101862411,-1.79768051199458,-0.0224942657643427,-0.0974372003278169,-0.087409409536209,0.0849371191278273
-5.74356137143574,-3.36764633187318,-1.67507044572927,-0.0104085257959452,-0.0994568378280505,-0.0423378841858392,0.070751524578978
-5.81319094231878,-3.5404114001328,-1.91699046113554,-0.0339320206368912,-0.0940670929469897,-0.0356975502461415,-0.0786979753126238
-5.66251349321079,-3.5942040306603,-1.18360041776219,0.0377593394685902,-0.0925971505117504,0.112918109639396,0.0388045199842403
-5.54474825833713,-3.66952731244903,-0.900386435776338,0.0621307216322432,-0.0783567063464048,0.0556345132414112,0.00303342455768235
-5.49994008062508,-3.83334983118744,-1.01038003205015,0.0531538859733241,-0.0847033907581914,-0.00834570826127179,-0.0791191279802255
-5.42677562741728,-4.03422744327265,-0.803220080587379,0.0694393156871964,-0.0719595819671979,0.00372513752060688,-0.128918030118009
-5.38527131315746,-4.19750617061544,-0.92579929625709,0.0601196065614844,-0.0799101552175462,-0.0186152923016638,-0.0833685721252376
-5.4318150626512,-4.32054780334592,-0.732013193452681,0.0743830355592765,-0.0668368462824766,-0.120926785053021,-0.0562047864480054
-5.45109339013666,-4.45184558026759,-1.37267262941894,0.0196830080673565,-0.0980437616241869,-0.0389613355528181,-0.0332540152974885
-5.44341736833609,-4.43831767287942,-1.83709695521916,-0.0263164273006999,-0.0964751038046966,0.0339924491012711,0.110003011192866
-5.60283142786205,-4.61721781080386,-1.95254464912073,-0.0372543506818092,-0.0928014728076919,-0.122159708844146,-0.0860986651167402
-5.61525682147436,-4.78130705273125,-1.79025583767151,-0.0217702129274104,-0.0976015257518816,0.00934481931509412,-0.0664877161755096
-5.58242801902781,-4.80330341838675,-1.77741385841234,-0.0205150555004685,-0.0978730427534196,0.0533438579470252,0.0758766770979159
-5.6007299482109,-4.81742764911079,-1.93047208100454,-0.0351970754156891,-0.0936010997915211,0.0168951462325949,0.0794768690674861
-5.6354503419316,-4.77969961659477,-2.34921200521766,-0.0702152221371965,-0.0712026866081902,0.0354948284164932,0.108930719124201
-5.70700919091653,-4.79943285383496,-2.82291114082812,-0.0949649344878662,-0.0313314732771263,0.023406085502938,0.0115982360369405
-5.90148558696785,-4.73729183868008,-2.89388029639044,-0.0969475857795009,-0.0245186788291358,-0.0975288102718181,0.0866596939840124
-6.02589941367413,-4.59442553962478,-3.37609346299378,-0.0972630453185501,0.0232357486507681,-0.0271507813877302,0.119630550404538
-6.15351858003772,-4.67253213896251,-3.29526876481942,-0.098821504695973,0.0153071947013093,-0.0287976616676158,-0.0934137940390372
-6.17376337718418,-4.70503963811962,-3.15777939695256,-0.0999868997530028,0.00161860365221417,0.0797421026065468,-0.0341261028093254
-6.23941655909209,-4.69264000972624,-3.40864774487489,-0.0964552215820535,0.0263892066867681,0.0308020396741393,-0.0139895782933961
-6.2887865534639,-4.69520663311257,-3.09542581932362,-0.0998934500975396,-0.00461504361955216,0.0505234557257249,0.00204842023322277
-6.42412760669271,-4.75181787634742,-3.6522748785221,-0.0872411257881274,0.0488772541292996,-0.0480999274406821,-0.105488497364147
-6.46591314562048,-4.64915313613646,-3.61808422195578,-0.0888609581077293,0.0458664378841041,0.0470754191799597,0.0567983023268511
-6.48976135065948,-4.59996481637547,-3.37515003870327,-0.0972849232005296,0.0231439780043763,0.0734367181615321,0.0260443417566201
-6.58109927500296,-4.65254936365234,-3.30966127780908,-0.0985909683178239,0.0167278500158823,0.00725304397434895,-0.0693123972927572
-6.75006938540479,-4.87026094329279,-2.95297671644059,-0.0982264687036171,-0.0187499558937435,-0.0707436416982174,-0.198961623746706
-6.7629557404575,-4.91718670678242,-3.24121554321895,-0.0995041742743027,0.0099458183167197,0.0866178192215896,-0.0568715818063504
-6.82099277306383,-4.79162955921654,-3.37372750474391,-0.0973177478510836,0.0230055635269584,0.0392807152447563,0.10255158403893
-6.87485141210097,-4.85097371652216,-3.76475070204149,-0.0812039464012034,0.0583602526457047,0.0273453073640653,-0.117704409951329
-7.04124483270303,-4.75615100006998,-3.25103183249332,-0.0994017507630832,0.0109220852053939,-0.0669916698389753,0.083900631246781
-7.05882187226268,-4.61025320580452,-3.40321118861774,-0.0965972618633741,0.0258644350508326,0.079020222303723,0.12003335921463
-7.00975748399895,-4.65637021108508,-3.01663374018224,-0.0992202788851819,-0.0124633967258824,0.148284667148909,-0.0336536085546729
-7.23605270864414,-4.63977064118932,-2.96771525809436,-0.0984921372947173,-0.0173002569668358,-0.127803087350477,0.03389982686259
-7.34821306295303,-4.63022714132557,-2.82148381072651,-0.0949201174134672,-0.0314669876253447,-0.0172402368954136,0.0410104874890958
-7.51298540136348,-4.59275919677132,-3.18785826094031,-0.0998929937681613,0.00462491038119619,-0.0648793446422974,0.0328430341730578
-7.66187305202406,-4.62139630789597,-3.09355815840271,-0.0998846565439502,-0.00480160255509553,-0.0490029941166308,-0.0238355085695581
-7.74237071385138,-4.57027925952654,-3.18285335336467,-0.0999148898083531,0.00412489934236752,0.0194172279810343,0.0469921490270621
-7.77119742236863,-4.55653613072313,-3.00732574704425,-0.0990999732203679,-0.0133863851626335,0.0702732647031219,0.027129513966045
-7.88628593781947,-4.47054148338874,-2.85817594681749,-0.0960105604311931,-0.0279637673729457,-0.0190779550196457,0.113958414707333
-7.95822658076526,-4.3898229030736,-2.97399047301297,-0.0985987601916307,-0.0166818610674381,0.0266581172458423,0.0974004413825825
-8.07011137092479,-4.37758435761325,-3.5261532185832,-0.0926963377015771,0.0375151832824414,-0.0191884524579579,-0.0252766378220926
-8.13856111764673,-4.32735778383834,-3.96554967177334,-0.0679322716394282,0.0733839660273751,-0.000517475082505658,-0.0231573922524617
-8.2860954374114,-4.2425802942409,-4.43004770591405,-0.0278604983640491,0.0960405780433813,-0.119673821400628,-0.0112630884459448
-8.27960388644862,-4.21709866956788,-4.4392680377792,-0.0269738006439554,0.0962933750515587,0.0334653516067408,-0.0708117503785405
-8.2390864419875,-4.05494434082558,-3.90681995955935,-0.0721224921007855,0.0692700955187167,0.112639936561901,0.0928842332235833
-8.37166568484358,-3.97212840528016,-4.17905377683908,-0.0508408161402311,0.0861116218300133,-0.081738426715845,-0.00329568628459587
-8.45331464972008,-3.9664246721851,-4.02345445769494,-0.0635715075936042,0.0771923793018218,-0.0180774572829053,-0.0714886462067526
-8.56575592540982,-3.77267386747308,-3.94511292667022,-0.0694177108324307,0.0719804238858388,-0.0430235648573041,0.121770380826178
-8.6206631185448,-3.62052776027238,-3.83754476384589,-0.0767443636213687,0.0641116420968232,0.0218371704863891,0.0880344651038794
-8.73954299097877,-3.67913088894852,-3.54577447329553,-0.0919424467882827,0.03932666371031,-0.0269374256456889,-0.0979297923864521
-8.69034639604968,-3.67134124237905,-3.12507356139324,-0.0999863562899128,-0.00165183409173658,0.149182951219001,0.00944148066120543
-8.78018526020558,-3.73933553880288,-3.68921223117998,-0.0853766321901576,0.0520656381490378,-0.00446223196573886,-0.120059934572869
-8.84664295689049,-3.57878411028474,-3.65988595119719,-0.086866594188016,0.0495398305828203,0.0204088975031091,0.11101159793532
-8.88315972057868,-3.47786148773933,-3.20481229265579,-0.0998002304104221,0.00631775355855759,0.0632834667222269,0.0946048689868518
-9.00777731969267,-3.27903269432919,-3.22782741990176,-0.0996284086158651,0.00861279261739299,-0.0249891904981254,0.190216000792747
-8.95793945074926,-3.2810733869705,-3.4049004036079,-0.0965534334751881,0.0260275716145864,0.146391302418598,-0.0280682642558981
-9.08564478793133,-3.18833000684514,-3.57601944604058,-0.0907111448925755,0.0420890507409965,-0.0369941922894938,0.050654329384365
-9.20086593985251,-3.09967327237219,-3.39558037887488,-0.0967918141511787,0.0251265738476955,-0.0184293377699968,0.0635301606252553
-9.17648500301319,-3.04940404434455,-3.0328149679331,-0.099408953900385,-0.0108563292337294,0.123789890739696,0.0611255572613734
-9.14073643667979,-3.05543689522373,-3.29707804930936,-0.0987936478945596,0.0154859657653561,0.134542214227968,-0.0215188166445344
-9.25651996009162,-2.96902535692459,-3.3660576264881,-0.0974913335494196,0.0222584788958234,-0.0182921898624101,0.06415305940331
-9.4000541919843,-2.89839050975491,-3.16268400704711,-0.0999777585649849,0.00210897897609084,-0.0435564733277008,0.068525868193587
-9.4912479282363,-2.88897233585245,-3.01745292486584,-0.0992304554161892,-0.0123821128203425,0.00803671916418916,0.0218002867228118
-9.56103992531938,-2.93168320823763,-2.6596711156916,-0.0886105959610256,-0.0463482716337069,0.0188185988779483,0.00363739924851947
-9.49620058532643,-2.87832427434242,-2.74742082811439,-0.0923314936136302,-0.0384043654689953,0.157170833606579,0.091763299364209
-9.48667009647518,-2.99521849227256,-2.63267455198231,-0.0873272154945905,-0.0487232740480497,0.0968577043458422,-0.0681709438820881
-9.71423539657029,-3.11247647616113,-2.55920934947115,-0.0835154167835257,-0.0550015923358042,-0.144049883311588,-0.0622563915527672
-9.94761205694541,-3.06462167047292,-2.5396531666495,-0.0824238946598463,-0.0566242138056023,-0.150952765715272,0.104479019493813
-9.978074839628,-2.9565297419122,-2.47116221755382,-0.0783554298531097,-0.0621323314590271,0.0478926471705228,0.170224260019747
-10.0731860071126,-3.09691488255831,-2.54813970604979,-0.0829014643907956,-0.0559226895084782,-0.0122097030938467,-0.084462451137634
-10.0889997014065,-2.9909677829346,-2.58805552432628,-0.0850670380539156,-0.0525699442336939,0.0692533437601056,0.158517043857403
-10.1603962801586,-3.01351734411736,-2.39093515066974,-0.0731240531272744,-0.0682119700216871,0.00172747437516427,0.0456624088389248
-10.323613230427,-3.15744919585771,-2.35102951003183,-0.0703445173198675,-0.071074952571457,-0.092872432948558,-0.0728568991688936
-10.320645662746,-3.09162007335648,-2.64370914244521,-0.0878595294366457,-0.0477567072480001,0.0908270971176801,0.113585829749234
-10.6235628583824,-3.27154445663702,-2.76276532290659,-0.0929098964002213,-0.0369831198102613,-0.210007299236208,-0.142941263470274
-10.6301265269634,-3.36341041674912,-2.91871779786634,-0.0975266038720244,-0.0221034281773038,0.0909629352910417,-0.0697625319348028
-10.8050846675471,-3.41103510370828,-2.95701790730323,-0.0983014385696881,-0.0183528519617479,-0.0766567020140853,-0.0292718349974055
-10.832591103937,-3.48904902166318,-3.21246782763304,-0.0997489406069695,0.00708158511826743,0.0722425042171036,-0.0850955030731766
-11.0191629845484,-3.40434862832163,-3.48264796553174,-0.0942402207717837,0.033448180651352,-0.0923316598395625,0.0512522126902073
-10.9617935799253,-3.14737162197587,-3.7092097068281,-0.0843184498049342,0.0537624313298123,0.141687854428003,0.203214575015947
-11.0773079848243,-3.1411433934874,-3.71943416012512,-0.0837643606504374,0.0546217162383557,-0.0317500442485597,-0.0483934877498939
-11.4115579159024,-3.27946164573336,-3.30004586640768,-0.0987472533641855,0.0157790986127012,-0.235502677713893,-0.154097350858655
-11.3830315492201,-3.25373093859504,-3.40304617338567,-0.0966015285739342,0.0258484946791757,0.125127895256162,-0.000117787540853564
-11.4006167421041,-3.32786084433859,-2.84478874984095,-0.0956276119150333,-0.0292465355115403,0.0780424190310392,-0.0448833702320148
-11.419300760855,-3.45101566223244,-2.87117920552499,-0.0963660534399551,-0.0267129883092049,0.0776820346890784,-0.0964418295846394
-11.4128445491077,-3.56410623655496,-3.35464813461413,-0.0977389405019621,0.0211447277011057,0.10419515224924,-0.13423530202363
-11.5386581712867,-3.51358668694523,-3.42842396530471,-0.0959145156801465,0.0282914418480737,-0.0298991064988645,0.0222281077616584
-11.6496594567452,-3.33053492159213,-3.92103161239879,-0.0711307994828397,0.070288045675862,-0.0398704859756191,0.112763719677236
-11.5912848637733,-3.18015810318822,-3.99956918409391,-0.0653969602747379,0.07565208250157,0.123771553246634,0.0747247359023369
-11.6229817111966,-3.22497953452888,-3.66757091932971,-0.0864833208131131,0.0502059281473429,0.0547864733898367,-0.0950273594880002
-11.7656977873201,-3.15733306166287,-3.33106522059747,-0.098210370893506,0.0188340927299405,-0.0445057052300175,0.048812380136066
-11.8186280876553,-3.15443008097696,-2.72822186579929,-0.0915771987650173,-0.04016984772628,0.0386468984298531,0.0430728284121971
-11.9449650968162,-3.08998871983946,-2.30720947400293,-0.0671634801770849,-0.0740882374638669,-0.0591735289838567,0.13852959860136
-11.9498111810347,-3.08477693452738,-2.95497815266671,-0.0982637987844032,-0.0185533244583907,0.0934177145658998,0.0237651097704723
-12.0027365276568,-3.15421374283608,-3.04196296869725,-0.0995041066875503,-0.00994649447356245,0.0465787600654188,-0.059490313835139
-12.0460003028338,-3.05405313649875,-3.72089174649399,-0.0836846558284893,0.0547437519619115,0.0404208806515716,0.0454168543754236
-12.116815012954,-3.03685137410437,-3.69795353108166,-0.0849182548212046,0.0528099422279646,0.014103544700995,-0.0356081798335843
-12.1547200898325,-2.90784245955972,-3.53254915692403,-0.0924544985327078,0.0381072919670965,0.0545494216541431,0.0909016225775519
-12.2801260845709,-3.03172673920264,-2.67894745391792,-0.0894875032633871,-0.044631678880424,-0.0359184914749978,-0.0792526007625005
-12.437775682532,-3.05700403061683,-3.27223275186031,-0.0991478711995727,0.0130268813072408,-0.0585017267614988,-0.0383041727214239
-12.4811028553525,-3.16838742584597,-3.48523397040392,-0.0941534085982114,0.0336917742088221,0.0508262357776531,-0.145075169437964
-12.5928671138801,-3.26810024282711,-3.07300271529945,-0.0997648632249286,-0.00685361698020039,-0.0119993953025806,-0.0928592000009412
-12.6168893523959,-3.2540018617394,-2.65267294254178,-0.0882840755606888,-0.0469672439301541,0.0642618370448059,0.0610656250178672
-12.618931242667,-3.36602132642285,-2.43511004472785,-0.0760649934355462,-0.0649162288927069,0.0740231031644736,-0.0471032357907497
-12.7581386616732,-3.46538659181285,-2.70091881345533,-0.0904464442729269,-0.042654902630112,-0.0487609747332877,-0.0567103627598886
-12.7832769456083,-3.49237822923669,-2.65493651640324,-0.0883901631222023,-0.0467672862504387,0.0632518791870915,0.019775648826603
-12.9611185271131,-3.51895882765688,-2.6402919266222,-0.0876958217952442,-0.0480566628019131,-0.0901457597094872,0.0214760643817242
-13.0572293610277,-3.54912545706806,-2.59555867870119,-0.0854590802478669,-0.0519301993370778,-0.0106517536667947,0.0217635699258969
-13.0866363919695,-3.65947031593763,-2.46388745751833,-0.0779013626789521,-0.0627006993004254,0.0484943317371444,-0.0476441595691479
-13.2143850859057,-3.6669484764058,-2.66829829781237,-0.0890071484350378,-0.0455820965672176,-0.0387415455010767,0.0381039360990467
-13.2654172475208,-3.81327886622583,-2.20020188823505,-0.0588664331172927,-0.0808377575891817,0.00783427150211996,-0.0654926322308491
-13.3579108428539,-3.80029995963524,-2.64722946729488,-0.0880271038054041,-0.0474471178854166,-0.00446649152768686,0.0604260244760082
-13.4089529321549,-3.79143264443441,-3.01321303456887,-0.0991770648582524,-0.0128027265104742,0.0481349755572915,0.0216700417113029
-13.6877641329783,-3.72296730668774,-2.73716739081934,-0.0919328702603761,-0.0393490452957738,-0.186878330563076,0.107814383042445
-13.8246291076158,-3.76280772821527,-3.07040310589841,-0.0997467094141247,-0.00711294320616764,-0.0371182652233611,-0.0327274783213563
-13.7585544164713,-3.81322142882033,-2.76982356866155,-0.0931686158595103,-0.0363264231493139,0.159243307003996,-0.0140872774557526
-13.7879865017949,-3.82150995512211,-3.25535993679364,-0.0993535479671835,0.0113522027083984,0.0699214626436229,-0.0196407290101754
-13.9454568201165,-3.89245046030852,-3.14270008445935,-0.0999999386798497,0.000110743064319578,-0.0574703796417134,-0.0710512482507251
-14.0054009086531,-4.00971477221775,-2.90954947791073,-0.0973198564880976,-0.0229966417795314,0.0373757679514727,-0.0942676701296998
-14.0866115920702,-3.96863885001957,-3.40337223406073,-0.0965930952613361,0.0258799912641879,0.0153824118441915,0.0151959309339856
-14.1807012022447,-3.79139094838542,-4.05519860774919,-0.0610894851129873,0.0791711741016268,-0.0330001250615312,0.0980767275325284
-14.155290377349,-3.66709404556702,-4.10096151154427,-0.0574036898052171,0.0818829432589377,0.0828145147009677,0.0424139595594581
-14.1286209683669,-3.83760059010703,-3.87407866027302,-0.0743514259009923,0.0668720080937402,0.10102083488312,-0.237378552633743
-14.1893381956884,-3.71882638778612,-3.99787606339664,-0.0655249545848885,0.0755412491732054,0.00480772726336165,0.043232953147702
-14.2913014817061,-3.70530244943906,-3.75186540638379,-0.0819491736158602,0.0573091000075695,-0.0200141124018338,-0.0437851616605094
-14.4376421548808,-3.82046661496903,-3.44504910987288,-0.0954309331744567,0.02988205135951,-0.0509097400002699,-0.145046216889484
-14.4515415897697,-3.8729735677852,-3.32640302258851,-0.0982971114922204,0.0183760135036407,0.0843976766033024,-0.0708829663198077
-14.5380870039151,-3.76156201859755,-3.19492222578998,-0.0998578315356779,0.0053304297192784,0.0133124173903356,0.106081119468374
-14.5862006852717,-3.86519174174023,-3.15605000378304,-0.0999895494332985,0.00144568465647323,0.0518758680766875,-0.105075407799153
-14.5828035870032,-3.99996487959694,-2.80698111036095,-0.0944537950984491,-0.0328402282498188,0.0978508933669783,-0.101932909606894
-14.8055012417216,-4.01405389212092,-2.70302946656411,-0.0905362724460305,-0.0424639066923679,-0.132161382272367,0.0283748941683855
-14.9373146156393,-4.05046385333551,-3.05866660131728,-0.0996563604868037,-0.0082831041599283,-0.0321570134309412,-0.0281268570546566
-15.1468998740976,-3.97896081662131,-3.26742497765361,-0.0992093553781495,0.0125500520099338,-0.110375903080182,0.0589529847042662
-15.2670832589713,-4.04561600377011,-3.11978268529996,-0.0999762172069217,-0.00218082392558717,-0.0202071676667482,-0.0644743632232133
-15.4542668952259,-4.15145175802961,-2.94054544206288,-0.0979857991670086,-0.0199695558689385,-0.0891978370876346,-0.0858661983905669
-15.504825964692,-3.9876383230108,-3.30682812339161,-0.0986379651536389,0.016448459816941,0.0480788956875722,0.147364975201868
-15.6186824263283,-4.04034006364323,-3.04669977302274,-0.0995501048089924,-0.00947505316706061,-0.0143063568272451,-0.0432266874653642
-15.7300336237624,-4.11552013925359,-2.71496211378174,-0.0910365216732738,-0.0413805717895676,-0.0203146757608946,-0.0337995038207956
-15.9038608986467,-3.9551009897528,-3.22732838699278,-0.0996326942772185,0.00856307369244883,-0.0741945806071004,0.151856075808344
-16.0932756309513,-3.87532279333815,-2.86326152708949,-0.0961515302379002,-0.0274751384511557,-0.0932632020666649,0.107253334865806
-16.035187003711,-3.91011988524451,-2.61239521441311,-0.0863212513857065,-0.0504840723318322,0.14440987862596,0.01568698042547
-16.1462773290568,-3.94012312863529,-2.91392782419233,-0.0974196106221735,-0.0225703226876379,-0.0136707147236186,-0.0074329207031375
-16.1308610859748,-3.92811658615384,-3.1204624125542,-0.0999776764763045,-0.00211286686740709,0.115393919558372,0.014119409348854
-16.187697846147,-3.90951085885856,-3.63905410157132,-0.0878796779574355,0.0477196207245764,0.0310429177851683,-0.0291138934292993
-16.4150296081656,-3.82299251516125,-3.63401277615659,-0.0881191303481933,0.0472759861523598,-0.139212631670317,0.039242357544949
-16.3532021688045,-3.6778978045397,-4.13507896464729,-0.0545771885387328,0.0837933797576372,0.116404627899761,0.0613013308639121
-16.4995674500572,-3.68692544613419,-3.65803873986251,-0.0869579564699376,0.0493792851970585,-0.059407324782737,-0.0584069267915445
-16.6167394532146,-3.52757847604532,-3.48029741245243,-0.0943185820802207,0.0332265718119801,-0.0228534210772249,0.126120398276888
-16.5655455397144,-3.56464736113994,-3.43865923110354,-0.0956199263184952,0.0292716533671324,0.146813839818743,-0.0663405384617548
-16.5812941727563,-3.69036179263955,-2.69972313727859,-0.0903953781811949,-0.0427630167724255,0.0746467451393148,-0.0829514147271827
-16.5734569253113,-3.82689786776736,-2.46025321047772,-0.0776729788993276,-0.0629833974068136,0.0855102263442938,-0.0735526777209912
-16.5662559864755,-4.02067048931362,-2.38115816774376,-0.0724536615716869,-0.0689236311061414,0.0796546004074816,-0.124848990440116
-16.7141551041108,-4.0986908537449,-2.74299380896512,-0.0921605725297847,-0.0388127410908105,-0.0557385451054855,-0.0392076233404702
-16.9053189212023,-4.11658322277045,-2.82346003542641,-0.094982117857673,-0.0312793428203204,-0.0961816992338776,0.0133869737947699
-17.0299165487815,-4.29595648882807,-3.27325307644866,-0.0991345279450225,0.0131280375196584,-0.0254630996341219,-0.192501303577282
-17.2066116244339,-4.32074941484608,-3.31113011484339,-0.098566291486939,0.0168726459843077,-0.0781287841654932,-0.0416655720023183
-17.2735728845104,-4.23614859444482,-4.0796756781699,-0.0591335009436929,0.080642600814596,-0.00782775913277556,0.00395821958666082
-17.3132314514498,-4.1132837990537,-4.03018321639541,-0.0630506634867199,0.0776183859268177,0.0233920965472998,0.0452464094643011
-17.3514490733523,-3.84670822946332,-4.41498374545829,-0.0293040340847926,0.0956100077730219,-0.00891358781768792,0.170965561817357
-17.4131739286338,-3.71258391446706,-3.9147204612767,-0.0715729784288597,0.0698377316271225,0.00984812314729044,0.0642865833691463
-17.291975545814,-3.73231337577795,-4.08396640674745,-0.0587869421600794,0.0808955835102726,0.179985324979947,-0.10062504482117
-17.345777596043,-3.5955126254272,-3.87770965809996,-0.074108124189006,0.0671415365417478,0.0203060739600344,0.0696592138090059
-17.510444704087,-3.54142404343709,-3.95601958146027,-0.0686285320068817,0.0727332427063472,-0.0960385760371704,-0.0186446607162367
-17.6394081002555,-3.57785417152029,-3.80497357041985,-0.0787914823325057,0.0615784240773214,-0.0501719138359616,-0.0980085521605267
-17.5265402581875,-3.49261340921369,-4.04170283683677,-0.062152365499521,0.0783395395877073,0.175020207567498,0.00690122271889632
-17.5976599692212,-3.54580667687443,-4.01212986933322,-0.0644415844672912,0.0764675237688849,-0.00667812656638178,-0.129660791429628
-17.7568945022443,-3.54138608163958,-4.11768466808548,-0.0560263856673798,0.0828314198179049,-0.103208147355755,-0.0784108245830533
-17.6062601801751,-3.56415046250508,-3.93778648063104,-0.0699432037537221,0.0714699114919371,0.22057752582297,-0.0942342923574372
-17.7740633574267,-3.68779703532421,-3.79132056206017,-0.0796248435173314,0.0604969775678131,-0.0881783337342708,-0.184143550386943
-17.9500367536524,-3.63288271338486,-3.52992559714524,-0.0925541569914789,0.0378646011942115,-0.0834192392343039,0.0170497207451407
-18.1292669214396,-3.487780026934,-3.49382457600049,-0.093860505245063,0.0344993558656028,-0.085369662542053,0.110603330585256
-18.1920092330573,-3.57624462121123,-3.24184276814501,-0.0994979164365303,0.0100082278545821,0.036755604818815,-0.0984728221318126
-18.2254687362604,-3.61164140400213,-3.11575808991868,-0.0999666306220203,-0.00258316899961132,0.0665071274188747,-0.032813613791289
-18.2965455212796,-3.71294086859977,-2.97386519108923,-0.0985966694822087,-0.016694213578845,0.0275198844630541,-0.0846052510187915
-18.4546599706741,-3.69819319861706,-2.64365062096815,-0.0878567344931508,-0.0477618488356555,-0.0702577149013934,0.0625095188183671
-18.5724271584378,-3.76120510639512,-2.72025186658611,-0.0912541399825698,-0.0408984343959712,-0.02651304778116,-0.0221134733820958
-18.6759652774603,-3.92623321662018,-2.16372235192843,-0.0558789991079935,-0.0829309197988836,-0.0476591199144302,-0.0820971904261691
-18.7294235783179,-4.00889233640546,-2.24997100482544,-0.0628151062090515,-0.0778091410564695,0.00935680535142991,-0.004849978728816
-18.8978796877381,-4.06672624213778,-2.68933565694089,-0.0899463093980233,-0.0436996730614207,-0.0785098000222247,-0.0141342326708969
-18.9739792861181,-4.10683581217818,-3.25966146443521,-0.0993037971291418,0.0117794683977782,0.0232041987491666,-0.0518890384381813
-19.1182720045654,-4.17548008880281,-3.05978805925343,-0.0996655869704564,-0.00817133855830189,-0.0446271314768359,-0.060472938066327
-19.1702220629838,-4.26523900490722,-2.59090466844399,-0.0852164719278506,-0.0523273629391912,0.0332664135094941,-0.0374315531652202
-19.2160447264555,-4.23082842999997,-2.48092322382458,-0.0789581615845702,-0.0613645558868057,0.0331354981128053,0.0957751307940576
-19.2268035700055,-4.29699395372418,-2.77764787377626,-0.0934499901127331,-0.0355963389680748,0.082691146562814,-0.0305691847561377
-19.3500061349331,-4.47224793933079,-2.71064171017105,-0.0908568918202768,-0.0417734988809714,-0.0323456731073868,-0.133480486725633
-19.3924289629676,-4.52067181922632,-2.77595458191338,-0.0933895811787956,-0.0357545259687378,0.0509667531443327,-0.0126693539267915
-19.5350073572563,-4.51333301702493,-2.51505943737129,-0.0810065086042021,-0.0586339966551602,-0.0615718856844863,0.0659727988565471
-19.6360771621062,-4.58997101319914,-2.66753009467938,-0.0889721058659282,-0.0456504586809604,-0.0120976989839632,-0.0309875374932457
-19.7844699396188,-4.49082373742139,-3.20923193071561,-0.0997713336098709,0.00675877131643364,-0.0486214439028115,0.0923885044613159
-19.8175419929417,-4.44606827641816,-3.0055625962627,-0.0990762169810979,-0.0135610924602114,0.0660041636581928,0.0583165534634395
-19.8803030311522,-4.31115705039928,-2.58896082468888,-0.0851145947778507,-0.0524929114814779,0.0223535565673709,0.187404137500359
-20.0694060612446,-4.46527054459028,-2.38103920799907,-0.0724454619214854,-0.0689322496875201,-0.11665756817093,-0.0851812445034848
-20.1355837130481,-4.65099927669138,-1.87027872292478,-0.0295025681232417,-0.0955489323547547,-0.0366750836802578,-0.0901797997463378
-20.2891328390374,-4.75591907656102,-2.12788657614411,-0.0528718651607117,-0.0848797141514244,-0.100677260828542,-0.020040085718219
-20.4309721716106,-4.85587889820349,-2.68771036949606,-0.0898751661000949,-0.0438458038868072,-0.0519641664731486,-0.056114017755667
-20.5771859696057,-5.02975219022304,-2.7549011171542,-0.0926161835090822,-0.03771263120245,-0.0535976144859486,-0.136160660817094
-20.5448476044293,-5.06192091616808,-2.42049424498214,-0.0751081001959776,-0.0660210063915341,0.107446465372305,0.0338522804464887
-20.613967385128,-4.97808741958736,-2.7615122149369,-0.0928634796229246,-0.0370995168745184,0.023743698924273,0.120933013455242
-20.6766337713117,-5.09178840385812,-2.31552521530388,-0.0677772494764965,-0.0735271681312476,0.00511086329279947,-0.0401738161395159
-20.6405607472759,-5.38525410839925,-2.04210458493443,-0.0454052298950034,-0.0890975033218209,0.081478253930736,-0.204368201219302
-20.8700026196839,-5.50688822558998,-2.39637568324146,-0.0734940785300074,-0.0678131286774553,-0.155947793877951,-0.0538209885132785
-20.9292261258982,-5.62838879672792,-2.60132391775454,-0.0857570483628929,-0.0514366470144045,0.0265335421485964,-0.070063924123539
-21.0176706331438,-5.57153804417283,-2.69225110713928,-0.0900733311732422,-0.0434372537271342,0.00162882392762165,0.100288006282231
-21.2466444450513,-5.70125611123021,-2.34067520399636,-0.0696048278171758,-0.0717994982192864,-0.159368984090308,-0.0579185688380956
-21.2745791155883,-5.78515812633769,-2.2717687412526,-0.0644961126138417,-0.0764215379176751,0.0365614420768759,-0.00748047718981038
-21.3229817900355,-5.96361873767302,-2.02016018009013,-0.0434392629681392,-0.0900723622027581,-0.00496341147911966,-0.0883882491325678
-21.2328683749023,-6.00801793208712,-1.01427547698581,0.0528235261221712,-0.0849098056058327,0.0372898890110944,0.040510611191733
-20.9854322353498,-6.0813036537846,-0.777032690659534,0.071299725277161,-0.0701166825755566,0.176136414275347,-0.00316903912192512
-20.8934301520468,-6.30141071672862,-1.21483056033506,0.0348495750525499,-0.0937310360481345,0.0571525082504305,-0.126376026895888
-20.7774034339131,-6.25075864697646,-0.748374007973232,0.0732796240336754,-0.0680448139205567,0.0427470940999677,0.118696883672718
-20.6436971601236,-6.39716481475154,-0.692920118716494,0.0769383965258164,-0.0638786595040648,0.0567678772637585,-0.0825275082710117
-20.5570503855366,-6.42848216436554,-0.392300025998813,0.0924032170950375,-0.0382314722511098,-0.00575644250809726,0.00691412263711333
-20.5427214305432,-6.50836352531031,-0.304594912871204,0.0953968519203508,-0.0299906759458111,-0.0810678969269819,-0.0498906849989645
-20.5823583481239,-6.67200755825513,-0.33702999659699,0.0943740963891954,-0.0330685640861962,-0.134011013969862,-0.130575468858618
-20.6212937449022,-6.60920127139858,-0.323194846258457,0.0948225583553824,-0.0317597611285113,-0.133757955133677,0.0945660479850543
-20.6117440550088,-6.46563384281442,0.168342048904842,0.0985863908253676,0.0167548065947618,-0.0890367009319589,0.126812621989398
-20.4239133150388,-6.49039257211434,0.488873772002703,0.0882862330978776,0.0469631881944488,0.0995445068720966,-0.0717219174943675
-20.4584354619026,-6.45545564900108,0.404770113217066,0.0919192952583884,0.0393807460467831,-0.126441442122122,-0.0044438229335233
-20.4286754513293,-6.51551244261601,0.502674846987741,0.0876297033997002,0.0481771219779738,-0.0578696928264165,-0.108233915592904
-20.3126839282956,-6.4134776609937,0.642378775956382,0.0800672895708423,0.0599101756029715,0.035924233462842,0.04212460601934
-20.2359811775498,-6.37682267534385,0.512664663244414,0.087144058278973,0.0490501081208895,-0.0104413075331354,-0.0123951224710379
-20.3058044176704,-6.33522495757255,0.381733986921206,0.0928020068543474,0.037253020331319,-0.162625246975002,0.0043446974399759
-20.1976576538105,-6.3284831304639,-0.0946277244386886,0.0995526136778038,-0.00944865651391522,0.00859415018205313,0.0161904836225719
-20.1007863802312,-6.35242659882364,-0.309307434943029,0.0952544614429097,-0.0304399010382956,0.00161681213643295,0.00649643267855005
-19.9726410347623,-6.47876400689721,-0.0174706234003059,0.0999847392540666,-0.00174697346754472,0.028160606214801,-0.124590434606022
-19.8295054336617,-6.53080031719993,-0.449618407725324,0.0900613016277966,-0.0434621898793312,0.0530742994728667,-0.00857412042338679
-19.8722518332324,-6.56097241462614,-0.891840363663459,0.0627980866883337,-0.0778228777949295,-0.105544486259017,0.047650780368715
-19.9154308566134,-6.62510582006168,-0.889752362597879,0.0629604439301429,-0.0776915857742609,-0.106139467311146,0.0135581803387237
-19.7953121325536,-6.76210461034378,-1.348955568643,0.0220025643528169,-0.0975494088239398,0.0981161597069387,-0.0394493814581561
-19.8421699423561,-6.89588959968802,-1.27545005266146,0.0291071148519035,-0.0956701409270317,-0.0759649246544072,-0.0381148484172126
-19.771220617033,-6.87073695296613,-0.90666710040863,0.0616373672500481,-0.0787453805532915,0.00931195807308152,0.103898027275177
-19.5745807600364,-6.9511490658948,-0.668181238203743,0.0784949794448092,-0.0619559375843751,0.11814487755176,-0.0184561753442907
-19.5256866711873,-7.05612412041601,-1.35396467937071,0.0215136545713136,-0.0976583978313499,0.027380434277831,-0.0073166566898577
-19.2982349222715,-7.1885904488719,-1.01239420401414,0.0529831710740962,-0.0848102799366507,0.174468577841661,-0.047656048519246
-19.2769210559575,-7.18497911551214,-1.41104838569832,0.0159069362129369,-0.098726740958656,0.00540693010105073,0.102338074318425
-19.0894002823849,-7.25863124787819,-1.10687395609072,0.0447459332954435,-0.0894304280070252,0.142774840277182,0.0157782956409753
-19.1198537796994,-7.41447215776143,-0.430887342858452,0.0908595484544498,-0.0417677202472614,-0.121313045768967,-0.114073189635982
-19.0770418460736,-7.59162587921216,-1.05044157857311,0.049718796388284,-0.0867642857730089,-0.00690686276251515,-0.0903894356777242
-19.1164480097745,-7.77702301352392,-1.22223902708014,0.0341542217793841,-0.0939866433842844,-0.0735603854802491,-0.0914104909274687
-18.9579001431471,-7.91375684329043,-1.10603689281124,0.0448207765378781,-0.0893929415029039,0.113727090089525,-0.0473408882636099
-18.8763142189154,-7.92882245987255,-1.27584193471981,0.0290696212061017,-0.0956815401367148,0.0525163030256222,0.0806159235545971
-18.7878645890321,-8.08843639471669,-1.33424147282554,0.0234354821229871,-0.0972151129077324,0.0650141477603328,-0.0623988219364087
-18.6060342854167,-8.11950616065305,-0.816309895491827,0.068491456083305,-0.072862338993397,0.113338847532057,0.0417925730570388
-18.6587679497492,-8.13954075097264,-0.502872482901331,0.0876201801588399,-0.048194439813452,-0.14035384449129,0.0281598494938653
-18.4237112151869,-8.16437810696496,-0.192586628991717,0.0981512442647659,-0.0191398340974593,0.13690549029751,-0.00569752189486428
-18.3723977939546,-8.11138719030638,-0.0766772493368784,0.0997061739741116,-0.00766021353776748,-0.0483927527418658,0.060651130196347
-18.4776358774496,-7.88900418601509,-0.00918975512313658,0.0999957774497557,-0.000918962577542999,-0.205233860944706,0.22330196686883
-18.447445862638,-7.77707936401157,0.381429352869474,0.0928133510865931,0.0372247479518237,-0.062623336275005,0.0747000740517038
-18.4028755383796,-7.6989673370774,0.290577271385038,0.0958078643821155,0.0286505344197653,-0.0512375401237544,0.0494614925143999
-18.25873138345,-7.68429678903649,-0.287938189509384,0.095883141761593,-0.0283975901429376,0.0482610131680629,0.043068138183851
-18.1871917720786,-7.82551393708541,-0.364000339963003,0.0934480122305837,-0.0356015310085491,-0.0219084008591739,-0.105615617040375
-18.1166498078455,-7.61679882114474,-0.105968589603509,0.0994390581130841,-0.0105770374672064,-0.0288970938799899,0.219292153407878
-17.9895771353765,-7.58282930170036,-0.0242119612700522,0.0999706904784315,-0.00242095957538249,0.0271019819905072,0.0363904790197686
-17.8687103807579,-7.36657659532915,0.425832912136056,0.0910694989997496,0.041307945385054,0.0297972556188679,0.174944760986149
-17.7225879207733,-7.37612920947719,0.371148257146238,0.0931911503559178,0.0362685744872986,0.0529313096286735,-0.0458211886353328
-17.6936045773121,-7.23416269520217,0.986731528404148,0.0551419452082169,0.0834228138979621,-0.0261586017469903,0.0585437003770602
-17.6146723369814,-7.16164132882645,1.20495711387264,0.0357733097420429,0.0933823875797779,0.0431589305886878,-0.0208610212040621
-17.4734496164893,-7.11930096829063,0.977563775799883,0.0559044169540873,0.0829137875447959,0.0853183035380066,-0.0405734270089779
-17.4171838805539,-7.17829748438979,0.881313346592607,0.0636138347704868,0.0771575014226952,-0.0073480988351608,-0.136154017521857
-17.3602744473005,-7.10393957174596,0.386946727630479,0.0926065565620672,0.0377362648087571,-0.0356971233086573,0.0366216478350755
-17.156094506542,-6.98968685209015,0.87074669111979,0.0644255649902411,0.0764810210162509,0.139754375768315,0.0377716986395575
-17.1858464461286,-6.94523052930776,1.17890818630718,0.0381934094629069,0.0924189562459928,-0.0679453490495694,-0.0479626334636006
-17.1984791010118,-6.96544725524784,1.29248501718938,0.027473233021003,0.0961520746909482,-0.0401058879042149,-0.116368800631029
-17.2712442311655,-6.82118937745627,1.19269572418595,0.0369155898200985,0.0929367485348731,-0.109680719973787,0.0513211292566981
-17.0867651457095,-6.66297238490576,1.20795904206974,0.0354928217539133,0.0934893555649248,0.148986263702111,0.0647276369855846
-17.1589076951073,-6.65067277831715,1.26828768450074,0.0297915871773237,0.0954592129312615,-0.10193413657509,-0.0831596063426573
-17.0007963172175,-6.43922037482151,1.41036814021705,0.0159740909468358,0.098715897495906,0.142137286942938,0.11273650599974
-17.020922554094,-6.26205307932376,1.44648503380106,0.0123991370386639,0.0992283296276645,-0.0325253739151448,0.0779389658700784
-16.9058294813236,-6.12767522855286,1.56583764102452,0.000495866544923645,0.0999987705742907,0.11459720622543,0.0343790801966148
-16.9256508578207,-6.08478550413813,1.67913537509841,-0.010812723710313,0.0994137063284758,-0.00900865278675711,-0.0565239819137444
-16.9320525609486,-6.06225308349299,1.96528323615596,-0.0384334557279397,0.0923193884338956,0.0320317526000523,-0.0697869677887635
-16.9960901873271,-5.96325879831809,2.0575872018733,-0.0467791953301281,0.0883838609943338,-0.0172584310484253,0.0106104241805702
-17.1748210774407,-5.72485058882739,2.24618215018477,-0.0625198485211601,0.078046579302947,-0.116211041592368,0.160361630187749
-17.3493306735453,-5.80405807401702,2.64054834806871,-0.0877081416710136,0.0480341741327715,-0.0868014544335677,-0.127241659322396
-17.3041995460836,-5.72524696193083,2.94865213237421,-0.0981444646802377,0.0191745678603085,0.143275592141929,0.0596365442258771
-17.3095332110499,-5.78090957856285,3.11410837007488,-0.0999622330854561,0.00274808234391683,0.0946285681190989,-0.0584106989759305
-17.5144677757501,-5.88686358297831,3.23411654873195,-0.0995722717088103,-0.00923919405288474,-0.10536229299141,-0.0967148103625751
-17.5495256825975,-5.911894728725,3.33512087588334,-0.0981331788175021,-0.0192322441533005,0.0630752719701819,-0.00579890159338897
-17.6687146071044,-6.00915511061226,3.70736396166062,-0.084417537869448,-0.0536067094686879,-0.034771386637463,-0.043653672418571
-17.7150242697464,-6.06051961366472,3.72358115337647,-0.0835371251410878,-0.0549686158017667,0.037227462499045,0.00360411274929684
-17.7696331985226,-6.06305866004195,3.82645782390559,-0.0774504343154926,-0.063256859109045,0.0228415055393157,0.0607178127318195
-17.6600685204954,-6.24837350701148,3.73114290367315,-0.083119081837615,-0.0555987251155264,0.192683759864764,-0.129716121854006
-17.6768135921883,-6.42731518096381,4.04541236012898,-0.0618613361939127,-0.0785695557089622,0.04511626450102,-0.100372118243369
-17.7178236984348,-6.53721690215148,3.94828059424782,-0.0691893528863232,-0.0721999546202893,0.0281792466398245,-0.0377017665673771
-17.802485997154,-6.5436717400714,4.67147790483956,-0.00408996642458196,-0.0999163258664258,-0.080572332294535,0.0934614879465082
-17.857262617675,-6.65833672596286,4.58578627564826,-0.0126264772481571,-0.0991996576218979,-0.0421501432728717,-0.0154653282695676
-17.8654978824178,-6.80190239669036,4.52148099866095,-0.018975045890157,-0.0981832349918581,0.0107397811473782,-0.0453824357356363
-17.9205192802789,-7.04253140848025,4.72102968169294,0.000864059378704834,-0.0999962669372716,-0.055885457239868,-0.140632744852617
-17.9691011855645,-6.94668456848254,4.67881226958887,-0.00335704021126311,-0.099943635520327,-0.045224865074318,0.195790475518028
-17.8965080769317,-6.96948552146457,5.05433869244479,0.033532455726246,-0.0942102670252418,0.0390606529065843,0.0714093140432177
-17.9428563771079,-7.1213775371985,4.93022070351773,0.0216113095880154,-0.097636833715002,-0.067959609764255,-0.0542551820189339
-17.938718520649,-7.32733279380728,4.61956942667236,-0.00926863304412033,-0.0995695357099421,0.0134064895030112,-0.106385720898832
-18.0244558353504,-7.48389470296892,4.42690444547039,-0.0281622407849486,-0.0959525309409323,-0.0575750739164336,-0.0606093782207054
-18.0539937685735,-7.57562884713618,4.56379018907975,-0.014805251159281,-0.0988979501208726,-0.0147326820637779,0.00716380595360799
-18.2168784077023,-7.7601030902501,3.97609971461779,-0.0671543015041144,-0.0740965572040598,-0.0957303376247595,-0.11037768590986
-18.2555266176171,-7.85254137230792,4.07963478933356,-0.0591367982763663,-0.0806401828471412,0.0204885883615612,-0.0117980992106763
-18.2163180326972,-7.81398622932499,3.94269611495878,-0.0695914710609283,-0.0718124442946762,0.108800055980847,0.110367587277604
-18.3067326075944,-7.86149296950361,3.00054323458224,-0.0990069011790023,0.0140582189103482,0.00859232628177953,-0.0615649590889681
-18.4564347585395,-7.85877179329972,2.9468269576812,-0.0981093042912104,0.0193536666162949,-0.0515928466538964,-0.0166324904124072
-18.5990224792364,-7.88806463210565,3.14424860787375,-0.0999996472955494,-0.000265595116139587,-0.0425880734013188,-0.0290272436897838
-18.773326851304,-7.93656139628345,3.27308794066156,-0.0991366945021307,-0.0131116666824327,-0.0751676775654418,-0.0353850974953731
-18.8636992585367,-7.7838789347708,3.35355997362973,-0.0977618914990746,-0.0210383595017092,0.00738948426635722,0.173720821014357
-19.0091540558535,-7.7795086450952,3.20006632949907,-0.0998290901671014,-0.0058440359691522,-0.0456257071496856,0.0102143256447562
-19.0097178000181,-7.91775266562012,3.48550371023915,-0.0941443171594168,-0.033717169907736,0.0935805729947901,-0.104526850617183
-19.1899304503535,-8.01863780002758,3.42419436195738,-0.0960333189682884,-0.0278855096409404,-0.0841793313670745,-0.07299962476652
-19.0959802780939,-8.11316040355607,3.89483981777475,-0.0729471622307035,-0.0684011076115543,0.166897334490332,-0.0261214959169344
-19.0116618175179,-8.28762982299081,4.79205163257517,0.00795784205561197,-0.0996828608629284,0.0763606185203238,-0.0747865585718092
-19.1374134159229,-8.36218891345185,4.97592235168088,0.0260493554609993,-0.0965475586437405,-0.151800953866021,0.0219884681826982
-19.1270803401303,-8.48556704316403,5.15415008651443,0.042753216741801,-0.090400013596396,-0.0324201409491977,-0.032978116115785
-19.1108932140105,-8.59373606832121,4.92975859370677,0.0215661883433514,-0.097646810087883,-0.00537906222350421,-0.010522215069301
-19.0945272382297,-8.63273772347236,5.13048166539972,0.0406018164211464,-0.0913865006623163,-0.0242358406403069,0.0523848455111688
-19.1631444121736,-8.7501538819917,5.33489323732513,0.0583071497257987,-0.0812420844812176,-0.126924323669732,-0.0361740740381207
-18.996478052118,-8.81361228263644,5.4291475421246,0.0656944280335694,-0.0753939130523291,0.100971932021998,0.0119355124075891
-19.0065385296414,-8.90003086503074,5.00320589378384,0.0286734931864585,-0.0958009957593663,-0.0387339707098406,0.00938241336506895
-19.0037583210736,-8.88640290703155,4.22981400537024,-0.0464061631869872,-0.0885802913647427,0.0491863717547597,0.102208249363929
-19.160879423925,-8.9852952642815,4.14177725332004,-0.0540146961346261,-0.0841570710129815,-0.103106406716722,-0.0147352862369691
-19.267378648065,-9.01911205713638,4.06142887598729,-0.0605950450243771,-0.0795502389593753,-0.0459041791156348,0.0457334461044959
-19.2540804784864,-9.0937912877913,3.67891475248001,-0.0859082409682072,-0.0511837291895427,0.0992064105467692,-0.0234955014653826
-19.2820646470308,-9.07698277158233,3.39354964770418,-0.0968426398545173,-0.0249299640193937,0.068858471310136,0.0417384802283693
-19.2553792744296,-9.07998740573603,3.1296953891663,-0.0999929228384405,0.00118969837592974,0.126678295439693,-0.0041943325296302
-19.4695409756477,-9.0035735188592,3.24113811331719,-0.099504944079754,-0.00993811368847361,-0.114656757138382,0.0863520005653021
-19.5284656805194,-8.96634171498462,3.13719332533987,-0.0999990322971082,0.000439931405910025,0.0410743274254179,0.0367918724686759
-19.6915730611845,-8.99465780361033,3.42653578663615,-0.0959677639673442,-0.0281102877805995,-0.0671396166977598,-0.000205800845117565
-19.8427199788737,-9.02984651534086,3.66463265524542,-0.086630465554241,-0.0499516009538781,-0.0645164521349528,0.0147628892233506
-19.9387802733587,-9.12514835156189,3.90271866204833,-0.0724059820022423,-0.0689737179677228,-0.0236543124827261,-0.0263281182533094
-19.9980278178783,-9.11430268313669,3.82337602733431,-0.0776450109871237,-0.0630178726141199,0.0183974664674412,0.0738635410393192
-20.0516267165946,-9.13558626329493,3.87412466469493,-0.0743483494142403,-0.0668754285173414,0.0207494506980233,0.0455918483590999
-20.1379350839262,-9.13911606370434,3.485460508056,-0.094145773726909,-0.0337131026362401,0.00783740639526764,0.0301833022268297
-20.1377242675223,-9.19773242417705,3.86586302013365,-0.0748983068490723,-0.0662589135976603,0.0751091232529606,0.00764255312495565
-20.1270516296858,-9.24114512598369,3.71952088223933,-0.0837596234247454,-0.0546289802553997,0.0944322612612948,0.0112162784487585
-20.2566469862277,-9.2142425094194,3.63093944756258,-0.0882640086018925,-0.0470049442668007,-0.0413313479400276,0.0739075608310952
-20.3249849040304,-9.24182412925557,2.83650065919407,-0.0953819323242386,0.0300380922512461,0.0270440145214904,-0.0576197120874207
-20.4202543514615,-9.26932880833254,3.25777952740963,-0.0993257894823455,-0.0115925641559052,0.00405634205130001,-0.0159121149210651
-20.4671923836948,-9.36960219445707,3.55582830474372,-0.0915424230903857,-0.040249034457249,0.0446043908570991,-0.0600243516672823
-20.6922978918233,-9.39248674316976,3.32868030683108,-0.0982550092369417,-0.018599816124051,-0.126850498891647,-0.00428473258863604
-20.7924786901211,-9.38712243474935,3.66463254430347,-0.0866304710959688,-0.0499515913429243,-0.0135503272018027,0.0553158997633304
-20.8991305039087,-9.31901585267309,3.35754006025438,-0.0976773829004751,-0.021427292636121,-0.00897443088714961,0.0895338747123826
-21.0014969382353,-9.28472957010684,3.4118283002655,-0.0963708015231323,-0.0266958538688886,-0.00599563280346466,0.0609821364351351
-20.8969752322797,-9.26639262193241,3.28265666238585,-0.0990066960620243,-0.0140596633986006,0.203528402017634,0.0323966115730346
-21.1186165724031,-9.18030761242296,3.0535344250142,-0.0996125378893341,0.00879444684138652,-0.122028802234049,0.0772905626680682
-21.2164648155113,-9.16042770346312,3.33036291379751,-0.0982235739834265,-0.0187651142794906,0.000375330875259761,0.0386450232393226
-21.3266752712151,-9.23613463139314,3.44294762952772,-0.0954935189499378,-0.0296814392939069,-0.0147169367539415,-0.0460254886361057
-21.4418651554612,-9.36028383007777,3.80734684738165,-0.0786451179203056,-0.0617652444931713,-0.0365447663257729,-0.0623839541914631
-21.5280847352488,-9.54631097523631,4.30603586265086,-0.0395262053034225,-0.0918568402151505,-0.0466933744841704,-0.0941703049433905
-21.5983652612807,-9.6900755923651,3.86396220904767,-0.0750241171438912,-0.0661164264519771,0.0047435911120145,-0.0776481906768079
-21.6614804134382,-9.84607239286479,3.92260962390142,-0.0710197956221924,-0.0704002033362264,0.00790464346469022,-0.0855965971634717
-21.7537065953703,-9.93424759904305,4.39649170252718,-0.0310669474933145,-0.0950518004745183,-0.0611592344387603,0.00687659429625775
-21.8198501823229,-10.0308205432014,4.45923854337226,-0.0250455223987743,-0.0968128184063066,-0.0410980645538472,0.000239874247975447
-21.7995860963969,-10.1508531135996,4.64285036106043,-0.00694825891548379,-0.0997583164354902,0.0272123448415207,-0.0202742539627324
-21.5631055108209,-10.4533854430492,4.20647227850142,-0.0484609511018571,-0.0874730599573572,0.284941536677828,-0.215059269492226
-21.6670019165756,-10.4836153420051,3.81163476148742,-0.07837955167716,-0.0621018991568487,-0.0255168540775667,0.0318720002009583
-21.7313422729062,-10.6020170947957,3.66177251056423,-0.0867729798283546,-0.0497036213138235,0.0224326234978057,-0.0686981314768288
-21.7377313951796,-10.7327923507542,4.13976294154536,-0.0541841050180748,-0.0840480979165516,0.0477949827445826,-0.046727158041894
-21.7103070437036,-10.7761862098817,4.14644605638771,-0.0536211960731485,-0.084408336861266,0.0810455475492112,0.0410144777337441
-21.7489922749911,-10.8199743693254,3.89192224005774,-0.0731464170225886,-0.0681879877746627,0.0344611857351057,0.0243998283309448
-21.8979625279278,-10.8701836130641,4.00417657678224,-0.0650477085318556,-0.0759525879398112,-0.0839225444048657,0.0257433442010864
-21.99258404145,-10.9290845373269,4.30532514629816,-0.0395914794736818,-0.0918287250977876,-0.0550300340485302,0.0329278008350391
-22.181064444263,-11.0262816431315,4.07380309704858,-0.0596060587649656,-0.0802939459642349,-0.128874344047988,-0.0169031598404182
-22.1947035415021,-11.1690296765551,4.22871124466236,-0.0465038178151702,-0.0885290626213418,0.0328647205759921,-0.0542189708022237
-22.3116993744313,-11.1256088072181,4.28880502090024,-0.0411030301030744,-0.0911621682297309,-0.0758928028261334,0.134583037566766
-22.4823484114117,-11.234140203315,4.14250411680267,-0.053953511169482,-0.0841963100882965,-0.116695525810884,-0.0243350860086573
-22.4783685041522,-11.3575413112475,4.21019842311357,-0.0481346781657578,-0.0876530248073557,0.0521145854252605,-0.0357480831250704
-22.5216447385996,-11.5242875199838,4.270538704454,-0.0427612775230373,-0.0903962009411777,-0.000514956924364429,-0.0763500077951614
-22.6080783258851,-11.5172235170447,4.41884249235339,-0.0289348820125245,-0.0957223725307793,-0.0574987052729412,0.102786375469845
-22.6602922495346,-11.6760017091094,4.29441170278063,-0.0405912694713463,-0.0913911858042369,-0.0116226541781639,-0.0673870062604435
-22.8436069597404,-11.7701552006828,4.46518391238778,-0.0244694952129296,-0.0969600113656368,-0.158845214992937,0.00280651979220414
-22.96194352158,-11.9746994534155,4.77149789687093,0.0059074502745989,-0.099825357656525,-0.124244012114178,-0.104718895076088
-22.9954781136851,-12.0173605300595,4.59796863673621,-0.0114170841552088,-0.0993461131066177,-0.022117507949816,0.0566850364625654
-23.0182161248284,-12.1524589474631,4.30279344782444,-0.0398238349878364,-0.0917281972288869,0.0170858238444786,-0.0433702201747022
-23.101984941667,-12.2906084758214,4.30273816534033,-0.0398289058895859,-0.0917259955281953,-0.0439399109489751,-0.0464235328301158
-23.1622019484092,-12.2589676383465,4.39595507003258,-0.0311179509024282,-0.0950351152555416,-0.0290990558397972,0.126675952730458
-23.1855620147614,-12.369686457093,4.26723887541351,-0.0430593361798886,-0.090254604136007,0.0196992698276394,-0.0204642146104781
-23.1000433951774,-12.5950047586578,3.75766986088017,-0.0816151469212647,-0.057783802168258,0.16713376650532,-0.167534499396542
-23.2303400525616,-12.7097583049892,3.56784179508879,-0.0910522975317007,-0.0413458476052753,-0.0392443598524893,-0.0734076987261716
-23.3329992959674,-12.6750723131659,3.37219854157927,-0.0973528087453858,-0.0228567414428288,-0.00530643466041447,0.0575427332661942
-23.3428837193475,-12.6602002294491,3.76360066243415,-0.0812710092886434,-0.0582668263182855,0.0713865859085628,0.0731389100350448
-23.4515187985649,-12.6297285322506,3.87331783763426,-0.0744022821145406,-0.066815420496681,-0.0342327971028874,0.0972871176952176
-23.4589476040576,-12.7621258308771,4.04014743643562,-0.0622741396200169,-0.0782427730502099,0.054845334127263,-0.0541545255763702
-23.4344021589018,-12.9083219403591,3.99493927472318,-0.0657465203836989,-0.075348490744247,0.0902919655395437,-0.0708476187377424
-23.5969036147098,-12.9557415051296,3.57248577910523,-0.0908593069245315,-0.0417682456561655,-0.0716421488835131,-0.00565131911426731
-23.7362583369572,-12.9440219001605,3.98686239605216,-0.0663529498772888,-0.0748150121471754,-0.0730017723700483,0.0865346171161923
-23.8381817042507,-12.8539650994584,3.65983450220347,-0.0868691428474798,-0.0495353613183971,-0.0150542244460822,0.139592162020506
-23.860346307497,-13.0139663011216,4.20755503115847,-0.0483662110255982,-0.0875254798960126,0.0262016077792894,-0.0724757217671808
-23.898685705757,-13.092471004897,4.52917267994656,-0.0182192978877534,-0.0983262792160738,-0.0201201003722363,0.0198215754406867
-23.8359078157756,-13.0852380965265,5.03058525330364,0.0312853888204411,-0.0949801265863223,0.0314925011609745,0.102213034956836
-23.8701534823584,-13.0680065775099,5.43901404615188,0.0664350927298687,-0.0747420795400673,-0.10068075931263,0.0919735985566802
-23.8854387225902,-13.0690423361947,5.27180485101992,0.0530691200736983,-0.0847565247907404,-0.0683543603055164,0.0837207661059687
-23.9879510535342,-13.2239773159547,5.0758548266346,0.0355515785505038,-0.0934670276758995,-0.138063909494503,-0.0614679520841587
-23.8463837956841,-13.2391134358847,5.27954614670591,0.0537236486939755,-0.0843431655263561,0.0878436091561565,0.0692070455963528
-23.8336343229875,-13.2891534957492,5.03865508898181,0.0320508358337317,-0.0947245687367284,-0.01930136313719,0.0446845088722133
-23.8034734919478,-13.386049417783,4.77455461339235,0.00621256002127187,-0.0998068339242464,0.0239482710184492,0.00291091189047554
-23.7899737027279,-13.5527574600116,5.38187499175627,0.0620583029603951,-0.078414074206585,-0.0485585137405168,-0.0882939680220481
-23.5704002939012,-13.6270277374522,5.33798911402842,0.0585583853798662,-0.0810611836929555,0.161015023446819,0.00679090625234846
-23.3700640595628,-13.7092510201703,5.01922968705636,0.030204841794045,-0.0953292585316634,0.170131392544431,0.0131059758135726
-23.3995830793727,-13.9073448468385,4.51317192102363,-0.0197901936029044,-0.0980221823729688,-0.00972882620699583,-0.100071644295168
-23.4391550361626,-14.0638176481243,4.93887564723545,0.0224555309130833,-0.0974461345124144,-0.0620274877030159,-0.0590266667734294
-23.3562480986863,-14.1807112950913,5.0428311665651,0.0324461323551786,-0.0945898963694867,0.0504608051211101,-0.0223037505974792
-23.4795371176516,-14.2528786762752,4.59694052094375,-0.0115192174109647,-0.0993343225186488,-0.111769801554308,0.0271669413346908
-23.4871294284914,-14.378737697792,4.50801729544336,-0.020295196100322,-0.0979188695566359,0.0127028852604957,-0.0279401519601407
-23.4916650300828,-14.5177363914969,4.17804824652523,-0.0509273782694162,-0.0860604563234695,0.0463917766780372,-0.0529382373814248
-23.6278809525606,-14.5611683334241,4.15443501347604,-0.0529451575297319,-0.0848340161382913,-0.0832707649480759,0.041402074211059
-23.8266848991752,-14.6966175519585,3.78031573445808,-0.0802857674044022,-0.0596170743351787,-0.118518179210231,-0.0758321441992232
-23.7767551670531,-14.67841108077,4.04959162635741,-0.0615324338165375,-0.0788274037921676,0.111462165938655,0.0970338749806692
-23.8785121216626,-14.8232579864,4.04616881576041,-0.0618018841174017,-0.0786163285808951,-0.0399550704920844,-0.0662305770490516
-24.12863157904,-14.869706173863,3.95336767764116,-0.0688211720267596,-0.0725509909020074,-0.181298285350688,0.0261028034389496
-24.3004551064597,-14.8396170644831,3.42374031862512,-0.0960459702986814,-0.0278419034799133,-0.0757775571209424,0.0579310128598131
-24.45681944638,-14.6580679734223,3.0487576303814,-0.099569392316946,0.0092701733335517,-0.0567949476034103,0.172278917727319
-24.502539881386,-14.8364842614112,3.39261460518308,-0.0968659080925524,-0.0248394011482803,0.0511454730865848,-0.153576886840665
-24.7002919755557,-14.8632770508648,3.4929093862382,-0.0938920393904723,-0.0344134412562591,-0.103860054779183,0.00762065180267035
-24.7975936146672,-15.0022839808966,3.53028863044297,-0.092540404781739,-0.0378981989391567,-0.00476123432978187,-0.101108731092604
-24.939913431164,-15.0284334635309,3.67015274163316,-0.0863534099316868,-0.0504290451344268,-0.0559664065651166,0.0242795625000826
-25.0305861499786,-15.1546235948463,3.59457211425573,-0.0899147144854983,-0.0437646446231581,-0.000758004329155459,-0.0824254866922228
-25.0624475962225,-15.1697686918216,3.61646739997052,-0.0889349997942938,-0.0457227056459804,0.0570735535503895,0.030577608670713
-25.3657330469999,-15.1009217217379,3.34618602738626,-0.0979143679317266,-0.0203169031235192,-0.205371082845652,0.0891638732071991
-25.5421106390392,-15.1700272872985,3.41030965335775,-0.0964112319540656,-0.0265494699212501,-0.0799663600852446,-0.0425560956393413
-25.5634195276836,-15.2587429479208,3.46723049380302,-0.09474468656734,-0.0319913170603603,0.0734357979229767,-0.0567243435619492
-25.4851344688661,-15.3666326731849,3.29166975898555,-0.0988759552510467,-0.0149514371614574,0.177161014068545,-0.0929382881026594
-25.7580407359523,-15.3487365454904,2.91415830420041,-0.0974248100427675,0.0225478688157145,-0.175481457043403,-0.00465174112124467
-25.9190269536738,-15.2285272440235,2.60367060417066,-0.0858775178037172,0.0512352606695061,-0.0751086999178017,0.0689740407973837
-25.9770257442361,-15.1420739941853,2.27110359216955,-0.0644452666344277,0.0764644205393431,0.00644647607207571,0.00998882929888822
-25.9040833048663,-15.006004850597,1.74726344833641,-0.0175552663213932,0.0984470041412381,0.0904977056912175,0.0376221394470849
-25.9734525744336,-14.8835402461,2.34807701874834,-0.0701343628432491,0.0712823340567036,0.000765093275929773,0.0511822704402921
-26.1167959911466,-14.88162326433,3.16280042862158,-0.0999775123567841,-0.00212061852983588,-0.0433659043562319,0.00403760029986133
-26.1906127173998,-14.7786144934806,3.4383770908951,-0.0956281812229469,-0.0292446739764905,0.0218114549697959,0.132253444825837
-26.1181825816266,-14.8359645573948,3.21322734135999,-0.0997435332757403,-0.00715734375807752,0.17217366904891,-0.0501927201560904
-26.1504539503907,-14.8828036943145,2.71825221912075,-0.0911721751425107,0.0410808286160755,0.0589008063783939,-0.0879199655358167
-26.2290140003969,-14.6952122188215,2.50296403753808,-0.0802913987621661,0.0596094898888996,0.00173134875598974,0.127981985604092
-26.4145911887368,-14.721500524912,2.65110181743874,-0.0882101752133989,0.0471058912326418,-0.0973670131264723,-0.0733941973230597
-26.5599725109823,-14.8568311781679,3.08299723745234,-0.0998283779730631,0.0058561891420315,-0.0455529442724985,-0.141186842397992
-26.696952218045,-14.8731511324487,2.88237788549246,-0.0966591548031902,0.0256321632472352,-0.0403205522594547,-0.0419521175280022
-26.7862963439522,-14.9156956429711,3.11736712980215,-0.0999706576349303,0.00242231542940794,0.0106265317277201,-0.0449668259517955
-26.8720192694734,-14.9730925944446,2.93841444530318,-0.0979430216564833,0.0201783177890933,0.0122200961353196,-0.0775752692626493
-26.9616185977174,-14.888739487591,3.11650008421274,-0.0999685197999132,0.00250899362581053,0.0103691915558691,0.0818441132277902
-27.0404949645864,-14.8545060033323,3.21281810788352,-0.0997464539482006,-0.0071165247670122,0.0208700870792244,0.0413500090256896
-27.1416824451887,-14.7938221010711,3.87584543109694,-0.0742331624064392,-0.0670032655856357,-0.0269543181958946,0.127687167846835
-27.1708600192885,-14.7270859945923,4.19968435212465,-0.0490535907953684,-0.0871420979210425,0.0198760166956151,0.153878204399929
-27.1449378485369,-14.8649290721055,4.11311165407651,-0.0564045877666822,-0.0825743451616217,0.0823267585182162,-0.0552687323515798
-27.0923435434141,-14.9261653869616,4.26678177922451,-0.0431005867156998,-0.0902349124494641,0.0956948918385395,0.0289985975933088
-27.0073193162589,-15.0675265462858,4.43500340172529,-0.0273842103106666,-0.0961774663092202,0.112408437465912,-0.045183693014923
-27.1653682872005,-15.1325239358646,4.36052027288506,-0.0344652620556214,-0.0938730297339835,-0.123583708886043,0.0288756401551521
-27.2357526322763,-15.2182534962097,4.64332804557135,-0.00690060512196351,-0.0997616241294754,-0.0634837399538139,0.0140320637843477
-27.0477263904804,-15.3211899347732,4.83414867182754,0.0121459057902984,-0.0992596442293302,0.175880336005573,-0.00367679433415513
-27.0954242051639,-15.4884707043951,4.67443332940356,-0.00379465382868619,-0.0999279770750936,-0.0439031608547634,-0.0673527925468381
-27.0492220512733,-15.6559753098021,4.82010086113421,0.0107503725368354,-0.0994204681658624,0.0354517813537003,-0.0680841372411275
-27.1169367962526,-15.7246012167538,4.74868702341132,0.0036290072816477,-0.0999341298363565,-0.0713437522608804,0.0313082228846847
-27.1171710035069,-15.8328612317499,5.02350983734457,0.0306125874304212,-0.0951991044643531,-0.0308467946847601,-0.0130609105317697
-27.0365282829349,-15.8782621006323,5.53877127402633,0.0735485045163721,-0.0677540956946898,0.00709421605559241,0.0223532268123436
-26.8509980256163,-15.9278720453282,5.36539061869117,0.0607573231460648,-0.0794263664290685,0.124772934172606,0.0298164217331218
-26.8411305314916,-15.9984528472285,4.97502914626931,0.0259631082793181,-0.0965707875523256,-0.0160956141546494,0.0259899856520642
-26.8186621391528,-16.0873825371766,4.78554243859224,0.00730882297470537,-0.0997325478804408,0.0151595693641015,0.0108028579323501
-26.8074096055752,-16.235851811088,4.17783809754799,-0.0509454626616171,-0.0860497520867654,0.0621979962392421,-0.0624195218247038
-26.6781856743149,-16.3988485847777,3.96210129010522,-0.0681849231587452,-0.0731492737751785,0.197408854419029,-0.0898474999144581
-26.7055639071806,-16.4669157892618,3.4102589293372,-0.0964125785258934,-0.0265445795217864,0.0690343456602141,-0.0415226249623134
-26.7722046627865,-16.5346534231672,3.33414059528854,-0.0981519846596831,-0.0191360368771942,0.0315112290537804,-0.0486015970282689
-26.799997643751,-16.575507038931,3.51134316622067,-0.0932417535071988,-0.0361382816816569,0.0654487725426749,-0.00471533408208291
-26.8757450484636,-16.6525999610278,3.3859432329177,-0.0970294641476681,-0.0241926246450525,0.0212820594350346,-0.0529002974517282
-27.01810474981,-16.5722094684434,3.15636431266526,-0.0999890901027901,-0.00147711218806225,-0.0423706112435355,0.0818676047724118
-26.9219281940974,-16.6523076110358,3.72906909821665,-0.0832342039607209,-0.055426232877809,0.179410759673316,-0.024671909714561
-26.9359913735548,-16.6191345874282,3.53476479965888,-0.0923698395243606,-0.0383120444017788,0.0783066600668814,0.0714850680093096
-27.0955234025355,-16.6605138224992,3.83852007502973,-0.0766817983288899,-0.0641864612285758,-0.0828502306517911,0.0228072261576289
-27.088686552171,-16.6945333557909,4.39770292167739,-0.0309517961720593,-0.0950893596241099,0.0377886465365955,0.0610698263323881
-27.2767830316284,-16.6402982857797,4.29474263066887,-0.0405610233571344,-0.0914046135828055,-0.147535456100246,0.145639683594001
-27.283363429857,-16.7068931101295,4.75772180150277,0.00453172957336048,-0.0998972643623134,-0.0111121278020039,0.0333024400124978
-27.2881217461994,-16.741017920911,4.66395836405386,-0.00484116860173932,-0.0998827466911555,8.28522592957737e-05,0.0657579359097317
-27.2655203388026,-16.8457010830943,4.8674081316816,0.015439902096501,-0.0988008574013934,0.00716150530034304,-0.00588230478194407
-27.2134883252941,-16.969099082607,5.03359117382514,0.0315707497617662,-0.0948856562367566,0.0204612637467022,-0.0285123432759729
-27.2440383941897,-17.0727408597088,5.26022234216319,0.0520838891331167,-0.0853654994290387,-0.082633958028678,-0.0182762776727274
-27.1482929716435,-17.184280965729,4.96645121253747,0.0251337854328377,-0.0967899417802081,0.0706116371133337,-0.0147501642399803
-27.2802428742157,-17.2374774516352,4.99652318055535,0.0280326471124888,-0.0959904719014688,-0.159982549684677,0.0427939859952653
-27.254830804421,-17.3836599061797,4.7348674761377,0.00224766028014011,-0.0999747369252107,0.0231644095145259,-0.0462077176193306
-27.2978312237605,-17.4375477190465,4.18721456002204,-0.0501363927164674,-0.0865236506706701,0.00713597337704638,0.0326358378038656
-27.3871845029753,-17.4428133084156,3.69306713685603,-0.0851752902029236,-0.0523943693429718,-0.00417798901189459,0.0471287799739296
-27.4325992177532,-17.2903140996806,3.50722227214336,-0.0933898834128594,-0.035753736533858,0.047975168634929,0.188252945268804
-27.433082993676,-17.3129898113984,3.70759078724198,-0.0844053763248776,-0.0536258561465996,0.0839216004020713,0.0309501444288288
-27.5226174968918,-17.4888421239977,3.51072890704368,-0.0932639341862418,-0.0360810002647427,0.00372943097043088,-0.13977131233459
-27.592308952375,-17.3861003813719,3.268001478695,-0.0992021037742118,-0.0126072442179298,0.029510648291031,0.115348986843778
-27.5990823671706,-17.4228738962499,3.65915423103969,-0.086902820222607,-0.0494762552883426,0.0801294054269941,0.0127027404103264
-27.7702909595422,-17.5824655765419,3.73672431115509,-0.0828074696444414,-0.0560617781655642,-0.0884011227271475,-0.103529902126392
-27.7889756412953,-17.739623825679,4.22108781274985,-0.0471773552412472,-0.088171974869803,0.0284926734881973,-0.0689862742672968
-27.8915958876813,-17.8603727432308,4.0074787931068,-0.0647965424515421,-0.0761669750372528,-0.0378237039344518,-0.0445819425145928
-27.9053020524761,-17.9458196941268,3.90205176346368,-0.072451964372309,-0.0689254151862263,0.0587457995774245,-0.0165215357098101
-27.887746812996,-18.0647899469408,3.84175932815338,-0.0764734801959295,-0.0644345158026565,0.0940287196761067,-0.0545357370113444
-27.8472782166951,-18.1208416520294,3.51111080529247,-0.0932501481146626,-0.0361166149658782,0.133718744415544,-0.0199350901226754
-27.950181527873,-18.1551346147641,3.4667724207324,-0.0947593309874836,-0.0319479137159931,-0.00814398019046902,-0.00234504901868815
-27.9665305002078,-18.1730434159856,3.19704654745212,-0.0998462826806168,-0.00554254768697217,0.0834973103458433,-0.0123662535345717
-27.9802876145555,-18.1393184010182,2.95169557670543,-0.0982023667861854,0.018875782304093,0.0844452524384793,0.0148492326633211
-28.0784940987445,-18.178198548288,3.43575312026984,-0.0957045890899156,-0.0289936480479847,-0.00250189509905141,-0.00988649922184481
-27.999693604817,-18.2002414604358,3.69606879618732,-0.0850176366788067,-0.0526498001283045,0.163818130606317,0.0306068879805638
-27.9551049771056,-18.3635681600541,3.59555013697231,-0.0898718686727104,-0.0438525623113987,0.134460496384091,-0.119474137306881
-28.0081747614806,-18.5145370248342,3.53331894975104,-0.0924251364222037,-0.038178451479035,0.0393553520472036,-0.112790413301155
-28.0585001778275,-18.3883514506026,3.43328641598326,-0.0957758166099504,-0.0287574851594702,0.0454504002630272,0.154943059391095
-28.19598099621,-18.4989289066231,3.36717047239587,-0.0974665029294842,-0.0223669579222755,-0.0400143154530297,-0.088210498098251
-28.3465722011695,-18.4100038189296,3.56116125304385,-0.0913264763423057,-0.0407366508061019,-0.0592647286171342,0.129661738499632
-28.56469840887,-18.3919717619169,3.5693777549595,-0.0909886845899016,-0.0414856514544415,-0.127137523110631,0.0595177084671856
-28.7169298658099,-18.3304222829136,3.42706588472888,-0.0959528492744414,-0.0281611561573087,-0.0562786076654905,0.0897106351605975
-28.7639863291923,-18.3269041605266,2.9010995056265,-0.0971220634178463,0.0238181610847655,0.050065600035492,-0.0203000386977746
-28.9234793196099,-18.401567106064,3.21425379784862,-0.0997361340295553,-0.00725972236649442,-0.0597568563881056,-0.0674032231709322
-29.1178871764748,-18.4016369938298,3.12420750460972,-0.0999848882103727,0.00173842732355356,-0.0944229686545286,-0.00180831508936841
-29.1088004400726,-18.3415282342365,2.729896105484,-0.0916443243377804,0.0400164693179159,0.100731060739991,0.0200922902754388
-29.1202000283717,-18.3270304513146,2.40098073354081,-0.0738055810205076,0.0674739669074325,0.062405992721458,-0.0529761839855347
-29.1333904665279,-18.291046339552,2.77759076783253,-0.0934479571978298,0.0356016754599073,0.0802575190416372,0.000382436302681977
-29.1279851568842,-18.3376426430058,3.17347626348423,-0.0999491760767072,-0.00318782082109199,0.105354485720403,-0.0434084826327106
-29.2551322301917,-18.3618713388593,3.57151237459011,-0.0908999212716851,-0.0416797830224852,-0.0362471520358141,0.0174510871690123
-29.2842266063495,-18.2618721978634,3.65618818441533,-0.0870491866268514,-0.049218280217858,0.0579548104690117,0.149217421213728
-29.3584284326925,-18.3838982947164,3.11728745172016,-0.0999704643121465,0.00243028089196577,0.025768637969207,-0.12445637774497
-29.4038043685452,-18.4841295649853,3.08519070671271,-0.0998409831812182,0.00563720475126708,0.0544650473284465,-0.105868475020162
-29.6853369508836,-18.4230829251778,2.80589469638817,-0.094418061280947,0.0329428247718276,-0.187114521057411,0.0281038150357279
-29.7405309497402,-18.3224021895031,2.51577682636152,-0.0810485511393719,0.0585758683948315,0.0258545522827462,0.0421048672798003
-29.9083294767,-18.264223105396,3.04444348773384,-0.0995284730081698,0.00969964229557068,-0.0682700539516067,0.0484794418115018
-30.0706360774127,-18.1745468701293,2.93985109502956,-0.0979719097459004,0.0200375871985915,-0.064334690966812,0.0696386480681414
-30.3182041035059,-18.3102062330733,3.36015647326321,-0.0976209859864545,-0.0216827833783503,-0.149947040106739,-0.113976579565625
-30.4107285425075,-18.3534559710274,2.84648668408063,-0.0956771327389636,0.0290841240344408,0.00315269373735538,-0.0723338619885734
-30.4502478258142,-18.4240072969461,3.30277557108268,-0.0987038132415614,-0.0160485903298378,0.0591845299349171,-0.0545027355888882
-30.5865836473455,-18.3729330013329,2.74226685716401,-0.0921323331886905,0.0388797271236323,-0.0442034883427022,0.0121945684895982
-30.742607178056,-18.3404517878892,3.21388672820311,-0.0997387921339816,-0.00722311177086562,-0.0562847385764421,0.0397043252145803
-30.9399966798518,-18.3691444753985,3.13899685384902,-0.0999996630913745,0.000259579682561967,-0.0973898387045002,-0.0289522671919048
-31.1109556371587,-18.4133125039963,3.03928707542745,-0.0994771347170651,0.0102127209147654,-0.0714818225897478,-0.0543807495124952
-31.2715909320222,-18.5956461811828,3.1679076875748,-0.0999653779473138,-0.00263119969799268,-0.0606699169162624,-0.179702477488516
-31.3464377112667,-18.5412253168214,2.87575818116204,-0.0964873608825573,0.0262714519948774,0.0216405816380987,0.0281494123664953
-31.3215775445607,-18.4719295318457,2.42642935003917,-0.0754986166491599,0.0655740717361916,0.100358783355099,0.00372171323952697
-31.2819486464945,-18.356501319723,2.6712226284212,-0.08914006478389,0.045321615707341,0.128768962850117,0.070106596415395
-31.3394532167246,-18.3943210349634,3.26707124471332,-0.0992137885379711,-0.0125149576085078,0.0417092183078999,-0.0253047576319723
-31.4545091278338,-18.5075112847644,3.22559713309863,-0.0996473698129756,-0.00839057145587145,-0.0154085412961953,-0.104799678345041
-31.5006815844927,-18.4052563934352,2.86198725096524,-0.0961164412699983,0.0275976397105072,0.0499439846110488,0.0746572516186655
-31.6548453098391,-18.4418127279076,2.74221450654866,-0.0921302976848033,0.0388845502546902,-0.0620334276616087,-0.0754408847271232
-31.621902322655,-18.4708045230276,2.34579622500991,-0.0699716002629264,0.071442110527652,0.102914587447099,-0.100433905647654
-31.7605909512782,-18.5113359582594,2.50208659273108,-0.080239063822978,0.0596799182037984,-0.0584495648002513,-0.100211353435601
-31.7939539600538,-18.368069631458,2.87059452423647,-0.0963504183849465,0.0267693271683426,0.0629874096093307,0.11649699963305
-31.9982512702665,-18.3625538011612,2.89249563911184,-0.0969135428856328,0.0246528944620021,-0.107383767327031,-0.0191370641651487
-32.1517138862215,-18.3279927218914,2.59546708990742,-0.0854543236651192,0.0519380262133347,-0.068008292289927,-0.0173769469435268
-32.1147966692216,-18.3282658664062,2.57864203080517,-0.0845684095016313,0.0533683812230088,0.121485626501499,-0.0536415257378651
-32.3058496554775,-18.1768355296659,2.37559985569591,-0.0720694452761555,0.0693252844032193,-0.118983540979713,0.0821050523370741
-32.3469125919876,-18.2913875466772,2.08734993257409,-0.049388634588181,0.086952646730937,0.00832569807807682,-0.201504663742177
-32.226877559946,-18.2199814600948,2.06645778864724,-0.0475613613040595,0.0879654302036016,0.167596393345664,-0.0165593436211944
-32.3223178115112,-18.142973625843,2.00480993447903,-0.0420515666860709,0.0907285277035119,-0.0533886848791553,-0.0137206934517102
-32.3322546319391,-18.1349428043096,1.95964404357937,-0.0379122405774628,0.0925346530462863,0.027975420149613,-0.084503831512958
-32.3682340461745,-18.141061725568,2.10480082121319,-0.0508984384713734,0.0860775752514894,0.0149190242360013,-0.0921964965098654
-32.357914696409,-18.020956692861,1.89578724020479,-0.0319300174930104,0.0947653627803748,0.0422493672585108,0.0253396699266104
-32.3435847421591,-17.9330995740302,1.98136468976053,-0.0399130521084383,0.0916894119917294,0.0542430063583422,-0.00383229316090317
-32.4270132580426,-17.9129309048154,2.5076998263585,-0.0805727952889101,0.0592285797510914,-0.00285572059460304,-0.0390599105363185
-32.5679542369378,-17.9652811555983,2.48439476191551,-0.0791707147651811,0.0610900804023888,-0.0617702641300564,-0.113440331185275
-32.5464569036212,-17.8561130214502,2.70180445828377,-0.0904841858903204,0.0425747824864196,0.111981519206911,0.0665933516616808
-32.5247247067567,-17.7730201582194,2.59269683245136,-0.0853101142428057,0.0521745570932754,0.10704231110727,0.0309183061375855
-32.5164436034482,-17.7656978793816,2.62259162429373,-0.0868315115279397,0.0496012964122236,0.0951126148364905,-0.0422790175744701
-32.5347941505865,-17.8420259360276,2.92439847234928,-0.0976505919865667,0.0215490576284224,0.0793000448482373,-0.0978771142744608
-32.6752820374853,-17.7316826689528,2.57407722403766,-0.0843239129059805,0.0537538623005326,-0.0561639739927762,0.0565894047742841
-32.8070090736125,-17.7544760149255,2.69130584457757,-0.0900322313284073,0.0435223772561673,-0.0416948047988437,-0.0663157232288396
-32.8930569551043,-17.8310645088554,3.13667129979159,-0.0999987890162838,0.000492133393259262,0.0139509075244724,-0.077080627323207
-32.9951109831293,-17.8368329297857,2.88246472117289,-0.0966613802250977,0.0256237696871304,-0.00539264779981585,-0.0313921906173567
-33.0765698730772,-17.9111422301053,2.92067633853536,-0.0975697072571678,0.0219123760863712,0.0161108173092506,-0.0962216764059682
-33.1475751871046,-17.9369229256853,2.89178512380097,-0.096896002165606,0.0247217467894743,0.0258906881382071,-0.0505024423695224
-33.2359878255864,-17.7865978899389,2.8561291509987,-0.09595312323706,0.0281602226740766,0.00754048475526226,0.12216481307236
-33.3999114666475,-17.6979749355363,2.55974598045751,-0.0835449203157711,0.0549567674579888,-0.080378720745365,0.0336661869446011
-33.3844295012465,-17.613382255898,3.13836435000897,-0.0999994789032521,0.000322829797328901,0.115481444304279,0.0842698498409256
-33.4998726526633,-17.675356299896,3.31600737920501,-0.0984828271275116,-0.0173531772587233,-0.0169603242893213,-0.0446208667392143
-33.7084660246726,-17.5997940074141,3.77323328067423,-0.0807059854432931,-0.0590469636274971,-0.127887386566011,0.134609256109369
-33.7606848680427,-17.6402337489012,3.30901242158735,-0.0986018015325134,-0.0166638751358392,0.0463829581623953,-0.0237758663512113
-33.8668597649891,-17.7033474302382,3.12609483701479,-0.0999879911244332,0.00154971961988639,-0.00618690582198056,-0.0646634009569125
-33.9007192732225,-17.6105109304647,2.50555248540541,-0.0804454256683035,0.0594014603275496,0.0465859174349363,0.0334350394459222
-33.9542312290007,-17.5924486495041,2.47538366195792,-0.0786170190879699,0.0618010057339019,0.0251050633097392,-0.0437387247732959
-33.9285101470327,-17.4222828773155,2.18004650178768,-0.0572252706533384,0.0820077337734202,0.0829463526214094,0.0881580384151439
-33.8755363638405,-17.3184722499821,1.66448752630472,-0.00935541887949216,0.0995614189211325,0.0623292020716373,0.0042492084122896
-33.8921141066605,-17.2946514735307,1.53132550984763,0.00394605688493794,0.0999221128432582,-0.020523799704911,-0.0761013363918006
-33.8124364760066,-17.0280417522525,1.31160760031634,0.0256296460776838,0.0966598222734382,0.0540479845761752,0.169949899004738
-33.8314267307446,-16.9461371961907,1.01104821153321,0.0530972770440417,0.0847388881831021,-0.0720875317820311,-0.00283433212128714
-33.8452972057579,-16.9443497487365,0.930730331526587,0.05972483745866,0.0802056344064221,-0.0735953124719215,-0.0784181869522618
-33.8543506991091,-16.8580924112281,1.13073320839645,0.0425996570693479,0.0904724776800876,-0.0516531504205859,-0.0042151401716497
-33.8050761629251,-16.8766777368837,1.44810062225808,0.0122388087827952,0.0992482320224304,0.0370357274012569,-0.117833557678029
-33.8399907674259,-16.7359013720488,1.22236563826197,0.0341423217456678,0.0939909669373355,-0.069056926246476,0.0467853978975745
-33.7834246435738,-16.7674812869993,1.02708269276118,0.0517317655241349,0.0855793458479085,0.00483435832800283,-0.117159260798448
-33.7303415693774,-16.7349246789484,0.949313586723602,0.0582241291587931,0.081301603819975,-0.00514105496242667,-0.0487449957691124
-33.8740109504472,-16.5204625867209,1.00888939251714,0.0532800890952868,0.0846240633980566,-0.196949470165132,0.129838028829494
-33.8023853841599,-16.36230179581,1.06073354900685,0.0488232034890628,0.0872713859238271,0.0228023627982206,0.0708894049870215
-33.8692740806829,-16.3216452212724,1.15326957504606,0.0405500912611179,0.0914094639450151,-0.107438787784029,-0.0507528894073923
-33.966728755331,-16.2005397085469,1.77023071165799,-0.0198114958553818,0.0980178791444305,-0.077643178792796,0.0230876335811308
-33.8911950631514,-16.1487566962504,1.76337709672129,-0.0191392590225791,0.0981513564046194,0.0946729512022303,-0.0463683441082079
-33.9602247191835,-16.0250660654529,2.04041978199303,-0.0452550537876105,0.0891738756961953,-0.0237746022444808,0.0345167551013341
-33.9245370753487,-16.0708867334792,1.4142053114895,0.0155951844701911,0.098776465928584,0.0200924593646042,-0.144597133954917
-33.9025758402438,-15.9134668848828,2.00828047261352,-0.0423661896216262,0.0905820400352322,0.0643274247265069,0.0668378085611749
-34.001409861392,-15.9580173063262,1.98032789201613,-0.0398179672976746,0.0917307444659713,-0.059016053850516,-0.136281165909379
-34.1303116346984,-15.846063240091,2.02791303118042,-0.0441362680952388,0.0897328804765857,-0.0847655052112155,0.0222211857586851
-34.2853650548367,-15.8084250682084,2.52979874364997,-0.0818619026906231,0.057433691226239,-0.0731915174476296,-0.0197955193436898
-34.3038837738032,-15.7474635495548,2.52258006386173,-0.0814451779897987,0.0580231245471149,0.0629264590232695,0.0029383941064729
-34.2574851502175,-15.6437857912504,2.57758080809606,-0.0845117261539616,0.053458097071237,0.130910349739696,0.0502196612332113
-34.2992342057225,-15.708735831066,2.38806513354155,-0.0729279827125783,0.0684215560877848,0.0311789272075396,-0.133371595903346
-34.3191265822129,-15.5820739140303,2.37985145575971,-0.0723635364053993,0.0690182483036512,0.0524711599150541,0.0576436687319715
-34.3622349628638,-15.5849089430837,1.82490288305709,-0.0251380755361166,0.0967888276524749,-0.0179703051147488,-0.0996238567058405
-34.465008840291,-15.4781238262373,1.94490478647842,-0.0365442798571448,0.0930833798791314,-0.066229597570112,0.0137017369672918
-34.6090606318988,-15.381773688737,1.72413090748672,-0.0152734432475807,0.0988267268068863,-0.128778348360252,-0.00247658930659211
-34.6107306750605,-15.1963942175031,2.03409845371239,-0.0446904560247554,0.0894581641903041,0.0430204128631384,0.0959213070435796
-34.6314318749145,-15.0232808760801,2.0681099357732,-0.0477066281591423,0.0878867318182064,0.0270054283050708,0.0852266096047893
-34.6755759320144,-14.9993912538681,2.58382287688882,-0.0848437666787563,0.0529295310366601,0.0406997095788703,-0.0290399088246218
-34.7727816181123,-14.9507632223257,2.43510608042809,-0.0760647360875578,0.0649165304366321,-0.0211409500102866,-0.0162884988942329
-34.7354442490914,-14.8335903872919,1.87825102266317,-0.0302633672318748,0.0953106951175401,0.0676007362527207,0.0218621399161776
-34.8132969911683,-14.6330342224157,1.68369787758696,-0.0112661848782463,0.099363338703413,-0.0665865571986015,0.101192826172839
-34.843203690255,-14.5315535492665,1.41802098877717,0.0152181727390874,0.0988352529135394,-0.0451248718257995,0.00264542023566006
-34.8406124516435,-14.4689733519696,0.91569325883288,0.060924097792745,0.0792985139087741,-0.0583328591812886,-0.016718316611855
-34.7852521784351,-14.3215465218878,1.09151209379736,0.046114417560871,0.0887325221833666,0.00924585564760172,0.0586943078984254
-34.864148203778,-14.2899579298385,0.784476291007911,0.0707758342845379,0.0706454618593979,-0.149671859627469,-0.0390568698100846
-34.9041091358992,-14.2059912018692,1.0423654774757,0.0504178845087814,0.0863599265959576,-0.0903788166299671,-0.0023931986267085
-34.7748883387844,-14.2274255071997,1.18205778624463,0.0379021377665834,0.0925387916104535,0.0913186593482004,-0.113973096940898
-34.6657869859725,-14.1005979574312,1.28235222463769,0.0284460950008511,0.0958687627916547,0.0806552578110474,0.0309587869768453
-34.6706307118748,-14.0135834303102,1.41379731960807,0.0156354831672813,0.0987700949990718,-0.0204792090695748,-0.0117555678781147
-34.7858924848625,-13.8164339586198,1.59360123118407,-0.00228029277735524,0.0999739979437131,-0.112981480210397,0.0971754737466397
-34.8225225448546,-13.6617263733171,1.52180869390861,0.00489680419134502,0.0998800345850542,-0.0415268641834102,0.0548275507177316
-34.8325669212734,-13.5953735048964,2.24751871765593,-0.062624107166119,0.0779629476203052,0.0525797307473125,-0.0116100791995999
-34.7881277461633,-13.4859035773921,1.79133353674407,-0.0218753853384864,0.0975780073392193,0.0663145604485612,0.0118919201650305
-34.7766792871828,-13.4612046482326,1.66756989768599,-0.00966225921895569,0.099532109124572,0.0211107181994368,-0.0748331799650934
-34.8291181913208,-13.3938928806903,2.00843049488396,-0.0423797784681211,0.0905756831439486,-0.0100591256698118,-0.0232639156016501
-35.081687751309,-13.2549829832116,2.29162675555306,-0.0660008765637997,0.0751257897982449,-0.186568683424415,0.0637841076805232
-35.1688459880336,-13.0457570474724,2.15314467829209,-0.0549986732194593,0.0835173391823466,-0.032159563505161,0.12570859655679
-35.3223039976621,-13.1455383073844,2.3366746471131,-0.0693170336136033,0.0720773809943909,-0.0841409760148711,-0.171858640906401
-35.5001297809578,-13.1338513951814,2.69702529982947,-0.0902796816896993,0.0430067328915669,-0.0875461016060272,-0.031319820688523
-35.5144888343587,-13.2706389123603,2.34853400189816,-0.0701669303444534,0.0712502763927033,0.0558078769435914,-0.208037793571635
-35.5290079361089,-13.3654213201347,1.84281724460887,-0.0268678592456196,0.0963229886348922,0.0123487574953645,-0.191105396409271
-35.6331643816442,-13.360028785066,1.80566629963567,-0.0232716530267315,0.097254460902333,-0.0808847925085491,-0.091861925833614
-35.5841308203869,-13.1263103762976,1.56646424054875,0.0004332072696138,0.0999990616529053,0.0486003539876699,0.13371934711552
-35.6813431866445,-13.1263388081526,1.47355985099431,0.00970833208405754,0.0995276257535849,-0.106920698341674,-0.0995560576086518
-35.7753032642337,-13.0581894379206,2.18560811163649,-0.0576804782923255,0.0816882024772768,-0.0362795992968312,-0.0135388322452252
-35.7278966685055,-12.9090887906173,1.59328185527652,-0.00224836337527711,0.0999747211155536,0.0496549591034755,0.0491259261876738
-35.6627813675031,-12.7772075959251,1.83318357716288,-0.025938683198571,0.0965773509365637,0.0910539842009759,0.0353038437556452
-35.6727804826125,-12.6154513946358,1.72868443508656,-0.015723293576369,0.098756154436629,0.00572417846692086,0.0630000468526815
-35.6389773765736,-12.4799431106192,1.92102224279591,-0.0343110018029982,0.0939295222774749,0.0681141078419028,0.0415787617391463
-35.7372435666464,-12.4388178441733,1.69420590810335,-0.0123096566656732,0.0992394697324268,-0.0859565334070777,-0.058114203286483
-35.7915395170647,-12.3704598357729,2.04409531526084,-0.0455825089091228,0.0890069372664274,-0.00871344150914216,-0.0206489288661129
-35.6760622285326,-12.4139297155651,2.12138350949179,-0.0523187726442954,0.085221746221223,0.167796061176351,-0.128691626013403
-35.8553679531666,-12.3287947600892,2.07289063277256,-0.0481262412257911,0.0876576574263593,-0.131179483408173,-0.00252270195048432
-36.1182747548078,-12.3231322216695,2.40906318596716,-0.0743485195104822,0.0668752394133991,-0.188558282130768,-0.0612127009936509
-36.1752377344302,-12.2291666944867,1.91724943348534,-0.0339563802748641,0.0940583023375865,-0.0230065993475403,-9.27751547634692e-05
-36.199930973435,-12.2914042464749,2.45083410829157,-0.0770762950872705,0.0637122024075451,0.052383056082461,-0.125949754395749
-36.1920493725172,-12.2755837134195,2.95259288095939,-0.098219264569614,0.0187876573154868,0.106100865487431,-0.00296712426013634
-36.19992378703,-12.2749593031964,2.56683385066286,-0.0839323449368689,0.0543632364139448,0.0760579304240466,-0.0537388261907803
-36.3799468249432,-12.2596650359412,2.39074060290015,-0.073110781256901,0.0682261948521649,-0.106912256656217,-0.0529319275969753
-36.329281109714,-12.1902341198,2.1035462823218,-0.0507904107801675,0.086141361567959,0.101456126009303,-0.0167104454268112
-36.6265184064296,-12.1821981609132,3.05358201058206,-0.0996129562653003,0.00878970671224996,-0.197624340450255,-0.000753747825421591
-36.6277324699953,-12.1923466731447,2.78128849131158,-0.0935789631854136,0.035255888148549,0.092364899619685,-0.0454044003800478
-36.7705608495249,-12.2247392201736,2.80982220223319,-0.0945467158725347,0.0325717441614384,-0.048281663657078,-0.0649642911903316
-36.7810530220252,-12.171212849743,3.0617094573645,-0.0996811033840765,0.0079798263222361,0.0891889308837444,0.0455465441083409
-36.7863849755811,-12.1014961076278,3.08327780874752,-0.0998300171223565,0.00582817993459496,0.0944980635665457,0.0638885621805843
-36.9163696639218,-12.1938913888534,3.21690445194543,-0.0997165406680613,-0.00752406254591806,-0.0302681476727236,-0.0848712186795972
-36.9300497704316,-12.2264541413353,3.30650744333984,-0.0986432347747424,-0.016416827743966,0.084963128264988,-0.0161459247380118
-36.9328867934198,-12.1381291572323,3.771619946738,-0.0808011428396003,-0.0589166811337376,0.0779641198514222,0.147241665236802
-37.1301483354358,-12.1461062604365,3.63829395823031,-0.0879159263166474,-0.0476528057923752,-0.109345615699419,0.0396757025881405
-37.1968235367494,-12.1446887755132,3.6500953764564,-0.0873474465725369,-0.0486869959769321,0.0206722452589497,0.0501044809001829
-37.4006387561527,-12.1137653199965,3.89259964612384,-0.0731002092868915,-0.0682375219524615,-0.130715010116361,0.0991609774691904
-37.3141708498857,-12.1634163042909,4.43813301382695,-0.0270830785327215,-0.0962626971219405,0.113550984799656,0.046611712827596
-37.3823542221831,-12.2264512334176,4.00183828036155,-0.0652251302062104,-0.0758002796141472,-0.00295824209117462,0.0127653504874483
-37.5167982658262,-12.3309832459334,4.18902934747755,-0.0499792882058991,-0.0866144950365219,-0.0844647554372309,-0.0179175174792978
-37.5486355297674,-12.4617617596132,3.94157444088742,-0.0696719774224597,-0.0717343401868608,0.0378347134812937,-0.0590441734929112
-37.6792499708456,-12.6543814871745,3.99799169890115,-0.0655162188963626,-0.0755488256793175,-0.065098222181811,-0.117070901881993
-37.8981666610252,-12.6744348789866,4.07884012653454,-0.0592008613509201,-0.0805931635767522,-0.159715828828725,0.0605397717646547
-38.0806130964039,-12.7792230503823,4.01759592990216,-0.0640226477476057,-0.0768186212801688,-0.118423787631062,-0.0279695501155577
-38.2717180485023,-12.7485059874982,4.36721448839319,-0.0338360882228216,-0.0941016425668406,-0.157268863875619,0.12481870545089
-38.3650126078182,-12.7986851896119,4.32393034279615,-0.0378762344003413,-0.0925493969059248,-0.0554183249154788,0.0423701947922837
-38.3565531119996,-12.865761941921,4.55428655371382,-0.0157444584740591,-0.0987527823778076,0.0242039542926589,0.0316760300686365
-38.4182510803274,-12.9414240564024,4.43059916058416,-0.0278075321052314,-0.0960559272414593,-0.0338904362226236,0.0203938127601289
-38.3686773093831,-13.0096572752736,5.03416547179862,0.0316252371925574,-0.0948675095726376,0.0179485337517425,0.0266342907014443
-38.2317054932576,-13.0598867493346,4.7814177023928,0.00689739151661702,-0.0997618463655645,0.130074424608904,0.0495323723045482
-38.1282890812277,-13.0175948500934,4.96488742590684,0.0249823959461592,-0.0968291272954029,0.0784340160837458,0.139121026536615
-38.1280954280975,-13.1293788733706,4.57515431167821,-0.0136804309305772,-0.0990598092545797,0.013874084060762,-0.0127242140226569
-38.1934461225564,-13.2633637674901,4.3844319559217,-0.0322109612137625,-0.0946702380776846,-0.0331397332451443,-0.0393146560418054
-38.2973574833602,-13.4076766427074,4.30568243080545,-0.0395586679666084,-0.0918428646586529,-0.0643526928371479,-0.0524700105586482
-38.3585000876189,-13.5042138947829,4.28844491538696,-0.0411358554367091,-0.0911473608915265,-0.0200067488220004,-0.00538989118399469
-38.1651730137597,-13.6564291344513,4.54091976133496,-0.017063020586184,-0.0985335137325137,0.210390094445338,-0.0536817259358648
-38.2988893999974,-13.7730256601223,4.13465125267993,-0.05461302297684,-0.0837700287771894,-0.0791033632608578,-0.0328264968938146
-38.3547615379244,-13.7590465294126,4.03185262857663,-0.0629209986088602,-0.0777235352648335,0.00704886068189146,0.0917026659745752
-38.2002193670872,-13.8418428416935,3.93590828691119,-0.0700773146475297,-0.0713384186241265,0.224619485484754,-0.011457893656833
-38.3089808723299,-13.8892622081739,3.86560588197194,-0.0749153420679849,-0.0662396521944131,-0.033846163174769,0.0188202857140629
-38.4582467722227,-14.0485725897744,4.36424775118244,-0.034115113753332,-0.0940008458132012,-0.115150786139491,-0.0653095357873252
-38.5321977789729,-14.2573393528141,4.59393018541264,-0.0118181944056356,-0.099299195772124,-0.0621328123445579,-0.109467567267526
-38.579961463404,-14.3501013947449,4.59364365776389,-0.0118466458852079,-0.0992958054565775,-0.0359170385459063,0.00653376352572765
-38.5393180658799,-14.3943469652935,5.31876697358451,0.056989493819639,-0.0821717566696814,-0.0163460962955485,0.0379261861211
-38.4509048605171,-14.470145323926,5.61752954601811,0.078651197254782,-0.0617575029481387,0.00976200810807119,-0.0140408556844105
-38.4757870210309,-14.6621968155881,5.58134547849769,0.0763655643291392,-0.0645623774708778,-0.101247724842923,-0.127489114191158
-38.3794112563361,-14.6958822969383,5.93602746032763,0.094034348557212,-0.0340226585001931,0.0023414161375674,0.000337177149948076
-38.2720965549978,-14.6016983712638,6.19024198048925,0.0995683877409409,-0.00928095699104609,0.00774631359739085,0.10346488266558
-38.3277454449491,-14.4815749555519,5.8111452265179,0.0890642508962106,-0.0454704212900744,-0.144713140847567,0.165593837001988
-38.1805401778287,-14.4384381653679,6.31424815546328,0.0999517588520048,0.00310578530981656,0.0472535082683696,0.0400310048741748
-38.0717323407403,-14.5069035686167,5.61053750986526,0.0782174675154532,-0.0623059208700828,0.0305903695730144,-0.00615948237874475
-38.0200999208186,-14.693542893498,6.11944294637243,0.0986624145373544,-0.0163011643037925,-0.0470299946157046,-0.170338160577464
-37.9134879652661,-14.6746041442009,6.3960465086706,0.0993637932052132,0.0112621756278096,0.00724816234733161,0.00767657366930008
-37.8028299449447,-14.5730057587498,6.59129772126487,0.0952907697356578,0.0303260482619454,0.0153672505857153,0.0712723371891131
-37.6929140622724,-14.4006516164733,6.38584179673681,0.0994735448322492,0.0102476279453597,0.0104423378400731,0.162106514331143
-37.6769635369453,-14.332087289102,6.59309409211621,0.0952361391866736,0.0304971768007554,-0.0792856138596026,0.0380671505705488
-37.5893866479293,-14.3794667702086,6.48291135197952,0.0980120967559117,0.0198400829007795,-0.010435207739918,-0.0672195640073547
-37.5020179695381,-14.2149558490615,6.81721585009143,0.0860762493946408,0.0509006806452684,0.00129242899659399,0.11361024050179
-37.4694254785974,-14.2916581399986,6.68880087339835,0.0918859678408701,0.0394584454071191,-0.0592934769001477,-0.116160736344258
-37.3085592038503,-14.2399691292502,6.76561834951055,0.0885868770237724,0.046393590281148,0.0722793977232772,0.00529542046731546
-37.1743493876131,-14.0885254135018,7.02554562413669,0.0736874969976854,0.0676029051610661,0.0605223192394918,0.0838408105873163
-37.0266185233583,-14.0206626877364,7.2750919790218,0.0547094837002079,0.0837070629831001,0.0930213805546666,-0.0158443372176902
-36.9771123676328,-13.9695969809566,7.53503258904142,0.0313568783307018,0.0949565489124029,0.0181492773947301,-0.0438908421326079
-37.0210760127562,-13.9122999247487,7.233067051909,0.058177927606706,0.0813346712010867,-0.102141572730104,-0.0240376149931478
-36.9973174658011,-13.6750042183468,7.53199734031617,0.0316449501910064,0.0948609357291437,-0.00788640323586218,0.142434770672687
-36.962274391559,-13.5780986120812,7.47283734397616,0.0371982887993833,0.0928239587089329,-0.00215521455733694,0.00408164755671314
-37.0503051002985,-13.4897168975912,7.71604479184387,0.0137499847177684,0.0990501787997434,-0.101780693457252,-0.0106684643097779
-37.0525626390457,-13.2323905371307,7.54510690781706,0.0303986807475111,0.0952676241375364,-0.0326562194947272,0.162058736322932
-37.1250742276272,-13.1287798650869,7.86544664817843,-0.00114647630328381,0.0999934277444573,-0.0713651122782034,0.00361724429937427
-37.2673329698845,-13.092247454125,7.71802048836416,0.0135542649158137,0.0990771512640121,-0.155813007173116,-0.0625447403021073
-37.2207063802831,-12.9544751981186,7.82853751064332,0.00254413779846545,0.0999676315757377,0.0440824518030027,0.0378046244306911
-37.1262350128806,-12.8214952555211,7.36385055294175,0.0470741541229946,0.0882271160902619,0.0473972132795197,0.0447528265071875
-37.2158954259049,-12.6628640163519,6.99519454474716,0.0757050657204736,0.0653356183429741,-0.165365478744771,0.0932956208262266
-37.2443570255946,-12.667745056269,6.42385367212481,0.0990122509322879,0.0140204909087258,-0.127473850622,-0.0189015308258178
-36.9906733610702,-12.6257272318839,6.04868671406427,0.0972630968154376,-0.0232355330877261,0.156420567708885,0.0652533574728034
-36.6693252515066,-12.7393124686767,6.12568894319135,0.0987623063694237,-0.0156846052099531,0.222585803194255,-0.0979006315827606
-36.6931081212936,-12.8289749509647,5.77196977438127,0.0872150467588255,-0.0489237735549486,-0.110997916545883,-0.0407387087330944
-36.6120458814112,-12.8892365767796,5.38742401798253,0.0624924670440305,-0.0780685055752367,0.018569772838433,0.0178068797603688
-36.5927142956309,-12.8860192351798,5.20443097052562,0.0472426620727727,-0.0881370006312775,-0.0279110762925533,0.0913543422310583
-36.6455427521653,-12.9298568458438,5.07924036214505,0.0358678101440184,-0.0933461311221448,-0.0886962666783728,0.0495085204581296
-36.6446544070169,-13.1637150835619,5.11395016487233,0.0390855813296555,-0.092045191792526,-0.0381972361812568,-0.141813045925618
-36.6549451343498,-13.2651452496224,5.09136684821081,0.0369971057815156,-0.0929043280143145,-0.0472878331144153,-0.00852583804618923
-36.7303448782306,-13.4067270318753,4.66329123440542,-0.00490780226117174,-0.0998794947772827,-0.070491941619632,-0.0417022874755946
-36.664102649504,-13.5759746755782,5.0367346058586,0.0318688599041292,-0.0947859471040459,0.0343733688224144,-0.0744616965988052
-36.7292938352343,-13.5307587995152,5.02891241469649,0.0311264586975463,-0.0950323290725317,-0.0963176444277571,0.1402482051355
-36.6694061167492,-13.5790939364316,5.10519115717319,0.0382778677774569,-0.0923840074818771,0.0216098507075684,0.0440488705654487
-36.7331875122327,-13.5849945465893,5.59705611462315,0.0773704143867046,-0.0633547076201099,-0.141151809870225,0.0574540974624034
-36.6202774107057,-13.5885748472933,5.94989685598004,0.0944971630559124,-0.0327152284782531,0.0184129384711507,0.0291349277742994
-36.5146413303113,-13.5271652420869,6.21944740709002,0.0997969427622471,-0.00636947527735032,0.00583913763216803,0.0677790804837701
-36.4983484784105,-13.5817628246029,6.47390985082894,0.0981867140858086,0.0189570350274425,-0.0818938621850042,-0.0735546175434396
-36.3708888176123,-13.4366172084037,6.34816117331256,0.0997889810977657,0.00649301559136933,0.0276706797004163,0.138652600607793
-36.2702861186576,-13.4268246655319,6.23649252593521,0.0998910090131315,-0.00466758163704457,0.000711689941502613,0.0144601245088052
-36.1706560539931,-13.3221761788852,6.11165403849291,0.098532454788597,-0.0170691345220865,0.00109760987597707,0.121717621168815
-36.0683658417462,-13.2372541944202,5.95725195329616,0.094735228559011,-0.0320193140131382,0.00755498368786678,0.116941298478117
-36.0525430503072,-13.334171854591,5.63750221701939,0.0798688907802384,-0.0601744155396158,-0.0640460993411989,-0.0367432446311138
-36.0932771633473,-13.1416503288378,6.26550179724265,0.0999843650812503,-0.00176825883265237,-0.140718478121445,0.194289784585852
-35.9968420308413,-13.1099380934713,6.26695767875229,0.0999868334927196,-0.00162269162170875,-0.00355170098670321,0.0333349269881813
-35.8976676105341,-13.1983273357128,6.4478335037305,0.0986476078839357,0.0163905295453583,0.000526812423294665,-0.104779771786877
-35.9206046959136,-13.1695545190527,6.48739732843736,0.097922108714292,0.0202795617542977,-0.120859194093746,0.00849325490582187
-35.7493408600271,-13.2515421934193,6.39240590530392,0.0994041357463724,0.0109003576325166,0.0718597001401131,-0.0928880319990997
-35.6829090862478,-13.2378820080765,6.66308438947669,0.0928702063289238,0.0370826748822564,-0.0264384325496443,-0.0234224895394346
-35.5361480900557,-13.2786205892805,6.26138782185013,0.099976244422271,-0.00217957592625977,0.0467847517698001,-0.0385590052777764
-35.4957818248727,-13.37769681123,6.21189870883966,0.099746018628626,-0.00712262365549372,-0.0593797534456189,-0.0919535982940338
-35.5359189474885,-13.4329241703697,6.22945723109122,0.0998556994097866,-0.00537022302910699,-0.139992822025589,-0.0498571361105802
-35.6270042027897,-13.4228610431532,5.90909059142446,0.0930838821323056,-0.0365430005223852,-0.184169137433484,0.0466061277388445
-35.6658624407914,-13.5147481080152,6.24621827304306,0.099931679700214,-0.00369586150901679,-0.138789917701942,-0.0881912033529457
-35.5554929973643,-13.5603752070683,6.07142839279468,0.0977663159248679,-0.0210177893813533,0.0126031275022798,-0.0246093096717279
-35.586718251951,-13.660220750596,5.96298362351987,0.0949171955842011,-0.0314757999490167,-0.126142450170935,-0.0683697435786856
-35.47885184971,-13.6807969858567,5.82332417262272,0.0896114137936367,-0.0443823671958315,0.0182549884473473,0.0238061319351328
-35.4359001583656,-13.7175222447324,6.48012908070216,0.0980669178202732,0.0195673102196442,-0.0551152264758454,-0.0562925690953116
-35.4493431937153,-13.6375335187286,6.57734653795891,0.0957045669358622,0.0289937211757836,-0.10914760228561,0.0509950048279812
-35.4266920880059,-13.7804956709473,7.05940549554237,0.0713566717019147,0.0700587282472724,-0.0487055659924585,-0.213020880465975
-35.3572571315944,-13.7878448005333,6.52234205820323,0.0971538071980627,0.023688346225975,-0.0277188507866035,-0.0310374758120175
-35.2405704997614,-13.8619350061514,6.04054673493238,0.0970707398770243,-0.0240264741426428,0.0196158919559477,-0.0500637314754575
-35.1905900976329,-14.0069824899969,6.08116446538348,0.0979663097629196,-0.020064948328757,-0.047985907634331,-0.124982535516722
-35.0297239259747,-14.0951587255399,5.74831456672067,0.0860334523906658,-0.0509729837241557,0.0748327192675209,-0.0372032518187992
-34.9368961009135,-14.1269215144109,5.51238549895103,0.0717353665356984,-0.0696709206770587,0.0210924585255108,0.0379081318060654
-34.9937890248375,-14.1490439289283,5.19351561720708,0.04627782034008,-0.0886474102530428,-0.103170744264134,0.0665249957356076
-35.1082708947722,-14.2479448051289,5.40571463643938,0.063909855642983,-0.0769124850183185,-0.178391725577655,-0.0219883911822596
-35.0312758113216,-14.403825175298,5.30555635981948,0.0558990132144709,-0.0829174307467882,0.0210960702361667,-0.0729629394222826
-34.9328155044362,-14.6019016002212,5.66801314494718,0.0816674104329594,-0.0577099131274217,0.0167928964523809,-0.140366511795872
-35.016062200168,-14.5776576201327,5.77679394432278,0.0874500475820196,-0.0485024656888957,-0.170696743313826,0.0727464457774163
-34.8971955687679,-14.8137788691081,5.54219126436647,0.0737797922939292,-0.0675021647731735,0.0450868391061716,-0.168619084202194
-34.874566068444,-14.9309907152292,5.27491132572381,0.0533321575872679,-0.0845912582190785,-0.0307026572633777,-0.0326205879020729
-34.7336204987921,-15.0035506394211,5.14025556051718,0.041493064962174,-0.0909853040883241,0.0994525046897614,0.018425379896446
-34.7199466868978,-15.0758630288448,4.83039881314777,0.0117736116297711,-0.0993044916868886,0.00190020026454674,0.026992102263165
-34.5675742258983,-15.193349931101,5.282429434289,0.0539666106473893,-0.0841879144250117,0.0984058503520604,-0.0332989878311607
-34.3855977177956,-15.3311000587836,5.72565267008185,0.084856315981025,-0.052909409731431,0.0971201921217255,-0.0848407179511343
-34.2668060733736,-15.4333550048695,6.00582974605533,0.0961782882723849,-0.0273813232878549,0.022613356149598,-0.0748736227980871
-34.3592872485448,-15.281518985952,6.09876032867411,0.0983041861331231,-0.0183381293676397,-0.190785361304293,0.170174148285154
-34.227481214224,-15.2927244526145,6.27338150490501,0.0999951943115396,-0.000980364522733923,0.0318108400092045,-0.0102251021397319
-33.9464446957263,-15.3126507956533,6.2541348916368,0.0999578066353068,-0.00290463296452525,0.181078711862378,-0.0170217100743337
-33.9169216592947,-15.4686445708754,5.94337196118995,0.0942816895808484,-0.0333311117393427,-0.064758653149162,-0.12266266348275
-33.8304775209689,-15.3113437317457,6.48236288744901,0.0980229635954467,0.019786323760763,-0.01157882526965,0.137514515368938
-33.6925573181953,-15.3702948887515,6.06507535874289,0.0976308171229066,-0.0216384737889151,0.0402893856506905,-0.0373126832168444
-33.4988294215061,-15.3902546551056,6.05469856787203,0.0974010269471509,-0.0226503851984993,0.096326869742013,0.00269061884434985
-33.396794061439,-15.3870580856564,6.13741079996347,0.0989393698670901,-0.0145258765760678,0.00309599020003981,0.0177224460253331
-33.407650221367,-15.5286158662558,6.5421561029145,0.0966654054658514,0.0256085803222775,-0.107521565393866,-0.167166360921734
-33.3802025936736,-15.3477402329831,6.78490166190998,0.0876758405380009,0.0480931074682749,-0.0602282128445983,0.132782525804491
-33.364853930539,-15.468083852087,7.25767902390854,0.0561587033230767,0.0827417672102226,-0.0408100401884774,-0.203085386314115
-33.2374913925985,-15.4162302112755,6.61537693061432,0.0945329891781355,0.0326115617081812,0.0328295487624062,0.0192420791033059
-33.1825202584991,-15.4214207623241,6.44062575470171,0.0987631832427213,0.0156790827462791,-0.0437920491433785,-0.020869633794907
-33.0219869025867,-15.4935370410907,6.38901295062473,0.0994405479181578,0.01056302180896,0.0610928079942634,-0.0826793005755824
-32.8218658195618,-15.4674866240885,6.60772544427308,0.0947797464474285,0.0318872962692223,0.105341336577465,-0.0058368792670267
-32.7948346694984,-15.6020948572501,6.55847617860108,0.0962346171672235,0.027182686745021,-0.0692034671038464,-0.161790919906593
-32.7875954813684,-15.6379380618372,7.13732975261316,0.0656863846085727,0.0754009209297517,-0.0584471964785918,-0.111244125516873
-32.7875518099207,-15.6484556476895,6.81736825689954,0.0860684907847204,0.050913798660486,-0.0860248193369513,-0.0614313845127392
-32.6816399851533,-15.5245218765929,7.06949401047809,0.0706462639211885,0.0707750336911102,0.0352655608461778,0.0531587374054849
-32.6208174628591,-15.3654619479325,7.58150149433904,0.0269120900293453,0.0963106401715429,0.0339104322648236,0.062749288488785
-32.5156684525687,-15.1981782928855,7.51409217158167,0.0333382880258767,0.0942791522633911,0.071810722264579,0.0730045027836508
-32.2276256462443,-15.1032152093904,7.12406580287463,0.066680691213172,0.0745230529388967,0.221362115111173,0.0204400305561974
-32.0554660530229,-15.0076216896109,7.12128772340944,0.0668874645984535,0.0743375213441411,0.105272128622998,0.0212559984353318
-31.8971797156796,-15.0051926877102,6.96795764656135,0.0774563061750819,0.0632496690403354,0.0808300311682302,-0.0608206671396347
-31.8191997580754,-15.0841385884968,6.78247368647744,0.0877923508794326,0.047880091134652,-0.00981239327530514,-0.12682599192124
-31.6714573531366,-15.0684829711913,6.24014472943191,0.099907389731325,-0.00430272902622761,0.0478350152074858,0.0199583463317823
-31.5700645661897,-15.0250956272269,6.19573414262361,0.0996178583263154,-0.00873397403695192,0.00177492862055573,0.0521213180013058
-31.488853361781,-15.0589540333149,5.97139006597816,0.0951784381713672,-0.0306767812402025,-0.013967233762598,-0.00318162484780693
-31.5329185416788,-15.0948458294844,6.06028189673037,0.0975259726749341,-0.0221062130137208,-0.141591152572764,-0.0137855831557734
-31.4477927324128,-15.1474555238932,5.82729746249618,0.0897870499915681,-0.0440259656772189,-0.00466124072554375,-0.00858372873157354
-31.5087076768936,-15.1584879836694,5.82515305424343,0.0896924339775907,-0.0442184043942737,-0.150607378458397,0.0331859446180838
-31.3214611949368,-15.0975392182192,6.51077056081455,0.097421406364364,0.0225625703763879,0.0898250755924157,0.0383861950738513
-31.1786951691474,-15.1170228066165,6.33076582529131,0.0998868260684872,0.00475625671760767,0.0428791997209077,-0.0242398451149226
-30.9833147466229,-14.9721427311856,6.29529517933613,0.0999926676394252,0.00121095761752655,0.0953877548850923,0.143669117813314
-30.8835319350539,-15.1220256840092,6.23313827089288,0.0998747908455608,-0.00500261467189708,-9.19792765423644e-05,-0.144880338151724
-30.7085734460409,-15.2370697790049,6.32157708917523,0.0999263126052589,0.00383823515643301,0.0750321764077266,-0.118882330152089
-30.6324299843243,-15.0799497234509,6.60837097598876,0.0947591424398991,0.0319484729534122,-0.0186156807233044,0.125171582600571
-30.5612490340973,-15.0803257239766,6.59792779749101,0.095087612813195,0.0309571621678718,-0.0239066625861812,-0.031333162693596
-30.4488491676072,-14.9940953757989,6.69616770008876,0.0915927936206287,0.0401342765821052,0.0208070728694367,0.0460960715956218
-30.4141984492316,-15.0261027194091,6.99552878257116,0.0756832238572831,0.065360918189453,-0.0410325054816632,-0.0973682617996414
-30.4250682400674,-14.8446226967832,6.81656656587124,0.0861092802574769,0.0508447819696309,-0.0969790710933256,0.130635240656244
-30.3733019937789,-14.8400022517027,7.04766465504705,0.0721742830509807,0.0692161315451602,-0.0204080367624544,-0.064595686464636
-30.300252461953,-14.6913674711274,6.9673039943431,0.0774976329115717,0.0631990260455276,-0.00444810108562188,0.0854357545297888
-30.3719219399463,-14.568682715147,7.06164852798496,0.0711993483287665,0.070218607203212,-0.142868826322134,0.0524661487771465
-30.3238832864358,-14.3815949790159,7.02595315284347,0.0736599407549362,0.0676329293168593,-0.0256212872444113,0.119454806814262
-30.2119438285921,-14.3798111023655,7.38607043243054,0.0451022992280493,0.0892512330690367,0.0668371586156786,-0.0874673564186077
-30.0736822065308,-14.1843209648286,7.68969223182445,0.0163551342817442,0.0986534823644159,0.121906487779498,0.0968366551724267
-29.9068387729154,-14.159853748446,6.95347743519819,0.0783640225032263,0.0621214936806404,0.0884794111121749,-0.037654277297968
-29.7649829750283,-14.282824078173,6.58627296208496,0.0954419472259238,0.0298468542684815,0.0464138506611975,-0.152817183995518
-29.7535966613657,-14.2275063760877,6.8670495174862,0.0834338730367501,0.055125210476582,-0.0720475593741698,0.000192491608765444
-29.6604498284583,-14.1471806335776,6.78022814887555,0.0878996459904002,0.0476828295591015,0.00524718691701143,0.0326429129509047
-29.5229055073493,-14.0714627983003,6.72086641280908,0.090573693841609,0.042384029821225,0.0469706272673782,0.0333338054561407
-29.304618880617,-14.0070796267578,6.20377982107194,0.0996849040537423,-0.00793220674189696,0.118601722678565,0.0723153782843418
-29.1457720681562,-14.1059612630869,6.08141095854504,0.097971252659258,-0.0200407996940199,0.0608755598015862,-0.0788408366350075
-28.9469821805441,-14.1233167700281,6.09956202936037,0.0983188562312194,-0.0182593129494188,0.100471031380856,0.000903806008196728
-28.7749655545982,-14.1491524247287,5.70273752389149,0.0836217170103508,-0.0548398435833001,0.0883949089355149,0.0290041888826491
-28.7647175891393,-14.269207996725,5.29678820147916,0.0551698406071753,-0.0834043685149577,-0.0449218751482223,-0.0366512034812954
-28.7089942877582,-14.4596592832987,5.4259989485162,0.0654567179978033,-0.0756003840529667,-0.00973341661675597,-0.114850902520772
-28.4998637704116,-14.44513531433,5.590829629508,0.0769744400051761,-0.0638352221417733,0.132156077341472,0.0783591911105432
-28.443498473935,-14.4547550537903,5.55736232340138,0.0747953418835527,-0.0663751220904524,-0.0184300454069313,0.0567553826300773
-28.3810552379934,-14.5725460748531,5.52191442873585,0.0723959890209723,-0.068984206697441,-0.00995275307942856,-0.0488068143653484
-28.3930188357843,-14.712812305014,5.36984225664401,0.0611102973901192,-0.0791551107187097,-0.0730738951809586,-0.0611111194421734
-28.3682122837822,-14.7717722099376,5.1477154552185,0.0421706449149552,-0.0906732414081286,-0.0173640929128713,0.0317133364845152
-28.4000343830392,-14.9058355249986,5.03003125452,0.0312327651475616,-0.0949974440773922,-0.0630548644045743,-0.0390658709835492
-28.449430307338,-15.0113479477176,4.51110436092851,-0.0199928179116302,-0.0979810554747825,-0.0294031063871654,-0.00753136724420811
-28.2734245613503,-15.0817735470434,4.47492751105212,-0.0235236091943977,-0.0971938259894591,0.199529355182108,0.0267682266636236
-28.1942204072116,-15.0670425610216,4.31508641454389,-0.0386932427201177,-0.0922108072180374,0.11789739685881,0.106941793239802
-28.2557145896805,-15.120305799378,4.46611662286793,-0.0243790489636816,-0.0969827921418352,-0.0371151335052584,0.0437195537854578
-27.9932268415032,-15.2533108588564,4.82745143717207,0.0114808732416652,-0.0993387615667158,0.2510068749357,-0.0336662979117297
-27.9393466618475,-15.3979429051511,4.98589802382207,0.0270111701505533,-0.0962828992453897,0.0268690095050779,-0.0483491470492474
-27.8562555598421,-15.6529779015345,4.98332227939034,0.0267630806809697,-0.0963521536472533,0.056328021324502,-0.158682842736167
-27.9702966090765,-15.8323992634388,5.08406587076469,0.0363178333564924,-0.0931719645617181,-0.150358882590928,-0.0862493973426073
-27.9599634813299,-15.937571898305,5.3217189276076,0.0572318124110626,-0.0820031685250329,-0.0468986846644239,-0.0231694663411144
-28.0048880222736,-15.9461997065247,5.35544658457345,0.0599645137319114,-0.0800266024075458,-0.104889054675679,0.0713987941878345
-27.842045266866,-15.8730855517758,5.60076326093812,0.0776047473720058,-0.0630674494912166,0.0852380080356596,0.136181604240141
-27.7097610263669,-15.9209994790337,5.94945140855825,0.0944825807669913,-0.0327573187487768,0.0378016597320379,-0.0151566085091113
-27.5593742983688,-16.0703809986258,6.26067639807191,0.0999746685200845,-0.00225070084623146,0.0504120594780315,-0.147130818745956
-27.4588084206095,-16.0288021490122,5.92813616977187,0.0937629407997894,-0.0347636438333957,0.00680293695956402,0.0763424934470414
-27.3464753918101,-16.0007597397591,6.07942022090033,0.0979311625794739,-0.0202357949147705,0.0144018662199,0.0482782041679055
-27.351318331154,-16.0809595573642,5.32933283703075,0.0578545121737379,-0.0815650379828197,-0.062697451517681,0.00136522037771192
-27.369416043745,-16.0995467848117,5.43313025742745,0.0659941787084885,-0.0751316735910501,-0.0840918912994721,0.0565444461435143
-27.1315243743118,-16.1131540971291,5.52533578286934,0.07263158424009,-0.0687361111118072,0.165260085193116,0.0551287987944336
-26.9736766058461,-16.0648432316189,5.82295001611446,0.0895948015699962,-0.0444158927821225,0.0682529668957081,0.0927267582922569
-26.8653149819343,-16.1448159080704,5.51032355992264,0.071591556952285,-0.0698186864180911,0.0367700669595118,-0.0101539900333254
-26.9850590007055,-16.2119250712323,5.07491181403633,0.0354634221714215,-0.0935005116985545,-0.155207440942645,0.0263913485365892
-26.8150156713066,-16.3506205681488,4.61261846789351,-0.00996050729928377,-0.0995027049599201,0.180003836698203,-0.0391927919565522
-26.6035414970017,-16.6075304825219,4.74515077195691,0.00327559311572143,-0.0999463380506772,0.208198581189203,-0.15696357632239
-26.5123909252514,-16.6782717199002,4.92481543333033,0.0210832429839683,-0.0977522217920337,0.0700673287663059,0.0270109844136646
-26.3947434689239,-16.6894800903024,5.5704763729083,0.0756593320757434,-0.0653885729302329,0.0419881242517295,0.0541802025280425
-26.3312581994761,-16.593823770603,5.80489221002247,0.0887781842446836,-0.0460264489420704,-0.0252929147968742,0.141682768641449
-26.2567847613492,-16.7317051032532,5.57221673700932,0.0757730173622346,-0.0652567991846251,-0.00129957923528934,-0.0726245334654942
-26.1702758627526,-16.5336514991068,5.27073168989021,0.052978132124081,-0.0848134276906872,0.0335307664725286,0.282867031837066
-26.1890350943592,-16.7134402705483,4.41507605936364,-0.0292952078267352,-0.0956127125354594,0.0105359762200907,-0.0841760589060989
-26.159369281217,-16.8097787534889,4.4881598495684,-0.0222354857179286,-0.0974965803240698,0.0519012988601449,0.00115809738353523
-26.1760812747981,-16.9338020335603,4.02573526154692,-0.0633952817186712,-0.0773371725356592,0.0466832881376135,-0.0466861075357907
-26.1331757510271,-16.9458358528017,4.08859446507189,-0.0584119244425112,-0.0811667855894415,0.101317448213447,0.0691329663480711
-26.1751879016605,-17.0380391628794,4.03043361910823,-0.0630312256558361,-0.0776341715504395,0.0210190750224477,-0.0145691385273072
-26.1708784329176,-17.1903186574831,4.05295372454245,-0.0612670610727231,-0.0790338359660672,0.0655765298155881,-0.073245658637572
-26.2708244643352,-17.1499389751448,4.05223914888346,-0.0613235210812922,-0.0789900358411889,-0.0386225103362934,0.119369718179433
-26.4858548655315,-17.3721534352595,3.71764952476001,-0.0838617070536953,-0.0544721404943865,-0.131168694142536,-0.167742319620302
-26.6715380516716,-17.4282302843154,3.53714620867846,-0.0922783410429129,-0.0385319059270089,-0.0934048450972538,-0.0175449431288537
-26.6241453161986,-17.3796466345091,3.63358198964145,-0.088139488028445,-0.0472380212337859,0.135532223501488,0.0958216710400595
-26.7871219276874,-17.5341491374605,3.87786172092545,-0.0740979136004865,-0.0671528048561997,-0.0888786978882773,-0.0873496980952324
-26.8398847334038,-17.6575968137569,3.76651835120145,-0.0811006591391369,-0.0585037014828765,0.0283378534226461,-0.0649439748134699
-26.9111193819635,-17.6308351255474,3.35782001318081,-0.0976713804396086,-0.0214546368652851,0.0264367318799487,0.0482163250748271
-27.0498938620799,-17.6870465299902,3.94744024236971,-0.0692500018161892,-0.0721417857310019,-0.0695244783002278,0.0159303812881206
-27.1822021822522,-17.6695816120919,4.22520557890961,-0.0468138847239196,-0.0883654921168641,-0.0854944354483287,0.105830410015199
-27.2271584638839,-17.702576472109,4.26996509019385,-0.0428131230351747,-0.0903716575922728,-0.00214315859655895,0.057376797575194
-27.1396932661769,-17.897141069234,4.06190794157141,-0.0605569282907435,-0.079579258830362,0.148022125997774,-0.114985338294678
-27.2565531175989,-17.899173038689,4.3426590177531,-0.0361363655560591,-0.0932424961291731,-0.0807234858659346,0.0912105266742045
