X,Y,Theta,FmPi_x,FmPi_y,Xi_x,Xi_y
0,0,3.1875003118014,0,0,0,0
-0.0975819807128582,-0.0948553457258129,3.30897730962415,-0.0986023865731032,-0.016660413022741,0.00102040586024506,-0.0781949327030719
-0.250010834611901,-0.0585579364619756,3.12296326214576,-0.0999826477905764,0.00186283138945611,-0.0524462061084662,0.0344345778743812
-0.484961162331895,-0.0834643853185587,3.61990649249147,-0.0887772295567397,-0.0460282903465895,-0.146173098163254,0.0211218414900064
-0.48185543875515,-0.103509652154697,4.10077205439706,-0.0574192020837349,-0.0818720662501394,0.0605249256604798,0.0618267994140012
-0.509844503778251,0.0145153278849988,3.9367700797728,-0.0700158096924595,-0.0713987842551208,0.0420267446693582,0.189423764294817
-0.674766995354458,-0.145465964466455,3.91438908562079,-0.0715961170228532,-0.0698140102504498,-0.0933263745533541,-0.0901672821010036
-0.764435291873656,-0.140631672133028,3.37778944097882,-0.0972234981384391,-0.0234006711383442,0.0075552016192415,0.028234963471771
-0.676774556101922,-0.222239710297452,3.70289201696434,-0.0846564192087549,-0.0532286641458487,0.172317154980489,-0.0283793740185756
-0.670443123880943,-0.332495572280615,4.14745816163064,-0.0535357385038276,-0.0844625639135457,0.0598671707248062,-0.0257932980696168
-0.787102829369779,-0.361198155220474,3.75626423936984,-0.0816962884233541,-0.0576690251161586,-0.0349634170654812,0.0289664421762991
-0.869702382365817,-0.291304295329851,3.5382944928409,-0.0922340346382143,-0.0386378422580336,0.00963448164217628,0.108531702148657
-0.870434827919411,-0.405144874701445,4.10086936528613,-0.057411234768328,-0.0818776533760948,0.056678789214734,-0.0319629259954997
-0.89719374256482,-0.458858004070585,4.01681305092899,-0.0640827678050876,-0.0767684757595149,0.0373238531596784,0.023055346390375
-0.850067490741398,-0.681362747140456,4.05251796217602,-0.0613014952260565,-0.0790071305835731,0.108427747049479,-0.143497612486298
-0.975341945752064,-0.814951369794068,4.35160259894373,-0.0353010096169588,-0.0935619512410006,-0.0899734453937073,-0.0400266714126109
-1.08946396596865,-0.922181351503417,4.1999154804602,-0.0490334484772691,-0.0871534332681564,-0.0650885717393131,-0.0200765484411923
-1.25494572821813,-0.932512305009137,4.08794338670466,-0.0584647579965165,-0.0811287376483128,-0.107017004252964,0.0707977841425923
-1.19976571512983,-0.810811652409534,3.6330837459448,-0.0881630131336211,-0.0471941004279237,0.143343026221913,0.168894753027527
-1.16671755788357,-0.887659720835397,4.06947072508242,-0.0599533615318136,-0.0800349576187534,0.0930015187780833,0.00318688919289073
-1.10043773058753,-0.930576516060558,4.27878381012766,-0.0420145062531368,-0.0907456955690193,0.108294333549174,0.0478289003438581
-1.13193070080878,-1.13046315023732,4.6696318952589,-0.00427440584584544,-0.0999086055085597,-0.0272185643754029,-0.0999780286682022
-1.15413966286455,-1.17231705174121,4.44239057457999,-0.0266729900249454,-0.096377132158667,0.00446402796916706,0.0545232306547747
-1.27265665481676,-1.33671299480249,4.19999481777568,-0.0490265338035282,-0.0871573231760333,-0.0694904581486741,-0.0772386198852464
-1.45027584112036,-1.60246541967627,4.47308257629931,-0.0237028853253652,-0.0971502610766054,-0.153916300978242,-0.16860216379717
-1.54337623196188,-1.65558205954111,3.90714114488109,-0.0721002398431734,-0.0692932566311966,-0.0210001509983415,0.0161766167663579
-1.57827588471119,-1.72045092512479,4.21954301143249,-0.0473135070777338,-0.0880989900509946,0.012413854328419,0.0232301244673067
-1.5865538868938,-1.90461479703214,4.42038725788369,-0.0287869789261146,-0.0957669559102065,0.0205089767435092,-0.0883969159971427
-1.63449784931255,-2.0198218175628,4.92462675851099,0.0210647992260284,-0.0977561979291703,-0.0690087616447745,-0.0174508226014876
-1.76628485772885,-2.04964609058596,4.74765805251721,0.0035261760677017,-0.0999378110743855,-0.135313184484002,0.0701135380512245
-1.73420305088744,-2.17210937217022,4.76361927241274,0.00512078856193835,-0.0998688015573629,0.0269610182794654,-0.0225944800268955
-1.7905225750954,-2.34794396641977,4.73393313674908,0.00215424897806239,-0.0999767933639628,-0.0584737731860241,-0.0758578008855863
-1.6784390959519,-2.41141376643194,4.65398610292735,-0.0058369682094695,-0.099829503665608,0.117920447352976,0.0363597036534391
-1.79167477491083,-2.5254543592175,4.43346858245627,-0.0275317930271708,-0.0961353232308969,-0.0857038859317595,-0.0179052695546674
-1.78573671470197,-2.53974785724938,4.00726447222034,-0.064812865136862,-0.0761530860356358,0.070750925345722,0.0618595880037556
-1.8847009971923,-2.67711768716258,3.76330509266557,-0.0812882276507853,-0.0582428025200891,-0.0176760548395462,-0.0791270273931135
-1.88285974919161,-2.69694842002485,3.66855565011944,-0.086433839566623,-0.0502910665801719,0.0882750875673083,0.030460333717908
-1.97210870367104,-2.72816752407039,3.13049542653289,-0.0999938426407719,0.00110969992905896,0.0107448881613409,-0.0323288039745971
-2.08764910491868,-2.64877897985778,3.30086581581457,-0.0987342821083584,-0.0158600610511785,-0.016806119139277,0.0952486052637834
-2.115755178177,-2.64574288480782,3.38985467114695,-0.096934094189184,-0.0245719633672688,0.0688280209308595,0.0276080584172344
-2.20264423037668,-2.71188500529969,3.36454632400912,-0.097524861494151,-0.0221111146382689,0.0106358092944716,-0.044031005853605
-2.38875553776695,-2.60713955739728,3.46634454232773,-0.0947729921351541,-0.0319073653213489,-0.0913383152551082,0.136652813223762
-2.59893641745621,-2.64878808943236,3.02064641705523,-0.0992694915344286,0.0120651585358838,-0.110911388154834,-0.0537136905709713
-2.6368211477057,-2.60983784719428,3.32658181589347,-0.0982938244129176,-0.0183935880752647,0.0604090941634227,0.0573438303133456
-2.81802777117961,-2.4931543497355,2.95460987761191,-0.0982569593943878,0.0185895113052933,-0.0829496640795172,0.098093986153495
-3.0162762732792,-2.49674736081449,2.98935762491263,-0.0988434610073225,0.0151647689100072,-0.0994050410922707,-0.018757779989004
-3.19768175022189,-2.56982231391634,3.43394556501884,-0.0957568403364988,-0.0288206094448101,-0.0856486366061939,-0.0442543436570358
-3.28415404261669,-2.66637603525316,3.4131841358492,-0.096334517766876,-0.0268264922534323,0.00986222537207737,-0.0697272290833885
-3.38821605061769,-2.82328834546981,3.78075665351918,-0.0802594732966499,-0.0596524680641492,-0.0238025347043501,-0.0972598421525031
-3.46282681221558,-2.94484207747641,3.96960424369997,-0.0676341734988055,-0.0736587983552099,-0.00697658809907853,-0.0478949336513856
-3.56082528164606,-3.03178012187345,4.08866773437531,-0.0584059772518863,-0.0811710651725856,-0.039592492178599,-0.00576697922446209
-3.58773346202529,-3.06793472401973,4.05469619348367,-0.0611292541284934,-0.079140471881927,0.0342210737492608,0.0429858697356507
-3.7278712916328,-3.14360957721068,3.86867666868805,-0.07471158132814,-0.0664693885593114,-0.0654262482793637,-0.00920546463164103
-3.72427102774592,-3.16816851083567,3.79716316635734,-0.0792700265932195,-0.0609611588137093,0.0828702904800993,0.0364022251887237
-3.82932136870608,-3.11855798104907,3.72979962437727,-0.0831936914414858,-0.0554870228462373,-0.0218566495186727,0.105097552632834
-3.86545154179824,-3.1744056426033,4.09848073857466,-0.0576066459513771,-0.0817402859196901,0.0214764728592128,0.0258926243654638
-3.81508716065896,-3.29134381217083,4.02026265915714,-0.0638175658790809,-0.0769890790000061,0.114181947018362,-0.0399490905675261
-3.72679139924489,-3.45095049506512,4.37228815714461,-0.0333582142025631,-0.0942721037487544,0.121653975616631,-0.0653345791455394
-3.69806824742905,-3.4499678347291,4.41000776143104,-0.029779423203704,-0.0954630082998367,0.0585025750195461,0.0964456686358606
-3.72639881668121,-3.58136477756061,4.51001136008308,-0.0200998993245599,-0.0979591447856838,-0.00823066992760291,-0.0334377980458279
-3.52177580142077,-3.5329066444057,4.49584246322599,-0.0214858083322685,-0.097664528055528,0.226108823592711,0.146122661210443
-3.44724055235512,-3.67209962040625,4.48907611058493,-0.0221461440809072,-0.0975169129041096,0.0966813931465566,-0.0416760630964452
-3.48922243003388,-3.72907651605013,4.22001942093938,-0.0472715305136353,-0.0881215206569794,0.00528965283487892,0.0311446250130986
-3.52019197588226,-3.64112540234337,4.78409502042487,0.00716446066736773,-0.099743022329112,-0.0381340065157524,0.187694136035873
-3.49399516080643,-3.62453739318682,4.89826193065276,0.0184804517795044,-0.0982775299955458,0.00771636329632813,0.114865539152095
-3.49967873078722,-3.67077936041072,5.23591671166676,0.0499938472555575,-0.0866060923756983,-0.0556774172363488,0.0403641251518032
-3.47113671236616,-3.73878213931593,5.75745165857862,0.0864955994560178,-0.0501847713429497,-0.0579535810349536,-0.017818007562261
-3.36036685248511,-3.8255292818632,5.72410033985413,0.0847740808976067,-0.053041070954177,0.0259957789834405,-0.0337060715930887
-3.31966880885543,-4.03907249821237,5.7224336757264,0.0846855615468846,-0.0531822871404457,-0.0439875179172027,-0.160360929208724
-3.16279878981837,-4.06797347258659,5.62019364304362,0.0788154459302201,-0.0615477496162171,0.0780545731068394,0.0326467752419938
-3.15344586704832,-4.25658896644302,5.28774615789031,0.0544134496600511,-0.0838998003340478,-0.0450605268899997,-0.104715693522388
-2.93125451458035,-4.21163264805901,5.76497777601352,0.0868708427234938,-0.0495323801619709,0.135320509744477,0.0944886985459893
-2.86306975473214,-4.20633198536682,5.43059762338527,0.0658036862267451,-0.075298571559971,0.00238107362146395,0.0805992342521549
-2.86617546149907,-4.34948702240289,4.91994210086546,0.0206066154372444,-0.097853806263331,-0.0237123222041768,-0.0453012307727338
-2.77528811407587,-4.48003343304015,4.9444803430063,0.023001331299164,-0.0973187482372544,0.0678860161240323,-0.0332276624000132
-2.7119094601762,-4.5764095928103,5.03364462698405,0.0315758216547227,-0.0948839685448978,0.0318028322449526,-0.00149219122524569
-2.61178740462126,-4.69398392194566,5.11298281579244,0.0389965232245103,-0.0920829581214691,0.0611255323304294,-0.0254913710138969
-2.62364167230503,-4.70298369743568,5.0340798668069,0.0316171159443171,-0.0948702165031977,-0.0434713836280918,0.0858704410131809
-2.55677798297093,-4.76480990186327,4.43447892731063,-0.0274346491623664,-0.0961630907642733,0.0942983384964722,0.0343368863366849
-2.66919320783706,-4.77520961704564,4.15485149419828,-0.0529098212066089,-0.0848560594176083,-0.0595054036595277,0.0744563442352346
-2.66647168148691,-5.05296231318722,4.37599948830662,-0.0330081102719998,-0.0943952575941795,0.0357296366221489,-0.183357438547398
-2.67402256019293,-5.29431780897525,3.93466310841621,-0.0701660893629496,-0.071251104577477,0.0626152106569333,-0.170104391210558
-2.7667562703507,-5.33071786761681,3.83756678519631,-0.0767429517778241,-0.0641133320958018,-0.0159907583799431,0.0277132734542464
-2.88137426826121,-5.26904188637464,3.99939241680703,-0.0654103320663201,-0.0756405212764543,-0.0492076658441959,0.13731650251862
-2.92559683531024,-5.2766144760631,3.62852293862485,-0.0883773386498856,-0.0467915164657381,0.0441547716008602,0.0392189267772781
-3.01394786018087,-5.53461056196466,3.70327241396203,-0.0846361650602397,-0.0532608633416308,-0.00371485981038944,-0.204735222559927
-3.01126054189674,-5.54643968962181,3.26715838293446,-0.0992126976301603,-0.0125236028740291,0.101900015914285,0.000694475216879958
-3.01758612717016,-5.50542860360711,3.08388565863761,-0.0998335413379998,0.00576749719669426,0.093507956064582,0.0352435888180074
-3.13628553804831,-5.61609211688567,3.52834702327116,-0.0926138137192337,-0.0377184505034219,-0.0260855971589098,-0.0729450627751451
-3.12385628082431,-5.63717956292303,3.40027868607606,-0.0966726939289747,-0.0255810525294557,0.109101951152974,0.00449360649210251
-3.34133605477949,-5.70681132037732,3.64169964952459,-0.0877531260283461,-0.0479519433626335,-0.129726647926836,-0.0216798140916613
-3.42945896933796,-5.76059140443625,3.93425396689299,-0.070195235274806,-0.0712223907539941,-0.0179276792836669,0.0174423066950657
-3.59018580781839,-5.78123964907368,3.66588548448935,-0.0865678167573933,-0.0500600949046081,-0.0741590217230406,0.0294118502671769
-3.67912112438274,-5.91520905586608,3.64554588114315,-0.0875680431153191,-0.0482891066903666,-0.00136727344902832,-0.0856803001020342
-3.7894686976251,-5.85755939859684,3.56926216842925,-0.090993479164582,-0.0414751341109921,-0.019354094077772,0.09912479138023
-3.72203585301223,-5.9190501740983,3.5937751692834,-0.0899495639419314,-0.0436929736531676,0.157382408554796,-0.0177978018482926
-3.79685423300497,-5.86668947406553,3.46751019087028,-0.0947357349839373,-0.032017815619639,0.0199173549911966,0.0843785156524146
-3.88560958097168,-5.89196161203539,3.94782798621091,-0.0692220240780748,-0.0721686315689471,-0.0195333238886355,0.0468964935990879
-3.96790295456499,-5.87821744796362,4.23868388672383,-0.045618651328971,-0.0889884186336951,-0.0366747222643389,0.102732582705465
-4.06802478051692,-5.87670396238526,4.00313890465404,-0.0651264873807867,-0.0758850488662966,-0.0349953385711425,0.0773985344446563
-4.13351928278097,-5.91626580169208,3.92240960301555,-0.0710338757124425,-0.0703859964855885,0.00553937344838984,0.0308241571787651
-4.11693489019574,-5.92286870984724,4.03593732505478,-0.0626029975312429,-0.0779798993337591,0.0791873901164776,0.0713769911785981
-4.04950398509563,-5.94658392305883,4.42320305243079,-0.0285172050886429,-0.0958476343679503,0.0959481101887514,0.0721324211563669
-4.04817460855,-5.93872309083271,4.70338707115395,-0.000900178765388993,-0.0999959483088707,0.00222955531101665,0.10785678053499
-4.07692348390378,-6.02367232114649,4.33615648572459,-0.0367419096279046,-0.0930055486349868,0.00799303427413145,0.00805631832120479
-4.09892192266203,-6.1679451390564,4.56486322250394,-0.0146991218501941,-0.098913779711591,-0.00729931690805696,-0.0453590381983167
-4.1821613909278,-6.26557959630553,4.55949486048087,-0.0152299124694556,-0.0988334445730428,-0.0680095557963195,0.00119898732390511
-4.14287210887829,-6.29306111670065,4.23406106400596,-0.0460295401014409,-0.0887765815857416,0.0853188221509483,0.0612950611906207
-4.13279019119619,-6.34417167256994,4.15944649571877,-0.0525193502876391,-0.0850982834454624,0.0626012679697436,0.0339877275761755
-4.20836949092535,-6.50502098448733,4.11579447153221,-0.0561828531516799,-0.0827253710280998,-0.0193964465774814,-0.0781239408892889
-4.2795526713313,-6.65911060111531,3.9250140108921,-0.0708503211668952,-0.0705707587499794,-0.000332859239051242,-0.083518857878
-4.35023699486704,-6.73944480925159,4.04332195063735,-0.0620254434581507,-0.0784400686117736,-0.00865888007758908,-0.00189413952450379
-4.42319178698057,-6.89941475365725,4.09064913997616,-0.0582450299039985,-0.0812866316898561,-0.0147097622095324,-0.0786833127158031
-4.43400725942671,-6.89277468711504,3.71050408135416,-0.0842487904690098,-0.053871525915913,0.0734333180228693,0.0605115924581151
-4.53957168967265,-7.01208869584694,3.80599293325612,-0.0787286706502217,-0.0616587091792305,-0.0268357595957236,-0.0576552995526621
-4.68396662192749,-7.16022853149662,4.45977264917428,-0.0249938105408563,-0.0968261815556504,-0.119401121713979,-0.0513136540940379
-4.8434122392399,-7.29395910767112,4.3426606243423,-0.0361362157536251,-0.0932425541853475,-0.123309401558788,-0.0404880219891525
-4.91471952831887,-7.39961139614538,3.96905546506743,-0.0676745856871266,-0.0736216710763601,-0.00363270339183841,-0.0320306173978915
-4.94635235292643,-7.35931942855452,3.7799906152744,-0.0803051458153993,-0.0595909687416429,0.0486723212078388,0.0998829363324987
-5.06910070386798,-7.3191523701987,3.94786054969735,-0.0692196739791185,-0.0721708856411264,-0.0535286769624354,0.112337943996945
-5.1794313503094,-7.41336966310686,3.91144135773701,-0.071801598376848,-0.069602661375337,-0.0385290480645707,-0.0246146315328163
-5.24400297625,-7.35008437761989,4.07249465672814,-0.0597110675481174,-0.0802158862836044,-0.00486055839248045,0.143501171770569
-5.38369619110271,-7.45605072380881,3.86906819623894,-0.0746855510054815,-0.0664986351063511,-0.0650076638472288,-0.0394677110825715
-5.44620899169059,-7.49175339434413,3.49460216193256,-0.0938336506580789,-0.0345723300368605,0.0313208500701985,-0.00113034049846006
-5.55445110418184,-7.49871788188759,3.43837098885843,-0.0956283596732394,-0.0292440904492781,-0.0126137528180156,0.0222796029058185
-5.69707301724432,-7.61949762438456,3.42256731279611,-0.0960785629293978,-0.0277292218683063,-0.0465433501330756,-0.0930505206286577
-5.79213854366851,-7.67639169445668,3.11472441505585,-0.0999639070592804,0.00268650059436876,0.00489838063509324,-0.0595805706664947
-5.9014732214992,-7.64779841745345,3.01540270693114,-0.0992048608519434,0.012585530713742,-0.0101298169787469,0.0160077462894869
-5.98300464350218,-7.7355276248498,3.62876470049395,-0.0883660236627422,-0.0468128813686541,0.00683460165976124,-0.040916326027692
-5.9102582185943,-7.75056186902494,3.68138049808769,-0.0857817738839746,-0.051395401246791,0.158528198791856,0.0363611570716502
-5.999327627203,-7.88465767719903,3.83355733333711,-0.0769993935599909,-0.0638051204167318,-0.0120700150487172,-0.0702906877573563
-6.10042751870035,-8.07403052585715,3.73524309008356,-0.0828904186607683,-0.055939060541294,-0.0182094728365821,-0.133433788116831
-6.12758234113763,-8.10365798042298,3.79294317530886,-0.0795265755420422,-0.0606260981966996,0.0523717531047678,0.0309986436308767
-6.29668196716466,-8.13428293541333,4.00268988871916,-0.0651605544105535,-0.0758557983868688,-0.103939071616481,0.0452308433965132
-6.39440874503815,-8.34556506940657,3.96984634320888,-0.0676163387579776,-0.0736751703965889,-0.0301104391155063,-0.137606963596653
-6.40552352616121,-8.43336293566865,4.35101680759842,-0.0353558113383147,-0.0935412561633074,0.0242410302152503,0.00574338990123402
-6.42420184889995,-8.53771945386846,4.87744674915487,0.016430931489165,-0.0986408865045239,-0.0351092542279058,-0.00571563169528971
-6.44487050726413,-8.45784102416265,4.411077999701,-0.0296772380035379,-0.0954948246999876,0.00900857963936053,0.175373254405795
-6.54645717483779,-8.49638110522989,4.37862768924217,-0.0327599068525823,-0.094481683425996,-0.0688267607210818,0.0559416023587564
-6.49373952291608,-8.56935753904433,4.68800252162563,-0.00243840417289874,-0.0999702665050443,0.0551560560946096,0.0269938326906128
-6.3993307828802,-8.58426490861879,4.60200959536,-0.0110155384986531,-0.0993914378182784,0.105424278534539,0.0844840682438147
-6.38073851212072,-8.64997941906614,4.5610627363654,-0.0150749352392655,-0.0988572016978629,0.0336672059987385,0.0331426912505122
-6.49390309675524,-8.77360108555765,4.37338265921125,-0.0332550132303041,-0.0943085579099389,-0.0799095714042128,-0.029313108581573
-6.47077668682016,-8.86275783671673,4.27605622836355,-0.0422618659630224,-0.0906307601497611,0.065388275898099,0.00147400899068373
-6.5671060884469,-8.99957968159742,4.09954455794606,-0.0575196564711404,-0.0818015227208027,-0.0388097451555907,-0.0550203221598949
-6.70917211660633,-9.10165935340684,4.27623054057312,-0.0422460672729877,-0.0906381255320641,-0.0998199608864525,-0.0114415462773543
-6.64807128527091,-9.3076069665765,4.05106924026314,-0.0614158902177381,-0.0789182388853346,0.122516721553163,-0.127029374284325
-6.85024885669426,-9.26433887666274,3.8799139554214,-0.0739599443568053,-0.0673047296312693,-0.128217627066541,0.110572819545026
-6.89139159745278,-9.38201020750604,3.81068817276741,-0.0784383015103938,-0.0620276781458452,0.0372955607518658,-0.0556436526974479
-6.92260354437636,-9.26960159265993,3.19171700444994,-0.0998744037720389,-0.00501033643378889,0.0686624568484634,0.117418951279897
-7.10553565869005,-9.21653191795694,3.29811733116716,-0.0987775002603467,-0.0155886318295485,-0.0841546140533453,0.0686583065325373
-7.26775223805342,-9.3213662428625,3.62251927260132,-0.088656664868033,-0.0462600883535395,-0.0735599144953341,-0.0585742365520197
-7.48515098840574,-9.43308667327106,3.61230773797092,-0.0891244208364046,-0.0453523716091612,-0.128274329515914,-0.066368058799394
-7.54585108257227,-9.41130163880257,3.08972471376868,-0.0998655159949964,0.00518446863748968,0.0391654218284666,0.0166005658310003
-7.66818816106724,-9.34996778520165,3.42023965062171,-0.0961428468547352,-0.0275055085149671,-0.0261942316402342,0.0888393621158875
-7.87292019866347,-9.32033918851525,3.49314270218971,-0.0938840076301849,-0.0344353468298984,-0.110848029966047,0.064063943516296
-8.0387397370443,-9.34187984777791,3.49424055123191,-0.0938461462473422,-0.0345383965250626,-0.0719733921334904,0.0129977372624044
-8.21724076973269,-9.62441174254414,3.68577238587885,-0.0855552244671726,-0.0517716482871824,-0.0929458082212148,-0.230760246479054
-8.35407044971028,-9.69836530587651,3.64146317328267,-0.087764463069978,-0.0479311904926059,-0.049065216907614,-0.0260223728397629
-8.44885065243446,-9.68854601284604,3.20337760131958,-0.0998091917222603,-0.00617456457971705,0.00502898899808675,0.0159938576101899
-8.50745516576419,-9.48879779740639,2.56383194001558,-0.0837687734272427,0.0546149484893585,0.0251642600975097,0.145133266950292
-8.49309310882521,-9.63550396225602,2.69457372120611,-0.0901739761072566,0.0432279311673357,0.104536033046239,-0.189934096016961
-8.44025529746932,-9.5965405507201,2.39388451988918,-0.0733249170756298,0.0679960038226661,0.126162728431519,-0.0290325922867497
-8.45123160873072,-9.4918926480461,2.49213382738309,-0.0796411192981752,0.0604755497447839,0.0686648080367775,0.0441723529292196
-8.6773940011834,-9.29932260279213,2.54132043876572,-0.0825181880280959,0.0564867121061212,-0.14364420442459,0.136083333147844
-8.57992288635824,-9.28140222620915,2.08864199027156,-0.0495009411684352,0.0868887612032714,0.146972055993601,-0.0689683846202912
-8.6596781908107,-9.35034631993911,2.3336296028126,-0.0690972337708534,0.0722881199452306,-0.0106580706816076,-0.14123221367519
-8.77245944858378,-9.31646638518549,2.1578462840589,-0.0553907295019598,0.0832578349781011,-0.0573905282711281,-0.0493779002244837
-8.70116684393554,-9.19701151968238,1.9682266744606,-0.0387050252694124,0.0922058621720667,0.109997629917661,0.0272490033310447
-8.6310534868738,-9.05950457884098,2.29677655199363,-0.0663868821956522,0.0747849040404586,0.136500239257389,0.0627220368009457
-8.77835893009829,-8.92097029036064,2.2509559160843,-0.0628917108288305,0.0777472360217568,-0.0844137323956561,0.0607870524585769
-8.74321606514401,-8.95759413094603,2.42685291167643,-0.0755263845371216,0.0655420875373286,0.110669249491398,-0.102165928122716
-8.74934323835921,-8.96055084445581,2.73627466213355,-0.0918977056099331,0.039431100715426,0.0857705323947375,-0.0423878142252013
-8.68086598545017,-9.01761874529621,2.79776940408663,-0.0941472774049495,0.0337089032339453,0.162624530313985,-0.0907768040743528
-8.7725256568791,-8.85662051803224,2.83737517842357,-0.0954081647369014,0.0299546674415904,0.00374849330797278,0.131043559822385
-8.91963695918727,-8.70142763115329,2.60867648292126,-0.0861329182427426,0.0508047280771093,-0.0609783840654213,0.104388158801839
-9.12327168317838,-8.54988579184315,2.15190419216404,-0.0548950288291878,0.0835854999975632,-0.148739695161922,0.0679563393125753
-9.29262216637787,-8.57639258537511,2.64263249992989,-0.0878080616235823,0.0478512728556845,-0.0815424215759185,-0.0743580663876388
-9.4512944811227,-8.62504806945036,2.8997286396895,-0.0970893206629185,0.0239512799911191,-0.0615829940819102,-0.0726067640663688
-9.55548603258061,-8.64562350532122,3.11854181515413,-0.0999734341186974,0.0023048797180046,-0.00421811733920779,-0.0228803155888637
-9.66127138219121,-8.67972654016837,3.20989929263208,-0.0997668008459523,-0.0068253533948136,-0.00601854876464514,-0.0272776814523336
-9.74066626337567,-8.74833498236927,2.98026295601034,-0.0987014565648351,0.0160630779111591,0.0193065753803673,-0.084671520112064
-9.89430873034384,-8.67346966443691,2.61869908374903,-0.0866377791290207,0.0499389149620917,-0.0670046878391424,0.0249264029702655
-10.1775091461271,-8.62821454156363,2.38509771774571,-0.0727246267187397,0.0686376621733285,-0.210475789064498,-0.0233825393000449
-10.3533278275777,-8.53709634391707,2.1852102806029,-0.0576479756266278,0.0817111430965919,-0.118170705823997,0.0094070545499671
-10.4303391253965,-8.48412680658093,2.18498698782634,-0.0576297286816069,0.0817240134359808,-0.0193815691372064,-0.0287544760998458
-10.5628578414766,-8.28187616166719,2.35038751272329,-0.07029887289813,0.0711200989119993,-0.0622198431819548,0.131130546001744
-10.7123454311408,-8.15461673956873,2.11341786075743,-0.0516382734832358,0.0856357910669981,-0.0978493161809502,0.0416236310314596
-10.7157797951682,-8.09860569751189,2.36843096734898,-0.07157061238643,0.069840156376052,0.0681362483589963,-0.0138291143192144
-10.7987565694418,-7.84379786590691,2.57514305664391,-0.0843811576183428,0.0536639566095195,0.00140438334475755,0.201143874995467
-10.8396214436455,-7.72914941729246,2.49086093283219,-0.0795640758015574,0.0605768754711237,0.0386992015978143,0.0540715731433267
-10.9998471368848,-7.81611884755748,2.54955852946038,-0.0829807253424412,0.0558050107216398,-0.0772449678968231,-0.142774440986657
-10.9970659447728,-7.83820061805121,2.8183258142168,-0.0948202716255307,0.0317665876175044,0.0976014637375732,-0.0538483581112436
-11.0247713100455,-7.82844718030152,2.72691799638481,-0.0915247446999607,0.0402892182550991,0.0638193794272109,-0.0305357805054064
-11.2038013393834,-7.71775395204688,2.47432436096092,-0.0785515091244182,0.0618842501310022,-0.100478520213488,0.0488089781236446
-11.2997736565688,-7.53508386693142,2.10276952630051,-0.0507234846434216,0.0861807873346988,-0.0452488325419807,0.0964892977807577
-11.3116519781348,-7.44329230891389,1.87964427142177,-0.0303961293238237,0.0952684382265679,0.0185178077578802,-0.00347688020904247
-11.3876562124992,-7.23251691001153,1.76499166716365,-0.01929770628619,0.0981203268038379,-0.0567065280782469,0.112655072098524
-11.4045851646871,-7.17499941462535,2.03887670615567,-0.0451173979112978,0.0892436014833199,0.0281884457234416,-0.031726106097139
-11.4612680186782,-7.02597165309002,2.01788537427284,-0.0432342536179083,0.0901709449551372,-0.013448600373185,0.0588568165801965
-11.3898721202323,-6.9985505434884,2.01658373984927,-0.0431168474202318,0.0902271437458842,0.114512745866059,-0.0628060341442632
-11.2957123202687,-6.86201177431731,2.39156889632922,-0.0731672674797698,0.0681656142754088,0.167327067443359,0.0683731548956802
-11.3996490105624,-6.758135066161,2.54027304250842,-0.0824589788052382,0.0565731103475608,-0.0214777114884468,0.047303597808751
-11.4851302085862,-6.61327241960716,2.37339973542058,-0.0719167470083388,0.0694836779376178,-0.0135644510154311,0.0753789686162214
-11.4407484213816,-6.38008036082521,2.66698477461799,-0.088947198527238,0.0456989701651593,0.133328985731843,0.187493088616783
-11.4812122160759,-6.13043198871863,2.06549543590236,-0.0474766855200862,0.0880111602697456,0.00701289082582296,0.161637211836839
-11.4553940567109,-6.04538478689587,2.14916099135398,-0.0546655307589094,0.0837357733997049,0.0804836901239018,0.00131142842305176
-11.4469844264242,-5.81974735833137,2.02747611234016,-0.0440970578976516,0.0897521558781246,0.0525066881842671,0.135885272686382
-11.5204108749729,-5.81955782282411,1.74625949222536,-0.0174564210193535,0.0984645792414464,-0.0559700275292707,-0.098275043734191
-11.4445126863369,-5.77934616263808,2.14270259496296,-0.0541235956318681,0.0840870762714344,0.130021784267849,-0.0438754160854102
-11.4117395360753,-5.66786082661608,1.90793272195024,-0.0330786051667998,0.0943705774074683,0.0658517554283506,0.0171147586145324
-11.5474214222206,-5.48105464060876,2.450135935222,-0.0770317941617097,0.0637659994685882,-0.0586500919835997,0.123040186538731
-11.6875468811911,-5.67735487307761,3.05529974660367,-0.0996279076939074,0.00861858506567385,-0.0404975512765777,-0.204918817534517
-11.8424437148664,-5.69190589810328,2.97762862950254,-0.0986587987439653,0.0163230337375669,-0.0562380349312906,-0.0308740587632359
-11.8979525121497,-5.57116556081278,3.26907431186149,-0.0991885212177043,-0.0127136642493433,0.0436797239344258,0.133454001539844
-11.9793079024336,-5.60979693642669,3.31303811798766,-0.0985339190308271,-0.017060679952054,0.0171785287469088,-0.0215706956618658
-12.1973513684682,-5.57635019283648,2.99459514476157,-0.0989215307076207,0.0146468686913366,-0.119121935327001,0.0187998748988811
-12.2715028713245,-5.52700353812638,2.8201869469191,-0.0948792292065658,0.031590059594245,0.0207277263502581,0.0177565951158554
-12.2876155432138,-5.54561107484082,3.17368630588848,-0.0999485042943931,-0.00320881431586325,0.0838358324050595,-0.0153987223985808
-12.3353101599049,-5.61172381014517,2.6494235927641,-0.0881309967623019,0.0472538613203528,0.0404363800712377,-0.113366596624705
-12.4680379830754,-5.64804820415488,2.52241297727997,-0.0814354819674101,0.0580367321335,-0.0512923412030482,-0.094361126143208
-12.4321639383822,-5.5814428938949,2.14518674588609,-0.0543323134067474,0.0839523657788807,0.0902063580999237,-0.0173470555188977
-12.6465392088235,-5.50693151883643,2.56386380750092,-0.0837705138257778,0.0546122789614677,-0.130604756615493,0.0198990960970016
-12.6855784456345,-5.519159219651,2.39831446117317,-0.0736254149180735,0.067670512619172,0.0345861781070808,-0.0798982134337436
-12.8599598833132,-5.41071710304466,2.85589460489485,-0.0959465157273283,0.0281827273305043,-0.0784349219513969,0.0802593892758388
-12.8148817837939,-5.50159762789167,2.95079902554979,-0.0981854042162906,0.018963818151512,0.143263503735526,-0.109844342998526
-12.9707834767995,-5.52526575800926,3.010011182009,-0.0991355641113944,0.0131202106810681,-0.0567661288942023,-0.0367883407986616
-13.0765125192904,-5.56050148858355,2.84720379842634,-0.0956979647786291,0.0290155051175793,-0.0100310777122651,-0.0642512356918654
-13.2595890925194,-5.45931860339966,2.62438472617214,-0.086920312067124,0.0494455190098534,-0.0961562611618568,0.0517373661740412
-13.2389620784725,-5.52269224759385,2.62897948515583,-0.0871465839894515,0.0490456205890953,0.107773598036341,-0.112419264783294
-13.3750026722009,-5.51808416734948,2.74612178028173,-0.0922815266140811,0.0385242760577619,-0.0437590671143016,-0.0339161958133879
-13.4062761080402,-5.42249285639109,2.06058997942077,-0.0470443811084525,0.0882429952241122,0.0157709452691391,0.00734831573427808
-13.4314676329642,-5.32934550209502,1.71698687311,-0.0145670379640431,0.0989333179720266,-0.0106244869599546,-0.00578596367596074
-13.4256628423575,-5.31279942610861,1.25653974485425,0.0309109546480669,0.0951026439314131,-0.0251061640413613,-0.078556567944998
-13.461001340467,-5.20524176998966,1.21129235902435,0.0351809954967959,0.0936071447906325,-0.0705194936062845,0.0139505113283213
-13.3480157099883,-5.15913415380761,0.31192526291495,0.0951744487191896,0.0306891562444841,0.017811181759565,0.0154184599375669
-13.2754922352699,-4.9449922317913,0.871338080518365,0.0643803236617125,0.0765191082358723,0.00814315105663677,0.13762281378043
-13.0422415325322,-4.83643708852461,0.564630217890489,0.0844786529864732,0.0535103465657908,0.148772049751229,0.0550447967009045
-12.8584851825054,-4.59369600157104,0.933218280730991,0.0595251052751838,0.0803539783830165,0.124231244751626,0.162387108570555
-12.9195456268637,-4.63725286906686,1.34159535613938,0.0227199462820746,0.0973848244899566,-0.0837803906403597,-0.140941691985782
-12.9195084751157,-4.47679652558037,1.0553567324854,0.0492917377162613,0.0870076122699118,-0.049254585968263,0.0734487312165804
-12.8634891109485,-4.35572264552901,1.0321573189436,0.0512968181065398,0.0858407621829197,0.00472254606068462,0.0352331178684457
-12.7706865327413,-4.10654745694356,0.829841140952833,0.0674992978629615,0.0737824151678922,0.0253032803441487,0.17539277341755
-12.643927029573,-4.03101988155258,1.19316562337604,0.0368719148432621,0.0929540848795319,0.0898875883250901,-0.0174265094885533
-12.4852886713516,-3.88026120508758,1.43483828461747,0.0135539574364587,0.0990771933282865,0.145084400784909,0.0516814831367158
-12.5969018925846,-3.8586328807045,2.19940451044806,-0.0588019561779003,0.0808846706715945,-0.0528112650550915,-0.0592563462885121
-12.5020798205893,-3.73798965718063,2.35045366355424,-0.0703035773979547,0.0711154484275378,0.165125649393254,0.0495277750963279
-12.492206951943,-3.58593169792083,2.4603210594092,-0.0776772520767562,0.0629781272332234,0.0875501207231202,0.0890798320265824
-12.5394585154726,-3.46216544437999,2.82214480763068,-0.0949408962572551,0.031404238851931,0.0476893327275673,0.0923620146889048
-12.623439577301,-3.46714722499642,2.52372270550466,-0.0815114244451073,0.0579300240370187,-0.00246963738321959,-0.0629118046534465
-12.8492934105529,-3.45719096702567,2.84962126597424,-0.0957678291158519,0.0287840738332328,-0.130086004136122,-0.0188278158624824
-13.0144174632681,-3.32790042059876,2.67301154074688,-0.0892209985042998,0.0451620795125261,-0.0759030542108814,0.0841284669143887
-13.0521017615979,-3.29068753212745,2.81914426664812,-0.0948462393051386,0.0316889711046663,0.0571619409753733,0.00552391736664015
-13.1049223642409,-3.15821622063429,2.82940716336225,-0.0951664593401007,0.0307139221961142,0.0423458566970568,0.101757389297042
-13.0895943979982,-3.25153537467502,3.22276072477197,-0.0996707680259583,-0.00810789745344712,0.114998734268723,-0.0852112565872851
-13.0802153260928,-3.17450567732613,2.77594172427614,-0.0933891214523518,0.0357557267351384,0.102768193357756,0.0412739706137573
-13.2746266645597,-3.07012837392563,2.89804752116747,-0.0970489185465449,0.0241144647244365,-0.0973624199203558,0.0802628386760627
-13.4579390002783,-2.98402639252348,2.85355315348438,-0.0958802642927504,0.0284073039754274,-0.0874320714259224,0.057694677426724
-13.6306234184684,-2.93479382204883,2.94283393129793,-0.0980312426560856,0.0197452643260012,-0.0746531755339459,0.0294873061486467
-13.8656974101267,-3.0297837688721,3.07831910578488,-0.0997998896832777,0.00632313365394036,-0.135274101975019,-0.101313080477213
-13.8520540224286,-3.05850818365496,3.28343062131703,-0.0989957848079347,-0.0141362862966579,0.112639172505953,-0.0145881284861995
-13.9703008683703,-2.9652629322972,3.42547129201242,-0.0959976328390334,-0.0280081147045305,-0.0222492131026591,0.121253366062288
-13.9590392060277,-2.95748217041701,3.56161871340695,-0.0913078313839414,-0.040778424785194,0.102569493726551,0.0485591866653878
-14.1227429144199,-2.88354284767399,3.50529044589567,-0.0934587791133302,-0.0355732569024227,-0.0702449292788528,0.109512579645437
-14.2848479464016,-2.91795677443756,3.84000964217923,-0.0765861032489921,-0.0643006126653139,-0.0855189287326514,0.0298866859017519
-14.2684461018279,-3.03603560016673,3.70525855029842,-0.0845302148601231,-0.0534288571438827,0.100932059433792,-0.0646499685852886
-14.433273524751,-3.03601408921626,3.12353609546836,-0.099983698478359,0.00180555769461959,-0.0648437244447153,-0.00178404674415455
-14.5136131721115,-3.01862256478838,3.45073252637722,-0.0952595606810867,-0.0304239395681485,0.0149199133205935,0.0478154639960267
-14.579686347409,-3.07276980483879,3.42911004618545,-0.0958950828905138,-0.0283572402998157,0.0298219075929494,-0.0257899997505926
-14.5229863490991,-3.14195127386697,3.59372845832053,-0.0899516047846695,-0.0436887719747605,0.146651603094555,-0.0254926970534122
-14.6934482590027,-3.12349461364117,3.55274280949467,-0.0916661753434844,-0.0399663896029848,-0.0787957345601024,0.0584230498287779
-14.8100309122444,-3.21657367924976,3.59286206028594,-0.0899894228852229,-0.043610821693526,-0.0265932303564503,-0.049468243915058
-14.8831605706311,-3.22329959411471,3.26388484191686,-0.0992531624999653,-0.0121987595170773,0.0261235041132223,0.00547284465212639
-15.0061442006617,-3.25742668749356,3.70614975082976,-0.0844825654719825,-0.0535041692886843,-0.0385010645585525,0.0193770759098288
-15.0421185779634,-3.21760107198237,3.53311712929817,-0.0924328397322118,-0.0381597974187397,0.0564584624305029,0.0779854129299344
-15.1029107057949,-3.22588915530309,3.31741628166181,-0.0984582804570353,-0.017491912686833,0.0376661526254921,0.00920382936611119
-15.0723048542624,-3.33320080197352,3.55888285072946,-0.0914190536983665,-0.040528466796749,0.122024905230887,-0.0667831798736835
-15.1357464256962,-3.58985071890902,3.48609548955514,-0.0941243475520367,-0.0337728766601751,0.0306827761182689,-0.222877040275318
-15.2919794633848,-3.54160005896018,3.25669833374354,-0.0993382652319304,-0.0114851669866248,-0.0568947724567097,0.0597358269354589
-15.4040225232297,-3.57240745308257,3.18117769236273,-0.0999216614656145,-0.00395747014532512,-0.0121213983792676,-0.0268499239770659
-15.4540524370981,-3.41620430285964,2.47062088298656,-0.0783217839952301,0.0621747388559414,0.0282918701268551,0.0940284113669883
-15.4919654766234,-3.30689781772632,2.25376403771442,-0.0631097862694408,0.0775703221407872,0.0251967467441383,0.0317361629925346
-15.6170136582949,-3.27336059504304,2.26485372673916,-0.0639661187686669,0.0768656987847818,-0.0610820629028339,-0.0433284761015003
-15.7462919549609,-3.2203587767244,2.66826964574845,-0.0890058423773588,0.0455846467870133,-0.0402724542886643,0.00741717153162758
-15.8312756563403,-3.08507560416998,2.2070499270722,-0.05941862861002,0.0804327456581243,-0.0255650727693806,0.0548504268962995
-15.7662431692118,-2.87135045392443,2.43629097991544,-0.0761416022362573,0.0648263558199563,0.141174089364732,0.148898794425593
-15.8886219085441,-2.88430331793161,2.59989561264864,-0.0856834936877583,0.0515590817360035,-0.0366952456445226,-0.06451194574319
-16.0159337826128,-2.86302462010064,2.5067066078937,-0.0805139286376896,0.0593085769119865,-0.0467979454310525,-0.0380298790810183
-16.1405222751418,-2.89114319400155,3.1585523071594,-0.0999856188522489,-0.00169588405642006,-0.0246028736767145,-0.0264226898444886
-16.3067826017495,-2.87741201553824,3.28128954956789,-0.0990258246804682,-0.0139242969787772,-0.0672345019272756,0.027655475442087
-16.3975164664035,-2.88670226898006,3.22385636263924,-0.0996618248847595,-0.00821709563285751,0.00892796023081577,-0.00107315780896222
-16.4797821234347,-2.9638610143987,3.72555235946323,-0.0834286084431039,-0.0551331777902132,0.00116295141190847,-0.0220255676284229
-16.5272577148996,-2.95950944571696,3.95036130417134,-0.0690389760601259,-0.0723437612000466,0.0215633845952414,0.0766953298817836
-16.608737118468,-3.0150276681426,3.57372180808793,-0.0908076107695434,-0.0418805184581937,0.00932820720110661,-0.0136377039674414
-16.5930475853338,-3.20111699110584,3.73866532250509,-0.0826984971754895,-0.0562224026960389,0.098388030309667,-0.129866920267204
-16.7044950976852,-3.13992123395181,3.89111906964928,-0.0732011599979505,-0.068129216749897,-0.0382463523534071,0.129324973903925
-16.8440353610534,-3.16885662561055,3.68036917301746,-0.0858337074650212,-0.0513086217200303,-0.0537065559032306,0.0223732300612889
-16.9861558131242,-3.12671045104884,3.45785869736677,-0.0950403375803541,-0.0311019972447483,-0.0470801144904034,0.0732481718064624
-17.2450293793686,-3.36275090791779,3.95896508640416,-0.0684139984803559,-0.0729350725778062,-0.19045956776403,-0.163105384291143
-17.3698300819315,-3.44300442333305,3.89803206372324,-0.0727284377615975,-0.0686336239809427,-0.0520722648012922,-0.0116198914343171
-17.4748553367435,-3.47602527311467,4.05971328096419,-0.0607314317778196,-0.0794461653839632,-0.0442938230341872,0.0464253156023369
-17.4865455426925,-3.46071838004623,4.21340558396441,-0.0478533137444947,-0.0878069494041955,0.0361631077954764,0.103113842472637
-17.5696457236045,-3.57294091990254,4.16858289716322,-0.0517396770440634,-0.0855745629224948,-0.0313605038679402,-0.0266479769338117
-17.6924596509259,-3.57695848290598,3.75793994762615,-0.0815995373055723,-0.0578058432298717,-0.041214390015875,0.0537882802264322
-17.698050055487,-3.69571567204517,4.02205116574538,-0.0636797684090983,-0.0771030939415767,0.0580893638480027,-0.0416540951976101
-17.7068942406271,-3.75491942124123,3.86325823349997,-0.0750706428972857,-0.0660635949293422,0.0662264577572194,0.00685984573328069
-17.832090101035,-3.8280967493811,4.17257593136501,-0.0513975633190542,-0.0857804784602174,-0.0737982970888506,0.0126031503203392
-17.9719774987079,-3.90768265105337,4.49043382144536,-0.0220137239379952,-0.0975468910749171,-0.117873673734874,0.0179609894026522
-17.9829664069834,-3.92397877888911,4.33126900345232,-0.0371960319533585,-0.0928248630859466,0.0262071236778165,0.0765287352502058
-17.885197585006,-3.99415957286132,4.14143178554346,-0.0540437664669811,-0.0841384056543883,0.15181258844437,0.0139576116821796
-17.7202336131168,-4.11308185789546,4.10912394250136,-0.056733421098122,-0.082348763988922,0.221697392987361,-0.0365735210452169
-17.7321265681815,-4.25904137626515,3.96755470117576,-0.0677849981797883,-0.0735200246311582,0.055892043115046,-0.0724394937385355
-17.9330538498384,-4.33331696874704,3.64300710558408,-0.0876903559828946,-0.048066635700798,-0.113236925674014,-0.0262089567810881
-17.9271483191712,-4.41570029713405,3.88238781064362,-0.0737932160539353,-0.0674874896882172,0.0796987467211281,-0.0148958386987941
-17.897430326539,-4.56625469293876,3.75510109308156,-0.0817633106569143,-0.057573961392464,0.111481303289163,-0.0929804344122531
-17.9360926223834,-4.71909470161034,3.92896844694141,-0.0705707003792792,-0.0708503793072275,0.0319084045349165,-0.081989629364343
-17.982208971836,-4.73708812431342,3.99137026825353,-0.0660150203309317,-0.0751133615990303,0.0198986708782951,0.0571199388959496
-18.1597851337719,-4.85346024318074,3.89208795147278,-0.0731351164903869,-0.0682001080346471,-0.104441045445541,-0.0481720108326749
-18.2146081728324,-5.02145187106716,4.22538454492289,-0.0467980695544711,-0.0883738687960128,-0.00802496950599774,-0.0796177590904086
-18.3812857232204,-5.16541718370353,3.90467540486697,-0.0722708796455548,-0.0691152657179131,-0.0944066707424724,-0.0748500469184539
-18.5402552765978,-5.32803165224352,4.03029011512201,-0.0630423658198694,-0.0776251255189566,-0.0959271875575317,-0.0849893430210333
-18.6152354590925,-5.46694990570317,3.61819430430112,-0.0888559084842708,-0.0458762196288546,0.0138757259895791,-0.0930420338308005
-18.7306789003414,-5.42785646824337,3.49491055204506,-0.0938229844314989,-0.0346012657624936,-0.0216204568173757,0.0736947032222925
-18.7322565648175,-5.53000799053902,3.28766042560233,-0.0989351056843115,-0.0145548913851703,0.097357441208238,-0.0875966309104799
-18.8384347020478,-5.42524205107891,3.19564505005549,-0.0998539524854616,-0.00540260798422099,-0.00632418474485352,0.110168547444336
-18.9437426995343,-5.51693075617224,3.27473763274761,-0.0991149293997486,-0.0132751937870169,-0.00619306808674969,-0.0784135113063194
-19.0585203000573,-5.61268581613363,3.84363861533395,-0.0763522542662399,-0.0645781175667381,-0.0384253462568257,-0.03117694239465
-18.9953211558549,-5.92702682570272,3.80937584807372,-0.0785196343976938,-0.0619246882434825,0.141718778600107,-0.25241632132561
-19.0668644879991,-5.93080588906848,3.481188386627,-0.0942889406300511,-0.0333105940334709,0.0227456084858337,0.0295315306677095
-19.1962735620153,-6.08302638873759,3.29458901081577,-0.0988318869910512,-0.0152400168565554,-0.0305771870251323,-0.136980482812547
-19.3374276196285,-6.11554497300035,3.51254541265583,-0.0931982390116971,-0.0362503551033446,-0.0479558186014432,0.00373177084058129
-19.4706662158685,-6.10969366844518,3.20119282419673,-0.0998224435518945,-0.00595648917810144,-0.0334161526881213,0.0118077937332761
-19.6192977626408,-6.08963812946461,2.87458067907071,-0.0964563593096451,0.0263850478250209,-0.0521751874626361,-0.0063295088444566
-19.8154336305475,-6.15957031947766,2.87142611904625,-0.0963726463003547,0.0266891934135659,-0.0997632216064057,-0.0966213834266185
-19.8779314184229,-6.16760109296831,2.66229854327753,-0.0887320666924223,0.0461152939976698,0.0262342788170278,-0.054146067488315
-19.8961702650512,-6.06328515686237,2.37732875354692,-0.0721891938407487,0.0692005801465769,0.0539503472124337,0.0351153559593596
-19.7816558441039,-5.96578679426882,2.13366524986784,-0.0533614718302296,0.0845727694007452,0.167875892777505,0.0129255931928072
-19.8443549132945,-5.9019353426912,1.75300167707482,-0.0181198856269114,0.0983446477692998,-0.0445791835636816,-0.0344931961916792
-19.997325834045,-5.95057758009971,1.93039006133619,-0.035189398166146,0.0936039863291326,-0.117781522584298,-0.142246223737639
-19.8878310183826,-6.03245085587721,2.08251444201768,-0.0489676001239477,0.0871904475163487,0.158462415786355,-0.169063723293853
-19.8184098078627,-5.93447845493593,1.51730510869273,0.00534657125881614,0.0998569685889493,0.0640746392610791,-0.00188456764767009
-19.7779805100055,-5.86245589357736,1.15961845214204,0.0399689304592429,0.0916650674899888,0.000460367397895123,-0.0196425061314162
-19.7190864277965,-5.6758518532711,1.38195077933913,0.0187725092088802,0.0982221609312405,0.0401215730002009,0.0883818793750144
-19.8469911843181,-5.6304838754713,1.46015639895142,0.0110414338498513,0.0993885644253873,-0.138946190371465,-0.0540205866255818
-19.8364573446203,-5.48893363150187,1.28534905155509,0.0281586656053307,0.0959535801902522,-0.0176248259075947,0.0455966637791781
-19.8646175854232,-5.38369682756258,1.13826133901895,0.0419173677586357,0.0907906067838919,-0.0700776085615312,0.0144461971553954
-19.8480036674027,-5.24783140749045,0.908588875638815,0.0614859226012143,0.0788636882340503,-0.0448720045806592,0.0570017318380791
-19.7361755853414,-5.34437581135321,0.251176747518306,0.0968620618939504,0.0248543952984682,0.0149660201673633,-0.121398799161226
-19.5767051118952,-5.3393788934671,0.0808675585015868,0.0996732000513919,0.00807794475811856,0.0597972733947849,-0.00308102687200962
-19.5111877559479,-5.34622623922502,0.00412361813393547,0.099999149789879,0.000412360644745594,-0.0344817938426218,-0.00725970640266416
-19.5047194717641,-5.26086353147255,0.777255880761471,0.0712840741519036,0.0701325942219872,-0.0648157899680525,0.0152301135304816
-19.3938600740273,-4.9930246343018,0.965582876876188,0.0568937626306797,0.0822380676677405,0.0539656351061345,0.18560082950301
-19.304897485509,-5.09490218449692,0.819988294798305,0.0682229765450282,0.0731137844139977,0.0207396119732156,-0.174991334609126
-19.3269457673769,-5.01597815066327,1.62902246187412,-0.00581932401451073,0.0998305337460145,-0.0162289578533633,-0.0209064999123593
-19.3761385297105,-4.90281394515946,1.39464033190053,0.0175246359858938,0.0984524612874758,-0.0667173983195467,0.0147117442163359
-19.3462072134115,-4.77392467392193,1.62416428218345,-0.00533426257730895,0.0998576268632312,0.0352655788763701,0.0290316443742954
-19.4446064952836,-4.68475750845707,1.72062759685659,-0.014927129506417,0.0988796278547743,-0.0834721523657314,-0.00971246238991585
-19.4501660849439,-4.6871467640836,1.85061364962214,-0.0276180081063629,0.096110590614338,0.0220584184460825,-0.0984998462408617
-19.4044089116451,-4.41139429180577,2.00809814794787,-0.0423496735773796,0.0905897629309703,0.0881068468762336,0.185162709346858
-19.4407812045068,-4.44220562868591,1.80489686895123,-0.0231968155790155,0.0972723380360169,-0.0131754772827234,-0.128083674916162
-19.3471839093928,-4.33324036608926,1.62020348470525,-0.00493870593310683,0.0998779714637131,0.0985360010470766,0.00908729113293361
-19.4565396925862,-4.12761181633339,1.72539075151435,-0.0153979373551262,0.098807406226495,-0.0939578458381902,0.106821143529376
-19.527232254531,-4.14730238506149,1.95635885992924,-0.0376080432125609,0.0926587021586324,-0.0330845187322421,-0.112349270886732
-19.5762404449337,-4.08893896242457,2.07782363510363,-0.048558069337334,0.0874191849780737,-0.000450121065374343,-0.0290557623411518
-19.601735737957,-4.05025517277198,2.26760429776317,-0.0641773010936994,0.0766894648848762,0.0386820080703938,-0.0380056752322848
-19.6555824812463,-4.11333968715002,2.25674683469229,-0.0633408817026675,0.0773817336658251,0.0094941384133822,-0.140466248043869
-19.7480350345359,-4.08483036894003,2.58233413280948,-0.0847648741598076,0.0530557829899058,-0.00768767912986401,-0.0245464647799109
-19.8484658938709,-4.12961029399066,2.97634683805084,-0.0986377949769185,0.0164494802985199,-0.00179306435801396,-0.0612294053491493
-19.8568678809861,-4.19764030860884,3.00954998673153,-0.0991295025892825,0.0131659301381041,0.0907275154740294,-0.0811959447562822
-19.9931063302105,-4.1239147347787,2.92040788263204,-0.0975638212346674,0.0219385684603589,-0.0386746279897572,0.05178700536978
-20.0884111895601,-4.11818556841114,3.29186360757439,-0.0988730550783254,-0.0149706038448164,0.00356819572876121,0.0206997702123766
-20.130365957867,-4.03354473310091,3.35631883091006,-0.0977034776944375,-0.0213079902011559,0.055748709387525,0.105948825511378
-20.2460782394315,-4.01655407727988,3.18167144357878,-0.0999196952800333,-0.00400680610278276,-0.0157925862844505,0.0209974619238221
-20.4953767372561,-4.0144963706827,2.89562888744379,-0.0969903106880837,0.0243491197505987,-0.152308187136562,-0.0222914131534282
-20.687386356016,-3.92687259105182,2.75453661847334,-0.0926024311526016,0.037746387173181,-0.099407187607256,0.0498773924577045
-20.6959275677595,-3.80933677640463,2.11533303968412,-0.0518021865431478,0.0855367375421165,0.0432609747996409,0.0319990771050738
-20.6791707845421,-3.80762982844125,2.59856494151586,-0.085614809667051,0.0516730526065049,0.102371592884507,-0.0499661046431255
-20.7035804351423,-3.52861172658546,2.05624256142048,-0.0466603085613299,0.0884466822722112,0.0222506579610801,0.190571419583579
-20.8973202956107,-3.31560310316424,1.86368746089679,-0.0288721437704414,0.0957413145622043,-0.164867716697966,0.117267308859016
-20.8474854273587,-3.27594317904578,2.26051590932761,-0.0636320886343905,0.0771424480816177,0.1134669568864,-0.0374825239631553
-20.9252661021125,-3.20206473443004,2.33196484774509,-0.068976796064099,0.0724030496922036,-0.00880387868970667,0.00147539492352844
-20.9012784992175,-3.00218444218591,2.01428660408628,-0.0429094698436786,0.0903259508543057,0.0668970727387191,0.109554341389827
-20.9562874731713,-2.84817052009812,1.91021831283251,-0.0332942111102337,0.0942947268225917,-0.021714762843544,0.0597191952652038
-21.014207385491,-2.76003318002373,1.82909260762077,-0.0255433722444739,0.096682656843822,-0.0323765400752335,-0.00854531676943804
-21.0491425301819,-2.67989215337919,1.74925039306623,-0.0177508402950889,0.0984119284884625,-0.017184304395826,-0.0182709018439259
-21.0181997113953,-2.51605920046684,1.56226886133617,0.000852736210954086,0.0999963641386752,0.0300900825756398,0.0638365887736826
-21.0018881605135,-2.49806077650805,1.91722127670438,-0.0339537318823873,0.0940592584026632,0.0502652827641931,-0.0760608344438761
-21.0813438006122,-2.53906242378831,1.87240902381448,-0.0297060490009059,0.0954858662460355,-0.049749591097856,-0.136487513526293
-21.0188737710296,-2.48383058379465,1.58685603341485,-0.00160590162911857,0.0999871045683272,0.0640759312117354,-0.0447552645746712
-21.001770390734,-2.24156157488577,1.616874719201,-0.00460620883897897,0.0998938578698997,0.0217095891345561,0.142375151038985
-20.9849521646119,-2.13322459827319,1.47138325045274,0.00992494080008279,0.0995062588489531,0.00689328532208899,0.0088307177636221
-21.0745854009358,-1.94295905427983,1.65791896176025,-0.00870124615198888,0.0996207223192168,-0.0809319901719036,0.0906448216741423
-21.0017675862046,-1.8910117908568,1.31462821866204,0.0253375571651429,0.0967367985665389,0.0474802575660634,-0.0447895351435031
-20.8848720498565,-1.78398967987528,0.640059716569985,0.0802060093990781,0.0597243338705004,0.0366895269489582,0.0472977771110216
-20.7405469332354,-1.78031423650039,0.247381914432123,0.0969556825064637,0.0244866418625708,0.0473694341146105,-0.0208111984876898
-20.6278386117172,-1.72201745768217,0.265025341075721,0.0965085863508858,0.0261933724547569,0.016199735167385,0.0321034063634704
-20.4274015630518,-1.83316824404495,-0.156535448840414,0.0987773323453627,-0.0155896957870821,0.101659716319983,-0.0955610905756988
-20.2869302270075,-1.83575123028208,0.303271925350337,0.095436445712444,0.0298644408917317,0.0450348903319198,-0.0324474271288674
-20.1730313162576,-1.87065819694843,-0.0343893989004345,0.0999408742894982,-0.00343826209744285,0.0139580364603817,-0.0314687045689027
-20.1312111967596,-1.94694517478416,-0.276541350315101,0.0962005505591325,-0.0273030048185138,-0.0543804310611058,-0.0489839730172116
-19.9152591962427,-1.81572268046198,0.41759749929542,0.0914065948967851,0.0405565581549399,0.124545405620083,0.0906659361672359
-19.7725785209382,-1.73680652036809,0.201236323491582,0.0979820209329378,0.0199880857987289,0.0446986543715568,0.05892807429516
-19.6732956783129,-1.64616913377798,0.264483251042478,0.0965227713362515,0.0261410522659229,0.00276007128907296,0.0644963343241863
-19.6815898858361,-1.60068174178416,0.791024135232621,0.0703117448850425,0.0711073732549636,-0.0786059524083089,-0.0256199812611391
-19.575688153872,-1.50927269080711,0.627296996511408,0.0809617014894261,0.0586958507216401,0.0249400304746692,0.0327132002554114
-19.4927460628293,-1.45605264847007,0.594146950655174,0.0828626339088403,0.0559802099110883,7.94571339504113e-05,-0.00276016757405229
-19.4579823153249,-1.3530222518308,0.910145126706939,0.0613631164948074,0.0789592802274989,-0.0265993689904691,0.0240711164117731
-19.4586146563656,-1.53610536984084,0.916679248995446,0.0608458806363048,0.079358545914051,-0.0614782216770209,-0.262441663924094
-19.4496985126875,-1.35024025582296,1.19989498090111,0.036245563438321,0.093200102634271,-0.0273294197602165,0.0926650113836102
-19.442001936087,-1.34923268167097,1.08164399813302,0.0469877790902469,0.0882731477640067,-0.0392912024897467,-0.0872655736120189
-19.2879724905572,-1.30423699523969,0.941820350858845,0.0588317009578021,0.0808630382956994,0.0951977445719998,-0.0358673518644131
-19.1354431155426,-1.09575097182681,0.796474214798247,0.0699231617164359,0.0714895199003123,0.0826062132981404,0.136996503512567
-19.2308823525208,-1.10182425646787,0.908713701002558,0.0614760779336524,0.078871362622282,-0.156915314911823,-0.0849446472633412
-19.0639457151611,-1.04667742983282,1.54470525337374,0.00260881132978073,0.0999659647252284,0.164327826029925,-0.0448191380901876
-19.0869985208832,-0.865410112650085,1.50571210073959,0.00650382867946958,0.0997882769292471,-0.0295566344015403,0.081479040253492
-19.0125975594922,-0.615188380013778,1.26542433610839,0.0300647976606941,0.0953735180310631,0.0443361637302631,0.154848214605244
-18.9692129036973,-0.436159519467794,0.752625093317236,0.072989698450064,0.0683557160753124,-0.0296050426551298,0.110673144470672
-18.8549504262117,-0.392029189395261,0.39239092668843,0.0923997414460886,0.0382398716093029,0.021862736039473,0.00589045846322978
-18.6811472302633,-0.3518811250608,0.0750888148736881,0.0997182159306776,0.00750182721760239,0.0740849800177434,0.0326462371168583
-18.4739603707431,-0.477851623766957,0.254145964117647,0.0967878369396726,0.0251418897567255,0.110399022580577,-0.151112388462882
-18.3451894507986,-0.450043932217358,0.20053413480234,0.0979960321836065,0.0199192790097826,0.0307748877608678,0.00788841253981587
-18.1790406304861,-0.327902150422178,0.375953134283318,0.093015809239391,0.0367159261294228,0.0731330110731272,0.0854258556657574
-18.0704856297425,-0.325080447580031,-0.269460582205577,0.0963914635827239,-0.0266211522737166,0.0121635371608391,0.0294428551158639
-17.9123144304847,-0.371700957317911,-0.182504099744262,0.0983392300745645,-0.0181492652287045,0.0598319691832001,-0.0284712445091764
-17.7801369110568,-0.426142276897966,-0.422211180909265,0.0912185076726116,-0.040977845941212,0.0409590117553129,-0.0134634736388428
-17.6137367374281,-0.400249877679033,-0.550611915289954,0.0852204522162446,-0.0523208803830629,0.0811797214125192,0.0782132796019961
-17.6210116939323,-0.5153173165266,-1.05534783931922,0.0492925114874664,-0.0870071739068566,-0.0565674679916917,-0.0280602649407102
-17.4510848513558,-0.589312632373554,-1.09391668453259,0.045900919047709,-0.0888431518496258,0.124025923528785,0.0148478360026714
-17.4088175689975,-0.620282685941087,-0.907950826200301,0.06153622901412,-0.0788244411253374,-0.019268946655842,0.0478543875578041
-17.2767672225215,-0.615375057203823,-1.22576416881594,0.0338226940157521,-0.0941064576398283,0.0982276524602403,0.0990140863770923
-17.2118353946952,-0.73327835790408,-0.994219379852432,0.0545157475676991,-0.0838333660730315,0.0104160802586553,-0.0340699346272255
-17.1615356305602,-0.769370863964125,-0.799329512147064,0.0697187531252681,-0.0716888796303717,-0.0194189889902829,0.0355963735703271
-17.1812743834293,-0.928040212808418,-1.02494997177466,0.051914164601782,-0.0854688218808419,-0.0716529174709581,-0.0732005269634506
-17.1108769377214,-1.11912817551354,-1.12457777559131,0.0431557437755088,-0.0902085460429478,0.0272417019324536,-0.10087941666217
-17.1148112540591,-1.2340234839178,-1.40110649130149,0.0168876647521126,-0.0985637193860918,-0.0208219810898576,-0.0163315890181694
-17.0924770310514,-1.31004898410122,-1.48360935404339,0.00870765551070504,-0.0996201622941204,0.0136265674969804,0.0235946621106935
-17.078716850838,-1.36294544141869,-0.667005186426965,0.0785677885353813,-0.0618635806000558,-0.0648076083219709,0.0089671232825923
-17.0038731533128,-1.37045695175714,-1.11669287763924,0.0438656800609841,-0.0898654667421662,0.0309780174642866,0.082353956403713
-16.8896475657067,-1.53306020925411,-1.46026541640311,0.0110305986962393,-0.0993897675437594,0.103194988909807,-0.0632134899532113
-16.7433673316241,-1.61786402442983,-1.19315160748365,0.0368732176740913,-0.0929535680776111,0.109407016408537,0.00814975290189501
-16.7534150522145,-1.71943881997527,-0.868251452903792,0.0646162025950808,-0.076320025957749,-0.0746639231854664,-0.0252547695876941
-16.7919861539167,-1.67356473048262,-0.777343215059664,0.0712779488991627,-0.0701388194991073,-0.109849050601378,0.116012908991761
-16.6317592045933,-1.81449002497949,-0.661306673776487,0.0789190413598114,-0.0614148590395548,0.081307907963579,-0.0795104354573162
-16.5262947200541,-1.81205758535659,-1.22081453930964,0.0342880699059197,-0.0939378957722961,0.0711764146332567,0.0963703353951979
-16.4082387504709,-1.97541361944643,-1.03995897274569,0.050625563888427,-0.0862383457690301,0.0674304056947863,-0.0771176883208111
-16.5223720962418,-2.10573515002723,-1.39032718610469,0.017949111481641,-0.0983759594465011,-0.132082457252492,-0.0319455711343022
-16.5643748513431,-2.20339932892477,-1.77796501749189,-0.0205689959979005,-0.0978617208291289,-0.021433759103467,0.000197541931586942
-16.5927608781919,-2.22775692502131,-1.75111270394168,-0.0179340830121097,-0.0983787002684766,-0.0104519438366171,0.0740211041719376
-16.530257192927,-2.36871785870191,-1.23273407818095,0.0331659643022346,-0.0943399110233993,0.0293377209626573,-0.0466210226572008
-16.5692205867858,-2.41769525989887,-1.05211034053016,0.0495739382885538,-0.0868471337613548,-0.0885373321474316,0.0378697325643964
-16.4752816887794,-2.45458730304223,-1.11930423867245,0.0436308595851355,-0.0899797093341726,0.0503080384213301,0.053087666190816
-16.4091257585084,-2.37825415756287,-1.21784860372223,0.0345665324334255,-0.0938357865397256,0.0315893978375725,0.170168932019084
-16.317745909353,-2.47945985727977,-1.07489352658,0.047582589351654,-0.0879539492609164,0.043797259803692,-0.0132517504559864
-16.1918014540989,-2.5778028208817,-0.506312787871058,0.0874538583926065,-0.0484955941529323,0.0384905968614977,-0.049847369448998
-16.0583975212377,-2.62119768800603,-0.557955014318929,0.0848339606829423,-0.0529452463857238,0.0485699721783193,0.00955037926139024
-16.0502862842186,-2.7193940921363,-1.23062228183856,0.0333651168783646,-0.0942696609503454,-0.0252538798592878,-0.00392674317992125
-16.1668726125367,-2.92012360546147,-1.33635738679967,0.023229730999193,-0.0972644827144273,-0.139816059317316,-0.103465030610746
-16.1377763921805,-3.04168463878833,-1.46390897745199,0.0106683935933294,-0.0994292983890453,0.0184278267629001,-0.0221317349378076
-16.1756729409952,-2.98663500963591,-1.84090687854325,-0.0266837981616263,-0.096374140284983,-0.011212750653143,0.151423769437403
-16.3374509408354,-3.02931069045749,-2.00345684433045,-0.0419287643513893,-0.090785344191481,-0.119849235488749,0.0481096633698999
-16.2867350191931,-3.23823399956331,-1.70279011320728,-0.0131610846280909,-0.0991301460273928,0.0638770062703751,-0.109793163078431
-16.0126297992674,-3.3358379945458,-1.23381852525551,0.0330636381797566,-0.094375822276249,0.241041581745983,-0.00322817270623688
-16.0261924526318,-3.25812046411288,-0.62941117820503,0.0808374269489924,-0.0588668871630421,-0.0944000803134475,0.136584417595963
-15.9267265491957,-3.25010757375579,-0.929396019681095,0.0598318035882807,-0.0801258714734099,0.0396340998478804,0.0881387618304945
-16.024852433163,-3.26826409371092,-0.795443780933785,0.0699967898036674,-0.0714174307657536,-0.16812267377104,0.0532609108106252
-15.8422436753031,-3.2708227332367,-0.424088011112278,0.0911414386006794,-0.0411489753189383,0.0914673192592301,0.0385903357931661
-15.7258178524071,-3.29529911929316,-0.414673786438499,0.0915247797824269,-0.0402891385584039,0.0249010431135839,0.0158127525019385
-15.5364007597662,-3.40815841966017,-1.01139649244204,0.0530677608873097,-0.0847573758112374,0.136349331753593,-0.0281019245557759
-15.4065025403611,-3.34230381521312,-0.61321776150204,0.0817800426857947,-0.0575501921657052,0.0481181767193157,0.12340479661276
-15.3898982349439,-3.47907825243415,-0.490305873630733,0.0882188865288287,-0.047089574850636,-0.0716145811116089,-0.089684862370397
-15.2515871732233,-3.45125724330387,0.0926940463131749,0.0995706982077512,0.00925613625769085,0.0387403635128294,0.0185648728725898
-15.1960184645609,-3.52860539552243,0.665985021403182,0.0786308587014225,0.0617833963122531,-0.0230621500390313,-0.139131548530809
-14.9846589844955,-3.37264407005609,0.932232142070549,0.0596043164837735,0.08029523931406,0.151755163581598,0.0756660861522809
-14.7712192479074,-3.27008503057071,0.406470998723205,0.0918521801887558,0.0395370332039764,0.121587556399357,0.0630220062814006
-14.6422131142271,-3.35435498633784,-0.0900914438658535,0.0995944510005941,-0.00899696225902168,0.0294116826796835,-0.0752729935081113
-14.5055326100803,-3.30885815080173,-0.141850289139062,0.098995610621415,-0.0141375060634183,0.0376848935254648,0.0596343415995306
-14.5487187197039,-3.06888435193617,0.403743060326041,0.0919596928803937,0.0392863193152994,-0.135145802504065,0.200687479550264
-14.429628805755,-3.07640170275897,0.0325239928323899,0.0999471141566902,0.00325182591009203,0.0191427997922329,-0.0107691767328912
-14.3311107667307,-3.26421821397119,0.024545300596885,0.0999698779232844,0.00245428360292985,-0.00145183889895506,-0.190270794815156
-14.1070715345907,-3.14773405041986,0.40054774157611,0.0920847555228228,0.0389922787267166,0.131954476617167,0.0774918848246142
-13.9838040941198,-3.2258106104342,0.0601205739870632,0.0998193302579917,0.00600843630622606,0.0234481102129083,-0.0840849963205672
-13.9099010182322,-3.09466827184057,0.71483425483462,0.0755201896256455,0.0655492254638187,-0.00161711373805762,0.0655931131298106
-13.9603362175337,-3.05884345267831,0.523331762202169,0.0866158879608777,0.049976874179451,-0.137051087262392,-0.0141520550171832
-13.8516839750056,-2.96149832445233,1.09072783112229,0.0461839929772017,0.0886963290823345,0.0624682495509505,0.00864879914364658
-13.7732788086337,-2.78896147509073,0.961949491990384,0.0571921889846577,0.0820308083535887,0.0212129773871665,0.0905060410080039
-13.702464829784,-2.84217150839253,1.11769957874478,0.0437751901837748,0.0899095808263744,0.0270387886659607,-0.143119614128169
-13.6526096170435,-2.78024978147582,0.996508936848817,0.0543236635779172,0.0839579631450958,-0.00446845083737468,-0.0220362362283884
-13.5705612914901,-2.78828534970037,0.780231882118443,0.071075044097949,0.070344424842873,0.0109732814554517,-0.0783799930674214
-13.5182643243713,-2.63948650456496,1.2771810471637,0.028941466839207,0.0957203818274618,0.023355500279524,0.0530784633079449
-13.5157373636524,-2.47513321742441,1.23452725129,0.032996743279272,0.0943992316333233,-0.0304697825603681,0.0699540555072278
-13.5417066437304,-2.39422166763459,1.16368572464615,0.0395957740819109,0.0918268733805866,-0.0655650541598494,-0.0109153235907664
-13.4849218955981,-2.09234188722222,0.903646858871016,0.061874915834244,0.0785588619476201,-0.005090167701987,0.223320918464749
-13.524765908648,-1.82712365071091,0.595531498328592,0.0827850472415411,0.056094883485179,-0.12262906029146,0.209123353026129
-13.4605404253762,-1.84531125138371,0.737888240201351,0.0739890845165204,0.0672726941069495,-0.00976360124468956,-0.0854602947797471
-13.37780668877,-1.79721131347245,0.623831564542038,0.0811646214169564,0.058414931569267,0.0015691151892212,-0.0103149936580063
-13.309182231412,-1.82896590450643,0.57800189752511,0.0837555987419137,0.0546351505844319,-0.0151311413839008,-0.0863897416184092
-13.3502636195299,-1.79723127026131,0.140787067242403,0.0990105859702603,0.014032243791557,-0.140091974088181,0.0177023904535631
-13.2617983939265,-1.85019639942932,-0.143004448342078,0.098979227757106,-0.0142517533169406,-0.0105140021537276,-0.0387133758510727
-13.020962502541,-1.8402299622975,0.41584266826917,0.0914776240266688,0.0403960926629722,0.149358267358894,-0.0304296555311567
-12.9675545518688,-1.7216238021461,0.608041124868386,0.0820768620376298,0.0571260773907669,-0.0286689113654721,0.0614800827606408
-12.8198107856522,-1.56382408019421,0.67162109323419,0.078281396022044,0.0622255818521604,0.0694623701945543,0.0955741400997268
-12.744558407807,-1.65314835957167,0.594893860824839,0.0828207986111588,0.0560420852343119,-0.00756842076590569,-0.14536636461177
-12.7343099579984,-1.6116345772106,0.48910628845013,0.0882753109977483,0.046983714926034,-0.0780268611891275,-0.00546993256497141
-12.6250264346178,-1.52441686110847,0.660866053477748,0.0789460943315551,0.0613800797473676,0.0303374290489726,0.0258376363547717
-12.6049777071569,-1.52889387713623,0.899232651796498,0.0622210869699336,0.078284968776132,-0.0421723595089816,-0.0827619848038941
-12.4534714503065,-1.39568517607263,0.985565747134614,0.0552391604698675,0.0833584737779203,0.0962670963805468,0.0498502272856738
-12.4047145335486,-1.35511571676467,0.657591466736013,0.0791466651018121,0.0611212352890679,-0.0303897483439255,-0.020551775981104
-12.3998853967658,-1.41432005910668,0.508119972580385,0.0873660751356241,0.0486535601513033,-0.0825369383528978,-0.107857902493314
-12.33900870904,-1.49959487252157,-0.108870200938168,0.0994079490986071,-0.0108655260346079,-0.0385312613727486,-0.074409287380278
-12.0784341602736,-1.49719338590586,0.119307370372619,0.0992891313925851,0.0119024529953274,0.161285417373818,-0.00950096637962106
-11.9507141084782,-1.5317159452556,0.244084937572613,0.0970358872954,0.0241668487146016,0.0306841645000091,-0.0586894080643408
-11.7554460704821,-1.49015062574854,-0.0425891768362594,0.0999093218083593,-0.00425763030260926,0.095358716187758,0.0458229498096685
-11.6324403195831,-1.47159154996124,0.0853213176667347,0.0996362343941264,0.00852178360196441,0.0233695165047907,0.0100372921853349
-11.5033427341268,-1.50943061012462,0.390850223272013,0.0924585480559039,0.0380974656820386,0.0366390374004633,-0.0759365258454177
-11.3560373159883,-1.47400147121501,0.387765068689789,0.0925756444221216,0.0378120359122451,0.0547297737163506,-0.00238289700263117
-11.1514116760226,-1.51253826953991,0.603106087275977,0.0823577807603419,0.0567203309954329,0.122267859205411,-0.0952571293203395
-11.1449579924526,-1.53388677230247,-0.125797744493389,0.0992097892942422,-0.0125466213855394,-0.0927561057242685,-0.00880188137701343
-10.9699556057719,-1.55421005604719,-0.209833111860591,0.0978065690588926,-0.0208296675184238,0.077195817621746,0.000506383773700936
-10.9907624276002,-1.6482783310209,-0.237960760246207,0.0971820687508272,-0.0235721342544431,-0.1179888905791,-0.0704961407192712
-10.9597013583903,-1.7015361405856,-0.807113090532705,0.0691586508325183,-0.0722293639389536,-0.0380975816225697,0.018971554374255
-10.9541606468365,-1.70289132089189,-0.304647377175506,0.0953952783491124,-0.0299956808340027,-0.0898545667953865,0.0286405005277177
-10.742681622163,-1.96018507186465,-0.319714226643226,0.0949325274062849,-0.0314295281583255,0.116546497267207,-0.225864222814438
-10.7655517308425,-2.03931589381397,-0.267637121451292,0.0964398459310247,-0.0264453420624545,-0.119309954610475,-0.0526854798868617
-10.5991724863411,-2.10850522953152,0.0308301095625638,0.0999524789814404,0.00308252258138017,0.0664267655199584,-0.0722718582989352
-10.6904957332005,-2.32924962861376,-0.364744944420509,0.0934214772688899,-0.0356711029391901,-0.184744724128244,-0.185073296143053
-10.6275750034412,-2.30682393692167,-0.373407066448472,0.0931089888914031,-0.0364789828205308,-0.030188259132129,0.0589046745126216
-10.604481995771,-2.20661767103047,-0.203450308092163,0.0979375275144368,-0.0202049673189277,-0.0748445198443108,0.120411233210136
-10.5052412454408,-2.23206887038432,0.312065153599971,0.0951701546608602,0.0307024699629841,0.00407059566936985,-0.0561536693168434
-10.3364938512705,-2.18630740827444,0.0650408218678953,0.0997885591286492,0.0064994974442708,0.0689588350416837,0.0392619646656183
-10.1157700827203,-2.21645391010545,0.132691379757425,0.099120940822916,0.0132302339503118,0.12160282772727,-0.0433767357813304
-10.0564002035097,-2.15135905323368,-0.371380297997012,0.0931827320562694,-0.0362901976645142,-0.0338128528456689,0.101385054536291
-9.93834042471318,-2.31461931582442,-0.404428313503919,0.0919327502164989,-0.0393493257582748,0.0261270285800266,-0.12391093683247
-9.76231780995372,-2.49217031922191,-0.284077922401166,0.0959920493643107,-0.0280272449384477,0.0800305653951483,-0.149523758459039
-9.67245509273864,-2.63211235163162,-0.570579614668568,0.0841588055109062,-0.0540119936215787,0.00570391170416684,-0.0859300387881287
-9.47456837483979,-2.70269930293148,-0.26130633621769,0.0966053320015182,-0.0258342762406157,0.101281385897334,-0.0447526750592517
-9.54135489689811,-2.84622530386736,-0.872039536630004,0.0643266330311165,-0.0765642493784146,-0.131113155089434,-0.0669617515574641
-9.53130200269058,-2.91521199096349,-0.420343242242143,0.0912948925914997,-0.0408073839728368,-0.0812419983839692,-0.0281793031232913
-9.43883245111561,-3.14647935727579,-0.692189333544518,0.0769850575544748,-0.0638224170126312,0.0154844940204959,-0.167444949299664
-9.26835586158046,-3.23370129426671,-0.209952285773344,0.0978040860113739,-0.020841323362008,0.0726725035237727,-0.0663806136289169
-9.16038930028585,-3.27418219582278,-0.658842468955616,0.0790701403882281,-0.0612202000893978,0.0288964209063849,0.0207392985333265
-9.02247211309355,-3.23056930378637,-0.327976523136354,0.0946696099886766,-0.0322128071516884,0.0432475772036183,0.0758256991881042
-8.93868874168641,-3.24466881857588,-0.89393099965775,0.0626352502597593,-0.0779539955672403,0.0211481211473799,0.0638544807777275
-8.77369773748312,-3.22620947635532,-0.808105183417083,0.0690869585716271,-0.0722979401872715,0.0959040456316615,0.0907572824078261
-8.67244881207284,-3.27655737750241,-0.716826398494965,0.0753894563820345,-0.0656995423608211,0.0258594690282488,0.0153516412137389
-8.62783118721442,-3.29587404686004,-0.710529115144749,0.0758016874729926,-0.0652234940511987,-0.0311840626145692,0.0459068246935653
-8.71257507085423,-3.30767024647624,-1.14833950924164,0.041000251312834,-0.0912084392602157,-0.125744134952648,0.0794122396440144
-8.56391259070698,-3.34431195167076,-1.55333015046575,0.00174652882827679,-0.0999847470219933,0.146915951318975,0.0633430418274751
-8.51942291520076,-3.49061794231144,-1.4827071240362,0.00879753225415551,-0.0996122654407433,0.0356921432520658,-0.0466937251999369
-8.4308860575369,-3.59338615600935,-1.13700855839277,0.0420310755483053,-0.0907380222853278,0.046505782115549,-0.012030191412581
-8.45529605835,-3.739607787385,-0.582124668845659,0.0835296393419505,-0.0549799904638377,-0.107939640155048,-0.0912416409118096
-8.46278098670803,-3.7868276124764,-0.470400802654356,0.089138669856289,-0.0453243591929496,-0.096623598214324,-0.00189546589845602
-8.33365983184962,-3.8839080453076,-0.16502319171966,0.0986414545787059,-0.0164275207684272,0.0304797002797064,-0.0806529120627676
-8.17431055271685,-3.79879296724819,0.382254882473219,0.0927825893325503,0.0373013554277498,0.0665666898002257,0.0478137226316575
-8.04745472314035,-3.60927800219028,0.427584814785319,0.0909969917842842,0.0414674268096167,0.0358588377922096,0.148047538248296
-8.03547421340317,-3.61454209601965,0.59024176622016,0.0830806145515303,0.0556561900038087,-0.0711001048143438,-0.0609202838331795
-7.96010315077704,-3.58345905999218,-0.250074676610889,0.0968893943719848,-0.0247476313660522,-0.0215183317458627,0.0558306673935159
-7.89229287739691,-3.49273812857158,0.156886751019539,0.0987718495561591,0.0156243955164822,-0.0309615761760269,0.0750965359041228
-7.92424831571327,-3.51595107490789,-0.238192836949519,0.0971765955905751,-0.0235946873135846,-0.129132033906936,0.000381740977275613
-7.81063717766827,-3.37086396066367,-0.0141907414468418,0.0999899313118281,-0.00141902651698096,0.0136212067331765,0.146506140761194
-7.70916377359068,-3.39711640794225,-0.125418217244966,0.0992145439336841,-0.0125089676644824,0.00225886014390442,-0.0137434796140934
-7.62825742258576,-3.43398519832274,0.2732363057894,0.096290262627273,0.026984909174774,-0.0153839116223566,-0.0638536995552677
-7.50069834747549,-3.43134598368074,-0.0528125411425737,0.0998605741862173,-0.00527879940886104,0.0276985009240529,0.00791801405086245
-7.34788315535478,-3.35074995589941,0.10948028415785,0.0994013017240165,0.0109261711304111,0.0534138903966941,0.0696698566509214
-7.19646445661286,-3.17776301441683,0.249288505441432,0.0969088203022975,0.0246714520775939,0.0545098784396281,0.148315489404988
-6.93339425890906,-3.22022406195688,0.158723134995316,0.0987429906383191,0.0158057521112037,0.164327207065481,-0.0582667996512602
-6.95124414877281,-3.07917368147958,0.885045072880018,0.0633254618267784,0.077394353052566,-0.0811753516905274,0.0636560274247391
-7.01859073898348,-2.99024527612323,0.938740047773377,0.0590805041250454,0.0806814354875426,-0.126427094335716,0.00824696986880724
-6.97420610435808,-2.90192579843958,0.836323959778078,0.0670195647938053,0.0742184474025759,-0.0226349301684086,0.0141010302810691
-6.96293563750866,-2.88741920729805,0.768297107711223,0.0719095071454258,0.0694911705333992,-0.0606390402960062,-0.0549845793918684
-6.90905394078523,-2.82920131234526,1.22175454447239,0.0341997526632857,0.0939700852280665,0.0196819440601437,-0.0357521902752695
-6.88720330713366,-2.85443592582246,1.63281927367006,-0.00619831890694912,0.0998077193544054,0.0280489525585201,-0.125042332831609
-6.92153043507364,-2.60779763557827,0.959135437883643,0.0574228013636412,0.0818695418550257,-0.0917499293036266,0.164768748389161
-6.69057624275114,-2.62768857415544,0.447233407481449,0.0901647027185824,0.0432472702452959,0.140789489603921,-0.063138208822467
-6.55254707536779,-2.61065622126869,0.209994794972263,0.0978031999750461,0.0208454809165237,0.0402259674083054,-0.00381312802976996
-6.55271906223794,-2.69612451091246,-0.0652046670236142,0.0997874928780595,-0.00651584722896678,-0.0999594797482071,-0.0789524424148014
-6.37363565607622,-2.56929863594569,-0.0510783890575119,0.099869578268142,-0.00510561813529639,0.0792138278935801,0.131931493102069
-6.30369920868109,-2.6673581425837,-0.269912533956392,0.0963794222622761,-0.02666471384414,-0.026442974867154,-0.0713947927938714
-6.23079110093296,-2.68060345709262,-0.347108741850626,0.0940360191265298,-0.0340180409023641,-0.021127911378398,0.0207727263934403
-6.13470765596354,-2.6084211714543,-0.339697323129145,0.0942855561171898,-0.0333201726837101,0.00179788885222942,0.105502458322027
-6.02509055601285,-2.55334770519249,0.052490406097625,0.0998622694911576,0.00524663054497021,0.00975483045953141,0.0498268357168488
-6.04892253201166,-2.62097059192917,-0.202873857470558,0.0979491584076717,-0.0201485078164323,-0.121781134406477,-0.0474743789202516
-5.91659609465588,-2.66815291602586,-0.0589460796173547,0.0998263182837497,-0.00589119494767427,0.0325001190720293,-0.0412911291490106
-5.81118329630145,-2.70163634363338,0.196848064877792,0.09806879013186,0.0195579242782358,0.00734400822256509,-0.053041351885758
-5.75747008236481,-2.57099263490082,0.458476348610499,0.089672787931504,0.0442582320545174,-0.0359595739948619,0.0863854766780427
-5.7538920709244,-2.51195668833912,0.525667233359791,0.086498932298942,0.0501790266061734,-0.0829209208585255,0.00885691995552729
-5.49537511975062,-2.49394365681131,0.217775790395325,0.0976380423419853,0.0216058484588015,0.160878908831791,-0.00359281693099089
-5.40071125721005,-2.47743846696458,0.0137237031994042,0.0999905831463237,0.001372327241635,-0.00532672060575567,0.0151328626050944
-5.51449016889625,-2.5147800042315,0.0473722873673394,0.0998878143018083,0.00473545710649632,-0.213666725988006,-0.0420769943734178
-5.43587345804058,-2.53879513971721,-0.136841409991856,0.0990651815432049,-0.0136414737404674,-0.0204484706875379,-0.0103736617452419
-5.37303497440656,-2.71526089549659,-0.278220405465801,0.0961545717242784,-0.0274644922858697,-0.0333160880902583,-0.149001263493517
-5.2479006206728,-2.56255773253802,0.129537483807983,0.0991621745544583,0.0129175515339069,0.0259721791793002,0.139785611424672
-5.15492126352104,-2.52304911306386,0.633317218960916,0.0806068743994894,0.0591821915743659,0.0123724827522684,-0.0196735721002115
-5.16904171403975,-2.57319746871495,-0.050722644314396,0.0998713882454523,-0.00507008973551065,-0.113991838764156,-0.0450782659155813
-4.96266845532408,-2.72965930437221,-0.638464558260648,0.0803011770828402,-0.0595963166572426,0.126072081632832,-0.0968655190000192
-4.69211721522063,-2.78816041642134,-0.418931544166548,0.0913524093073993,-0.0406784625291246,0.179198830796047,-0.0178226495200009
-4.66108903883964,-2.88016418560139,-0.534683642025207,0.0860429878501905,-0.0509568861078851,-0.0550148114691975,-0.0410468830721639
-4.62432919617898,-2.901580711048,-0.05621601659508,0.0998420295825264,-0.00561864119177591,-0.0630821869218718,-0.0157978842548309
-4.47118174551491,-2.91916183050961,-0.169686476147369,0.0985637761170454,-0.0168873336423766,0.0545836745470276,-0.000693785819242509
-4.4312208148319,-2.99744402485406,-0.145598912351695,0.0989419190110786,-0.0145085031069772,-0.0589809883280741,-0.0637736912374712
-4.37789950978679,-2.9284090471424,-0.124592117259919,0.0992248437364658,-0.0124270022722274,-0.0459035386913542,0.0814619799838906
-4.30904637596591,-2.94014550874879,-0.107584832320934,0.0994218331814083,-0.0107377412358572,-0.0305686993605234,-0.000998720370531947
-4.12518212863887,-2.8490323710295,-0.161502492236184,0.0986986794773015,-0.0160801327555748,0.0851655678497325,0.10719327047486
-3.97111172177198,-3.01027424742977,-0.976835924467661,0.0559647510513102,-0.082873075481515,0.0981056558155786,-0.0783688009187495
-3.95330264792136,-2.92489500113888,-0.768550324047319,0.071891908540655,-0.0695093769672991,-0.0540828346900311,0.154888623258184
-3.88759588117757,-3.04008911810801,-0.590507372088017,0.0830658290105342,-0.0556782547391052,-0.0173590622667437,-0.0595158622300205
-3.88155564124217,-3.07514037468084,-0.477111855749906,0.0888324906418765,-0.0459215483881035,-0.0827922507064733,0.0108702918152681
-3.8274628750669,-2.9794413430001,-0.14614001014514,0.0989340540079996,-0.0145620382344716,-0.0448412878327282,0.110261069915212
-3.67931921728077,-3.01643481635666,0.0952961227101246,0.0995462759747174,0.00951519519323671,0.0485973818114056,-0.046508668549792
-3.62209932784104,-3.07262948493072,0.363636085628047,0.0934609740428998,0.0355674898039265,-0.036241084603172,-0.0917621583779855
-3.72307855863689,-2.94082640107674,0.698098508452186,0.076606577832544,0.0642762182520595,-0.177585808628385,0.0675268656019175
-3.65548829983949,-2.8902254111734,0.494574898235242,0.0880170567113157,0.0474657532108891,-0.0204267979139212,0.00313523669245441
-3.63846139642865,-2.91940627289739,0.437714211549208,0.0905722906296863,0.0423870283234346,-0.0735453872188438,-0.0715678900474286
-3.49642084541419,-2.79110225850345,0.409198313010851,0.0917440087976683,0.0397873956138545,0.0502965422167947,0.0885166187800912
-3.25131433461043,-2.86577110747649,0.387225244819197,0.0925960427719861,0.0377620558625788,0.152510468031773,-0.112430904835627
-3.1441405718644,-2.8833998065314,0.13835993044727,0.0990443524768533,0.0137918904592823,0.00812941026917668,-0.0314205895141852
-2.94219136890601,-2.86773830344334,0.0952365503560566,0.099546842640656,0.00950926497035763,0.102402360317731,0.00615223811770282
-2.8136777962072,-3.01433842542257,-0.220341865235096,0.0975822787183195,-0.0218563235732868,0.0309312939804927,-0.124743798405943
-2.79888409352775,-3.0800155010783,-0.0671844726563409,0.0997743972104622,-0.00671339417053012,-0.0849806945310116,-0.0589636814852033
-2.67308485296727,-3.1024253668494,0.281763414806283,0.0960566614656983,0.0278049957393312,0.0297425790947781,-0.0502148615104367
-2.47904671913432,-3.09061259318601,0.324986937709447,0.0947654897238107,0.0319296407340629,0.0992726441091372,-0.020116867070668
-2.20479295311533,-2.98784243003701,0.175911190715861,0.0984567484414661,0.0175005338871097,0.17579701757753,0.0852696292618896
-2.06865096771243,-2.98947559973794,-0.363850965720888,0.0934533291397394,-0.0355875718854144,0.0426886562631608,0.0339544021844811
-1.90243350838069,-2.87244987067543,-0.361092430810368,0.0935511430076396,-0.0353296425394337,0.072666316324097,0.152355371601944
-1.87445342806111,-2.96098333685465,-0.255376406227135,0.0967568280398177,-0.0252609625246772,-0.068776747720237,-0.0632725036545374
-1.78561996622915,-3.08204338728049,-1.09250551868045,0.0460262457248981,-0.0887782896009565,0.0428072161070645,-0.0322817608248872
-1.65828417515732,-3.16918464862043,-0.534662990932278,0.0860440401472335,-0.0509551092152815,0.0412917509245947,-0.03618615212466
-1.5622361437647,-3.31287922357888,-0.0352207213839129,0.099937981450821,-0.00352134399560209,-0.00388995005820147,-0.140173230962847
-1.34248648308517,-3.36116540815809,-0.201979178863626,0.0979671456424818,-0.0200608667475949,0.12178251503705,-0.0282253178316161
-1.1857164399095,-3.37020437591834,0.13929124342071,0.099031464959445,0.0138841257552006,0.057738578216223,-0.0229230935154493
-1.00234056796472,-3.27471038661086,0.0865561886103441,0.0996256351258946,0.00864481496401847,0.0837502368188807,0.0868491743434661
-0.918477010105079,-3.36912029008244,-0.0585567867449952,0.0998286041196083,-0.00585233282807192,-0.0159650462599639,-0.0885575706435142
-0.800462249685129,-3.349870697234,-0.175271846200991,0.0984679171883929,-0.0174375825325588,0.0195468432315571,0.0366871753810003
-0.675204534882395,-3.52198646826801,-0.537418518402372,0.0859033054586834,-0.0511920121822939,0.0393544093440505,-0.120923758851716
-0.708399184711704,-3.41490605551092,-0.229613555014618,0.0973754423070396,-0.0227601238025718,-0.130570092136348,0.129840536559665
-0.520975193286319,-3.36687432724823,-0.105238696478263,0.0994467517315531,-0.0105044547713268,0.0879772396938314,0.0585361830340176
-0.434853632874269,-3.50964551220346,-0.327184060278846,0.0946951077130765,-0.0321377748951111,-0.008573547301026,-0.110633410060121
-0.332143109681247,-3.61911143356438,-0.0551103461850162,0.0998481809177846,-0.00550824540206447,0.00286234227523696,-0.103957675958858
-0.171350509605763,-3.54485276285401,-0.251059851671236,0.0968649666077431,-0.0248430723559068,0.0639276334677414,0.0991017430662831
-0.0341646297851712,-3.60684478772821,-0.611180403742065,0.0818971232079461,-0.0573834576359991,0.0552887566126454,-0.00460856723819969
0.0593611925116841,-3.64600034492909,-0.977359610659312,0.0559213438939158,-0.0829023720836648,0.0376044784029395,0.0437468148827767
0.0639868774411874,-3.67761208166224,-1.51505808089028,0.00557093895691103,-0.0998447026092941,-0.000945254027407749,0.0682329658761436
-0.0463849111367808,-3.87079485017593,-1.4773698598017,0.00932906140698168,-0.0995638921158909,-0.11970084998495,-0.0936188763977953
-0.04651762445775,-3.92450110928762,-1.18275698019577,0.0378374259438656,-0.0925652699339363,-0.0379701392648348,0.0388590108222512
-0.0966823414101144,-3.88382159623612,-1.04681263012932,0.0500333314373428,-0.0865832879098559,-0.100198048389707,0.127262800961352
-0.0573253570171647,-3.8364009084245,-0.546285437232365,0.0854460190564371,-0.0519516874356068,-0.0460890346634875,0.0993723752472255
-0.0583092331297715,-4.07726954388653,-1.27426697252604,0.029220279898482,-0.0956356379319674,-0.0302041560110888,-0.145232997530064
0.0757384429175215,-4.15206033658719,-1.60364162082238,-0.00328393886891348,-0.099946064182164,0.137331614916206,0.0251552714815044
-0.023907694267789,-4.34981643686838,-1.8516362871733,-0.0277162799469751,-0.0960822971514571,-0.0719298572383353,-0.101673803129732
-0.0879652070656586,-4.41790159805794,-1.62353310852631,-0.00527123401542097,-0.0998609738183775,-0.0587862787824487,0.0317758126288162
-0.126373023154809,-4.55394881412282,-2.14195791677301,-0.0540609628188996,-0.0841273576138794,0.0156531467297496,-0.0519198584509969
-0.216323954124707,-4.49631563341716,-2.56426112848183,-0.0837922058172808,-0.0545789908689641,-0.00615872515261806,0.112212171574624
-0.191151522012222,-4.62399219408698,-2.12299134873942,-0.0524557278277386,-0.0851375159260723,0.0776281599402235,-0.0425390447437458
-0.380897098134702,-4.75189796977877,-2.01234092344846,-0.0427336432803059,-0.0904092679540741,-0.147011932842173,-0.0374965077377222
-0.348701824851037,-4.82246533408671,-2.01072248711514,-0.0425872657331814,-0.0904783111987143,0.0747825390168457,0.0199109468907754
-0.27007370730761,-4.98013803870525,-1.86921411985322,-0.0294008297367835,-0.0955802867268594,0.108028947280211,-0.0620924178916759
-0.241184524044917,-5.07668615900506,-1.4566305241968,0.0113917961216371,-0.0993490160048053,0.0174973871410562,0.00280089570499531
-0.213442708327263,-5.19003252803678,-1.23659675900911,0.0328013128199521,-0.0944673164501228,-0.00505949710229814,-0.0188790525815939
-0.226620947094552,-5.19390835580879,-1.25725371772155,0.0308430460679184,-0.095124689272829,-0.0440212848352077,0.0912488615008146
-0.205070852998898,-5.3381936713112,-1.29952558914989,0.026795592096292,-0.0963431172643336,-0.00524549800063845,-0.0479421982380798
-0.31239705779924,-5.57320919233992,-1.56367506091451,0.000712120569109254,-0.0999974643893287,-0.108038325369451,-0.135018056639387
-0.247184047842617,-5.68058167196189,-1.12918242441248,0.0427399090578803,-0.0904063060506518,0.0224731008987424,-0.0169661735713147
-0.12847308998491,-5.68712113875481,-1.14038295269104,0.0417246509703662,-0.0908793348424223,0.0769863068873415,0.0843398680494959
-0.0432344748572547,-5.80628654145711,-1.17603278777692,0.0384589925378225,-0.0923087530680364,0.0467796225898325,-0.0268566496342607
0.0100773151507997,-5.92458403410377,-1.15863979509841,0.0400586199683652,-0.0916259077239079,0.0132531700396892,-0.0266715849227558
0.110556607616194,-6.03124223948186,-0.377077320869796,0.0929744749199466,-0.0368204700317665,0.0075048175454473,-0.0698377353463164
0.164211057640738,-6.04209361184391,-0.859038998340818,0.0653165454741426,-0.0757215219559424,-0.0116620954495978,0.0648701495938878
0.275522117600728,-5.96015121030048,-0.875146271092679,0.0640884581879836,-0.0767637253335654,0.0472226017720057,0.158706126876999
0.428994734301577,-5.82414339543307,-0.61953584337761,0.0814148060298912,-0.0580657330885885,0.0720578106709584,0.194073547955996
0.593129308486182,-5.94056468149945,-0.375675688314288,0.0930259923449593,-0.0366901178552969,0.0711085818396451,-0.0797311682110856
0.629490203955857,-5.96865952993722,-0.412027674137522,0.0916310688191877,-0.0400468129450184,-0.0552701733495118,0.0119519645072556
0.737222972925766,-6.07479972782628,-0.186564044867617,0.0982647347868901,-0.0185483664310942,0.00946803418301867,-0.0875918314579696
0.832704305394521,-5.96932526990038,0.106942941947981,0.0994287051516087,0.0106739211105597,-0.00394737268285361,0.0948005368153385
0.898120822872892,-5.81766853507102,0.769095727765223,0.0718539871772366,0.0695485767412499,-0.00643746969886561,0.0821081580881089
0.911674827583497,-5.87307751885429,0.471020610068802,0.0891105603623948,0.0453795992919725,-0.0755565556517905,-0.100788583075244
0.841668267642313,-5.79467493079338,0.727637181340082,0.0746748012775436,0.0665107063122876,-0.144681361218728,0.0118918817486263
0.919111735639476,-5.63215745500787,0.557353685905148,0.0848657828242459,0.0528942237453952,-0.00742231482708222,0.109623252040113
0.987841881705217,-5.65784270609765,1.0292633470955,0.0515450237018101,0.0856919513815611,0.0171851223639305,-0.111377202471343
0.992685749563026,-5.48164287353019,1.02302786189201,0.0520783490692445,0.0853688793309478,-0.0472344812114351,0.0908309532365184
0.916947381170622,-5.3253174646101,0.708634039458417,0.0759251547430548,0.0650797270833489,-0.151663523135459,0.0912456818367366
0.979817128969632,-5.29593181121918,0.94960670901737,0.0582002953452072,0.0813186671172779,0.00466945245380224,-0.0519330137263565
1.02630993809156,-5.37119770043196,1.04769432991286,0.0499569715332078,0.0866273686269545,-0.00346416241127701,-0.161893257839733
1.03948356830051,-5.26061292996211,1.42130246331143,0.0148937660204833,0.0988846587379817,-0.00172013581153951,0.0117001117318647
1.06495125513302,-5.17029354316406,1.41439759169293,0.0155761914230542,0.0987794627478423,0.00989149540945489,-0.00846007594978326
0.933756542666488,-5.14383929127121,1.15674285935634,0.0402323562506381,0.0915497542897945,-0.171427068717165,-0.0650955023969523
0.897876860763409,-5.09918448116695,0.516710334000074,0.0869449050701969,0.0494022619151639,-0.122824586973276,-0.00474745181090419
0.868818257343279,-4.86153752715267,1.12783828065668,0.0428613894834812,0.0903487758165285,-0.0719199929036112,0.147298178197757
0.968408941285119,-4.61974718213515,1.16323434975169,0.0396372183921762,0.0918089914884753,0.0599534655496634,0.149981353529046
0.980053511744761,-4.58927220776808,1.36296253254813,0.0206340796215337,0.0978480186726957,-0.00898950916189145,-0.0673730443056317
0.986847321387176,-4.57161022194663,1.32635135742704,0.0242017831522648,0.0970271801726236,-0.0174079735098491,-0.079365194351167
0.873450653444569,-4.45351992787199,1.60872404425835,-0.00379186248729165,0.0999280830341375,-0.109604805455316,0.018162211040504
0.972132755820136,-4.40794845685138,1.63890469239753,-0.0068055721540165,0.0997681521712038,0.105487674529584,-0.0541966811505985
0.893670058175323,-4.3110891123246,2.0135475915272,-0.042842706120383,0.0903576368232508,-0.0356199915244306,0.00650170770353065
0.916023905151444,-4.26750742540496,2.1790012763813,-0.0571395228428956,0.0820675022727402,0.0794933698190166,-0.0384858153531048
0.957238948644376,-4.19686319125564,1.9596765701736,-0.0379152503945189,0.0925334198412711,0.0791302938874514,-0.021889185691946
1.0593053283504,-4.07572519936504,1.99246153046827,-0.0409280366074384,0.0912408670468458,0.142994416313458,0.0298971248437522
1.03152675680004,-4.05095710577559,1.41795704003669,0.0152244930979043,0.0988342795284706,-0.0430030646482575,-0.0740661859390186
1.21377864698336,-3.8900876528157,1.28229255385031,0.0284518155147657,0.0958670652200939,0.153800074668546,0.0650023877397921
1.23865887661716,-3.85332489746147,0.502754007429363,0.0876258894028921,0.0481840586330389,-0.0627456597690896,-0.0114213032788094
1.31702285922219,-3.80189942178382,0.400583220344177,0.0920833720668542,0.038995545755859,-0.0137193894618188,0.0124299299217887
1.46235994958515,-3.72040539785764,0.873747636861766,0.0641957598427271,0.0766740139696293,0.0811413305202273,0.00482000995655252
1.50379206359484,-3.56673041045042,0.47200212709327,0.0890659765968084,0.0454670409511855,-0.0476338625871167,0.108207946456039
1.60514669027564,-3.5951346074681,0.35115825554057,0.0938974919540416,0.0343985610853229,0.00745713472675957,-0.0628027581030051
1.70894598667966,-3.67266658669097,0.407978959478281,0.0917924554834951,0.0396754976819519,0.0120068409205252,-0.11720747690482
1.81975808140428,-3.66270071226572,0.355417092396417,0.093750142996581,0.0347981420210994,0.0170619517280395,-0.0248322675958523
1.95112213800376,-3.67649898692783,0.0658780901453679,0.099783082329461,0.00658304495138951,0.0315809742700166,-0.0203813196134977
2.10094710156786,-3.54174247834782,-0.0542768737077697,0.0998527372071096,-0.00542502278777776,0.0499722263569926,0.140181531367787
2.29762055240166,-3.60200136947098,-0.742309674092717,0.0736909205079489,-0.0675991733284598,0.122982530325846,0.00734028220530525
2.43027970312895,-3.5632848060511,-0.659224426576367,0.079046751098993,-0.0612503970656015,0.0536123996283009,0.0999669604854738
2.48746271073885,-3.66864743091882,-0.219467078914802,0.0976013609912838,-0.0217709515788609,-0.0404183533813871,-0.0835916732888564
2.73378459923599,-3.56551262139894,0.173267275664109,0.0985026741922631,0.0172401617443938,0.147819214304884,0.0858946477754836
2.8404974996928,-3.56974856644102,0.32189034322343,0.0948639083673178,0.0316360378251943,0.0118489920894858,-0.0358719828672711
2.88621071137743,-3.54067496771723,0.428229659717988,0.0909702328066775,0.0415260971329945,-0.0452570211220502,-0.0124524984092048
2.97672583398238,-3.60729458352688,-0.316091905568558,0.0950457521853981,-0.0310854466191479,-0.0045306295804477,-0.0355341691905023
2.92500941129463,-3.58236200700255,-0.731127263913186,0.0744422190974318,-0.0667709219335031,-0.126158641785175,0.0917034984578315
2.87001115958075,-3.60264392600173,-0.881498107385263,0.0635995780036672,-0.077169253448219,-0.118597829717548,0.0568873344490373
3.11926620767715,-3.623615467214,-0.773483940498762,0.071548102382826,-0.0698632166838648,0.177706945713575,0.0488916754715973
3.21811457553166,-3.76254868663445,-1.13701465198899,0.0420305226266554,-0.0907382784040463,0.056817845227854,-0.0481949410163975
3.4554631449408,-3.82569101849181,-0.913386346317859,0.0611068702504039,-0.0791577564626506,0.176241699158734,0.0160154246052817
3.55685853934793,-3.77945069728426,-0.586368571133691,0.0832955581222443,-0.0553339859137567,0.0180998362848839,0.101574307121306
3.59536910909051,-3.7353086622831,0.196785463132825,0.0980700142998822,0.0195517849625272,-0.0595594445573027,0.0245902500386346
3.71431107312724,-3.73242893780036,0.120254473927392,0.0992778140073005,0.0119964847322806,0.0196641500294357,-0.00911676024953922
3.89471240785218,-3.76259888069242,-0.491719064402981,0.0881522519070164,-0.0472141979040407,0.0922490828179154,0.0170442550119791
4.15263105465468,-3.80055063022432,-0.279332783089732,0.0961239613538504,-0.0275714354657764,0.161794685448652,-0.0103803140661178
4.20147404244555,-3.93162095658343,-0.737531513584263,0.0740130777689036,-0.0672462959513328,-0.0251700899780354,-0.063824030407776
4.24923265225707,-4.04345904116388,-0.926457558222114,0.060066991724307,-0.0799497123521531,-0.0123083819127801,-0.0318883722283043
4.16913782081457,-4.0942874790879,-0.853642628253676,0.0657242138138994,-0.0753679488811049,-0.145819045256398,0.0245395109570929
4.31891158940199,-4.09432628482402,-0.502416127401896,0.0876421648318234,-0.0481544488452677,0.0621316037555961,0.0481156431091407
4.37142288167737,-3.9561543837475,-0.0616218785444007,0.0998101972764309,-0.00615828869410556,-0.0472989050010577,0.144330189770624
4.4141584537436,-4.03387868831741,-0.424262872368614,0.0911342418458036,-0.04116491179622,-0.0483986697795644,-0.0365593927736891
4.40112596067649,-4.04600482088378,-0.306449878126956,0.0953410561650979,-0.0301675820927641,-0.108373549232213,0.0180414495264014
4.37442496171891,-4.09796962870778,-0.49826146825378,0.0878414731746232,-0.0477899109699103,-0.114542472132207,-0.00417489685409556
4.42657163385992,-4.21838258942175,-0.655491436529263,0.0792748469244953,-0.0609548902476072,-0.0271281747834808,-0.0594580704663599
4.5380313333515,-4.22590570181953,-0.698334310176537,0.076591419259829,-0.0642942804280839,0.0348682802317537,0.0567711680303027
4.61187448300037,-4.33707309691136,-0.99896743399959,0.0541170892009867,-0.0840912638531046,0.0197260604478733,-0.0270761312387251
4.53677329655608,-4.43747836506498,-1.36414782907184,0.0205180862376114,-0.097872407435119,-0.0956192726818994,-0.00253286071850489
4.56764691801133,-4.48404583329761,-1.77015200638964,-0.0198037812705475,-0.0980194381099398,0.0506774027257992,0.0514519698773106
4.62692156565065,-4.68895716902067,-1.1426866189376,0.0415151847855795,-0.0909752132848239,0.0177594628537414,-0.113936122438231
4.59407946710279,-4.83599048931979,-1.63085390535169,-0.0060021481326498,-0.0998197085639591,-0.026839950415209,-0.0472136117351629
4.52668605919777,-4.95810664996261,-1.51928945472944,0.00514841008259573,-0.0998673814296812,-0.0725418179876174,-0.0222487792131405
4.46552361826831,-5.08505162776004,-2.55609706198606,-0.0833438318136329,-0.0552612495209878,0.0221813908841697,-0.0716837282764402
4.30625431058571,-5.10406490740019,-3.42703480476724,-0.095953724475751,0.028158173932833,-0.0633155832068413,-0.0471714535729824
4.21714428365858,-4.97299676893896,-3.33646646387527,-0.0981072113082218,0.0193642735294643,0.00899718438108499,0.111703864931766
4.11485090785257,-4.91933597066562,-3.33311931325696,-0.0981714767598148,0.0190357860567182,-0.00412189904618643,0.0346250122166194
4.11600534733136,-4.80881123132499,-3.44156231821421,-0.0955345453402498,0.0295491226034167,0.0966889848190333,0.0809756167372193
4.08197096248113,-4.81888303838231,-3.55447258558603,-0.091596905334459,0.0401248916901986,0.057562520484236,-0.0501966987475266
4.26973588402817,-4.76357999776635,-4.07736603158405,-0.0593195989629481,0.0805058083548946,0.247084520509986,-0.0252027677389328
4.18239582321617,-4.74255162586838,-3.83697034080569,-0.0767811781623541,0.0640675477913806,-0.0105588826496534,-0.0430391758934083
4.04767373427266,-4.61971341653698,-4.05377720164969,-0.0612019577524219,0.0790842611855909,-0.0735201311910854,0.0437539481458051
3.95966934902972,-4.53063688134526,-4.35616714257656,-0.0348735757424786,0.0937221089974698,-0.0531308095004581,-0.00464557380575092
3.88050635680748,-4.48372878880066,-4.44868686646348,-0.0260656467785412,0.0965431616325896,-0.0530973454436974,-0.0496350690879837
3.86621164125806,-4.37952729884624,-4.20996953005549,-0.0481547400735439,0.0876420048176069,0.0338600245241185,0.0165594851368136
3.67283880145261,-4.46053741556651,-3.79933819731646,-0.0791372467863911,0.0611334292434984,-0.114235593019052,-0.142143545963767
3.51149665406241,-4.26091905116287,-3.98431806576979,-0.0665430890012284,0.0746459463479069,-0.0947990583889786,0.124972418055732
3.49470698637814,-4.35646730875238,-4.72215789752816,0.000976876176675094,0.0999952284508388,-0.0177665438609478,-0.195543486040352
3.41433076237869,-4.32359105027391,-4.93949122521138,0.0225155123489337,0.0974322929200838,-0.102891736348375,-0.0645560344416103
3.51202232963743,-4.18529299401763,-5.22489117928599,0.0490359496714365,0.0871520260224646,0.048655617587301,0.051146030233813
3.53457398327934,-4.03231710948145,-5.505973940442,0.0712871959652522,0.0701294210115251,-0.0487355423233469,0.0828464635246546
3.66209539215584,-3.95632265571613,-5.37863428652064,0.0618038606312113,0.0786147747632581,0.0657175482452885,-0.00262032099793608
3.61980749549612,-3.73181456152814,-5.4373727372146,0.0663123284572443,0.0748510193289213,-0.108600225116963,0.149657074859068
3.61683299098882,-3.70917416661561,-5.17695578487471,0.044803555989366,0.0894015736478265,-0.0477780604966633,-0.0667611787352995
3.54904578077482,-3.68070249579735,-5.43137505055522,0.0658622054905945,0.075247391236605,-0.133649415704594,-0.0467757204183403
3.52635146398458,-3.73851722661995,-5.2115042027762,0.0478648885650472,0.0878006403316947,-0.0705592053552881,-0.145615371154293
3.4786227367888,-3.61216247496903,-5.13252011991754,0.0407880191610061,0.0913035458945676,-0.0885167463567869,0.0350512057563535
3.39481050037115,-3.41188973446269,-4.89500701506601,0.0181604693848702,0.0983371616008983,-0.101972705802519,0.101935578905439
3.38999526342957,-3.27231447382462,-4.6903944603371,-0.00219927467496366,0.0999758130294726,-0.0026159622666162,0.039599447608593
3.4222438378544,-3.13202230660219,-4.9245279799667,0.0210551429083507,0.0977582782024567,0.0111934315164777,0.0425338890199749
3.37391554669519,-3.03318704938764,-4.78405955063649,0.00716092279896715,0.0997432763882721,-0.0554892139581802,-0.000908019173723851
3.27077257234994,-2.91840524510382,-4.67336722212614,-0.00390118559560975,0.0999238747794971,-0.0992417887496342,0.0148579295043199
3.18626799316268,-2.83932950052165,-5.05617610999746,0.0337055026226164,0.0941484949054248,-0.118210081809874,-0.0150727503232468
3.2384232963437,-2.6674597728178,-5.15433270296364,0.0427697245583169,0.0903922046484414,0.00938557862270217,0.0814775230554059
3.2799799760854,-2.6316978637261,-5.07768489594183,0.0357225700597788,0.093401809341812,0.00583410968191855,-0.0576399002501167
3.27120950884616,-2.45773876813253,-4.74937373310747,0.00369763215652333,0.0999316141990864,-0.0124680993957622,0.0740274813944888
3.40406950214564,-2.48327278148751,-5.88190127232663,0.0920560208118902,0.0390600695375832,0.0408039724875831,-0.0645940828925617
3.6072114663257,-2.51694580238628,-5.81420426762644,0.0892029298478302,0.0451977577603478,0.113939034332231,-0.0788707786591167
3.64432145382327,-2.45003376587008,-6.02256294927868,0.0966229794876605,0.0257681942504155,-0.0595129919900845,0.0411438422657848
3.80551886002092,-2.46368536183499,-6.17768400002175,0.0994439897204375,0.010530570187864,0.0617534164772104,-0.0241821661527786
3.92912070101902,-2.49738193819415,-6.2449080396007,0.0999267514833238,0.00382679212788511,0.0236750895147799,-0.037523368487046
3.96989393258456,-2.48478219245711,-6.06545047657872,0.0976389272311931,0.0216018492065329,-0.0568656956656555,-0.00900210346949626
4.15403219470058,-2.42144322826177,-6.1652234485707,0.0993050564016726,0.0117688475672273,0.0848332057143475,0.0515701166281159
4.08686153290928,-2.53347300528286,-6.60250305369518,0.0949449811277641,-0.0313918868284231,-0.162115642919065,-0.0806378901926665
4.17833244537978,-2.47339294102254,-5.69052765395003,0.0829459131656004,0.055856740767115,0.00852499930489947,0.00422332349320231
4.22185835766533,-2.57215678594113,-5.74580730074271,0.085905379277221,0.0511885320285395,-0.0423794669916717,-0.149952376947131
4.27098563100919,-2.68106229707019,-5.60734288575395,0.0780180247282635,0.0625554779176058,-0.0288907513843983,-0.171460989046665
4.45243683779771,-2.66318709240287,-5.66016321408231,0.0812118800395304,0.058349211995064,0.100239326748989,-0.040474007327739
4.50823125518143,-2.61912504824686,-6.29970911464666,0.0999863484999566,-0.00165230555443664,-0.0441919311162451,0.0457143497104431
4.32705499929536,-2.58815070512647,-5.95375904618097,0.094622810393428,0.0323500193701544,-0.275799066279494,-0.0013756762497571
4.50950465388748,-2.43162474588243,-5.80298226526665,0.0886901143969137,0.0461959263167474,0.0937595401952058,0.11033003292729
4.64119708771082,-2.34398854760842,-5.37597227223402,0.0615943682439758,0.0787790187843534,0.0700980655793635,0.00885717948965314
4.69595189892958,-2.41969109303968,-6.16819042087986,0.0993395371081399,0.0114741608468986,-0.0445847258893783,-0.0871767062781582
4.73172391324839,-2.42854873807548,-6.50465618148179,0.0975575405438949,-0.0219664808976383,-0.0617855262250835,0.0131088358618395
4.81686558839378,-2.33390548523438,-6.75280599796806,0.0891740007993622,-0.0452548072743145,-0.00403232565397782,0.139898060115416
4.75332410091039,-2.35812478603457,-6.52878243537815,0.0969992314802882,-0.0243135577864177,-0.160540718963676,9.42569862207865e-05
4.70382734428588,-2.44483364867622,-6.36515989956634,0.0996641964187044,-0.00818828139562364,-0.149160953043207,-0.0785205812460189
4.80943758853257,-2.54415184326582,-6.5669368364736,0.0960011921505742,-0.0279959123028441,0.00960905209610874,-0.0713222822867634
4.94501829561962,-2.59177309273359,-6.82802050759546,0.0855212714253705,-0.0518277158843423,0.050059435661677,0.00420646641657352
4.82739393143711,-2.62371744849109,-6.77958836973852,0.0879301344784414,-0.0476265834445766,-0.205554498660949,0.0156822276870815
4.91655945410362,-2.57363050840929,-6.34091922381383,0.0998333860310955,-0.0057701848814627,-0.0106678633645854,0.0558571249632578
4.95404681167131,-2.55851275686753,-6.41957036619174,0.0990713965274251,-0.013596263828924,-0.061584038959732,0.0287140153706876
4.92545359905597,-2.57379727777857,-6.49451337632163,0.0977753203135677,-0.0209758608304699,-0.126368532928909,0.0056913399194316
5.05051510327027,-2.64442806182494,-6.17313676250314,0.0993950767633433,0.010982655198498,0.0256664274509526,-0.0816134392448686
5.14971189303019,-2.56092048112133,-5.66408343484103,0.0814399972091622,0.0580303959539452,0.0177567925507645,0.0254771847496609
5.22394050284049,-2.49503866120898,-5.78621289932062,0.0879030042570104,0.0476766383314933,-0.0136743944467099,0.0182051815808575
5.3242481173193,-2.55718416658736,-6.13915900858319,0.0989646129259304,0.0143528878077119,0.00134300155288081,-0.0764983931860918
5.3921826810629,-2.62122887085842,-6.45076385374554,0.0985991544233795,-0.0166795307786092,-0.0306645906797782,-0.0473651734924444
5.55589330416084,-2.46649445901076,-6.18789025038153,0.0995462861170223,0.00951508908565414,0.0641643369809086,0.145219322762004
5.67259119151014,-2.38233802851243,-6.00512689966231,0.0961590196539583,0.0274489150821971,0.0205388676953475,0.0567075154161307
5.8525939414276,-2.3788273791551,-5.75979922537801,0.0866131731093088,0.0499815790460536,0.0933895768081516,-0.0464709296887287
5.82691507095664,-2.24204886220234,-5.37447620620871,0.0614764407437687,0.0788710798295414,-0.0871553112147334,0.057907437123223
5.9648580431469,-2.24943397202499,-5.23443450695888,0.049865424428209,0.0866800983305544,0.0880775477620508,-0.0940652081532047
5.88935714450962,-2.00030247542912,-5.09225110181148,0.037079242293275,0.0928715768734256,-0.112580140930548,0.156259919722442
5.85167595683568,-1.93791860859789,-5.01749779140068,0.0300396962487353,0.0953814271715606,-0.0677208839226764,-0.0329975603403336
5.88625650024284,-1.87938138382802,-5.25433581615984,0.0515804834212857,0.0856706118224124,-0.0169999400141307,-0.0271333870525349
5.93443855220841,-1.7804838017973,-5.34625021360072,0.0592260341034073,0.0805746665173492,-0.0110439821378328,0.0183229155133668
5.88234408088648,-1.67745994945992,-4.92563559078976,0.021163408097951,0.0977348973380521,-0.0732578794198834,0.00528895499933391
5.95091601484207,-1.5262038172567,-5.15347266217678,0.042691967767345,0.0904289549212639,0.0258799661882411,0.0608271772819479
5.88744149820262,-1.38903865065098,-4.51951719986818,-0.0191678212958994,0.0981457825215555,-0.0443066953435411,0.0390193840841713
5.95540793696407,-1.21789420729122,-5.09748995172708,0.0375652714914758,0.0926760507238613,0.03040116726997,0.0784683926358991
5.99179901012534,-1.10795293384984,-5.08196130788647,0.0361216668141647,0.0932481913313415,0.000269406347105705,0.0166930821100344
6.00587897029227,-0.950843610665158,-4.72875446566314,0.00163647547626782,0.0999866088434625,0.012443484690664,0.0571227143412196
6.07388131616151,-0.814915612459038,-5.06976524801072,0.0349817480775212,0.0936817874586136,0.0330205977917201,0.042246210747507
6.14165566865164,-0.761962402620081,-5.62944108782942,0.0793812272978764,0.0608162869031223,-0.0116068748077464,-0.007863077064165
6.19817448991474,-0.829078443068828,-5.67937854157882,0.0823180178403102,0.0567780233791418,-0.0257991965772125,-0.12389406382789
6.34346190304352,-0.885535170887796,-6.10132593094189,0.0983509108934192,0.0180858598478125,0.0469365022353643,-0.07454258766678
6.5686843572635,-0.813057512290096,-6.03949942229511,0.0970455234149422,0.0241281243597572,0.128176930805029,0.0483495342379423
6.7456955631337,-0.74391251226281,-5.6910133649105,0.0829730336116421,0.0558164464408234,0.0940381722585637,0.0133285535864627
6.79465096461728,-0.634035283575144,-5.47969036913188,0.0694195344365465,0.0719786651627628,-0.0204641329529662,0.0378985635249032
6.86882212570733,-0.641246326802002,-5.46307638181804,0.0682141562916741,0.0731220136580979,0.00595700479837258,-0.0803330568849558
7.0845584942,-0.585289108796407,-5.78978959281351,0.0880729663561353,0.0473619319414977,0.127663402136532,0.00859528606409765
7.12685099749912,-0.312969569969483,-5.32689203842672,0.0576552562065849,0.0817060060935122,-0.0153627529074611,0.190613532733411
7.21984386938493,-0.259026544128859,-5.47627258874726,0.0691731221934581,0.0722155050249523,0.0238197496923578,-0.0182724791843274
7.26725798478036,-0.164333039649883,-5.16009202162348,0.0432896098626371,0.0901443823981321,0.00412450553278876,0.00454912208084335
7.37374846096742,-0.0734162342706603,-5.35098307524805,0.0596067180988812,0.080293456504752,0.0468837580881816,0.0106233488744707
7.29670402057278,0.0753052152375855,-5.05164501396142,0.033278562209876,0.0943002507803845,-0.110323002604523,0.0544211987278613
7.26027735386988,0.0563648036735145,-5.33039786071047,0.0579413480427312,0.0815033753104195,-0.0943680147456287,-0.100443786874491
7.21639509705504,0.0369243230550713,-5.44000349355651,0.0665090135542392,0.0746763089342399,-0.110391270369075,-0.0941167895526831
7.21479902080139,0.0791368265494112,-5.58333074286276,0.0764935871434818,0.064410644507896,-0.0780896633971337,-0.0221981410135561
7.24895338629581,0.13722008125991,-6.23913200489568,0.0999029810197583,0.0044039054674019,-0.0657486155253353,0.0536793492430971
7.23034694895357,0.105895483611179,-6.17713118059612,0.0994381530214667,0.0105855431452225,-0.118044590363706,-0.0419101407939537
7.22969550047945,0.212786445817597,-5.77898340739652,0.0875560322481002,0.0483108809376276,-0.0882074807222238,0.0585800812687907
7.23539554901618,0.415722048857957,-5.41652885691161,0.0647378509931629,0.0762168659076653,-0.0590378024564351,0.126718737132694
7.26027718240914,0.488686499105929,-5.42822092804894,0.0656245387794495,0.0754547540582072,-0.0407429053864837,-0.00249030381023529
7.38824045792419,0.474903844807367,-6.39753078831988,0.0993469675397855,-0.0114096468240175,0.0286163079752551,-0.0023730074745445
7.56455750631154,0.54176750196995,-5.97031586432661,0.0951454302150001,0.0307790043569077,0.081171618172356,0.0360846528056755
7.59160726314353,0.514042225999354,-6.01440051551116,0.0964094318935038,0.0265560057608791,-0.0693596750615172,-0.0542812817314748
7.78709952549673,0.507300378227504,-5.95390484309555,0.0946275259207361,0.0323362233125704,0.100864736432465,-0.0390780710844205
7.88244602448029,0.452724567011763,-6.11965351026131,0.0986658447866729,0.0162803892008814,-0.00331934580311743,-0.0708562004166222
7.7898854201987,0.407989716548236,-6.30390997657943,0.0999785251725711,-0.00207231858496078,-0.192539129454154,-0.0426625318785669
7.82092151136421,0.48152820360477,-6.31426917486974,0.099951693548161,-0.00310788623577502,-0.0689156023826535,0.0766463732923095
7.94901056696586,0.61231502023717,-5.79377169387651,0.088260867565957,0.0470108419038055,0.039828188035697,0.0837759747285944
8.0505406429248,0.737545499610156,-5.73576762699167,0.0853871423670909,0.0520483997677369,0.016142933591847,0.0731820796052494
8.16376727987512,0.777559072104549,-6.07103917985507,0.0977581281243362,0.0210558397036515,0.0154685088259762,0.0189577327907409
8.29997978584032,0.899411244909831,-5.70446342916026,0.0837162407943187,0.0546954388159346,0.0524962651708849,0.0671567339893473
8.50404514683043,1.02197916028444,-5.58710698506901,0.0767362713609002,0.0641213276346201,0.127329089629211,0.0584465877399842
8.56503423343571,1.04533375843237,-6.00975049975075,0.0962849041815391,0.0270040224179999,-0.0352958175762608,-0.00364942427006243
8.67502143641087,1.14624109025334,-5.53214961643495,0.0730982509620149,0.0682396197695612,0.0368889520131495,0.0326677120514016
8.61906721967409,1.22336778340667,-5.24974828200225,0.0511869251749873,0.0859063367344357,-0.107141141911767,-0.00877964358109939
8.65434377826277,1.21008650880835,-5.09223866857585,0.0370780875962109,0.0928720378812036,-0.00180152900753838,-0.106153312479528
8.80983899305536,1.22793740009133,-5.18040433197376,0.0451115945033667,0.0892465351784808,0.11038362028923,-0.071395643895497
8.96788816743277,1.23401320425052,-5.39672901519168,0.0632161784155963,0.0774836420577111,0.0948329959618148,-0.0714078378985177
9.02706506116354,1.25253553066881,-5.43873504011044,0.0664142366525989,0.074760612422937,-0.00723734292183353,-0.0562382860046524
9.14425580384673,1.33787179795663,-5.54850024797553,0.0742041911861142,0.067035348961683,0.0429865514970749,0.0183009183261391
9.23737063340174,1.41770163790397,-5.43806885582875,0.0663644175740283,0.0748048399507679,0.0267504119809844,0.00502499999656769
9.32931968299523,1.54827056541647,-4.93409598938328,0.0219895170052199,0.0975523507757611,0.0699595325882707,0.0330165767367405
9.35487267039925,1.66295093372813,-4.79716555666317,0.00846750635961357,0.0996408617789404,0.0170854810444037,0.0150395065327245
9.42902030236815,1.89426341298995,-4.5848600227005,-0.0127183557938994,0.0991879197579009,0.0868659877628033,0.13212455950392
9.42239584082818,1.92392014307479,-4.92814012894366,0.0214081222454541,0.0976815862991777,-0.0280325837854307,-0.0680248562143402
9.49841600444948,2.06721210095024,-4.79195569668735,0.00794827885524787,0.0996836238468447,0.0680718847660613,0.043608334028604
9.45964746600219,2.33719531657388,-4.79502832379012,0.00825453145766369,0.099658731230206,-0.0470230699049599,0.170324484393432
9.36209024000534,2.4850773563995,-4.5569190808777,-0.0154844348361277,0.0987938878565153,-0.0820727911607262,0.0490881519691124
9.26994736104778,2.61540668079569,-4.53626569239125,-0.0175214159016238,0.0984530344113493,-0.074621463055934,0.0318762899848359
9.19894887649006,2.66417273720147,-4.80501940307022,0.00924980118993355,0.0995712869151881,-0.0802482857476502,-0.0508052305094062
9.20089952777065,2.73919646331732,-4.37798101608619,-0.0328209987668569,0.0944604787196528,0.0347716500474453,-0.0194367526038079
9.21054826576278,2.88528185163611,-4.59912568964004,-0.0113021278297705,0.0993592567731841,0.0209508658218984,0.0467261315456058
9.32029808063879,3.02543733874952,-4.83529128443262,0.0122593131576673,0.0992457013724133,0.0974905017183487,0.0409097857409981
9.43576816965132,3.19293629820674,-5.16358094048789,0.0436038521885412,0.089992800124898,0.0718662368239888,0.0775061593323276
9.54848077200488,3.36936403061384,-4.94764801354947,0.0233094891165561,0.0972453994650912,0.0894031132370061,0.0791823329420061
9.59397486027199,3.49273619618717,-5.17176206302379,0.0443386268893906,0.089633064019721,0.00115546137771738,0.0337391015536075
9.65426669492326,3.57604348557421,-5.53782437919555,0.073484315550829,0.067823708008529,-0.0131924808995623,0.0154835813785159
9.83909714569878,3.53436598902299,-6.01161681537615,0.0963351344947055,0.0268242774718536,0.0884953162808191,-0.068501774023074
9.85187853114413,3.58864064089129,-5.88929258808823,0.0923422089207398,0.0383785936641567,-0.079560823475388,0.0158960582041403
10.0128062413514,3.67432985302648,-5.84938273092837,0.0907373998855558,0.042032419178638,0.0701903103217485,0.0436567929565492
10.2297848190107,3.76248546214965,-5.94097073567753,0.0942013823333847,0.0335574070285455,0.122777195325888,0.0545982020946214
10.3277327552261,3.71479884295813,-6.15304119518886,0.0991543201583983,0.0129777037231496,-0.00120638394300121,-0.0606643229146673
10.3438772247556,3.72387999732534,-6.13908154555311,0.0989635008108319,0.0143605538634302,-0.0828190312813879,-0.00527939949621548
10.3701937123856,3.71670404378252,-6.64374778811174,0.0935698528097516,-0.035280060163801,-0.067253365179706,0.0281041066209775
10.5115356936486,3.78798180703039,-6.14644990683497,0.0990666271143718,0.0136309717988858,0.0422753541486178,0.0576467914489847
10.590741873045,3.76195582581675,-6.5512197510887,0.0964293309907504,-0.0264836576906648,-0.0172231515943768,0.000457676477022773
10.6305189938872,3.62449886970521,-6.7028058553849,0.0913243600009366,-0.0407413950475352,-0.0515472391586915,-0.0967155610640023
10.8244347897393,3.74104159550164,-6.67969795262335,0.0922413430279287,-0.038620391458451,0.101674452824215,0.155163117254876
10.9538130845157,3.76555048696395,-6.70099015501826,0.0913981835886516,-0.0405755103072671,0.0379801111877136,0.0650844017695769
10.9996709601991,3.65666003973425,-7.21457510828475,0.059671931299403,-0.0802450036762372,-0.0138140556159858,-0.028645443553462
11.117520346135,3.62870713493982,-7.14778697906034,0.0648943229865155,-0.0760836831661153,0.0529550629493423,0.0481307783716876
11.1179615768857,3.67517914093622,-6.82285730422312,0.0857877273347394,-0.0513854633017978,-0.0853464965840742,0.0978574692981957
11.3352847909648,3.67157484949231,-6.65353686300537,0.0932200159982986,-0.0361943174721799,0.124103198080812,0.0325900260282697
11.4295246666211,3.61010926172654,-6.60518318742615,0.0948605057734798,-0.0316462390245605,-0.000620630117159848,-0.0298193487412015
11.6106340117654,3.68446006126626,-6.32795345205386,0.0998998073956274,-0.00447531924185947,0.0812095377486917,0.0788261187815795
11.6917804012668,3.52583296422792,-6.25117878733474,0.0999487835068502,0.00320010554525744,-0.0188023940054651,-0.161827202583601
11.7870391950528,3.51965852262718,-5.76470580588861,0.0868573681832202,0.0495560046037263,0.00840142560282331,-0.0557304462044623
11.8605165553584,3.68986299558318,-5.92747173407143,0.0937398218984618,0.034825935600421,-0.0202624615929297,0.135378537355574
11.7854139791769,3.57323946148755,-6.05457602340152,0.0973982505363539,0.0226623209856722,-0.172500826717792,-0.139285855081299
11.8302852145584,3.62683761996268,-5.81300936229391,0.0891488591370072,0.0453043145248889,-0.0442776237554956,0.00829384395023514
11.8788276038639,3.85992395688141,-5.07623156023722,0.0355867881968473,0.0934536275691465,0.0129556011085936,0.139632709349589
12.0328223415577,4.02769820569081,-4.66625375610857,-0.00461188598628345,0.0998935959291161,0.158606623680098,0.0678806528802793
11.8291049413866,4.08143838588961,-4.22238094664902,-0.047063297658493,0.0882329077697663,-0.156654102512548,-0.0344927275709677
11.6964774273133,4.0798203273104,-3.64091641462221,-0.0877906567438052,0.0478831973503375,-0.0448368573295588,-0.0495012559295414
11.6410401153366,4.01588220960884,-2.86369555727223,-0.0961634462202702,-0.027433403198313,0.0407261342435579,-0.0365047145032462
11.6050688360356,4.04679535415188,-3.06192392717345,-0.0996828125233594,-0.00795844755167662,0.0637115332223854,0.0388715920947162
11.4849625965501,3.89423684836738,-2.66752297713082,-0.0889717809443183,-0.0456510919430877,-0.0311344585411995,-0.106907413841419
11.4746934041634,4.06617571356492,-2.70570203914408,-0.0906494368495966,-0.0422217905689822,0.0803802444629369,0.21416065576653
11.4288724857811,4.16649105387748,-2.74163686850419,-0.0921078211201232,-0.038937761729501,0.0462869027378285,0.139253102042055
11.3077030816736,4.10780553913561,-2.88818228905338,-0.0968063051153066,-0.0250706858686028,-0.0243630989921773,-0.0336148288732696
11.2165512055825,4.16830602943991,-3.30196586192171,-0.0987167755742164,0.0159686636958073,0.00756489948312322,0.0445318266084933
11.1038434369605,4.37084682195034,-3.51692346788705,-0.0930386402808717,0.0366580334263386,-0.019669128341151,0.165882759084097
11.1198141739767,4.45659787189667,-3.76213382967042,-0.0813563895166076,0.0581475526984758,0.0973271265327835,0.0276034972478527
11.0447059575914,4.42819233404924,-2.99571741794208,-0.0989379061963972,-0.01453584250991,0.0238296898110983,-0.0138696953375166
10.9378419316591,4.50785360830786,-3.2989085479536,-0.0987651353559111,0.0156667813582931,-0.00809889057635216,0.0639944929003233
10.7928835908178,4.42444845329931,-3.43015827331275,-0.0958653053836198,0.0284577445294828,-0.0490930354577177,-0.111862899538033
10.8028820223557,4.42119950512952,-3.24102875424798,-0.0995060303076044,0.00992723186100286,0.10950446184549,-0.0131761800307881
10.7750892845493,4.497803773325,-3.19428721160915,-0.0998611963004265,0.00526701750971879,0.0720684584940272,0.0713372506857541
10.7040089320119,4.48435403916401,-3.70090504304882,-0.0847620159918944,0.0530603490846964,0.0136816634545112,-0.0665100832456802
10.631584079081,4.57470466838755,-3.2649757882479,-0.0992397952469072,0.0123070321098115,0.0268149423159794,0.0780435971137301
10.4284506666807,4.67733979519633,-3.71613588661977,-0.083944062063866,0.0543451418639957,-0.119189350336405,0.0482899849447818
10.3301944089001,4.67130621518553,-2.98220503578108,-0.0987324661891,-0.0158713616371824,0.000476208408520806,0.00983778162637572
10.2918999974487,4.5720145161444,-3.04795540131034,-0.0995619234751927,-0.00935004780307961,0.0612675120237549,-0.0899416512380449
10.2469620310595,4.62489558960629,-3.17500602984672,-0.0999441825077828,0.00334071591893315,0.0550062161185711,0.0495403575429516
10.1297289920079,4.60206772607449,-3.45749567358691,-0.0950516220822017,0.0310674932935101,-0.0221814169693477,-0.0538953568253051
10.0088755208953,4.58999306373256,-3.59191689429553,-0.0900306021490481,0.0435257472845651,-0.0308228689636234,-0.0556004096264977
9.90757657626131,4.64015345945868,-3.79851839976928,-0.0791873372233169,0.0610685321870494,-0.0221116074106329,-0.0109081364609254
9.90302148812704,4.6731547513771,-3.97009910109921,-0.0675977146176496,0.0736922586061169,0.0630426264833863,-0.0406909666877029
9.81097091994786,4.72705653232188,-3.71850071380375,-0.0838153105902588,0.0545435029188487,-0.0082352575889264,-0.000641721974069309
9.70066019592068,4.85008848419895,-3.44895748791235,-0.0953134142456731,0.0302548023433096,-0.0149973097815053,0.0927771495337599
9.65567852417767,4.86458081465013,-3.29654511245229,-0.0988018869063233,0.015433312792466,0.0538202151633123,-0.000940982341286922
9.60387107178662,4.9853029146572,-3.34184885990431,-0.0980015645338142,0.0198920423517708,0.0461941121427678,0.100830057655303
9.63921564794526,5.00688311609822,-2.65408508227863,-0.088350311824801,-0.0468425276907686,0.123694887983434,0.0684227291317927
9.48995733216465,4.94856511611539,-3.06246552598451,-0.0996871081889375,-0.00790445829434697,-0.0495712075916728,-0.0504135416884828
9.50413785174508,4.93854600226341,-3.07213102659476,-0.0997588511024531,-0.00694057826975543,0.113939370682888,-0.00307853558222737
9.44335466079428,4.9306942183432,-3.06397514960614,-0.0996989273497446,-0.00775395933122922,0.0389157363989465,-9.78245889831086e-05
9.35283646531155,4.98497515840299,-2.97754528027983,-0.0986574378890967,-0.0163312568150474,0.00813924240636954,0.0706121968748437
9.25101944228394,4.85835143392197,-2.88437956210096,-0.0967102684280252,-0.0254386316569763,-0.00510675459959042,-0.101185092824047
9.15959685776142,4.93367568683786,-2.75045445539578,-0.0924475731075742,-0.0381240898451324,0.00102498858505196,0.113448342761024
9.15389826920281,4.93813431223838,-3.25684070791734,-0.0993366290339618,0.011499310073611,0.0936380404753572,-0.00704068467308927
9.09275278202617,4.87328635551869,-4.16883488040196,-0.0517181120461526,0.0855875977369479,-0.00942737513048542,-0.150435554456643
9.10997004093922,5.02180341453154,-4.27713285885249,-0.042164265648696,0.0906762080278294,0.0593815245617391,0.0578408509850212
9.04244306675287,5.22712074241507,-4.439924587932,-0.026910573404757,0.0963110639492015,-0.0406164007815923,0.109006263934332
8.97305348685023,5.34973239526667,-4.18041801383448,-0.0507232922054402,0.0861809005977631,-0.0186662876971915,0.036430752253835
8.85966213615646,5.51751719542213,-3.90144609733052,-0.072493696870619,0.0688815208458031,-0.0408976538231587,0.0989032793096571
8.80283701846145,5.44371839889983,-3.48047525791113,-0.0943126713937452,0.0332433454179245,0.03748755369874,-0.10704214194023
8.65003288784779,5.46501271226847,-3.13406441659604,-0.0999971662957715,-0.00075281658842966,-0.0528069643178954,0.0220471299570693
8.64622482577569,5.41481449639611,-3.03761665249681,-0.0994599363756711,-0.0103788754760547,0.0956518743035784,-0.0398193403963059
8.56360440852397,5.27634683011377,-2.7373425675933,-0.0919397618885866,-0.039332940188473,0.00931934463686446,-0.0991347260938653
8.5184423930184,5.31044689895467,-3.04946768509944,-0.0995759495463727,-0.00919947128579878,0.054413934040805,0.0432995401267058
8.35259700378304,5.27718454251609,-3.08462706669513,-0.0998377899679573,-0.00569347822636068,-0.0660075992674125,-0.0275688782122248
8.27291639506661,5.34709243927088,-3.59181146071754,-0.0900351907239093,0.0435162547941487,0.0103545820074826,0.0263916419606414
8.1835360245728,5.62357022244885,-3.48975041149217,-0.0940002819218756,0.0341166674604644,0.0046199114280645,0.242361115717504
8.00133804387297,5.7188338244063,-3.46564031494985,-0.0947954386728341,0.0318406156791125,-0.0874025420269908,0.0634229862783369
7.89550241008979,5.5339864257124,-3.05817118445016,-0.0996522446677364,-0.00833247458331597,-0.00618338911545124,-0.176514924110581
7.77936683744236,5.52339610443574,-2.98158285741505,-0.0987225722619266,-0.0159327877657576,-0.0174130003854964,0.00534246648909464
7.78050170655552,5.40034720492506,-2.64225900784885,-0.0877901834280675,-0.047884065133051,0.0889250525412264,-0.0751648343776297
7.74389141960242,5.41552577922916,-2.87148807063291,-0.0963742995532931,-0.0266832229240046,0.0597640126001875,0.0418617972281088
7.59986093977321,5.4109413044049,-3.0435738395342,-0.0995200000966814,-0.00978619337416428,-0.044510479732526,0.00520171854990403
7.41116441445838,5.36556480172241,-3.25226328791853,-0.0993882253349054,0.0110444857181343,-0.0893082999799217,-0.0564209884006242
7.26699169435626,5.48008498976036,-3.76097458349859,-0.0814237421639226,0.0580532015656592,-0.0627489779381989,0.0564669864722851
7.1298564973888,5.45304919954079,-3.49790952431792,-0.093718794436527,0.0348824822706755,-0.0434164025309327,-0.0619182724902427
7.02432749995107,5.52732680266831,-3.48199484555003,-0.094262046345543,0.0333866233505383,-0.0112669510921872,0.0408909797769867
6.81079613981201,5.66272232953107,-3.61041470262684,-0.0892101147351974,0.0451835747693,-0.12432124540386,0.0902119520934503
6.69180876652674,5.60219257215825,-3.19064459957898,-0.0998797194498219,0.0049032277761556,-0.01910765383545,-0.0654329851489739
6.62853285843807,5.56431002104315,-2.70682315274598,-0.090696715294946,-0.0421201357394241,0.027420807206278,0.00423758462432389
6.6099229977078,5.55176917168424,-3.3043829757943,-0.0986778891600024,0.0162072265032077,0.0800680284297297,-0.0287480758621173
6.52224127781243,5.50614829426105,-2.91433280408006,-0.0974287431598395,-0.0225308678548792,0.00974702326447163,-0.0230900095683033
6.42065539000391,5.547034606817,-3.52450972960438,-0.0927578682751118,0.0373627872763396,-0.00882801953340695,0.00352352527960909
6.38609236987581,5.6294830546205,-3.91312060445605,-0.0716846171554817,0.0697231357819771,0.0371215970273799,0.0127253120215207
6.31370884429354,5.73501518103416,-3.68102152785261,-0.0858002177759427,0.0513646048325188,0.013416692193668,0.0541675215811432
6.17795034187084,5.81191879561718,-3.74354081482213,-0.0824234034817783,0.0566249287724053,-0.0533350989409209,0.0202786858106139
6.01120993499955,5.84534393786838,-3.99284716591141,-0.0659040136265904,0.0752107770728783,-0.1008363932447,-0.0417856348216823
5.88642522302004,6.00000688582435,-3.69866190583958,-0.0848808242885233,0.0528700829212593,-0.0399038876909847,0.101792865034713
5.85687726081102,6.07201875964252,-3.1333887034638,-0.0999966347789912,-0.000820385809877332,0.0704486725699698,0.0728322596280409
6.01587425843846,6.00592464559605,-2.44892859152973,-0.0769547505593743,-0.0638589568216118,0.235951748186819,-0.00223515722485113
5.88887113981119,5.93786036201834,-2.38425613279131,-0.0726668365476075,-0.0686988418109308,-0.0543362820796651,0.000634558233221671
5.87437175578449,5.83751434887203,-1.89267678848182,-0.0316351004224761,-0.0948642209753491,0.0171357163957764,-0.00548179217095912
5.88480526867965,5.88762365606065,-1.06349878625807,0.0485816910451934,-0.0874060598310516,-0.0381481781500346,0.137515367019663
6.09470574226835,5.70502808071373,-0.795168349780746,0.0700164577336622,-0.0713981487605267,0.139884015855044,-0.111197426586392
6.14347430772234,5.62757660221988,-0.803511038849729,0.0694183755133113,-0.0719797828636132,-0.0206498100593211,-0.00547169563023253
6.28002628642679,5.5995014042876,-0.923404914495686,0.060310769462171,-0.0797659770007292,0.0762412092422728,0.05169077906845
6.21996330116997,5.65189169543549,-1.16224324394922,0.039728191333829,-0.0917696617262082,-0.0997911765906498,0.144159952874093
6.17136850694053,5.7145908790769,-1.70414473270212,-0.0132953561401039,-0.0991122268194384,-0.0352994380893319,0.161811410460852
6.20272068553736,5.53086458232915,-1.59344514069328,-0.00226468775923459,-0.0999743526578351,0.0336168663560581,-0.0837519440899142
6.36030376620867,5.41842410168254,-1.02465680452159,0.0519392190302222,-0.0854535986751325,0.105643861641093,-0.0269868819714745
6.4561290275704,5.41598185247022,-0.673653427709187,0.0781547712478416,-0.0623845472148155,0.0176704901138858,0.0599422980024986
6.50953635013518,5.51055063302205,-0.457815746990552,0.0897020054228137,-0.044198984412829,-0.0362946828580286,0.138767764964657
6.72307520692233,5.48986558208772,-0.394417848336921,0.0923220424675524,-0.0384270799647782,0.121216814319599,0.0177420290304444
6.81369031753635,5.42929000733836,-0.323472735575061,0.0948137289959644,-0.0317861100778285,-0.00419861838195024,-0.0287894646715259
6.96927208118246,5.55345496375917,-0.379959069908403,0.0928679816607411,-0.0370882458773699,0.0627137819853698,0.161253202298174
7.1310770919455,5.63409514241001,-0.0309553743278927,0.0999520920657834,-0.00309504308098675,0.0618529186972543,0.0837352217318261
7.20951571318581,5.55491932534918,-0.774500444995901,0.071477049156454,-0.069935909544996,0.00696157208385806,-0.00923990751583315
7.39216683542427,5.45776477887606,-0.666470938090103,0.0786008278363977,-0.0618215970631055,0.104050294402067,-0.0353329494100105
7.44832392444035,5.27218912430171,-0.346333369601429,0.0940623675014488,-0.0339451177641556,-0.0379052784853751,-0.15163053681019
7.4964939776806,5.20636550865233,-0.743529568939911,0.0736084018138608,-0.0676890181817495,-0.0254383485736045,0.00186540253236567
7.48284241260253,5.15422501578593,-1.11749517915514,0.0437935667506263,-0.0899006313173519,-0.0574451318286955,0.0377601384509507
7.4614834911128,5.16235429269942,-1.10059006480123,0.0453070172396575,-0.0891474856002421,-0.0666659387293942,0.0972767625137334
7.3520052050877,5.11555535639486,-1.34874119938194,0.0220234754417878,-0.0975446899091128,-0.131501761466886,0.0507457536045481
