X,Y,Theta,FmPi_x,FmPi_y,Xi_x,Xi_y
0,0,6.10816327461175,0,0,0,0
0.065187161155738,0.0233687365775611,6.92819840919399,0.0799091889963763,0.0601208908279095,-0.0147220278406382,-0.0367521542503484
0.144825397535823,-0.000224956642691752,6.40444164803113,0.0992657453036318,0.012095941853138,-0.0196275089235467,-0.0356896350733909
0.104206973324305,0.0621613109858939,8.11527126311024,-0.025832662243813,0.0966057636034056,-0.0147857619677053,-0.0342194959748199
-0.0103289739250556,0.0382139206565655,9.38047790999667,-0.0999018913214631,0.00442855624267948,-0.0146340559278974,-0.0283759465720079
-0.0213283948022752,-0.0836292050244044,11.013220566543,0.00176453631770806,-0.0999844308459247,-0.0127639571949277,-0.0218586948350453
-0.11692150447425,-0.0606306623673259,8.95706446549974,-0.089260148332206,0.0450846528179222,-0.00633296133976835,-0.0220861101608437
-0.148870107315546,0.00472885265298801,8.01661152814295,-0.0161913955947532,0.0986804879836648,-0.0157572072465437,-0.0333209729633508
-0.174614651019803,0.0727063101314385,7.88418864288358,-0.00302024153203955,0.0999543802996554,-0.0227243021722172,-0.0319769228212049
-0.193444556147741,0.138316385374549,7.92058177878703,-0.00665509206935235,0.0997783029999431,-0.0121748130585855,-0.0341682277568328
-0.29678978181126,0.0932815182853572,9.59869587001841,-0.0984914363155388,-0.0173042472388185,-0.00485378934797998,-0.027730619850373
-0.36956878758485,0.143363516435982,8.56824146005693,-0.0655058336833281,0.0755578305237263,-0.00727317209026168,-0.0254758323731011
-0.466593732164724,0.162045942740309,9.00569038923773,-0.0913460612421342,0.0406927155096372,-0.00567888333773994,-0.0220102892053103
-0.515678894949392,0.223440696008124,8.25843470437468,-0.039351601715778,0.0919317760211494,-0.00973356106888998,-0.0305370227533345
-0.532762223394966,0.292505621037315,8.00112926471783,-0.0146617188158724,0.0989193307769735,-0.00242160962970153,-0.0298544057477823
-0.542459956492445,0.155696974576936,10.9713323798041,-0.00242395334558863,-0.0999706179343632,-0.00727377975189022,-0.0368380285260164
-0.652869412809317,0.106378838740188,9.66123042345396,-0.0972175119872517,-0.0234255280198455,-0.0131919443296205,-0.0258926078169024
-0.760219242143021,0.0682634421126514,9.49763174703092,-0.0997347336514572,-0.00727893560027042,-0.00761509568224655,-0.0308364610272662
-0.853741367645068,0.0971333141987807,8.85383572101113,-0.0841392138739913,0.0540425081640995,-0.00938291162805641,-0.0251726360779702
-0.892412145621009,-0.0234670648881444,10.8081841452512,-0.0186295363391994,-0.0982493785007643,-0.0200412416367413,-0.0223510005861608
-0.974092975294214,0.0230644208329617,8.5505312507634,-0.0641574859083372,0.0767060427992575,-0.0175233437648682,-0.0301745570781513
-0.994257387436457,0.0966080680096371,7.86635224798021,-0.00123702984913241,0.099992348493034,-0.0189273822931098,-0.0264487013163586
-0.944470082076256,0.140098706357401,6.97841775146371,0.0767904827109253,0.0640563951922295,-0.0270031773507248,-0.0205657568444657
-0.876004218209586,0.0663709884224037,5.78734581399601,0.0879569613971388,-0.0475770211528868,-0.0194910975304691,-0.0261506967821105
-0.834717304255518,0.115627380797884,7.23373843944032,0.0581233074145241,0.0813737128020882,-0.0168363934604562,-0.032117320426608
-0.885743370487866,-0.00742008938767108,4.37726931213667,-0.0328882183446731,-0.0944370959639966,-0.0181378478876741,-0.0286103742215584
-1.00670452921919,0.0119294893367425,2.66004406174582,-0.0886278752032817,0.0463152214390855,-0.0323332835280404,-0.0269656427146718
-1.05895777745814,-0.108681707812612,4.43598668276878,-0.0272896276083772,-0.0962043461855861,-0.0249636206305744,-0.024406850963768
-1.09192483991186,-0.231962134608149,4.56476451033036,-0.0147088857727565,-0.0989123282474131,-0.0182581766809603,-0.0243680985481243
-1.054957329888,-0.339315949964612,5.35491632398692,0.05992207035047,-0.0800583879734868,-0.0229545603266159,-0.0272954273829757
-1.01118807879174,-0.448986079197973,5.35451312039826,0.0598897856511521,-0.0800825422589659,-0.0161205345548925,-0.0295875869743952
-1.10528088475223,-0.537647837302289,3.73709242161652,-0.0827868271074522,-0.0560922566624024,-0.0113059788530354,-0.0325695014419136
-1.07172757830917,-0.663180427999063,5.15177259211113,0.0425381705871072,-0.0905014035421671,-0.00898486414405075,-0.035031187154607
-1.03560365259586,-0.614784827722054,7.27260393586337,0.0549175809351219,0.0835706844786755,-0.0187936552218091,-0.035175084201667
-0.972053420334778,-0.598031634339903,6.80205765516155,0.086837893569009,0.0495901224085751,-0.0232876613079257,-0.0328369290264237
-0.911889845829206,-0.560903603592078,6.94659422393809,0.078789758110152,0.0615806302090497,-0.0186261836045806,-0.0244525994612257
-0.964144954643181,-0.487522016448996,8.15257777050751,-0.0294178753895736,0.0955750417607208,-0.0228372334244012,-0.0221934546176381
-0.89407629774611,-0.552317912169222,12.0624314997571,0.0875687246084066,-0.048287870842035,-0.0175000677113355,-0.0165080248781915
-0.831531642453499,-0.512149470137096,13.3346366127801,0.0719116689316257,0.0694889334460406,-0.0093670136390146,-0.0293204914139142
-0.906423993478742,-0.45356512526502,14.7769031122812,-0.0596983804561036,0.080225328736742,-0.0151939705691392,-0.0216409838646663
-0.889279304770674,-0.381004944594591,13.7661472659696,0.0362565914865759,0.0931958130699848,-0.0191119027785085,-0.0206356323995556
-0.94582565957118,-0.318667977596089,14.5772494646157,-0.0426014126854756,0.0904716510140154,-0.0139449421150303,-0.0281346840155134
-1.02811150305614,-0.415181916713738,16.6013021134944,-0.0626814000546943,-0.0779168921812425,-0.0196044434302609,-0.0185970469364061
-1.09693984139645,-0.534710934054991,16.7726806729041,-0.0484751403401393,-0.0874651974730738,-0.0203531980001801,-0.0320638198681797
-1.12803881933966,-0.667670518696157,17.1781707449923,-0.0100419307260158,-0.0994945205892963,-0.0210570472171885,-0.0334650640518694
-1.13324356700448,-0.797685344420231,17.4683774971421,0.0188483659735921,-0.0982076325960744,-0.0240531136384124,-0.0318071931279993
-1.05222896391186,-0.849513450160864,18.6973582859247,0.0988440279953793,-0.0151610728396336,-0.0178294249027575,-0.0366670329010004
-0.96558490728437,-0.900898430400755,18.6723820646045,0.0984345726283289,-0.0176248379135313,-0.0117905160008412,-0.0337601423263592
-1.00179785942836,-0.850009843836704,20.7236579743738,-0.0298676666923701,0.0954354362192236,-0.00634528545162061,-0.0445468496551731
-1.10925391706597,-0.914643313225831,22.2978259306338,-0.0953341912559175,-0.0301892692455473,-0.0121218663816963,-0.0344442001435794
-1.17436085300694,-0.858669867892267,20.9702422847188,-0.0522593479092504,0.0852581993482147,-0.0128475880317106,-0.029284754014651
-1.28132750851988,-0.846113256208708,21.5470410443526,-0.0902994476290282,0.0429652156737564,-0.0166672078839181,-0.030408603990197
-1.31430898307458,-0.983549844562333,23.3809801764845,-0.0179978629005969,-0.0983670520601859,-0.0149836116541049,-0.0390695362934386
-1.36934626670003,-1.11082467331059,23.183838525179,-0.036916126448867,-0.0929365353777042,-0.018121157176583,-0.0343382933705534
-1.29005951048866,-1.16689395044824,24.8446194928811,0.0958779278731167,-0.0284151886630626,-0.0165911716617381,-0.0276540884745842
-1.29966221199429,-1.09701041439243,26.614060875706,0.00893573347383099,0.0995999631891732,-0.0185384349794693,-0.0297164271333656
-1.22881640974525,-1.09358937181941,25.5038749745302,0.093191676651517,0.0362672221555374,-0.0223458744024768,-0.0328461795825228
-1.21844637319616,-1.0286397698977,26.4218498830558,0.0277977201024174,0.0960587672058499,-0.0174276835533249,-0.0311091652841382
-1.15055958082419,-1.11957564077919,24.5647333507327,0.084297431677261,-0.0537953809598698,-0.0164106393052849,-0.037140489921613
-1.08906808294876,-1.21340806413501,24.4825322604888,0.0795957316436672,-0.0605352748743187,-0.0181042337682394,-0.0332971484815057
-1.15506069480915,-1.32626258839196,22.9544880251847,-0.0570781143904859,-0.0821102238313026,-0.00891449746990203,-0.0307443004256474
-1.17393415234972,-1.45370601588397,23.5183786814199,-0.00435524402505287,-0.0999051142308653,-0.0145182135155225,-0.027538313261148
-1.09105278068594,-1.52693799649397,24.6408625571289,0.0881447150589459,-0.0472282670355078,-0.00526334339516488,-0.0260037135744891
-1.00385099732693,-1.51509617620899,25.5165152958194,0.0927258146411187,0.0374422662126759,-0.00552403128210976,-0.0256004459276948
-0.977230420923552,-1.44182895959936,26.3305948881203,0.0364357391619348,0.0931259196557191,-0.00981516275855565,-0.0198587030460928
-0.901639975031588,-1.42869161591689,25.50063583363,0.0933086622040319,0.0359651714536975,-0.0177182163120679,-0.0228278277712295
-0.815091513699099,-1.41760404519416,25.4543167779981,0.0948738624999833,0.0316061736743671,-0.00832540116749514,-0.0205186029516282
-0.798675406397183,-1.33610635659079,26.4462319020081,0.0254475832454356,0.0967079133626955,-0.00903147594351905,-0.0152102247593311
-0.724722462499845,-1.40571796380956,24.7188224955209,0.0915551741348014,-0.0402200209988284,-0.0176022302374637,-0.0293915862199374
-0.825374844172873,-1.48017561264674,22.4730079988524,-0.08861347467471,-0.0463427675702966,-0.012038906998318,-0.0281148812668857
-0.925599647792815,-1.47410387076082,21.6297545521603,-0.0935404836100671,0.0353578552233414,-0.00668432000987518,-0.0292861133374216
-1.00976316082334,-1.56165934449702,22.7307347463413,-0.0738747535237375,-0.067398225435148,-0.0102887595067902,-0.0201572483010541
-0.926164790341044,-1.57290119709353,25.3243062156355,0.0981707470983785,0.0190395486854654,-0.0145723766160792,-0.0302814012819708
-0.962185258690215,-1.69407203314005,23.2874697506795,-0.0271041771910556,-0.0962567586135948,-0.00891629115811532,-0.0249140774329328
-0.895556049587322,-1.65474698812781,25.8812076845462,0.0732733331234765,0.0680515881737968,-0.00664412402058367,-0.0287265431615569
-0.978758928246854,-1.6043251963814,27.3969344547364,-0.0639153349699118,0.0769079316825253,-0.01928754368962,-0.0264861399361096
-1.08971337354644,-1.59951447541481,27.9731070392225,-0.0954973213334959,0.0296692031933289,-0.0154571239660857,-0.0248584822267408
-1.1578077713503,-1.70783284585468,29.3144394408142,-0.0506129220310757,-0.0862457658292641,-0.017481475772787,-0.0220726046106003
-1.15557067928783,-1.62695323168614,26.4756987612958,0.022587269931045,0.0974156827059284,-0.0203501778685786,-0.0165360685373885
-1.07780910552149,-1.63722438981218,25.0917910597262,0.0999161658991893,-0.00409387249504491,-0.0221545921328483,-0.00617728563100162
-1.0710175357543,-1.74456824942183,23.773338741003,0.0209822914618051,-0.09777394052104,-0.0141907216946151,-0.00956991908860694
-1.00547094423885,-1.81172438313457,24.4703899239026,0.0788548424430993,-0.0614972667951511,-0.0133082509276485,-0.00565886691758832
-0.95052444554183,-1.89900504040325,24.3943702592634,0.0739566013996199,-0.067308402962912,-0.0190101027026004,-0.019972254305773
-0.876740104012565,-1.97377993909485,24.6217915670921,0.0872280510971817,-0.0489005838593719,-0.0134437095679167,-0.0258743148322225
-0.795243564257516,-1.98278184179244,25.2938781865842,0.098704550724542,0.0160440539224447,-0.0172080109694932,-0.0250459566200356
-0.713441650554398,-2.03116100524801,24.7872954417064,0.0940924595417201,-0.0338616162843679,-0.012290545838602,-0.0145175471712014
-0.667682055487134,-2.12768433375336,24.2004610033176,0.0596004555523678,-0.0802981051952674,-0.0138408604851037,-0.0162252233100801
-0.59852959434488,-2.20237354535741,24.545308290314,0.0832366152679672,-0.0554226116195584,-0.0140841541257131,-0.0192665999844985
-0.611661583895494,-2.32841770492294,23.4794893084401,-0.00823621903431594,-0.0996602463172692,-0.00489577051629841,-0.026383913248254
-0.519537094829561,-2.32722557759169,25.3129381066419,0.0983808426750341,0.0179223267058209,-0.00625635360910093,-0.0167301993745785
-0.545946642418763,-2.2429007066473,26.9563228534419,-0.0250101705861302,0.0968219570513459,-0.00139937700307136,-0.0124970861069533
-0.455782188422355,-2.27560084390697,25.0685523210877,0.0997940599312235,-0.00641448380178538,-0.00962960593481621,-0.026285653457879
-0.363285538368814,-2.30183561256404,25.0680106762716,0.0997905709207481,-0.00646853579345027,-0.00729392086720693,-0.0197662328636281
-0.319797759660318,-2.23724527639455,26.183352876474,0.0497040397381806,0.0867727401532611,-0.00621626102968409,-0.0221824039837655
-0.36069709938122,-2.1727365580368,27.1745051248513,-0.0453748727388987,0.0891129672041547,0.00447553301799686,-0.0246042488464027
-0.461237771365686,-2.17609396548475,28.1468334866485,-0.0991882829794328,0.0127155227809148,-0.00135238900503332,-0.0160729302288694
-0.451895367254332,-2.28661830929477,29.9587002892821,0.0113326096676035,-0.0993557847239995,-0.00199020555625018,-0.0111685590860224
-0.358965722908161,-2.3269262998977,31.1617614986597,0.0967873573877719,-0.0251437357982405,-0.00385771304160021,-0.0151642548046831
-0.307976007505001,-2.26372128534393,32.4748926651699,0.0489773723222562,0.087184958567445,0.00201234308090315,-0.0239799440136785
-0.21628357518653,-2.29216116653026,31.3956898374158,0.0999795245005087,-0.00202353172749433,-0.00828709218203749,-0.0264163494588363
-0.133507247252065,-2.28303973946795,31.8512334724896,0.0906740653310929,0.0421688733111604,-0.00789773739662802,-0.0330474462488546
-0.0960884927065579,-2.2289536619542,32.5016380175214,0.0466283418168238,0.0884635390396148,-0.00920958727131649,-0.0343774615258647
-0.0750986022070141,-2.15961547465112,32.6395453188454,0.0340245106877311,0.0940336783948202,-0.0130346201881872,-0.0246954910917374
0.00913729031837029,-2.15378356558353,31.7691622474852,0.0938258278842839,0.0345935546284093,-0.00958993535889952,-0.0287616455608184
0.0625303325146156,-2.09006173519678,32.3623706568119,0.0584571813073343,0.0811341971896034,-0.00506413911108905,-0.0174123668028567
0.0322458540354877,-2.02922312533432,33.2983716256095,-0.0306628393367812,0.0951829306325811,0.000378360857653304,-0.0343443207701206
0.0370685869610875,-1.95697909560547,32.9628558229771,0.00238647738610592,0.0999715195727544,0.00243625553949389,-0.0277274898438975
-0.0635596406979427,-1.95479385534599,34.238413710227,-0.0949516424583711,0.0313717324108449,-0.00567658520065906,-0.0291864921513678
-0.0900388207102568,-1.88909020331521,33.176327229572,-0.0188470366805803,0.0982078877094954,-0.0076321433317339,-0.0325042356787155
-0.0931833704089194,-1.82009704540526,32.9906590631209,-0.000393619026371975,0.0999992253173097,-0.0027509306722906,-0.0310060674073607
-0.178520249320159,-1.81334408089788,34.0915103550709,-0.0893368726486037,0.0449324291060162,0.00399999373736404,-0.0381794645986395
-0.243739643850739,-1.78466511892264,33.7494819478469,-0.069091870462646,0.0722932461297246,0.0038724759320663,-0.0436142841544824
-0.249068435745952,-1.72249365958209,33.0707133344035,-0.00838917561480467,0.0996474873366307,0.00306038371959172,-0.0374760279960769
-0.264275393631406,-1.65692620834249,33.1347353449026,-0.0147472638502362,0.0989066135752889,-0.000459694035218172,-0.0333391623356958
-0.176103607475073,-1.64065003928129,31.920231496815,0.0875510528089405,0.0483199043050182,0.000620733347392877,-0.0320437352438119
-0.071852501509407,-1.70478444572299,31.1945842357218,0.0975603640585952,-0.0219539373405858,0.00669074190707053,-0.0421804691011176
-0.0242571325032133,-1.84222001185016,30.1978991067241,0.0345497516539191,-0.0938419664150987,0.0130456173522746,-0.0435935997120733
0.0741979148321614,-1.84323314188823,31.8629190602572,0.0901751176400767,0.043225549835697,0.00827992969529801,-0.0442386798737635
0.047766827386006,-1.78710898105896,33.2742168332987,-0.0283549942383849,0.0958957470472031,0.00192390679222942,-0.0397715862179355
0.0615144079638681,-1.92127609891915,36.2050609116297,0.00766700809792082,-0.0997056517296107,0.00608057247994132,-0.0344614661305798
0.00795043457895439,-2.04872889163034,35.5288691367594,-0.0564185464191551,-0.0825648086048145,0.0028545730342413,-0.0448879841063738
-0.0203020583522517,-2.18326107046447,35.7781764726236,-0.0343028417959579,-0.0939325026001196,0.00605034886475186,-0.0405996762340108
-0.0943174110871477,-2.16278615627655,33.9075824532409,-0.0796122083319325,0.060513604127609,0.00559685559703649,-0.0400386899396881
-0.180480153127519,-2.23325875486468,34.9639841641278,-0.091852418361465,-0.0395364798780874,0.00568967632109341,-0.0309361187100463
-0.211382533497537,-2.18030749346333,33.5049697146028,-0.0495357959498342,0.0868688950063047,0.0186334155798165,-0.0339176336049452
-0.197356453619699,-2.11698366987401,32.9459226514155,0.00407888924916629,0.0999167786835276,0.00994719062867189,-0.0365929550942083
-0.115522326944843,-2.08390708453131,32.2364085022181,0.0681868740399059,0.0731474552439523,0.01364725263495,-0.0400708699012529
-0.0731228370207105,-2.03229917265754,32.6316917514281,0.0347619536435744,0.0937635674389685,0.00763753628055808,-0.0421556555652067
-0.164809498705103,-2.06054273181167,34.4033243997369,-0.0988135518903715,0.0153584492319002,0.00712689020597934,-0.0436020083860247
-0.253679602639548,-2.06469508962178,34.2850563215832,-0.0963111049755551,0.0269104265738692,0.00744100104111012,-0.0310627843839812
-0.251682240281453,-1.99645089247948,33.1100588625971,-0.0123023544528184,0.0992403752255967,0.0142997168109136,-0.0309961780833001
-0.327710542281275,-1.9799994237304,34.0761799811088,-0.0886375709019742,0.0462966632123472,0.0126092689021517,-0.0298451944632609
-0.375563945751129,-1.92881499091731,33.5267679719291,-0.051417468171357,0.0857685488209256,0.00356406470150294,-0.0345841160078328
-0.284426259607186,-1.92034356486184,31.7664657274784,0.0939187688694815,0.0343404259443722,-0.00278108272553856,-0.0258689998889099
-0.314942915403621,-2.03778013707934,29.5190579750334,-0.0320324705504937,-0.0947307807971187,0.00151581475405882,-0.0227057914203797
-0.417930747500607,-2.0526338949329,28.2494405388431,-0.0999690176725298,0.00248907725662082,-0.00301881442445606,-0.0173428351101834
-0.448168391828963,-1.97776478706249,27.0267720440634,-0.0317635200870763,0.0948212992511593,0.00152587575871976,-0.0199521913807437
-0.430828981406002,-1.89623539199718,26.5758277930771,0.0127362892331492,0.0991856185975042,0.00460312118981188,-0.0176562235321911
-0.446154602399171,-1.81413273110975,26.868273053387,-0.0163991415495538,0.0986461765931032,0.00107352055638454,-0.0165435157056746
-0.442297402978114,-1.9306221646168,29.9447966206638,0.0099501489211664,-0.0995037413188399,-0.00609294950010897,-0.016985692188209
-0.355578615798674,-1.8999797098442,31.972654986229,0.0848988375845966,0.0528411523037139,0.00181994959484344,-0.0221986975311177
-0.259380326635381,-1.94139976426524,31.2311087760331,0.0982969756748802,-0.0183767400039293,-0.00209868651158751,-0.0230433144171083
-0.158346548251273,-1.94767935305654,31.6383634152754,0.0975362752964854,0.0220607117130932,0.0034975030876232,-0.0283403005043961
-0.0941116796551783,-1.90039203012146,32.2782082804824,0.0650706568089861,0.0759329284464069,-0.000835788212891764,-0.0286456055113291
0.00870122335648553,-1.93715334781549,31.3264607881951,0.0996000608695927,-0.00893464463610263,0.00321284214207118,-0.0278266730579269
0.106318160689717,-1.97346587649827,31.2782720176909,0.0990540568018408,-0.0137220199350425,-0.00143711946860914,-0.0225905087477347
0.170173051661532,-1.92865500919741,32.2936646060555,0.0638892870046921,0.0769295717265609,-3.43960328772486e-05,-0.0321187044257023
0.228222716921449,-1.87788584159888,32.3720953676299,0.057665423012163,0.0816988310126179,0.000384242247753797,-0.0309296634140921
0.23511118981917,-1.80972502480156,32.8357206738436,0.0150428992609906,0.0988620816178968,-0.00815442636326935,-0.0307012648205678
0.133147188974349,-1.84389432845919,34.5631290615665,-0.0999984264708897,-0.000560984265437692,-0.00196557437393152,-0.0336083193921954
0.0950479633208728,-1.97222404516585,35.8205526557916,-0.0302927371788272,-0.0953013644929311,-0.00780648847464893,-0.0330283522137274
-0.00390280288794825,-1.9819250078481,34.3640634867858,-0.0981345732739477,0.0192251275246795,-0.000816192934873339,-0.0289260902069319
0.0901623374541296,-1.99502564862403,31.6751715747043,0.0966583788551508,0.0256350891766372,-0.00259323851307292,-0.0387357299525695
0.190396483029162,-2.05025256356387,31.2649170881456,0.0988619724203438,-0.0150436168908669,0.00137217315468874,-0.0401832980489667
0.264862393158516,-2.01612779724627,32.1071470538053,0.0770468535711775,0.0637478027447341,-0.0025809434418238,-0.0296230364271404
0.194170855654625,-2.12242402063321,35.3769508094852,-0.0682636665736039,-0.0730757950755777,-0.00242787093028696,-0.0332204283113615
0.264452855036543,-2.22954483877385,36.9100690051035,0.0704524916308666,-0.0709679253113875,-0.000170492248948495,-0.0361528928292518
0.351136465583227,-2.28685424688486,37.5314029875683,0.0985969800942279,-0.0166923789885811,-0.0119133695475442,-0.0406170291224264
0.440311390198506,-2.30889005975363,37.9476888638797,0.0969263491318722,0.0246024967018881,-0.00775142451659305,-0.0466383095706595
0.508223651184293,-2.42587830418243,36.9862216078545,0.075647475821843,-0.0654022889644061,-0.00773521483605588,-0.051585955464394
0.467339157330963,-2.37527074961079,39.5672426022126,-0.0292972645755317,0.0956120823347724,-0.0115872292777981,-0.0450045277631324
0.553703884375899,-2.41947157182921,37.6824706980195,0.0999861539340923,-0.00166403770029365,-0.0136214268891568,-0.0425367845181279
0.540128427760777,-2.57030136563594,36.1378633886874,0.00095477273384662,-0.099995441941254,-0.0145302293489686,-0.0508343518654737
0.44332091571573,-2.66300607565595,35.0571466427182,-0.0877761109421543,-0.0479098564793364,-0.00903140110289247,-0.0447948535406733
0.426130653501711,-2.8018428820996,35.9546392797689,-0.0172804440388969,-0.0984956154040298,9.01818248781883e-05,-0.0403411910396247
0.369566436849281,-2.92989566182749,35.6351267416977,-0.0473437051271303,-0.0880827655380741,-0.0092205115252999,-0.0399700141898114
0.269848959376487,-2.94944887203776,34.3646492887061,-0.0981458185518053,0.0191676368078102,-0.00157165892098909,-0.0387208470180846
0.178275204792922,-3.05107576846464,35.2353860236635,-0.0778912268391658,-0.0627132903098667,-0.013682527744399,-0.0389136061170081
0.204978903770179,-3.00118041248022,32.5605938655802,0.041334907884482,0.0910572643460223,-0.0146312089072254,-0.0411619083616097
0.118940290483159,-2.97426095557838,33.8775576139319,-0.0777596879199382,0.0628763145754728,-0.00827892536708164,-0.0359568576736322
0.0301349982920139,-2.95527297100543,34.0470240320845,-0.087250267608765,0.048860933292344,-0.00155502458237988,-0.0298729487193894
-0.0477872868292247,-3.0667842720211,35.3306831673688,-0.0715704523377286,-0.0698403203899647,-0.00635183278350993,-0.041670980625705
-0.139921360670828,-3.15231832655853,35.0297050625014,-0.0890576207100212,-0.0454834056933954,-0.00307645313158189,-0.0400506488440389
-0.0569181705340489,-3.22126264133722,37.4158259206679,0.0960142168335678,-0.0279512104538718,-0.0130110266967889,-0.0409931043248104
-0.0921574163342277,-3.36064555293092,35.8966472230661,-0.0229601566569969,-0.0973284706870819,-0.0122790891431819,-0.0420544409066199
-0.0313096581305162,-3.32833645847491,38.4537744790076,0.0728502693508684,0.0685042937012412,-0.0120025111471569,-0.0361951992452374
-0.0383419742583026,-3.46143132868126,36.0655450557913,-0.00627292479747917,-0.0998030581419486,-0.000759391330307224,-0.0332918120643955
0.00192173027159401,-3.59449892667426,36.5043365685638,0.0367222434922656,-0.0930133153526674,0.00354146103763098,-0.0400542826403303
0.104334916002219,-3.60761346863881,37.9347821886634,0.0972358037570718,0.0233494853843982,0.00517738197355366,-0.0364640273489529
0.189196871714239,-3.68331217636737,37.2633979645189,0.0906568975394258,-0.042205768901017,-0.00579494182740659,-0.0334929388275409
0.0957730823131217,-3.75114699569196,34.944798856088,-0.0925939875565258,-0.0377670950482287,-0.000829801844591138,-0.0300677242763632
0.180810872530378,-3.84673276109,36.9962256577445,0.0762979672635025,-0.0646422477290008,0.00873982295375364,-0.0309435176690389
0.0852012711881292,-3.86849674764517,34.4686653487324,-0.0996055093937474,0.00887369699798767,0.00399590805149885,-0.030637683553155
-0.0119276929690156,-3.91654006399841,34.7436440945588,-0.098272870637618,-0.018505212688375,0.00114390648047324,-0.0295381036648728
-0.0702929069891985,-3.86045478175846,33.6170004241257,-0.0589369012518431,0.0807863953325713,0.000571687231660123,-0.0247011130926174
-0.170352995456348,-3.90215763337057,34.6203719495199,-0.0998025415451247,-0.00628113852208778,-0.000257546922024288,-0.0354217130900203
-0.155275642324463,-4.0372014666948,36.3162427686708,0.0186823043805354,-0.0982393582177379,-0.00360495124865134,-0.0368044751064973
-0.204819899015378,-4.15136573365438,35.6593015473899,-0.0452006951294152,-0.0892014414671515,-0.00434356156149907,-0.0249628254924223
-0.291786887448936,-4.12931203981788,34.0470969527496,-0.0872538303485373,0.048854570814906,0.000286841914978853,-0.0268008769784061
-0.360357344593006,-4.22731221373879,35.4704065218384,-0.061146363466585,-0.0791272534264414,-0.0074240936774852,-0.01887292049447
-0.417160831706697,-4.15986320641423,33.4938622245743,-0.0485678646644695,0.0874137433241122,-0.00823562244922149,-0.0199647359995572
-0.481667181593177,-4.10659934795248,33.6321256242789,-0.0601520236432596,0.0798857562499144,-0.00435432624321996,-0.0266218977881598
-0.521295894843029,-4.03753538011347,33.3404738598456,-0.0346418971284144,0.0938079898694368,-0.00498681612143792,-0.024744022030422
-0.509616397094648,-3.97057870302154,32.8877775227249,0.00987839701937721,0.0995108902197521,0.00180110072900397,-0.0325542131278276
-0.457091836787453,-3.91544321888198,32.4649208159231,0.0498443180969501,0.086692236984923,0.00268024221024477,-0.0315567528453613
-0.395777118230479,-3.86444389447999,32.3083102596543,0.0627557915740467,0.077856988279247,-0.00144107301707264,-0.0268576638772551
-0.462198663270539,-3.82276742495321,33.7086238255333,-0.0660812634469517,0.0750550905752206,-0.000340281593107949,-0.0333786210484481
-0.471523636106702,-3.75385547840938,33.1539811220753,-0.0166479498781587,0.0986044916058813,0.00732297704199558,-0.0296925450620451
-0.522154848203698,-3.70102217651861,33.5524250955771,-0.0536008781836302,0.0844212405615059,0.00296966608663429,-0.0315879386707421
-0.553781150860037,-3.63420207169104,33.2495749113545,-0.0259835693830139,0.0965652842491446,-0.00564273327332554,-0.0297451794215675
-0.660045187517697,-3.67044568369304,34.584861949471,-0.0999626210027061,-0.00273393530818502,-0.00630141565495324,-0.0335096766938188
-0.771754374131302,-3.67845833029871,34.3829582125496,-0.0984802881491426,0.0173675803168387,-0.0132288984644628,-0.0253802269225041
-0.717962240588999,-3.6350068013163,32.2390593306324,0.0679927333434649,0.0733279497359941,-0.0142005998011616,-0.0298764207535864
-0.634060133832544,-3.62841830790162,31.7684231976499,0.0938513686192257,0.0345242032246687,-0.00994926186277034,-0.0279357098099906
-0.537229474573812,-3.66514858853653,31.2927876561182,0.0992427983391635,-0.0122827919388112,-0.00241213908043236,-0.024447488696099
-0.501414701313797,-3.76423638905629,30.3782894221392,0.0508256605247772,-0.0861205679975469,-0.0150108872647621,-0.0129672325222154
-0.603459328966297,-3.82780808232168,28.8417520772931,-0.0843291392408858,-0.0537456628472595,-0.0177154884116135,-0.00982603041812791
-0.700269480175903,-3.89920713855546,28.8368861166666,-0.0845896641354042,-0.0533346859131983,-0.0122204870742022,-0.0180643703205829
-0.804023052165722,-3.93214133434874,28.466655536373,-0.098156312395163,-0.0191138258070739,-0.00559725959465629,-0.013820369986199
-0.892856502261393,-3.92205826700105,27.9039121342575,-0.0932174752089847,0.0362008607033358,0.00438402511331359,-0.0261177933556551
-0.972816558152582,-3.88152215639497,27.5237877634304,-0.0731316503986134,0.0682038247459407,-0.00682840549257535,-0.0276677141398531
-1.0197169604727,-3.81233682036935,26.9669820254844,-0.0260407721521783,0.0965498740844251,-0.0208596301679405,-0.0273645380588086
-0.982877335014583,-3.74682840995788,26.1355018035644,0.0537977306424831,0.0842959321540419,-0.0169581051843648,-0.0187875217425733
-0.905257265812117,-3.76272807505279,25.2152145285035,0.0996601004686667,0.00823798364742571,-0.0220400312662015,-0.0241376487423377
-0.823126670690762,-3.7844895321045,25.1831372123408,0.0998730391159459,0.00503746540878917,-0.0177424439945904,-0.0267989224604968
-0.747098480647473,-3.77519171200622,25.4405486916866,0.0953000132670147,0.0302969878256375,-0.0192718232237261,-0.0209991677273536
-0.687660557806837,-3.72981185581048,25.965510739855,0.0672829465321865,0.0739797614618142,-0.0078450236915506,-0.0285999052660761
-0.60433051033515,-3.73583957236802,25.259847386351,0.0991932882138152,0.0126764180007995,-0.015863240742128,-0.0187041345583383
-0.577485062081367,-3.67317466617183,26.2996142679493,0.0393028923186132,0.0919526109221021,-0.0124574440648302,-0.0292877047259159
-0.497342492148723,-3.74988006627162,24.5865688621764,0.0854518927233805,-0.0519420256631551,-0.00530932279073659,-0.0247633744366311
-0.409618909880983,-3.73428137563063,25.4497618396226,0.0950168419812369,0.0311737026981502,-0.00729325971349715,-0.0155750120571634
-0.320650685438777,-3.73699867708369,25.3011191334119,0.0985857900051893,0.0167583414767903,-0.00961756556298332,-0.0194756429298462
-0.323260499968008,-3.65772441335623,26.5927484275995,0.0110562625076996,0.0993869159364594,-0.0136660770369303,-0.0201126522090069
-0.231810662853919,-3.6922654130755,25.0061044700007,0.0991992275825594,-0.0126298553841123,-0.00774939046847067,-0.0219111443351547
-0.216975946545714,-3.82100698737625,23.8485724811181,0.0282719003550539,-0.0959202775762972,-0.0134371840468488,-0.0328212967244488
-0.310886243324594,-3.80279187174516,21.3923097465909,-0.0825990705081008,0.056368373678844,-0.0113112262707793,-0.0381532580477595
-0.420766781293232,-3.86503560779249,22.2800173033135,-0.0958566751967767,-0.0284868008070344,-0.014023862771861,-0.0337569352402882
-0.412156023104139,-3.99508867923873,23.8271728193791,0.0262129222772303,-0.0965032782121306,-0.0176021640881376,-0.0335497932341129
-0.365514144360785,-4.09264257729922,24.2636889327461,0.064555061517056,-0.0763717489162656,-0.0179131827737018,-0.0211821491442299
-0.298870271539956,-4.18057649386274,24.5036735209805,0.0808576412175575,-0.0588391184224641,-0.0142137683967285,-0.0290947981410508
-0.253870395093076,-4.12897720370388,26.0824372816389,0.0581930297858053,0.081323866634269,-0.0131931533389253,-0.0297245764754086
-0.180766911853521,-4.22233925405724,24.4683144292219,0.0787270354440454,-0.0616607970285174,-0.00562355220449073,-0.0317012533248411
-0.287968600761605,-4.22248608393308,21.6560619261472,-0.0944381818573659,0.0328851000830937,-0.0127635070507177,-0.0330319299589368
-0.27160717807742,-4.35016458330578,23.8495540789984,0.0283660418606076,-0.0958924797320533,-0.0120046191764223,-0.0317860196406423
-0.182535617512223,-4.42549158862769,24.774432797535,0.0936491380512043,-0.0350690596148013,-0.00457757748600796,-0.0402579457071122
-0.201866684486648,-4.56694868151388,23.4090299746263,-0.0152319689325091,-0.0988331276568696,-0.00409909804191511,-0.042623965229323
-0.197989772405581,-4.70107375527206,23.6388834630747,0.00768626767716375,-0.0997041688656748,-0.00380935559609741,-0.0344209048925084
-0.258623338447781,-4.81168663319817,22.9978326625726,-0.0534665812599867,-0.0845063588635153,-0.00716698478221334,-0.0261065190625951
-0.188331983852421,-4.90583757978535,24.4094272244085,0.0749616401099786,-0.0661872533953635,-0.00467028551461812,-0.0279636931918166
-0.236128042458163,-5.03829582403788,23.2571700620127,-0.0300078399334126,-0.0953914542426663,-0.0177882186723293,-0.0370667900098569
-0.221069767085963,-5.15959206741731,24.0746141000059,0.0490505033045728,-0.0871438358437824,-0.0339922279323728,-0.0341524075356494
-0.253377217248696,-5.2925584054093,23.4739963446062,-0.00878352215614565,-0.0996135017883244,-0.0235239280065882,-0.0333528362036661
-0.172806387969119,-5.30636761344241,25.3649710105443,0.0973155634789799,0.0230148018624674,-0.0167447341994027,-0.0368240098955805
-0.285486014271188,-5.35546129407849,28.3465879772605,-0.0997390808318309,-0.00721912424200481,-0.0129405454702383,-0.0418745563940703
-0.279601926873334,-5.49082178959826,29.9990848103628,0.0153347149111901,-0.0988172379627792,-0.00945062751333592,-0.0365432575569971
-0.356801053982038,-5.59304262772653,29.104440841074,-0.0674796827982344,-0.0738003550767181,-0.00971944431046934,-0.0284204830515504
-0.412130171940226,-5.7047421377198,29.4398049517688,-0.0394317684319007,-0.091897419105941,-0.0158973495262873,-0.0198020908873255
-0.413431711541913,-5.82472803389342,30.0794341152547,0.0232165967905,-0.0972676186275132,-0.0245181363921874,-0.0227182775461063
-0.432840920432097,-5.74882657309913,26.6745532412989,0.00289802561437633,0.0999579984170272,-0.0223072345045603,-0.0240565376227408
-0.531444036531609,-5.72599274048607,27.7419737677122,-0.0861611552027713,0.0507568254929715,-0.0124419608967403,-0.027922992879911
-0.646635588091412,-5.75046410370437,28.1449066438394,-0.0991635980516961,0.0129066192878561,-0.0160279535081069,-0.0373779825061504
-0.593937065603644,-5.71840521861729,25.8993660577142,0.072025615148627,0.0693708206846501,-0.0193270926608591,-0.0373119355975762
-0.610216149177089,-5.64990076603672,26.561546941228,0.0141513974977088,0.0989936257991485,-0.030430481071154,-0.0304891732185792
-0.627849376189687,-5.57203804541446,26.5660147388517,0.0137089742437075,0.099055863154007,-0.0313422012563049,-0.0211931425317458
-0.550920751691862,-5.6142845596239,24.9891843898478,0.0989713401229322,-0.0143064263277338,-0.022042715625108,-0.027940087881702
-0.573629527840049,-5.73949838173015,23.5487425422799,-0.00132019761132475,-0.0999912850115802,-0.0213885785368615,-0.0252225370946686
-0.504583383163783,-5.82373388829812,24.6316827331445,0.0877074600547161,-0.0480354187110968,-0.0186613153784503,-0.0362000878568791
-0.429738025434087,-5.80221383572119,25.6512765273838,0.0868546029530674,0.0495608509396784,-0.0120092452233718,-0.0280407983627518
-0.351006478640277,-5.85896752089233,24.8562343502386,0.0962014916866611,-0.0272996885927529,-0.0174699448928508,-0.02945399657838
-0.268232100939698,-5.86803900428882,25.3602308317109,0.0974235640430548,0.0225532518530877,-0.0146491863424756,-0.0316247352495793
-0.234154922164786,-5.81847199550169,26.0721413473291,0.059027235795735,0.0807204152263522,-0.0249500570208232,-0.0311534064392243
-0.228144347150643,-5.75394621724719,26.4101047912804,0.0289239959136354,0.0957256624964696,-0.0229134208994926,-0.0311998842419721
-0.232532928093868,-5.68738562775645,26.5439971409941,0.0158864474478999,0.0987300399447155,-0.0202750283911244,-0.0321694504539742
-0.288229369052191,-5.62476187140496,27.0596942265436,-0.0348674681005865,0.0937243813970228,-0.0208289728577364,-0.0311006250455277
-0.411666283507122,-5.67336092252877,28.4444712779302,-0.0985561512692825,-0.0169317762501844,-0.0248807631856485,-0.0316672748736266
-0.358455574553519,-5.77106764120445,30.6976630830754,0.0752949647585457,-0.0658078132292007,-0.0220842558049434,-0.031898905446484
-0.44994167133526,-5.87565826457042,29.1151196804024,-0.0666877480684975,-0.0745167381032786,-0.0247983487132437,-0.0300738852626852
-0.504802068440531,-5.99908341522041,29.5296816992845,-0.0310242881563215,-0.0950657327557808,-0.0238361089489487,-0.028359417894209
-0.50391737090129,-6.12342108962919,30.0861689450899,0.0238711461718267,-0.0971090540600787,-0.0229864486325861,-0.0272286203487102
-0.450024275534315,-6.0755829912229,32.2113137463997,0.0700008298065767,0.0714134709028394,-0.0161077344396015,-0.0235753724965448
-0.362021192719191,-6.11465730684172,31.2289950246102,0.0982579122508122,-0.018584474168286,-0.0102548294356879,-0.0204898414505381
-0.277267993336487,-6.13375360464618,31.5190353999514,0.0994688988886116,0.010292626190004,-0.0147156995059081,-0.029388923994464
-0.27952455508678,-6.26379922230779,29.9497164438949,0.0104395673446825,-0.0994535843177904,-0.0126961290949756,-0.0305920333438205
-0.217234134157339,-6.3600371427065,30.7323753760364,0.077533487601887,-0.0631550338475726,-0.0152430666724461,-0.0330828865511297
-0.226744754539395,-6.2991668534578,32.8175214807699,0.0168395189387805,0.0985719564679045,-0.0263501393208361,-0.0377016672192063
-0.341427675431888,-6.35417428812019,34.7864365697872,-0.0973912637315118,-0.0226923279717864,-0.0172916571609814,-0.0323151066906036
-0.42248408789622,-6.46401204638809,35.4418452592843,-0.063381092231933,-0.0773488018490733,-0.0176753202323994,-0.0324889564188258
-0.486971535148931,-6.41273487435713,33.4988689457786,-0.0490049103479383,0.0871694829730596,-0.0154825369047726,-0.035892310942101
-0.406368335957084,-6.40253123102272,31.8958392317471,0.0887035234637667,0.046170173544324,-0.00810032427191931,-0.0359665302099099
-0.363224310286289,-6.34078965903435,32.4759442148335,0.04888566594678,0.0872364124946678,-0.00574164027598467,-0.0254948405063011
-0.279942260222987,-6.40712434931762,31.0369000523087,0.0929025292619941,-0.0370016223525986,-0.00962047919869269,-0.0293330679306703
-0.274408923398022,-6.53945539159828,29.9631709949226,0.0117766854016694,-0.0993041272100516,-0.00624334857670439,-0.0330269150706144
-0.370148473841307,-6.61766295388258,28.7286995415144,-0.0898539616307984,-0.0438892421813251,-0.00588558881248646,-0.0343183201029671
-0.462522485506667,-6.62458425704816,28.0062229044061,-0.096427303808268,0.0264910377348263,0.00405329214290839,-0.0334123409004139
-0.537252552160219,-6.72052427830335,29.0179201633929,-0.0736045629060887,-0.0676931925632381,-0.00112550374746379,-0.0282468286919464
-0.6028282991062,-6.81921139222637,28.9903498667461,-0.0754426754520726,-0.0656384241175338,0.00986692850609217,-0.0330486898054918
-0.636520652623825,-6.9423454908128,29.3773436105439,-0.0450911779079154,-0.0892568522572733,0.0113988243902905,-0.0338772463291566
-0.723432420027084,-7.00303986267135,28.6301162283432,-0.0937374265952604,-0.0348323822799729,0.00682565919200107,-0.0258619895785746
-0.778719066383515,-7.10949407407618,29.2511427586301,-0.0559669925938606,-0.0828715617084579,0.000680346237429852,-0.0235826496963707
-0.690969704101887,-7.17381069897091,31.0383996022579,0.0929579105695004,-0.0368622688199299,-0.00520854828787254,-0.0274543560748004
-0.799922343999893,-7.21033171631271,28.3956976617074,-0.0992644451602938,-0.0121066067508212,-0.00968819473771276,-0.0244144105909783
-0.814332639079321,-7.33372680424522,29.7966998796187,-0.00484113995071854,-0.0998827480798239,-0.00956915512870893,-0.0235123398526849
-0.92867710969689,-7.38390071879777,28.4735033426102,-0.0980231242565184,-0.0197855278168452,-0.016321346361051,-0.0303883867357033
-0.968453537923657,-7.50092546971691,29.5046466365051,-0.0333942943454129,-0.0942593290087084,-0.00638213388135433,-0.0227654219104387
-0.903205035422951,-7.45148482149785,25.9508530510414,0.0683600523569319,0.0729856372292352,-0.00311154985622597,-0.0235449890101744
-0.811072439472764,-7.50124840864631,24.9107505805285,0.097546109762925,-0.0220171857901818,-0.00541351381273714,-0.0277464013582733
-0.924436424938564,-7.5293873527096,28.2894182490082,-0.0999886233097845,-0.00150837946618571,-0.0133753621560158,-0.0266305645971059
-0.895809643197816,-7.64998584343838,30.2949284751829,0.0434783874537858,-0.090053483133183,-0.0148516057130381,-0.0305450075955989
-0.990806808675791,-7.73564910801972,28.9127901672848,-0.0803016701373437,-0.0595956523007614,-0.0146954953406313,-0.0260676122805759
-1.00910241121003,-7.66513198770325,26.7338479731477,-0.00303057767093377,0.0999540674459046,-0.0152650248633055,-0.0294369471294313
-1.0365587580866,-7.59402490977424,26.861530763281,-0.0157336727096,0.0987545013812899,-0.01172267416697,-0.0276474234522848
-1.03134819730295,-7.51730195601735,26.4471502404385,0.0253587619340003,0.0967312420739789,-0.0201482011503487,-0.0200082883170829
-1.11539655404259,-7.4683350637176,27.3807734098768,-0.0626641300372509,0.0779307821510506,-0.0213842267023931,-0.0289638898513012
-1.20285470113079,-7.57751856513986,29.1254233567722,-0.065916425354514,-0.0751998993914406,-0.0215417217336831,-0.0339836020308244
-1.24968353730421,-7.7064215832516,29.5064570231083,-0.0332235938872833,-0.0943196310913739,-0.0136052422861384,-0.0345833870203602
-1.30838964936028,-7.82822728036564,29.415552701556,-0.0416486734065701,-0.09091417933124,-0.017057438649497,-0.030891517782802
-1.33438323826234,-7.95956171419707,29.7697109445525,-0.00753477865964007,-0.0997157315098788,-0.0184588102424263,-0.0316187023215537
-1.45429190102422,-8.01282839488893,28.5049543105203,-0.0973524763929847,-0.0228581569719292,-0.0225561863688943,-0.0304085237199327
-1.38552419780362,-7.9856661092801,25.6717442106902,0.0858220857831024,0.0513280585239478,-0.0170543825625025,-0.0241657729151132
-1.29657573239441,-8.01966104234306,25.0336032783106,0.0995089856915031,-0.00989756367235074,-0.0105605202822914,-0.0240973693906117
-1.27284160634482,-8.14120707288936,23.900000922069,0.0331653767084348,-0.0943401175947307,-0.0094312506588472,-0.0272059129515672
-1.23023601245178,-8.2380159990832,24.255360737917,0.0639167913462963,-0.076906721318712,-0.0213111974532483,-0.0199022048751285
-1.23952305805019,-8.36340208747129,23.6878634321648,0.0125586044225885,-0.0992082731175024,-0.0218456500210018,-0.0261778152705876
-1.26020829644788,-8.4949213861859,23.5443056889879,-0.00176382982335937,-0.0999844433117184,-0.0189214085743354,-0.031534855402894
-1.37964353617743,-8.55876481105322,22.3953615596215,-0.0919412211365268,-0.0393295290580028,-0.0274940185930208,-0.0245138958093118
-1.47590350503958,-8.5316422026965,21.3874089409049,-0.0823218292417181,0.0567724971293091,-0.0139381396204294,-0.0296498887725871
-1.56776958814448,-8.62661747964632,22.766964334655,-0.0713849996354394,-0.07002986382286,-0.0204810834694618,-0.024945413126968
-1.57008966236822,-8.7592769438621,23.7948413285313,0.0230796716561855,-0.0973001991582888,-0.0253997458799202,-0.0353592650574832
-1.52719307047752,-8.86809075763649,24.3404919242578,0.0702245735708973,-0.0711934636521193,-0.0273279816801999,-0.0376203501222765
-1.5028305536297,-8.97619320382523,24.1915607995082,0.0588834349172745,-0.0808253740625003,-0.0345209180694557,-0.0272770721262372
-1.51799623613065,-8.91266140663884,26.4970753167289,0.0204998562710638,0.0978762274143509,-0.0356655387720122,-0.0343444302279643
-1.48745831474844,-9.0306152742536,24.2281683548609,0.0618021426321749,-0.0786161253565215,-0.0312642212499719,-0.0393377422582368
-1.52748410942788,-9.16613878696323,23.468637975925,-0.00931715937365308,-0.0995650066097821,-0.0307086353057806,-0.0359585060998455
-1.51958273532635,-9.29228568568888,23.9746989427864,0.0401133601340458,-0.0916019559766949,-0.0322119860325216,-0.0345449427489619
-1.52395010935046,-9.42980836493561,23.717839427748,0.0155263839236832,-0.0987873038515294,-0.0198937579477882,-0.038735375395202
-1.47323922016455,-9.53922140842412,24.3881037301171,0.0735333619807595,-0.0677705295523548,-0.0228224727948496,-0.0416425139361536
-1.54842369470855,-9.65855646929173,23.0586289154324,-0.0482332949367977,-0.087598797135234,-0.0269511796072046,-0.0317362637323697
-1.53285210137182,-9.78036617443994,23.9462866168468,0.0374948957842009,-0.0927045456821396,-0.0219233024474699,-0.0291051594660754
-1.48899070715441,-9.88666155768822,24.3026744972627,0.0674826515334134,-0.0737976404908714,-0.0236212573160013,-0.0324977427574105
-1.59925421134612,-9.92782548633534,22.0246978646538,-0.0999437275370598,-0.00335429962852945,-0.010319776654649,-0.0378096290185894
-1.70365957783969,-10.0109364324529,22.5286356605418,-0.0858997951734963,-0.05119790219483,-0.0185055713200799,-0.0319130439227173
-1.71245611145841,-10.1360669063462,23.5820196107153,0.00200733604880148,-0.0999798509800209,-0.010803869667519,-0.0251506229132819
-1.65303615274274,-10.2228857162594,24.5780444894873,0.085006020241635,-0.0526685534515497,-0.0255860615259662,-0.0341502564616754
-1.62869752902986,-10.3452990089972,24.0504568545935,0.0469312414551528,-0.0883032195080006,-0.0225926177422728,-0.0341100732297761
-1.6292280390304,-10.4657297421784,23.7414940113656,0.0178585949410774,-0.0983924315520789,-0.0183891049416141,-0.0220383016290953
-1.74905979755324,-10.4980666968536,22.1108946377927,-0.0992839003242304,-0.0119460092251886,-0.0205478581986132,-0.0203909454500071
-1.75322548497909,-10.627523703965,23.6878321071878,0.012555496719554,-0.0992086664668227,-0.0167211841454056,-0.0302483406445724
-1.66953168468991,-10.6919766353262,24.8284345976103,0.0954054937211277,-0.0299631735273128,-0.0117116934319421,-0.0344897578339385
-1.58468433978675,-10.7008807162529,25.4082713786359,0.0962281101799632,0.0272057128411088,-0.0113807652768063,-0.036109793767773
-1.54561032705033,-10.813592133636,24.0417613880897,0.0461616391927876,-0.0887079650709839,-0.00708762645636352,-0.0240034523121615
-1.46999429668449,-10.8831439801861,24.6088361827236,0.0865872227971327,-0.0500265214489246,-0.0109711924312932,-0.0195253251011298
-1.45501369919825,-11.0059816417289,23.7724688265724,0.0208972285715491,-0.0977921563216009,-0.00591663108531515,-0.0250455052212217
-1.54125709024024,-10.9713997736577,21.267009985049,-0.0749070375641046,0.0662490431883346,-0.0113363534778848,-0.0316671751171747
-1.56719258491504,-11.1092627276035,23.4802231801627,-0.00816307898635827,-0.0996662638080834,-0.0177724156884342,-0.0381966901376956
-1.52556600244987,-11.2306493723626,24.1152795829154,0.0525527214816956,-0.0850776790049383,-0.0109261390165289,-0.0363089657541931
-1.52270004098489,-11.3673376283816,23.7151953759726,0.0152651312093684,-0.0988280110553722,-0.0123991697443895,-0.0378602449635395
-1.57074716582893,-11.5048478928265,23.2736673190935,-0.0284301306046517,-0.0958734982870785,-0.0196169942393869,-0.041636766157902
-1.67496715736282,-11.6065124704753,22.6364024099274,-0.0798947136116039,-0.0601401258472228,-0.0243252779222862,-0.0415244518015907
-1.67021641286543,-11.7313677966976,23.7830822444711,0.0219339411387631,-0.0975648616363559,-0.0171831966413696,-0.0272904645859207
-1.66350864720253,-11.8501162735793,23.8004393155132,0.0236239924313979,-0.0971694755651241,-0.0169162267684988,-0.0215790013165584
-1.60700347565281,-11.7935235470304,26.0212315872768,0.0630584408620894,0.0776120675928839,-0.00655326931237665,-0.021019341043937
-1.64028008342708,-11.7219575578608,26.9687923249446,-0.0262155135714628,0.0965025743085875,-0.00706109420279999,-0.0249365851390575
-1.71728531812816,-11.6916453910496,27.5943264544802,-0.0777568048163066,0.0628798799677512,0.000751570115227196,-0.032567713156519
-1.82318706965447,-11.7027562247241,28.0584746712129,-0.0976792723128568,0.0214186778403982,-0.00822247921345687,-0.0325295115148947
-1.81694628186864,-11.8273130755255,30.0844797752724,0.0237070785110158,-0.0971492379201841,-0.0174662907251895,-0.0274076128812073
-1.73527300318197,-11.8395180572197,31.5007154639674,0.0996407571824703,0.00846873710207095,-0.0179674784957977,-0.0206737187962656
-1.65248864903833,-11.839486459398,31.7220280268447,0.0953515603777978,0.0301343646609512,-0.0125672062341562,-0.0301027668392617
-1.61732095147744,-11.9539684928301,30.2715244951148,0.0413590629110753,-0.0910462954497201,-0.00619136535018727,-0.0234357379824175
-1.68924934085193,-11.910548247582,27.4516195973172,-0.0680234158495294,0.0732994876937213,-0.00390497352495522,-0.0298792424455669
-1.62921851456447,-11.8728504260318,25.9603850521606,0.0676612581751909,0.0736339197798825,-0.00763043188774004,-0.0359360982296959
-1.73586955424715,-11.9309260008459,28.5006230962632,-0.0974505665223905,-0.022436289454033,-0.00920047316028283,-0.0356392853600553
-1.79156352863257,-12.0574292219308,29.4175872869094,-0.0414636146734097,-0.0909987288824136,-0.0142303597120081,-0.0355044922025254
-1.90848221965611,-12.0737285046165,27.9443161402785,-0.0946036594198482,0.0324059813055146,-0.022315031603692,-0.0487052639912076
-1.99463322729271,-12.1996928307206,29.1480977333047,-0.0641945166314894,-0.0766750548382552,-0.0219564910051191,-0.0492892712658293
-1.955200460089,-12.3283450594771,30.4188471880866,0.0542757642003381,-0.0839889362979988,-0.0148429969966277,-0.0446632924585497
-2.0806995618957,-12.3616373192208,28.2377061302322,-0.0999329278880148,0.00366195627074314,-0.0255661739186852,-0.0369542160144007
-2.18319056333553,-12.4514980826002,28.8383873246904,-0.0845095023903398,-0.0534616124498425,-0.0179814990494882,-0.0363991509295118
-2.25962517189398,-12.4276848352881,27.4457251615403,-0.0675901775167219,0.0736991716592393,-0.00884443104172172,-0.0498859243472278
-2.35947585667307,-12.5276708852833,28.725846236824,-0.0899788250755299,-0.0436326831403617,-0.0098718597035643,-0.0563533668548377
-2.47300029949457,-12.5915183051149,28.4694253707033,-0.098102993805453,-0.0193856288628265,-0.0154214490160425,-0.0444617909686809
-2.5604634360376,-12.705478929937,29.0651887121304,-0.070323782740276,-0.0710954680770755,-0.0171393538027571,-0.0428651567450515
-2.64890695673995,-12.822428785491,29.0505269778806,-0.0713585697621606,-0.0700567949702158,-0.0170849509401916,-0.046893060583761
-2.75946465423922,-12.8336479917272,27.9446089940429,-0.0946131455765636,0.0323782748785042,-0.0159445519227095,-0.0435974811147251
-2.81515088917213,-12.7758873768675,27.1049268835197,-0.0390697621897745,0.0920519075437031,-0.0166164727431362,-0.0342912926839798
-2.85215744334612,-12.7164303320188,26.9042652784437,-0.019938249504847,0.097992174211426,-0.0170683046691344,-0.0385351293627938
-2.86964291532714,-12.6538554085906,26.6506110052021,0.00529018439556449,0.0998599717056886,-0.0227756563765888,-0.0372850482774769
-2.8449248472576,-12.6046149714219,26.2109151098227,0.0472938137223395,0.0881095635194992,-0.0225757456528015,-0.0388691263507521
-2.8471044972663,-12.5384133992305,26.5309851547907,0.017169740251672,0.0985149735811268,-0.019349390260369,-0.0323134013897661
-2.90899676185414,-12.4786090328401,27.1559499774806,-0.0437136524673227,0.0899395162760293,-0.0181786121205159,-0.0301351498856626
-3.02815692850663,-12.521765794052,28.3678850460517,-0.0995627280381791,-0.0093414766282205,-0.0195974386143121,-0.0338152845836746
-3.07327156830334,-12.6512480193913,29.6303039262133,-0.0213177707566469,-0.0977013441563986,-0.0237968690400621,-0.0317808811828595
-2.99532589383566,-12.6573824561851,31.7433840631302,0.0946863155529494,0.0321636696756961,-0.0167406410852697,-0.03829810646954
-2.99091548980877,-12.6010664141261,32.7170389419286,0.0266426795401462,0.0963855156489868,-0.0222322755132565,-0.0400694735899609
-3.11874944264347,-12.6344008978147,34.5679887701681,-0.0999945194440804,-0.00104693894159056,-0.0278394333906222,-0.0322875447470015
-3.24194387823671,-12.6238251573876,34.0770938141983,-0.0886798413086477,0.0462156439474022,-0.0345145942845866,-0.035639903520277
-3.26224769319178,-12.7614319185228,36.2411403276944,0.0112585597640491,-0.0993642029708855,-0.0315623747191234,-0.0382425581643275
-3.22303558510792,-12.868808828895,36.8937651673012,0.0692861298853599,-0.0721070884553595,-0.0300740218014957,-0.0352698219168879
-3.14539570416811,-12.8894179658665,37.8647662650942,0.098631065378654,0.016489782966179,-0.0209911844388442,-0.0370989199376748
-3.08403468267545,-12.9776632243335,37.1633552482541,0.0859882639996104,-0.0510491768232683,-0.0246272425069538,-0.0371960816436729
-3.04347904964594,-12.9302931685124,38.6508857797911,0.0580239227358451,0.0814446093387688,-0.0174682897063319,-0.0340745535176996
-3.05236394503652,-12.8687287045447,39.2316931895856,0.00382056795371132,0.0999269896499993,-0.0127054633443002,-0.038362525682313
-3.15473649661147,-12.9548271345902,41.3733461467953,-0.0861468619384294,-0.0507810809077671,-0.0162256896365154,-0.0353173491376833
-3.24903932575016,-13.0595363237521,41.5863641971672,-0.0734640484114658,-0.0678456600748922,-0.020838780727229,-0.036863529087082
-3.30990688699756,-13.1888500556624,41.9202438967726,-0.047173454383572,-0.0881740619543018,-0.0136941068638192,-0.0411396699559727
-3.41752329203515,-13.1694435920972,40.2066991833826,-0.0805661323899907,0.0592376426921134,-0.0270502726476041,-0.0398311791269297
-3.52359514299149,-13.164983623808,40.421567783912,-0.0913440614420082,0.0406972043177247,-0.0147277895143363,-0.0362372360284766
-3.47329637970708,-13.1166926249697,38.5984922783058,0.0622095170691784,0.0782941631669922,-0.0119107537847603,-0.0300031643287078
-3.42772541082592,-13.0655982529279,38.5282287537965,0.0675527156120721,0.0737335107901048,-0.02198174673092,-0.0226391387483194
-3.47021574005964,-12.9950717208077,39.5529722868153,-0.0279299132883038,0.0960204142029591,-0.0145604159454118,-0.0254938820827597
-3.54880025522805,-12.9398175475585,40.0142812418519,-0.0677510830047756,0.0735512797419597,-0.0108334321636328,-0.0182971064927102
-3.667437315461,-12.948249040662,40.7031839184055,-0.0990558938399232,0.0137087525170549,-0.0195811663930314,-0.0221402456205926
-3.78472645118983,-13.0093092461928,41.1694864978775,-0.0946436325710457,-0.0322890509887934,-0.0226455031577775,-0.0287711545420191
-3.85876123999207,-13.1348325523148,42.0014026332322,-0.0398699378367253,-0.0917081678853943,-0.0341648509655199,-0.0338151382365588
-3.78993683737417,-13.1842722310545,43.7240710212767,0.0966844485206208,-0.0255365897148275,-0.0278600459027221,-0.0239030890249055
-3.72704532111011,-13.1662660342225,44.442914434848,0.0895778284501322,0.0444501141748666,-0.0266863121860705,-0.0264439173428208
-3.70213329583241,-13.2731743959851,42.9467447135814,0.051005083528183,-0.0860144258498717,-0.0260930582504812,-0.020893935912774
-3.64733249451709,-13.3697770604573,43.1510679061172,0.0673968152603676,-0.0738760400451992,-0.0125960139450516,-0.0227266244270456
-3.75193833094411,-13.3362988402048,40.2205536820415,-0.0813790818806708,0.0581157898703879,-0.02322675454635,-0.0246375696178003
-3.83475942816915,-13.2718564239677,39.7873309574859,-0.0494641935836592,0.0869096861869739,-0.0333569036413746,-0.0224672699498747
-3.82013408654368,-13.2089952241392,38.8134934505384,0.0440732660848917,0.0897638413650527,-0.0294479244594266,-0.0269026415365659
-3.89361485731848,-13.3258403250804,35.6855944427981,-0.0428399780910588,-0.0903589302568241,-0.0306407926837409,-0.0264861706843718
-3.83660907533192,-13.2924373742893,38.3767142085765,0.0779078098158736,0.0626926883272178,-0.0209020278293073,-0.0292897375361711
-3.92380729622773,-13.2520876358944,40.0907967935563,-0.0731751778894181,0.0681571224513772,-0.0140230430063948,-0.0278073840564144
-3.95793147384265,-13.3813722018069,42.2547527141671,-0.0156107014668129,-0.0987740148000174,-0.0185134761481116,-0.0305105511125685
-3.89762313433272,-13.4805089809016,43.2939976181749,0.0772327310468516,-0.0635224783446355,-0.016924391536917,-0.0356143007499909
-3.81617141978382,-13.4783541992148,44.2686799481278,0.0959271951357581,0.0282484200157492,-0.0144754805868548,-0.0260936383290158
-3.88766492810395,-13.4145032760849,45.8936997717955,-0.0334058618010086,0.0942552300794599,-0.038087646519128,-0.0304043069495172
-3.92711365815726,-13.3517204629663,45.682830089175,-0.0129372972744095,0.0991596003382101,-0.0265114327788964,-0.0363767872195666
-3.86446401024304,-13.4237851394505,43.4955885824283,0.0883877109618565,-0.0467719205391794,-0.0257380630476423,-0.0252927559450828
-3.82758595363217,-13.3750168666066,44.9043652973038,0.0604173441059306,0.0796852842825171,-0.0235392874950566,-0.0309170114385875
-3.75655923731607,-13.4315424039833,43.6475729726933,0.0944500955620437,-0.0328508667818799,-0.0234233792459486,-0.0236746705947937
-3.70395557223538,-13.5315061048804,43.1635929238073,0.0683168033715469,-0.073026121197099,-0.0157131382908551,-0.0269375797000251
-3.6240686440591,-13.5925650691912,43.7015346852018,0.0960844447450134,-0.0277088339350913,-0.0161975165687283,-0.0333501303757338
-3.6596170597976,-13.7174899630945,42.2748165045108,-0.013625911319769,-0.0990673232741543,-0.0219225044187379,-0.0258575706291868
-3.71038611430768,-13.6538950326463,39.5711682084079,-0.0296723732535163,0.0954963363983353,-0.0210966812565569,-0.0319014059501388
-3.70720588005075,-13.5900864914972,39.0795814631948,0.0189179712232665,0.0981942481248044,-0.0157377369663392,-0.0343857069756375
-3.63068120264593,-13.5946380913048,37.9042214741355,0.0979038661352784,0.0203674494172808,-0.0213791887304602,-0.0249190492248825
-3.62933846405837,-13.517849809767,38.9766684809209,0.0289055131154199,0.0957312452208488,-0.0275627745278593,-0.0189429636830756
-3.71292336031813,-13.4614541148517,39.9222325316323,-0.0607035156002124,0.0794674977193492,-0.0228813806595491,-0.0230718028040187
-3.75636371005646,-13.3841509978825,39.4889701025799,-0.0217314069719284,0.0976101733991925,-0.0217089427663941,-0.0203070564299974
-3.70296565136465,-13.3407851238233,38.3774896112183,0.0778591743235884,0.0627530793957482,-0.0244611156317864,-0.0193872053365194
-3.7314856955214,-13.2665817591677,39.3376134624715,-0.00676535775350515,0.0997708872089804,-0.0217546864032432,-0.0255675225533896
-3.84336054518933,-13.2401629809329,40.3292268134157,-0.0872022183727242,0.0489466353376381,-0.0246726312952052,-0.0225278571028742
-3.78972280278019,-13.1907820177728,38.4445803779451,0.0734770168275466,0.0678316150340269,-0.0198392744184037,-0.0184506518739216
-3.70639514569725,-13.176745488579,38.0390607850871,0.0942771691480247,0.0333438956547484,-0.010949512065082,-0.0193073664609109
-3.80765083854128,-13.2586663995256,35.2137581904514,-0.0792292570692137,-0.0610141362657906,-0.0220264357748174,-0.0209067746808103
-3.86263760122494,-13.185732704251,33.3301724392961,-0.0336737205951861,0.0941598669353209,-0.0213130420884768,-0.0212261716607536
-3.98311886918087,-13.2147026888355,34.5778546126998,-0.0999793242406569,-0.00203340216917383,-0.0205019437152689,-0.0269365824153756
-4.09763580516914,-13.213222959974,34.2531101841308,-0.095402425763802,0.0299729404360374,-0.0191145102244734,-0.0284932115744532
-4.21413816976475,-13.2887959914565,34.9618478163267,-0.0919366723627564,-0.0393401610935084,-0.0245656922328488,-0.0362328703890693
-4.18036630006376,-13.2344047218244,32.4034481879439,0.0550760136651199,0.0834663568077553,-0.0213041439641302,-0.0290750871756664
-4.22932178289815,-13.1735507686542,33.2250365279592,-0.0236064288258005,0.097173743974864,-0.0253490540085952,-0.0363197908046509
-4.32318024366434,-13.1494733511946,33.8366566562574,-0.0751236708362254,0.0660032884036126,-0.0187347899299626,-0.0419258709439649
-4.2758319872034,-13.1138931230107,32.3096546936943,0.0626510613046537,0.0779412889128767,-0.0153028048437154,-0.0423610607289895
-4.21238049359883,-13.0917529927323,32.0402679269233,0.0811348293908357,0.0584563038492854,-0.0176833357862636,-0.0363161735708566
-4.27445430962614,-13.0340357289447,33.4486536141072,-0.0445677333042758,0.0895193674470444,-0.0175060827230391,-0.0318021036595137
-4.19466500338774,-13.0768929593838,31.2748505600527,0.0990065278022512,-0.0140608482155971,-0.0192172215638413,-0.0287963822234776
-4.11436575208368,-13.1268306242358,31.2638945935025,0.0988465387254815,-0.0151446948464434,-0.0185472874214216,-0.0347929700055438
-4.0365704153739,-13.1801321898239,31.269475942391,0.0989295265095936,-0.0145927648027242,-0.0211341897998194,-0.0387088007854004
-3.96182459208722,-13.2382281336606,31.1707179454979,0.0970086708946872,-0.0242758680842987,-0.02226284760801,-0.0338200757524092
-3.89716572169901,-13.3024613570281,31.009489202987,0.0918535111830429,-0.0395339409033125,-0.0271946407948249,-0.0246992824641605
-3.82655233564523,-13.3789249004546,30.9631662389009,0.0899243039460804,-0.0437449375335359,-0.0193109178923052,-0.0327186058929989
-3.75356389727283,-13.3881467013254,31.6640776639881,0.0969368183651256,0.0245612142461777,-0.0239483799927243,-0.0337830151168852
-3.71456902517136,-13.3368744829954,32.3709436268783,0.05775948061761,0.0816323612226422,-0.0187646085161433,-0.0303601428926825
-3.75892208100288,-13.2750916152637,33.3383582843697,-0.0344433618710056,0.0938810674365335,-0.00990969396051256,-0.0320981997048833
-3.68190073814418,-13.2776987732498,31.5947334805626,0.0984056584733061,0.0177855666323862,-0.0213843156146023,-0.0203927246184303
-3.64507656924177,-13.2181707319703,32.3704096674507,0.0578030607504323,0.0816015083676879,-0.0209788918480216,-0.0220734670882372
-3.55800015449262,-13.2340783727068,31.5855898534817,0.0985641671770053,0.0168850510423676,-0.0114877524278558,-0.0327926917788428
-3.5782468008718,-13.3682583666267,29.8427202531841,-0.000240995358611826,-0.099999709605764,-0.0200056510205719,-0.0341802843141537
-3.54358008558097,-13.4854142906559,30.4267604962214,0.0549386882192217,-0.0835568102356185,-0.0202719729283931,-0.0335991137935832
-3.55090637319149,-13.6176459731307,29.9668743833205,0.0121443655545617,-0.0992598326881381,-0.019470653165083,-0.0329718497865965
-3.47650383181354,-13.6787408967079,31.190173467067,0.0974625816228496,-0.0223840385857733,-0.0230600402448911,-0.0387108849914775
-3.41076293910984,-13.6924541368765,31.6722643235697,0.0967324979089606,0.0253539710556933,-0.030991605205263,-0.0390672112243244
-3.33957998207182,-13.7595083081998,31.2237960488415,0.098159964534487,-0.0190950612093352,-0.0269770074964661,-0.0479591101138865
-3.29171226072164,-13.8693729218095,30.7175122965128,0.0765862800242231,-0.064300402114227,-0.0287185586740417,-0.0455642114954991
-3.38393302957449,-13.9961736122146,29.1524758672711,-0.0638582088008671,-0.0769553712793646,-0.0283625600519901,-0.049845319125696
-3.50883813604714,-14.0644927108159,28.5402848301679,-0.0964843002493455,-0.0262826902236842,-0.0284208062233056,-0.0420364083776388
-3.62338216518659,-14.152906230104,28.651480543208,-0.0929719215639388,-0.0368269167961264,-0.0215721075755022,-0.0515866024920406
-3.54263540609397,-14.2235672196247,31.2582417554892,0.0987593493792021,-0.0157032133716861,-0.0180125902865882,-0.0549577761489317
-3.48641830425693,-14.3310127140826,30.8243952885665,0.0830087778940661,-0.0557632745858204,-0.0267916760570239,-0.0516822198721627
-3.43397135760424,-14.3307992595268,32.0378164807685,0.0812778879352587,0.0582572307339057,-0.0288309412825747,-0.0580437761780601
-3.39510753050867,-14.4628619976874,30.5113568410367,0.0618023925522308,-0.0786159288873443,-0.0229385654566601,-0.0534468092732272
-3.40363501181461,-14.6113657769564,29.9970927496162,0.0151378346741357,-0.0988475895577557,-0.0236653159800735,-0.0496561897112695
-3.45825049257372,-14.7567513721316,29.548247699428,-0.0292540523181857,-0.0956253126685861,-0.0253614284409247,-0.0497602825065862
-3.54712892161433,-14.8757229116258,29.1319176538169,-0.0654266682658406,-0.0756263914227808,-0.0234517607747655,-0.0433451480714062
-3.60073357277141,-14.8304333218528,27.0115356130131,-0.0303151509366219,0.0952942370959012,-0.0232895002204572,-0.0500046473229627
-3.56378860870704,-14.7948678595335,26.0668773742834,0.0594513261202751,0.0804085805280798,-0.0225063620559043,-0.0448431182087319
-3.6025189885734,-14.7382873638047,26.9207130361857,-0.0215472315031172,0.0976509949491098,-0.0171831483632481,-0.0410704992203801
-3.60973791518327,-14.6837610634386,26.4821337774086,0.0219599351081801,0.0975590141916395,-0.0291788617180444,-0.0430327138255162
-3.58365326797616,-14.6323458433906,26.2363315706771,0.0450393465571383,0.0892830177676919,-0.0189546993500276,-0.03786779771964
-3.59405178230289,-14.569019881287,26.6214974913128,0.00819480657377295,0.0996636601034622,-0.0185933209005107,-0.036337697999933
-3.51165055663557,-14.5962201939574,25.2284998195562,0.0995418648550502,0.00956123115393228,-0.0171406391877316,-0.0367615438242517
-3.48651291314544,-14.5451295662552,26.2340927797639,0.0452391195263281,0.0891819604207185,-0.0201014760361984,-0.0380913327185493
-3.57683649936664,-14.6607861531873,22.921111762899,-0.0597863491299502,-0.0801597932738833,-0.0305372370912487,-0.0354967936582575
-3.68215852694623,-14.632037785706,21.3093003114276,-0.0776409215966473,0.0630229108628224,-0.0276811059829409,-0.0342745433815175
-3.78728624175295,-14.6110344610345,21.409255521112,-0.083542371282442,0.0549606422861544,-0.0215853435242783,-0.0339573176145986
-3.78148728654855,-14.5513603505731,20.1640412480532,0.0253513798353222,0.0967331770409988,-0.0195524246309207,-0.0370590665796549
-3.86934175434778,-14.5206435440403,21.234046059907,-0.0726829104700073,0.0686818354851478,-0.015171557329225,-0.0379650289522964
-3.96966837126289,-14.5034725202323,21.4230019097089,-0.0842899647425322,0.0538070798659682,-0.0160366521725752,-0.0366360560579722
-4.03545988950045,-14.4593066828387,21.0498705612915,-0.0588755473229504,0.0808311197956767,-0.00691597091460672,-0.0366652824021259
-3.97480930357583,-14.433921682489,19.6291568389263,0.0711194147980188,0.0702995649971416,-0.0104688288734058,-0.0449145646474651
-3.91333346437541,-14.4005725582828,19.5859619923929,0.0740887127345678,0.067162955900814,-0.0126128735341471,-0.0338138316945784
-3.840489418658,-14.3813347815571,19.3683707131069,0.0868407476547785,0.0495851242487007,-0.0139967019373657,-0.0303473475230138
-3.8244101235375,-14.5121256634821,17.5905660675631,0.0306778502461115,-0.0951780936154804,-0.0145985551256071,-0.0356127883094608
-3.75464518728194,-14.5972266732787,18.3542692855468,0.0879832512520316,-0.0475283862457152,-0.0182183149964708,-0.0375726235508864
-3.82517260394086,-14.7145111772798,16.7602196751264,-0.0495612522901031,-0.0868543739338253,-0.0209661643688239,-0.0304301300673497
-3.76508286317974,-14.8121074959016,18.2068959965636,0.0800504427195273,-0.0599326840747825,-0.0199607019584063,-0.0376636345469379
-3.68910731203756,-14.8010665049397,19.2062874686987,0.093704321435882,0.0349213422456941,-0.0177287702937026,-0.0238803512838714
-3.59830306099568,-14.8315200190094,18.8295512466036,0.0999799913163183,-0.00200033406933109,-0.0091757402744399,-0.0284531800002874
-3.52708051638135,-14.8202273020646,19.3055388320499,0.0897828642209802,0.0440345011584898,-0.0185603196066442,-0.0327417842136875
-3.64353322993879,-14.827172601251,21.697900451743,-0.0957310014158009,0.0289063205532619,-0.0207217121416372,-0.035851619739713
-3.73381532083254,-14.79651705533,21.2000742487757,-0.0703081758377639,0.0711109021906351,-0.0199739150559939,-0.0404553562696126
-3.75705262135983,-14.7290068518794,20.4125785320784,0.000777363796031837,0.0999969784819952,-0.0240146643233201,-0.0324867750313675
-3.71603510448454,-14.8283313087748,24.3358181749658,0.0698910673929254,-0.071520896937032,-0.0288735505176314,-0.0278035599584179
-3.74636590922406,-14.9657138240198,23.5482683400019,-0.00136761355624565,-0.099990647728479,-0.0289631911832746,-0.037391867516483
-3.8592710308399,-15.0560926395445,22.6138190951031,-0.0812323890347355,-0.0583206564752952,-0.0316727325811073,-0.0320581590494093
-3.99042684708161,-15.0917469555355,21.9715517229187,-0.0999807987836825,0.00195955979158469,-0.0311750174580245,-0.0376138757826361
-4.11127275754327,-15.093035557484,21.6683293058258,-0.094834479901757,0.0317241457215674,-0.0260114305599046,-0.0330127476700195
-4.06762333454591,-15.0590580590743,19.6593268642396,0.0689664318126209,0.0724129220722042,-0.0253170088152652,-0.0384354236625661
-4.16808191606999,-15.1686270490955,22.8339618284658,-0.066536531758198,-0.0746517912818595,-0.0339220497658808,-0.0349171987392616
-4.27125151509721,-15.2693973777252,22.7147675840414,-0.0749414492065849,-0.0662101139616665,-0.0282281498206345,-0.034560214668037
-4.38078331967047,-15.2555751962646,21.6025633452352,-0.0925446013245475,0.0378879501382769,-0.0169872032487062,-0.0240657686777599
-4.49210879004167,-15.3215493832421,22.4217018929244,-0.0908734948508374,-0.0417373685513933,-0.0204519755203689,-0.0242368184260116
-4.45437330872535,-15.4352551728626,24.1724751551115,0.0573302000518505,-0.0819344137833108,-0.019594718735533,-0.0317713758371969
-4.3765030243248,-15.498486197794,24.8215324776182,0.0951964134295781,-0.0306209547556057,-0.0173261290290219,-0.0326100701758403
-4.44663158359917,-15.4372075900666,20.9105546119386,-0.0470804430591699,0.0882237602993222,-0.0230481162152074,-0.0269451525719511
-4.560869659705,-15.4415719230182,21.6954007422884,-0.0956584449985729,0.0291455296821828,-0.0185796311072508,-0.03350986263378
-4.6343769768928,-15.3886127112697,20.9715384174016,-0.0523698099201577,0.0851903927032066,-0.0211375072676461,-0.0322311809546552
-4.75102043611724,-15.3968979524762,21.7685221451663,-0.0975320919234929,0.0220791993746903,-0.0191113673009484,-0.0303644405811987
-4.79881999653446,-15.3349014497086,20.6382648923068,-0.0216192103718569,0.0976350845900048,-0.0261803500453599,-0.035638581822397
-4.76534948909748,-15.2929032390767,19.7764207154081,0.0600344283715671,0.0799741671422665,-0.0265639209345903,-0.0379759565103868
-4.70371746743975,-15.3755635922823,18.3029049260346,0.0854270219785874,-0.0519829194627422,-0.0237950003208507,-0.0306774337428664
-4.70205284325415,-15.4971862382895,17.5388272061481,0.0257145890287991,-0.0966372594348576,-0.0240499648432042,-0.0249853865723573
-4.68303937879008,-15.6244567140155,17.6819656216704,0.0392369282260076,-0.0919807776841832,-0.020223463761937,-0.0352896980418187
-4.7933443486905,-15.6899888098352,16.08128756357,-0.0931120079680461,-0.0364712759875292,-0.0171929619323734,-0.0290608198321145
-4.75390034096369,-15.6395999538951,13.5141067512948,0.0583523058623861,0.0812096570645545,-0.0189082981355719,-0.0308208011244844
-4.76947610691478,-15.5704227856592,14.2289001361658,-0.00916045936465822,0.0995795460133679,-0.00641530658643941,-0.0304023777774241
-4.69939681085417,-15.6522372500278,18.2797720760218,0.0842017599379926,-0.0539450055458768,-0.0141224638773734,-0.0278694588227282
-4.64948645070357,-15.7582522342656,18.0174130080299,0.0673292888637192,-0.0739375876067502,-0.0174189287131261,-0.0320773966310597
-4.75574240402047,-15.8414788048485,16.1580432831161,-0.0900412295630272,-0.0435037582144145,-0.0162147237538708,-0.0397228123685593
-4.83762901535986,-15.9474456274758,16.546725715839,-0.0668383849148992,-0.0743816529929778,-0.0150482264244953,-0.0315851696342868
-4.81817348994466,-15.8778274833601,13.7705869956806,0.0358424712957744,0.0933558635084674,-0.016386945880571,-0.0237377193927273
-4.72787209198151,-15.8965971830689,12.6967957715961,0.0991506689205858,0.0130055700605698,-0.00884927095743038,-0.0317752697693621
-4.69689296611845,-15.8375733770672,13.655136133564,0.0463579538095068,0.0886055309706772,-0.0153788279464555,-0.029581724969006
-4.66241305577502,-15.7808562502379,13.6876307590628,0.0434547843847843,0.0900648750294581,-0.00897487404134711,-0.0333477482002067
-4.69387672448534,-15.7149722195111,14.2497795964043,-0.0112374787829302,0.099366589307489,-0.0202261899273886,-0.0334825585806762
-4.80195933916526,-15.8023516922783,16.2256364136097,-0.0868972997044791,-0.049485950572561,-0.0211853149754457,-0.0378935221946222
-4.88578350759879,-15.759357875958,14.8172068264885,-0.0628824037266276,0.0777547638512356,-0.0209417647069037,-0.0347609475309518
-4.83285347523305,-15.7048329296226,13.408779468109,0.0665667154703088,0.074624877832362,-0.0136366831045622,-0.0200999314969721
-4.85957606246246,-15.6289846126422,14.2557853453718,-0.0118340433247703,0.0992973082142082,-0.014888543904644,-0.023448991233753
-4.90483431938733,-15.5606398166373,14.3190508687239,-0.0180882744882447,0.098350466831825,-0.0271699824366243,-0.0300056708269558
-4.83342205262715,-15.6259527431975,12.1963726097845,0.0932328067180763,-0.0361613571574661,-0.0218205399578988,-0.0291515694027673
-4.88361857741861,-15.7430630886315,10.6887377054664,-0.0302044486012301,-0.0953293831129503,-0.0199920761902268,-0.0217809623209995
-4.92877296594293,-15.8727107757546,10.747790959171,-0.0245255592532898,-0.0969458454154348,-0.0206288292710335,-0.0327018417076985
-5.02770742119851,-15.9532083756039,10.0335598831163,-0.0820345206663043,-0.0571868640428,-0.0168999345892784,-0.0233107358064899
-4.98264807177249,-16.0415171429421,11.7982180444717,0.0719195504968106,-0.0694807761638909,-0.0268602010707859,-0.0188279911742413
-4.94293159435477,-15.9918743467168,13.4678396674036,0.0620458549149872,0.0784239242059996,-0.0223293774972717,-0.0287811279807677
-4.88837666819887,-15.9551170387709,13.2140139995152,0.0797507777918269,0.0603308664084865,-0.0251958516359281,-0.0235735584626013
-4.8106944753424,-15.9636827372792,12.7486589044023,0.0983431445720214,0.018128042246379,-0.0206609517155494,-0.026693740754677
-4.88789591327721,-15.9054046731048,14.7961236950494,-0.0612292362158037,0.0790631433249989,-0.0159722017190047,-0.0207850791505635
-4.84083957327075,-15.8516258753405,13.3976824903716,0.0673907105147544,0.0738816089180289,-0.020334370508289,-0.0201028111537411
-4.76552012132677,-15.8328951500372,13.0044956739277,0.0905548683594222,0.0424242361912117,-0.0152354164154467,-0.0236935108878562
-4.76534260037343,-15.9561057883678,11.1899194102358,0.019312402758165,-0.0981174352483106,-0.0191348818048231,-0.0250932030823527
-4.84138005567257,-16.051147561265,10.2650385962874,-0.0667268722727556,-0.0744817059196107,-0.00931058302638554,-0.0205600669775556
-4.77911549115004,-16.1390406058624,11.7341399836231,0.067322803004531,-0.0739434932608212,-0.0050582384819986,-0.0139495513365695
-4.70740625544569,-16.213928726987,11.8722818372746,0.0768636916730626,-0.0639685305629914,-0.00515445596871356,-0.0109195905616453
-4.66529276917468,-16.3182555598366,11.5070050905947,0.0489425472245684,-0.0872045129059895,-0.00682906095355751,-0.0171223199435815
-4.60871485332944,-16.3973739039384,11.7361285858623,0.0674697139886129,-0.0738094688660931,-0.0108917981433754,-0.00530887523573043
-4.53408435872348,-16.4617871026075,12.0526877870996,0.0870940720632886,-0.0491388096257398,-0.012463577457333,-0.0152743890433094
-4.48588731635333,-16.4015908644157,13.5264611790567,0.0573445793883978,0.0819243505605491,-0.009147537018249,-0.021728112368816
-4.4334458674647,-16.3481649409546,13.3212973122711,0.0728321774316443,0.0685235282991578,-0.0203907285430081,-0.0150976048380222
-4.39092700881465,-16.2907909499097,13.459108461064,0.0627282166934909,0.0778792066629755,-0.0202093580434379,-0.0205052156180869
-4.31336499528425,-16.2980556364893,12.7684076581873,0.0979659846571263,0.0200665355794091,-0.0204039711267283,-0.0273312221590523
-4.30460581893231,-16.2262834294874,13.9206945267396,0.0214785710637431,0.0976661199447369,-0.0127193947118034,-0.0258939129427489
-4.24907952142441,-16.3161998268033,11.9010396443949,0.0786712513993202,-0.0617319544746881,-0.0231449538914212,-0.0281844428412725
-4.16664192220507,-16.3423845413421,12.59946473766,0.0999452439479192,0.00330880827351978,-0.0175076447285845,-0.0294935228123521
-4.19073738764616,-16.4696149745608,10.9409070245975,-0.00546400380947851,-0.0998506117275703,-0.0186314616316023,-0.0273798214911167
-4.16538918091229,-16.5821817051404,11.4886330554453,0.047332253377048,-0.0880889197927352,-0.0219840466431842,-0.0244778107868662
-4.19795457851795,-16.7038801957092,10.855858080198,-0.0139262093023172,-0.0990255557644998,-0.0186391883033394,-0.0226729348043015
-4.2986376895065,-16.7689197512732,9.85200583983863,-0.0910117871930021,-0.0414349440923443,-0.00967132379554947,-0.023604611471626
-4.34517393812474,-16.6827185468853,8.12844468860368,-0.0271030128081445,0.0962570864753425,-0.0194332358100926,-0.010055882087439
-4.3882668471856,-16.7877014198645,4.38700436257397,-0.0319673245577924,-0.0947527844478291,-0.011125584503068,-0.0102300885313547
-4.30504414208397,-16.8058137897485,6.26607213809156,0.0999853573295485,-0.00171123338048846,-0.0167626522279232,-0.0164011365035392
-4.21655026834664,-16.8217366232248,6.30665351746332,0.0999724634191689,0.00234660561299522,-0.0114785896818326,-0.0182694390892522
-4.12148755608053,-16.8613889489061,6.04038176324267,0.0970667748680831,-0.0240424877396011,-0.00200406260198172,-0.015609837941696
-4.04875646235759,-16.820834497471,6.8688412370181,0.0833349702511547,0.0552746120134657,-0.0106038765282062,-0.0147201605784097
-4.14530695796588,-16.768489584413,8.73858988168821,-0.0773666835140037,0.0633592635850827,-0.0191838120942904,-0.0110143505270699
-4.06835178817322,-16.8373577495426,11.9981323754527,0.0842850370872064,-0.0538147983663253,-0.00732986729454943,-0.0150533667633219
-4.05561248593824,-16.7556212940259,13.8940503032186,0.0240728775853603,0.0970592425519603,-0.0113335753503812,-0.0153227870352595
-4.07676191018307,-16.887535490339,10.9368531012407,-0.00586874452935834,-0.0998276406495171,-0.0152806797154668,-0.0320865556634899
-4.01875700214992,-16.8500255361861,13.2974541373581,0.0744451396473913,0.0667676656989025,-0.0164402316142436,-0.0292577115460375
-4.13893412631989,-16.8622084197765,15.4962841722784,-0.0977679512061888,0.0210101812687155,-0.0224091729637852,-0.0331930648591587
-4.07197967375143,-16.8489434457299,12.9696005306278,0.0919798403135382,0.0392391255750687,-0.0250253877450692,-0.0259741515284695
-4.10837318827872,-16.9763151705161,10.9079842836998,-0.00874780482728899,-0.0996166447472693,-0.0276457097000034,-0.0277550800388973
-4.23253668318551,-17.040870904886,9.72633455707508,-0.0954875326263293,-0.0297006921289,-0.0286759622804613,-0.0348550422410092
-4.31552034362529,-16.9984551497136,8.51198800007572,-0.0611540679284862,0.0791212991286044,-0.0218295925112937,-0.0367055439562378
-4.40512900717814,-16.9674462630766,8.71621376882206,-0.0759297002148037,0.0650744237415133,-0.0136789633380499,-0.0340655371044392
-4.49538728275819,-16.9219298926957,8.56114337557589,-0.0649678721457327,0.0760208891611755,-0.0252904034343135,-0.0305045187802762
-4.59496341244067,-16.8796246240986,8.61889856707286,-0.0692477073176859,0.0721439881850464,-0.0303284223647982,-0.0298387195879997
-4.55923809260975,-16.8308139320956,7.2175719528098,0.0594311819005303,0.0804234705661604,-0.0237058620696082,-0.0316127785631117
-4.50382340885749,-16.9185621324967,5.62206238731895,0.0789303252482176,-0.0614003563198992,-0.0235156414959548,-0.0263478440812719
-4.47575691276283,-17.0240741146136,5.27124710155112,0.0530218389149801,-0.0847861108795179,-0.0249553428203253,-0.0207258712373246
-4.45883252450782,-17.1477119101242,5.13157704751216,0.0407018951809874,-0.0913419713421815,-0.023777506925974,-0.0322958241684574
-4.41807209060981,-17.110452653065,7.05268199918319,0.0718260949098144,0.0695773820289779,-0.031065661011807,-0.0323181249697342
-4.36915978970777,-17.1971767847306,5.70689376889047,0.0838489219244667,-0.0544918185795325,-0.0349366210224282,-0.0322323130860376
-4.30799183753647,-17.2247634866439,6.32779575976016,0.0999005118768835,0.00445956575651214,-0.0387325597055828,-0.0320462676698554
-4.35118521514444,-17.1629053688595,7.89986881088238,-0.00458710750108656,0.0998947368221844,-0.0386062701068806,-0.0380366190377401
-4.28869970792386,-17.1897983086872,6.51790623763812,0.0972579282847385,0.023257157731775,-0.0347724210641616,-0.050150097559527
-4.23860653900041,-17.2883833446902,5.69065845055655,0.0829532183282136,-0.0558458912453882,-0.0328600494047642,-0.0427391447576007
-4.16647803963451,-17.303731513834,6.52767500364378,0.0970260976000855,0.0242061228720895,-0.0248975982341832,-0.039554292015886
-4.25225830392936,-17.4108110281973,3.89426412673124,-0.072986528045466,-0.0683591012511751,-0.0127937362493817,-0.0387204131121095
-4.35369287414988,-17.5046334160938,3.81758050062625,-0.0780089267347231,-0.0625668230749861,-0.0234256434858047,-0.0312555648215884
-4.39568367511214,-17.4441902174232,1.81559872244554,-0.0242364616699324,0.0970185236216358,-0.0177543392923205,-0.036575324950995
-4.47340201239507,-17.3979498767839,2.2771092471544,-0.0649033206033398,0.0760760078780432,-0.0128150166795908,-0.0298356672387108
-4.4752352274447,-17.3275222478688,1.40777857331538,0.0162296685220023,0.09867420057779,-0.0180628835716306,-0.0282465716627449
-4.4291025814474,-17.43043762491,-0.730313646349817,0.0744965204468572,-0.0667103323429811,-0.0283638744495605,-0.0362050446981925
-4.48540581498045,-17.5486917771713,-1.99162629838973,-0.0408518150413111,-0.0912750196265687,-0.0154514184917378,-0.0269791326346862
-4.5981238795603,-17.6089148543699,-2.8732482748813,-0.096421118152268,-0.0265135432235372,-0.0162969464275857,-0.033709533975113
-4.56455977015969,-17.7265242030244,-1.09579026131254,0.0457343841159858,-0.0889289947628526,-0.0121702747153734,-0.0286803538915912
-4.48272338815582,-17.6977816311748,0.533937150501895,0.0860810027564826,0.0508926415549285,-0.00424462075261722,-0.0221500697053862
-4.42250084765219,-17.6424773166787,0.770180318208763,0.0717785132081028,0.0696264679675352,-0.0115559727044712,-0.0143221534714399
-4.36987005931722,-17.5979440080262,0.869876359566399,0.064492104427223,0.0764249204549678,-0.0118613160922489,-0.0318916118024895
-4.35014199281417,-17.7253381772594,-1.27736959186817,0.0289234187537887,-0.0957258368863547,-0.00919535225073709,-0.0316683323467863
-4.27240762946305,-17.7757226866671,-0.258862742837622,0.0966681719828405,-0.0255981351956734,-0.0189338086317274,-0.02478637421207
-4.24914906608428,-17.896125521327,-1.23095459173512,0.0333337882954092,-0.0942807433035869,-0.0100752249166387,-0.0261220913562994
-4.30817314990955,-18.0070779723567,-2.11931301755297,-0.0521422096882074,-0.0853298890707764,-0.00688187413705599,-0.0256225619588939
-4.40613003607017,-17.9892095003388,-3.58725651053643,-0.0902324704070067,0.043105698976454,-0.00772441575361249,-0.0252372269586232
-4.45737287367422,-17.9190555992738,-4.34201704801793,-0.0361962169661416,0.0932192784639529,-0.015046620637909,-0.0230653773988934
-4.4695498033476,-17.841580121971,-4.72668803627645,0.00142985686254327,0.099989777024217,-0.0136067865359255,-0.0225142997214327
-4.57878775799716,-17.8514871072005,-3.26009561327966,-0.0992986737280605,0.0118225799150684,-0.00993928092150576,-0.0217295651445362
-4.6563118949401,-17.9456901575207,-2.35799998546928,-0.0708382305928951,-0.0705828951408754,-0.00668590635004485,-0.0236201551793123
-4.75115148155693,-18.0360937993883,-2.48897443824878,-0.0794496563431507,-0.0607268647877959,-0.0153899302736775,-0.0296767770798887
-4.86079486416264,-18.1235198142783,-2.58949474360902,-0.0851426096033492,-0.0524474597090429,-0.0245007730023534,-0.0349785551808921
-4.92076484759122,-18.2450982971589,-1.9619925183791,-0.0381294511291988,-0.0924453620068959,-0.0218405322993878,-0.0291331208737233
-4.90957242518112,-18.3711888314979,-1.17711614251019,0.0383589668639851,-0.0923503636220654,-0.0271665444538787,-0.0337401707169462
-4.84041896343069,-18.4591582984731,-0.554539980369535,0.0850142754596378,-0.0526552273575268,-0.0158608137092102,-0.0353142396176835
-4.83845268466252,-18.5800886784117,-1.36543958040609,0.0203916423414231,-0.097898830037031,-0.0184253635732503,-0.0230315499015497
-4.75327332439044,-18.6208733000416,-0.0450131099112034,0.0998987081015077,-0.00449979106734523,-0.0147193478294287,-0.036284830562554
-4.70523535752879,-18.7386967071771,-0.917804168068833,0.0607565702147075,-0.0794269423794302,-0.0127186033530577,-0.0383964647560688
-4.65185374764214,-18.840794618725,-0.738878170266712,0.0739224530116974,-0.0673459051519347,-0.0205408431250493,-0.0347520063959905
-4.64926355070113,-18.9689708750718,-1.3685766849292,0.0200844236413288,-0.0979623189139356,-0.0174942267003217,-0.0302139374328156
-4.66156772534497,-19.0942008373353,-1.54561130858395,0.00251823558815692,-0.0999682874191738,-0.0148224102319983,-0.0252616748443302
-4.77848522489955,-19.1025659272005,-3.28701362760405,-0.0989444990636345,0.0144908973168138,-0.0179730004909473,-0.022855987182048
-4.74693596241742,-19.2199168151535,-1.01892715767157,0.052427982743599,-0.0851546042527172,-0.0208787202614609,-0.0321962837002339
-4.6731463988151,-19.2426929038285,0.148438844315976,0.0989003169111512,0.0147894325406304,-0.0251107533088337,-0.0375655212156829
-4.60970520935953,-19.3135341238235,-0.438974394852437,0.0905188033012624,-0.0425011323250025,-0.0270776138456892,-0.0283400876699886
-4.64694535983255,-19.4375218569693,-1.67172423274111,-0.0100756643817048,-0.0994911100916421,-0.0271644860913192,-0.0244966230541621
-4.73531381753723,-19.5344946549109,-2.41830187338964,-0.0749631772297931,-0.0661855124601648,-0.0134052804748848,-0.0307872854814164
-4.67363653598762,-19.5059938926036,0.65084711296679,0.0795570851723745,0.0605860561422803,-0.0178798036227654,-0.0320852938349603
-4.7955542510621,-19.5172147541352,2.92671660938725,-0.0977002832351764,0.0213226324774008,-0.0242174318393094,-0.0325434940090119
-4.88585569793225,-19.4689750904956,2.28819275600859,-0.0657425059904587,0.0753519933783739,-0.0245589408796842,-0.0271123297387774
-4.8241552842881,-19.4512959883223,0.448257630347482,0.0901203605904015,0.0433395962954896,-0.0284199469462578,-0.0256604941221958
-4.74459289140279,-19.4971697846586,-0.149932971962003,0.0988781092259702,-0.0149371856752572,-0.0193157163406585,-0.0309366106610156
-4.74115170936645,-19.621979351708,-1.35017722138212,0.021883376461269,-0.097576215517176,-0.018442194424928,-0.0272333515323027
-4.70214876564041,-19.7216152896428,-0.769519334747603,0.0718245194685525,-0.0695790083510215,-0.0328215757425152,-0.0300569295837185
-4.72713437911515,-19.8581112606559,-1.54862112780421,0.00221733816320108,-0.0999754140350017,-0.0272029516379391,-0.0365205569781075
-4.80079271711273,-19.9736126316481,-2.07684531419238,-0.0484725220965194,-0.0874666485101747,-0.0251858159010627,-0.0280347224819941
-4.93005053913596,-19.9873856214732,-3.21128877978852,-0.0997572207995271,0.00696397144985464,-0.0295006012237007,-0.0207369612750163
-5.02948909945716,-19.9427937321643,-3.82074065091328,-0.077810816980222,0.0628130301837955,-0.0216277433409733,-0.0182211408748643
-4.96122607947525,-19.9271670490634,-5.85822450365313,0.09110548937748,0.0412285071921102,-0.022842469395572,-0.0256018240912539
-4.91288649142318,-19.8759476279523,-5.40222916087871,0.0636413913936084,0.0771347736204985,-0.0153018033415417,-0.0259153525093758
-4.84406768043583,-19.8583519737004,-5.78911340319342,0.088040920576903,0.047421475134916,-0.0192221095895562,-0.0298258208830333
-4.77398378644164,-19.8592070742522,-5.97297451751262,0.095226924552063,0.0305259371740772,-0.0251430305578673,-0.0313810377258541
-4.69277459809617,-19.8798977730057,-6.15784559002115,0.0992155255830341,0.0125011792756643,-0.0180063372375621,-0.0331918780291112
-4.70644938494131,-19.8177854318158,-4.78192932861657,0.00694843138838714,0.0997583044224433,-0.0206232182335349,-0.0376459632326238
-4.82028555755067,-19.8787852857622,-2.88347756254174,-0.0966872834547055,-0.0255258539161658,-0.0171488891546456,-0.0354740000301561
-4.86046382156016,-20.0072564478798,-1.79955025146877,-0.0226764085187719,-0.097394971619123,-0.0175018554907176,-0.0310761904985277
-4.82132779301755,-20.1137530076608,-0.973814212886885,0.0562149137025173,-0.0827035880564957,-0.0170788851599166,-0.0237929717245144
-4.94094847919327,-20.1686549654146,-2.8817392428404,-0.0966427652996734,-0.0256938886747849,-0.0229779208760394,-0.0292080690789511
-5.03563116246826,-20.1302592410715,-3.89305229798397,-0.0730693139578174,0.068270603906322,-0.0216133693171745,-0.0298748795632804
-5.15224333890151,-20.2198989859642,-2.5619272836481,-0.0836645988361285,-0.0547744000568667,-0.0329475775971169,-0.0348653448357652
-5.24503018360863,-20.1849282467202,-3.95684429033052,-0.0685685249245943,0.0727898165244651,-0.0242183197825288,-0.0378190772804885
-5.3710232172637,-20.2101706067068,-3.22947519703726,-0.0996140814055626,0.00877694626427326,-0.0263789522495088,-0.0340193062509435
-5.48875668481661,-20.2218832785574,-3.4159399953217,-0.0962602219990571,0.0270918744403603,-0.0214732455538567,-0.038804546290919
-5.60471397877851,-20.2690803586231,-3.10062285148169,-0.099916085504459,-0.00409583415992885,-0.0160412084574357,-0.0431012459057953
-5.65653924042822,-20.4005392560127,-1.8921892657804,-0.0315888482035408,-0.0948796325307685,-0.0202364134461721,-0.0365792648588013
-5.72612097488136,-20.5285934761943,-2.08150523001954,-0.0488795815561637,-0.0872398217954068,-0.0207021528969769,-0.0408143983861713
-5.84753562149384,-20.5765127448512,-3.07796583544936,-0.0997976496802672,-0.00635838959915723,-0.021616996932206,-0.0415608790577267
-5.84515378972431,-20.7120404781982,-1.42312988153452,0.0147130376251555,-0.0989117107517647,-0.0123312058556291,-0.0366160225953216
-5.9146555230634,-20.6586068775015,2.15145243507029,-0.0548572628863023,0.0836102906861537,-0.0146444704527884,-0.0301766899893821
-5.91141455599996,-20.5822427241535,1.28389110913501,0.0282985304237192,0.0959124245124574,-0.025057563360285,-0.0195482711644956
-6.03069672308415,-20.552573216149,2.59598960919107,-0.0854814506184927,0.0518933675931539,-0.0338007164656897,-0.0222238595886886
-6.11987997927037,-20.6674221112432,4.18546140847158,-0.0502880046629945,-0.0864356210541386,-0.0388952515232273,-0.0284132740400231
-6.17557800223261,-20.6048377986816,1.89403110257083,-0.0317635473221934,0.0948212901278546,-0.0239344756400452,-0.0322369775662494
-6.20812538285638,-20.5315949167515,1.68087772250491,-0.0109859204235743,0.0993947159181357,-0.0215614602001946,-0.0261518339879885
-6.3252347896618,-20.5675729308769,3.25861152385723,-0.0993161101337099,-0.0116751988380842,-0.017793296671714,-0.0243028152873279
-6.3621438868904,-20.5034504414684,1.78247072343744,-0.0210097218541363,0.097768049932541,-0.0158993753744578,-0.0336455605240502
-6.3578289540315,-20.4292360142292,1.27488506176143,0.0291611629623464,0.0956536804032311,-0.0248462301034458,-0.0214392531640719
-6.36727191774246,-20.3573321764846,1.43193890419286,0.0138411625388454,0.0990374788631721,-0.0232841262498145,-0.0271336411185636
-6.48578148397905,-20.4085659976694,3.36373490390044,-0.0975427707899159,-0.0220319737342331,-0.0209667954466735,-0.0292018474505902
-6.42692696379405,-20.375225587231,0.619783737270404,0.0814004093878992,0.0580859135374698,-0.0225458892028954,-0.0247455030990764
-6.45064390101231,-20.3041648197609,1.73396192411521,-0.0162442567173778,0.098671800042869,-0.00747268050088223,-0.0276110325727359
-6.53803446312757,-20.2829437086362,2.54141061243483,-0.0825232813066854,0.0564792709086941,-0.00486728080857723,-0.0352581597840107
-6.5391335183331,-20.2236201981365,1.57366121083264,-0.0002864880118791,0.0999995896222532,-0.000812567193653635,-0.0406760791225054
-6.44262411708294,-20.2377109825666,0.218361970882502,0.0976253606413507,0.0216630782587845,-0.00111595939118558,-0.035753862688928
-6.45988650873352,-20.3520462565266,-1.61450868901569,-0.00436984428345222,-0.0999044766811697,-0.0128925473671302,-0.0144307972788198
-6.49167635914083,-20.4743444899468,-1.70839865798023,-0.0137168505801518,-0.0990547727783058,-0.0180729998271545,-0.0232434606418721
-6.51140280577986,-20.4032276119963,-4.7277099500863,0.001532037032138,0.0999882636239482,-0.0212584836711649,-0.0288713856734404
-6.63113489683663,-20.4600995753749,-2.97891444583394,-0.0986797056040888,-0.0161961631842347,-0.0210523854526894,-0.0406758001943395
-6.72787237962014,-20.5564058531987,-2.54197972717485,-0.0825554111262322,-0.0564322965488627,-0.0141820716572774,-0.0398739812749476
-6.83826479432713,-20.6359955683688,-2.7865688508308,-0.0937638214944037,-0.0347612683710707,-0.0166285932125785,-0.0448284467990909
-6.78197960423598,-20.7571875611784,-0.835917524917623,0.0670497242218309,-0.0741912021858147,-0.0107645341306881,-0.0470007906237484
-6.77291129121733,-20.8985561739392,-1.33126593389124,0.0237246453027582,-0.0971449494583136,-0.0146563322841082,-0.0442236633024571
-6.72834867183339,-20.8566122970877,0.9192082464623,0.0606449887088572,0.079512171046341,-0.0160823693249181,-0.0375682941948767
-6.7550515354961,-20.7934162081839,1.6330116663248,-0.00621752106420511,0.0998065249961954,-0.020485342598505,-0.0366104360923742
-6.84868588399937,-20.770871188571,2.50960639278155,-0.0806855720011053,0.0590748548102698,-0.0129487765021601,-0.0365298351973991
-6.88356494479439,-20.7031250411072,1.80072234495864,-0.0227905489283552,0.0973683258536586,-0.0120885118666685,-0.0296221783898538
-6.91341741590873,-20.6258145368018,1.74243264455636,-0.0170794851710976,0.0985306611481434,-0.0127729859432435,-0.0212201568427339
-6.92970041237262,-20.5488312410071,1.56344753891448,0.000734872173576423,0.0999972997779865,-0.0170178686374634,-0.0230140039833024
-6.84881014463494,-20.5429552401154,0.297182853926468,0.0956165220692543,0.0292827715112453,-0.0147262543315723,-0.0234067706195766
-6.75741646637402,-20.5372902752074,0.163556601034415,0.0986654409356566,0.0162828365149459,-0.00727176267474228,-0.0106178716069358
-6.71467652051754,-20.6400081382988,-0.963108008056924,0.0570971166159723,-0.0820970113593793,-0.0143571707594852,-0.0206208517319908
-6.62940279215526,-20.6530925014167,-0.00580403204498048,0.0999983156653294,-0.000580399945850254,-0.0147245873030482,-0.0125039631720547
-6.55330443179997,-20.6221482442929,0.492529323204499,0.0881139672549671,0.0472856085356907,-0.0120156068996806,-0.0163413514118496
-6.49779230009405,-20.5708597742689,0.786040455982961,0.0706652465920225,0.0707560804743214,-0.0151531148861075,-0.0194676104503984
-6.51478693633288,-20.4954590724623,1.56824757541299,0.00025487486224014,0.0999996751934955,-0.0172495111010615,-0.0245989733868761
-6.58173946243055,-20.6072323570959,4.13963033901539,-0.0541952495320943,-0.0840409122282358,-0.0127572765655799,-0.0277323724053495
-6.50693428602386,-20.5858943456176,6.82979011589011,0.0854294228118428,0.0519789738070636,-0.0106242464051522,-0.0306409623287571
-6.42803798150268,-20.5743499955477,6.71331597309004,0.090891127111245,0.0416989569707384,-0.011994822590065,-0.0301546069008367
-6.3775565242684,-20.5176934931752,7.18168527461169,0.0622784284364313,0.0782393593499353,-0.011796971202152,-0.021582856977453
-6.29474340655083,-20.5177854901173,6.44577818435918,0.0986810872727664,0.0161877427291353,-0.0158679695551971,-0.0162797396711767
-6.23402330565968,-20.4757833257298,6.9125248696053,0.0808416425396886,0.0588610977767593,-0.0201215416485407,-0.0168589333892939
-6.33660137675432,-20.5406441403261,3.77938459359399,-0.0803412444856778,-0.0595422911424522,-0.0222368266089568,-0.00531852345385531
-6.44240588096964,-20.5221054928139,2.82251917321224,-0.0949526462701581,0.0313686940482743,-0.010851857945168,-0.0128300465360525
-6.55086745857002,-20.5701768335092,3.45161747216531,-0.0952325998471608,-0.0305082271912109,-0.0132289777532151,-0.0175631135040604
-6.65865983574081,-20.6078707491404,3.32181654676056,-0.0983803584630468,-0.0179249844820689,-0.009412018707744,-0.0197689311491871
-6.75297171641502,-20.5870730754075,2.79677225912779,-0.0941136179423677,0.0338027649430938,-0.000198262731839094,-0.0130050912101396
-6.74858938757592,-20.500805163337,1.39118462644181,0.0178647533780163,0.0983913135736212,-0.0134824245389158,-0.0121234015031284
-6.66979551676627,-20.5631897947699,-0.39614243960697,0.0922556342009924,-0.0385862405291406,-0.0134617633913479,-0.0237983909038313
-6.72341428330102,-20.6787784529727,-2.01811480688136,-0.0432549406349297,-0.0901610232343706,-0.0103638258998142,-0.0254276349684091
-6.63420930026061,-20.7209607185974,-0.239433809309568,0.0971472404167188,-0.0237152625837504,-0.00794225737631038,-0.0184670030409464
-6.55339122181883,-20.7586394704968,-0.130723405494697,0.0991467856222048,-0.01303514099596,-0.0183287071804212,-0.024643610903432
-6.50648467781703,-20.8643195989576,-0.830441585027704,0.0674549834837415,-0.073822931418416,-0.0205484394819475,-0.0318571970423918
-6.53627806601349,-20.9895510532892,-1.73757034542596,-0.0166001996150363,-0.0986125416604853,-0.0131931885814218,-0.026618912671065
-6.51109355784947,-21.1084480747462,-1.24433637935769,0.0320691965320176,-0.0947183542603588,-0.00688468836800027,-0.0241786671966864
-6.43646394953734,-21.1981194406651,-0.652335246280768,0.0794668369859562,-0.0607043805622581,-0.00483722867382141,-0.0289669853566714
-6.36247810972615,-21.2695449930193,-0.445975794690035,0.0902190197227163,-0.0431338437919939,-0.0162331799115254,-0.0282917085621257
-6.32120225990681,-21.2063542457718,0.965349374799393,0.0569129638390817,0.0822247806141882,-0.0156371140197482,-0.0190340333667081
-6.24938633323089,-21.1661109540044,0.641811437649695,0.0801012660208597,0.0598647407231959,-0.00828533934493692,-0.0196214489558137
-6.20864838000807,-21.1030716961167,0.972590921164256,0.0563160422307942,0.0826347589544461,-0.0155780890079722,-0.0195955010667461
-6.17428902899922,-21.0312281192104,1.09485043866801,0.0458179413888903,0.0888859732853515,-0.0114585903800428,-0.0170423963790967
-6.22492462580632,-20.9613909139556,1.98355488200458,-0.040113773656632,0.0916017748901434,-0.010521823150464,-0.0217645696352626
-6.32002384278722,-20.9318654374487,2.51620622794954,-0.0810736962374099,0.0585410606190577,-0.0140255207434965,-0.0290155841121837
-6.33327987224651,-20.8545648280212,1.57143040623591,-6.340793985253e-05,0.0999999798971638,-0.0131926215194369,-0.0226993704697023
-6.31583421662406,-20.7870127516581,1.12850915884997,0.0428007668190677,0.0903775102539332,-0.0253551111966122,-0.0228254338908478
-6.24024305225583,-20.8280295413727,-0.165826811167145,0.0986282212534314,-0.0165067856466418,-0.023037056885201,-0.0245100040678849
-6.17648603825857,-20.8811517491035,-0.353646438947283,0.0938116114512529,-0.0346320885439957,-0.0300545974539954,-0.0184901191868541
-6.12088066136963,-20.9652549461421,-0.720335791978023,0.0751584270676379,-0.0659637085124734,-0.0195530501786951,-0.0181394885261064
-6.20110002977238,-21.0595305125578,-2.26290338600892,-0.0638160829025606,-0.076990308240541,-0.016403285500191,-0.017285258175157
-6.33001880877716,-21.0793651168432,-3.15983587921074,-0.0999833596974671,0.00182422137004089,-0.0289354193073148,-0.0216588256554537
-6.28195727030848,-21.0233064182407,-5.52339352960585,0.0724979443921469,0.0688770503064204,-0.0244364059234652,-0.0128183517039169
-6.24712305518213,-21.1307385815166,-7.247182967399,0.0570240562462783,-0.0821477754368387,-0.0221898411199319,-0.0252843878390756
-6.36961446646109,-21.129234707892,-9.62744264393993,-0.0979533708148315,0.0201280189291476,-0.0245380404641296,-0.0186241453045604
-6.47440579299658,-21.2088633982632,-8.82466778218863,-0.0825273398393946,-0.0564733404274359,-0.022263986696089,-0.023155349943714
-6.39831755337723,-21.212673489174,-12.4201778955108,0.0989332863244188,0.0145672528999314,-0.0228450467050738,-0.018377343810716
-6.33539564610582,-21.2901659782038,-13.1277381661373,0.0846527894343131,-0.0532344366081754,-0.0217308821629043,-0.024258052421704
-6.26329203005302,-21.3377863815945,-12.8516291484438,0.0959588931802086,-0.0281405547143143,-0.0238552771274083,-0.0194798486763297
-6.1878379074231,-21.3733294910273,-12.8269019964437,0.0966253233703114,-0.0257594037893494,-0.0211712007403904,-0.00978370564348197
-6.11541085147923,-21.3787611470593,-12.4631369433041,0.0994676135220983,0.0103050405248347,-0.0270405575782213,-0.0157366965567824
-6.10111986909796,-21.3032547776388,-11.3559523931341,0.0352628075887191,0.0935763559931726,-0.0209718252074573,-0.0180699865727334
-6.08986628618381,-21.4188857508321,-13.8102164613509,0.032115655090297,-0.094702611886479,-0.020862072176147,-0.0209283613067477
-6.02417091186446,-21.3988492609198,-12.0701089734521,0.0879368690292164,0.0476141477434853,-0.0222414947098581,-0.0275776578312268
-6.01939737521751,-21.521554010319,-13.8220605507917,0.0309917625045269,-0.0950763412046499,-0.0262182258575798,-0.0276284081945306
-6.00571637379455,-21.6269332887381,-13.6867447458639,0.0435345659859535,-0.0900263381706413,-0.0298535645629965,-0.0153529402484551
-5.95856258644441,-21.5776731819168,-11.8880990939123,0.0778658412540918,0.062744806683841,-0.0307120539039474,-0.0134846998625662
-5.9001695390355,-21.5416958512728,-12.0989960779264,0.0892754250457077,0.0450543947124831,-0.0308823776368037,-0.00907706406848519
-5.93152301360878,-21.4496757042579,-10.970587821354,-0.00249838663517923,0.0999687854493649,-0.0288550879380978,-0.00794863843442073
-6.0577211248467,-21.5000386642026,-9.12127542290619,-0.0954295560609894,-0.0298864489359724,-0.0307685551769286,-0.020476511008777
-6.18065921280569,-21.5316310277371,-9.28992692855119,-0.0990921369829814,-0.0134442697141217,-0.0238459509760105,-0.0181480938203968
-6.12648720145331,-21.4853614906989,-11.9172941607123,0.0796642376662584,0.0604450927458458,-0.0254922263138795,-0.0141755557076166
-6.05512200850084,-21.4956295767518,-12.4690206099402,0.0995265229386662,0.00971963125530726,-0.0281613299862009,-0.0199877173082186
-5.99813300687358,-21.5632423698879,-13.1250313550489,0.0847965747036952,-0.0530051027592687,-0.0278075730764353,-0.0146076903767778
-5.9397214219796,-21.6358642386647,-13.0450157212636,0.0887619769860681,-0.0460576968760349,-0.0303503920920871,-0.0265641719007732
-5.94310567038331,-21.7580044230651,-13.848931412623,0.0284260986867653,-0.0958746938115073,-0.031810347090472,-0.0262654905889761
-5.94715642145377,-21.68829665995,-11.2705653324688,0.0271538318335709,0.096242762931839,-0.0312045829040279,-0.0265349998166542
-5.90194336588377,-21.6395695665251,-11.787753667665,0.0711885530697306,0.0702295515565787,-0.0259754974997364,-0.0215024581317458
-5.82922464924378,-21.6592045275643,-12.4911452281849,0.0997171904664231,0.00751544579403595,-0.0269984738264348,-0.0271504068332327
-5.76815453795863,-21.7443164508518,-13.156395632687,0.0830926759617658,-0.0556381811484972,-0.0220225646766075,-0.0294737421389932
-5.81560761277013,-21.8718904311313,-14.3441539765373,-0.0205512185570206,-0.0978654556818777,-0.0269018562544776,-0.0297085245975595
-5.84684952428279,-22.0008382704189,-14.1731966607215,-0.00360219247992248,-0.0999350999866293,-0.0276397190327469,-0.029012739300974
-5.89736974562641,-22.1218201941076,-14.3778178879186,-0.0238334865333441,-0.0971183037314023,-0.0266867348102711,-0.0238636199573072
-5.94795670975759,-22.2459491109682,-14.4119199949857,-0.0271309261463856,-0.0962492225757662,-0.0234560379847988,-0.0278796942848949
-5.98114393372321,-22.3610310527888,-14.2467606025522,-0.0109374409054357,-0.0994000623060172,-0.0222497830601753,-0.0156818795145277
-5.94533220102696,-22.464056688322,-13.4718383038979,0.0617317709574575,-0.0786713954017342,-0.0259200382612157,-0.0243542401315047
-6.06075124505389,-22.5389710500614,-15.2967876370867,-0.0916651571716661,-0.0399687247819311,-0.0237538868552605,-0.0349456369574774
-6.1680477702714,-22.623472831116,-15.1712500396025,-0.0859393893072108,-0.0511314127078811,-0.0213571359103035,-0.0333703683466773
-6.14721337962397,-22.7541505406566,-13.7302036380712,0.0395822476397355,-0.091832704804915,-0.0187478569923005,-0.0388450047357267
-6.12059432206892,-22.8747489539949,-13.5486876234105,0.0555096783367686,-0.0831785766345426,-0.0288906207817199,-0.0374198367037692
-6.09206009443251,-23.0001969413297,-13.526776366278,0.0573187550320268,-0.0819424207695776,-0.0287845273956204,-0.0435055665651731
-6.15835941359507,-23.1282070249971,-14.4460560237045,-0.0304000484438332,-0.0952671877123105,-0.0358992707187227,-0.0327428959551419
-6.25525770365328,-23.0845681195338,-16.4846494301909,-0.0713240184188273,0.0700919709852047,-0.0255742716393783,-0.0264530655218351
-6.3837737002826,-23.111814320559,-15.7441559064053,-0.0999345117951686,0.00361847374749494,-0.0285814848341577,-0.0308646747727295
-6.51505676401527,-23.1479773716389,-15.5819851398394,-0.0992075244752612,-0.0125645170018771,-0.0320755392574092,-0.0235985340780545
-6.64106430298574,-23.1523245934788,-15.9062318011233,-0.0980409097916578,0.0196972081073441,-0.0279666291788114,-0.0240444299471747
-6.56614061670698,-23.199348391678,-12.8374083686931,0.0963493575752338,-0.0267731450307903,-0.0214256712964698,-0.0202506531684143
-6.49280600423393,-23.1779747097738,-12.2107245500935,0.0937421727434541,0.0348196072541953,-0.0204075602704101,-0.0134459253500587
-6.57684613837498,-23.122015380192,-10.3448064680268,-0.0605797475977096,0.0795618889984256,-0.0234603865433378,-0.0236025594165419
-6.65055241497321,-23.0526549722395,-10.581839089688,-0.0402032167132284,0.0915625543872013,-0.0335030598849961,-0.0222021464347186
-6.61189676594129,-23.0032822912802,-11.6719987060157,0.0626008735789833,0.077981604415068,-0.023945224547063,-0.0286089234557672
-6.58339125525324,-22.9527444226654,-11.5991933901378,0.0567625743310241,0.0823286715264795,-0.0282570636429789,-0.0317908029116971
-6.62009241797834,-22.8758429145444,-10.8808852516878,-0.0114437772712301,0.0993430418387039,-0.0252573854538731,-0.0224415337177604
-6.69845097130723,-22.8136135841891,-10.5183518077726,-0.0459313751162519,0.0888274100710482,-0.0324271782126324,-0.0265980797157148
-6.72534699820116,-22.9565614563135,-7.90178365453411,-0.00477838177723603,-0.0998857700955996,-0.0221176451166993,-0.04306210202882
-6.83800312016063,-22.9429325263278,-3.56359195800539,-0.0912271878673883,0.0409585179640115,-0.0214289340920732,-0.0273295879783291
-6.79513113214254,-23.0401317182877,-0.760174355211873,0.0724715882679574,-0.0689047813574621,-0.0295996002498704,-0.028294410602399
-6.86476046130123,-23.1434329555449,-2.08476672163883,-0.0491638530255443,-0.0870799377335715,-0.0204654761331433,-0.0162212995236395
-6.95489278234366,-23.2403213628959,-2.26337405482672,-0.0638523127700242,-0.0769602634735551,-0.0262800082724048,-0.0199281438774683
-6.95753011335026,-23.3534109245194,-1.39330769731178,0.0176558215411908,-0.0984290199367322,-0.0202931525477936,-0.014660541686716
-7.00419866557924,-23.4700627780127,-1.8460624955584,-0.0271803094858928,-0.0962352886224751,-0.0194882427430922,-0.0204165648708781
-7.12451114294475,-23.4955096920818,-3.02970258962373,-0.0993746834694638,-0.0111656744240503,-0.0209377938960422,-0.0142812396449692
-7.147208617156,-23.6170377344939,-1.5534388288371,0.00173566263851832,-0.0999849362414422,-0.0244331368497654,-0.0215431061706894
-7.25072300871618,-23.6858054760239,-2.64523499424123,-0.0879322967875961,-0.0476225910850945,-0.0155820947725882,-0.0211451504449549
-7.36033181516015,-23.6613016927382,-3.57614185386576,-0.0907059921838302,0.04210015417961,-0.0189028142601426,-0.0175963708938589
-7.42776146870859,-23.7598544077179,-2.03286545454779,-0.0445801202398364,-0.0895131994702554,-0.0228495333086034,-0.00903951550943916
-7.50348455563677,-23.8659379406194,-2.07779888905956,-0.0485559060434621,-0.0874203865714313,-0.0271671808847191,-0.0186631463301445
-7.61564153678661,-23.835840918161,-3.60953492408864,-0.0892498317446603,0.0451050721488152,-0.0229071494051798,-0.0150080496904081
-7.65362488117314,-23.7638859777083,-4.62164142595785,-0.0090623052889392,0.0995885265623007,-0.0289210390975914,-0.027633586109598
-7.75801875103722,-23.7260844254047,-3.77387065825937,-0.080668333841344,0.0590983918162031,-0.0237255360227273,-0.021296839512523
-7.7357872166135,-23.6555589005834,-5.12639969000685,0.040228441746277,0.0915514744538088,-0.0179969073225656,-0.0210259496325307
-7.66763520930504,-23.7273864331289,-6.86465397671787,0.0835656882021606,-0.0549251832523049,-0.0154136808936975,-0.0169023492932538
-7.71961623666391,-23.8426354208219,-8.15084674007938,-0.0292523880919151,-0.0956258217790571,-0.0227286392669566,-0.0196231659138668
-7.64807328875735,-23.897845287936,-6.56892963807401,0.0959452112659596,-0.0281871679160992,-0.0244022633593932,-0.0270226991980351
-7.67721233818011,-24.0242726063385,-7.88657435670505,-0.00325869525738547,-0.0999468904229616,-0.0258803541653787,-0.0264804279795108
-7.60901386082627,-24.0260274506592,-5.99081682838072,0.0957563916638102,0.0288221001234641,-0.0275579143099698,-0.0305769444442134
-7.634151587492,-23.9615545523843,-4.66708353271439,-0.00452899503911297,0.0998973883739495,-0.0206087316266181,-0.035424490099075
-7.75872259883429,-23.9852452129828,-3.22846989482659,-0.0996228545509472,0.00867679958975718,-0.0249481567913463,-0.0323674601882367
-7.8782144969309,-23.9710159393437,-3.58769816482962,-0.0902134237903061,0.0431455463290319,-0.0292784743062953,-0.0289162726898695
-7.95862142504236,-23.9149125186368,-4.07974239673918,-0.0591281204531352,0.0806465459376875,-0.0212788076583248,-0.0245431252308208
-8.06344220878071,-23.893557183588,-3.53072830780897,-0.0925237328572114,0.0379388831961009,-0.0122970508811395,-0.0165835481472918
-8.18018064985685,-23.8696337104699,-3.5421212622598,-0.0920855015415757,0.0389905168705988,-0.0246529395345725,-0.0150670437525129
-8.27741674920412,-23.942369827832,-2.52534455399961,-0.0816052709227168,-0.0577977487245827,-0.0156308284245466,-0.0149383686375408
-8.23087975090583,-23.8743542630218,0.908508562155576,0.0614922562204106,0.0788587498310959,-0.0149552579221197,-0.0108431850208994
-8.29731592169999,-23.8012603810832,2.11169467885757,-0.0514906308449328,0.0857246460196299,-0.0149455399492275,-0.0126307640810417
-8.22023311479186,-23.773628809656,0.491024002530205,0.0881850473995301,0.0471529152348253,-0.0111022404914003,-0.019521343807547
-8.24872989895192,-23.8920535789107,-1.63789293262206,-0.00670462728471001,-0.0997749867099622,-0.0217921568753567,-0.0186497825447454
-8.36799303722492,-23.8748747320953,-3.48000632056099,-0.0943282500697003,0.0331991150301946,-0.024934888203294,-0.016020268214838
-8.49817100950147,-23.9150869543732,-2.9391915249208,-0.0979586722427979,-0.0201022021785698,-0.0322193000337574,-0.0201100200992705
-8.57522547641811,-24.0190509278188,-2.04907212125229,-0.046024912832917,-0.0887789806132195,-0.031029554083716,-0.0151849928323848
-8.67762543003758,-24.0875896562848,-2.55599208217517,-0.0833380300388627,-0.0552699986361644,-0.0190619235806118,-0.0132687298299139
-8.75865529233009,-24.1701666550021,-2.24480216294316,-0.0624120857413653,-0.0781327815543032,-0.0186177765511388,-0.00444421716294485
-8.83326251041964,-24.2635537225267,-2.16156675757754,-0.0557001040009363,-0.08305117948762,-0.0189071140886163,-0.0103358880370159
-8.89149403940747,-24.3696512929343,-2.00961666642456,-0.0424871869263101,-0.090525349748503,-0.0157443420615166,-0.0155722206591129
-8.95276720950749,-24.4784331870379,-1.95497414901717,-0.0374797016823046,-0.0927106895767983,-0.0237934684177183,-0.0160712045268134
-9.06413344998711,-24.4930443416387,-3.18211132612975,-0.099917923088937,0.0040507586441651,-0.0114483173906788,-0.0186619132449479
-9.18462387084865,-24.5280700399422,-3.01922902851654,-0.0992522908070238,-0.0122058498089229,-0.0212381300545239,-0.0228198484945032
-9.20306216216627,-24.6562355723548,-1.50043988256869,0.00702984141811827,-0.0997526006159043,-0.0254681327357389,-0.0284129317967512
-9.29358761207577,-24.6089943833241,-3.93232419756535,-0.0703325472707913,0.0710867976096962,-0.0201929026387013,-0.0238456085789984
-9.32831277722303,-24.5284541553833,-4.61038076404831,-0.0101831397612554,0.0994801671922738,-0.0245420253860082,-0.0189399392514709
-9.27395192446298,-24.4840413855362,-5.61305864574272,0.0783743004616198,0.0621085262033463,-0.0240134477015701,-0.0176957563562006
-9.39137568399595,-24.487834053964,-3.21688454951007,-0.0997166903954805,0.00752207794242361,-0.0177070691374865,-0.0113147463702177
-9.38548189857168,-24.4068017272236,-4.93731639929682,0.0223035609927406,0.0974810297803788,-0.0164097755684764,-0.0164487030400196
-9.35023008327699,-24.3268654028644,-5.15393380630227,0.0427336640078964,0.0904092581567851,-0.00748184871320845,-0.0104729337976117
-9.38404843062168,-24.2465937764724,-4.56206421136304,-0.0149759246802584,0.0988722492915541,-0.018842422664429,-0.018600622899573
-9.49502432784527,-24.3022281273247,-2.78906580702734,-0.0938503264699405,-0.0345270360947125,-0.0171255707536506,-0.0211073147575682
-9.57547661625482,-24.2507727340194,-3.96960009798671,-0.0676344788664813,0.0736585179626871,-0.0128178095430638,-0.0222031246573131
-9.68260542817732,-24.237566423253,-3.36665902376645,-0.0974779297313302,0.0223171058897398,-0.00965088219117582,-0.00911079512341217
-9.78997641152532,-24.2232577957634,-3.39722695953535,-0.0967503100270098,0.0252859152430257,-0.0106206733209842,-0.0109772877533807
-9.84974949185104,-24.1517729403519,-4.25723244586651,-0.0439602917278443,0.0898192226152221,-0.0158127885978789,-0.0183343672037672
-9.91107199347241,-24.0834686671164,-4.23539098678124,-0.0459114334323889,0.0888377187920948,-0.0154110681889801,-0.0205334455565733
-9.91959812679791,-24.0023769327445,-4.83390437968791,0.0121216570772463,0.0992626084167732,-0.020647790402748,-0.0181708740448947
-9.98674247087145,-23.928544541354,-4.17780385018168,-0.0509484096091205,0.0860480072883811,-0.0161959344644185,-0.0122156158978903
-9.98990165395522,-23.8470092591099,-4.91191917327128,0.0198208866637099,0.0980159805943111,-0.0229800697474811,-0.0164806983502253
-9.92421531831622,-23.8106839093898,-5.76977340612246,0.0871073818578116,0.0491152117564141,-0.0214210462188067,-0.0127898620362927
-9.8416412780851,-23.8533619176127,-6.63445223111429,0.093893753363246,-0.0344087645718636,-0.0113197131321332,-0.0082692436510392
-9.76956688207984,-23.9076983020749,-6.79022030827191,0.087418811428768,-0.0485587418327689,-0.0153444154235043,-0.00577764262937919
-9.74952635158717,-23.8234639322143,-5.07002044963038,0.0350056546820114,0.0936728570092947,-0.0149651241893398,-0.00943848714873496
-9.80164904687584,-23.743335036339,-4.31679532545527,-0.0385356062428099,0.0922767958454297,-0.0135870890458651,-0.0121478999701239
-9.79692630727832,-23.6608960082423,-4.86800355082389,0.0154987272778887,0.0987916466750384,-0.0107759876803666,-0.016352618578356
-9.83399330612101,-23.5801962316634,-4.37933395146435,-0.0326931698440136,0.094504796944655,-0.00437382899866812,-0.0138050203656768
-9.94981401931939,-23.6118624060277,-2.93849838395438,-0.0979447150522217,-0.020170096512885,-0.0178759981461667,-0.0114960778514437
-10.0488119868043,-23.6679365481494,-2.67816057134133,-0.0894523556719142,-0.0447020812126836,-0.00954561181301727,-0.0113720609090535
-9.95785816280389,-23.7167148384518,-0.376335813067971,0.0930017520229859,-0.0367515186169911,-0.00204792802255227,-0.0120267716853952
-9.92317928132258,-23.8297882781703,-1.18164708222952,0.0379401406221582,-0.09252321724611,-0.00326125914084407,-0.0205502224723553
-9.97518506181873,-23.9367599247998,-2.02694923534399,-0.0440497634328928,-0.0897753771448841,-0.007956017063254,-0.0171962694846606
-9.96883734947937,-24.0585084969932,-1.46754632582265,0.0103066648213513,-0.0994674452283777,-0.00395895248199807,-0.0222811269649661
-9.89113691007987,-24.1222630639397,-0.562293161616321,0.0846034788598067,-0.0533127692473224,-0.00690303946029935,-0.0104417976992188
-9.85118641779116,-24.2273650104774,-0.984689606296234,0.0553121730222083,-0.0833100445058175,-0.015361680733502,-0.0217919020319286
-9.76832184817318,-24.244231972669,0.0325781392086938,0.0999469379355869,0.0032572376793761,-0.0170823683176078,-0.0201241998708817
-9.88071880846866,-24.2799155181914,3.34282169547985,-0.0979821664756162,-0.019987372332166,-0.0144147938198671,-0.0156961731903174
-9.87069139299637,-24.3951188296762,4.95567931762394,0.024089736344973,-0.0970550596456964,-0.014062320872684,-0.0181482518391114
-9.82603576174092,-24.4943433878521,5.32186910904965,0.0572441271197019,-0.0819945724441771,-0.0125884958642466,-0.0172299857316673
-9.94298184453031,-24.5156188317909,3.17612086750619,-0.099940396044181,-0.00345213535833132,-0.0170056867452075,-0.0178233085804287
-9.9995935726404,-24.4408400181928,2.00451587516213,-0.0420248852994576,0.0907408894356201,-0.0145868428106386,-0.0159620758375993
-10.0180562810586,-24.5501057709517,4.62089023017816,-0.0091371132058562,-0.0995816908987961,-0.00932559521230125,-0.00968406186004245
-9.93329040506211,-24.5225127973684,6.65821094263235,0.0930498232044442,0.0366296382949883,-0.00828394720798897,-0.00903666471169373
-9.84096630320537,-24.5651187167306,6.0037688668802,0.0961216544681328,-0.0275794768316748,-0.00379755261139536,-0.0150264425305799
-9.8932233549243,-24.6649050394278,4.19925650078878,-0.0490908701674404,-0.087121102301357,-0.00316618155149229,-0.012665220395796
-9.89160911366051,-24.5800039772268,1.54846755487359,0.00223269165431644,0.0999750723329408,-0.000618450390527769,-0.0150740101319471
-9.95722153800332,-24.6840005234656,4.10155659849967,-0.0573549521725497,-0.0819170889453753,-0.00825747217025707,-0.0220794572934224
-9.95201440903622,-24.7967935702607,4.92775491462243,0.0213704923120456,-0.0976898257667645,-0.0161633633449476,-0.0151032210283084
-10.0427864378305,-24.8636039240853,3.7049688891985,-0.0845456875752418,-0.0534043697877768,-0.00622634121908838,-0.013405984036897
-9.94701762317398,-24.8864702086977,6.18432164615219,0.099511696744813,-0.00987026904234963,-0.0037428820882397,-0.0129960155700601
-9.90408272083511,-24.9805766248535,5.3288618176517,0.0578160870438361,-0.0815922795302323,-0.0148811847049686,-0.0125141366255122
-9.86580214009174,-25.0852104679228,5.18913425526903,0.0458889810120188,-0.0888493186337328,-0.00760840026865139,-0.0157845244355777
-9.96917579425616,-25.0917254218781,2.97871516379657,-0.0986764760402635,0.0162158279552823,-0.00469717812415382,-0.0227307819106244
-10.0505667073251,-25.0570701090122,2.4417520419698,-0.076494485838232,0.0644095772097949,-0.00489642723069039,-0.0297542643438788
-9.95501531391159,-25.0935597538862,-0.0868564080045156,0.0996230352951092,-0.00867472412180475,-0.00407164188161246,-0.0278149207521672
-9.9904339699274,-25.2064920842101,-1.84709070939769,-0.0272792455562139,-0.0962072905859207,-0.00813941045960043,-0.0167250397380201
-9.90909523528567,-25.2570828543895,-0.286727533805574,0.0959174511903359,-0.0282814878878311,-0.0145787165486055,-0.0223092822915305
-9.95419946713,-25.1920466865427,2.07289762526352,-0.0481268541699915,0.0876573209019097,0.00302262232565731,-0.0226211530551055
-9.98720815585955,-25.3060085193491,4.42967242728529,-0.0278965383777827,-0.0960301158311126,-0.00511215035176171,-0.0179317169752942
-10.0973940660094,-25.2996391662933,2.90718856647808,-0.0972652922784611,0.0232263410373983,-0.0129206178714085,-0.0168569879815692
-10.1787279909024,-25.393542575698,3.97489927161031,-0.0672432017899277,-0.0740158889228459,-0.0140907231030472,-0.0198875204818627
-10.282131450889,-25.4471824884108,3.5996042795241,-0.0896933460516188,-0.0442165542988659,-0.0137101139350353,-0.00942335841391539
-10.1902379599037,-25.498582142525,5.93706220301175,0.0940695029069795,-0.033925338949431,-0.00217601192161432,-0.0174743151647938
-10.1368759157769,-25.4406302866007,7.21164782368963,0.0599065752629631,0.0800699833911743,-0.00654453113615183,-0.0221181274668467
-10.1799850268797,-25.3797317990335,8.22721396354444,-0.036462712689627,0.0931153616935128,-0.00664639841321524,-0.0322168741263305
-10.1832445194858,-25.313637887568,7.82051675189739,0.00334586362158981,0.0999440103089011,-0.00660535622768421,-0.033850098843466
-10.2901721399463,-25.3936496820023,9.937434575423,-0.0871444530603991,-0.0490494067324356,-0.0197831674000675,-0.0309623877017735
-10.3276978162947,-25.5169177602964,10.7432463563271,-0.0249658848336508,-0.0968333857431046,-0.0125597915147857,-0.0264346925510175
-10.4190473894033,-25.4771422205116,8.8152362999216,-0.0819910499328597,0.0572491723163516,-0.0093585231757185,-0.0174736325315621
-10.3850426551345,-25.4068157819099,7.36066211588723,0.0473552209717149,0.0880765749034331,-0.0133504867029171,-0.0177501363017605
-10.3040735631185,-25.4700223848222,5.87177279709785,0.0916556868396802,-0.0399904372312492,-0.0106865948236603,-0.0232161656810526
-10.2447827764876,-25.5565377841459,5.51952840626954,0.0722311852313297,-0.0691567486228014,-0.0129403986004846,-0.017358650700853
-10.2654201663693,-25.6751823813792,4.54237458373501,-0.0169196538168082,-0.0985582331148411,-0.00371773606487658,-0.0200863641184945
-10.2608061902883,-25.786433208011,4.90375751467543,0.0190202624170843,-0.0981744855733161,-0.0144062863360759,-0.0130763410584613
-10.2355917999185,-25.8953694553124,5.18955699891869,0.0459265373956689,-0.0888299114197702,-0.0207121470258844,-0.0201063358816533
-10.212140220512,-26.0055776946009,5.17033905682844,0.0442110336353597,-0.089696067388114,-0.0207594542288589,-0.0205121719004104
-10.1280749633052,-26.032041238419,6.21184662850206,0.0997456475447079,-0.00712781845215676,-0.0156803903378542,-0.0193357253659094
-10.1045975730766,-26.1407246893429,5.17337397639074,0.0444830499591061,-0.0895614775801274,-0.0210056597305073,-0.0191219733437435
-10.0393666581546,-26.1074799907058,6.83747650552521,0.0850273725026612,0.0526340757047533,-0.0197964575806662,-0.0193893770677178
-10.0865568811985,-26.2283643938547,4.43568881605366,-0.0273182824699022,-0.0961962132461286,-0.0198719405740491,-0.0246881899027755
-10.0867655252211,-26.3555596785081,4.949042580174,0.0234450815947503,-0.0972127982778785,-0.0236537256173346,-0.0299824863754701
-10.0251948279699,-26.4155123059511,5.91851456939878,0.0934241240443523,-0.035664170347079,-0.031853426793127,-0.024288457095917
-10.0434334219915,-26.5318441867075,4.72191177459309,0.00095226502821622,-0.0999954658537878,-0.0191908590498304,-0.0163364149026499
-10.1534667510553,-26.551872233711,3.18639324823654,-0.0998996621199396,-0.004478560965523,-0.0101336669438883,-0.0155494860379193
-10.0899015640912,-26.6425054028832,5.59373821553541,0.0771597843818114,-0.063611065658047,-0.0135945974176988,-0.0270221035141596
-10.1759592011567,-26.6049638515693,2.41182427009325,-0.0745328840368719,0.0666697022428195,-0.0115247530285725,-0.0291281509289405
-10.2893341522194,-26.6446157327888,3.23815045844728,-0.0995341915950454,-0.00964078334580753,-0.0138407594677137,-0.0300110978737145
-10.212215088937,-26.6909518594258,6.02866353893338,0.0967783816793126,-0.0251782612492065,-0.0196593183968705,-0.0211578653878206
-10.2543294546217,-26.6141239334023,8.1362270095775,-0.0278512880532725,0.0960432493919986,-0.0142630776314618,-0.0192153233684955
-10.1889495794191,-26.6989170105049,5.62852236454085,0.0793253204656759,-0.0608891906089892,-0.0139454452630972,-0.0239038864935921
-10.215230357285,-26.8008175559666,4.61517841319426,-0.00970575345834419,-0.0995278772495719,-0.0165750244075618,-0.00237266821211435
-10.1296450535759,-26.8468195031353,6.01209531227068,0.096347958799273,-0.0267781783400888,-0.0107626550901525,-0.0192237688286241
-10.086916378894,-26.9455975508646,5.41783815891807,0.0648375863709841,-0.0761320392054828,-0.0221089116891022,-0.0226460085238358
-10.1073943105729,-26.8682320796612,7.85929969212473,-0.000531803308296161,0.0999985859162083,-0.0199461283705311,-0.0226331147127397
-10.0849259207156,-26.7943005798934,7.41981311275903,0.0420656212580516,0.0907220122581844,-0.0195972314007875,-0.0167905124903918
-10.1804951023645,-26.7597113830541,8.77992479365514,-0.079918803403002,0.0601081097908786,-0.0156503782458781,-0.0255189129516253
-10.2654885591096,-26.7093159269694,8.65932415021768,-0.0721068002567815,0.0692864298165854,-0.0128866564883428,-0.0188909737318355
-10.381481087183,-26.6909949902442,9.07192398924431,-0.0938390267932537,0.0345577350313214,-0.0221535012801102,-0.0162367983061245
-10.457443369828,-26.6196379527547,8.44393032593516,-0.0556318388243449,0.0830969223799661,-0.0203304438206757,-0.0117398848904777
-10.3731703872473,-26.6482387926422,12.3380591068366,0.0974049945191521,-0.0226333170950248,-0.0131320119384579,-0.00596752279246715
-10.2823219665519,-26.6711121182724,12.4017824207484,0.098648591186315,-0.0163846103693465,-0.00780017049096493,-0.00648871526084704
-10.328331165427,-26.5859569903565,14.4266541142853,-0.028546077431866,0.0958390393485552,-0.0174631214432033,-0.0106839114326647
-10.4449834155435,-26.6110168010974,15.7568746163806,-0.0998804078444741,-0.00488918488313851,-0.0167718422720284,-0.0201706258577516
-10.5217593159808,-26.6931570547445,16.3669847976139,-0.0790591769882317,-0.061234357463302,0.00228327655092109,-0.0209058961838693
-10.5200123481345,-26.8110118871411,17.3809457639455,0.0102008423807112,-0.0994783534982555,-0.00845387453439095,-0.0183764788983041
-10.5344171629592,-26.9133428698177,17.176634144261,-0.0101948021637411,-0.0994789726969583,-0.00421001266098209,-0.00285200997966584
-10.4881121050907,-26.9992877705403,17.8589310912948,0.0548167379191607,-0.0836368653400045,-0.00851168005059932,-0.00230803538256197
-10.4167170733708,-27.0685935129099,18.1896752077016,0.0790065362233383,-0.0613022612469584,-0.00761150450342996,-0.00800348112266036
-10.4994232721064,-27.1449733232636,16.4169682701777,-0.0759010073635979,-0.0651078880105249,-0.00680519137202218,-0.0112719223431874
-10.4780039995715,-27.2496888850556,17.5247497608163,0.0243516802791791,-0.0969896678393149,-0.00293240774425918,-0.00772589395267786
-10.5163922141828,-27.3535058324661,16.9371987691284,-0.0334958160957806,-0.094223300218564,-0.00489239851557599,-0.00959364719194511
-10.4284497661094,-27.3701782878608,18.8129449618534,0.0999329893669249,-0.00366027815747226,-0.0119905412935477,-0.0130121772372185
-10.3465022645502,-27.4059380167042,18.7465973108975,0.0994704442680017,-0.0102776805324141,-0.0175229427087995,-0.0254820483109341
-10.4585384970203,-27.4018178813418,15.5385789423512,-0.0985688741349215,0.0168575517728405,-0.0134673583351468,-0.0127374164105234
-10.4056832302324,-27.4982609363304,18.0348797224387,0.0686103995700742,-0.0727503475650444,-0.0157551327821359,-0.0236927074234643
-10.3116504445595,-27.5352915910812,18.7760444754456,0.0997299250197849,-0.00734452554955544,-0.00569713934689986,-0.0296861292012593
-10.3323141868417,-27.6641961458979,17.0433646988614,-0.0233227009256327,-0.0972422316770522,0.0026589586433694,-0.0316623231397095
-10.3715970045282,-27.7874570927955,16.9050414932467,-0.0365079412144145,-0.0930976381455773,-0.00277487647202612,-0.0301633087519875
-10.3736468997362,-27.7197069960939,14.1703335099524,-0.00331604884774682,0.0999450039773843,0.00126615363972959,-0.0321949072758372
-10.4315344732806,-27.6629890929454,14.7635113814386,-0.0586187035311836,0.081017575848227,0.000731129986732526,-0.0242996726996516
-10.5309618879867,-27.6786192800572,15.6452838666025,-0.0998036289353441,0.00626383679035114,0.000376214229333982,-0.0218940239021954
-10.5794904163037,-27.6059967714585,14.5574247305365,-0.0407995824142081,0.0912983793658258,-0.00772894590286199,-0.0186758707670798
-10.6760817218118,-27.5775831823459,15.2343392309486,-0.0889921160368888,0.0456114380750807,-0.00759918947117377,-0.0171978489624713
-10.781328334409,-27.5856287200304,15.6612847852461,-0.0998910757425302,0.00466615334082548,-0.00535553685468138,-0.0127116910253555
-10.8391209369769,-27.6931041193177,16.7600679318965,-0.0495744312826843,-0.0868468523493996,-0.00821817128523605,-0.0206285469379281
-10.7921114887798,-27.8002669028914,17.8082444496774,0.0505088803341042,-0.0863067379026409,-0.00349943213699078,-0.0208560456710032
-10.7412099739101,-27.9051691511715,17.8536712236092,0.0543760628184208,-0.083924035844132,-0.00347454794868085,-0.020978212436038
-10.847034792691,-27.9553997564785,15.9589167518608,-0.0968676085617118,-0.0248327689059232,-0.00895721021925056,-0.0253978364010017
-10.8733563752697,-27.8761656127026,14.3861042817433,-0.0246374195855311,0.0969174780737019,-0.00168416299309371,-0.0176833342978142
-10.9699289314387,-27.9239766699052,15.9392808653243,-0.0973365167332741,-0.0229260225558871,0.000763960564238886,-0.0248850346467613
-11.0408160312855,-28.0125836602422,16.5489057576395,-0.0666760711032338,-0.074527186598157,-0.00421102874360635,-0.0140798037388699
-11.0231016523215,-28.1289642451919,17.4498579087535,0.0170264728364766,-0.0985398357150484,0.000687906127565086,-0.0178407492345762
-10.9779166349532,-28.063774973474,19.8793166712754,0.0515023939242637,0.0857175794109351,-0.00631737655595899,-0.0205283076930627
-11.0132542214223,-27.9956521260768,20.7198240083403,-0.0295015518513553,0.0955492461422998,-0.00583603461777571,-0.0274263987450958
-11.0226820407526,-27.9232601214278,20.4777244382808,-0.00573407210475912,0.0998354667295016,-0.00369374722555804,-0.0274434620804769
-11.0699500649591,-27.8591050906532,20.8222056273311,-0.0391124747604543,0.09203376727111,-0.00815554944596286,-0.027878736496568
-10.9973803563106,-27.8290411401507,19.3762850582118,0.086445598264581,0.050270851799812,-0.0138758896161058,-0.0202069012972537
-10.9037639821829,-27.8376533483723,18.9752016950735,0.0992116948706808,0.0125315442339298,-0.00559532074298552,-0.0211437524555329
-10.8128657079368,-27.8334853990846,19.2148394150596,0.0934022530816663,0.0357214098163601,-0.00250397883561781,-0.0315534605286665
-10.7767827673887,-27.9567963522485,24.0177844477024,0.0440216290097243,-0.0897891762927481,-0.00793868846164081,-0.0335217768711757
-10.7765363780186,-28.0739651217347,23.7716202435187,0.0208142362908993,-0.0978098541437754,-0.0205678469207928,-0.0193589153423943
-10.7362762148532,-28.1838646869904,24.0775149557413,0.0493030882670811,-0.0870011809536423,-0.00904292510166904,-0.0228983843020529
-10.6621471626049,-28.1521625598269,25.6902428101499,0.0848579590770714,0.0529067744364942,-0.010728906828696,-0.021204647272981
-10.6502879920652,-28.0806510119962,26.4626619501423,0.0238553043944753,0.0971129468827248,-0.0119961338548311,-0.0256013990520465
-10.6239792458902,-28.0140302671484,26.2754408249973,0.0415140041656826,0.0909757520338891,-0.0152052579906634,-0.0243550071860916
-10.6182888565506,-27.9448657539812,26.5303410744241,0.0172331882462489,0.098503894455343,-0.0115427989066905,-0.029339381288171
-10.6629797967523,-28.0759948685392,29.5603423825901,-0.0280953830209104,-0.0959721285212969,-0.0165955571807395,-0.035156986036661
-10.6506588506351,-28.2027437981424,30.1795945641948,0.0328263254159935,-0.0944586277673104,-0.0205053792987897,-0.0322903018359035
-10.6367136507288,-28.329054866465,30.1011854137843,0.0253266350852179,-0.0967396586476312,-0.0113814351789241,-0.0295714096750253
-10.7161824402557,-28.4289560879619,29.1018754202109,-0.0676687895064403,-0.073626998626408,-0.011800000020445,-0.0262742228704873
-10.7338030310693,-28.3572723914452,26.7511958105963,-0.00476402160256434,0.0998864560296855,-0.0128565692110207,-0.0282027595129577
-10.725349280155,-28.2784040620396,26.4222353157605,0.0277606938480881,0.0960694742208612,-0.0193069429338699,-0.0172011448152674
-10.7917661453532,-28.2120160643168,27.2561301104672,-0.0524895686549161,0.0851166563160281,-0.0139272965432973,-0.0187286585931901
-10.8286281275059,-28.1389265260512,26.9258795574834,-0.0220514576248986,0.0975383679206152,-0.0148105245277126,-0.0244488296550962
-10.8871996659559,-28.2525897996723,29.4615581505913,-0.0374235340378298,-0.0927333764084938,-0.0211480044122183,-0.0209298972126
-10.8137504030598,-28.2934616093969,31.2609733931575,0.098801876351798,-0.0154333803608936,-0.0253526134557109,-0.0254384293636676
-10.7581114699405,-28.2483284578147,32.2674945342032,0.0658804328642392,0.0752314333614645,-0.0102414997448967,-0.0300982817792992
-10.8562957388977,-28.2099795321181,33.9256425413674,-0.0806920468700014,0.0590660102929722,-0.0174922220871849,-0.0207170845963809
-10.9618357948928,-28.1755161909775,33.9765856069827,-0.083595065990931,0.0548804604752173,-0.0219449900041671,-0.0204171193345744
-11.0468623767719,-28.1280548844275,33.7098107724579,-0.0661703032859094,0.0749766027708029,-0.0188562785932476,-0.0275152962207841
-11.1613012922112,-28.1227067503309,34.3274923980522,-0.0973660286810823,0.022800360937377,-0.0170728867582337,-0.0174522268407848
-11.2042363866474,-28.2339684892206,35.9087298789877,-0.0217825228850805,-0.0975987791765909,-0.0211525715510934,-0.0136629597131304
-11.3151849829071,-28.2929097764495,35.0013262640326,-0.0903123527197607,-0.0429380827031381,-0.0206362435399505,-0.0160032045257985
-11.361558945186,-28.2116556873226,33.1908586010984,-0.0202720919175538,0.0979236554121947,-0.0261018703613178,-0.0166695662852909
-11.2866227238324,-28.1963918242917,31.8356362695764,0.0913207260971485,0.040749539691751,-0.0163845047435291,-0.0254856766608142
-11.3540856214471,-28.1472395981586,33.5635934951016,-0.0545403658575287,0.0838173519751544,-0.0129225317572281,-0.0346651258420039
-11.3649998285679,-28.0835085478428,33.0163211088569,-0.00295939247322864,0.0999562003889173,-0.00795481464751546,-0.0362251500731787
-11.4402254216115,-28.025989572301,33.6300868063992,-0.0599890262286511,0.0800082291526203,-0.0152365668149734,-0.0224892536107859
